UserId,Reputation,AccountAgeDays,PreAnsCount,LastAnswerAfter,PostAnsTotal,Ans_0_3,Ans_3_6,Ans_6_12
"22","19744","5234","5","","0","0","0","0"
"33","30748","5234","13","2024-01-22 15:09:48","9","3","2","4"
"267","394414","5231","33","2023-04-14 10:54:26","2","2","0","0"
"414","15847","5230","7","2023-04-05 18:08:50","4","4","0","0"
"476","525454","5229","110","2024-01-26 02:37:03","63","24","15","24"
"609","14552","5228","10","2023-07-19 03:15:44","1","0","1","0"
"893","1006407","5225","6","2023-09-13 21:32:36","1","0","0","1"
"900","27203","5225","5","2023-02-09 18:21:57","1","1","0","0"
"1109","133210","5223","31","2023-07-28 12:35:35","1","0","1","0"
"1199","244200","5222","11","2023-12-28 17:07:44","4","1","1","2"
"1288","407795","5221","99","2023-06-12 17:17:59","10","8","2","0"
"1338","89592","5221","210","2024-01-23 03:05:38","109","28","32","49"
"1441","28660","5220","8","","0","0","0","0"
"1527","49577","5219","11","2023-12-16 11:55:21","13","4","2","7"
"1831","125724","5217","12","","0","0","0","0"
"1882","34142","5216","196","2024-01-17 14:50:52","139","41","52","46"
"1968","550439","5216","120","2024-01-23 22:34:47","74","27","23","24"
"2283","18138","5214","15","","0","0","0","0"
"2517","11630","5213","32","2023-09-02 13:30:22","9","7","1","1"
"2684","27334","5211","35","2023-09-28 10:47:06","10","4","4","2"
"2688","156968","5211","8","2023-10-18 13:08:37","5","2","0","3"
"2788","51771","5210","10","","0","0","0","0"
"2988","371487","5209","112","2024-01-22 08:28:30","41","10","10","21"
"2998","52820","5209","55","2024-01-22 10:54:50","45","5","11","29"
"3043","418880","5209","413","2024-01-31 21:35:35","423","131","99","193"
"3408","28382","5207","8","2023-05-17 08:45:26","1","0","1","0"
"3434","35096","5207","5","","0","0","0","0"
"3474","270885","5207","74","2023-09-25 21:20:57","11","7","1","3"
"3501","102623","5207","394","2023-12-26 15:24:59","39","9","15","15"
"3797","20134","5205","18","2023-11-19 01:44:19","15","6","4","5"
"3848","115937","5204","7","2023-08-13 08:41:43","8","6","1","1"
"3937","89417","5203","29","2023-06-09 11:18:38","4","3","1","0"
"3978","53539","5203","9","2023-02-02 13:07:57","1","1","0","0"
"4035","37187","5203","8","","0","0","0","0"
"4086","101188","5203","7","2023-06-11 12:45:22","2","0","2","0"
"4280","33285","5202","13","2023-11-07 19:28:31","1","0","0","1"
"4304","29620","5202","13","2024-01-18 02:16:36","10","2","3","5"
"4323","252763","5202","108","2024-01-29 18:22:07","56","27","15","14"
"4411","10582","5201","5","","0","0","0","0"
"4418","33583","5201","76","2024-01-09 20:49:28","51","24","13","14"
"4489","17049","5200","8","2023-07-28 21:07:05","2","0","2","0"
"4494","16414","5200","7","2023-02-24 21:13:32","1","1","0","0"
"4509","18069","5200","10","2024-01-11 20:18:01","5","0","1","4"
"4510","27407","5200","35","2023-12-11 09:07:45","19","7","4","8"
"4665","19934","5199","51","2023-11-09 04:04:07","23","12","6","5"
"4725","147722","5199","9","2023-09-23 23:03:06","1","0","0","1"
"4794","56836","5199","8","2023-10-16 05:19:20","6","1","1","4"
"4834","39664","5199","270","2024-01-29 21:46:58","69","11","18","40"
"5050","12071","5197","33","2023-05-15 09:10:45","5","4","1","0"
"5274","70830","5196","6","2023-12-15 16:02:56","2","0","1","1"
"5295","31908","5196","9","2023-12-11 03:53:20","22","8","7","7"
"5821","45621","5193","10","2023-10-17 08:01:08","6","2","0","4"
"5921","36166","5193","19","2024-01-23 18:20:39","22","5","2","15"
"5987","310449","5193","166","2024-01-23 21:37:51","79","25","18","36"
"6068","290022","5192","7","2023-09-01 20:00:36","4","0","3","1"
"6144","63854","5192","6","2023-11-24 19:33:30","3","0","1","2"
"6216","35356","5191","15","2024-01-04 14:18:10","5","1","0","4"
"6244","11290","5191","5","2023-10-31 07:32:34","21","3","1","17"
"6264","35090","5191","10","2023-12-08 22:29:12","3","1","0","2"
"6309","1370806","5191","2205","2024-01-31 23:47:48","260","197","35","28"
"6509","171819","5189","58","2024-01-06 19:32:55","38","8","8","22"
"6560","18728","5189","9","2024-01-29 12:34:49","7","1","0","6"
"6568","48290","5189","14","","0","0","0","0"
"6610","41825","5189","16","2023-09-22 15:44:18","1","0","0","1"
"6742","52516","5189","25","2023-05-30 18:15:42","1","0","1","0"
"7231","69572","5189","52","2024-01-14 17:34:37","26","9","6","11"
"7426","47376","5189","29","2023-11-28 20:15:46","13","4","2","7"
"7432","389078","5189","546","2024-01-25 18:12:54","313","108","100","105"
"7488","43009","5189","6","2023-09-18 16:35:46","2","0","1","1"
"7491","40529","5189","10","2023-10-02 14:24:39","3","1","1","1"
"7532","49708","5189","15","2024-01-16 15:01:39","9","1","2","6"
"7552","249264","5189","423","2024-01-22 22:15:49","132","22","60","50"
"7586","138705","5189","6","2023-03-02 22:39:40","1","1","0","0"
"8116","24094","5189","43","2024-01-30 23:02:16","20","5","4","11"
"8127","14885","5189","173","2023-12-01 03:39:58","33","0","8","25"
"8261","15590","5189","6","2023-04-19 13:51:01","2","2","0","0"
"8279","79823","5189","5","","0","0","0","0"
"8427","74125","5189","6","","0","0","0","0"
"8446","92744","5189","33","2023-10-18 09:37:47","7","3","1","3"
"8454","94331","5189","117","2024-01-17 18:32:33","7","1","3","3"
"8479","42267","5189","26","2024-01-25 08:12:21","1","0","0","1"
"8922","74583","5189","21","2024-01-19 14:41:22","38","11","8","19"
"8976","26551","5189","20","","0","0","0","0"
"9204","171721","5189","39","2023-12-14 09:59:20","21","13","3","5"
"9476","23884","5189","6","","0","0","0","0"
"9604","11746","5189","11","2023-11-22 21:08:49","13","5","4","4"
"9636","32424","5189","6","2023-05-12 05:12:06","2","0","2","0"
"9642","20674","5189","8","2024-01-10 18:48:26","5","2","1","2"
"9664","38526","5189","34","2023-05-01 20:14:54","2","1","1","0"
"9922","47121","5189","160","2024-01-30 19:17:10","112","40","30","42"
"10077","62402","5189","5","","0","0","0","0"
"10238","42218","5189","80","2023-12-18 21:30:42","31","12","9","10"
"10335","40611","5189","24","2023-10-03 22:21:19","7","2","4","1"
"10397","232752","5189","69","2024-01-23 16:41:52","23","5","7","11"
"10508","15353","5189","27","2023-11-26 22:14:53","19","10","4","5"
"10527","50278","5189","736","2024-01-31 05:38:32","580","211","179","190"
"10639","15903","5188","5","2024-01-23 15:29:56","1","0","0","1"
"11002","11635","5188","106","2024-01-30 04:12:32","67","25","29","13"
"11047","14882","5188","27","2023-12-21 17:31:44","23","5","7","11"
"11182","64105","5188","91","2024-01-29 17:51:30","60","34","5","21"
"11197","17773","5188","5","2024-01-31 02:18:26","5","1","0","4"
"11432","39661","5188","5","2023-03-11 05:56:38","2","2","0","0"
"11439","28701","5188","5","","0","0","0","0"
"11527","42090","5188","20","2024-01-08 16:01:12","8","3","0","5"
"11635","62305","5188","19","2024-01-18 08:48:52","13","4","3","6"
"11683","78994","5188","13","2024-01-23 00:51:33","16","6","4","6"
"11799","23452","5188","9","2024-01-30 09:51:34","7","2","0","5"
"12484","27266","5188","13","2023-06-27 19:57:40","2","1","1","0"
"12534","18643","5188","9","2023-11-07 13:55:20","7","2","1","4"
"12597","259916","5188","52","2024-01-19 21:19:08","25","7","9","9"
"12631","24670","5188","5","2024-01-29 15:46:55","11","2","6","3"
"12704","24588","5188","6","2023-10-26 08:56:08","1","0","0","1"
"12725","103949","5188","28","","0","0","0","0"
"12943","62967","5188","8","2023-05-04 16:05:57","1","0","1","0"
"12958","13755","5188","8","2023-05-19 01:27:21","3","1","2","0"
"12960","273531","5188","8","","0","0","0","0"
"13022","20644","5188","5","2023-04-10 01:08:04","2","2","0","0"
"13070","203621","5188","574","2024-01-30 13:26:06","511","132","137","242"
"13279","63344","5188","17","2024-01-08 05:22:40","7","2","2","3"
"13302","760925","5188","95","2024-01-11 19:27:39","48","15","14","19"
"13313","39623","5188","6","2023-11-17 16:23:43","2","1","0","1"
"13317","25874","5188","10","2023-12-04 16:57:05","12","4","3","5"
"13365","16784","5188","7","2024-01-10 14:27:07","4","1","1","2"
"13433","19712","5188","9","2024-01-04 08:10:50","9","2","2","5"
"13447","48281","5188","76","2024-01-29 07:02:43","50","13","11","26"
"13508","147541","5188","78","2024-01-24 09:28:09","76","27","11","38"
"13564","32194","5188","8","2023-12-06 21:18:25","10","4","3","3"
"13687","25298","5188","26","2024-01-19 19:15:30","23","4","7","12"
"13744","52897","5188","5","2023-11-23 14:02:09","26","8","4","14"
"13860","80736","5188","15","2023-10-03 10:19:08","17","6","8","3"
"14065","267212","5188","40","2023-12-06 22:45:03","20","7","5","8"
"14104","207848","5188","306","2023-12-05 19:03:52","139","71","44","24"
"14122","298357","5188","301","2024-01-29 14:07:15","204","72","49","83"
"14131","22565","5188","5","2024-01-31 00:43:53","3","0","0","3"
"14343","378860","5188","30","2023-11-19 12:24:45","7","1","2","4"
"14357","121082","5188","66","2023-11-10 16:46:58","21","7","2","12"
"14419","67799","5188","262","2024-01-31 12:56:34","98","23","24","51"
"14455","18275","5187","6","","0","0","0","0"
"14558","35439","5187","8","2023-12-31 15:29:10","1","0","0","1"
"14637","183735","5187","224","2024-01-08 12:04:57","45","10","19","16"
"14660","167658","5187","322","2024-01-31 02:12:54","102","41","6","55"
"14731","91020","5187","10","2023-12-29 00:09:28","9","2","5","2"
"14768","43754","5187","85","2024-01-18 04:13:34","44","7","13","24"
"14860","890714","5187","96","2024-01-24 07:10:56","86","26","28","32"
"14955","264019","5187","5","","0","0","0","0"
"15168","761286","5187","254","2024-01-20 15:47:45","91","44","10","37"
"15275","22913","5187","50","2024-01-22 20:30:30","49","15","17","17"
"15371","26183","5187","5","","0","0","0","0"
"15394","11459","5187","11","2023-06-13 10:46:58","3","2","1","0"
"15410","22494","5187","5","2024-01-22 11:29:50","3","1","0","2"
"15416","181945","5187","211","2024-01-23 14:11:58","53","7","8","38"
"15461","15321","5187","8","2023-08-03 18:51:37","1","0","0","1"
"15472","18060","5187","36","2024-01-20 12:16:50","9","3","2","4"
"15498","241132","5187","24","2024-01-18 10:09:18","5","2","0","3"
"15613","11452","5187","5","","0","0","0","0"
"15625","35909","5187","13","2023-12-31 15:00:14","4","0","0","4"
"15754","16584","5187","11","2023-11-14 16:26:23","10","4","4","2"
"15809","135509","5187","23","2024-01-31 19:27:09","34","6","7","21"
"15862","24270","5187","12","2024-01-22 11:10:04","7","2","2","3"
"16007","72395","5187","67","2024-01-14 09:00:44","38","9","9","20"
"16076","301775","5187","7","2024-01-10 02:20:12","2","0","0","2"
"16287","65985","5187","71","2024-01-02 17:29:27","26","12","7","7"
"16361","14161","5187","5","","0","0","0","0"
"16406","127709","5187","209","2024-01-30 04:19:09","135","41","37","57"
"16582","21096","5187","175","2024-01-29 22:09:56","187","50","59","78"
"16673","34718","5187","7","2023-09-09 08:45:07","4","2","1","1"
"16940","147296","5187","36","2024-01-05 05:44:50","48","12","21","15"
"17300","14859","5186","15","2023-10-27 00:10:10","5","1","2","2"
"17389","99324","5186","167","2024-01-31 21:20:26","63","27","21","15"
"17447","55584","5186","43","2024-01-25 15:29:31","19","1","1","17"
"17833","95507","5186","8","2023-06-09 20:16:43","14","11","3","0"
"18097","16026","5186","5","2024-01-16 21:34:23","3","1","1","1"
"18122","83631","5186","7","2023-12-06 09:23:14","7","4","0","3"
"18157","87098","5186","38","2024-01-12 00:40:22","13","4","4","5"
"18243","48483","5186","12","2024-01-17 13:18:14","14","6","1","7"
"18627","88189","5185","552","2023-12-09 12:19:46","369","134","128","107"
"18747","133390","5185","5","2023-05-31 10:41:51","2","0","2","0"
"18771","339734","5185","108","","0","0","0","0"
"19068","949298","5185","1330","2023-11-12 21:46:18","545","177","166","202"
"19165","30041","5185","54","2023-11-04 23:21:39","12","8","1","3"
"19410","97351","5184","6","2023-12-21 20:09:33","4","0","2","2"
"19818","13464","5183","10","2023-02-02 19:41:48","1","1","0","0"
"19937","19020","5183","18","2023-12-13 12:35:12","28","5","10","13"
"20047","26912","5183","10","","0","0","0","0"
"20270","36782","5182","14","2023-07-13 10:23:38","4","2","2","0"
"20382","26836","5182","7","","0","0","0","0"
"20479","36151","5182","11","2023-12-14 14:44:29","7","0","0","7"
"20553","25547","5182","7","2024-01-28 15:13:34","16","3","6","7"
"20654","200099","5182","33","2024-01-19 19:46:12","5","0","3","2"
"20712","24494","5182","6","2023-09-22 16:19:30","3","2","0","1"
"20860","568659","5181","1026","2024-01-31 21:31:27","446","221","54","171"
"20869","10224","5181","13","2023-02-04 02:50:21","1","1","0","0"
"20977","20628","5181","10","","0","0","0","0"
"21115","18190","5181","9","2024-01-23 20:30:01","6","1","2","3"
"21501","25340","5180","9","2024-01-28 10:07:50","7","3","1","3"
"21567","49652","5180","27","2023-07-14 09:57:59","10","6","4","0"
"21698","27013","5180","13","2023-11-08 13:14:34","6","3","0","3"
"21974","53183","5179","21","2024-01-02 23:31:22","17","11","2","4"
"22147","36672","5179","21","2024-01-31 07:13:28","7","3","0","4"
"22194","23244","5179","13","2024-01-09 16:37:39","4","2","0","2"
"22237","20106","5179","9","2024-01-03 11:57:43","4","2","1","1"
"22483","44993","5178","96","2024-01-28 16:32:59","164","25","59","80"
"22656","1527420","5178","203","2024-01-30 10:12:19","144","48","49","47"
"22820","17472","5178","6","2024-01-14 06:42:10","7","2","0","5"
"22982","59794","5177","19","2024-01-30 07:13:34","33","5","9","19"
"23028","25322","5177","6","2023-06-14 13:40:16","2","0","2","0"
"23118","28650","5176","36","2024-01-29 20:21:11","65","38","3","24"
"23235","14296","5176","10","2023-12-06 18:57:40","18","4","11","3"
"23264","29905","5176","5","2023-06-16 13:07:58","5","4","1","0"
"23354","1072321","5175","178","2024-01-31 11:35:17","192","80","22","90"
"23528","191995","5175","54","2024-01-11 15:00:00","17","7","1","9"
"23567","31195","5175","19","2023-11-17 19:31:18","7","2","1","4"
"23574","33560","5175","6","2023-03-20 14:02:14","3","3","0","0"
"23633","28362","5174","31","2024-01-06 22:25:50","18","8","3","7"
"23649","119539","5174","22","2023-11-15 04:17:43","7","3","1","3"
"23669","15247","5174","13","2023-04-29 19:13:17","2","2","0","0"
"23852","36318","5174","54","2024-01-27 04:47:48","90","21","17","52"
"23915","18824","5174","6","2023-11-02 15:08:52","6","0","3","3"
"24054","104344","5173","42","2023-04-07 09:03:58","1","1","0","0"
"24718","44188","5171","31","2023-10-23 08:29:20","3","0","1","2"
"24874","313776","5171","15","2024-01-25 00:29:19","18","10","0","8"
"25071","28846","5170","43","2023-10-25 07:23:15","8","5","0","3"
"25124","42953","5170","25","2023-10-16 09:18:08","18","5","8","5"
"25197","27260","5170","15","2023-08-25 19:23:19","6","0","1","5"
"25216","45536","5169","5","2023-08-21 00:10:47","4","0","2","2"
"25324","109767","5169","59","2023-11-15 16:07:52","13","0","1","12"
"25507","58807","5168","10","2024-01-30 19:22:44","43","13","11","19"
"25714","35457","5167","6","","0","0","0","0"
"26004","37255","5166","34","2023-09-25 18:40:16","7","6","0","1"
"26051","54743","5166","6","2023-10-19 10:19:57","1","0","0","1"
"26095","62872","5166","16","2023-12-14 14:43:55","1","0","0","1"
"26133","28120","5166","13","2023-06-24 00:25:42","5","4","1","0"
"26286","27635","5166","7","2024-01-10 21:01:47","5","1","1","3"
"26406","48211","5165","28","","0","0","0","0"
"26428","364956","5165","9","2023-07-06 12:51:04","1","0","1","0"
"26510","73662","5165","18","2023-11-17 11:08:01","14","9","3","2"
"26833","48772","5164","55","2023-12-08 12:00:50","33","5","14","14"
"27009","100800","5163","7","2023-10-18 01:31:28","3","1","0","2"
"27194","14122","5162","13","2023-11-21 13:20:10","6","0","5","1"
"27358","51812","5161","13","","0","0","0","0"
"27491","36615","5161","41","2024-01-31 05:35:39","45","6","10","29"
"27678","41475","5160","15","2024-01-17 22:58:56","10","3","2","5"
"27905","20126","5160","54","2024-01-24 02:57:23","46","9","13","24"
"27968","17178","5160","7","","0","0","0","0"
"28128","88210","5159","210","2024-01-29 03:37:48","48","8","9","31"
"28169","402237","5159","22","","0","0","0","0"
"28376","73570","5159","499","","0","0","0","0"
"28804","414479","5157","15","2023-09-13 21:23:40","7","1","4","2"
"29125","14948","5157","5","","0","0","0","0"
"29157","48529","5156","5","2023-06-10 18:59:45","2","0","2","0"
"30038","91043","5153","10","","0","0","0","0"
"30447","29603","5152","17","2023-08-21 09:48:47","5","2","2","1"
"30809","19884","5151","35","2024-01-18 16:06:45","22","1","0","21"
"30946","47159","5151","9","2024-01-29 18:16:20","7","2","4","1"
"31506","22567","5149","5","2024-01-21 00:31:39","4","1","0","3"
"31532","11844","5148","5","2023-03-03 17:15:51","2","2","0","0"
"31569","89575","5148","6","2023-11-26 14:55:39","4","0","1","3"
"31615","51861","5148","20","2023-11-23 12:55:29","8","0","3","5"
"31782","12869","5147","12","2023-12-02 01:24:04","4","2","1","1"
"32090","65011","5146","5","2024-01-05 09:00:31","2","0","1","1"
"32203","24506","5146","5","2023-06-08 19:19:44","1","0","1","0"
"32453","67968","5145","16","2024-01-21 06:36:01","10","0","0","10"
"32771","10167","5144","19","2023-09-13 13:28:14","4","2","1","1"
"32809","15686","5144","5","2024-01-29 17:53:04","6","2","1","3"
"32880","110101","5144","7","2024-01-03 20:05:54","16","8","3","5"
"32914","85096","5144","6","","0","0","0","0"
"33051","27078","5143","5","","0","0","0","0"
"33264","33302","5142","6","2023-05-05 01:19:09","1","0","1","0"
"33518","243764","5141","91","2023-10-17 20:03:46","36","29","5","2"
"33522","76311","5140","50","2023-12-01 15:07:18","16","7","6","3"
"33795","20890","5140","22","2023-10-13 09:25:35","27","11","8","8"
"33796","60833","5140","11","2023-11-08 07:51:31","4","0","0","4"
"33982","10563","5139","6","","0","0","0","0"
"34088","330419","5139","16","2023-08-15 10:06:17","3","1","0","2"
"34372","10427","5139","5","2023-11-25 23:39:35","5","1","2","2"
"34586","19344","5138","5","2023-11-02 08:46:58","8","0","6","2"
"34771","21476","5138","5","","0","0","0","0"
"34824","64956","5138","67","2023-12-06 15:08:40","20","12","6","2"
"34935","21763","5137","14","2024-01-05 19:47:34","15","4","4","7"
"35690","92928","5135","9","2023-09-18 22:12:19","9","2","6","1"
"36305","244467","5133","28","2023-12-02 17:32:03","10","0","3","7"
"36433","58086","5132","10","2024-01-20 17:56:33","12","4","2","6"
"36498","19484","5132","5","2023-09-05 13:32:05","3","1","1","1"
"37213","309741","5158","61","2024-01-21 19:48:22","36","19","11","6"
"37843","47025","5129","8","2023-11-27 19:42:03","1","0","0","1"
"38024","19666","5127","37","","0","0","0","0"
"38333","16669","5126","10","2023-07-29 17:52:00","5","4","1","0"
"38368","18305","5126","14","2023-11-20 15:37:53","3","1","0","2"
"38522","56157","5125","81","2023-05-10 15:14:51","1","0","1","0"
"39094","10375","5124","6","","0","0","0","0"
"39242","19926","5123","7","2023-09-20 18:52:11","7","3","2","2"
"40013","40824","5120","38","2024-01-08 13:06:33","22","5","7","10"
"40015","26262","5120","12","2023-12-14 17:16:51","17","5","2","10"
"40064","27359","5120","55","2023-12-10 16:58:02","19","6","5","8"
"40342","309669","5119","48","2023-06-26 10:54:38","37","32","5","0"
"40468","54161","5118","87","2023-10-28 02:54:16","4","2","1","1"
"40691","12009","5118","17","2023-12-02 14:14:22","6","2","2","2"
"40851","25581","5118","23","2024-01-23 10:19:03","25","6","8","11"
"41403","13798","5116","6","2023-06-19 15:19:15","1","0","1","0"
"41410","16376","5116","42","2024-01-03 06:04:38","6","2","1","3"
"42346","170832","5111","11","","0","0","0","0"
"42585","84673","5111","68","2024-01-27 16:17:33","75","24","8","43"
"42659","10975","5111","36","2024-01-07 02:58:28","26","0","2","24"
"43615","12507","5108","12","2024-01-31 18:15:58","10","4","1","5"
"43681","84170","5108","8","2023-12-18 18:19:13","5","0","3","2"
"43832","71291","5108","35","2024-01-31 00:10:25","31","8","11","12"
"43848","52334","5108","7","2023-11-27 14:29:21","2","1","0","1"
"43992","26733","5107","712","2024-01-29 21:55:33","184","54","32","98"
"44264","17010","5105","7","2023-12-13 11:30:26","6","1","0","5"
"44309","78755","5105","10","","0","0","0","0"
"44375","11760","5105","8","2023-10-25 19:12:54","5","0","2","3"
"44729","52294","5104","27","2024-01-12 16:19:10","20","10","0","10"
"45091","39185","5103","44","2024-01-11 16:45:35","17","3","8","6"
"45112","18793","5103","18","2023-12-19 19:00:51","10","3","3","4"
"45249","68131","5102","13","","0","0","0","0"
"45375","456049","5102","1208","2024-01-31 17:21:48","1015","260","238","517"
"45685","36155","5101","15","2023-12-15 17:40:03","2","0","0","2"
"45756","15883","5101","13","2023-05-30 21:10:26","2","0","2","0"
"45967","24670","5100","6","2023-07-05 15:07:16","4","1","3","0"
"45978","17174","5100","8","2023-10-06 11:50:01","1","0","0","1"
"46207","19281","5099","12","2024-01-18 10:17:37","19","8","4","7"
"46223","31294","5098","11","2023-11-11 00:15:01","2","1","0","1"
"46239","12936","5098","8","2023-07-12 20:08:04","4","0","4","0"
"46914","92423","5096","23","2024-01-24 18:37:37","8","0","4","4"
"46942","15598","5096","7","2023-08-16 16:09:48","1","0","0","1"
"47453","82433","5095","36","2024-01-22 07:41:17","11","5","1","5"
"47580","17160","5095","31","","0","0","0","0"
"48136","42809","5092","7","2023-11-15 10:47:14","11","2","5","4"
"48503","65382","5091","66","2024-01-28 14:44:51","22","11","7","4"
"48660","23671","5090","46","2024-01-29 09:55:30","42","15","11","16"
"48956","15968","5089","8","2023-08-24 00:16:34","3","0","2","1"
"49220","17915","5087","14","2023-11-26 12:36:53","2","1","0","1"
"49407","30213","5086","6","2023-12-14 15:02:16","2","1","0","1"
"49746","31910","5084","7","","0","0","0","0"
"49849","20647","5084","35","2024-01-30 07:55:17","83","17","17","49"
"49925","11302","5084","6","2023-09-14 11:09:33","2","0","1","1"
"49942","56431","5084","9","2024-01-28 01:50:55","2","1","0","1"
"50065","23119","5083","7","2023-03-16 12:26:25","1","1","0","0"
"50476","170969","5082","102","2024-01-31 10:23:21","115","49","8","58"
"50543","42579","5082","6","2023-11-13 11:27:38","4","0","3","1"
"50617","218355","5082","323","2024-01-31 15:22:30","275","76","79","120"
"51387","35816","5078","5","","0","0","0","0"
"51428","23001","5078","8","2023-12-26 11:16:05","4","1","0","3"
"51591","38940","5077","11","2023-05-30 21:28:13","2","0","2","0"
"51685","171679","5077","1067","2024-01-24 14:09:18","473","165","73","235"
"52160","10892","5076","18","2023-12-01 15:53:16","10","2","3","5"
"52277","28875","5075","13","2024-01-02 01:25:33","20","7","4","9"
"52443","60819","5075","9","2023-03-03 14:18:03","2","2","0","0"
"52499","19647","5075","17","2024-01-29 20:15:15","25","11","3","11"
"53328","19995","5073","8","","0","0","0","0"
"53341","87960","5073","154","2024-01-31 19:42:06","92","38","8","46"
"53420","12348","5073","7","2023-08-03 09:51:55","1","0","0","1"
"53491","12397","5073","5","","0","0","0","0"
"53538","32919","5073","36","2024-01-15 09:56:04","17","4","2","11"
"53897","75501","5071","39","2024-01-27 10:16:06","13","4","5","4"
"53960","18072","5071","6","2023-12-15 19:02:28","1","0","0","1"
"54680","268960","5069","11","2023-05-26 15:16:47","6","4","2","0"
"54684","60572","5069","6","2023-04-12 02:43:43","1","1","0","0"
"54734","58223","5069","188","2024-01-31 17:27:07","104","25","27","52"
"54937","47969","5068","19","","0","0","0","0"
"55075","169277","5068","15","2024-01-21 21:48:59","5","1","0","4"
"55246","86690","5067","5","2023-08-11 18:46:55","1","0","0","1"
"55774","57245","5066","6","2023-12-28 10:54:32","1","0","0","1"
"55857","42521","5066","14","2023-03-19 19:35:29","1","1","0","0"
"55925","54481","5066","8","2023-06-22 19:19:20","2","1","1","0"
"56621","62792","5063","55","2023-12-07 23:28:08","38","15","13","10"
"56658","10432","5063","9","","0","0","0","0"
"56778","134787","5063","11","2023-07-23 16:38:54","18","7","11","0"
"56974","20287","5085","8","2023-06-17 08:39:05","1","0","1","0"
"57695","535483","5061","22","2023-11-20 11:09:57","21","11","5","5"
"57698","20493","5061","17","2023-11-16 15:49:06","1","0","0","1"
"57719","14130","5061","19","2023-11-22 17:50:43","3","1","1","1"
"58082","35432","5060","7","2023-12-13 22:28:47","3","0","1","2"
"58186","123717","5059","138","2024-01-31 11:25:13","95","21","31","43"
"58549","12765","5058","5","2023-10-23 16:13:28","1","0","0","1"
"58808","179619","5057","28","2023-07-20 12:39:30","5","4","1","0"
"58880","37855","5057","5","2024-01-11 15:15:55","2","1","0","1"
"58961","61382","5084","6","2023-12-10 08:34:53","5","2","0","3"
"59087","31283","5056","10","2023-05-07 20:04:42","2","1","1","0"
"59119","31283","5056","6","2024-01-11 10:16:46","6","1","0","5"
"59563","26402","5055","99","2024-01-19 13:08:30","55","11","9","35"
"60281","71243","5053","58","2024-01-20 20:31:17","13","3","6","4"
"60724","46922","5052","16","2023-05-30 17:22:25","2","0","2","0"
"60761","275691","5052","150","2024-01-31 19:26:16","118","32","31","55"
"61158","70120","5050","63","2024-01-25 15:28:07","8","3","1","4"
"61305","282426","5050","302","2024-01-23 12:15:23","68","34","5","29"
"61311","23613","5050","23","2023-12-21 14:11:21","13","6","2","5"
"61624","68833","5049","13","2024-01-25 07:02:57","33","8","1","24"
"61795","12396","5048","12","2024-01-17 00:20:47","7","6","0","1"
"62076","188344","5048","393","2024-01-25 17:12:40","144","44","30","70"
"62288","25046","5047","19","2024-01-20 02:06:27","4","0","1","3"
"62576","126252","5047","17","2024-01-27 00:52:46","12","5","1","6"
"62623","10652","5047","11","2023-07-27 19:55:57","2","0","2","0"
"62776","39182","5151","10","2023-05-17 22:57:30","1","0","1","0"
"62937","67957","5046","156","2023-10-06 23:19:50","34","24","5","5"
"63308","10378","5045","5","2023-03-04 22:45:03","1","1","0","0"
"63810","38752","5043","8","2024-01-15 04:01:02","3","1","0","2"
"64105","17864","5042","5","2023-05-21 17:41:25","3","1","2","0"
"64348","21897","5042","23","2023-12-29 19:56:55","36","29","6","1"
"64904","49395","5040","121","2024-01-30 17:23:49","78","15","14","49"
"65387","285491","5039","22","2024-01-08 02:04:58","10","2","0","8"
"65464","37097","5039","9","2023-12-19 10:14:59","11","2","2","7"
"65548","21111","5039","8","2023-10-17 11:49:14","2","0","0","2"
"65863","612505","5038","1407","2024-01-27 19:10:28","723","316","148","259"
"65889","10954","5038","7","2023-09-25 02:32:31","4","2","0","2"
"66169","11382","5038","6","","0","0","0","0"
"66532","11876","5037","51","2024-01-26 15:03:51","41","14","12","15"
"66686","82787","5136","170","2023-12-25 08:49:27","94","49","15","30"
"66696","12781","5036","18","2023-12-03 12:50:33","6","0","5","1"
"67392","110210","5034","15","2023-11-23 18:30:35","10","2","1","7"
"67579","482425","5034","1510","2024-01-30 14:12:40","887","167","282","438"
"67606","182150","5034","20","2023-10-15 15:04:56","2","1","0","1"
"68051","13604","5033","16","2023-11-10 15:58:58","8","3","1","4"
"68490","20508","5032","299","2024-01-26 16:06:16","133","72","22","39"
"68587","365295","5032","204","2024-01-07 05:22:21","38","9","8","21"
"68707","11084","5031","11","","0","0","0","0"
"68972","28402","5031","13","2023-09-13 18:50:19","2","1","0","1"
"69545","140088","5029","40","2023-12-31 09:36:22","41","9","12","20"
"69809","51574","5028","6","2023-10-24 09:07:09","2","1","0","1"
"70170","43162","5027","5","2023-05-19 23:41:07","1","0","1","0"
"70261","29865","5027","8","2023-12-22 00:10:32","15","2","6","7"
"70386","101327","5027","7","2023-09-14 17:51:40","3","2","0","1"
"70942","22464","5026","5","2023-07-08 10:53:15","1","0","1","0"
"71059","63604","5026","5","2023-05-18 10:18:11","2","1","1","0"
"71141","37185","5025","44","2024-01-29 05:08:28","50","20","10","20"
"71376","12680","5025","12","2023-03-15 16:52:46","1","1","0","0"
"72178","36511","5023","12","2023-11-07 11:56:03","4","1","0","3"
"72437","43122","5022","11","2024-01-11 03:59:29","4","1","0","3"
"73226","458064","5020","99","2024-01-21 11:21:10","168","46","40","82"
"73573","19401","5019","10","","0","0","0","0"
"73804","17155","5019","5","2023-09-13 18:22:01","5","0","1","4"
"74089","19388","5018","21","2023-12-26 09:56:29","6","0","1","5"
"74195","48339","5018","179","2024-01-29 12:55:27","23","9","7","7"
"74496","50512","5017","6","","0","0","0","0"
"74861","17248","5017","56","2024-01-14 19:13:54","18","1","2","15"
"75103","27612","5016","41","2023-10-09 16:39:43","13","1","9","3"
"75525","253338","5014","15","2024-01-11 14:17:39","7","1","2","4"
"75652","37493","5014","20","2023-12-18 07:15:28","20","9","9","2"
"75699","15942","5014","5","2023-12-11 22:44:53","3","0","1","2"
"75852","13701","5014","40","2023-09-06 19:51:37","2","0","1","1"
"76673","13573","5012","6","2023-08-22 12:49:38","4","1","1","2"
"76714","18014","5012","146","2023-11-01 17:52:10","118","41","42","35"
"77335","97293","5011","32","2023-12-29 17:12:49","14","6","1","7"
"77567","387837","5010","102","2024-01-25 17:44:37","119","63","15","41"
"78522","25442","5007","30","2023-12-18 14:12:05","6","1","1","4"
"78722","54679","5007","9","2023-06-08 21:49:35","1","0","1","0"
"78738","20185","5007","6","","0","0","0","0"
"79111","10627","5006","6","","0","0","0","0"
"79125","12382","5006","18","2024-01-23 20:13:12","21","1","4","16"
"79485","15896","5005","16","2023-11-14 16:22:20","11","4","1","6"
"79677","34810","5005","13","2024-01-13 17:45:59","318","41","118","159"
"79891","23234","5004","5","2023-09-27 09:01:32","1","0","0","1"
"80002","63926","5004","8","2024-01-05 16:10:53","10","6","2","2"
"80353","10940","5003","5","2023-04-02 18:04:39","1","1","0","0"
"80434","12597","5003","5","","0","0","0","0"
"80869","26766","5002","8","","0","0","0","0"
"80911","101346","5002","128","2024-01-31 19:23:31","105","32","46","27"
"80932","32482","5002","8","2023-12-30 14:23:19","4","0","1","3"
"81019","10629","5001","12","2023-03-20 06:22:17","1","1","0","0"
"81216","11219","5000","55","2023-10-30 14:52:36","8","3","3","2"
"81491","38524","5000","20","2023-11-13 18:26:07","5","2","2","1"
"81723","13463","5000","18","2024-01-11 08:41:45","13","2","4","7"
"82294","216298","4999","33","2023-05-19 01:30:52","7","6","1","0"
"82460","12891","4998","5","","0","0","0","0"
"82511","56215","4998","13","2023-04-30 06:10:40","3","3","0","0"
"82548","254276","4998","141","2024-01-26 20:36:40","93","39","30","24"
"82686","38564","4998","17","2023-10-24 10:07:24","5","1","2","2"
"82804","30548","4998","12","2023-09-28 02:37:09","4","1","2","1"
"83096","36318","4997","13","","0","0","0","0"
"83605","20873","4996","23","2023-06-27 14:40:38","1","0","1","0"
"84196","17017","4994","5","2023-08-13 09:47:51","2","0","1","1"
"84507","28250","4993","14","2024-01-10 07:21:05","12","2","2","8"
"85215","10884","4992","26","2023-11-06 07:45:10","9","4","2","3"
"85306","29428","4992","11","2024-01-26 20:13:11","15","6","5","4"
"85360","91377","4992","11","2023-10-05 15:06:52","5","0","4","1"
"85371","401407","4992","482","2024-01-31 17:18:06","403","101","91","211"
"85615","14143","4991","7","2023-05-22 12:52:48","3","0","3","0"
"85785","143568","4991","81","2024-01-31 04:40:25","41","15","5","21"
"86072","53677","4990","278","2024-01-18 06:57:17","150","59","44","47"
"86485","30648","4989","7","2024-01-08 03:00:47","12","3","4","5"
"86611","65763","4989","26","2023-10-27 17:07:45","35","1","32","2"
"86643","22037","5066","7","2024-01-30 15:51:59","6","0","1","5"
"86967","55921","4988","9","2023-10-17 15:58:46","10","5","1","4"
"86989","123421","4988","19","2023-11-23 19:56:36","5","0","1","4"
"87015","273839","4988","222","2024-01-29 09:56:09","104","10","47","47"
"87117","39333","4988","53","2024-01-15 04:30:57","37","14","11","12"
"87189","212530","4987","46","2023-12-15 15:38:50","55","17","29","9"
"87234","506959","4987","8","","0","0","0","0"
"87698","173718","4986","120","2024-01-23 21:23:09","35","11","10","14"
"88076","25290","4985","37","2024-01-24 13:05:03","32","5","5","22"
"88122","11154","5074","26","2024-01-20 09:25:22","3","0","0","3"
"88173","23640","4985","9","","0","0","0","0"
"88204","31543","4985","11","2023-12-29 18:34:45","3","0","0","3"
"88513","10324","4984","33","2023-11-22 14:07:43","1","0","0","1"
"88597","52089","4984","6","2023-10-08 06:51:58","1","0","0","1"
"89211","12463","4983","29","","0","0","0","0"
"89482","34062","4982","112","2023-11-22 04:35:51","54","13","18","23"
"89706","16506","4981","16","2023-12-16 14:57:59","14","4","7","3"
"89766","51914","4981","137","2023-12-22 22:50:04","22","3","3","16"
"89817","128181","4981","110","2024-01-19 05:06:25","37","12","13","12"
"90527","77723","4978","81","2023-09-07 18:44:37","1","0","0","1"
"90580","25765","5004","21","2024-01-26 13:37:56","24","8","7","9"
"91822","10332","4976","35","2023-10-17 19:10:10","3","1","0","2"
"92371","15503","4975","5","2023-12-21 23:33:32","4","2","0","2"
"92546","15922","4974","19","2023-11-29 04:15:50","16","5","1","10"
"93747","59374","4971","19","2023-07-24 17:47:15","6","4","2","0"
"93960","16354","4971","34","2023-10-07 09:43:48","8","3","1","4"
"94148","10488","4970","12","","0","0","0","0"
"94958","10437","5093","5","","0","0","0","0"
"95852","14637","4967","8","2023-11-17 16:10:36","2","0","1","1"
"96588","59875","4965","10","2024-01-12 00:02:58","16","1","5","10"
"96811","21804","4965","22","2023-12-30 01:15:17","13","0","2","11"
"96944","30326","4964","7","2024-01-26 11:20:49","7","2","0","5"
"97248","88965","4964","20","2024-01-31 02:40:10","85","16","27","42"
"97337","301774","4964","199","2024-01-29 01:01:02","327","110","127","90"
"97471","15375","4963","9","","0","0","0","0"
"97926","14436","4963","8","2024-01-03 05:54:59","12","1","0","11"
"98094","48932","4963","13","2024-01-26 20:44:01","2","0","0","2"
"98607","107416","4962","5","2023-12-12 07:02:10","3","1","1","1"
"98713","293989","4962","6","2023-05-04 01:13:40","2","1","1","0"
"98814","18318","4962","7","","0","0","0","0"
"98959","17993","4962","13","2023-11-06 18:16:18","17","6","10","1"
"99354","26545","4961","23","2023-10-20 12:46:33","9","3","2","4"
"99594","77662","4961","13","2023-09-26 06:28:22","7","2","1","4"
"99692","46420","4960","184","2024-01-30 03:24:49","123","38","31","54"
"99777","31669","4960","7","2023-11-10 09:55:56","3","1","0","2"
"99834","173449","4960","9","","0","0","0","0"
"99897","14976","4960","12","2023-09-11 18:29:51","1","0","0","1"
"100297","1141932","4959","37","2023-08-09 11:35:25","8","6","1","1"
"100904","12098","4958","9","2023-08-06 05:41:06","5","2","2","1"
"100970","27618","4958","6","2023-09-26 14:26:52","1","0","0","1"
"101087","28843","4958","49","2024-01-05 11:43:51","53","21","0","32"
"101197","14080","4958","8","","0","0","0","0"
"101361","153385","4957","86","","0","0","0","0"
"102205","39586","4956","7","2023-11-20 12:16:24","8","2","0","6"
"102937","181766","4955","19","2023-07-26 11:53:48","9","6","3","0"
"103167","286328","4955","97","2024-01-19 19:01:15","60","14","16","30"
"103295","60511","4954","8","2023-04-04 12:58:32","1","1","0","0"
"104149","22011","4953","21","2023-11-10 22:55:25","46","20","17","9"
"104380","133690","4952","48","2023-09-27 17:25:07","28","7","12","9"
"104458","105518","4952","238","2024-01-27 19:33:35","158","48","36","74"
"104774","14512","4951","20","2023-12-06 09:28:29","11","3","4","4"
"104891","405608","4951","80","2024-01-02 15:31:47","40","15","9","16"
"105539","25055","4950","10","2023-10-16 19:35:25","1","0","0","1"
"105741","13666","4950","15","","0","0","0","0"
"105904","24088","4949","7","","0","0","0","0"
"106104","59305","4949","211","2024-01-28 19:48:29","77","51","16","10"
"106140","15890","4949","8","","0","0","0","0"
"106159","111341","4949","143","2024-01-12 11:32:33","51","15","14","22"
"107090","73030","4948","21","2023-07-26 00:59:14","5","1","4","0"
"107409","81196","4947","31","2024-01-12 21:44:25","11","4","4","3"
"107567","10989","4947","5","2023-09-29 17:10:03","3","0","1","2"
"107625","40953","4947","6","2023-11-09 21:31:19","4","1","1","2"
"107744","109065","4947","12","","0","0","0","0"
"107783","46075","4947","19","2023-09-24 18:09:57","10","7","0","3"
"108205","114553","4946","279","2024-01-31 22:32:13","346","123","98","125"
"108796","67979","4944","218","2024-01-31 17:57:48","96","33","29","34"
"109122","57187","4943","41","2023-10-12 16:08:04","3","2","0","1"
"109360","55735","4943","14","","0","0","0","0"
"109525","14253","4943","63","2024-01-03 22:10:55","42","19","9","14"
"109941","15391","4942","15","2024-01-16 18:31:03","8","1","1","6"
"110451","25422","4946","11","2023-12-21 11:12:24","6","2","1","3"
"111036","15549","5017","26","2023-09-01 14:54:33","3","0","1","2"
"111124","27444","4940","5","2024-01-24 23:36:03","31","0","21","10"
"111575","57558","4939","17","","0","0","0","0"
"111794","15635","4938","8","","0","0","0","0"
"112000","11218","4937","19","2023-08-04 07:06:38","2","1","0","1"
"112079","33093","4937","5","2023-12-29 11:07:03","3","0","1","2"
"112877","17399","4935","8","","0","0","0","0"
"112968","270303","4935","535","2024-01-31 10:48:46","405","123","77","205"
"113116","100476","4935","123","2023-10-09 16:27:24","34","20","12","2"
"113195","83174","4935","8","2024-01-14 23:06:10","6","1","2","3"
"113632","49473","4934","6","2023-10-23 18:20:04","5","1","0","4"
"113848","42121","4934","19","2024-01-31 14:33:00","15","4","4","7"
"114029","102838","4934","12","2023-12-21 03:13:21","3","2","0","1"
"114226","24710","4933","25","2023-11-24 17:13:55","13","2","5","6"
"114549","14312","4933","7","2023-08-31 17:41:09","1","0","0","1"
"114584","22095","4933","5","","0","0","0","0"
"115145","1011892","4931","336","2024-01-31 14:19:08","186","45","32","109"
"115305","26895","4930","8","2023-08-14 21:16:19","2","1","0","1"
"116908","226888","4928","12","2023-07-19 16:32:51","4","3","1","0"
"117030","18069","4927","27","2023-12-30 02:32:11","19","10","6","3"
"117215","34028","4927","7","2023-05-30 14:56:39","3","1","2","0"
"117839","21388","4926","7","2023-11-23 09:45:05","3","0","1","2"
"118228","29913","4926","25","2024-01-22 22:17:15","11","6","0","5"
"118587","24409","4925","14","2023-09-13 11:05:57","3","2","0","1"
"118903","100338","4924","84","2024-01-25 10:01:07","25","6","7","12"
"119527","138713","4922","6","2024-01-12 21:36:54","7","2","1","4"
"119549","79086","4922","11","2023-12-19 23:42:48","3","0","2","1"
"119822","11126","4922","5","2023-08-20 01:07:11","4","1","2","1"
"119861","11709","4922","15","2023-10-01 05:03:57","10","6","2","2"
"120513","44375","4921","6","2023-11-08 08:49:44","7","0","1","6"
"120955","157775","4921","133","2024-01-23 16:19:34","89","30","19","40"
"121309","39600","4920","38","2024-01-24 13:41:02","18","7","8","3"
"121493","113603","4920","52","","0","0","0","0"
"121747","133947","4919","13","2023-06-09 09:42:05","1","0","1","0"
"122005","103783","4919","27","2023-10-10 13:40:29","3","2","0","1"
"122195","13287","4919","8","2024-01-31 21:50:24","9","2","3","4"
"122313","33385","4919","5","2023-07-27 00:13:01","2","0","2","0"
"123238","14140","4916","38","2024-01-24 22:17:21","21","10","7","4"
"123336","16802","4916","5","2023-10-11 16:29:00","5","0","4","1"
"123378","17977","4916","10","2023-03-25 19:13:38","3","3","0","0"
"123487","23165","4915","6","2024-01-25 03:08:34","26","8","4","14"
"123527","177593","4915","5","2023-11-13 09:03:03","3","1","0","2"
"123671","126848","4915","28","2024-01-04 22:03:30","23","10","8","5"
"124319","39483","4914","45","2024-01-29 15:47:05","55","30","12","13"
"124386","31468","4914","184","","0","0","0","0"
"124486","84882","4914","27","2023-11-06 19:27:46","8","2","0","6"
"125212","24033","4913","18","2024-01-23 03:58:06","12","3","4","5"
"125407","35821","4913","11","","0","0","0","0"
"125734","253748","4912","228","2023-09-14 16:50:29","21","18","1","2"
"125759","16122","4912","24","2024-01-30 12:07:30","8","0","0","8"
"125816","231277","4912","14","2023-04-27 12:52:21","1","1","0","0"
"125981","34354","4912","151","2024-01-31 23:01:28","188","52","50","86"
"126014","234353","4912","55","2024-01-31 07:10:47","112","12","11","89"
"126352","47421","4910","5","","0","0","0","0"
"126995","22361","4909","75","2023-12-11 23:18:50","25","4","6","15"
"128165","197051","4907","171","2024-01-24 09:16:42","66","22","13","31"
"128384","36190","4907","15","2023-11-23 14:44:55","3","1","0","2"
"128940","99622","4906","72","2023-06-19 18:58:21","11","9","2","0"
"129130","42762","4906","15","2023-04-21 14:39:16","5","5","0","0"
"129202","16408","4905","6","2023-12-12 08:10:14","4","1","0","3"
"129805","45309","4904","8","2024-01-04 09:37:19","13","3","2","8"
"130288","54533","4902","182","2024-01-23 19:54:28","86","32","23","31"
"130427","17886","4902","6","2024-01-23 20:57:01","1","0","0","1"
"131433","100872","4900","5","2023-02-24 00:45:15","2","2","0","0"
"131872","324811","4900","69","2024-01-23 16:24:49","56","12","17","27"
"131929","23785","4900","7","2023-09-21 09:34:28","4","3","0","1"
"131930","74092","4900","144","2024-01-28 02:39:31","73","29","20","24"
"132208","23902","4899","13","2023-12-04 13:48:49","10","1","3","6"
"132364","10730","4899","23","","0","0","0","0"
"132382","59336","4899","16","2023-11-01 14:50:10","10","4","1","5"
"132438","59853","4899","142","2024-01-31 04:30:12","78","18","32","28"
"132599","13376","4898","6","2023-07-02 06:32:32","3","0","3","0"
"133203","27346","4897","40","2024-01-26 07:50:27","13","6","6","1"
"133327","28478","4896","5","2023-03-07 16:41:50","1","1","0","0"
"133374","69158","4896","10","2024-01-20 10:34:29","8","2","1","5"
"133840","39427","4895","13","2023-09-19 00:41:43","4","1","2","1"
"133910","68887","4895","14","","0","0","0","0"
"134204","135226","4894","309","2024-01-30 18:16:32","210","62","61","87"
"134554","124933","4894","128","2024-01-31 15:56:57","63","11","20","32"
"134702","39801","4893","6","","0","0","0","0"
"134725","30358","4893","85","2024-01-30 16:55:02","71","26","21","24"
"134904","36480","4893","7","2024-01-09 10:58:26","15","6","4","5"
"135531","148474","4892","20","","0","0","0","0"
"135549","15288","4892","7","2024-01-24 13:10:22","2","0","0","2"
"135566","119731","4955","6","2024-01-30 08:20:19","15","4","7","4"
"135589","207766","4892","33","2023-12-11 12:40:59","8","1","2","5"
"135769","29161","4892","13","2023-10-08 00:13:08","2","1","0","1"
"135978","160827","4892","25","2023-11-03 02:09:07","6","0","2","4"
"136059","10043","4891","9","2023-09-07 22:06:01","4","2","0","2"
"136208","52694","4891","17","2024-01-18 15:06:37","1","0","0","1"
"136285","12805","4891","12","2023-12-22 13:18:47","12","1","4","7"
"136598","16673","4890","26","2024-01-29 12:35:38","10","1","1","8"
"136829","57913","4890","5","","0","0","0","0"
"137650","53665","4888","199","2024-01-19 10:33:51","37","13","13","11"
"138200","22725","4887","15","2024-01-04 21:09:39","15","3","6","6"
"138206","32373","4887","23","2023-12-30 01:23:42","6","1","2","3"
"138513","12878","4886","8","2023-03-22 23:25:43","1","1","0","0"
"139300","74377","4885","37","2023-06-25 18:58:19","1","0","1","0"
"139985","724190","4884","528","2024-01-31 00:08:28","219","66","38","115"
"140037","28533","4884","13","","0","0","0","0"
"140750","215002","4883","287","2024-01-16 13:57:20","56","29","10","17"
"141172","150725","4881","45","2023-10-06 19:44:08","15","12","1","2"
"141719","53789","4880","18","2024-01-29 05:26:24","31","9","6","16"
"142191","11618","4880","8","2023-06-12 01:17:19","3","2","1","0"
"142714","10490","4879","12","","0","0","0","0"
"143305","370278","4878","118","2023-12-04 14:03:46","84","27","25","32"
"143397","13972","4878","5","2023-06-21 05:55:22","6","4","2","0"
"143475","58378","4878","321","2024-01-30 06:18:00","324","95","97","132"
"143765","26317","4878","22","2024-01-27 13:04:58","30","3","11","16"
"144157","32333","4877","37","2024-01-31 21:56:48","24","4","7","13"
"144351","15889","4877","6","","0","0","0","0"
"144450","11669","4877","10","2023-12-30 16:24:10","8","0","0","8"
"144491","30572","4877","5","2024-01-08 12:25:01","10","4","1","5"
"145173","42150","4875","14","2023-09-06 14:54:18","2","0","1","1"
"145989","47287","4874","19","2023-08-30 13:05:40","4","2","1","1"
"146077","28896","4873","8","2023-07-25 01:49:10","2","0","2","0"
"146325","146901","4873","19","","0","0","0","0"
"146366","13598","4873","5","2023-09-07 07:46:26","3","1","1","1"
"146656","36712","4873","11","2023-11-17 00:02:34","6","0","1","5"
"147175","28619","4872","15","2023-08-04 15:58:08","2","0","1","1"
"147192","304222","4872","7","2023-12-31 16:47:23","27","10","10","7"
"147356","319585","4872","675","2024-01-31 22:24:41","602","165","221","216"
"147407","28694","4872","13","2023-05-20 16:43:46","1","0","1","0"
"147511","19335","4871","6","2023-07-07 04:06:09","2","1","1","0"
"147530","20780","4871","7","2024-01-23 18:57:29","10","2","2","6"
"147562","18297","4871","12","","0","0","0","0"
"148601","19246","4870","11","2023-12-18 09:09:21","3","0","1","2"
"149392","372126","4868","13","2023-11-25 15:08:50","13","3","1","9"
"149872","24369","4867","11","2023-05-25 15:00:38","2","1","1","0"
"150605","16884","4866","26","2023-05-18 06:55:02","1","0","1","0"
"150884","10035","4865","7","2023-11-20 19:22:25","1","0","0","1"
"150978","43591","4865","74","2024-01-27 13:05:01","67","15","14","38"
"151097","31002","4865","14","2023-12-04 04:41:54","15","2","8","5"
"151312","77740","4865","6","2023-03-06 09:11:05","1","1","0","0"
"152016","10091","4864","9","2024-01-15 02:43:46","8","2","0","6"
"152786","28043","4863","56","2024-01-31 21:01:58","174","0","61","113"
"152794","17980","4863","36","2024-01-30 00:32:37","32","10","6","16"
"152948","246274","4862","64","2024-01-18 20:44:22","47","11","12","24"
"153049","14938","4862","5","2024-01-18 19:51:29","5","1","2","2"
"153574","10125","4860","10","2024-01-30 07:40:37","6","3","0","3"
"153723","11864","4860","18","2023-10-19 07:45:21","2","1","0","1"
"154112","64416","4859","10","2023-10-27 19:54:42","5","2","1","2"
"154133","38402","4859","10","2024-01-19 01:18:07","10","2","2","6"
"154766","22304","4858","7","2023-04-26 20:26:17","1","1","0","0"
"155005","10960","4858","7","2023-04-17 12:39:46","1","1","0","0"
"155020","39485","4858","17","2024-01-04 01:56:41","91","43","11","37"
"155077","83270","4858","12","2023-11-28 12:21:59","6","1","1","4"
"155213","41916","4858","9","2023-05-05 05:16:12","5","3","2","0"
"155268","66767","4858","5","","0","0","0","0"
"155423","441546","4858","25","2023-04-18 20:51:46","1","1","0","0"
"155926","10255","4857","11","2023-11-12 13:34:04","11","9","0","2"
"156771","48241","4856","6","","0","0","0","0"
"156811","28067","4855","7","","0","0","0","0"
"157247","1083420","4854","1104","2024-01-30 11:15:30","384","159","41","184"
"157605","16180","4853","5","2023-06-28 22:30:57","2","1","1","0"
"157882","1115679","4853","20","2024-01-25 13:23:17","37","7","8","22"
"157949","11521","4853","13","2023-03-01 15:59:23","4","4","0","0"
"157957","100069","4853","318","2024-01-31 16:06:37","100","46","26","28"
"159145","158903","4851","284","2024-01-31 16:12:03","177","40","66","71"
"159270","66689","4851","8","","0","0","0","0"
"159319","38550","4851","9","2024-01-29 10:33:20","7","0","2","5"
"159388","20453","4851","17","2024-01-16 18:16:49","18","6","7","5"
"160245","18547","4850","17","2024-01-19 19:45:42","13","3","5","5"
"160527","24944","4849","5","2023-09-29 20:56:48","3","2","0","1"
"160665","22191","4849","7","2023-09-18 11:38:29","2","0","1","1"
"160811","22495","4849","6","","0","0","0","0"
"161801","93350","4846","8","","0","0","0","0"
"162070","19717","4846","12","2023-07-28 11:19:55","3","0","3","0"
"162094","18452","4846","35","2024-01-04 16:07:26","8","2","2","4"
"162529","21932","4845","8","2023-12-10 19:38:54","21","6","4","11"
"162698","15222","4845","27","2023-03-27 20:12:41","3","3","0","0"
"163080","19890","4845","10","2023-04-11 15:55:56","3","3","0","0"
"164835","197147","4842","28","2024-01-30 12:18:58","7","0","2","5"
"165071","23406","4842","10","2024-01-19 08:21:44","33","18","11","4"
"165154","22834","4842","5","","0","0","0","0"
"165216","64204","4841","26","2024-01-28 15:11:23","17","7","6","4"
"167735","114915","4836","76","2023-12-31 08:32:06","23","8","9","6"
"167745","19509","4836","12","2023-12-04 21:31:34","6","1","3","2"
"167920","18174","4836","10","2023-12-29 16:12:55","3","0","2","1"
"168143","23011","4836","5","2023-03-08 06:35:02","1","1","0","0"
"168175","89192","4836","8","","0","0","0","0"
"168179","30898","4836","6","2023-06-09 06:43:33","3","0","3","0"
"168657","119053","4835","13","2023-10-18 03:23:40","6","4","1","1"
"168986","94421","4834","139","2024-01-30 23:24:15","154","29","46","79"
"169346","87401","4833","24","2024-01-24 14:35:52","62","21","14","27"
"169394","30383","5050","70","2023-12-03 20:17:25","23","6","5","12"
"169947","24367","4859","6","2024-01-06 05:33:51","5","2","0","3"
"169992","80614","4831","10","2024-01-23 11:05:25","15","3","2","10"
"170352","44848","4831","8","","0","0","0","0"
"170927","11909","4830","5","2023-06-17 23:43:17","2","0","2","0"
"171006","20879","4830","24","2024-01-10 11:56:53","13","4","2","7"
"171318","159499","4829","7","2023-03-20 08:34:35","1","1","0","0"
"171456","364324","4829","27","2024-01-17 18:10:01","28","14","8","6"
"171933","45236","4828","6","2024-01-04 16:12:44","9","1","5","3"
"172131","20228","4828","5","2023-10-17 10:39:14","1","0","0","1"
"172677","18929","4826","12","2024-01-13 02:59:34","10","6","0","4"
"172815","13454","4826","7","","0","0","0","0"
"172999","58400","4825","16","2023-12-30 13:50:03","10","4","1","5"
"173149","49962","4825","46","2024-01-24 22:13:59","48","15","11","22"
"173397","50682","4825","711","2024-01-21 22:19:48","53","42","5","6"
"174655","18454","4823","7","2023-08-20 14:21:28","1","0","0","1"
"174777","273240","4822","777","2024-01-31 20:42:01","374","150","112","112"
"174983","15141","4822","11","2023-12-10 16:00:08","1","0","0","1"
"176071","31462","4820","5","2023-12-05 21:53:56","3","1","0","2"
"176877","38215","4817","5","2024-01-31 20:24:09","13","1","4","8"
"177275","10343","4817","7","2023-10-08 19:50:10","4","1","1","2"
"177489","18310","4817","6","2024-01-17 19:36:14","18","6","4","8"
"177498","13028","4816","5","2023-09-25 03:19:01","10","1","0","9"
"177516","12606","4816","11","2023-07-23 20:52:35","2","1","1","0"
"177931","12286","4993","7","2023-06-10 21:54:09","2","1","1","0"
"178757","30577","4815","8","2023-11-11 16:35:12","6","5","0","1"
"179529","13009","4813","29","2023-11-21 01:29:32","7","0","0","7"
"179634","11609","4812","9","2024-01-28 09:33:04","11","4","2","5"
"179715","91452","4812","299","2024-01-31 20:50:31","133","59","18","56"
"179850","117297","4812","37","2024-01-28 15:17:18","16","9","1","6"
"179910","495638","4812","120","2024-01-31 10:46:55","160","45","56","59"
"180156","10020","4811","12","2023-10-09 10:18:55","2","1","0","1"
"180275","40956","4811","5","","0","0","0","0"
"180286","81490","4811","97","2024-01-27 19:30:24","20","4","8","8"
"180719","35844","4811","9","2024-01-08 21:45:08","1","0","0","1"
"180736","26292","4811","6","","0","0","0","0"
"181087","57119","4810","30","2023-11-23 01:10:19","3","0","0","3"
"181336","16299","4810","47","2024-01-30 12:20:28","12","5","2","5"
"181965","61519","4809","95","2024-01-31 23:04:56","117","25","35","57"
"182289","11463","4808","6","","0","0","0","0"
"182402","19733","4808","36","2023-08-14 13:00:14","21","0","20","1"
"182668","415505","4808","56","2024-01-06 13:31:52","63","26","19","18"
"182675","38345","4808","31","2024-01-11 02:54:21","12","4","4","4"
"182971","75935","4807","9","2024-01-25 08:59:19","1","0","0","1"
"183120","33370","4807","5","2023-09-11 13:22:56","4","0","3","1"
"183172","78813","4807","6","","0","0","0","0"
"183406","70992","4807","43","2023-12-31 23:50:19","28","6","11","11"
"183692","15694","4806","6","2023-07-02 15:33:59","2","0","2","0"
"183910","50964","4805","37","","0","0","0","0"
"183934","42100","4805","39","2024-01-21 13:37:26","14","6","6","2"
"184509","10239","4804","28","2024-01-26 07:35:13","28","12","4","12"
"184546","31209","4804","203","2024-01-19 15:34:12","92","38","25","29"
"184572","19254","4804","7","2024-01-15 16:21:08","1","0","0","1"
"185034","20188","4803","8","2023-08-05 21:16:17","2","0","1","1"
"185123","16289","4803","12","2023-07-31 17:57:37","1","0","1","0"
"185565","10454","4802","8","2023-09-04 17:22:30","4","1","0","3"
"185647","24835","4802","149","2024-01-31 03:28:55","57","15","14","28"
"185915","19222","4802","6","2023-10-25 01:48:20","4","2","0","2"
"186822","26990","4801","19","2023-11-29 11:06:26","4","0","1","3"
"186997","27547","4800","5","2023-10-12 08:30:37","1","0","0","1"
"187141","105960","4800","7","2023-09-09 11:43:57","8","3","4","1"
"187650","18737","4799","6","2023-07-10 07:42:09","3","0","3","0"
"188031","68220","4798","24","2023-05-21 18:15:07","1","0","1","0"
"188096","137119","4798","330","2024-01-28 20:45:22","163","37","75","51"
"188246","107900","4797","18","2023-12-18 19:34:34","10","4","4","2"
"188331","54474","4797","27","2023-11-21 02:18:12","14","1","5","8"
"188740","58052","4797","15","2023-12-31 03:19:23","4","1","2","1"
"188926","19062","4796","8","2023-11-22 15:01:23","1","0","0","1"
"189103","12512","4796","17","2023-06-30 06:16:09","4","3","1","0"
"189205","111106","4796","8","2024-01-16 12:52:47","10","1","7","2"
"189247","20826","4796","8","2023-11-12 20:01:20","9","0","6","3"
"189572","10049","4795","5","2023-09-25 02:52:37","2","0","0","2"
"189950","77890","4795","28","","0","0","0","0"
"190277","231226","4794","411","2024-01-31 18:51:28","356","122","123","111"
"190371","29868","4794","20","2023-10-27 14:45:16","12","5","3","4"
"190625","17160","4794","9","2024-01-26 19:48:59","4","1","2","1"
"190791","14724","4794","7","","0","0","0","0"
"190823","21704","4794","37","2023-02-27 08:29:29","1","1","0","0"
"191246","32625","4793","30","2023-12-07 19:59:08","21","6","5","10"
"191647","22532","4792","7","2023-11-12 15:46:28","4","1","0","3"
"192373","57444","4790","5","2024-01-14 16:33:11","9","5","3","1"
"192727","12903","4790","7","2023-09-08 07:40:50","3","0","0","3"
"192729","59784","4790","5","2023-05-10 20:31:11","2","1","1","0"
"193178","20313","4789","86","2024-01-24 17:44:22","76","19","24","33"
"194894","24199","4787","5","","0","0","0","0"
"194982","28497","4787","11","2024-01-31 10:39:16","26","4","18","4"
"195324","10860","4786","61","2023-11-27 07:23:43","51","23","11","17"
"196032","12070","4784","11","2023-10-09 03:30:31","3","2","0","1"
"196507","25380","4783","9","2023-09-27 04:09:30","1","0","0","1"
"196679","27032","4783","5","","0","0","0","0"
"196713","22257","4783","5","2023-07-09 17:09:14","1","0","1","0"
"197546","35994","4782","125","2023-08-01 17:02:30","11","6","4","1"
"197758","63432","4781","177","2024-01-31 20:23:15","228","50","72","106"
"199017","35792","4780","8","2024-01-08 08:01:37","7","2","3","2"
"199364","22271","4779","323","2023-09-10 21:48:46","129","26","90","13"
"199607","20657","4779","5","","0","0","0","0"
"200443","13399","4777","5","2024-01-18 16:57:27","11","1","0","10"
"200936","55820","4776","35","2023-11-25 18:26:58","26","4","5","17"
"200987","23484","4776","27","2023-08-09 11:07:02","9","1","6","2"
"201303","37341","4776","19","2023-04-14 15:24:35","1","1","0","0"
"201359","236976","4775","13","2023-03-09 15:15:40","1","1","0","0"
"201393","11163","4787","6","","0","0","0","0"
"201657","12759","4775","15","2024-01-25 13:59:10","10","0","1","9"
"201725","77081","4775","10","2023-12-11 08:57:29","5","0","3","2"
"202009","87004","4775","10","2023-09-13 23:13:58","5","4","0","1"
"202168","34250","4775","88","2023-12-13 14:21:03","27","5","6","16"
"202179","10026","4775","29","2023-09-22 15:39:15","12","11","0","1"
"202229","34241","4774","31","2023-11-18 02:14:22","3","0","0","3"
"202694","44585","4774","33","2024-01-19 00:36:11","17","9","3","5"
"203130","80592","4773","14","2023-11-29 19:28:28","11","3","1","7"
"203371","20314","4773","9","2023-10-17 08:59:42","6","4","1","1"
"203657","51679","4773","16","2023-04-27 14:50:23","3","3","0","0"
"204723","11640","4772","35","2023-11-05 19:14:40","4","1","0","3"
"204883","42454","4772","7","","0","0","0","0"
"205185","131863","4772","208","2024-01-31 01:30:43","130","30","26","74"
"205233","18132","4772","6","2023-07-21 07:14:30","4","0","4","0"
"205608","109742","4771","501","2024-01-27 16:55:31","255","77","83","95"
"206403","227819","4770","16","","0","0","0","0"
"207090","31419","4769","145","2024-01-29 21:41:00","230","73","32","125"
"208273","20702","4768","6","2023-10-17 23:50:35","7","4","0","3"
"208880","70397","4767","51","2024-01-17 17:40:39","34","14","5","15"
"209103","604008","4767","2372","2024-01-31 15:00:53","1151","391","288","472"
"210211","26237","5171","17","","0","0","0","0"
"210342","21305","4765","5","2024-01-07 18:59:05","10","3","1","6"
"210841","11441","4764","144","2024-01-29 14:17:35","92","30","24","38"
"211116","94732","4764","33","2023-12-30 09:15:08","20","8","3","9"
"211327","16728","4763","11","","0","0","0","0"
"211369","10833","4763","6","2023-03-24 08:37:37","1","1","0","0"
"211627","26173","4763","15","2023-12-18 15:52:27","14","11","2","1"
"211960","30177","4762","6","","0","0","0","0"
"212378","21283","4762","47","2024-01-14 19:05:12","29","8","12","9"
"212858","68846","4761","93","2024-01-08 11:31:03","31","5","6","20"
"212878","19071","4761","13","2023-11-24 14:23:34","7","4","2","1"
"213136","50282","4761","67","2023-12-15 17:58:23","11","3","2","6"
"213269","131026","4761","37","2023-12-27 02:59:18","25","13","3","9"
"213469","22945","4760","115","","0","0","0","0"
"213871","15386","4760","6","2023-07-30 12:59:53","2","0","2","0"
"214525","11971","4759","64","2023-10-10 20:52:22","16","8","4","4"
"214671","127704","4759","11","2023-09-04 07:18:27","1","0","0","1"
"214790","80083","4759","7","2023-06-22 00:54:10","3","1","2","0"
"214796","14093","4759","6","","0","0","0","0"
"214977","28287","4759","48","2024-01-29 19:17:04","19","5","9","5"
"214980","15271","4759","8","2023-12-06 21:26:52","10","3","4","3"
"215120","18531","4768","6","2023-06-09 13:31:59","2","1","1","0"
"215266","15382","4758","7","2024-01-16 22:19:10","14","2","8","4"
"215282","16718","4758","7","2023-10-21 20:35:27","2","0","1","1"
"215552","12172","4758","38","2024-01-12 23:41:49","9","2","3","4"
"215651","12354","4758","6","","0","0","0","0"
"215713","14000","4758","39","2023-12-21 20:40:07","41","12","15","14"
"215752","70763","4758","136","2023-11-27 17:50:43","59","33","17","9"
"216064","18653","4757","13","2024-01-11 11:02:19","4","2","0","2"
"216074","392669","4757","13","2023-12-27 00:33:26","7","5","0","2"
"216164","64901","4757","6","2023-10-01 20:49:11","3","1","1","1"
"216190","24423","4757","7","2023-08-15 05:37:37","3","0","2","1"
"216440","20439","4756","7","2024-01-29 07:29:23","8","1","1","6"
"217076","27975","4755","7","2023-04-20 07:20:29","1","1","0","0"
"217324","96807","4755","62","2023-12-07 13:54:12","23","4","12","7"
"217408","662112","4755","6","2024-01-11 15:40:04","3","1","1","1"
"217823","13891","4754","5","","0","0","0","0"
"217867","11670","4754","22","2023-09-11 19:37:17","6","0","1","5"
"218196","821055","4754","39","2024-01-30 22:09:48","7","2","2","3"
"218349","15465","4753","12","2023-10-22 06:51:40","4","2","0","2"
"218663","13647","4753","115","2024-01-31 22:05:50","267","98","48","121"
"219159","62002","4752","28","2024-01-22 21:35:49","16","3","1","12"
"219640","10358","4752","19","2024-01-02 08:39:38","14","6","4","4"
"219661","136531","4752","155","2023-09-11 14:04:07","20","13","5","2"
"220005","19045","4751","9","2023-10-25 10:29:06","2","1","0","1"
"220984","20172","4749","7","2024-01-28 13:27:14","8","3","1","4"
"220986","19128","4749","6","2024-01-07 20:22:53","6","0","3","3"
"221768","11581","4747","5","2023-07-16 19:22:35","1","0","1","0"
"221955","74378","4747","21","2023-10-30 00:02:14","1","0","0","1"
"222151","19638","4747","5","","0","0","0","0"
"223478","48558","4745","21","2023-06-23 16:33:55","14","10","4","0"
"223992","48380","4745","30","2024-01-24 14:14:01","49","4","18","27"
"224132","380924","4745","561","2024-01-31 05:19:34","379","88","79","212"
"224370","39427","4745","9","2023-11-15 04:08:10","2","0","0","2"
"225016","33581","4744","70","2023-10-04 01:32:09","14","11","2","1"
"225020","27595","4744","59","2023-11-30 16:30:59","47","10","19","18"
"225074","58183","4744","67","2024-01-07 19:37:37","23","8","4","11"
"225186","16840","4743","41","2024-01-23 20:22:40","54","20","10","24"
"225217","10920","4743","12","2023-09-19 18:08:35","2","1","0","1"
"225718","10141","4742","7","2023-09-05 08:21:02","1","0","0","1"
"225757","42071","4742","5","","0","0","0","0"
"225808","19427","4742","5","","0","0","0","0"
"226391","26403","4741","13","2023-05-27 00:11:25","1","0","1","0"
"227299","92713","4740","49","2024-01-25 17:23:53","15","5","6","4"
"227313","17482","4740","14","2024-01-17 13:53:36","20","2","3","15"
"227755","11837","4739","6","2024-01-30 08:54:30","3","0","0","3"
"228109","82377","4739","14","","0","0","0","0"
"228369","12930","4739","20","2023-11-07 18:24:52","12","3","4","5"
"228600","10495","4738","6","2024-01-31 23:57:02","1","0","0","1"
"228885","26973","4738","11","","0","0","0","0"
"229044","241155","4738","84","2023-12-10 21:21:27","34","10","7","17"
"229247","20412","4738","106","2023-12-13 07:14:04","25","12","10","3"
"229792","37499","4737","10","2024-01-22 14:31:48","2","0","0","2"
"230471","16174","4736","69","2024-01-28 18:41:35","17","6","3","8"
"230513","206045","4735","79","2023-12-10 01:28:49","20","5","7","8"
"231316","55654","4734","105","2024-01-30 14:12:49","48","17","15","16"
"232175","12287","4733","5","","0","0","0","0"
"232642","10757","4732","37","2024-01-06 18:50:55","23","9","3","11"
"232831","12215","4732","10","2023-10-05 07:43:54","4","3","0","1"
"232918","29226","4732","9","2023-10-04 07:19:24","8","3","3","2"
"232943","10367","4732","9","","0","0","0","0"
"234240","10510","4730","5","2023-11-03 11:54:44","2","1","0","1"
"234590","67041","4730","17","2023-12-28 18:54:34","7","1","1","5"
"234593","17097","4730","55","2024-01-31 21:49:07","58","14","36","8"
"234657","10549","4730","17","2024-01-08 16:24:50","12","0","0","12"
"234661","14676","4730","5","","0","0","0","0"
"234954","13747","4729","12","2023-12-23 00:13:25","9","3","0","6"
"235648","32838","4728","7","2024-01-30 19:45:48","5","3","1","1"
"235671","19421","4728","6","2024-01-04 18:06:47","11","4","1","6"
"235698","181381","4728","395","2024-01-30 03:27:14","233","114","56","63"
"236081","17452","4727","5","2023-03-28 16:06:24","2","2","0","0"
"236465","70005","4726","270","2024-01-21 02:17:03","159","34","31","94"
"236528","16980","4726","5","","0","0","0","0"
"237105","34525","4726","14","2023-11-08 12:35:26","9","7","0","2"
"237955","31067","4725","18","2024-01-31 21:58:45","67","7","1","59"
"238419","86343","4725","23","2023-12-16 23:56:56","9","5","2","2"
"238671","17844","4723","5","2023-08-28 13:27:01","4","1","2","1"
"238704","42345","4723","14","2024-01-26 14:21:10","16","1","7","8"
"238814","62473","4722","15","2024-01-17 23:09:50","8","1","2","5"
"238884","44859","4722","17","2024-01-22 20:07:23","6","1","0","5"
"239219","35560","4721","8","","0","0","0","0"
"240443","199914","4719","191","2024-01-30 09:58:16","108","38","38","32"
"241013","12008","4718","14","","0","0","0","0"
"242042","43595","4716","100","2024-01-26 12:50:01","64","15","8","41"
"242493","37591","4714","18","2023-05-06 20:33:59","3","2","1","0"
"243203","14364","4713","7","","0","0","0","0"
"243392","22467","4713","6","2023-10-11 18:09:26","1","0","0","1"
"243782","208870","4712","27","2023-11-25 18:44:44","13","5","5","3"
"243925","10402","4712","7","2024-01-25 09:30:24","11","2","1","8"
"243991","15412","4712","5","2023-07-03 06:58:34","2","0","2","0"
"244128","157662","4712","5","2023-08-25 21:51:24","1","0","0","1"
"245183","28207","4710","22","2023-07-27 13:22:17","2","0","2","0"
"245265","29488","4710","7","2023-08-23 04:44:51","4","2","1","1"
"246342","176968","4709","10","2023-09-06 08:42:03","3","1","1","1"
"246461","63423","4709","5","2023-02-23 20:23:30","1","1","0","0"
"246801","11446","4709","198","2024-01-26 19:46:55","113","37","38","38"
"246886","55484","4708","25","2024-01-13 20:44:10","21","8","6","7"
"246895","21030","4708","13","2023-09-13 04:17:03","16","8","4","4"
"247090","22073","4708","8","2023-02-22 05:04:28","1","1","0","0"
"247441","34547","4707","7","2023-12-31 19:00:21","9","4","3","2"
"247623","38505","4707","11","2024-01-24 17:20:13","1","0","0","1"
"247696","155327","4706","24","2023-12-15 20:03:29","16","3","5","8"
"248616","35876","4705","8","2023-08-20 10:44:14","2","0","0","2"
"248823","241673","4705","1332","2024-01-30 01:59:35","352","163","74","115"
"250260","126908","4704","12","2024-01-23 21:08:33","17","3","4","10"
"250962","15424","4703","5","2024-01-07 12:21:54","4","0","1","3"
"251276","10940","4702","6","2023-10-16 18:01:58","3","1","1","1"
"251311","256297","4702","5","2023-11-15 07:35:23","5","0","0","5"
"252228","168983","4701","452","2024-01-31 08:44:47","325","94","86","145"
"253056","214298","4699","10","2023-11-30 13:40:15","2","1","0","1"
"253468","46868","4785","11","2024-01-16 11:21:17","18","3","6","9"
"254346","26458","4698","57","2024-01-30 20:48:02","49","16","13","20"
"255259","12632","4697","5","","0","0","0","0"
"255688","36364","4696","6","2023-12-16 19:46:36","5","4","0","1"
"256196","427912","4696","449","2024-01-31 01:52:36","257","83","78","96"
"256662","25586","4695","5","2023-05-20 18:31:10","1","0","1","0"
"256935","10494","4695","5","2023-12-07 18:55:22","6","3","1","2"
"256970","111073","4695","272","2024-01-31 08:16:57","175","62","26","87"
"257182","148242","4695","122","2024-01-18 14:13:07","33","16","7","10"
"257299","21745","4694","7","2023-03-23 12:02:53","3","3","0","0"
"257465","48036","4694","13","2023-11-30 14:25:43","11","2","7","2"
"257568","12836","4694","6","2023-07-09 16:53:36","1","0","1","0"
"258174","13863","4692","61","2024-01-31 03:43:23","32","6","11","15"
"258482","16021","4692","6","2024-01-26 16:40:07","4","1","1","2"
"259521","31669","4691","341","2024-01-29 17:51:29","341","104","90","147"
"259769","117518","4690","351","2024-01-29 02:48:50","153","34","52","67"
"260229","11677","4690","14","2023-10-24 17:32:05","3","0","1","2"
"260640","10522","4689","17","","0","0","0","0"
"260826","10128","4689","12","2024-01-04 00:11:42","21","4","5","12"
"262683","38553","4687","10","2024-01-21 09:29:39","5","1","3","1"
"262727","12226","4686","17","","0","0","0","0"
"262980","18186","4686","5","","0","0","0","0"
"263268","130711","4685","67","2024-01-31 00:22:38","33","15","10","8"
"263525","384363","4685","17","","0","0","0","0"
"263693","461384","4685","263","2024-01-21 04:28:09","179","70","46","63"
"264697","173955","4684","82","2024-01-16 13:50:34","43","13","9","21"
"264794","28750","4782","46","2023-10-10 23:36:01","16","9","4","3"
"265521","99872","4683","22","2024-01-26 14:12:33","33","4","10","19"
"265706","31973","4683","8","2023-09-01 17:26:28","6","3","2","1"
"266143","152897","4682","69","2023-08-24 22:14:40","70","43","23","4"
"266304","192508","4682","379","2024-01-31 13:48:14","112","52","14","46"
"267482","18974","4681","11","2023-10-28 20:09:54","1","0","0","1"
"267887","118926","4680","33","","0","0","0","0"
"268874","48167","4678","5","2023-10-05 08:55:36","5","0","3","2"
"269970","45057","4676","98","2024-01-31 16:31:49","67","6","3","58"
"270287","43590","4676","13","","0","0","0","0"
"270986","31369","4676","7","2023-05-31 18:25:52","2","1","1","0"
"271012","12636","4675","102","2023-10-02 14:19:27","2","1","0","1"
"271353","32241","4675","40","2023-10-25 18:18:11","17","10","6","1"
"271415","80160","4675","200","2024-01-30 16:00:30","105","35","26","44"
"271475","62867","4675","12","2024-01-15 19:26:56","5","3","0","2"
"271616","177522","4674","8","2024-01-24 16:54:59","26","7","7","12"
"271641","15866","4674","76","2023-12-18 22:04:52","32","0","18","14"
"271959","129693","4674","89","2024-01-30 18:55:53","135","41","18","76"
"272109","71012","4674","20","2024-01-05 23:18:32","10","5","1","4"
"272735","10652","4672","13","2023-12-27 13:32:03","6","0","2","4"
"272952","12933","4697","42","2023-12-21 04:48:38","15","7","2","6"
"273767","47778","4671","9","","0","0","0","0"
"274535","32498","4670","15","2023-10-10 08:44:32","8","2","5","1"
"274937","18217","4669","308","2023-11-11 22:59:31","54","26","15","13"
"275751","10983","4668","19","2023-12-19 07:25:22","7","4","1","2"
"276093","25580","5053","8","2023-12-19 16:47:13","2","0","0","2"
"276232","21113","4668","19","2024-01-03 17:38:54","25","16","0","9"
"276469","11624","4668","29","2023-09-19 00:10:44","2","1","0","1"
"277176","72933","4667","44","2023-09-18 13:30:25","33","17","15","1"
"277267","14347","4667","6","2024-01-07 14:08:55","3","0","1","2"
"277304","76614","4667","8","","0","0","0","0"
"277368","11194","4667","12","2024-01-19 17:50:45","24","3","6","15"
"277952","23023","4665","5","2023-09-11 15:49:31","3","1","1","1"
"278842","27261","4664","10","2024-01-21 17:01:45","2","0","0","2"
"279255","15011","4663","5","2023-11-02 01:00:15","5","4","0","1"
"279313","43511","4663","5","","0","0","0","0"
"279627","609410","4663","29","2023-11-14 12:35:29","37","6","15","16"
"280143","21844","4662","41","2023-04-04 07:22:23","1","1","0","0"
"280222","69655","4662","8","2024-01-21 20:46:09","8","2","2","4"
"280244","121381","4662","10","","0","0","0","0"
"281278","10448","4661","155","2023-12-25 15:02:33","6","0","0","6"
"281545","34627","4661","12","2024-01-16 10:21:25","5","1","0","4"
"281815","11946","4660","11","2023-08-25 20:30:29","6","1","3","2"
"281848","76845","4660","251","2024-01-31 21:57:54","207","55","62","90"
"282601","31401","4659","18","2024-01-31 14:12:00","18","5","0","13"
"282677","12957","4659","5","2023-12-02 21:40:58","4","1","0","3"
"282848","110350","4659","62","2024-01-03 19:24:37","19","7","3","9"
"282983","10733","4658","5","","0","0","0","0"
"283078","43190","4658","6","2023-09-21 23:14:43","2","1","0","1"
"283366","165797","4657","486","2024-01-29 05:43:40","276","80","81","115"
"284240","462103","4656","273","2024-01-24 13:52:46","122","34","37","51"
"284795","138887","4656","10","2023-12-18 15:56:45","9","1","6","2"
"285069","10122","4655","19","2024-01-25 09:32:32","16","4","2","10"
"285465","62481","4655","14","2023-10-28 19:17:48","30","0","5","25"
"285587","158003","4655","15","2023-11-17 10:18:26","9","0","2","7"
"285795","32336","4655","54","2024-01-02 17:51:57","29","5","2","22"
"286335","21666","4654","9","2023-05-05 10:52:10","1","0","1","0"
"286934","20303","4653","73","2024-01-29 20:44:59","50","9","9","32"
"287138","10759","4653","6","2023-04-07 09:22:01","2","2","0","0"
"287586","92335","4652","24","2024-01-11 17:56:14","12","5","2","5"
"287976","27466","4652","6","2023-12-14 20:55:54","5","2","0","3"
"288341","10748","4651","5","2023-03-22 17:54:16","3","3","0","0"
"288568","35919","4650","66","2024-01-17 09:35:46","48","16","11","21"
"288906","32530","4650","9","2024-01-27 05:43:51","18","10","5","3"
"289011","18646","4650","15","2023-10-31 00:05:29","17","9","0","8"
"290085","112886","4649","131","2024-01-31 14:10:22","36","12","10","14"
"290339","16078","4648","14","2023-11-08 04:33:03","11","5","2","4"
"290394","80275","4648","33","2023-09-08 14:41:40","7","5","1","1"
"290425","12073","4648","18","2023-10-18 12:54:33","9","2","3","4"
"291240","16307","4647","8","2024-01-26 06:05:25","5","2","1","2"
"291641","33513","4647","7","2024-01-19 07:54:41","15","1","6","8"
"292502","10909","4646","15","2024-01-23 02:44:07","14","2","4","8"
"293280","48039","4644","7","2023-10-05 14:30:55","8","3","3","2"
"293609","20412","4644","34","2024-01-29 20:52:19","57","11","11","35"
"293878","14814","4643","20","2023-11-21 13:43:55","7","3","0","4"
"294017","11605","4643","5","2024-01-07 19:06:00","3","0","1","2"
"294949","62744","4642","261","2024-01-16 22:24:24","11","3","3","5"
"295004","12356","4642","17","2023-12-01 21:39:50","6","1","1","4"
"295783","180488","4641","840","2024-01-31 13:42:35","511","100","150","261"
"296328","98606","4640","65","2024-01-18 07:05:34","29","4","8","17"
"296427","26968","4640","18","2023-11-13 16:42:04","10","2","5","3"
"296568","26443","4640","8","2024-01-03 08:21:32","7","1","0","6"
"297322","18033","4639","8","2023-05-15 07:28:36","1","0","1","0"
"297696","80581","4639","99","","0","0","0","0"
"297823","10510","4638","15","2023-12-13 14:31:01","11","2","0","9"
"298029","18589","4638","5","2023-07-18 18:07:38","1","0","1","0"
"298225","236656","4637","695","2024-01-31 12:51:43","503","127","113","263"
"298455","56176","4637","10","","0","0","0","0"
"298573","19399","4637","10","2023-12-25 16:02:48","4","2","1","1"
"298607","104923","4637","226","2024-01-30 22:37:04","157","52","20","85"
"299204","17312","4636","5","2023-08-02 07:57:29","6","3","2","1"
"299674","12681","4798","8","","0","0","0","0"
"300257","51725","4635","89","2024-01-29 13:43:31","44","16","13","15"
"301513","12963","4633","16","2024-01-26 03:41:41","25","5","3","17"
"301832","139266","4633","134","2024-01-27 14:10:32","125","37","35","53"
"302139","71260","4633","17","2023-11-15 17:27:31","4","0","1","3"
"303298","15461","4631","27","2024-01-09 07:50:02","11","4","2","5"
"303598","34025","4630","11","2023-10-23 13:59:24","2","0","1","1"
"303612","21677","4630","5","2024-01-09 16:42:23","4","0","3","1"
"303931","11588","4629","12","","0","0","0","0"
"304706","13863","4628","6","","0","0","0","0"
"305319","11474","4628","7","2023-02-05 18:45:57","2","2","0","0"
"305689","11267","4627","5","2023-10-28 10:18:35","6","2","2","2"
"305973","31795","4627","5","2023-12-16 00:52:34","1","0","0","1"
"306030","12918","4627","6","2023-12-14 00:36:08","19","0","1","18"
"306149","67852","4627","6","2023-10-27 22:46:09","4","3","0","1"
"307072","14148","4626","6","","0","0","0","0"
"308237","27786","4624","16","2024-01-27 04:36:18","3","0","1","2"
"308731","14958","4623","12","2023-02-02 21:30:55","1","1","0","0"
"309412","65394","4622","11","2023-09-09 07:02:45","23","4","16","3"
"309683","48254","4621","9","2023-09-27 13:05:02","4","3","0","1"
"310139","11996","4621","6","","0","0","0","0"
"310399","16567","4621","6","2023-10-18 23:54:07","2","0","1","1"
"310726","97524","4620","53","2023-12-01 08:31:53","12","3","7","2"
"311660","30501","4746","9","2023-09-18 03:01:18","11","0","2","9"
"312317","14216","4619","9","2023-02-07 19:34:31","1","1","0","0"
"312407","10176","4618","22","","0","0","0","0"
"312594","17804","4618","6","2024-01-06 02:17:16","4","1","1","2"
"312725","13497","4618","6","","0","0","0","0"
"313400","14762","4617","8","2023-11-23 07:54:13","2","0","1","1"
"313628","19832","4617","271","2024-01-26 17:58:17","158","36","37","85"
"313768","16973","4616","17","2024-01-31 20:40:41","250","50","92","108"
"314056","28304","4616","8","2024-01-27 23:06:53","19","3","2","14"
"314291","108145","4615","11","2024-01-02 17:17:57","4","3","0","1"
"315052","71110","4614","27","2024-01-30 19:38:20","13","3","1","9"
"315168","85460","4614","191","2024-01-26 08:45:43","113","43","22","48"
"316310","13625","4613","52","2023-12-19 12:56:03","13","6","3","4"
"316408","11053","4613","5","2023-08-08 15:13:36","2","1","0","1"
"316700","39542","4613","14","2024-01-29 07:31:26","18","3","2","13"
"317052","53086","4612","34","2024-01-31 16:17:22","52","13","19","20"
"317522","14767","4612","11","2024-01-30 19:57:45","4","1","2","1"
"318493","38558","4611","35","2024-01-23 21:51:30","17","4","6","7"
"318749","16711","4611","9","2024-01-24 22:57:50","5","2","0","3"
"320087","11385","4608","5","","0","0","0","0"
"320615","223958","4608","87","2024-01-04 19:45:12","32","18","9","5"
"320700","53915","4608","33","2024-01-31 13:19:18","2","1","0","1"
"320726","115188","4608","11","2024-01-15 19:21:01","9","0","2","7"
"321013","39523","4607","12","2024-01-19 14:10:38","15","11","2","2"
"321697","134923","4607","8","2024-01-06 05:18:22","9","2","5","2"
"322084","14387","4606","251","2024-01-28 16:04:18","255","42","79","134"
"322395","35337","4606","8","2023-07-24 19:28:05","2","0","2","0"
"322912","70893","4610","18","2023-07-25 06:06:09","11","6","5","0"
"323221","14816","4605","11","2024-01-14 22:49:42","3","0","0","3"
"323407","28420","4605","15","2024-01-21 09:29:54","7","0","1","6"
"324105","74355","4604","29","2024-01-21 00:49:41","14","4","3","7"
"325320","15110","4602","5","","0","0","0","0"
"325697","14539","4601","16","2024-01-08 11:49:48","20","0","2","18"
"327026","44562","4600","9","2023-11-22 21:07:41","10","2","4","4"
"327074","13195","4600","16","2023-12-12 15:20:13","16","6","1","9"
"327083","31551","4600","6","","0","0","0","0"
"327862","26326","4676","5","2024-01-04 02:46:27","5","0","3","2"
"328193","221454","4599","547","2024-01-31 20:42:40","421","105","130","186"
"328294","14910","4599","13","2023-03-25 14:35:46","1","1","0","0"
"330067","15850","4597","5","2023-11-10 11:18:47","3","1","1","1"
"330457","22481","4596","9","2023-11-17 05:59:06","11","3","2","6"
"330867","40157","4595","6","2023-03-24 11:04:06","2","2","0","0"
"331281","10591","4594","5","2023-04-17 07:16:51","2","2","0","0"
"332059","67237","4593","458","2024-01-31 16:16:20","320","103","99","118"
"332578","32354","4593","14","2023-10-05 19:40:48","5","0","2","3"
"333296","10237","4592","6","2024-01-31 13:51:52","11","3","2","6"
"333340","38094","4592","90","2023-12-14 16:33:18","25","5","9","11"
"333700","23167","4592","10","2024-01-25 23:16:25","11","4","4","3"
"334402","25684","4591","104","2023-11-07 13:52:47","50","19","24","7"
"334451","16504","4591","24","2024-01-16 10:06:02","10","4","3","3"
"334831","32976","4591","5","2024-01-17 10:18:12","10","1","1","8"
"335638","27971","4590","11","2024-01-03 13:24:02","5","1","2","2"
"335858","729753","4590","13","2023-12-30 03:20:04","3","0","0","3"
"336378","18666","4589","55","2023-09-20 12:13:26","27","22","4","1"
"336648","19239","4642","18","","0","0","0","0"
"336827","31067","4588","12","2023-05-03 17:44:06","1","0","1","0"
"336920","46346","4587","7","2024-01-29 00:57:54","10","0","5","5"
"337149","11445","4587","42","2024-01-20 09:37:46","29","14","7","8"
"338249","12136","4586","9","2023-12-22 15:26:52","6","1","3","2"
"339637","91608","4652","185","2023-11-17 19:40:53","185","49","49","87"
"340088","22327","4584","5","2024-01-13 11:50:13","6","0","1","5"
"340688","60521","4584","22","2023-11-26 04:04:14","8","0","6","2"
"340760","100846","4584","6","2023-11-20 16:59:20","1","0","0","1"
"340947","44153","4583","6","2023-12-03 14:30:20","4","1","1","2"
"341251","136575","4583","5","2023-11-22 20:40:55","1","0","0","1"
"341750","70786","4791","13","2023-05-19 16:38:29","2","1","1","0"
"341994","541019","4582","535","2024-01-31 20:21:52","249","76","78","95"
"342331","18458","4581","85","2024-01-26 14:43:39","52","20","9","23"
"342553","26918","4740","7","2023-10-25 00:19:47","6","3","1","2"
"343159","12780","4580","7","2023-11-06 06:26:31","4","3","0","1"
"343302","31834","4580","7","2023-06-04 19:46:43","2","1","1","0"
"343721","33206","4579","13","2023-08-10 01:11:06","10","3","6","1"
"344223","17423","4579","133","2024-01-23 23:49:33","67","18","24","25"
"345648","17831","4577","20","2023-09-18 19:47:09","1","0","0","1"
"347484","10608","4576","28","2023-12-11 08:48:09","8","1","4","3"
"347767","10686","4575","24","2023-07-25 02:24:56","1","0","1","0"
"347964","40812","4575","80","2024-01-21 09:03:21","40","22","6","12"
"349100","25209","4573","7","2023-11-22 19:04:48","3","1","1","1"
"349130","56505","4573","10","2024-01-21 12:59:47","7","2","1","4"
"349659","15201","4572","14","2023-10-25 21:30:20","8","4","1","3"
"350351","37899","4572","13","2024-01-19 17:01:46","27","6","8","13"
"350613","32391","4571","23","","0","0","0","0"
"350858","100324","4571","7","2023-12-01 09:30:52","8","2","2","4"
"351031","48376","4571","5","2023-02-17 16:34:38","1","1","0","0"
"351305","12295","4571","6","2023-10-31 15:07:39","6","2","1","3"
"351564","12041","4570","7","2023-05-29 14:26:05","3","2","1","0"
"351705","45168","4570","17","2023-07-22 19:16:56","16","14","2","0"
"353337","59865","4568","20","2023-10-07 16:44:43","7","3","1","3"
"353820","35734","4567","8","2023-05-01 08:11:00","2","1","1","0"
"354577","139712","4566","298","2024-01-26 13:40:01","43","14","0","29"
"355230","124283","4565","301","","0","0","0","0"
"355316","10552","4565","7","2024-01-26 08:57:26","4","2","0","2"
"355438","22553","4565","5","2023-09-27 17:13:27","10","3","2","5"
"355715","15846","4565","174","2023-09-09 05:22:44","4","3","0","1"
"356838","11092","4564","9","2023-11-16 16:03:40","4","2","0","2"
"356849","65682","4564","64","2023-11-29 18:54:51","27","5","11","11"
"357189","19638","4563","6","2024-01-19 11:34:32","3","1","1","1"
"357234","11838","4563","7","2023-06-07 11:13:11","2","0","2","0"
"361842","24846","4558","23","2024-01-03 11:34:58","19","8","2","9"
"361899","16822","4558","22","2023-08-30 10:46:50","9","1","5","3"
"362536","163787","4557","114","2024-01-27 03:14:54","71","4","27","40"
"362589","31841","4557","19","2023-10-18 14:17:50","13","2","6","5"
"362951","11362","4557","8","2023-03-11 16:53:57","2","2","0","0"
"363028","34289","4556","56","2024-01-23 00:08:06","38","10","14","14"
"363437","13162","4556","9","2023-07-24 09:21:16","1","0","1","0"
"363573","43293","4556","6","","0","0","0","0"
"363592","17832","4556","5","2024-01-26 19:11:52","10","2","1","7"
"363751","82287","4556","67","2024-01-26 20:10:54","66","19","13","34"
"363821","17814","4556","6","2024-01-05 19:56:20","2","0","1","1"
"364696","158181","4555","424","2024-01-31 23:21:56","170","53","13","104"
"365102","28092","4554","69","2024-01-02 13:53:50","35","4","9","22"
"365237","53845","4554","12","2023-08-20 19:05:20","2","0","1","1"
"365261","23008","4554","7","2023-08-24 04:42:20","2","1","0","1"
"365624","15937","4553","10","","0","0","0","0"
"366348","14250","4552","10","","0","0","0","0"
"367401","53316","4551","26","2023-02-18 20:44:42","1","1","0","0"
"367456","200029","4551","93","2023-11-27 19:08:12","156","37","83","36"
"367865","16961","4550","41","2024-01-09 21:41:25","15","3","5","7"
"368354","10397","4550","6","2024-01-19 15:52:08","3","0","0","3"
"368379","24469","4550","32","2023-06-02 09:11:05","7","5","2","0"
"368691","74864","4550","17","2023-10-30 17:48:53","15","5","2","8"
"368697","45030","4550","9","2023-11-22 21:55:43","15","0","0","15"
"369434","46431","4549","509","2024-01-31 17:14:48","205","96","52","57"
"369792","29340","4549","10","2024-01-22 19:35:52","5","0","3","2"
"369874","14144","4549","5","","0","0","0","0"
"371954","27417","4545","7","","0","0","0","0"
"372239","91859","4545","66","2024-01-24 17:32:31","44","17","13","14"
"372643","123475","4545","9","2023-11-01 09:22:28","16","4","8","4"
"374310","15903","4543","5","","0","0","0","0"
"375722","18581","4542","16","2024-01-30 23:08:06","27","5","9","13"
"376535","57611","4541","9","","0","0","0","0"
"379311","15951","4537","5","","0","0","0","0"
"379855","33256","4536","5","","0","0","0","0"
"380316","10536","4536","22","2024-01-23 06:26:05","29","8","8","13"
"380384","29452","4536","132","2024-01-22 21:26:09","49","37","2","10"
"380487","55688","4536","20","2024-01-16 19:51:42","6","1","1","4"
"380607","17401","4536","5","2024-01-09 00:38:21","3","1","1","1"
"380774","19487","4535","10","2024-01-17 01:19:41","18","1","10","7"
"381282","38749","4535","96","2023-11-05 13:45:33","2","0","0","2"
"381588","23812","4535","17","2023-08-07 19:03:47","4","0","3","1"
"383200","27193","4532","26","2023-05-15 01:20:01","6","4","2","0"
"383710","52986","4531","5","2023-06-14 14:43:39","2","1","1","0"
"383888","27849","4531","5","","0","0","0","0"
"383904","209350","4531","265","2024-01-31 10:30:50","224","36","89","99"
"384417","16465","4530","17","2023-10-18 18:47:16","1","0","0","1"
"384674","10606","4530","6","","0","0","0","0"
"385017","13326","4530","11","","0","0","0","0"
"385326","17513","4529","31","","0","0","0","0"
"385548","28475","4529","6","2023-11-05 15:43:14","1","0","0","1"
"385907","13970","4529","5","","0","0","0","0"
"385997","56444","4529","53","","0","0","0","0"
"386201","12550","4528","15","2023-10-02 07:36:40","11","4","2","5"
"386738","21238","4528","8","2023-12-03 00:15:36","4","1","1","2"
"387076","109135","4528","41","2024-01-09 16:36:49","5","3","1","1"
"387194","67300","4528","48","2024-01-22 11:28:54","53","3","20","30"
"388389","57930","4526","12","2023-07-28 14:22:34","12","5","7","0"
"388520","142935","4526","43","2023-12-02 23:08:42","21","10","4","7"
"388827","11554","4525","9","2023-05-05 20:24:13","2","1","1","0"
"388980","31653","4525","7","2023-12-07 13:18:34","10","2","1","7"
"389289","19542","4524","8","2024-01-02 23:15:36","11","3","3","5"
"390278","136120","4523","30","2024-01-19 01:30:09","24","2","5","17"
"390330","278618","4523","16","2023-10-07 21:31:15","2","1","0","1"
"390708","20345","4523","10","","0","0","0","0"
"390897","34063","4523","5","","0","0","0","0"
"391605","29453","4522","5","2024-01-08 14:38:46","7","0","2","5"
"393701","43279","4520","20","2023-10-15 12:53:26","2","0","1","1"
"393704","11062","4520","12","2023-11-23 09:32:14","9","4","3","2"
"393931","23363","4520","5","2024-01-19 18:40:47","2","1","0","1"
"394487","212999","4519","14","","0","0","0","0"
"395202","40412","4518","6","2024-01-25 10:39:06","6","1","0","5"
"395255","12450","4689","7","2023-04-19 20:48:00","4","4","0","0"
"395718","16839","4517","32","2023-11-14 13:42:31","7","2","0","5"
"395857","85230","4517","20","2024-01-19 00:26:29","28","5","9","14"
"395910","66882","4517","157","2023-10-13 08:57:42","23","20","1","2"
"396476","25864","4516","13","2024-01-16 05:59:08","1","0","0","1"
"396567","14301","4516","5","2023-10-26 18:26:39","8","5","1","2"
"397195","29483","4516","6","","0","0","0","0"
"397524","15251","4573","8","","0","0","0","0"
"397830","21161","4515","12","2023-05-17 10:44:18","1","0","1","0"
"398441","41352","4515","7","2024-01-19 15:28:12","5","1","1","3"
"398461","11065","4888","10","2024-01-31 02:49:41","13","2","4","7"
"398670","330049","4514","5","2023-11-22 02:57:36","6","1","2","3"
"398963","12637","4514","36","2023-09-01 10:50:15","4","3","0","1"
"399105","16288","4514","13","2023-11-02 17:05:37","9","5","1","3"
"400056","92782","4513","55","2023-11-14 09:52:28","6","5","0","1"
"400617","128161","4513","7","2023-03-12 15:51:34","2","2","0","0"
"400790","16635","4512","6","2023-02-23 13:16:54","1","1","0","0"
"402022","41575","4510","256","2024-01-27 17:01:55","216","56","41","119"
"402037","21945","4510","9","","0","0","0","0"
"402169","37085","4510","15","2023-03-28 08:57:03","1","1","0","0"
"402322","24316","4510","57","2024-01-08 15:35:38","18","5","4","9"
"402366","15006","4510","20","2024-01-14 20:04:23","10","5","0","5"
"402428","10934","4510","42","2023-06-23 11:49:08","6","5","1","0"
"403671","141797","4509","78","2024-01-31 14:58:24","94","18","21","55"
"404264","26944","4508","58","2024-01-19 21:57:53","16","0","0","16"
"404970","67075","4508","143","2024-01-25 09:01:17","65","33","10","22"
"405238","11667","4681","17","2023-07-12 02:53:59","3","1","2","0"
"405550","49325","4507","10","2023-05-19 23:36:31","3","0","3","0"
"406249","19891","4507","65","2023-10-28 21:06:17","8","4","2","2"
"406691","46869","4506","39","2023-11-30 07:50:23","19","6","2","11"
"406712","42461","4506","9","","0","0","0","0"
"407651","51582","4505","32","2024-01-22 21:05:51","21","10","5","6"
"408390","17463","4503","5","2023-08-31 07:01:01","2","1","0","1"
"409172","37010","4502","43","2024-01-23 05:39:01","63","14","16","33"
"409792","15630","4502","8","2023-11-18 21:12:29","4","0","0","4"
"410767","106927","4501","18","2024-01-09 11:00:47","15","2","8","5"
"411846","15969","4500","12","2024-01-10 22:05:00","3","2","0","1"
"412080","137957","4500","33","2024-01-22 22:39:12","12","2","3","7"
"412446","16668","4500","231","2024-01-23 10:11:54","119","97","0","22"
"412916","63921","4499","10","2023-10-23 15:55:17","6","2","1","3"
"413127","76837","4604","26","2024-01-31 12:26:31","28","5","2","21"
"413337","79833","4499","55","2023-10-30 22:27:54","21","1","11","9"
"413924","15190","4498","7","2023-09-05 15:04:18","1","0","0","1"
"414062","66943","4498","22","2023-09-01 12:52:15","11","5","4","2"
"414127","14258","4497","5","2023-12-16 11:31:25","6","1","4","1"
"415016","23991","4496","98","2024-01-24 15:36:21","21","3","9","9"
"415303","23797","4550","68","2024-01-29 21:22:56","38","9","15","14"
"415448","165373","4718","418","2024-01-30 18:27:24","341","92","79","170"
"415559","10220","4496","13","2023-12-01 23:12:43","6","2","0","4"
"415661","14435","4723","7","","0","0","0","0"
"416467","185735","4495","54","2024-01-05 14:07:49","13","8","2","3"
"416631","22055","4606","6","2023-12-06 20:56:37","3","1","0","2"
"417501","95063","4494","88","2024-01-29 23:02:55","36","8","8","20"
"417896","17570","4493","7","2023-09-15 23:26:41","12","7","4","1"
"418150","11317","4493","15","2023-05-24 11:28:56","4","3","1","0"
"418413","77897","4493","7","2023-10-27 15:32:01","4","2","0","2"
"418556","169049","4493","29","","0","0","0","0"
"418599","11361","4493","124","2023-12-21 16:07:52","92","9","30","53"
"419705","15318","4492","67","2023-12-15 18:36:28","24","6","5","13"
"419761","20334","4581","13","2023-11-30 16:14:00","7","0","2","5"
"419956","64634","4492","16","2024-01-08 20:21:46","7","4","0","3"
"420259","16044","4491","5","","0","0","0","0"
"421018","77808","4654","35","2023-11-03 08:36:41","11","6","2","3"
"421049","22464","4490","22","2024-01-15 13:49:52","51","19","17","15"
"421178","11079","4490","8","2024-01-11 17:06:13","4","1","1","2"
"421195","123256","4490","104","2023-09-11 19:48:44","28","10","12","6"
"421705","56715","4489","41","2024-01-23 21:48:47","33","11","10","12"
"422060","18188","4489","8","2023-12-15 08:28:19","2","1","0","1"
"423170","41399","4488","14","2023-11-26 19:39:49","14","12","1","1"
"423171","19435","4488","17","2023-11-22 16:45:43","5","0","1","4"
"423497","36590","4487","239","2024-01-31 22:01:37","301","56","63","182"
"423926","17086","4487","36","2023-02-28 09:58:11","5","5","0","0"
"424499","229696","4487","90","2023-12-13 16:35:10","8","0","6","2"
"425756","11223","4486","15","","0","0","0","0"
"425823","38937","4486","19","2024-01-20 13:13:18","31","14","1","16"
"426185","12346","4485","12","2024-01-22 19:00:19","95","88","3","4"
"426242","14883","4485","7","","0","0","0","0"
"426422","13266","4485","5","2023-08-07 22:03:43","2","1","0","1"
"427158","40425","4484","12","2023-11-18 17:39:38","8","3","2","3"
"427544","10056","4483","13","2023-12-25 21:08:58","20","16","0","4"
"427899","10721","4483","6","2024-01-19 02:28:38","3","1","1","1"
"428857","17244","4482","7","2023-10-25 14:25:06","5","1","2","2"
"429377","33249","4579","9","2023-12-21 12:15:03","6","4","0","2"
"429846","175863","4481","34","2024-01-29 09:41:02","41","16","9","16"
"430742","21112","4480","5","2023-07-10 12:57:20","4","1","3","0"
"430766","35324","4480","79","2024-01-30 15:44:06","46","23","18","5"
"432358","44457","4479","23","2024-01-22 18:36:03","6","4","0","2"
"432681","20560","4478","20","2024-01-26 22:37:58","9","4","0","5"
"433392","12049","4478","12","2023-05-28 23:28:47","2","1","1","0"
"433814","22530","4477","5","","0","0","0","0"
"434551","207333","4475","5","2023-10-12 17:04:26","5","0","0","5"
"434742","20581","4475","8","","0","0","0","0"
"435093","39823","4475","19","2024-01-04 10:38:46","7","1","1","5"
"436275","10160","4474","35","2023-12-19 12:32:23","19","6","3","10"
"436341","53300","4474","19","2023-11-29 18:58:09","5","0","1","4"
"436560","81708","4473","526","2024-01-30 12:11:31","637","129","137","371"
"436641","70742","4473","12","2023-10-21 14:03:39","9","0","8","1"
"438273","34867","4472","793","2024-01-28 08:32:38","182","78","36","68"
"438386","34344","4472","36","","0","0","0","0"
"438992","160570","4471","15","2023-05-30 15:32:53","4","3","1","0"
"439171","15847","4471","5","","0","0","0","0"
"439194","11096","4471","51","2024-01-26 09:07:47","50","13","13","24"
"439790","11745","4470","6","","0","0","0","0"
"440558","412063","4468","373","2024-01-27 08:37:36","203","69","52","82"
"441757","89473","4467","6","","0","0","0","0"
"441979","12012","4466","33","2024-01-24 21:00:06","37","7","5","25"
"442760","30090","4466","95","2024-01-31 14:39:57","458","210","63","185"
"442945","21355","4465","109","2023-10-30 19:29:10","3","2","0","1"
"443523","13253","4465","15","2024-01-26 08:29:31","14","5","3","6"
"445131","155605","4463","10","2023-11-28 02:33:42","4","3","0","1"
"445221","76519","4463","93","2023-07-04 09:41:27","35","33","2","0"
"445425","53267","4462","50","2023-11-26 23:18:17","9","5","0","4"
"445908","21903","4461","61","2023-09-03 03:03:38","5","4","0","1"
"446554","56834","4461","5","2023-03-22 23:06:45","1","1","0","0"
"446594","14129","4461","56","2024-01-04 10:31:27","13","8","1","4"
"446681","26738","4461","14","2023-08-18 19:35:00","2","0","1","1"
"446822","26264","4699","6","2023-02-06 07:02:27","1","1","0","0"
"447156","99154","4460","9","2023-09-13 13:25:25","3","0","1","2"
"447344","22882","4460","22","2024-01-26 19:42:18","8","2","1","5"
"447901","16524","4459","65","2024-01-29 13:48:32","28","0","1","27"
"447970","36193","4459","55","2023-12-07 00:52:50","15","3","4","8"
"448078","21302","4459","13","2024-01-30 14:11:58","20","4","9","7"
"448474","15738","4459","5","2023-04-19 14:40:59","1","1","0","0"
"448875","28935","4459","172","2024-01-26 09:45:43","136","30","36","70"
"448932","29049","4641","16","2023-11-05 21:19:53","4","0","2","2"
"450128","72241","4457","58","2023-12-17 12:56:19","37","16","12","9"
"450917","32370","4457","10","2024-01-26 23:45:16","3","1","0","2"
"451321","11248","4456","23","2023-11-26 11:26:17","9","2","1","6"
"451492","10532","4456","38","2023-09-24 10:23:46","16","6","2","8"
"451600","14767","4456","31","2023-10-24 09:31:17","6","1","2","3"
"451634","55491","4456","10","2023-09-12 22:30:47","8","6","1","1"
"451941","22143","4455","10","2023-09-10 01:50:01","3","0","2","1"
"451969","49403","5172","10","2023-04-06 13:25:54","2","2","0","0"
"452102","22234","4455","5","2023-12-13 04:55:26","2","0","1","1"
"452752","14280","4482","29","2023-06-05 12:39:03","3","0","3","0"
"452775","12194","4454","7","2024-01-08 15:10:53","5","0","2","3"
"452845","12058","4528","10","2024-01-19 21:38:01","13","1","4","8"
"453002","54288","4454","49","2024-01-20 22:08:44","44","14","20","10"
"453005","38606","4454","37","2024-01-26 17:20:13","18","6","8","4"
"453616","11228","4679","6","2023-02-20 10:27:34","1","1","0","0"
"453673","20862","4453","5","2023-12-31 19:26:02","6","2","2","2"
"453851","15395","4453","5","2023-06-07 09:57:29","4","1","3","0"
"454780","46107","4452","17","2024-01-29 23:23:20","10","2","2","6"
"455874","17544","5189","6","2024-01-09 14:47:38","3","0","0","3"
"456809","14522","4450","6","2023-02-09 13:56:27","1","1","0","0"
"457982","43439","4449","6","","0","0","0","0"
"458259","43171","4449","9","2023-12-13 14:38:08","4","0","0","4"
"459557","10393","4447","7","2023-06-12 14:18:24","7","6","1","0"
"459640","72585","4447","27","2023-11-21 05:08:37","4","2","0","2"
"459745","41633","4825","91","2024-01-29 19:20:32","118","22","38","58"
"460557","23887","4446","19","2023-11-02 16:30:15","6","0","1","5"
"460802","34766","4446","5","2023-07-15 20:26:15","1","0","1","0"
"461499","20389","4445","16","2023-03-03 11:02:35","2","2","0","0"
"461847","11584","4445","54","2023-12-20 08:51:31","24","12","2","10"
"462627","167450","4444","40","2023-11-03 14:39:23","8","5","0","3"
"463115","83404","4444","44","2024-01-31 06:08:57","37","7","16","14"
"463243","22577","4444","41","2024-01-09 20:53:56","11","2","2","7"
"463319","30982","4444","262","2024-01-26 03:29:18","39","11","13","15"
"463758","27934","4443","10","2023-12-05 23:29:49","2","0","0","2"
"463796","11267","4443","14","2023-02-10 16:20:44","1","1","0","0"
"465053","26437","4441","7","2023-11-18 08:41:16","1","0","0","1"
"465183","188766","4441","34","2024-01-31 02:02:52","349","214","61","74"
"465223","44744","4441","23","","0","0","0","0"
"465677","19424","4440","8","2024-01-18 13:44:13","25","2","5","18"
"466761","19857","4439","6","2023-11-30 09:53:11","6","1","2","3"
"466862","110634","4439","175","2024-01-31 09:06:43","133","35","36","62"
"467473","75264","4438","252","2024-01-04 01:16:48","27","14","10","3"
"467509","23679","4438","16","2023-12-16 16:07:26","5","4","0","1"
"468195","11721","4438","5","2023-06-27 11:02:30","2","1","1","0"
"468973","47482","4437","23","2023-11-14 13:50:21","27","16","2","9"
"470005","237123","4436","9","","0","0","0","0"
"470184","54360","4436","5","","0","0","0","0"
"470749","24633","4436","17","2024-01-14 19:53:21","12","0","1","11"
"470772","11696","4435","22","2023-06-17 15:40:33","3","1","2","0"
"471070","24472","4700","19","2024-01-17 07:27:23","7","3","1","3"
"471129","27615","4435","248","2024-01-29 23:12:23","154","37","31","86"
"471160","50424","4435","13","2024-01-21 15:24:24","83","10","26","47"
"471164","57862","4435","21","2024-01-07 14:42:10","54","6","14","34"
"471213","27167","4435","6","2023-12-15 14:14:31","3","1","0","2"
"471341","19354","4434","5","2024-01-08 21:43:26","2","1","0","1"
"471930","12550","4433","10","2024-01-31 03:10:13","7","1","1","5"
"472109","27532","4433","70","2024-01-22 17:09:13","41","4","11","26"
"472495","20233","4744","19","2024-01-29 21:28:43","28","8","3","17"
"472792","38233","4949","10","","0","0","0","0"
"472876","24193","4432","6","2023-12-21 22:47:36","12","4","3","5"
"472966","10900","4432","6","2024-01-04 17:37:09","4","0","2","2"
"473040","14337","4432","10","2024-01-15 17:49:44","5","0","1","4"
"474349","58013","4431","7","","0","0","0","0"
"474563","20718","4431","10","2023-12-08 16:47:26","8","2","2","4"
"475031","30735","4431","18","2023-11-15 17:44:35","9","1","3","5"
"475727","27887","4713","13","2023-12-29 10:25:28","12","7","1","4"
"476074","34030","4430","5","2023-08-06 02:02:44","1","0","0","1"
"476371","21341","4430","7","2023-12-13 09:04:51","7","1","2","4"
"476716","39381","4429","62","2024-01-26 16:39:27","52","18","12","22"
"476791","21823","4429","5","","0","0","0","0"
"477037","115236","4429","110","2024-01-30 15:21:25","63","14","17","32"
"477420","101206","4429","20","2023-12-08 23:33:04","16","8","0","8"
"477878","182097","4428","9","","0","0","0","0"
"478406","13105","4427","5","2023-12-11 06:45:06","2","0","0","2"
"478520","20621","4427","6","2023-10-18 10:35:41","4","2","1","1"
"478656","29342","4427","184","2024-01-25 22:25:57","23","3","4","16"
"478884","169908","4426","815","2024-01-31 19:41:36","588","175","139","274"
"479251","23394","4426","19","2023-02-01 23:31:05","1","1","0","0"
"479863","436640","4426","45","2024-01-08 22:37:12","2","1","0","1"
"480467","10494","4425","7","2024-01-31 07:38:00","3","1","0","2"
"480608","34395","4425","7","2023-12-18 14:41:34","17","0","9","8"
"480937","28084","4425","5","2023-05-25 14:27:05","1","0","1","0"
"480982","61312","4425","198","2024-01-30 13:08:16","62","24","28","10"
"481061","14671","4425","5","2023-07-13 14:45:22","1","0","1","0"
"481267","123252","4424","157","2024-01-23 23:26:24","131","54","38","39"
"484041","19891","4422","90","2024-01-11 09:03:26","23","3","10","10"
"484082","21484","4422","5","","0","0","0","0"
"484390","14218","4422","13","2023-03-12 07:07:58","1","1","0","0"
"484814","34004","4421","6","2023-02-20 18:58:57","1","1","0","0"
"484972","10447","4551","5","","0","0","0","0"
"485343","86760","4421","63","2024-01-11 21:41:51","15","10","1","4"
"487813","41004","4418","111","2023-12-17 17:26:26","51","24","13","14"
"487892","10961","4418","18","2024-01-30 15:24:12","13","3","4","6"
"490018","18329","4416","48","2024-01-04 21:55:12","1","0","0","1"
"490374","14035","4416","16","2023-11-11 22:02:26","6","4","0","2"
"492293","13759","4572","9","2023-06-09 09:41:28","6","2","4","0"
"492336","80858","4414","14","2024-01-21 17:12:49","9","2","2","5"
"492773","34942","4413","16","2023-07-12 01:48:24","18","14","4","0"
"493161","38742","4412","5","2024-01-03 21:21:51","6","2","0","4"
"493729","59902","4412","45","2024-01-29 12:08:26","47","30","0","17"
"494134","33858","4412","256","2024-01-28 23:17:16","233","83","58","92"
"495041","31330","4411","6","2023-12-14 00:07:51","5","0","3","2"
"495455","66394","4477","106","2024-01-27 05:37:16","45","18","14","13"
"496099","21380","4410","78","2024-01-25 15:40:57","69","23","10","36"
"496289","18085","4410","11","2024-01-18 16:18:45","63","19","19","25"
"496803","94385","4409","96","2024-01-31 21:10:18","83","23","26","34"
"497139","19552","4409","49","2024-01-29 11:20:06","36","20","9","7"
"497381","17543","4409","33","2023-12-20 11:28:39","17","4","5","8"
"497828","13449","4409","11","2023-07-27 22:32:17","19","0","19","0"
"498256","45667","4408","6","","0","0","0","0"
"498298","19025","4408","5","","0","0","0","0"
"498796","14103","4408","6","","0","0","0","0"
"499466","13471","4407","7","2023-11-16 11:05:18","6","1","1","4"
"499721","11157","4406","5","2023-11-23 17:48:55","2","1","0","1"
"501126","17704","4405","7","2024-01-28 16:04:11","3","1","0","2"
"501250","172850","4405","225","2024-01-30 07:55:21","168","59","28","81"
"501557","376407","4404","127","2023-09-13 18:09:10","34","0","33","1"
"502334","12614","4404","16","2024-01-03 12:54:31","14","1","4","9"
"502366","12367","4404","59","2024-01-31 21:25:32","55","17","14","24"
"503046","24355","4403","16","2023-11-03 07:27:08","12","7","2","3"
"503402","22613","4403","12","2024-01-22 21:33:51","19","6","7","6"
"504547","13616","4402","7","2023-06-15 06:43:30","2","0","2","0"
"504554","60785","4402","231","2024-01-31 08:39:21","154","39","43","72"
"505088","616869","4845","20","2024-01-03 16:58:04","6","3","2","1"
"505152","19429","4402","21","2023-10-25 17:26:20","3","1","1","1"
"505714","11998","4401","6","2024-01-09 16:35:48","3","0","0","3"
"506413","37484","4400","9","","0","0","0","0"
"506441","34104","4400","121","2024-01-04 12:56:09","62","26","21","15"
"506796","95464","4400","757","2024-01-29 21:29:27","427","161","138","128"
"506855","38320","4400","8","2023-04-17 20:04:25","2","2","0","0"
"507721","30679","4507","8","2023-09-28 23:01:25","2","0","0","2"
"507738","23326","4398","57","2023-12-28 08:43:47","14","4","5","5"
"507784","38229","4398","6","2023-12-07 01:33:52","1","0","0","1"
"508057","36999","4398","53","2024-01-25 14:00:16","30","5","11","14"
"508907","14460","4398","35","2023-11-24 07:34:36","14","8","0","6"
"509670","15587","4397","5","","0","0","0","0"
"509868","28643","4397","37","2024-01-30 07:09:54","72","18","16","38"
"511837","10674","4395","8","2023-12-12 17:41:55","1","0","0","1"
"512042","20488","4395","35","2024-01-31 14:28:40","44","15","9","20"
"512127","11344","4395","7","2023-04-15 12:58:44","3","3","0","0"
"512922","19241","4394","78","","0","0","0","0"
"513413","54002","4394","6","2024-01-03 18:33:55","2","0","0","2"
"514149","10489","4393","6","2023-02-26 15:27:41","1","1","0","0"
"514235","70635","4393","8","2024-01-13 11:34:30","2","1","0","1"
"516548","274275","4391","611","2024-01-29 22:25:11","329","126","96","107"
"516701","20314","4391","53","2023-05-21 09:34:13","2","0","2","0"
"517477","11512","4390","5","","0","0","0","0"
"517781","20430","4390","6","","0","0","0","0"
"519216","70868","4389","7","2023-03-08 16:02:08","1","1","0","0"
"519333","13884","4389","8","2023-10-26 13:08:00","4","0","0","4"
"519334","14785","4389","7","2023-12-27 09:47:37","1","0","0","1"
"519360","16423","4389","10","2023-07-26 16:03:24","5","2","3","0"
"519413","337890","4389","431","2024-01-30 11:44:48","128","17","18","93"
"520275","10292","4388","11","2023-05-17 18:35:51","9","8","1","0"
"520567","19063","4388","17","2023-08-29 16:46:11","7","2","4","1"
"521034","43230","4387","23","2023-06-17 20:18:40","3","2","1","0"
"521209","13753","4387","9","","0","0","0","0"
"521799","224042","4387","298","2024-01-30 21:20:20","178","71","42","65"
"522444","285807","4386","89","2024-01-31 13:07:01","42","15","10","17"
"522663","68309","4385","36","2024-01-29 19:15:00","29","9","8","12"
"523612","61679","4384","202","2023-08-01 14:06:51","73","64","8","1"
"524368","163308","4384","54","2023-12-22 09:45:13","21","5","9","7"
"524861","16470","4383","10","","0","0","0","0"
"525036","20821","4383","34","2023-02-10 12:05:45","1","1","0","0"
"526704","24645","4382","9","2023-08-02 15:39:08","2","0","1","1"
"526828","16846","4382","29","2023-11-20 22:20:52","35","4","19","12"
"527312","12221","4382","5","2023-06-29 05:04:17","19","17","2","0"
"528720","11106","4381","23","2023-10-03 08:34:56","8","3","1","4"
"529544","10160","4380","5","2023-10-03 09:46:38","1","0","0","1"
"529618","27378","4380","9","","0","0","0","0"
"529630","42575","4380","30","2024-01-21 05:53:02","11","2","0","9"
"529725","17540","4380","31","2024-01-18 03:10:03","67","37","0","30"
"530160","28630","4379","205","2024-01-31 00:16:07","255","47","86","122"
"530630","12845","4379","5","","0","0","0","0"
"532695","21608","4377","23","2024-01-30 12:51:35","26","10","3","13"
"533037","12938","4376","47","2024-01-28 12:15:54","34","14","10","10"
"533422","21213","4376","10","2023-10-05 14:54:13","15","9","3","3"
"533426","15059","4376","17","2023-08-30 09:52:02","1","0","0","1"
"533941","20381","4376","11","2023-11-14 08:47:13","4","0","1","3"
"534109","21265","4376","6","2024-01-04 05:29:05","2","0","0","2"
"534471","28926","4375","24","2023-03-10 15:05:22","3","3","0","0"
"534877","16251","4375","7","2023-11-18 19:47:39","4","0","0","4"
"535275","50037","4375","99","2024-01-24 12:34:03","28","9","11","8"
"535480","22383","4375","215","2024-01-30 16:29:11","73","28","10","35"
"535646","19265","4375","19","2023-10-31 14:11:57","14","6","4","4"
"536607","19686","4374","5","","0","0","0","0"
"538284","10764","4373","8","","0","0","0","0"
"540259","10227","4547","5","","0","0","0","0"
"540776","12779","4370","5","2023-07-12 13:55:08","3","1","2","0"
"540873","20998","4370","6","","0","0","0","0"
"540955","12817","4370","32","2024-01-31 10:47:40","36","14","6","16"
"541016","10668","4370","20","2024-01-24 11:31:12","23","4","4","15"
"541038","114530","4370","155","2023-10-08 21:53:22","40","25","10","5"
"541686","213078","4369","15","2024-01-16 06:09:34","6","1","1","4"
"542251","30099","4369","28","2023-05-19 09:34:00","7","6","1","0"
"542270","85640","4369","6","2023-12-28 07:43:09","1","0","0","1"
"543539","40366","4368","27","2024-01-13 19:48:21","8","1","2","5"
"543572","15841","4508","11","2024-01-17 15:04:50","5","1","3","1"
"543875","21849","4368","6","2023-08-14 23:13:09","5","1","3","1"
"543969","23906","4368","99","2023-12-22 20:33:44","20","11","5","4"
"544825","103215","4367","221","2023-12-22 15:28:38","163","110","4","49"
"544947","18248","4367","5","2023-09-12 17:59:14","4","1","1","2"
"546205","13843","4366","5","2023-05-09 12:33:39","1","0","1","0"
"546730","188420","4365","440","2024-01-24 15:34:45","460","156","105","199"
"546861","200090","4365","263","2024-01-25 19:57:11","110","40","17","53"
"546871","14166","4365","14","2023-12-01 22:23:36","20","7","2","11"
"546967","18092","4365","21","2023-03-28 14:48:14","4","4","0","0"
"547331","47054","4365","21","2024-01-18 20:20:53","2","0","1","1"
"547640","17799","4364","18","2023-12-23 22:11:17","10","5","3","2"
"547981","59487","4364","8","2024-01-31 01:39:02","30","7","5","18"
"548225","791493","4363","878","2024-01-30 18:02:43","222","72","52","98"
"548473","18974","4363","17","2024-01-31 07:47:36","21","0","2","19"
"548562","32506","4363","273","2023-05-05 09:55:10","18","17","1","0"
"549372","80177","4362","360","","0","0","0","0"
"550094","24533","4362","12","2024-01-25 17:44:37","6","4","0","2"
"555045","65997","4356","46","2024-01-31 17:16:13","59","6","14","39"
"556495","18810","4355","64","2024-01-02 21:10:55","48","20","11","17"
"556617","29809","4354","41","2024-01-31 15:06:01","42","9","14","19"
"557179","50653","4354","37","2024-01-24 20:12:48","11","3","0","8"
"558639","35697","4628","8","2023-12-12 16:16:45","7","1","3","3"
"558892","14826","4352","5","","0","0","0","0"
"558972","22110","4352","5","2023-07-14 15:59:38","1","0","1","0"
"559676","29974","4351","21","2024-01-15 01:53:43","20","8","2","10"
"559737","37780","4351","141","2024-01-30 21:42:30","29","21","4","4"
"560942","53399","4349","270","2024-01-28 17:21:06","76","17","24","35"
"562073","13278","4382","5","2023-10-31 07:31:07","4","1","2","1"
"562154","12824","4348","6","2023-10-20 07:28:13","1","0","0","1"
"562769","139086","4348","47","2024-01-07 21:14:03","85","55","14","16"
"564157","20101","4347","9","2023-12-14 19:54:00","14","13","0","1"
"564226","11365","4347","11","2023-12-13 08:22:53","9","5","0","4"
"564509","11171","4347","48","2024-01-22 22:09:13","25","7","4","14"
"565525","16621","4346","8","2023-12-19 16:25:34","2","0","1","1"
"565635","119297","4346","48","2023-06-17 15:55:33","1","0","1","0"
"565877","25759","4346","32","2024-01-24 23:44:30","18","4","2","12"
"567059","12337","4345","13","2023-07-26 14:14:59","5","0","5","0"
"567292","158520","4345","24","2023-12-26 20:04:44","42","11","9","22"
"567435","78172","4345","5","","0","0","0","0"
"567762","17708","4344","24","2023-09-13 18:50:49","2","0","1","1"
"568209","32938","4344","66","2024-01-15 18:54:55","29","5","5","19"
"568458","34061","4343","6","2023-09-12 15:56:45","3","1","0","2"
"568475","14092","4343","10","2023-07-12 09:46:27","7","3","4","0"
"568635","22341","4343","5","2023-07-06 18:25:38","1","0","1","0"
"569302","15470","4342","17","2023-05-27 15:39:59","1","0","1","0"
"569976","16996","4342","8","2023-10-06 19:58:07","2","0","1","1"
"570118","13034","4342","5","2023-09-27 21:24:05","5","2","2","1"
"570812","10090","4341","12","","0","0","0","0"
"570918","78488","4341","254","2024-01-31 19:22:43","121","37","33","51"
"571410","12712","4342","6","2023-10-11 11:47:16","3","1","0","2"
"572670","179065","4340","12","","0","0","0","0"
"572834","11944","4340","9","2023-09-08 14:45:04","2","0","0","2"
"573153","10899","4340","13","2024-01-10 18:51:23","7","1","1","5"
"573255","10785","4340","88","2024-01-28 23:27:34","39","5","16","18"
"573927","12893","4339","21","2023-12-11 11:14:44","12","5","2","5"
"574815","13970","4339","25","2023-08-10 14:46:58","7","4","2","1"
"575376","205489","4338","41","2023-10-31 05:37:00","14","5","6","3"
"575765","24336","4338","13","2023-10-18 15:36:43","7","1","4","2"
"576752","14294","4337","28","","0","0","0","0"
"576911","226623","4337","66","2024-01-12 15:35:14","52","10","15","27"
"577603","56134","4336","12","2023-12-16 16:37:26","22","3","13","6"
"577765","49404","4336","10","2024-01-10 14:49:59","4","0","1","3"
"577878","25189","4424","6","2023-12-11 22:48:19","1","0","0","1"
"577926","22810","4335","6","","0","0","0","0"
"578288","30745","4335","6","2023-06-17 21:13:56","3","2","1","0"
"578309","18571","4335","8","2024-01-19 04:28:52","7","2","0","5"
"578411","42647","4335","12","2024-01-04 09:44:50","13","11","0","2"
"580083","24434","4334","27","2023-11-28 09:31:50","13","6","2","5"
"581076","36182","4333","263","2024-01-15 02:24:38","21","5","4","12"
"584183","54938","4331","129","2024-01-21 06:49:33","217","86","56","75"
"584192","79612","4331","14","","0","0","0","0"
"584518","221648","4331","610","2024-01-31 15:44:08","373","112","55","206"
"584676","22128","4331","56","","0","0","0","0"
"584947","13610","4331","8","2023-09-11 17:09:10","6","5","0","1"
"585411","47926","4330","196","2024-01-30 00:29:36","159","77","23","59"
"586227","23037","4495","27","2024-01-16 00:02:41","8","4","1","3"
"587106","21957","4328","18","2024-01-24 11:00:37","21","9","6","6"
"588071","69904","4328","11","2023-11-08 15:30:50","17","1","0","16"
"588532","14684","4327","14","2024-01-04 13:08:03","8","5","1","2"
"588759","15466","4327","8","2023-11-15 12:44:54","9","4","1","4"
"588868","38035","4327","13","2023-07-19 12:44:46","2","1","1","0"
"588916","17382","4327","61","2023-09-27 12:49:59","3","1","0","2"
"589259","94717","4327","92","2024-01-03 16:59:37","77","27","15","35"
"589329","39317","4327","6","2024-01-23 16:55:45","87","23","16","48"
"589924","393382","4326","692","2024-01-31 18:15:02","447","134","101","212"
"590437","11462","4326","7","2023-05-22 06:48:41","6","3","3","0"
"590790","19348","4326","15","2023-10-09 09:01:15","2","0","0","2"
"591064","10279","4744","35","2024-01-12 19:08:12","29","7","4","18"
"591487","25673","4326","5","2024-01-30 13:30:33","14","2","2","10"
"591656","47845","4325","6","2023-11-22 04:31:24","8","3","2","3"
"592318","11936","4325","6","","0","0","0","0"
"592355","13489","4325","143","2024-01-30 12:20:58","54","30","23","1"
"592958","13383","4325","92","2024-01-30 11:46:33","42","18","9","15"
"593382","14648","4324","5","","0","0","0","0"
"594211","22400","4324","10","2024-01-03 12:15:31","4","0","0","4"
"595305","16227","4323","26","2024-01-28 19:02:12","38","5","8","25"
"596285","272422","4321","242","2024-01-28 23:09:15","91","20","28","43"
"597657","118328","4321","5","2023-12-20 02:42:22","7","2","1","4"
"597858","10006","4320","5","2023-05-13 11:23:16","1","0","1","0"
"598683","34763","4320","15","2024-01-09 18:00:03","20","13","3","4"
"599346","74885","4319","6","2024-01-08 20:04:19","6","2","3","1"
"600486","14127","4319","26","2023-11-16 15:54:10","11","3","6","2"
"602585","24922","4544","8","2023-11-22 23:31:56","12","4","2","6"
"603316","32177","4317","20","2024-01-29 15:48:34","27","8","4","15"
"603516","26465","4317","8","2023-12-13 00:42:11","6","2","0","4"
"604015","57701","4316","7","2023-08-29 21:23:17","7","5","1","1"
"605067","11441","4315","6","2023-09-13 14:43:17","1","0","0","1"
"605153","43142","4315","82","2023-12-13 21:20:13","26","15","6","5"
"606371","13641","4314","7","","0","0","0","0"
"606679","31442","4314","53","2024-01-20 04:58:15","26","9","5","12"
"607033","26317","4314","141","2023-12-28 14:44:55","11","6","1","4"
"607407","54127","4313","7","2023-12-23 10:34:12","7","2","2","3"
"608164","11390","4313","19","2023-04-20 09:19:14","3","3","0","0"
"608772","73208","4313","16","2023-11-18 16:05:56","2","1","0","1"
"608820","30210","4313","25","2024-01-25 21:37:32","34","16","4","14"
"608886","10947","4313","20","","0","0","0","0"
"609290","41800","4312","457","2024-01-31 18:28:18","113","40","30","43"
"609639","10674","4312","5","2023-03-06 15:15:31","1","1","0","0"
"610569","123689","4312","27","2024-01-02 21:48:07","107","61","32","14"
"610979","30549","4311","8","2023-09-12 10:59:18","10","0","6","4"
"611201","11951","4311","11","2023-03-23 06:43:06","2","2","0","0"
"611545","15225","4311","51","2023-11-15 14:14:09","28","11","9","8"
"611879","13682","4311","12","2024-01-09 13:50:02","6","0","1","5"
"612181","18589","4311","28","2023-07-12 12:51:35","10","3","7","0"
"613004","15494","4310","11","2023-10-19 04:39:51","5","0","3","2"
"616443","208643","4307","42","2023-12-07 19:19:36","67","26","20","21"
"616460","40792","4307","24","2023-07-07 00:19:16","4","2","2","0"
"618400","20349","4306","39","2023-03-28 15:11:48","1","1","0","0"
"619673","12324","4305","5","2023-08-21 17:53:33","5","3","1","1"
"619830","14039","4305","172","2024-01-25 15:24:48","314","81","76","157"
"621316","13371","4304","10","2024-01-29 19:20:38","23","4","5","14"
"621690","16849","4304","14","","0","0","0","0"
"622571","14648","4303","27","2024-01-12 02:42:48","8","4","2","2"
"622813","22295","4303","5","2023-05-22 09:11:24","1","0","1","0"
"623041","126703","4303","17","2023-07-30 11:10:12","2","0","2","0"
"623133","26334","4303","11","2023-06-11 21:35:32","3","2","1","0"
"623519","21627","4303","8","","0","0","0","0"
"624066","14073","4302","9","2023-09-17 16:30:34","2","1","0","1"
"624463","11079","4302","28","2024-01-26 14:59:19","6","0","0","6"
"624466","10660","4302","7","","0","0","0","0"
"624814","11814","4312","7","2023-06-30 21:50:35","2","1","1","0"
"625403","93133","4301","106","2024-01-28 02:04:06","46","19","8","19"
"625594","10542","4301","12","2023-03-09 09:06:47","8","8","0","0"
"626692","29602","4300","15","2023-04-18 10:46:36","5","5","0","0"
"626853","38160","4300","8","2023-06-28 22:36:45","5","3","2","0"
"627042","12967","4300","16","2024-01-09 16:36:05","6","2","2","2"
"627729","15036","4299","9","2023-03-06 08:03:45","1","1","0","0"
"631911","10924","4297","5","2023-11-24 23:55:48","5","1","2","2"
"632035","10609","4297","11","2024-01-11 23:33:11","9","6","1","2"
"632524","32119","4297","5","2024-01-16 08:56:00","3","1","1","1"
"633098","26291","4297","6","2024-01-05 01:31:57","3","2","0","1"
"633150","11074","4297","7","2024-01-17 21:58:58","4","0","0","4"
"633183","136301","4297","188","2024-01-21 03:21:18","109","59","20","30"
"633961","28089","4296","26","2024-01-22 20:47:21","18","7","4","7"
"634120","11100","4296","15","","0","0","0","0"
"634629","18707","4296","10","2024-01-18 16:16:31","4","0","0","4"
"634824","244249","4296","72","2024-01-21 19:05:00","53","18","4","31"
"634919","63656","4296","245","2024-01-15 17:04:50","129","33","54","42"
"634935","13229","4296","103","2023-10-12 16:08:50","2","1","0","1"
"635245","49826","4295","312","2024-01-31 11:24:18","247","100","62","85"
"635982","13556","4295","7","2023-12-04 17:13:21","5","1","3","1"
"636009","16487","4295","52","2023-12-05 18:24:31","21","0","10","11"
"636019","63271","4294","8","2023-10-02 10:15:53","1","0","0","1"
"636077","27335","4294","156","2023-08-31 22:47:12","72","40","29","3"
"636626","37389","4294","9","2023-10-14 17:11:39","2","0","1","1"
"637142","36519","4293","35","2023-10-17 04:18:23","7","2","3","2"
"637367","32333","4293","22","2023-11-23 16:47:19","27","14","9","4"
"637669","34688","4293","17","2023-09-18 11:45:40","5","0","1","4"
"637853","88945","4293","40","2024-01-31 12:00:35","8","6","1","1"
"638028","11886","4772","30","2024-01-22 08:52:00","9","0","0","9"
"638546","28231","4293","5","2023-10-26 20:11:08","1","0","0","1"
"639520","33832","4292","41","2024-01-03 17:08:12","16","15","0","1"
"640195","12841","4292","20","2023-06-07 01:55:46","4","1","3","0"
"640205","19116","4292","13","2023-04-18 03:57:13","32","32","0","0"
"640325","17018","4292","48","2024-01-11 23:16:28","33","12","5","16"
"641249","47614","4291","36","2023-11-29 05:52:20","3","0","0","3"
"642070","78063","4291","287","2024-01-26 06:37:43","180","43","45","92"
"642096","11850","4291","18","2024-01-10 10:58:52","8","1","2","5"
"642579","22746","4290","212","2024-01-31 16:38:05","13","0","0","13"
"642670","13563","4290","7","","0","0","0","0"
"642706","349524","4290","645","2024-01-31 20:40:41","379","113","54","212"
"643383","125195","4290","43","2023-12-29 14:06:51","38","19","9","10"
"643393","13989","4290","59","","0","0","0","0"
"644010","12254","4289","12","2023-08-16 09:09:32","14","7","6","1"
"644817","13404","4289","5","2023-12-06 13:52:57","3","1","0","2"
"645002","13553","4289","35","2023-09-19 15:32:35","10","5","4","1"
"645128","23257","4289","72","2023-08-09 13:57:15","8","3","4","1"
"645551","57089","4289","45","2024-01-22 23:28:36","17","5","4","8"
"646382","10471","4288","27","","0","0","0","0"
"646591","10607","4287","11","2024-01-08 13:02:27","35","32","0","3"
"646619","27055","4287","55","2024-01-02 02:16:24","39","3","5","31"
"646723","10623","4958","6","","0","0","0","0"
"646761","21975","4287","71","2024-01-31 03:51:00","423","63","157","203"
"648078","16448","4286","5","","0","0","0","0"
"648658","73508","4286","39","2023-12-25 10:12:00","26","8","7","11"
"648723","13057","4390","16","","0","0","0","0"
"649048","10037","4285","30","2023-10-27 00:19:07","3","1","0","2"
"650475","18741","4285","11","2024-01-31 22:49:28","9","2","2","5"
"651174","112758","4284","51","2023-11-24 22:27:42","27","10","14","3"
"652669","22044","4283","7","2023-12-14 22:56:18","5","2","0","3"
"653457","21854","4283","43","2023-12-29 19:49:38","53","13","18","22"
"653539","12388","4283","50","2024-01-24 09:04:05","18","10","3","5"
"658497","17400","4279","26","2024-01-29 15:41:28","13","2","4","7"
"659190","35876","4279","44","2023-02-16 15:05:40","3","3","0","0"
"659248","33614","4279","13","2023-10-18 16:00:25","4","3","0","1"
"660694","28979","4278","13","","0","0","0","0"
"660921","28037","4278","18","2023-10-12 14:52:50","2","0","1","1"
"661872","46719","4277","65","2023-03-29 11:23:02","5","5","0","0"
"662615","20241","4277","10","2023-12-02 22:17:04","1","0","0","1"
"663604","17448","4276","6","","0","0","0","0"
"666221","104431","4275","10","2023-12-09 06:51:52","20","7","1","12"
"667301","43301","4274","10","2024-01-26 15:07:03","24","1","1","22"
"667767","22975","4274","9","2024-01-15 20:22:45","5","2","0","3"
"669576","13603","4272","115","2023-12-19 15:27:45","24","10","5","9"
"669586","130480","4272","41","2023-11-15 09:51:42","11","2","4","5"
"671366","11544","4271","46","2023-11-03 12:51:49","2","0","0","2"
"671491","19241","4271","5","2024-01-30 07:27:36","9","3","3","3"
"671543","39476","4271","6","2023-09-16 11:22:28","8","5","2","1"
"671619","30813","4271","54","2023-12-05 09:52:26","20","9","2","9"
"671639","16952","4271","5","2023-11-03 12:59:37","3","2","0","1"
"674039","369775","4270","109","2023-12-17 03:21:49","112","39","31","42"
"675006","11756","4269","8","2023-05-09 20:46:58","2","1","1","0"
"675721","11583","4269","72","2024-01-03 03:33:47","7","1","2","4"
"676195","20158","4268","5","2023-11-30 14:56:30","4","1","2","1"
"677684","33811","4267","6","2023-12-24 13:14:56","4","2","1","1"
"678572","31087","4266","5","2024-01-16 19:27:39","4","1","1","2"
"679553","12217","4265","25","2023-12-12 14:38:01","5","2","0","3"
"679824","14781","4265","13","2024-01-26 16:11:38","10","2","3","5"
"680068","56767","4265","136","2024-01-25 11:37:10","136","60","45","31"
"680920","70559","4265","11","2023-09-11 14:13:02","3","1","1","1"
"681084","18007","4265","6","","0","0","0","0"
"681865","72843","4264","38","2023-12-31 10:51:30","35","10","12","13"
"687190","12577","4261","28","2023-10-30 18:14:45","9","4","0","5"
"687262","18057","4261","7","2023-12-05 15:29:33","7","0","3","4"
"690413","16116","4258","5","2023-12-07 03:09:52","3","0","2","1"
"692942","16452","4257","27","2023-11-30 09:54:32","10","2","2","6"
"693642","30719","4257","5","2024-01-27 07:08:40","5","1","0","4"
"694325","13478","4256","15","2023-12-11 13:17:32","9","7","1","1"
"694733","16289","4256","8","2024-01-25 14:37:25","9","3","1","5"
"695132","25892","4256","34","2024-01-15 16:07:02","17","4","1","12"
"695364","66048","4256","112","2024-01-26 16:44:01","85","19","23","43"
"695591","13087","4765","7","2023-08-06 09:07:40","2","0","1","1"
"696391","24547","4255","13","","0","0","0","0"
"696535","18595","4255","6","2023-09-25 21:03:56","7","2","3","2"
"696808","32590","4255","7","2023-07-28 19:15:56","2","0","2","0"
"697154","54809","4255","7","","0","0","0","0"
"699215","26544","4254","13","2023-02-26 17:30:30","1","1","0","0"
"699305","50556","4254","36","2023-10-09 18:24:09","12","4","3","5"
"700825","31038","4252","6","","0","0","0","0"
"701092","98078","4318","23","2023-12-14 05:57:47","3","0","0","3"
"701996","31463","4251","9","2023-05-09 09:21:20","1","0","1","0"
"702469","29175","4251","7","","0","0","0","0"
"702944","55521","4251","9","2023-10-15 11:28:46","6","1","4","1"
"705945","25277","4249","10","2023-12-14 05:17:10","4","0","2","2"
"706387","11962","4249","5","2023-07-20 11:21:49","1","0","1","0"
"706456","36075","4249","7","2023-12-29 18:26:42","5","0","2","3"
"707111","226445","4254","75","2024-01-15 22:49:10","71","15","16","40"
"707145","24184","4248","7","2023-07-24 14:40:03","1","0","1","0"
"708434","28181","4248","9","2023-04-05 09:04:04","1","1","0","0"
"709537","19426","4247","8","2023-06-09 02:57:29","2","1","1","0"
"710284","29975","4247","8","2024-01-11 09:51:08","3","0","0","3"
"711206","37165","4246","8","2023-12-23 10:22:35","7","6","0","1"
"711902","24652","4245","14","2023-09-23 13:44:35","10","9","0","1"
"712334","10239","4245","12","2023-12-22 17:10:51","2","0","1","1"
"712649","179086","4244","643","2024-01-31 22:38:19","315","87","122","106"
"714112","25784","4244","6","2024-01-31 19:45:17","8","3","3","2"
"716092","33636","4243","10","","0","0","0","0"
"717267","19250","4242","10","2023-12-05 19:19:05","5","1","1","3"
"717372","31955","4242","24","2024-01-30 11:05:32","29","11","7","11"
"717630","22670","4242","13","2023-07-28 22:50:30","5","3","2","0"
"717732","33862","4242","21","2023-09-14 11:05:01","2","0","1","1"
"717898","19532","4242","7","2023-06-02 00:19:11","5","2","3","0"
"719263","36694","4241","48","2024-01-30 08:01:15","62","9","13","40"
"720999","56403","4240","30","2024-01-23 08:58:00","25","1","4","20"
"721269","183878","4240","78","2023-11-30 17:18:39","19","7","5","7"
"721644","60880","4239","63","2023-12-30 09:27:30","48","29","9","10"
"721855","26680","4327","397","2024-01-31 14:21:15","335","89","118","128"
"722762","57785","4238","17","2023-09-23 23:55:02","6","0","5","1"
"722804","19317","4238","22","2024-01-03 05:13:42","17","4","6","7"
"724039","15649","4237","344","2024-01-30 17:15:17","188","58","31","99"
"724411","19395","4760","12","2023-02-14 18:46:31","1","1","0","0"
"725418","68351","4236","77","2023-10-09 23:15:58","2","1","0","1"
"725628","20202","4236","32","2023-09-04 09:54:34","18","12","3","3"
"726106","23659","4236","6","","0","0","0","0"
"726239","18183","4236","17","","0","0","0","0"
"726766","11796","4235","5","2023-07-27 15:42:21","4","2","2","0"
"727667","12125","4235","11","2023-08-24 12:13:43","3","1","1","1"
"728812","41756","4234","27","2023-10-26 12:15:20","13","8","4","1"
"729907","30898","4234","15","2024-01-01 17:49:02","17","5","2","10"
"732221","39262","4232","11","2023-05-19 10:55:25","2","1","1","0"
"733077","19746","4231","9","2023-03-13 00:28:09","2","2","0","0"
"733345","31468","4231","7","2023-09-30 11:25:16","3","1","0","2"
"734040","34446","4230","17","2023-03-15 02:52:49","2","2","0","0"
"734069","482923","4230","441","2024-01-31 14:53:30","239","100","54","85"
"735926","21623","4229","5","2023-08-21 08:16:14","11","7","2","2"
"736079","117102","4229","207","2024-01-26 17:58:52","203","96","30","77"
"736162","19642","4229","14","2023-11-15 07:17:08","2","1","0","1"
"736172","12815","4229","23","","0","0","0","0"
"736937","30418","4229","25","","0","0","0","0"
"740553","54574","4227","59","2024-01-30 16:51:13","82","25","14","43"
"741970","38493","4226","5","2023-11-22 02:21:50","1","0","0","1"
"742314","13038","4226","14","2023-04-26 16:41:35","5","5","0","0"
"743464","32332","4225","11","2023-12-30 18:08:13","32","9","15","8"
"744720","18486","4223","10","2023-06-06 17:29:11","7","5","2","0"
"745903","121225","4223","133","2024-01-25 08:14:26","72","28","21","23"
"746882","12075","4222","10","2023-03-09 13:16:05","1","1","0","0"
"747579","94796","4222","55","2023-11-22 19:26:16","6","2","1","3"
"747965","10426","4221","14","2023-09-07 02:20:30","1","0","0","1"
"749657","10713","4221","70","2024-01-16 09:53:20","37","11","10","16"
"750510","33898","4220","19","2023-04-19 20:50:08","3","3","0","0"
"751090","87743","4220","29","2024-01-24 18:12:17","40","18","10","12"
"751641","16326","4219","12","2023-12-04 14:07:14","6","5","0","1"
"751863","55207","4219","88","2023-08-10 00:19:16","85","41","39","5"
"752843","63417","4219","15","2024-01-18 18:40:55","7","1","1","5"
"752890","20233","4219","29","2023-09-11 00:53:59","10","6","3","1"
"752976","39571","4219","5","2023-08-14 13:18:46","1","0","0","1"
"753632","30103","4218","67","","0","0","0","0"
"755666","11359","4216","21","2023-11-29 22:01:21","4","2","1","1"
"756233","11339","4216","9","2023-12-15 23:39:50","2","0","0","2"
"756809","53076","4215","88","2024-01-25 02:27:11","83","19","12","52"
"757100","16710","4215","31","2024-01-30 10:44:29","10","2","2","6"
"757508","74112","4215","17","2023-08-21 12:32:51","6","3","2","1"
"757777","11786","4215","14","2024-01-03 20:21:27","6","4","0","2"
"758174","26664","4215","211","2024-01-15 16:51:10","87","41","0","46"
"758345","72262","4214","12","2024-01-18 14:37:43","18","14","0","4"
"758836","16321","4214","7","2023-11-03 09:35:16","3","1","1","1"
"759126","14407","4214","8","2024-01-26 12:27:35","24","3","2","19"
"759558","12234","4214","53","2024-01-03 17:18:56","22","5","11","6"
"759991","10636","4214","8","2023-08-16 04:11:30","4","2","0","2"
"761095","30797","4213","37","2023-12-21 18:49:51","14","5","3","6"
"761132","10535","4213","15","2024-01-24 08:28:06","3","0","1","2"
"761202","67395","4213","14","2023-04-09 13:59:03","7","7","0","0"
"761212","32848","4213","12","2023-09-01 07:10:19","6","2","1","3"
"762363","11408","4212","5","2024-01-14 19:19:15","9","2","2","5"
"764206","10832","4211","13","2023-11-20 08:54:03","13","9","1","3"
"765226","40504","4210","37","","0","0","0","0"
"765395","19429","4209","41","2023-07-03 14:56:48","15","10","5","0"
"766177","42886","4209","5","","0","0","0","0"
"768644","108445","4208","676","2024-01-31 17:54:22","437","116","102","219"
"769137","11209","4207","6","2023-07-04 12:14:32","1","0","1","0"
"769265","95996","4207","104","2024-01-09 12:33:22","36","4","8","24"
"770710","18262","4206","6","","0","0","0","0"
"770830","34820","4206","35","2023-09-11 08:52:31","7","4","1","2"
"772868","10319","4409","44","2024-01-29 09:58:38","24","10","4","10"
"773113","63610","4205","64","2024-01-31 15:51:49","106","31","34","41"
"773595","13591","4205","11","2024-01-05 18:11:58","6","4","0","2"
"774086","30495","4204","6","2023-05-27 22:19:23","5","2","3","0"
"775345","22663","4203","8","2023-12-21 17:19:45","8","1","3","4"
"775715","49745","4202","89","2024-01-29 13:22:58","39","10","5","24"
"775806","122966","4202","217","2024-01-26 12:17:00","177","41","45","91"
"776345","12542","4202","5","2023-12-05 16:15:47","1","0","0","1"
"777982","17536","4201","7","2023-11-30 19:50:12","5","2","1","2"
"778560","67683","4200","78","2024-01-28 19:54:25","76","21","20","35"
"780717","27442","4199","20","2024-01-20 22:30:52","34","11","5","18"
"781754","59582","4199","84","2023-10-07 03:12:36","46","22","18","6"
"782034","26263","4198","6","2023-08-25 11:23:29","2","0","0","2"
"783119","167039","4198","73","2024-01-11 17:10:36","35","14","4","17"
"783412","34907","4427","19","2023-05-29 06:58:17","3","1","2","0"
"783510","44705","4197","12","2023-09-22 00:57:41","2","1","0","1"
"783743","74589","4197","6","2023-06-17 05:19:58","1","0","1","0"
"784387","102417","4196","7","2023-12-19 16:29:21","7","1","0","6"
"784753","31036","4196","9","","0","0","0","0"
"785061","21779","4196","19","2024-01-30 10:05:21","10","2","4","4"
"787480","41167","4194","56","2024-01-11 14:27:11","26","8","7","11"
"789545","11947","4193","87","2024-01-31 11:56:46","88","25","23","40"
"790070","22315","4192","5","2023-11-08 21:38:55","2","1","0","1"
"790842","12755","4192","16","2024-01-19 18:24:09","1","0","0","1"
"791010","32294","4192","6","2023-07-14 12:12:27","3","0","3","0"
"791604","156515","4192","193","2024-01-24 19:58:48","100","37","20","43"
"791609","10022","4192","38","2023-11-08 21:16:57","8","4","3","1"
"793607","11113","4190","5","","0","0","0","0"
"795016","16853","4189","10","2023-09-11 09:31:31","5","1","2","2"
"797049","96259","4187","56","2024-01-24 03:46:18","50","15","14","21"
"797303","26814","4187","10","2023-09-26 11:03:34","1","0","0","1"
"797495","100088","4187","13","2024-01-07 19:29:32","10","0","8","2"
"800619","12419","4185","9","2023-10-17 04:51:49","3","2","0","1"
"801496","10103","4185","23","2023-08-20 12:50:31","1","0","0","1"
"801894","27662","4185","168","2024-01-22 14:53:00","115","33","29","53"
"803019","10126","4184","11","2023-07-24 04:52:37","7","1","6","0"
"804100","12847","4183","8","2024-01-22 13:28:32","3","0","0","3"
"804440","10841","4183","5","2023-04-17 08:20:59","2","2","0","0"
"806169","17449","4181","5","2023-10-03 12:27:02","1","0","0","1"
"806963","14124","4181","6","","0","0","0","0"
"807037","19988","4181","13","2023-11-19 17:27:24","9","6","0","3"
"807126","320810","4181","323","2024-01-30 05:36:32","331","40","113","178"
"811335","39866","4179","16","2024-01-20 08:50:33","16","3","4","9"
"811405","35442","4178","10","2023-08-05 19:11:45","2","0","1","1"
"812183","72509","4178","88","2024-01-26 20:19:27","45","18","5","22"
"812912","71434","4178","12","2023-10-20 06:43:34","4","0","3","1"
"813951","28229","4177","7","","0","0","0","0"
"814253","30017","4177","9","2023-05-03 14:07:41","1","0","1","0"
"814548","13676","4177","12","","0","0","0","0"
"814803","23172","4177","19","2024-01-10 19:23:58","9","2","0","7"
"815724","33148","4176","7","","0","0","0","0"
"816213","21920","4175","9","2024-01-31 11:22:30","4","0","2","2"
"816620","711833","4175","676","2024-01-29 01:18:23","196","71","52","73"
"817379","10152","4174","8","2024-01-16 15:53:26","6","0","1","5"
"817643","172397","4174","45","2024-01-31 21:59:32","28","9","5","14"
"818326","12245","4173","59","2023-11-04 17:47:55","20","0","8","12"
"819355","28397","4173","19","2023-08-27 12:24:10","4","2","0","2"
"819417","20441","4173","8","2024-01-05 12:36:22","12","3","3","6"
"820127","15691","4173","32","2024-01-14 18:35:00","11","4","3","4"
"821679","67066","4172","102","2023-12-01 22:15:46","20","14","1","5"
"823617","34458","4171","25","2024-01-20 10:02:38","6","2","0","4"
"824377","34576","4171","12","","0","0","0","0"
"825920","29647","4169","5","","0","0","0","0"
"826435","15929","4169","5","","0","0","0","0"
"826983","25838","4168","9","2023-06-02 16:11:50","4","3","1","0"
"827263","266445","4168","17","2024-01-12 03:15:21","23","6","6","11"
"828193","33847","4167","7","2024-01-19 17:32:38","10","8","0","2"
"828584","17560","4167","12","2023-09-12 17:30:18","4","2","1","1"
"829493","18918","4166","8","2023-04-13 10:23:02","1","1","0","0"
"829571","330310","4166","11","2023-12-14 15:17:15","7","1","3","3"
"829970","16469","4166","49","2023-10-24 19:30:10","10","1","4","5"
"831507","10815","4165","14","2024-01-31 12:39:36","2","0","1","1"
"832052","15824","4165","100","2023-12-13 19:50:47","35","0","21","14"
"832230","65005","4165","31","2023-11-17 04:08:37","25","8","8","9"
"835883","62879","4163","5","2023-12-29 07:47:07","5","2","1","2"
"836318","19030","4162","6","2023-06-09 16:39:55","1","0","1","0"
"836330","194195","4162","426","2024-01-30 18:36:27","216","85","53","78"
"836708","12531","4162","16","2023-12-19 19:57:26","17","8","3","6"
"838912","20311","4160","7","","0","0","0","0"
"839733","25359","4160","41","2024-01-17 03:02:36","41","4","17","20"
"840582","11638","4159","16","2024-01-08 07:13:58","15","2","5","8"
"841830","29452","4158","23","2023-11-27 18:19:47","27","7","10","10"
"842106","20217","4158","5","","0","0","0","0"
"842935","52111","4158","58","2024-01-19 15:21:22","21","2","3","16"
"843953","25724","4157","251","2024-01-29 17:28:36","134","70","13","51"
"844416","80768","4157","195","2024-01-28 16:33:16","100","24","28","48"
"845034","17465","4157","24","2023-09-22 22:02:10","17","4","5","8"
"845092","67745","4157","11","2024-01-22 21:24:49","74","31","18","25"
"845414","15256","4157","15","2023-08-26 23:25:53","4","2","1","1"
"847116","12923","4156","7","2023-08-22 00:31:40","5","1","1","3"
"847269","28437","4156","30","2023-05-16 19:11:35","9","8","1","0"
"847382","15459","4155","85","2024-01-26 17:41:19","58","21","16","21"
"847773","16495","4155","8","","0","0","0","0"
"847881","11531","4155","19","2023-10-13 09:11:16","8","1","6","1"
"848164","144884","4155","18","","0","0","0","0"
"849891","71682","4153","114","2024-01-15 01:09:54","36","7","14","15"
"850781","60713","4153","22","2023-08-29 18:16:25","3","1","1","1"
"850848","205644","4153","273","2024-01-30 14:37:57","174","57","39","78"
"851699","13853","4152","34","2023-07-24 20:01:20","7","3","4","0"
"851885","14671","4152","6","2023-12-12 15:09:16","3","1","1","1"
"852806","17132","4152","5","","0","0","0","0"
"852828","119460","4152","55","2023-12-01 10:53:55","36","5","8","23"
"853360","64556","4151","8","","0","0","0","0"
"855432","13945","4150","5","","0","0","0","0"
"856498","40592","4150","13","2023-12-09 17:10:25","26","0","18","8"
"857132","29315","4149","13","2024-01-12 04:44:50","7","1","0","6"
"857390","10641","4149","5","","0","0","0","0"
"857848","11401","4149","11","2023-11-10 08:21:29","7","2","3","2"
"860034","15538","4147","33","2024-01-13 15:45:39","15","8","5","2"
"860099","94061","4147","13","2023-09-01 12:50:37","14","12","1","1"
"860585","22047","4147","10","2023-06-01 15:42:17","1","0","1","0"
"860630","18471","4147","8","2024-01-23 14:22:47","16","5","2","9"
"861388","15249","4146","15","2024-01-22 01:53:44","39","10","8","21"
"861716","110127","4146","47","2024-01-16 13:18:36","19","7","1","11"
"862231","21223","4146","15","2023-05-27 11:09:57","7","6","1","0"
"863110","29540","4145","33","2024-01-08 06:03:21","4","2","1","1"
"863380","27103","4145","5","2023-11-14 18:02:04","5","1","2","2"
"865874","99741","4144","80","2024-01-23 00:09:00","22","6","6","10"
"866021","17342","4144","16","","0","0","0","0"
"866026","44443","4144","9","2023-11-27 17:06:10","4","0","2","2"
"866082","17221","4144","6","2023-05-17 04:54:43","2","1","1","0"
"868014","70187","4143","22","2024-01-25 19:41:24","14","7","1","6"
"869736","200806","4142","219","2024-01-29 06:51:56","73","24","16","33"
"870483","20908","4141","17","2023-07-21 09:16:33","6","0","6","0"
"871026","160179","4141","6","2023-11-01 11:33:41","6","3","1","2"
"871096","17733","4141","29","2023-12-14 20:20:02","18","12","2","4"
"872328","15355","4139","9","2023-05-19 06:34:17","6","5","1","0"
"874024","60114","4138","15","2023-03-04 08:43:38","3","3","0","0"
"874188","192337","4138","540","2024-01-31 06:19:39","275","78","36","161"
"876497","20088","4137","32","2023-12-24 15:52:00","17","5","2","10"
"878126","116784","4136","19","2024-01-02 08:45:56","29","10","11","8"
"878514","21359","4136","5","2023-11-21 09:57:12","2","1","0","1"
"878532","26173","4136","65","2024-01-17 12:04:36","14","2","0","12"
"880619","20394","4135","68","2024-01-19 16:20:20","27","17","5","5"
"880990","114706","4135","303","2024-01-31 16:32:37","213","55","58","100"
"881441","28308","4135","134","2024-01-30 01:01:54","244","72","62","110"
"881798","14755","4134","5","2023-10-24 19:44:42","2","0","1","1"
"882003","88380","4134","303","2024-01-26 19:38:05","125","69","37","19"
"882875","11156","4133","31","2024-01-30 12:07:54","14","2","7","5"
"884123","60848","4132","329","2024-01-31 14:59:11","455","104","88","263"
"884372","21665","4132","6","2023-12-02 17:47:10","38","19","8","11"
"884521","27701","4132","7","2023-12-10 23:24:42","4","2","1","1"
"884862","21145","4132","7","","0","0","0","0"
"886697","15757","4131","44","2023-11-21 15:33:36","10","3","1","6"
"887539","47403","4130","47","2023-05-11 08:55:28","3","2","1","0"
"888472","11756","4130","56","2023-09-04 03:32:33","40","39","0","1"
"891440","23709","4128","18","2023-06-05 10:07:37","2","1","1","0"
"892256","60376","4128","8","2023-02-27 13:45:58","1","1","0","0"
"892493","70375","4128","14","2023-10-17 23:11:26","1","0","0","1"
"892629","25595","4127","28","2023-07-14 05:33:22","9","0","9","0"
"893254","19111","4127","21","2024-01-18 16:56:46","77","23","8","46"
"893780","204789","4126","194","2023-06-27 13:42:14","14","9","5","0"
"894061","29898","4126","9","2023-12-08 15:18:37","3","2","0","1"
"894067","21162","4126","10","2023-12-15 22:36:32","2","0","1","1"
"894328","22652","4126","17","2023-05-20 13:17:20","7","4","3","0"
"894565","31884","4125","27","","0","0","0","0"
"894763","11360","4125","38","2024-01-17 08:54:30","15","10","1","4"
"894792","23799","4125","8","2023-12-22 13:29:19","4","1","0","3"
"894977","24086","4125","198","2024-01-30 12:47:28","132","50","36","46"
"895245","395501","4125","83","2024-01-30 23:05:07","94","25","31","38"
"895789","12689","4124","22","2023-08-09 05:21:29","1","0","0","1"
"897326","26572","4124","12","","0","0","0","0"
"898348","51348","4123","130","2024-01-24 17:33:37","64","28","15","21"
"900078","21357","4122","36","2024-01-10 04:39:13","38","14","13","11"
"900130","22361","4122","5","2023-10-31 22:12:25","3","1","1","1"
"900570","10516","4122","5","2023-04-27 13:09:17","1","1","0","0"
"901925","233427","4121","786","2024-01-31 20:58:57","367","113","105","149"
"902630","35667","4121","5","2023-10-23 17:47:59","5","2","1","2"
"903011","30782","4121","11","2023-12-22 10:03:31","10","2","2","6"
"903061","147541","4121","550","2024-01-31 04:07:30","297","75","87","135"
"903446","10352","4120","18","","0","0","0","0"
"903651","15020","4120","8","2024-01-24 13:18:42","3","1","1","1"
"904393","68185","4119","31","2024-01-13 10:12:26","32","13","5","14"
"904422","24496","4119","13","2023-11-03 03:59:21","2","1","0","1"
"905902","44545","4118","30","","0","0","0","0"
"906773","52849","4118","44","","0","0","0","0"
"909199","12490","4116","6","2024-01-22 11:59:20","1","0","0","1"
"911419","10677","4115","41","2023-09-30 22:46:38","6","0","1","5"
"911519","22549","4115","6","2023-02-20 09:00:11","4","4","0","0"
"912236","14031","4115","13","2023-07-12 08:22:50","6","4","2","0"
"912319","19370","4115","8","2024-01-31 17:10:31","10","1","6","3"
"912829","10734","4115","12","2024-01-12 17:30:10","10","4","2","4"
"913098","29033","4115","35","2023-09-14 09:56:11","11","5","2","4"
"913124","54132","4115","6","2023-09-26 05:54:30","4","1","0","3"
"913935","16705","4114","24","2024-01-22 15:00:42","32","11","6","15"
"914716","12597","4114","46","2024-01-17 14:32:36","31","12","8","11"
"917467","18937","4111","18","2023-04-23 22:37:09","1","1","0","0"
"917548","11578","4111","7","2023-06-17 06:14:36","1","0","1","0"
"918558","10462","4111","14","2023-08-18 12:58:49","6","2","3","1"
"918959","134911","4110","7","2024-01-09 18:11:36","8","1","2","5"
"920568","15497","4110","6","2023-08-30 11:52:54","4","0","0","4"
"920669","16622","4110","28","2024-01-12 06:13:34","27","3","11","13"
"922584","12574","4109","6","2023-02-02 14:37:02","1","1","0","0"
"923560","28197","4108","15","2023-09-21 10:39:29","16","6","6","4"
"924299","29302","4108","7","2023-06-29 03:07:02","4","0","4","0"
"924313","32630","4108","5","","0","0","0","0"
"924597","22160","4107","16","2024-01-23 06:12:36","8","4","1","3"
"925478","12957","4107","18","","0","0","0","0"
"925913","30473","4107","9","2023-08-06 22:10:06","6","4","1","1"
"926143","48833","4107","29","2024-01-21 20:50:22","43","13","11","19"
"927333","11833","4105","32","2024-01-15 19:33:53","27","4","10","13"
"927493","36835","4105","60","2024-01-17 12:16:53","101","53","18","30"
"929187","12580","4104","111","2023-12-27 19:28:27","52","18","8","26"
"930271","25497","4103","11","2023-09-17 11:04:32","5","0","0","5"
"930393","20095","4103","5","2023-11-28 10:20:03","5","0","3","2"
"930640","19146","4103","11","2023-12-24 16:03:08","3","0","2","1"
"930728","19646","4103","5","2023-11-07 11:09:54","6","3","2","1"
"931379","12365","4103","18","","0","0","0","0"
"932728","30038","4102","138","2024-01-20 16:34:22","115","63","23","29"
"933250","15373","4102","11","2023-12-19 04:00:58","2","0","0","2"
"934239","77985","4101","17","","0","0","0","0"
"934407","13599","4101","5","","0","0","0","0"
"934946","10408","4101","87","2023-08-24 09:41:53","4","0","0","4"
"935687","11878","4101","5","2023-10-06 11:38:02","3","1","0","2"
"936293","16564","4100","7","2023-11-25 07:47:18","2","1","0","1"
"936310","31010","4100","171","2024-01-25 21:56:16","95","38","35","22"
"936832","48398","4100","62","2024-01-31 19:44:47","35","14","6","15"
"936986","22611","4100","11","","0","0","0","0"
"937222","12293","4100","5","2023-04-10 16:56:06","2","2","0","0"
"938363","10290","4099","9","2023-06-06 16:56:57","2","0","2","0"
"939213","28114","4110","8","2023-04-23 18:45:38","1","1","0","0"
"939557","102379","4098","292","2024-01-29 14:14:19","139","36","33","70"
"939860","671014","4097","352","2024-01-29 14:10:23","321","74","62","185"
"939986","28423","4097","6","","0","0","0","0"
"940098","20148","4097","6","2023-07-06 13:33:06","9","5","4","0"
"941240","48501","4097","28","2024-01-05 09:13:22","25","8","8","9"
"941272","55770","4097","7","2023-11-15 01:40:36","1","0","0","1"
"941531","16995","4097","114","2023-08-07 15:50:24","11","8","2","1"
"947357","66923","4095","17","2023-12-16 19:19:20","6","0","4","2"
"949217","19249","4093","29","2023-12-26 06:56:07","8","2","0","6"
"949890","13639","4093","5","2023-07-19 09:37:53","4","2","2","0"
"951349","19662","4091","6","","0","0","0","0"
"951609","15154","4091","20","2023-10-31 13:30:09","2","0","1","1"
"952135","10970","4090","9","2023-10-18 10:04:47","1","0","0","1"
"952296","14111","4090","14","","0","0","0","0"
"952648","23337","4090","7","2023-06-07 12:04:16","6","2","4","0"
"954927","10005","4089","5","2023-08-04 10:41:35","7","0","6","1"
"954940","56370","4089","27","2024-01-27 22:46:53","46","14","15","17"
"954986","79427","4089","86","","0","0","0","0"
"956397","23713","4088","7","2023-07-21 13:24:33","5","3","2","0"
"958373","12960","4087","5","2023-05-01 15:49:19","1","0","1","0"
"958529","10177","4087","10","2023-10-19 08:37:47","2","1","0","1"
"960558","98233","4086","97","2023-03-11 12:19:51","2","2","0","0"
"960567","34396","4086","6","2023-12-27 06:39:36","10","4","1","5"
"961631","15497","4086","20","2023-11-24 09:33:54","6","0","1","5"
"962089","62366","4086","11","2024-01-17 13:58:36","6","4","1","1"
"962155","12068","4085","11","","0","0","0","0"
"964243","50343","4083","12","2023-04-15 14:38:04","2","2","0","0"
"965146","22369","4196","31","2023-08-21 14:46:10","25","11","9","5"
"965900","38758","4083","147","2024-01-21 21:02:20","68","33","15","20"
"966023","55238","4082","94","2024-01-05 00:42:01","49","23","9","17"
"967492","59453","4082","244","2024-01-29 10:40:43","166","58","41","67"
"967621","12858","4082","147","2023-12-20 19:06:28","73","30","7","36"
"968244","24192","4081","7","2024-01-19 05:49:15","1","0","0","1"
"970308","15255","4080","12","2024-01-23 20:50:30","2","1","0","1"
"971329","10768","4080","6","2023-12-06 12:16:34","5","0","1","4"
"972216","19204","4079","22","2024-01-09 23:38:49","14","1","1","12"
"973552","24432","4079","11","","0","0","0","0"
"973651","28750","4079","67","2023-12-21 02:18:05","2","0","0","2"
"974045","48063","4078","5","","0","0","0","0"
"974186","52090","4078","47","2024-01-20 07:58:42","28","9","10","9"
"976391","16175","4076","11","","0","0","0","0"
"977017","16524","4076","7","","0","0","0","0"
"977083","10194","4549","20","2023-11-08 21:24:39","28","12","9","7"
"977206","11128","4076","7","2023-10-16 11:45:55","3","2","0","1"
"977919","15344","4075","15","2023-04-13 10:40:33","5","5","0","0"
"978917","185123","4075","19","2024-01-30 21:41:09","51","7","8","36"
"978961","21119","4075","10","","0","0","0","0"
"979986","14409","4074","39","2024-01-17 16:51:17","31","14","6","11"
"980442","13815","4074","8","2023-12-13 20:19:45","5","0","1","4"
"980549","14513","4074","6","2023-05-05 16:41:01","1","0","1","0"
"980550","58611","4074","6","","0","0","0","0"
"981744","31330","4073","29","2023-03-18 06:00:03","2","2","0","0"
"981831","10343","4073","15","2024-01-29 12:13:03","3","1","0","2"
"981959","172677","4073","8","2024-01-15 11:04:48","2","0","1","1"
"982149","16535","4073","45","2024-01-11 09:36:11","55","11","16","28"
"982161","48444","4073","26","2023-04-20 06:11:45","2","2","0","0"
"982257","23885","4073","25","2023-05-11 07:34:59","1","0","1","0"
"982341","30327","4073","40","2024-01-07 19:06:59","48","21","10","17"
"983476","10280","4072","101","2023-12-05 14:53:52","80","0","69","11"
"984421","121813","4072","115","2024-01-20 20:20:55","23","3","2","18"
"984471","28023","4072","38","2023-03-14 03:52:27","1","1","0","0"
"984823","110638","4072","300","2024-01-11 13:31:30","36","5","7","24"
"985454","32684","4071","17","2023-11-30 07:19:13","17","5","6","6"
"987358","11029","4069","38","2024-01-31 02:17:39","54","27","15","12"
"987753","11507","4069","13","2023-05-02 09:51:48","10","8","2","0"
"990750","11226","4067","29","2024-01-16 11:15:11","18","8","4","6"
"992484","347675","4066","345","2024-01-27 02:55:01","120","37","38","45"
"992490","16818","4066","17","2023-12-19 01:26:46","9","3","2","4"
"992600","11003","4254","11","","0","0","0","0"
"993494","14672","4066","6","","0","0","0","0"
"995579","64626","4065","18","2023-05-28 19:42:18","23","21","2","0"
"995714","43610","4173","106","2024-01-24 06:59:52","31","0","25","6"
"995862","58738","4065","10","2023-06-26 16:36:06","2","0","2","0"
"995891","64093","4065","16","","0","0","0","0"
"996081","13810","4065","6","2024-01-22 16:34:14","6","0","0","6"
"997162","17745","4064","6","2024-01-20 11:27:17","3","0","0","3"
"997358","119650","4297","248","2024-01-26 03:42:59","130","64","31","35"
"999042","23341","4062","7","2023-02-23 10:32:40","1","1","0","0"
"999617","10928","4062","13","2024-01-20 14:26:16","20","4","8","8"
"999943","19346","4062","8","2024-01-02 15:52:26","7","1","2","4"
"1000741","10669","4061","5","","0","0","0","0"
"1001884","16507","4061","71","2023-07-31 20:15:24","3","2","1","0"
"1003565","62293","4060","6","2023-04-27 16:11:07","1","1","0","0"
"1005607","12880","4059","20","2023-12-06 17:36:25","31","15","2","14"
"1007220","23258","4058","69","2024-01-30 17:12:32","23","9","3","11"
"1007991","13849","4058","20","2023-06-20 15:47:14","4","1","3","0"
"1008999","38960","4057","23","2023-12-08 10:33:41","11","3","3","5"
"1010363","17861","4055","5","","0","0","0","0"
"1011253","11617","4055","51","2024-01-12 09:36:14","5","4","0","1"
"1011435","13321","4055","17","2023-07-22 15:06:34","3","1","2","0"
"1011695","14141","4055","20","","0","0","0","0"
"1013719","37262","4054","16","2024-01-05 02:48:48","8","1","4","3"
"1015483","17728","4053","12","2023-07-07 00:08:20","3","2","1","0"
"1016216","27490","4052","5","","0","0","0","0"
"1016343","27507","4052","21","2023-12-06 13:12:20","10","6","0","4"
"1016435","35533","4052","97","2024-01-31 19:13:17","24","5","4","15"
"1016588","26202","4052","10","","0","0","0","0"
"1017161","12854","4052","7","","0","0","0","0"
"1017276","17309","4052","9","2024-01-30 13:18:21","7","0","0","7"
"1018140","16031","4051","7","2023-06-30 13:49:10","14","13","1","0"
"1018659","26029","4051","33","","0","0","0","0"
"1021703","26421","4048","57","","0","0","0","0"
"1021725","13842","4048","5","2023-12-20 23:45:52","3","1","0","2"
"1022260","11554","4048","12","2024-01-16 12:43:30","3","1","1","1"
"1022330","13461","4320","5","2023-03-08 17:33:25","2","2","0","0"
"1023553","11997","4047","35","2024-01-27 15:34:34","24","7","5","12"
"1023911","16859","4047","15","","0","0","0","0"
"1024832","11640","4046","15","2023-07-26 17:37:00","18","11","7","0"
"1025391","32660","4046","6","2023-09-01 07:23:27","1","0","0","1"
"1026621","18211","4067","7","2023-02-09 14:28:07","1","1","0","0"
"1027367","12772","4045","7","2023-02-08 10:23:55","2","2","0","0"
"1028230","17801","4045","9","2023-12-18 16:12:15","11","4","5","2"
"1028270","32542","4045","6","2024-01-19 22:10:46","6","1","2","3"
"1028949","17613","4044","7","","0","0","0","0"
"1029088","15868","4044","7","2023-12-25 04:26:18","3","0","0","3"
"1029453","23641","4044","34","2024-01-23 07:09:06","58","19","22","17"
"1030087","17611","4044","8","","0","0","0","0"
"1030675","245598","4043","225","2024-01-31 14:18:00","134","47","20","67"
"1031175","13962","4043","5","","0","0","0","0"
"1031191","12674","4043","9","2024-01-14 18:56:28","5","0","1","4"
"1031556","16939","4043","19","2024-01-24 08:12:16","15","9","2","4"
"1031689","15930","4996","23","2023-11-12 20:45:08","9","3","2","4"
"1031887","10260","4042","47","2024-01-11 21:27:10","48","21","13","14"
"1032372","10372","4042","11","2024-01-18 15:56:26","12","4","6","2"
"1032613","36821","4042","100","2024-01-31 20:33:23","12","8","2","2"
"1032785","35524","4042","17","2023-08-15 02:46:25","2","1","0","1"
"1032890","18044","4042","43","2024-01-17 13:31:07","4","0","0","4"
"1033422","24968","4041","9","2024-01-09 13:11:45","3","0","1","2"
"1033615","13606","4041","7","2023-02-03 17:54:28","1","1","0","0"
"1033654","35340","4041","28","2023-11-27 12:25:53","1","0","0","1"
"1033686","43011","4041","5","2023-03-10 20:22:58","2","2","0","0"
"1035008","33502","4040","8","","0","0","0","0"
"1037407","11648","4039","6","2023-08-29 20:39:44","2","0","1","1"
"1038015","125589","4039","70","2024-01-31 08:37:14","25","5","6","14"
"1041641","19783","4037","38","2023-12-27 19:23:55","14","3","5","6"
"1043380","17776","4036","132","2024-01-27 04:36:22","28","6","5","17"
"1044117","19077","4035","9","2023-09-14 13:59:44","3","1","0","2"
"1045142","36624","4034","182","2023-11-18 09:04:56","18","7","9","2"
"1045881","22750","4034","27","2023-03-02 02:48:19","13","13","0","0"
"1046007","12704","4034","8","2023-09-30 13:20:55","2","0","1","1"
"1046037","17953","4034","41","2023-06-04 10:33:47","4","3","1","0"
"1046610","16508","4033","5","","0","0","0","0"
"1047662","30451","4033","8","2023-12-06 19:35:11","11","2","1","8"
"1047788","30088","4033","33","2024-01-31 13:37:58","45","14","13","18"
"1048425","70034","4033","47","2024-01-25 13:25:46","21","5","0","16"
"1048572","671642","4033","622","2024-01-31 01:09:26","409","116","98","195"
"1050755","11811","4031","6","2023-09-03 07:07:06","1","0","0","1"
"1054558","58080","4030","101","2024-01-26 13:38:01","111","45","29","37"
"1054992","11917","4029","5","2023-07-01 23:44:27","4","2","2","0"
"1055118","19428","4029","19","2023-12-08 11:50:17","7","4","0","3"
"1055279","25845","4029","19","2023-12-08 16:21:10","18","7","6","5"
"1055722","17317","4029","27","2024-01-29 01:18:21","5","1","0","4"
"1056563","64160","4028","29","2023-12-17 06:39:12","25","9","13","3"
"1057052","11419","4027","13","2023-08-09 16:25:08","9","5","2","2"
"1057429","53633","4027","17","2023-08-09 17:01:44","6","0","5","1"
"1057485","22911","4027","39","2023-11-08 09:30:09","11","4","2","5"
"1057547","20984","4027","13","2024-01-20 11:44:51","22","3","8","11"
"1058134","16498","4027","8","2023-12-15 19:19:17","4","2","0","2"
"1059070","10785","4026","8","","0","0","0","0"
"1059101","74746","4026","18","2023-04-28 07:42:51","3","3","0","0"
"1059372","122002","4026","29","2023-12-20 09:38:17","9","2","1","6"
"1059828","16958","4026","7","2023-10-09 15:44:03","4","2","1","1"
"1063716","39862","4024","18","2024-01-09 11:53:30","12","2","5","5"
"1064169","11122","4024","6","2024-01-26 15:06:41","12","4","3","5"
"1064245","73212","4024","26","2023-03-03 17:05:00","1","1","0","0"
"1064767","32546","4024","60","2024-01-29 19:52:34","94","30","39","25"
"1066234","15482","4023","19","2023-12-06 14:31:28","10","1","4","5"
"1066828","31849","4022","21","2024-01-08 11:02:38","10","2","4","4"
"1067003","22670","4022","64","2024-01-22 00:07:32","61","13","12","36"
"1068446","12581","4021","11","2023-11-01 21:11:37","5","0","1","4"
"1068879","41085","4020","5","","0","0","0","0"
"1069083","21377","4020","7","2024-01-17 01:57:37","12","3","0","9"
"1071320","32677","4019","32","2023-12-15 16:54:42","23","6","5","12"
"1072112","47300","4019","7","2023-12-13 19:21:00","5","1","0","4"
"1072187","12882","4019","7","2023-11-14 18:32:56","5","1","0","4"
"1072846","17111","4018","5","2023-02-16 17:12:21","1","1","0","0"
"1073758","22966","4018","42","2023-12-29 17:18:48","51","12","6","33"
"1074097","23737","4018","9","","0","0","0","0"
"1076463","36721","4017","8","","0","0","0","0"
"1076479","12437","4017","7","2023-12-01 20:10:10","2","1","0","1"
"1076640","43706","4016","7","2024-01-23 20:44:39","12","2","5","5"
"1077309","66236","4016","19","2024-01-20 02:15:24","4","0","2","2"
"1077672","32599","4016","38","2023-12-30 01:09:54","15","6","3","6"
"1077789","31383","4016","5","2023-05-25 12:23:18","2","1","1","0"
"1078009","15896","4016","11","2023-07-18 12:36:25","1","0","1","0"
"1078601","14521","4015","23","2023-12-18 19:06:42","27","12","6","9"
"1078969","13760","4015","17","2023-10-10 10:49:23","2","1","0","1"
"1079221","34372","4015","13","","0","0","0","0"
"1079354","107236","4015","19","2023-04-19 23:01:02","11","11","0","0"
"1079990","17963","4014","7","2023-08-02 06:02:01","2","1","0","1"
"1080064","14389","4014","6","2024-01-21 12:03:49","6","5","0","1"
"1080354","44038","4014","8","2023-08-03 05:50:12","153","138","14","1"
"1080923","22432","4013","121","2024-01-31 00:42:56","104","35","39","30"
"1081043","39169","4013","18","2024-01-26 10:04:21","9","1","0","8"
"1081110","80310","4013","79","2023-03-20 05:43:57","8","8","0","0"
"1081396","41712","4013","13","2023-12-19 10:29:46","6","3","0","3"
"1081897","153338","4013","100","2024-01-23 16:19:58","56","20","11","25"
"1082681","68709","4012","139","2024-01-27 01:03:52","111","33","17","61"
"1083093","42946","4012","5","2023-08-13 04:45:18","7","6","0","1"
"1083572","28422","4012","56","2024-01-28 14:07:44","28","4","9","15"
"1083663","49017","4012","112","2023-08-25 12:08:49","4","3","0","1"
"1084174","40598","4012","6","2023-11-22 17:40:10","7","1","1","5"
"1084416","24303","4012","16","2023-10-27 21:46:49","1","0","0","1"
"1084774","60788","4011","25","2024-01-31 00:15:04","25","10","2","13"
"1086121","43592","4011","99","2023-09-29 16:15:54","33","11","14","8"
"1086398","12014","4011","220","2024-01-28 01:04:20","153","66","33","54"
"1087119","21514","4010","77","2024-01-26 16:23:22","38","19","8","11"
"1089161","19645","4009","216","2024-01-26 15:34:00","126","49","29","48"
"1089967","29584","4009","14","2024-01-31 16:28:59","85","10","5","70"
"1090206","23420","4009","34","2023-08-21 21:03:12","4","0","2","2"
"1090438","11614","4009","9","2023-03-23 18:49:42","1","1","0","0"
"1091116","11778","4008","6","2023-05-06 15:31:06","1","0","1","0"
"1091436","10536","4008","5","2023-11-17 15:22:01","7","0","2","5"
"1092818","10802","4007","21","2023-12-01 10:32:17","12","1","3","8"
"1092820","20367","4007","63","","0","0","0","0"
"1094333","24655","4006","88","","0","0","0","0"
"1095108","14757","4005","26","2024-01-18 17:18:23","5","2","1","2"
"1096110","10566","4005","12","2023-11-10 14:56:44","4","0","1","3"
"1097600","10310","4004","11","2023-03-26 10:04:09","2","2","0","0"
"1097780","36613","4004","11","2023-12-06 11:08:17","11","1","1","9"
"1098622","24718","4004","7","2023-09-06 18:54:41","13","7","3","3"
"1098851","123579","4004","34","2023-10-26 14:53:22","8","3","4","1"
"1099571","11555","4755","5","2023-03-12 00:43:41","1","1","0","0"
"1099876","22661","4003","5","","0","0","0","0"
"1100107","85429","4003","354","2024-01-31 23:29:22","382","106","137","139"
"1100248","19564","4003","17","2023-04-12 03:09:29","1","1","0","0"
"1102051","26154","4002","53","2024-01-26 08:59:05","11","5","4","2"
"1103511","26256","4001","410","2024-01-03 11:30:48","143","62","19","62"
"1103561","20590","4001","5","","0","0","0","0"
"1103872","201226","4001","9","2024-01-24 11:48:26","11","0","0","11"
"1103953","23042","4001","14","2023-12-15 13:01:46","12","2","6","4"
"1104384","107681","4000","11","2024-01-01 17:29:01","2","0","0","2"
"1104402","21740","4000","9","","0","0","0","0"
"1104727","11687","4000","14","2024-01-11 18:25:29","18","6","5","7"
"1108032","47096","3998","6","","0","0","0","0"
"1108213","20964","3998","21","","0","0","0","0"
"1108305","23793","3998","45","2024-01-31 22:50:00","161","16","45","100"
"1110423","37306","3997","102","2024-01-11 11:42:36","33","9","5","19"
"1110941","20738","3996","8","","0","0","0","0"
"1112963","20072","3995","14","2024-01-11 07:46:36","2","0","0","2"
"1113002","38536","3995","24","","0","0","0","0"
"1113207","40296","3995","9","2023-07-29 13:01:55","2","0","2","0"
"1113486","28471","3995","21","2023-02-20 15:43:35","1","1","0","0"
"1115360","25325","3993","56","2024-01-02 20:12:30","27","6","9","12"
"1115491","22001","3993","47","2024-01-11 04:04:59","4","1","0","3"
"1116230","12137","3992","42","2023-12-13 08:36:08","20","6","8","6"
"1116391","24710","3992","34","2023-11-18 19:21:52","11","2","2","7"
"1117368","11877","3991","187","2023-10-20 10:29:56","25","24","0","1"
"1117851","18079","3991","9","2023-11-01 08:38:16","7","4","1","2"
"1119863","40740","3990","15","2023-11-05 10:37:09","22","6","4","12"
"1120273","154891","3989","12","2023-12-22 19:46:54","2","1","0","1"
"1121008","10538","3989","114","2023-11-29 13:17:36","7","0","3","4"
"1121249","14828","3989","16","2024-01-29 20:35:56","3","0","1","2"
"1121288","17596","3989","60","2024-01-26 16:30:31","69","13","17","39"
"1121352","16876","3989","5","2023-04-07 21:18:14","4","4","0","0"
"1121497","11647","3989","7","2023-07-18 08:28:29","4","3","1","0"
"1123226","17226","3988","110","2024-01-14 18:00:44","1","0","0","1"
"1123501","20210","3988","13","2023-07-28 14:07:45","6","4","2","0"
"1125159","19536","3986","19","2023-07-22 16:28:48","1","0","1","0"
"1125910","12490","3985","11","2023-06-09 01:48:16","5","1","4","0"
"1126273","13881","3985","11","","0","0","0","0"
"1126841","540021","3985","1034","2024-01-31 17:24:04","451","285","97","69"
"1127114","55840","3984","12","2024-01-27 22:19:06","26","3","9","14"
"1127428","28358","3984","142","2024-01-31 08:00:41","62","15","15","32"
"1129332","32560","3983","10","2023-10-30 15:38:59","8","1","2","5"
"1130542","11903","3983","5","2023-12-02 03:30:25","3","1","0","2"
"1131467","69558","3982","7","2023-06-19 05:32:25","1","0","1","0"
"1134080","10406","3981","5","2024-01-28 10:43:37","8","2","2","4"
"1135954","13855","3980","6","","0","0","0","0"
"1136211","129214","3980","124","2024-01-31 10:47:00","81","19","32","30"
"1137055","13697","3979","18","2023-10-19 20:51:31","4","2","1","1"
"1137174","54498","3979","115","2024-01-22 08:00:13","69","36","14","19"
"1137199","35800","3979","22","2023-12-20 06:57:51","15","8","1","6"
"1137669","41321","3979","5","2023-09-13 14:44:11","1","0","0","1"
"1138192","38919","3978","60","2024-01-07 14:48:15","17","8","4","5"
"1138523","27307","3978","5","","0","0","0","0"
"1139393","33619","3978","10","2023-03-13 22:42:32","1","1","0","0"
"1139697","106664","3978","5","","0","0","0","0"
"1139830","32840","3978","10","2024-01-31 17:15:13","6","4","0","2"
"1140579","149930","3977","38","2024-01-17 19:10:37","34","11","7","16"
"1141089","10111","3977","5","2023-05-31 09:13:06","2","0","2","0"
"1141493","26521","3977","9","2023-07-17 05:23:40","3","0","3","0"
"1141918","33600","4113","7","2023-08-15 19:16:06","2","0","0","2"
"1142348","14328","4163","9","2023-11-03 04:51:58","3","0","0","3"
"1143850","12627","3976","64","2024-01-19 14:33:58","47","18","11","18"
"1144627","18506","3975","14","2023-08-11 13:25:57","5","1","3","1"
"1145388","25858","3975","130","2024-01-31 10:49:31","46","15","8","23"
"1145666","33757","3975","10","2023-10-04 08:25:01","3","2","0","1"
"1146363","48934","3975","14","2023-08-07 14:28:32","10","7","2","1"
"1147688","17953","3974","38","2023-12-16 14:39:17","24","0","11","13"
"1150683","28928","3972","7","2023-09-10 08:32:26","5","2","2","1"
"1150712","34294","3972","76","","0","0","0","0"
"1151521","23883","3971","7","2023-10-01 14:38:28","1","0","0","1"
"1151741","12936","3971","30","2023-12-20 12:04:07","6","2","1","3"
"1151916","17185","3971","12","2023-09-29 05:55:12","3","1","1","1"
"1151929","14020","3971","15","2023-08-21 10:35:59","6","1","1","4"
"1153938","35005","3970","7","2023-04-05 13:31:24","1","1","0","0"
"1155209","160632","3969","216","2024-01-31 05:56:35","154","15","31","108"
"1156452","22770","3969","83","2024-01-17 17:09:05","40","12","18","10"
"1157814","36739","3968","9","2023-11-10 04:21:27","5","3","1","1"
"1159478","203841","3968","7","2023-12-20 16:49:07","5","1","0","4"
"1160445","12992","3967","8","","0","0","0","0"
"1161878","47146","4404","42","2023-08-10 03:56:52","3","1","1","1"
"1162409","17506","3966","20","2023-10-19 10:59:12","10","1","4","5"
"1163423","59451","3965","29","2023-09-12 10:51:35","2","1","0","1"
"1164465","24582","3964","17","2024-01-30 01:16:31","3","0","1","2"
"1165509","24218","3964","6","","0","0","0","0"
"1165998","34203","3964","60","2023-04-12 14:06:32","15","15","0","0"
"1166285","23274","3963","21","2023-08-07 16:35:35","4","2","1","1"
"1166684","24500","3963","14","2023-12-29 19:46:23","1","0","0","1"
"1166880","17206","3963","12","2023-03-12 22:10:52","1","1","0","0"
"1168342","13217","3962","53","2024-01-15 13:59:05","21","6","4","11"
"1168588","18060","3962","6","2024-01-05 17:13:43","5","0","2","3"
"1169096","32528","3962","10","2024-01-24 08:46:28","14","1","1","12"
"1169349","11345","3962","12","2023-10-02 10:01:14","2","1","0","1"
"1169519","23496","3962","15","2024-01-20 12:32:50","2","1","0","1"
"1170677","19211","3961","5","2023-05-08 11:41:54","1","0","1","0"
"1171509","11673","3961","5","2023-07-05 23:04:37","2","1","1","0"
"1171619","35314","3961","11","","0","0","0","0"
"1172002","109472","3961","7","2024-01-31 18:48:01","11","2","4","5"
"1172189","11626","3961","47","2023-12-23 18:21:02","22","5","7","10"
"1173495","10217","3960","37","2023-09-25 12:38:02","2","0","0","2"
"1174024","10779","3960","14","2023-08-04 18:18:20","5","0","4","1"
"1175966","171692","3958","37","","0","0","0","0"
"1177147","16194","3957","23","2023-02-15 09:51:30","3","3","0","0"
"1179573","11617","4206","9","2023-11-30 17:58:34","14","3","5","6"
"1180351","10354","3956","168","2024-01-29 10:36:42","80","13","10","57"
"1180620","115747","3956","262","2024-01-31 05:38:00","245","63","91","91"
"1180728","10129","3956","10","2023-12-22 11:25:19","17","10","2","5"
"1182464","27215","3955","10","2024-01-02 10:42:34","5","2","0","3"
"1184717","10267","3954","11","2023-09-04 16:06:48","1","0","0","1"
"1185254","11459","3954","13","2023-09-21 10:55:55","2","1","0","1"
"1185624","12829","3954","5","2023-11-03 03:42:57","4","3","0","1"
"1187415","541716","3953","35","2024-01-15 16:27:14","5","3","0","2"
"1188322","34197","3953","68","2024-01-08 12:37:27","13","8","1","4"
"1188513","71587","3953","22","2024-01-20 13:17:06","2","0","0","2"
"1189885","77497","3952","45","","0","0","0","0"
"1191247","13014","3951","132","2024-01-31 20:10:53","274","128","38","108"
"1191259","66902","3951","5","2023-06-23 05:27:16","2","1","1","0"
"1192111","11576","3950","11","","0","0","0","0"
"1192188","10228","3950","5","","0","0","0","0"
"1194415","88007","3949","49","2023-10-24 10:16:03","4","0","3","1"
"1197045","10744","3948","19","2023-09-28 22:09:21","6","0","1","5"
"1197251","10255","3948","51","2024-01-16 19:24:12","91","75","14","2"
"1197518","216651","3948","79","2024-01-10 14:13:24","16","8","5","3"
"1199289","12059","3947","16","2023-07-13 10:22:32","4","1","3","0"
"1199464","12974","3947","22","2024-01-25 12:02:26","23","0","2","21"
"1200545","46904","3947","17","2023-05-23 15:34:41","7","5","2","0"
"1201725","10893","3946","5","2023-10-31 08:36:57","3","2","0","1"
"1202807","41715","3946","194","2023-11-29 20:40:02","57","24","20","13"
"1204143","181029","3945","13","2024-01-15 22:38:46","17","1","7","9"
"1205871","58251","3943","33","2024-01-25 11:57:19","33","4","5","24"
"1207489","10230","3943","6","2023-12-13 17:38:55","6","3","2","1"
"1209921","13302","3942","86","2023-12-23 21:29:05","14","4","6","4"
"1210329","161649","3941","64","2024-01-28 20:01:36","22","7","6","9"
"1211528","43928","4255","16","2023-12-19 13:59:02","2","0","0","2"
"1212012","10149","3941","49","2024-01-18 08:51:12","21","9","3","9"
"1212166","13388","3941","28","2024-01-31 15:05:21","22","7","5","10"
"1212401","12462","3941","39","2023-10-23 08:19:48","29","22","5","2"
"1212596","84429","3941","7","2023-10-04 12:37:40","16","5","8","3"
"1213708","57323","3940","40","2023-12-22 22:02:58","29","4","7","18"
"1215076","19042","3940","25","2024-01-15 16:35:09","14","1","6","7"
"1215291","14091","3939","13","2023-02-18 01:35:20","1","1","0","0"
"1215344","13288","3939","9","2023-05-08 13:48:28","1","0","1","0"
"1216776","13308","3939","54","2024-01-08 19:38:48","18","5","6","7"
"1217358","115950","3939","132","2023-12-20 14:17:11","27","11","5","11"
"1218408","15907","3938","9","2023-07-14 22:22:40","1","0","1","0"
"1218512","22773","3938","78","2023-10-06 20:41:59","16","15","0","1"
"1218618","18607","3937","9","2023-11-21 09:40:25","13","1","0","12"
"1218980","17521","3937","6","","0","0","0","0"
"1219280","11738","3937","8","2024-01-30 22:38:36","4","0","2","2"
"1219295","43805","3937","213","2023-09-03 17:20:22","12","7","3","2"
"1219755","26144","3937","5","2023-11-25 23:42:33","2","1","0","1"
"1220364","12905","3936","116","","0","0","0","0"
"1220550","24823","3936","59","2024-01-29 23:45:32","47","5","13","29"
"1221571","395204","3936","40","2024-01-21 06:43:10","10","1","0","9"
"1222951","44186","3935","7","2023-03-26 21:31:46","1","1","0","0"
"1223975","102178","3935","21","2024-01-16 20:06:46","15","0","0","15"
"1224069","12465","3935","6","2023-07-20 18:55:15","2","0","2","0"
"1225328","48957","3934","23","2024-01-22 08:10:25","2","0","0","2"
"1225617","23402","3934","68","2023-12-24 13:48:49","44","13","15","16"
"1226150","11777","3934","5","","0","0","0","0"
"1227152","19143","3934","11","2024-01-22 13:19:33","7","4","1","2"
"1229023","106973","3933","22","2023-12-02 10:08:22","4","1","2","1"
"1229624","24805","3933","5","","0","0","0","0"
"1230836","76776","3932","34","2024-01-10 13:54:10","11","5","3","3"
"1231450","43293","3932","11","2024-01-29 20:48:12","17","4","5","8"
"1233251","30700","3930","30","2023-12-20 11:34:33","9","2","2","5"
"1233320","12812","3930","7","","0","0","0","0"
"1233652","14046","3930","5","2024-01-31 22:16:50","2","0","0","2"
"1235698","75836","3929","32","2024-01-30 07:10:51","118","48","11","59"
"1235929","20384","4075","12","2023-12-06 16:00:44","2","0","0","2"
"1236044","15488","3929","19","2023-03-01 14:29:35","2","2","0","0"
"1237575","44392","3928","55","2024-01-28 19:20:49","31","7","13","11"
"1238019","68891","3928","11","2023-06-27 19:32:52","4","3","1","0"
"1238413","13844","3928","21","2023-08-28 14:46:15","2","1","0","1"
"1238965","22568","3928","9","2024-01-28 12:39:01","18","11","6","1"
"1240763","176056","3927","475","2023-11-27 16:48:19","264","91","84","89"
"1242842","10693","3926","5","2023-07-18 13:25:00","2","0","2","0"
"1243247","16603","3926","27","2023-09-16 13:12:07","15","12","2","1"
"1243641","50918","3926","314","2024-01-31 15:42:18","65","25","23","17"
"1243762","25186","3926","14","","0","0","0","0"
"1244597","12288","3925","14","2023-02-19 15:18:16","1","1","0","0"
"1244884","19352","3925","41","2023-11-03 20:33:12","8","4","2","2"
"1245450","18174","3925","84","2024-01-16 17:14:53","69","19","18","32"
"1248114","43231","3923","110","2024-01-27 14:31:49","58","19","18","21"
"1248175","47158","3923","9","2023-06-28 14:22:06","4","2","2","0"
"1248177","23875","3923","36","2023-06-22 17:40:03","2","1","1","0"
"1248295","20079","3923","7","2024-01-27 04:04:05","11","5","3","3"
"1249641","24213","3922","42","2023-08-09 08:53:05","14","12","1","1"
"1249962","27676","3922","94","2024-01-31 10:34:31","181","72","39","70"
"1250772","59323","3922","68","2024-01-31 03:46:51","123","6","46","71"
"1252647","16217","3921","5","","0","0","0","0"
"1252759","142952","3921","63","2023-11-16 16:38:33","1","0","0","1"
"1252916","11294","3921","10","","0","0","0","0"
"1254917","10846","3920","12","2023-02-07 13:54:30","1","1","0","0"
"1255289","42420","3920","95","2024-01-11 16:08:10","35","11","15","9"
"1255356","11176","3920","15","2024-01-18 13:40:59","2","1","0","1"
"1255873","25474","3920","17","2023-11-08 17:17:30","29","12","9","8"
"1256041","38029","3919","16","2024-01-08 17:39:57","6","1","2","3"
"1256452","502899","3919","838","","0","0","0","0"
"1256697","13818","3919","8","2023-11-23 16:11:16","1","0","0","1"
"1258041","66533","3919","9","2023-04-14 19:29:09","1","1","0","0"
"1260204","62476","3918","10","2023-04-19 18:09:31","4","4","0","0"
"1260906","11894","3917","5","2023-03-25 09:52:22","1","1","0","0"
"1261281","13738","3917","7","","0","0","0","0"
"1261825","26849","3916","19","","0","0","0","0"
"1262551","25462","3916","6","","0","0","0","0"
"1263942","29990","3915","5","","0","0","0","0"
"1264304","11131","3915","25","2024-01-16 16:43:37","16","9","6","1"
"1264804","61438","4242","328","2024-01-26 22:11:49","125","45","39","41"
"1264846","12254","3915","9","","0","0","0","0"
"1265240","23581","3915","6","","0","0","0","0"
"1265393","35680","3914","5","2023-04-03 17:24:17","1","1","0","0"
"1266040","25400","3914","15","2024-01-27 10:09:25","17","7","6","4"
"1266109","21155","3914","8","2024-01-10 05:55:45","1","0","0","1"
"1266756","42696","3914","75","2024-01-24 12:43:06","45","10","13","22"
"1267304","21545","3914","18","2023-07-25 18:43:53","3","1","2","0"
"1267778","23221","3913","6","2023-02-05 21:19:31","1","1","0","0"
"1269567","70277","3913","237","2024-01-28 10:41:17","82","26","23","33"
"1270003","15454","3913","8","2023-12-03 02:22:52","1","0","0","1"
"1270789","15236","3912","18","2023-12-12 05:51:25","7","5","1","1"
"1271826","441734","3912","295","2024-01-31 17:13:14","227","67","60","100"
"1272950","16442","3911","11","","0","0","0","0"
"1273080","38522","3911","9","2023-03-28 21:32:56","1","1","0","0"
"1274485","15939","3911","7","2024-01-21 20:17:01","2","1","0","1"
"1275169","122540","3910","14","2023-05-11 08:22:50","2","1","1","0"
"1275832","11722","3910","5","2023-08-31 13:49:54","4","0","3","1"
"1276664","29091","3909","152","2024-01-31 13:58:50","67","20","20","27"
"1281433","86267","3907","7","2024-01-05 21:17:01","3","1","1","1"
"1283554","17825","4548","13","2023-03-13 09:53:42","4","4","0","0"
"1283845","23566","3906","6","","0","0","0","0"
"1284760","12183","3905","7","","0","0","0","0"
"1287856","10795","3904","21","2023-12-26 22:39:39","9","5","3","1"
"1290731","62648","3902","154","2024-01-07 21:59:44","106","26","41","39"
"1290746","12826","3902","5","2023-11-07 06:20:44","4","0","2","2"
"1291492","35269","3902","174","2024-01-24 18:47:16","50","0","11","39"
"1292050","16671","3901","9","2023-08-24 10:06:03","3","2","0","1"
"1292464","26099","3901","11","2024-01-27 07:00:55","6","1","0","5"
"1292848","102794","3901","104","2023-06-23 04:17:34","4","2","2","0"
"1293244","15120","3901","31","2023-03-10 10:02:27","2","2","0","0"
"1294207","34536","3901","34","2023-10-05 22:53:02","16","13","2","1"
"1294667","12071","3900","7","2023-10-28 15:23:23","11","4","4","3"
"1296178","10274","3900","5","2023-10-11 19:26:57","5","1","3","1"
"1296746","10820","4332","34","2023-11-04 05:47:54","10","5","2","3"
"1297272","12467","3899","7","","0","0","0","0"
"1299005","16730","4335","16","2023-10-26 20:33:58","2","0","0","2"
"1299362","16623","3899","11","2024-01-24 00:22:22","5","2","0","3"
"1300730","11205","3898","11","2023-10-28 14:19:31","3","2","0","1"
"1301972","85243","3898","88","2024-01-18 11:03:41","41","13","10","18"
"1305121","27970","3896","74","2024-01-06 08:06:00","66","14","23","29"
"1305344","75141","3896","18","2023-06-09 08:58:25","16","9","7","0"
"1305693","16968","3895","50","2024-01-25 15:31:06","30","15","9","6"
"1305969","29130","3895","94","2023-07-31 15:46:39","23","1","22","0"
"1307905","78621","3894","130","2024-01-24 10:39:55","90","39","25","26"
"1310511","12312","3893","5","2023-12-28 17:22:23","3","1","0","2"
"1310929","19438","3893","22","","0","0","0","0"
"1312382","25635","3892","127","2024-01-25 18:49:43","66","14","34","18"
"1313233","17525","3892","6","","0","0","0","0"
"1314762","12205","3891","20","2024-01-02 20:18:34","31","9","7","15"
"1315009","11185","3891","5","2023-11-30 23:43:01","8","2","2","4"
"1315444","46273","3891","38","2023-07-10 07:17:16","13","10","3","0"
"1315767","61427","3891","108","2024-01-03 16:30:51","38","8","0","30"
"1317018","25389","3890","7","","0","0","0","0"
"1318694","75879","3889","46","2023-12-22 08:35:12","35","28","1","6"
"1318946","62629","3889","24","2024-01-02 06:10:32","9","0","4","5"
"1319998","27420","3888","26","2024-01-14 10:15:26","14","0","2","12"
"1320510","20708","5139","11","2023-10-21 00:04:07","5","0","0","5"
"1320693","24824","3888","27","2024-01-31 04:28:40","28","7","6","15"
"1320845","26313","3888","29","","0","0","0","0"
"1321564","24707","3887","5","","0","0","0","0"
"1321917","32727","3887","9","2023-10-05 13:42:54","8","2","3","3"
"1322268","18052","3887","175","2024-01-29 16:36:05","107","31","36","40"
"1322401","45830","4535","39","2024-01-19 01:17:59","10","2","5","3"
"1322972","66500","3886","100","2023-02-19 12:12:36","1","1","0","0"
"1324033","43399","3886","43","2023-10-30 09:41:28","5","0","1","4"
"1326518","11038","3885","92","2024-01-21 12:10:37","46","8","9","29"
"1326913","12914","3885","12","","0","0","0","0"
"1328439","17363","3884","38","2023-11-11 13:55:37","15","6","3","6"
"1329116","12972","3884","17","2023-07-16 12:44:28","1","0","1","0"
"1329652","99341","3884","9","2024-01-04 20:44:06","9","1","1","7"
"1331399","47929","3883","35","2023-10-27 11:14:53","29","6","7","16"
"1331425","54792","3883","5","2023-08-29 10:01:05","3","2","0","1"
"1331451","54443","3883","29","2023-02-06 12:10:23","1","1","0","0"
"1333025","63703","3882","9","2023-10-07 20:11:09","4","0","0","4"
"1336654","62552","3880","20","2023-11-22 21:26:43","17","12","2","3"
"1337392","17867","3880","17","2024-01-18 15:27:23","16","2","2","12"
"1340631","21713","3878","14","2023-10-25 07:27:51","11","3","4","4"
"1342082","21545","3878","19","2023-11-16 19:23:35","15","7","1","7"
"1344825","18326","3877","26","2024-01-31 22:32:06","30","6","6","18"
"1346234","43905","3876","179","2024-01-16 09:14:44","83","24","27","32"
"1346276","21108","3876","57","2023-09-13 14:32:40","7","5","0","2"
"1347784","11376","3875","19","2024-01-29 21:45:18","10","4","2","4"
"1347953","12148","3875","6","","0","0","0","0"
"1348195","277853","3875","18","2023-10-28 14:11:34","2","0","1","1"
"1350987","12259","3873","8","2023-04-28 23:35:16","1","1","0","0"
"1351469","53525","3873","40","2023-12-14 15:53:31","15","3","4","8"
"1353011","97892","3872","61","2024-01-28 06:12:04","18","8","5","5"
"1354378","12280","3872","51","2023-10-25 21:17:44","8","4","1","3"
"1356107","28979","3871","24","2023-11-22 15:35:41","1","0","0","1"
"1356110","11019","3871","5","","0","0","0","0"
"1357015","11746","3871","8","","0","0","0","0"
"1358308","16513","3870","69","2024-01-17 15:26:00","37","11","11","15"
"1359058","12069","3870","5","","0","0","0","0"
"1359668","43811","3870","7","2023-09-27 15:26:30","2","1","0","1"
"1360730","11304","3869","5","2023-07-20 04:27:37","1","0","1","0"
"1361787","14016","3869","11","","0","0","0","0"
"1362755","43602","3868","28","2024-01-27 11:14:18","24","10","7","7"
"1364288","28036","3867","20","2024-01-27 15:06:41","4","2","1","1"
"1364771","21327","3867","16","2023-08-23 16:30:02","4","2","1","1"
"1366033","31434","3866","40","2024-01-26 14:24:33","40","19","9","12"
"1366368","11221","3866","10","2023-12-08 16:52:26","2","1","0","1"
"1366871","52808","3866","54","2023-11-12 11:55:32","16","11","2","3"
"1367454","24733","3865","322","2024-01-10 16:25:53","46","1","17","28"
"1369235","32767","3864","13","2023-04-19 06:40:23","1","1","0","0"
"1371329","17488","3863","25","2024-01-04 15:27:19","20","9","5","6"
"1374437","75000","3862","23","2023-10-09 09:47:45","7","3","2","2"
"1374461","15161","3862","12","2023-05-01 12:40:17","1","0","1","0"
"1376536","11146","3861","6","2023-09-19 08:47:47","3","1","1","1"
"1376618","23171","3861","345","2024-01-19 20:59:51","83","38","10","35"
"1376627","11122","3861","12","2023-07-03 15:52:00","2","1","1","0"
"1377002","63672","3861","675","2024-01-29 18:17:46","145","60","62","23"
"1377097","16960","3861","9","2023-05-03 14:26:58","2","1","1","0"
"1377145","17945","3861","10","2023-07-27 12:05:12","4","1","3","0"
"1377895","13034","3860","9","2024-01-31 03:06:11","5","1","2","2"
"1379286","23201","3859","8","","0","0","0","0"
"1384297","117874","3857","93","2024-01-12 16:22:37","80","31","22","27"
"1384539","18447","3857","69","2024-01-23 20:54:16","58","24","14","20"
"1386054","50180","4962","18","2024-01-23 01:18:58","25","2","10","13"
"1386551","32938","3856","359","2023-09-05 08:27:54","5","1","1","3"
"1387174","12328","3856","9","2023-03-10 04:58:40","15","15","0","0"
"1387438","40961","3856","194","2024-01-31 17:33:28","80","29","21","30"
"1387519","25131","3856","18","2024-01-13 01:30:32","4","0","3","1"
"1388017","19651","3856","8","","0","0","0","0"
"1388116","14485","3856","26","2023-02-23 23:13:27","1","1","0","0"
"1388192","18492","4854","5","2023-09-26 13:12:49","2","0","0","2"
"1388292","17129","3856","42","","0","0","0","0"
"1390192","11580","3855","27","2023-12-28 00:43:35","3","2","0","1"
"1390548","11455","3854","11","2023-07-22 19:03:24","1","0","1","0"
"1392379","60633","3853","72","2024-01-30 18:04:10","16","9","2","5"
"1393766","124595","3852","16","","0","0","0","0"
"1394353","12329","3852","65","2023-12-12 06:26:34","14","7","0","7"
"1394697","14402","3852","12","2023-11-27 20:57:06","4","2","1","1"
"1394729","15614","3852","56","2023-12-28 20:22:29","36","14","8","14"
"1397946","11537","3850","6","2024-01-19 22:30:02","3","0","0","3"
"1399491","38563","3850","8","2023-06-27 00:30:21","5","2","3","0"
"1400793","58934","3849","99","2024-01-02 20:29:45","18","7","5","6"
"1401351","15102","3849","7","2023-11-13 14:05:36","1","0","0","1"
"1401560","17362","3849","13","2024-01-02 14:47:02","9","1","2","6"
"1401879","18893","3849","6","2023-09-24 13:32:00","1","0","0","1"
"1404726","17700","3847","14","2023-07-01 00:47:57","1","0","1","0"
"1405065","105702","3847","163","2024-01-18 20:25:44","62","24","11","27"
"1405634","50941","3847","19","2024-01-29 10:41:03","9","1","0","8"
"1407491","10924","3845","10","2023-09-14 10:26:12","4","1","2","1"
"1407656","18671","3845","12","2023-09-05 15:22:28","3","0","0","3"
"1408129","24644","5187","6","2023-08-18 15:11:48","3","2","0","1"
"1408347","13873","3845","10","2023-12-29 15:39:40","5","0","1","4"
"1409374","12052","3844","234","2023-11-24 18:01:08","92","34","28","30"
"1410303","14321","3844","293","2023-05-05 15:29:30","87","85","2","0"
"1410664","75091","3844","613","","0","0","0","0"
"1411457","31125","3843","19","2024-01-16 00:49:17","12","3","3","6"
"1412059","134898","3843","46","2024-01-25 06:30:22","72","22","14","36"
"1413244","10077","3843","116","2023-11-28 18:08:43","51","20","18","13"
"1413395","88957","3843","6","2023-09-21 14:26:22","3","1","1","1"
"1413856","17267","3842","27","2023-11-01 06:20:42","9","2","4","3"
"1414809","11488","4172","5","2023-11-29 14:37:50","5","2","2","1"
"1415614","34505","3842","11","2023-11-22 15:13:27","4","1","1","2"
"1417694","14449","3841","9","2024-01-14 15:37:52","6","0","0","6"
"1419272","15943","3840","44","","0","0","0","0"
"1420197","114553","3912","14","","0","0","0","0"
"1420625","21933","3839","11","2023-11-07 10:27:07","10","1","7","2"
"1422096","47952","3838","42","2024-01-29 16:18:20","18","2","3","13"
"1422451","108107","3838","356","2024-01-21 06:10:27","87","29","29","29"
"1424244","13546","3837","39","2024-01-04 01:33:13","24","9","5","10"
"1424875","41601","3837","31","2024-01-06 01:22:13","16","7","3","6"
"1424877","29391","3837","14","2023-10-25 14:03:58","16","5","5","6"
"1426065","103273","3836","109","2023-05-25 21:38:20","24","23","1","0"
"1426469","12573","3836","6","2023-11-16 08:46:19","2","0","0","2"
"1426539","48253","3836","73","2024-01-22 09:28:41","18","0","2","16"
"1426788","36320","3836","7","2023-09-14 21:00:43","6","1","3","2"
"1426891","96425","3836","132","2024-01-06 03:40:23","40","11","9","20"
"1427309","11254","3835","53","","0","0","0","0"
"1427416","253321","3835","7","","0","0","0","0"
"1427878","98120","3835","140","2024-01-31 08:48:19","134","30","25","79"
"1428606","27256","3835","20","2023-11-17 11:30:15","6","2","0","4"
"1428679","57691","3835","35","2024-01-13 22:46:57","17","2","3","12"
"1429053","13871","3835","7","2023-08-04 21:35:55","1","0","0","1"
"1429387","38811","3835","10","2024-01-29 20:53:30","12","4","1","7"
"1429487","10711","3835","14","2023-12-19 09:31:21","3","1","0","2"
"1430810","15978","3834","6","2023-03-20 12:37:22","2","2","0","0"
"1431042","12632","3834","7","2023-11-22 14:28:33","4","0","0","4"
"1431244","10033","3834","5","2023-12-13 02:34:42","7","5","1","1"
"1431750","16833","3834","35","2024-01-18 23:36:21","26","0","0","26"
"1433268","15800","3832","12","2023-12-18 01:49:26","9","2","0","7"
"1435240","11955","3831","16","2024-01-12 21:29:25","10","3","2","5"
"1435543","11005","3831","161","2024-01-25 17:00:07","142","49","49","44"
"1435741","17943","3831","5","","0","0","0","0"
"1435869","67783","3831","54","2023-12-25 17:48:03","17","4","3","10"
"1438339","36623","3830","8","2024-01-30 16:55:13","4","2","0","2"
"1439305","21961","3829","6","2023-12-13 17:16:16","9","4","0","5"
"1440565","84061","3829","312","2024-01-06 05:42:57","85","41","26","18"
"1441122","133731","3828","5","2024-01-23 06:55:45","2","0","0","2"
"1441328","19099","3828","11","2024-01-01 17:55:28","8","2","2","4"
"1442917","26932","3828","21","2024-01-30 01:01:16","10","0","1","9"
"1442918","11147","3828","14","2023-09-12 16:03:57","6","4","1","1"
"1444609","23511","3827","23","2024-01-17 20:07:20","3","0","0","3"
"1445366","66417","3827","7","2023-11-06 12:48:44","3","1","1","1"
"1446916","37227","3825","15","2023-11-19 07:28:22","5","1","0","4"
"1447509","40501","3825","40","2024-01-30 17:21:44","49","12","9","28"
"1447675","388135","3825","715","2024-01-31 17:06:45","243","144","21","78"
"1453822","82214","3822","82","2024-01-30 14:09:33","12","0","4","8"
"1457000","25645","3821","9","2023-05-29 01:21:59","1","0","1","0"
"1457380","10657","3997","11","","0","0","0","0"
"1458413","18279","3820","9","2023-05-22 12:44:41","1","0","1","0"
"1461050","65301","3819","37","2023-11-17 18:26:07","32","15","13","4"
"1461850","31448","3818","22","2023-09-24 17:23:20","21","17","1","3"
"1461862","10982","3818","36","2023-10-31 01:27:36","6","2","2","2"
"1462718","23545","3817","5","2023-12-18 19:40:44","3","1","1","1"
"1463518","13690","3817","5","2024-01-31 11:51:21","9","1","2","6"
"1464084","16796","3817","55","2024-01-30 02:03:44","21","0","1","20"
"1466267","13742","3816","13","2023-12-18 21:52:24","11","3","3","5"
"1466970","18088","3816","7","2023-12-18 21:33:33","6","1","0","5"
"1467988","11672","3815","12","2023-04-07 11:41:00","6","6","0","0"
"1468366","61937","3815","14","2024-01-08 21:32:35","16","6","1","9"
"1470092","11974","3815","69","2024-01-20 16:49:44","19","1","10","8"
"1470327","15312","3815","12","2023-12-12 20:03:52","12","3","2","7"
"1470607","25468","3815","21","2024-01-29 15:18:39","6","1","3","2"
"1471485","11607","3814","61","2024-01-31 12:58:59","5","1","2","2"
"1475228","19088","3813","9","2023-08-16 18:41:42","1","0","0","1"
"1477667","48809","3811","26","","0","0","0","0"
"1479535","15928","3810","9","2023-10-27 00:18:34","8","0","4","4"
"1480018","13492","4642","16","2023-03-22 13:59:28","1","1","0","0"
"1480391","31336","3810","5","","0","0","0","0"
"1483977","16338","3809","11","2023-02-10 01:33:21","2","2","0","0"
"1485872","35709","3808","38","2023-11-27 08:06:11","18","4","7","7"
"1485885","11803","3808","8","2023-02-14 10:02:06","1","1","0","0"
"1485926","12442","3808","14","2024-01-15 14:26:21","14","1","4","9"
"1485955","10245","3808","31","2024-01-17 15:14:43","26","8","13","5"
"1486742","10400","3808","9","2024-01-04 17:00:04","1","0","0","1"
"1489726","10629","3807","8","2023-11-16 11:50:53","5","2","2","1"
"1491707","12018","3806","22","2024-01-08 16:32:37","26","0","11","15"
"1491895","790742","3806","2927","2024-01-31 23:08:52","1385","398","353","634"
"1492496","15162","3805","101","2024-01-23 00:57:32","40","6","9","25"
"1494519","22374","3804","10","2023-12-06 00:24:00","8","4","3","1"
"1494989","11542","3803","12","2023-02-10 01:20:38","4","4","0","0"
"1495595","12689","3803","29","2023-04-20 11:33:33","2","2","0","0"
"1497139","16084","3803","23","2024-01-22 17:11:37","13","5","5","3"
"1497454","44743","3802","7","2023-11-20 22:21:22","1","0","0","1"
"1498427","18766","3802","25","2023-10-25 22:18:58","4","2","0","2"
"1499296","17622","3802","6","2023-09-12 17:01:03","3","2","0","1"
"1502079","36365","3801","6","2023-10-29 12:00:19","5","2","2","1"
"1504556","19541","3800","13","2024-01-05 08:00:18","10","1","0","9"
"1505939","142873","3799","17","2024-01-30 02:00:05","14","4","4","6"
"1506338","18775","3799","17","2024-01-28 16:28:27","21","7","5","9"
"1506387","34414","3799","84","2024-01-23 12:40:08","37","17","10","10"
"1506454","35950","3799","80","2024-01-08 09:22:29","28","11","4","13"
"1509264","173704","3798","1733","2024-01-31 11:37:14","1203","335","296","572"
"1514861","23691","3795","596","2024-01-31 13:20:45","265","74","88","103"
"1515052","20270","3795","19","2023-08-31 12:21:54","4","3","0","1"
"1515819","23193","3795","11","2024-01-10 14:02:08","7","4","0","3"
"1519199","10320","3794","18","2023-10-24 14:35:29","6","2","2","2"
"1521179","57896","3793","22","2023-05-23 13:19:15","2","1","1","0"
"1524450","58717","3792","17","2023-03-26 11:33:09","5","5","0","0"
"1527504","14469","3790","76","2023-08-16 21:27:18","5","1","3","1"
"1527544","32748","3790","139","2024-01-19 13:55:47","29","12","8","9"
"1527780","10561","3789","73","2023-09-09 19:52:06","59","27","29","3"
"1529346","35359","3789","15","2024-01-30 15:57:20","2","0","0","2"
"1529709","10782","3789","20","2023-12-08 10:12:29","10","4","0","6"
"1531054","29444","3788","5","2023-04-04 09:27:50","1","1","0","0"
"1531124","140935","3788","41","2023-02-08 14:10:19","1","1","0","0"
"1532460","33886","3788","6","","0","0","0","0"
"1533576","49410","3787","33","2024-01-13 13:34:00","32","17","3","12"
"1533609","32200","3787","6","2023-12-30 11:56:54","3","1","0","2"
"1534017","26309","3787","5","2023-07-02 02:36:23","1","0","1","0"
"1536309","20297","3787","8","2024-01-16 20:16:48","3","2","0","1"
"1537195","16548","3786","67","2023-08-09 09:10:52","40","23","14","3"
"1540350","12899","3785","26","2024-01-27 15:26:32","17","5","6","6"
"1540468","21689","3785","6","2023-11-17 00:49:49","2","0","1","1"
"1540818","38463","3785","212","2024-01-31 13:07:57","74","27","20","27"
"1541563","52532","3785","27","2024-01-20 21:23:40","10","1","2","7"
"1542667","13728","3784","124","2023-10-11 10:15:54","12","4","7","1"
"1542723","19002","3784","7","2024-01-28 10:32:13","4","1","0","3"
"1543885","14278","3783","5","2023-06-03 14:14:25","2","0","2","0"
"1544203","19190","3783","26","2023-09-29 17:38:21","16","8","3","5"
"1544886","16559","3782","8","2023-12-19 08:59:06","3","2","0","1"
"1545088","24284","3782","8","2023-05-16 15:41:15","3","2","1","0"
"1545308","16562","3782","7","2023-05-22 20:48:02","1","0","1","0"
"1547004","38080","3782","6","2023-03-28 21:38:21","2","2","0","0"
"1548432","19956","3781","6","2024-01-22 15:04:28","3","0","0","3"
"1548468","32195","3781","153","2024-01-29 09:04:11","159","48","27","84"
"1549541","14503","3781","5","","0","0","0","0"
"1549918","32684","3781","18","2023-12-01 05:28:31","9","2","5","2"
"1550696","10185","3780","21","2023-11-16 22:34:48","8","2","2","4"
"1552534","40227","3780","492","2024-01-29 20:00:46","328","101","88","139"
"1552587","22574","3780","15","2023-12-19 16:30:28","17","3","4","10"
"1552748","68835","3780","27","2023-11-13 23:43:23","6","2","1","3"
"1553090","63701","3780","141","2024-01-31 06:57:56","71","27","13","31"
"1553537","11536","3779","18","2023-12-11 16:32:11","14","4","2","8"
"1553851","51086","3779","77","2024-01-31 00:33:56","53","23","20","10"
"1553888","54835","3779","14","2023-07-26 12:52:56","1","0","1","0"
"1554020","14904","3779","6","2023-08-04 22:38:15","3","0","2","1"
"1555312","27755","3779","8","","0","0","0","0"
"1555615","11316","3779","24","2024-01-10 13:05:39","18","3","5","10"
"1556290","13155","3779","10","2023-12-20 15:42:08","11","3","1","7"
"1559386","11951","3777","26","2023-11-06 09:09:19","10","7","1","2"
"1563833","12182","3775","108","2024-01-24 17:52:41","55","16","10","29"
"1564065","10643","3788","10","2023-02-07 11:24:07","1","1","0","0"
"1565512","13772","3774","73","2023-09-19 17:37:35","2","0","1","1"
"1565525","32518","3774","15","2023-09-12 21:21:23","4","2","1","1"
"1565698","49045","3774","31","2023-12-11 15:49:17","29","7","9","13"
"1566187","11194","3774","12","","0","0","0","0"
"1566221","243819","3774","413","2023-02-17 17:56:46","10","10","0","0"
"1566605","15752","3774","7","2024-01-19 09:27:05","39","1","6","32"
"1568658","25919","3773","16","2023-11-19 03:19:27","14","12","0","2"
"1569967","14051","3773","56","2024-01-07 18:53:11","15","5","7","3"
"1570000","82313","3773","264","2024-01-31 20:35:47","107","47","29","31"
"1570808","12043","3772","7","","0","0","0","0"
"1570854","26607","3772","130","2024-01-30 11:48:39","81","29","13","39"
"1572269","21333","3772","11","2023-11-30 04:51:22","3","0","0","3"
"1577308","10844","3769","6","2023-09-21 15:47:26","4","1","0","3"
"1577947","19275","4491","17","2023-08-01 19:45:49","11","8","2","1"
"1579327","15905","3768","14","2023-12-06 15:11:59","5","1","0","4"
"1580645","11116","3767","197","2023-03-07 04:11:59","4","4","0","0"
"1581090","45011","3767","12","2023-08-29 07:02:17","15","8","6","1"
"1585136","15266","3766","51","2024-01-08 14:10:46","17","6","4","7"
"1585345","29352","3766","20","2024-01-11 14:53:11","18","5","7","6"
"1586221","12557","3765","6","","0","0","0","0"
"1587329","38888","3765","32","2024-01-26 11:38:44","20","5","3","12"
"1587819","15228","3765","9","","0","0","0","0"
"1591921","11690","3763","47","2023-09-22 18:53:03","24","10","9","5"
"1592008","10417","3763","7","2023-11-01 12:50:04","3","1","1","1"
"1592821","18948","3763","40","2024-01-22 06:32:02","8","4","1","3"
"1592845","13642","3762","5","2023-12-27 13:14:11","2","1","0","1"
"1593077","139838","3762","162","2024-01-25 10:44:18","55","16","17","22"
"1593860","77269","3762","49","2023-09-08 12:37:59","14","5","8","1"
"1594867","10778","3761","5","2023-08-21 08:42:16","1","0","0","1"
"1594915","41075","3761","34","","0","0","0","0"
"1595451","39760","3761","424","2023-12-08 19:45:34","30","9","1","20"
"1595669","27294","3761","8","","0","0","0","0"
"1595699","21055","3761","7","2023-10-20 00:14:12","1","0","0","1"
"1597744","17493","3760","10","2023-03-07 09:11:23","4","4","0","0"
"1598537","32555","3760","5","","0","0","0","0"
"1599004","17405","3760","19","2024-01-24 06:15:55","24","7","2","15"
"1600193","13153","3759","9","","0","0","0","0"
"1600898","159687","3759","98","2024-01-25 11:11:45","35","9","2","24"
"1602301","22718","3758","9","","0","0","0","0"
"1602555","45418","3758","10","2023-12-09 18:17:42","3","1","0","2"
"1603351","49816","3758","1387","2024-01-31 23:28:11","595","300","217","78"
"1603480","13375","3758","20","2023-10-23 02:33:46","15","2","7","6"
"1603711","10305","3758","51","2024-01-20 16:59:09","71","17","18","36"
"1603746","13902","3758","33","2023-09-06 14:37:50","9","3","5","1"
"1604048","12206","3758","6","2024-01-26 21:59:56","20","17","0","3"
"1606345","41210","3757","48","2024-01-29 01:20:22","20","6","3","11"
"1606729","26072","3757","70","2024-01-31 19:11:44","38","5","15","18"
"1609514","11845","3755","62","2024-01-29 16:03:48","45","10","7","28"
"1609556","13136","3755","5","2023-10-02 14:28:35","2","0","1","1"
"1611459","25402","3754","6","","0","0","0","0"
"1612146","36852","3754","9","2023-10-21 14:06:34","1","0","0","1"
"1612975","82199","3753","7","","0","0","0","0"
"1614677","10553","3753","8","2023-06-12 13:51:14","2","0","2","0"
"1615483","66715","3753","7","","0","0","0","0"
"1615903","35606","3752","14","2024-01-24 09:51:06","17","10","3","4"
"1616263","14578","3752","26","2024-01-16 07:40:27","26","10","4","12"
"1620081","22452","3751","7","2023-03-21 10:27:23","3","3","0","0"
"1620194","15847","3751","69","2023-12-14 14:18:17","36","1","27","8"
"1620210","27227","3936","7","2024-01-10 18:04:12","12","1","4","7"
"1620671","70232","3751","29","2024-01-18 14:32:25","34","8","7","19"
"1621041","11778","3751","5","2023-06-23 10:44:00","5","2","3","0"
"1622937","11177","3750","9","","0","0","0","0"
"1623007","63499","3750","75","2024-01-30 21:44:51","5","2","0","3"
"1623249","17557","3750","20","2024-01-15 17:30:03","18","6","7","5"
"1624552","10832","3749","6","2023-09-22 15:34:38","6","0","5","1"
"1625187","26647","3749","18","2024-01-23 04:02:48","20","4","7","9"
"1625740","12073","3748","6","2023-07-25 10:44:43","4","2","2","0"
"1627055","18840","3747","6","2023-09-07 13:33:52","1","0","0","1"
"1627271","18016","3747","5","2024-01-08 06:20:26","7","4","0","3"
"1629821","43379","3746","5","","0","0","0","0"
"1630618","155160","3746","96","2023-09-06 00:28:31","21","6","4","11"
"1630963","13190","3746","9","2023-10-21 10:36:35","6","2","2","2"
"1631193","95301","3746","375","2024-01-30 15:48:59","181","40","50","91"
"1633251","42013","4965","5","2023-10-01 21:25:14","5","1","2","2"
"1633665","10518","3745","17","2023-10-30 08:50:37","2","1","0","1"
"1633770","23712","3745","26","2023-02-13 22:01:10","1","1","0","0"
"1637351","13801","3744","12","","0","0","0","0"
"1639594","13492","3743","11","2023-11-21 18:20:12","1","0","0","1"
"1639625","83169","3743","65","2023-10-30 15:38:44","17","1","2","14"
"1641941","39566","3741","5","2023-10-09 12:35:40","5","1","2","2"
"1643676","26728","3740","36","2024-01-14 12:09:34","6","0","4","2"
"1645712","12246","3739","29","2024-01-22 22:52:30","13","1","5","7"
"1646240","38517","3739","324","2024-01-31 07:32:50","41","9","10","22"
"1646335","10260","3739","5","","0","0","0","0"
"1647604","60946","3738","11","2023-07-31 20:41:02","22","1","21","0"
"1648033","19978","3738","8","2023-08-22 06:45:18","2","0","0","2"
"1650337","10097","3738","38","2024-01-04 16:05:07","15","5","4","6"
"1654241","11972","3736","18","2023-11-17 15:08:23","27","14","0","13"
"1655567","18878","3736","41","2024-01-29 15:28:22","4","0","0","4"
"1658617","27706","3734","266","2024-01-31 22:43:47","23","6","6","11"
"1658906","59795","3733","89","2024-01-29 12:14:10","80","30","23","27"
"1660123","10428","3733","5","","0","0","0","0"
"1663001","120098","3732","87","2024-01-30 15:47:48","51","11","16","24"
"1663462","35165","3732","11","2024-01-21 21:46:32","20","11","4","5"
"1665026","10248","3731","18","2023-10-18 11:30:54","2","1","0","1"
"1667023","14936","3731","48","2024-01-11 18:17:07","19","6","5","8"
"1668575","12243","3730","15","2024-01-09 01:14:54","34","0","10","24"
"1668622","10088","3730","8","2023-11-21 16:21:18","7","0","3","4"
"1670129","53371","3729","53","2024-01-31 19:18:50","32","10","2","20"
"1671066","21112","3729","11","","0","0","0","0"
"1672994","10889","3728","56","","0","0","0","0"
"1673776","14719","3728","12","2024-01-30 20:34:11","11","4","1","6"
"1673784","21413","3728","6","2023-08-08 19:50:16","3","1","0","2"
"1676363","201635","3727","91","2024-01-04 15:48:20","55","19","17","19"
"1678053","14199","3726","6","2023-10-25 16:43:49","2","0","0","2"
"1678362","25002","3726","7","2023-08-24 10:40:39","3","0","2","1"
"1678614","19080","3726","8","2023-11-24 00:05:50","2","0","0","2"
"1678770","11378","3726","14","","0","0","0","0"
"1679126","21887","3725","15","2023-06-28 22:32:10","72","71","1","0"
"1679286","15361","3725","238","2024-01-27 20:42:37","187","73","50","64"
"1679849","24793","3725","17","","0","0","0","0"
"1680271","10145","3725","9","","0","0","0","0"
"1680836","12536","3725","6","","0","0","0","0"
"1682419","13757","3724","16","","0","0","0","0"
"1682820","20821","3724","66","2024-01-29 17:28:23","55","17","18","20"
"1684269","48394","3724","11","2024-01-10 14:51:18","21","7","7","7"
"1684977","17731","3723","11","2023-04-12 10:38:17","4","4","0","0"
"1686814","17350","3723","17","2023-09-14 17:43:20","2","0","1","1"
"1687119","235024","3723","470","2024-01-31 01:21:10","247","76","43","128"
"1690193","19463","3721","37","2023-12-04 02:24:45","24","5","15","4"
"1690217","17143","3721","200","2024-01-31 22:36:02","113","12","22","79"
"1693192","43857","3719","605","2024-01-30 08:20:43","115","38","43","34"
"1694368","16724","3719","6","2024-01-18 14:39:28","5","0","1","4"
"1695172","43314","3719","250","","0","0","0","0"
"1695680","18627","3719","8","2023-07-19 23:14:28","2","1","1","0"
"1695960","154712","3718","161","2024-01-07 01:23:39","76","44","9","23"
"1697459","44974","3718","14","2024-01-17 08:39:18","35","17","8","10"
"1697642","16543","3718","10","2024-01-10 05:51:37","7","2","1","4"
"1699075","11383","3717","36","2023-02-07 20:41:38","1","1","0","0"
"1701026","24791","3717","129","2024-01-31 19:09:00","91","34","33","24"
"1704458","19698","3716","61","2024-01-26 16:00:38","28","8","3","17"
"1705266","31110","3715","15","2023-11-22 05:11:49","4","0","2","2"
"1705598","423857","3715","305","2024-01-30 09:58:18","70","25","13","32"
"1707091","178753","3715","23","2023-11-28 21:50:19","8","2","1","5"
"1709587","159293","3713","11","2024-01-16 17:18:09","3","0","1","2"
"1712135","18682","3712","80","2023-12-27 16:01:09","39","12","12","15"
"1712294","12588","3712","146","2024-01-29 09:26:00","51","18","6","27"
"1712905","17964","3712","25","2024-01-24 10:22:54","12","0","2","10"
"1713920","10876","3711","5","2023-12-22 04:33:05","7","0","1","6"
"1714410","115566","3711","178","2023-02-13 15:58:11","4","4","0","0"
"1715121","33847","4279","32","2023-08-24 10:51:30","8","4","3","1"
"1715673","19033","5183","12","2023-05-31 12:01:02","3","1","2","0"
"1716339","20509","3710","65","2024-01-17 13:53:45","21","2","5","14"
"1716560","32349","3710","8","","0","0","0","0"
"1717300","63273","3710","108","2024-01-15 10:09:35","23","5","9","9"
"1720199","11443","3709","11","2024-01-16 18:15:51","15","3","5","7"
"1721239","45154","3709","382","2024-01-30 18:46:04","269","74","55","140"
"1726083","16497","3706","100","2024-01-20 15:09:00","89","42","20","27"
"1727392","27950","3706","20","2024-01-02 12:41:27","7","0","1","6"
"1729265","97213","3705","117","2024-01-31 16:01:31","78","23","21","34"
"1729795","24732","3705","13","2023-10-03 20:32:56","13","5","7","1"
"1730895","15058","3704","77","2023-04-17 02:59:39","2","2","0","0"
"1731626","31095","3704","308","2024-01-02 23:25:30","4","2","1","1"
"1735406","96452","3703","5","2023-03-19 17:11:13","1","1","0","0"
"1737158","26609","3702","46","2023-10-29 09:07:56","2","0","0","2"
"1737201","11372","3702","30","2023-11-14 19:20:51","21","0","0","21"
"1737251","11494","3702","59","2024-01-24 07:22:58","43","15","6","22"
"1738915","15391","3702","20","2024-01-08 01:10:55","1","0","0","1"
"1740577","24074","3701","468","2023-05-30 19:57:27","36","35","1","0"
"1741542","74538","3701","19","2023-11-12 13:22:22","9","4","1","4"
"1743328","24254","3700","15","2023-12-12 10:51:06","8","3","3","2"
"1743997","19112","3700","6","2023-10-31 11:20:54","2","0","0","2"
"1744164","19316","3699","21","2024-01-22 16:20:10","25","3","16","6"
"1745001","209515","3699","549","2024-01-31 17:49:54","518","119","106","293"
"1745544","12198","3699","43","2023-08-02 18:29:01","9","3","4","2"
"1745672","26869","3699","9","2023-12-30 07:01:20","2","0","0","2"
"1746142","12213","3698","10","2024-01-10 19:48:20","6","1","3","2"
"1746830","36629","3698","6","2023-10-17 03:06:17","2","1","0","1"
"1747018","19049","3698","17","","0","0","0","0"
"1749403","223342","3697","98","2024-01-16 18:07:30","32","17","3","12"
"1751766","25533","3696","14","2023-08-08 13:19:01","5","1","2","2"
"1753073","13945","3696","126","","0","0","0","0"
"1755432","65061","3695","54","2024-01-03 07:38:08","44","14","12","18"
"1755598","146548","3695","31","2024-01-14 14:18:28","12","0","5","7"
"1759915","10095","3694","110","2024-01-30 11:57:19","101","25","36","40"
"1762224","49243","3693","192","2024-01-30 20:49:01","459","164","108","187"
"1763035","13502","3692","15","2023-11-24 12:41:46","17","2","4","11"
"1763614","60873","3692","75","2024-01-24 11:18:07","79","20","25","34"
"1765189","27223","3691","17","2023-11-22 09:28:38","8","1","4","3"
"1765658","73531","3691","44","2024-01-22 09:31:08","22","8","4","10"
"1766831","143835","3691","974","2024-01-31 18:32:19","374","113","113","148"
"1767412","23223","3690","15","2023-12-22 23:06:27","13","2","4","7"
"1768226","21964","3690","27","2023-12-19 17:37:00","4","1","0","3"
"1768303","62200","3690","9","","0","0","0","0"
"1769276","12426","3690","21","2024-01-24 21:22:45","2","0","0","2"
"1772898","14732","3688","38","2023-07-18 15:53:08","19","1","18","0"
"1772933","23704","3688","382","2024-01-10 20:31:33","17","3","11","3"
"1773434","21744","3688","5","2024-01-23 15:30:55","3","1","1","1"
"1773798","30978","3688","225","2024-01-29 09:47:08","151","39","49","63"
"1773866","11257","3688","28","2023-12-19 12:36:09","12","5","4","3"
"1774667","281102","3688","99","2024-01-29 14:13:05","103","23","30","50"
"1775389","21978","3688","175","2024-01-30 14:25:00","159","49","43","67"
"1778465","36699","3687","47","2024-01-10 20:57:11","13","9","1","3"
"1779113","22802","3686","6","","0","0","0","0"
"1779477","14992","3686","9","2024-01-05 16:38:07","5","0","0","5"
"1783588","14255","3684","17","2023-05-05 20:49:16","1","0","1","0"
"1786065","11519","3683","19","2024-01-04 01:47:12","14","6","2","6"
"1786428","25378","3683","24","","0","0","0","0"
"1787137","15233","3683","5","2023-09-21 08:33:55","3","1","0","2"
"1788806","30267","3682","5","2023-10-01 11:21:07","4","1","2","1"
"1790982","58816","3681","72","2024-01-29 15:19:28","37","20","1","16"
"1794497","15100","3680","8","2023-12-15 13:32:01","8","3","1","4"
"1795356","56631","3680","20","2023-09-20 01:33:42","10","2","2","6"
"1796579","43956","3679","7","","0","0","0","0"
"1797912","16586","3678","21","2023-04-12 09:16:15","5","5","0","0"
"1801544","26429","3677","98","2024-01-25 15:41:48","45","17","11","17"
"1803551","13538","3676","8","2023-04-23 17:01:28","2","2","0","0"
"1803853","26991","3676","45","2023-10-03 15:31:07","2","0","1","1"
"1803990","12269","3676","18","2023-05-04 16:15:45","4","3","1","0"
"1804173","27526","3676","5","2023-12-22 09:42:44","10","4","2","4"
"1804678","25449","3676","24","2024-01-26 21:47:18","7","2","2","3"
"1806780","31497","3675","11","2024-01-24 12:39:46","11","1","3","7"
"1807667","63849","3675","44","2024-01-27 12:02:25","28","4","1","23"
"1808494","15916","3674","23","2024-01-31 08:00:36","11","4","3","4"
"1811992","104480","3673","8","2023-11-28 17:09:53","15","2","10","3"
"1812732","11703","3673","16","2023-11-21 18:27:27","12","4","2","6"
"1814420","12193","3672","10","2023-12-15 09:46:31","3","2","0","1"
"1814888","15131","3672","8","","0","0","0","0"
"1818713","20258","3670","29","2024-01-31 16:46:27","271","68","85","118"
"1820446","37433","3669","144","2024-01-26 00:10:25","105","39","25","41"
"1822379","30040","3669","56","2023-12-13 09:30:05","25","10","8","7"
"1824361","19234","3668","15","2023-12-08 10:31:17","8","2","2","4"
"1829647","22250","3666","6","2023-06-23 21:01:22","6","4","2","0"
"1830228","17673","3978","9","2023-11-24 17:59:31","8","0","4","4"
"1830895","11741","3666","9","2023-02-20 03:32:28","1","1","0","0"
"1831717","46281","3665","45","2023-12-15 02:03:18","20","1","7","12"
"1831987","45256","3665","114","2024-01-23 14:01:12","107","31","11","65"
"1832058","150679","3665","1144","2023-12-22 10:10:40","122","0","0","122"
"1832636","20815","3665","7","2023-10-04 16:35:12","6","3","0","3"
"1832745","52839","3665","17","","0","0","0","0"
"1832942","14856","3664","14","2023-09-30 09:11:17","21","12","5","4"
"1833961","25236","3664","24","2023-09-27 14:58:38","4","0","1","3"
"1835379","73403","3663","56","2023-09-04 09:09:58","9","0","4","5"
"1835470","15292","3663","6","2024-01-22 12:04:18","12","0","2","10"
"1838048","45424","5061","64","2024-01-05 10:25:01","37","13","9","15"
"1839439","34132","3662","57","2024-01-30 13:38:25","41","17","11","13"
"1840146","15164","3662","65","2024-01-20 14:19:24","32","10","4","18"
"1841839","118570","3661","720","2024-01-20 16:05:48","327","74","73","180"
"1847592","23827","3659","71","2023-11-21 04:54:15","1","0","0","1"
"1850609","136294","3657","66","","0","0","0","0"
"1850851","10624","3657","48","2024-01-21 13:38:13","17","4","7","6"
"1851712","68040","3657","29","2023-04-24 21:06:41","5","5","0","0"
"1852924","10381","3656","6","2023-06-14 01:23:31","4","3","1","0"
"1853523","25731","3656","53","2024-01-17 23:23:57","38","13","7","18"
"1855677","264391","4823","167","2024-01-27 06:49:40","74","24","12","38"
"1858116","22910","3655","22","2024-01-09 07:45:18","13","2","5","6"
"1858357","14876","3654","109","2024-01-29 14:34:32","72","32","18","22"
"1860540","11658","3654","7","","0","0","0","0"
"1862590","12134","3653","10","2023-10-26 07:36:08","4","2","0","2"
"1863229","526758","3653","2441","2024-01-30 08:00:36","494","253","95","146"
"1864294","20775","3653","15","2023-10-28 17:21:30","5","4","0","1"
"1865613","10458","3652","12","2023-10-31 11:39:15","7","5","1","1"
"1866300","10030","3652","26","2024-01-22 13:41:02","13","2","4","7"
"1866373","19964","3652","11","2023-05-04 15:32:55","1","0","1","0"
"1866775","11347","3652","6","2023-05-15 06:05:55","1","0","1","0"
"1868008","20945","3651","44","","0","0","0","0"
"1870780","51146","3650","173","2023-07-01 17:57:39","2","0","2","0"
"1870795","15262","3650","8","2023-03-19 01:07:07","2","2","0","0"
"1871033","29523","3650","165","2024-01-29 11:24:09","50","6","7","37"
"1874522","11556","3648","15","2023-08-02 20:34:41","8","6","0","2"
"1875256","62662","3648","7","2023-10-24 18:30:17","4","2","0","2"
"1876739","18035","3648","7","2023-10-28 14:49:30","10","4","2","4"
"1877620","17948","3647","6","2023-07-06 07:14:41","1","0","1","0"
"1880339","22833","3824","44","2024-01-21 14:41:48","40","9","16","15"
"1883316","55295","3646","1297","2024-01-30 22:41:21","486","65","186","235"
"1889329","53409","3643","115","2024-01-29 12:25:05","69","18","12","39"
"1891219","15778","3642","6","2023-10-10 15:08:04","1","0","0","1"
"1891677","91123","3642","244","2024-01-28 17:38:32","157","72","29","56"
"1892607","10246","3642","22","2023-11-08 18:45:20","5","1","2","2"
"1892802","11460","3642","9","2024-01-16 05:54:36","2","1","0","1"
"1893164","13286","3642","12","2024-01-23 16:39:02","14","4","3","7"
"1894803","18060","3641","5","2023-02-27 16:54:07","1","1","0","0"
"1898563","44576","3640","59","2024-01-12 00:50:54","19","10","3","6"
"1899640","125085","3639","41","2023-12-13 00:24:57","11","3","1","7"
"1902010","180637","5214","47","2024-01-31 22:14:31","51","14","10","27"
"1902296","10965","3639","5","","0","0","0","0"
"1902513","29619","3639","18","2023-10-24 19:08:53","19","0","1","18"
"1903116","240885","3953","5","","0","0","0","0"
"1908967","16570","3642","5","2023-06-24 11:06:59","1","0","1","0"
"1909531","15228","3635","15","2024-01-20 16:26:57","5","0","1","4"
"1911064","11542","3635","104","2024-01-31 22:19:13","42","21","6","15"
"1911755","20158","3634","23","2023-07-15 01:39:18","2","1","1","0"
"1913729","25651","3634","9","2023-09-30 11:39:10","2","1","0","1"
"1915448","45270","3633","41","2024-01-19 13:20:00","38","6","9","23"
"1915854","15346","3633","9","2023-09-10 22:14:51","4","0","2","2"
"1915893","32214","3633","10","2023-12-29 08:52:57","7","0","2","5"
"1918561","17972","3632","9","2023-10-20 14:33:51","14","10","2","2"
"1919583","21394","3632","123","2023-11-28 18:12:34","47","17","19","11"
"1921273","10191","3631","18","2023-12-14 09:11:48","17","6","3","8"
"1921385","16499","3631","5","2024-01-24 17:11:42","51","0","0","51"
"1923190","21207","4484","5","2023-10-30 10:34:23","2","0","1","1"
"1925257","22064","3663","46","2023-12-29 03:18:50","18","8","2","8"
"1926369","64086","3628","12","2023-12-01 11:42:59","19","1","6","12"
"1930721","18151","3626","19","","0","0","0","0"
"1930838","34217","5069","30","2024-01-30 08:58:11","27","5","12","10"
"1931274","19956","3625","6","2023-07-09 10:25:25","2","1","1","0"
"1932311","23071","3625","286","2024-01-31 16:08:30","223","67","59","97"
"1932552","19110","3625","122","2023-07-18 06:48:34","8","3","5","0"
"1934428","22970","3624","209","2024-01-19 10:51:50","102","20","29","53"
"1941241","11408","3620","19","2023-10-11 19:46:35","4","2","0","2"
"1942868","12611","3619","5","2023-09-10 11:38:26","4","1","2","1"
"1945525","15767","3618","92","2023-10-13 12:12:56","17","9","7","1"
"1945651","102178","3618","6","2024-01-12 05:25:37","7","1","2","4"
"1946501","47459","3618","12","","0","0","0","0"
"1948292","32636","3617","19","2023-08-23 11:20:06","4","0","1","3"
"1951524","15692","3616","10","2024-01-05 09:51:04","5","0","3","2"
"1953515","31780","3615","173","2024-01-29 12:10:36","46","12","17","17"
"1953590","10387","3615","8","2024-01-15 20:33:00","6","2","3","1"
"1954610","28469","3614","28","2024-01-25 18:14:08","21","6","7","8"
"1956010","34074","3614","10","2023-09-03 14:15:40","5","4","0","1"
"1959054","13981","3613","23","2024-01-22 15:45:29","26","14","0","12"
"1959732","19333","3613","10","2023-10-11 21:55:27","18","9","3","6"
"1960455","41076","3612","85","2023-12-18 14:52:44","28","8","9","11"
"1964272","13996","3612","21","","0","0","0","0"
"1968182","17789","3611","14","2024-01-16 17:56:36","14","4","0","10"
"1971013","23161","3610","47","2023-03-14 15:04:27","4","4","0","0"
"1971216","15648","3610","76","2024-01-30 21:14:40","43","14","12","17"
"1974224","33245","3608","50","2024-01-20 19:27:19","30","7","0","23"
"1977847","23224","3607","19","","0","0","0","0"
"1977871","26181","3607","40","2024-01-02 07:24:04","6","2","1","3"
"1978251","30558","3607","64","2024-01-30 21:33:33","67","21","14","32"
"1978817","10302","3607","6","","0","0","0","0"
"1979703","25713","3606","6","2023-05-03 12:22:47","3","2","1","0"
"1979861","10342","3606","20","2023-11-16 14:46:37","5","1","3","1"
"1979882","27299","3606","6","2023-12-26 11:59:53","4","1","0","3"
"1980228","13361","3606","19","2024-01-17 12:02:51","10","2","1","7"
"1987726","15505","3604","30","2023-12-01 15:33:00","25","10","5","10"
"1989425","15770","3603","25","","0","0","0","0"
"1989769","11377","3603","7","2023-09-26 10:10:10","1","0","0","1"
"1990570","13673","3603","7","2023-07-28 09:58:19","18","11","7","0"
"1991643","11400","3603","31","2023-11-24 05:51:11","22","8","4","10"
"1993366","40773","3602","11","2023-07-10 21:19:33","11","9","2","0"
"1993501","20764","3602","7","2023-06-29 14:18:29","2","0","2","0"
"1995738","123827","3600","113","2023-09-15 19:54:27","28","19","7","2"
"1996435","10732","3600","16","2023-05-03 20:24:42","1","0","1","0"
"1997376","45260","3600","37","2023-09-05 10:45:06","13","3","8","2"
"1998051","10064","3600","9","2023-05-22 11:00:00","1","0","1","0"
"2000051","18209","3599","12","2023-12-16 05:09:50","2","0","0","2"
"2000323","16849","3599","45","2024-01-25 12:33:28","13","9","3","1"
"2000548","50807","3599","18","2024-01-03 09:14:34","46","13","21","12"
"2000823","44432","3599","348","2024-01-26 21:03:59","122","23","20","79"
"2001017","11112","3599","16","2023-07-18 10:40:50","1","0","1","0"
"2001654","50134","3599","389","2024-01-28 20:33:34","200","60","48","92"
"2005680","42193","3598","23","2023-10-14 01:58:41","12","4","1","7"
"2008111","22480","3597","14","2023-10-02 18:26:32","2","0","0","2"
"2008247","11832","3597","5","2023-08-23 07:31:14","7","4","1","2"
"2011147","60231","3596","69","2024-01-04 02:28:00","73","35","16","22"
"2013580","33013","3595","10","","0","0","0","0"
"2016562","370997","3594","272","2023-07-04 14:52:23","110","100","10","0"
"2018133","13912","3593","37","2024-01-25 10:31:30","24","8","8","8"
"2023392","36626","3592","5","2023-03-31 08:03:26","2","2","0","0"
"2026508","24377","3814","19","2023-03-08 17:34:10","1","1","0","0"
"2029983","98190","3590","486","2024-01-23 12:47:38","210","79","42","89"
"2031033","19016","3589","5","2024-01-09 18:36:25","2","0","1","1"
"2034787","24008","3588","35","2023-12-31 17:15:24","26","5","10","11"
"2035262","121411","3588","109","2024-01-08 13:22:03","47","24","4","19"
"2038264","15183","3586","9","2023-09-06 06:55:28","2","1","0","1"
"2041092","70018","3586","7","2023-09-22 14:58:12","4","1","2","1"
"2044940","12085","3585","9","2023-05-11 10:36:38","1","0","1","0"
"2045611","15283","4666","16","","0","0","0","0"
"2051454","16281","3583","9","2023-06-07 13:17:39","2","1","1","0"
"2052655","37161","3583","27","2023-07-18 16:25:38","48","39","9","0"
"2054602","14249","3582","167","2023-08-10 07:17:41","9","8","0","1"
"2055998","13447","3582","22","2023-11-02 14:22:51","2","0","0","2"
"2056484","17655","3581","8","2023-08-02 01:27:02","4","3","0","1"
"2057033","20500","3581","8","2023-12-05 22:40:41","2","0","0","2"
"2057089","11401","3581","6","","0","0","0","0"
"2057171","17960","4204","11","2023-09-19 01:07:04","3","2","0","1"
"2057388","44563","3581","12","2023-04-10 08:06:43","1","1","0","0"
"2057509","13949","3581","5","2023-10-24 03:36:49","1","0","0","1"
"2057709","16228","3581","97","2024-01-19 22:05:22","45","9","11","25"
"2058547","27316","3580","6","2023-12-29 11:29:44","3","1","1","1"
"2060725","77798","3579","238","2024-01-26 10:26:42","76","26","23","27"
"2060966","17547","3579","14","2023-11-06 16:43:20","7","3","2","2"
"2062785","17537","3579","7","2024-01-06 19:24:47","2","0","0","2"
"2063096","15982","3579","5","2023-10-11 23:59:04","5","0","3","2"
"2063361","48435","3578","10","2023-02-02 21:25:52","1","1","0","0"
"2063755","10180","3578","6","2023-12-04 23:26:04","5","0","0","5"
"2065611","31040","3578","5","2023-05-11 13:47:51","1","0","1","0"
"2065702","26253","3578","10","2024-01-06 23:42:48","12","3","3","6"
"2066428","10136","3578","6","","0","0","0","0"
"2067492","12430","3577","53","2024-01-26 16:23:04","50","17","16","17"
"2067753","35743","3577","98","2024-01-24 03:59:09","437","110","137","190"
"2067877","20258","3577","104","2023-10-09 09:15:56","9","7","1","1"
"2069064","314326","3577","115","2024-01-20 21:13:50","75","24","11","40"
"2069295","15052","3577","6","2023-12-02 20:05:22","2","0","0","2"
"2069407","26074","3577","12","2024-01-28 23:12:40","3","1","0","2"
"2069605","30806","3577","461","2024-01-30 08:59:14","254","101","82","71"
"2071697","24049","3576","27","2023-09-24 12:49:04","4","1","0","3"
"2071807","79825","3576","8","2023-09-11 16:41:29","5","3","0","2"
"2073595","95653","3576","11","2023-08-25 17:59:33","3","1","1","1"
"2074981","11449","3575","5","","0","0","0","0"
"2075944","44983","3575","494","2024-01-31 10:24:47","181","85","53","43"
"2076286","10448","3575","20","2024-01-22 19:36:55","11","0","0","11"
"2079103","12663","3574","39","2023-10-05 13:49:50","15","2","8","5"
"2079303","240279","3574","665","2023-09-21 08:33:29","37","12","17","8"
"2079345","19576","3574","9","2024-01-20 04:28:50","11","0","4","7"
"2082673","65095","3572","89","2023-12-19 19:03:13","59","31","5","23"
"2082769","17090","3572","13","","0","0","0","0"
"2082964","38434","3572","5","2023-02-15 10:41:11","1","1","0","0"
"2083766","10392","3572","8","2023-05-01 15:08:10","2","1","1","0"
"2085626","14719","3571","21","2023-09-07 21:23:16","15","12","1","2"
"2087070","13194","3571","8","2024-01-31 12:03:44","41","9","0","32"
"2087628","15865","3571","5","","0","0","0","0"
"2089675","43891","3570","94","2024-01-30 03:31:12","23","4","1","18"
"2091181","22290","3570","5","","0","0","0","0"
"2091247","10741","3570","16","2024-01-29 21:54:10","2","1","0","1"
"2095676","14038","3569","21","2023-12-06 09:53:16","14","4","4","6"
"2095953","12041","3569","6","2023-11-16 21:14:37","7","1","3","3"
"2096769","14046","3569","9","2023-11-04 22:49:25","2","1","0","1"
"2097240","86772","3569","27","2024-01-23 12:33:59","5","2","1","2"
"2101267","44246","4802","9","","0","0","0","0"
"2102693","25009","4937","6","2024-01-22 21:15:46","6","0","1","5"
"2102779","10598","3917","20","2023-07-25 20:30:57","7","1","6","0"
"2102956","18377","3567","17","2023-08-18 14:21:32","12","1","10","1"
"2104697","43063","3566","40","2024-01-02 04:19:21","19","3","4","12"
"2106516","16474","3565","52","2023-06-13 10:22:14","6","5","1","0"
"2109233","50737","3565","112","2024-01-23 06:33:34","23","8","5","10"
"2111515","10776","3564","60","2023-11-19 05:09:23","21","12","4","5"
"2111778","15859","3564","36","2024-01-18 01:25:06","14","3","6","5"
"2117239","10197","3563","5","","0","0","0","0"
"2119757","20367","3562","5","2023-07-21 07:54:01","2","0","2","0"
"2119941","15460","3562","27","2023-08-02 07:52:56","6","4","1","1"
"2120261","34685","3562","48","2023-03-17 09:18:19","1","1","0","0"
"2123530","40533","3561","336","2024-01-29 20:28:07","129","52","36","41"
"2125671","28057","3560","231","2024-01-30 23:47:53","197","44","44","109"
"2127277","14836","3560","19","2023-09-05 12:26:02","1","0","0","1"
"2127508","10749","5072","6","","0","0","0","0"
"2128947","80929","3559","308","2024-01-30 11:04:32","165","59","43","63"
"2129801","14995","3559","50","2024-01-20 21:55:34","52","17","8","27"
"2131286","19885","3558","7","","0","0","0","0"
"2132157","22833","3558","9","2024-01-25 09:24:54","8","0","1","7"
"2137996","21053","3556","184","2024-01-10 02:03:15","13","8","2","3"
"2141621","32273","3556","9","","0","0","0","0"
"2142950","12272","3555","70","2023-11-05 06:11:59","24","15","2","7"
"2144390","124829","3555","146","2024-01-31 19:51:02","68","16","25","27"
"2144578","47205","3555","28","2024-01-25 14:15:40","56","10","18","28"
"2144669","65778","3555","76","2023-10-01 15:09:04","44","28","13","3"
"2145769","13370","4780","42","2023-09-22 16:20:34","31","14","13","4"
"2146894","22011","3554","9","2024-01-15 22:05:24","12","5","3","4"
"2147481","15624","3554","7","2023-05-02 12:25:43","1","0","1","0"
"2148953","13665","3554","12","","0","0","0","0"
"2150063","13773","3554","27","2024-01-02 21:06:45","8","6","0","2"
"2151351","26958","3553","7","","0","0","0","0"
"2152082","56862","3553","95","2024-01-25 14:34:06","49","16","12","21"
"2153777","14010","3552","7","2023-12-14 07:27:43","3","0","0","3"
"2156621","73117","3551","213","2024-01-29 15:50:58","63","19","17","27"
"2157640","13823","3551","9","2023-11-18 16:25:22","6","1","2","3"
"2157818","17021","3551","11","2024-01-31 10:44:51","13","4","0","9"
"2158479","38857","3551","661","2024-01-31 10:08:38","405","109","97","199"
"2159528","34021","3550","147","2023-09-22 14:56:30","17","8","7","2"
"2164365","21047","3549","277","2024-01-31 05:25:14","79","23","18","38"
"2164728","13200","3549","199","2024-01-31 17:23:29","204","52","67","85"
"2166798","19984","3549","42","2024-01-30 20:10:18","24","10","5","9"
"2166823","50124","3549","156","2024-01-30 14:40:01","45","14","16","15"
"2169845","23314","3548","12","2023-10-03 14:06:36","5","0","4","1"
"2170192","27879","3548","9","","0","0","0","0"
"2170527","22866","3548","57","2024-01-29 18:06:37","16","10","2","4"
"2172547","15812","3547","8","2023-08-10 05:13:59","9","4","2","3"
"2173773","40968","3547","51","2024-01-23 08:45:20","54","12","13","29"
"2173917","134719","3547","26","2023-11-04 05:31:18","11","6","2","3"
"2177413","19005","3546","53","2024-01-31 06:09:29","40","26","7","7"
"2179965","19030","3545","7","","0","0","0","0"
"2181397","50312","3544","108","2024-01-23 07:55:49","38","7","8","23"
"2181514","28800","3544","172","2024-01-30 19:21:23","55","26","8","21"
"2189127","211248","3542","133","2024-01-24 00:19:04","113","30","28","55"
"2189130","66256","3542","304","2024-01-31 04:38:38","219","38","44","137"
"2191473","15190","3542","30","2024-01-21 18:08:06","23","15","2","6"
"2191572","20811","3542","37","2023-09-28 18:55:08","11","0","3","8"
"2192488","32296","3542","8","2023-08-31 14:22:01","3","1","1","1"
"2192903","31503","3542","32","2024-01-28 00:20:59","6","3","1","2"
"2194470","42612","3541","13","2023-02-28 11:46:50","3","3","0","0"
"2196460","149312","3541","9","2023-07-07 18:52:36","4","3","1","0"
"2199600","15105","3540","8","2023-12-10 21:40:12","1","0","0","1"
"2204410","83731","3538","9","","0","0","0","0"
"2204759","18976","5186","9","2023-05-18 07:07:33","3","2","1","0"
"2209007","20832","3537","7","","0","0","0","0"
"2209468","14293","3537","5","2023-04-20 12:00:51","1","1","0","0"
"2213647","19229","3536","8","2024-01-09 20:51:03","1","0","0","1"
"2214933","15387","3535","23","2024-01-22 06:10:08","11","4","1","6"
"2215147","13661","3535","34","2024-01-31 07:27:25","35","7","7","21"
"2215679","10572","3535","14","2023-07-25 10:40:29","7","6","1","0"
"2218635","38949","3534","6","","0","0","0","0"
"2221001","50564","3534","254","2024-01-30 16:27:58","122","38","35","49"
"2225104","12230","3533","50","2024-01-29 16:57:30","5","2","1","2"
"2227420","10056","3532","134","2024-01-31 01:02:07","64","26","19","19"
"2228771","24948","3531","13","2023-11-10 16:23:45","1","0","0","1"
"2229945","13739","3531","7","","0","0","0","0"
"2233308","42334","3530","533","2024-01-30 14:44:31","207","74","37","96"
"2237469","10827","3567","5","","0","0","0","0"
"2245707","11751","3527","77","2024-01-15 05:12:15","10","3","3","4"
"2250152","22286","3526","278","2024-01-30 07:28:48","288","80","69","139"
"2250190","26094","3526","7","2023-11-28 09:41:24","11","3","4","4"
"2252830","25034","3525","12","2024-01-27 14:05:42","9","1","1","7"
"2255089","90134","3524","49","2024-01-25 20:47:54","30","15","9","6"
"2255491","11232","3524","7","2023-10-13 14:21:57","2","1","0","1"
"2257664","10755","3523","5","2023-09-25 11:31:23","14","0","10","4"
"2261177","13883","3522","5","2023-08-11 12:35:42","4","0","0","4"
"2261274","13615","3522","48","2024-01-23 14:06:50","37","14","8","15"
"2263507","10885","3522","8","2023-09-26 01:21:08","3","1","0","2"
"2263631","14590","3522","7","2023-04-19 14:52:01","1","1","0","0"
"2266130","22134","3521","51","2023-12-06 09:51:34","11","2","4","5"
"2266289","12140","3521","19","2023-12-21 15:34:08","11","4","3","4"
"2270041","39889","3520","61","2023-11-24 18:10:33","26","14","2","10"
"2270475","47820","3520","58","2023-11-09 11:20:54","46","22","18","6"
"2270762","97106","3520","478","2024-01-31 17:31:18","264","54","77","133"
"2274212","94605","3519","121","2024-01-31 20:53:17","43","14","13","16"
"2275388","19937","3519","72","2024-01-17 11:33:08","14","0","9","5"
"2278029","18529","3518","8","2023-10-02 13:26:05","8","4","3","1"
"2279448","11421","3517","12","","0","0","0","0"
"2279488","20111","3517","12","2023-08-06 22:15:48","2","1","0","1"
"2281790","30660","3516","49","2024-01-30 20:44:57","20","8","2","10"
"2282634","29011","3516","55","2024-01-31 00:20:55","134","79","15","40"
"2285255","10688","3515","7","2023-12-12 15:21:41","5","1","2","2"
"2287576","19516","3515","57","2024-01-21 15:41:57","29","9","7","13"
"2288659","71069","3514","495","2024-01-29 17:17:02","222","71","18","133"
"2289835","13237","3514","12","2024-01-30 11:48:03","18","3","3","12"
"2292722","21168","3514","41","2024-01-27 23:58:18","29","14","3","12"
"2294755","19901","3513","5","2023-08-16 05:48:01","3","0","0","3"
"2294978","11566","3513","24","2023-08-11 09:59:55","2","1","0","1"
"2296441","11647","3513","24","2024-01-31 13:51:21","22","8","5","9"
"2296458","118876","3513","123","2024-01-29 18:19:09","14","0","8","6"
"2296787","16757","3513","10","2023-12-25 21:11:04","5","1","1","3"
"2298070","28637","3512","8","2024-01-23 19:42:14","5","0","1","4"
"2301224","28440","3511","14","2023-06-21 18:10:07","5","3","2","0"
"2302032","13260","3511","200","2024-01-30 13:02:41","76","13","23","40"
"2302862","24797","3511","39","2023-12-19 15:55:41","47","14","14","19"
"2303761","17798","3510","5","2023-03-24 11:12:09","1","1","0","0"
"2303865","237677","3510","132","2023-11-19 06:03:18","29","8","10","11"
"2304474","11375","3510","7","","0","0","0","0"
"2308005","11986","3509","23","2023-07-12 18:26:12","2","0","2","0"
"2308683","193216","3509","1671","2024-01-26 00:05:56","995","383","288","324"
"2310289","44895","3508","55","2023-12-22 02:15:15","5","3","0","2"
"2310830","94637","3508","231","2023-11-23 19:24:20","58","36","17","5"
"2311074","29747","3508","27","2024-01-23 23:22:54","5","1","1","3"
"2311528","10027","3508","16","2023-12-21 20:52:10","23","10","6","7"
"2314737","29785","3507","92","2024-01-23 21:46:36","78","5","12","61"
"2319407","187684","3506","478","2024-01-30 15:48:51","264","118","63","83"
"2320035","33761","4474","6","2024-01-29 16:58:25","4","2","0","2"
"2321594","30880","3506","17","2023-12-03 00:27:25","3","0","2","1"
"2324388","18037","3505","13","2024-01-04 15:50:43","15","3","0","12"
"2327517","45722","3504","23","2023-03-25 18:09:35","1","1","0","0"
"2329464","12961","3503","13","2023-04-13 13:46:48","1","1","0","0"
"2329968","13810","3503","392","2024-01-29 18:35:55","113","40","27","46"
"2330053","39337","3503","201","2024-01-26 16:25:27","93","56","7","30"
"2331445","27246","3502","54","2023-03-19 12:10:20","7","7","0","0"
"2333458","12362","3502","27","2023-03-20 00:07:39","1","1","0","0"
"2334254","11270","3501","81","","0","0","0","0"
"2336231","44841","3501","30","2023-08-29 07:00:51","3","0","2","1"
"2336654","295876","3501","53","","0","0","0","0"
"2337736","37519","3501","7","2023-10-02 18:17:45","2","1","0","1"
"2338547","11109","3500","39","2023-12-12 14:01:30","20","15","3","2"
"2338750","14939","3500","21","2023-02-06 06:53:07","1","1","0","0"
"2340612","10874","3500","10","2024-01-10 17:08:16","16","4","3","9"
"2341603","42607","3499","44","","0","0","0","0"
"2347999","42301","3498","54","2024-01-18 15:47:14","156","11","40","105"
"2351696","21966","3496","6","2024-01-14 03:09:36","2","0","1","1"
"2352082","15944","3496","10","2023-06-01 11:08:09","1","0","1","0"
"2352344","17966","3496","8","2023-10-22 08:13:11","4","0","3","1"
"2357112","286955","3494","143","2024-01-29 17:24:18","177","73","36","68"
"2358409","26450","3494","188","2024-01-26 06:42:55","29","8","6","15"
"2366941","14541","3492","187","2024-01-26 18:46:18","117","33","40","44"
"2370483","31853","3491","6","2023-09-13 13:25:15","2","0","1","1"
"2372064","209847","3490","165","2024-01-25 15:27:53","290","100","46","144"
"2373249","22076","3490","51","2024-01-24 12:55:26","36","7","13","16"
"2373819","10550","3490","151","2024-01-22 02:46:24","80","21","11","48"
"2377343","57291","3837","14","2023-12-22 17:36:43","13","1","4","8"
"2378643","10980","3488","55","2024-01-16 17:05:07","23","13","0","10"
"2379433","35547","3488","19","2023-11-15 14:44:55","9","6","0","3"
"2380830","235664","3487","77","2023-09-26 10:12:53","2","1","0","1"
"2382136","21150","3487","8","2023-04-13 18:45:39","2","2","0","0"
"2382650","23516","3487","36","2023-12-23 22:28:57","31","13","11","7"
"2382734","27562","3487","19","2023-10-18 12:35:15","4","1","0","3"
"2385133","19744","3486","17","2024-01-30 10:56:01","7","2","0","5"
"2385479","12540","3486","26","2023-12-22 20:04:05","3","1","1","1"
"2385808","12136","3486","19","","0","0","0","0"
"2386774","26577","3486","39","2024-01-15 15:02:09","208","186","1","21"
"2389720","10849","3485","7","","0","0","0","0"
"2390182","73753","3485","7","2024-01-03 19:20:22","106","5","78","23"
"2391795","18318","3485","6","2023-08-22 09:59:17","5","1","0","4"
"2393191","20240","3484","9","2023-02-07 13:39:23","1","1","0","0"
"2394052","12472","3484","8","2023-09-14 15:40:43","3","1","1","1"
"2395796","49792","3483","21","2024-01-27 23:31:44","12","4","5","3"
"2396674","11178","3483","5","2023-11-03 08:22:10","3","1","1","1"
"2397550","12740","3483","36","2024-01-18 08:24:57","35","11","6","18"
"2398593","23988","3482","7","2024-01-31 08:45:50","38","1","18","19"
"2400834","11290","3481","10","2023-10-13 10:24:08","5","2","1","2"
"2402272","193156","3481","625","2024-01-31 16:04:44","658","174","186","298"
"2405040","25920","3480","6","2024-01-21 10:32:27","2","1","0","1"
"2408867","91374","3479","7","2023-11-25 13:52:44","5","2","1","2"
"2409793","20034","3479","7","2023-10-01 16:02:53","3","1","1","1"
"2410359","159441","3479","632","2024-01-30 18:47:44","546","191","107","248"
"2411243","26360","3479","18","2023-09-08 05:57:15","11","8","1","2"
"2411320","73726","3479","12","2023-11-27 13:54:10","19","2","10","7"
"2411960","15600","3478","152","2024-01-30 11:38:50","288","90","81","117"
"2412846","15778","3478","23","2023-11-19 22:45:17","9","2","4","3"
"2413201","19625","3478","18","2023-11-22 10:29:39","83","30","29","24"
"2413303","81806","3478","14","2023-08-15 11:29:44","6","2","1","3"
"2414948","13202","3478","10","2023-10-03 07:19:57","3","2","0","1"
"2414957","39025","3478","9","2024-01-02 13:59:05","3","0","0","3"
"2415802","13090","3477","6","2023-10-09 22:14:07","1","0","0","1"
"2416958","17726","3477","66","2023-03-01 08:57:14","1","1","0","0"
"2419584","12106","3476","8","2023-05-01 06:44:12","1","0","1","0"
"2422776","316629","3475","312","2024-01-18 13:39:38","195","77","45","73"
"2423906","14021","3474","30","2024-01-17 20:25:03","35","6","8","21"
"2425163","23328","3474","88","2024-01-22 14:01:26","38","19","13","6"
"2425787","14705","3474","60","2024-01-04 07:10:31","22","9","7","6"
"2425851","13087","3474","8","2024-01-31 19:10:17","3","1","0","2"
"2428802","11121","3473","9","2023-12-06 03:02:31","6","2","1","3"
"2430241","34701","3473","31","2023-07-21 18:56:20","7","3","4","0"
"2430549","21408","3472","51","2023-11-25 22:24:03","8","0","1","7"
"2432053","11069","3472","5","2023-08-20 00:20:50","1","0","0","1"
"2435473","136354","3471","83","2023-07-18 08:49:04","3","2","1","0"
"2436175","20685","3471","6","2023-12-05 15:38:49","5","3","0","2"
"2436655","12076","3471","27","2023-04-30 19:16:21","11","11","0","0"
"2437508","31870","3471","122","2024-01-31 09:51:31","102","50","19","33"
"2441442","17144","3470","7","2023-06-13 16:45:20","3","2","1","0"
"2441637","25408","3470","11","2023-09-10 11:21:00","7","1","1","5"
"2441655","18507","3470","7","2024-01-08 10:13:18","7","0","5","2"
"2442099","106979","3470","87","2024-01-12 16:37:02","45","8","14","23"
"2442613","11405","3478","71","2024-01-19 14:06:39","36","12","9","15"
"2442804","57575","3469","60","2023-08-23 11:52:14","40","14","13","13"
"2445864","16826","3468","15","2024-01-15 03:14:54","4","2","0","2"
"2446208","12454","3467","19","2023-12-13 05:58:39","4","0","1","3"
"2446799","12944","3467","7","2023-08-14 16:23:22","4","2","1","1"
"2449192","19910","3467","6","2023-10-10 16:10:42","1","0","0","1"
"2449905","57821","4887","23","2023-05-30 23:57:33","1","0","1","0"
"2451726","13251","3466","8","2023-11-28 17:00:14","2","0","0","2"
"2453432","13686","3466","53","2023-12-26 14:39:25","4","2","1","1"
"2454790","31041","3465","14","2024-01-31 09:49:44","8","0","1","7"
"2455888","106700","3465","6","2023-09-25 14:31:25","4","3","0","1"
"2456038","17353","3465","12","2023-05-16 06:15:17","3","0","3","0"
"2458310","13026","3464","9","2024-01-24 06:11:59","2","0","0","2"
"2458858","11772","3464","5","","0","0","0","0"
"2459096","14150","3464","5","2023-04-20 20:05:06","3","3","0","0"
"2462531","21727","3463","27","2024-01-06 15:26:00","5","0","0","5"
"2463948","12147","3463","17","2023-11-22 11:20:11","6","2","1","3"
"2465073","27836","3463","52","2024-01-23 21:13:07","32","9","8","15"
"2466431","11536","3462","9","2024-01-07 14:49:54","3","1","0","2"
"2469283","29548","3461","12","","0","0","0","0"
"2470524","13112","3460","11","2023-11-09 15:58:34","3","1","0","2"
"2476735","10831","3458","5","2023-03-06 21:10:32","1","1","0","0"
"2482744","36271","3457","6","2024-01-23 09:17:31","20","0","3","17"
"2483313","107963","3457","280","2024-01-28 10:21:32","185","67","55","63"
"2485966","11163","3456","23","2023-12-22 15:42:54","12","5","4","3"
"2490074","13228","3454","10","2023-02-27 07:37:45","1","1","0","0"
"2491900","21787","3453","14","2023-11-03 06:02:43","1","0","0","1"
"2494262","21196","3453","17","2024-01-08 17:49:53","38","0","36","2"
"2494754","13721","3453","35","2024-01-31 03:27:49","24","1","0","23"
"2497335","21252","3452","40","2024-01-23 17:08:19","35","6","8","21"
"2497859","10803","3452","438","2023-11-13 15:04:16","188","67","69","52"
"2498956","12608","3452","34","2023-06-18 18:52:40","11","0","11","0"
"2499892","13890","3451","57","2023-11-02 09:55:20","28","16","2","10"
"2501279","153002","3451","860","2024-01-31 19:58:51","1448","575","386","487"
"2504224","65022","3450","72","2023-12-19 07:45:24","45","12","19","14"
"2504762","13155","3450","9","2023-10-04 17:44:41","8","0","1","7"
"2505965","27168","3450","183","2024-01-30 15:31:42","156","19","52","85"
"2516474","37038","3446","8","","0","0","0","0"
"2518231","32343","3445","16","2024-01-02 20:10:52","15","3","5","7"
"2518285","15543","3445","56","2024-01-31 04:03:30","362","91","48","223"
"2518317","13295","3445","6","2023-10-29 14:20:09","2","0","0","2"
"2519416","16213","3445","11","2024-01-16 12:24:52","13","5","5","3"
"2520800","22389","3445","185","2024-01-31 13:24:20","162","60","36","66"
"2521214","52394","3445","113","2023-12-19 08:04:25","46","6","22","18"
"2525948","13741","3444","18","2023-12-12 21:55:51","22","9","7","6"
"2527795","10362","3443","53","2023-10-10 11:29:54","17","4","7","6"
"2527905","60508","3443","59","2023-09-28 17:04:36","15","10","3","2"
"2528063","37472","3443","40","2024-01-26 15:58:15","38","12","9","17"
"2529954","16758","3443","64","2024-01-30 11:15:26","126","35","33","58"
"2535611","59472","3440","108","2023-06-02 19:12:25","27","2","25","0"
"2535875","10248","3440","10","2023-10-12 01:15:16","3","1","0","2"
"2538939","93474","3439","273","2024-01-09 03:00:57","59","37","13","9"
"2540471","12385","3439","7","2023-03-01 19:41:16","2","2","0","0"
"2541560","73880","3438","25","2023-09-19 11:15:44","9","0","0","9"
"2541573","67689","3438","53","2023-12-15 21:08:52","21","11","4","6"
"2543416","10446","3438","41","2024-01-09 21:19:43","30","14","10","6"
"2554537","37489","3435","28","2023-08-02 04:15:27","12","0","11","1"
"2556520","13650","3434","11","2023-09-07 17:41:42","2","0","1","1"
"2557128","27060","4695","79","2024-01-29 21:13:42","43","22","12","9"
"2562564","16201","3432","8","2023-09-21 08:50:45","7","0","6","1"
"2564847","19368","3431","8","2024-01-05 15:42:51","6","1","2","3"
"2567683","31937","3430","26","2024-01-20 21:12:37","11","1","4","6"
"2569793","12119","3430","11","2023-03-29 08:38:30","3","3","0","0"
"2570261","28691","3430","35","","0","0","0","0"
"2571021","11568","3429","54","2024-01-25 20:05:17","35","6","13","16"
"2571881","12051","4947","31","2024-01-29 21:58:10","3","0","0","3"
"2576254","17724","3428","6","","0","0","0","0"
"2577687","15055","3428","42","2024-01-31 17:59:22","43","42","0","1"
"2577734","15399","3428","11","2024-01-11 15:57:13","1","0","0","1"
"2579738","22428","3427","28","2024-01-11 18:17:17","14","4","4","6"
"2586922","113497","3424","42","2024-01-31 16:27:52","31","4","8","19"
"2587166","18546","3424","10","2023-10-17 05:41:41","19","7","11","1"
"2587435","209798","3424","5","","0","0","0","0"
"2587904","17924","3774","5","2023-12-05 09:08:27","2","1","0","1"
"2588368","12737","4332","12","","0","0","0","0"
"2588800","15823","3424","9","2023-02-02 07:31:58","1","1","0","0"
"2602718","15530","3420","9","","0","0","0","0"
"2602877","16576","3420","238","2024-01-29 07:23:33","143","34","61","48"
"2608515","28778","3418","130","2023-04-22 22:37:04","40","40","0","0"
"2609980","10554","3417","20","2023-11-22 12:36:46","10","3","3","4"
"2610022","17231","3417","16","2023-05-26 06:41:10","1","0","1","0"
"2610061","28431","3417","495","2024-01-30 12:31:12","143","48","28","67"
"2610810","66791","3417","260","2024-01-29 10:54:30","143","41","26","76"
"2612235","29806","3417","7","2023-10-28 12:12:10","2","0","1","1"
"2612259","16872","3417","46","2023-09-04 19:06:23","3","0","1","2"
"2613885","18927","3505","5","","0","0","0","0"
"2614364","46123","3416","7","","0","0","0","0"
"2621917","20307","4401","5","","0","0","0","0"
"2625442","35420","3413","65","2023-12-15 16:11:28","11","4","3","4"
"2627018","14799","3412","536","2024-01-31 02:09:28","282","137","74","71"
"2627243","13535","3412","291","2024-01-21 07:41:46","143","25","46","72"
"2628868","41269","3411","78","2023-11-21 18:39:23","43","14","12","17"
"2630032","35214","3411","6","2023-05-31 07:34:00","1","0","1","0"
"2630078","94731","3411","11","2023-10-18 19:41:20","6","2","1","3"
"2641825","11599","3408","21","2024-01-25 16:22:01","6","2","1","3"
"2648077","46192","3406","12","2024-01-30 12:26:43","15","4","1","10"
"2648811","24886","3406","33","2023-07-05 16:13:03","5","3","2","0"
"2650249","68049","3405","27","2023-11-21 23:04:37","6","1","1","4"
"2650437","24932","3405","16","2023-11-24 22:24:58","6","3","0","3"
"2651006","15383","3405","9","","0","0","0","0"
"2654518","11278","3404","5","2023-08-15 23:51:36","3","0","2","1"
"2656275","15541","3403","7","2023-12-11 14:47:54","8","2","4","2"
"2658050","67076","3403","129","2023-12-03 17:49:59","27","6","6","15"
"2658683","10041","3403","5","2023-09-27 09:20:00","7","0","2","5"
"2659307","13967","3402","38","2024-01-18 16:56:04","53","4","18","31"
"2662355","20215","3402","21","2024-01-30 19:02:04","13","4","3","6"
"2664350","11917","3401","6","2023-08-11 05:32:57","3","1","1","1"
"2665425","26720","3401","30","2023-12-06 15:54:53","10","5","1","4"
"2666289","38077","3401","17","2023-06-30 14:14:42","9","8","1","0"
"2670892","111611","3399","70","2024-01-26 18:02:50","24","7","3","14"
"2674303","37072","3397","12","2023-10-10 15:23:22","15","3","6","6"
"2680640","11514","3395","8","2024-01-16 03:27:36","23","7","11","5"
"2682142","53606","3395","73","2023-12-05 16:24:57","7","0","0","7"
"2684539","230214","3394","325","2024-01-31 17:44:07","236","40","51","145"
"2686899","46084","3394","25","2023-12-13 17:49:41","11","2","7","2"
"2692688","15993","3392","101","2023-07-07 13:38:43","41","13","28","0"
"2694184","23138","3391","141","","0","0","0","0"
"2696165","52178","3390","34","2023-06-22 08:11:19","85","69","16","0"
"2696260","127226","3390","154","2024-01-30 07:17:49","156","46","58","52"
"2698119","14865","3390","22","","0","0","0","0"
"2698552","29854","3389","14","2023-09-12 03:35:17","2","1","0","1"
"2700303","15403","3787","10","2023-11-30 11:49:37","8","4","0","4"
"2700344","38503","3389","97","2023-12-20 16:00:41","38","1","6","31"
"2700898","20854","3389","8","2023-08-22 18:38:27","3","1","1","1"
"2701130","14761","4564","9","2023-09-01 08:33:49","6","3","2","1"
"2702894","25367","3388","33","2023-07-22 10:32:51","4","3","1","0"
"2704032","16928","3555","20","2023-12-17 20:15:57","4","2","0","2"
"2705055","18706","3388","70","2023-11-04 06:59:22","17","4","4","9"
"2705542","71510","3387","76","2024-01-29 03:36:19","18","4","3","11"
"2706707","10776","3387","140","2023-12-28 06:19:59","25","23","1","1"
"2707792","45198","3387","51","2024-01-16 18:59:40","8","2","1","5"
"2707864","15938","3387","10","2024-01-19 15:11:08","4","1","0","3"
"2709090","50138","3387","71","2023-09-06 02:25:51","17","2","8","7"
"2711488","301708","3386","189","2024-01-26 09:35:09","101","26","34","41"
"2715393","16934","3384","11","2023-06-29 05:44:17","2","1","1","0"
"2722968","17464","3382","25","2024-01-08 16:59:46","38","4","2","32"
"2725435","62004","3381","5","2023-11-15 13:56:44","13","7","1","5"
"2725773","11619","3381","171","2023-10-31 09:03:55","37","11","15","11"
"2728148","11143","3380","7","2023-06-17 17:20:39","2","1","1","0"
"2733851","30737","3379","18","","0","0","0","0"
"2734189","41950","3379","29","","0","0","0","0"
"2735286","14889","3378","25","2023-12-19 11:58:40","9","6","1","2"
"2736742","10750","3377","9","2023-07-19 19:32:39","2","1","1","0"
"2739078","15984","3376","15","","0","0","0","0"
"2741273","30246","3376","32","2023-08-31 16:09:30","17","6","10","1"
"2742717","15635","3375","44","2023-12-29 20:15:12","77","16","16","45"
"2743458","12179","3375","111","","0","0","0","0"
"2745436","16085","3374","7","","0","0","0","0"
"2745495","30678","3374","58","2024-01-06 09:18:50","21","4","8","9"
"2746110","12671","3374","11","","0","0","0","0"
"2749397","25488","3373","55","2023-12-27 23:28:22","77","17","40","20"
"2749717","11980","3373","5","","0","0","0","0"
"2749865","12854","3373","63","2024-01-04 22:05:41","32","13","7","12"
"2750743","14099","3373","8","2023-12-08 14:13:29","8","2","1","5"
"2750966","14913","3373","15","","0","0","0","0"
"2751851","34538","3373","9","2024-01-15 02:56:36","19","10","7","2"
"2752075","104953","3373","324","2024-01-29 09:23:56","236","46","54","136"
"2753501","24821","3372","564","2023-11-21 11:53:57","37","2","18","17"
"2753526","29485","3372","35","2023-06-15 17:59:43","2","1","1","0"
"2755607","43513","3372","170","2024-01-23 23:36:38","127","33","34","60"
"2756409","21327","3371","53","2024-01-03 20:24:00","44","16","8","20"
"2756547","122726","3371","403","2024-01-30 17:37:39","324","98","84","142"
"2756719","139127","3371","5","2024-01-25 06:06:33","13","6","2","5"
"2760986","19094","3369","100","2023-12-12 09:51:57","47","26","12","9"
"2761575","31605","3369","38","2023-05-05 03:09:12","8","6","2","0"
"2761641","16357","3369","39","2023-12-16 10:42:39","10","3","3","4"
"2764255","40559","3368","30","2023-09-20 09:47:09","11","4","3","4"
"2766176","133836","5189","92","2024-01-24 21:21:54","92","38","13","41"
"2767703","10034","3367","5","2023-10-24 09:08:12","2","1","0","1"
"2771889","25812","3366","64","2023-11-10 12:12:17","15","14","0","1"
"2777074","40758","3365","421","2024-01-31 10:56:04","141","59","29","53"
"2780791","23276","3363","11","2024-01-06 20:00:51","5","0","0","5"
"2781454","13525","3363","29","2024-01-11 22:32:53","26","10","7","9"
"2790047","22614","3360","48","2023-12-06 22:49:27","22","18","2","2"
"2790621","15538","3360","5","2023-12-13 13:50:44","19","4","2","13"
"2791540","52538","3360","55","2024-01-25 07:50:47","44","17","15","12"
"2796058","23703","3359","16","2023-12-18 23:48:00","4","0","0","4"
"2799941","21364","3358","11","2023-11-11 21:17:31","48","19","11","18"
"2800876","42088","3358","18","2024-01-19 23:48:42","10","2","6","2"
"2802040","116258","3357","52","2024-01-30 18:55:17","65","0","0","65"
"2805154","20356","3356","67","2024-01-24 22:20:58","172","30","49","93"
"2805305","77282","3356","104","2023-12-30 01:27:34","17","2","5","10"
"2809027","10346","3355","8","2023-07-08 05:42:37","2","1","1","0"
"2810305","40320","3354","7","2023-09-08 14:36:58","2","0","1","1"
"2813224","45320","3353","557","2023-12-10 07:30:19","87","9","50","28"
"2820422","10407","3352","25","2023-05-19 21:13:23","10","9","1","0"
"2822041","13756","3351","140","2023-10-21 05:03:34","20","11","5","4"
"2823719","46596","3351","323","2024-01-29 12:56:13","161","45","58","58"
"2823755","23891","3351","79","2023-03-05 22:37:23","10","10","0","0"
"2828341","10557","3349","411","","0","0","0","0"
"2832282","14197","3348","6","2023-05-05 10:11:17","2","1","1","0"
"2834978","14708","3347","110","2024-01-29 17:38:44","82","27","14","41"
"2835261","35329","3347","120","2024-01-28 20:36:07","92","26","21","45"
"2836621","210788","3347","470","2024-01-31 19:18:29","304","108","63","133"
"2837741","15119","3346","32","2024-01-29 12:51:55","26","9","7","10"
"2843065","15710","3345","21","2024-01-06 21:47:29","27","8","5","14"
"2844319","79208","3345","20","2023-12-30 00:58:20","5","2","1","2"
"2848676","13453","3343","5","","0","0","0","0"
"2851937","35734","3342","89","2024-01-31 21:43:03","49","18","10","21"
"2854908","23089","3341","25","2024-01-09 15:45:29","7","1","1","5"
"2855515","11067","3341","5","2023-07-07 14:32:43","2","0","2","0"
"2857130","20432","3340","5","2023-03-07 06:31:00","1","1","0","0"
"2858170","29307","3340","218","2023-12-18 10:49:30","9","6","1","2"
"2858934","12084","3340","46","2024-01-12 19:52:18","17","7","7","3"
"2864275","24394","3339","66","2024-01-27 17:31:34","25","7","2","16"
"2864740","62591","3339","15","2023-09-28 00:09:45","1","0","0","1"
"2868801","39710","3338","111","2024-01-29 08:22:24","86","18","23","45"
"2872922","62138","3336","310","2024-01-31 13:33:51","243","49","43","151"
"2873507","10716","3589","6","","0","0","0","0"
"2875563","37040","3335","12","","0","0","0","0"
"2876079","12886","3335","27","2024-01-28 21:52:18","43","10","13","20"
"2876830","10108","3335","7","2023-06-20 06:51:36","7","5","2","0"
"2877241","313720","3335","1753","2024-01-30 20:12:10","687","335","173","179"
"2878550","14137","3334","16","2023-10-25 20:26:51","5","0","0","5"
"2881414","17980","3333","37","","0","0","0","0"
"2883245","17175","3333","35","2023-12-15 23:21:04","3","2","0","1"
"2884291","10817","3333","7","2023-10-25 14:30:33","3","1","1","1"
"2884859","26296","3332","24","2024-01-31 11:41:35","11","4","1","6"
"2886891","22025","3332","10","2024-01-22 12:06:50","23","4","7","12"
"2887218","341246","3332","814","2024-01-31 23:07:22","1049","323","251","475"
"2890093","10843","3331","121","2024-01-26 14:18:24","105","16","19","70"
"2897115","12136","3329","7","2023-03-29 09:09:17","1","1","0","0"
"2897748","169018","3329","1620","2024-01-31 19:06:13","1169","338","328","503"
"2898715","17785","3329","7","2023-11-03 19:20:18","15","5","3","7"
"2901002","868739","3328","3084","2024-01-31 11:12:19","920","478","175","267"
"2902833","23729","3327","287","2024-01-13 10:03:52","168","68","49","51"
"2904896","19309","3327","27","2024-01-24 12:32:31","15","4","8","3"
"2905768","17831","3326","170","2024-01-20 13:08:01","85","34","18","33"
"2910520","45326","3325","10","","0","0","0","0"
"2910943","25049","3325","5","2023-02-01 05:40:45","1","1","0","0"
"2912349","12723","3325","71","2024-01-11 10:43:32","28","9","7","12"
"2913106","11748","3325","104","2023-12-10 21:49:02","12","9","1","2"
"2914140","29225","3324","45","2024-01-25 07:28:44","34","9","9","16"
"2922834","18914","3322","6","2023-07-24 14:33:01","5","3","2","0"
"2926754","11186","3320","32","","0","0","0","0"
"2927114","12856","3320","7","2023-11-02 21:09:38","3","1","0","2"
"2929562","12245","3320","14","","0","0","0","0"
"2930038","10341","3320","168","2024-01-02 04:30:16","16","3","2","11"
"2932052","10392","3319","13","2023-12-08 15:38:34","9","3","4","2"
"2932476","14722","3319","9","2024-01-31 14:12:48","1","0","0","1"
"2933177","24326","3319","88","2024-01-29 22:03:02","68","21","15","32"
"2933977","17650","3319","68","2024-01-25 00:20:10","24","7","5","12"
"2937831","88898","3318","171","2024-01-31 18:56:29","166","45","45","76"
"2938364","12763","3318","12","","0","0","0","0"
"2943218","27048","3317","120","2023-12-11 10:26:01","30","16","7","7"
"2943403","49697","3317","713","2024-01-31 21:26:18","506","113","81","312"
"2945027","14661","3316","41","2024-01-18 07:42:12","14","2","1","11"
"2946329","40024","3316","7","","0","0","0","0"
"2946773","10715","3315","8","2024-01-30 06:18:11","9","2","4","3"
"2947378","21401","3315","67","","0","0","0","0"
"2948212","16074","3315","6","2023-12-21 22:57:43","1","0","0","1"
"2951933","13827","3313","7","2023-07-11 09:24:06","2","0","2","0"
"2954547","14174","3312","39","2024-01-18 16:44:24","38","24","2","12"
"2963652","19168","3310","21","2023-02-11 13:24:28","3","3","0","0"
"2964963","10880","3310","65","","0","0","0","0"
"2970947","202106","3308","113","2024-01-18 00:32:22","91","27","37","27"
"2974951","10415","3308","134","2024-01-31 10:41:29","57","19","13","25"
"2979617","29246","3306","19","2023-02-08 12:03:43","1","1","0","0"
"2981429","26928","3305","10","2023-04-04 21:04:28","5","5","0","0"
"2981610","13007","3305","20","2023-12-24 07:57:51","10","4","2","4"
"2985007","59655","3305","99","","0","0","0","0"
"2985643","17706","3304","41","2023-11-11 10:59:14","19","10","6","3"
"2986984","10782","3657","5","2023-02-07 09:29:33","1","1","0","0"
"2988730","115990","3304","375","2024-01-31 13:33:08","43","15","10","18"
"2989261","62155","3304","12","","0","0","0","0"
"2991525","82964","3303","239","2023-09-03 07:40:20","100","17","69","14"
"2991619","17533","3303","13","2024-01-26 11:17:32","28","11","3","14"
"2994596","14667","3302","8","","0","0","0","0"
"2994949","20871","3302","11","2024-01-06 00:36:13","3","0","2","1"
"2997825","13480","3302","18","2023-04-20 12:19:24","1","1","0","0"
"3000206","46788","3301","43","2024-01-11 15:34:58","36","13","7","16"
"3001761","124245","3300","47","2024-01-20 11:44:27","33","5","6","22"
"3001856","11865","3300","14","2024-01-20 21:19:32","12","5","3","4"
"3002584","10750","3300","14","2024-01-04 17:10:03","20","6","4","10"
"3003365","14104","3299","33","","0","0","0","0"
"3003401","10690","3299","64","2023-11-09 05:03:28","10","4","1","5"
"3005167","23805","3299","15","2023-08-17 12:23:01","2","1","0","1"
"3007154","13414","3298","34","2023-11-12 20:15:00","11","1","5","5"
"3011380","49254","3297","125","2024-01-17 04:55:56","31","12","11","8"
"3015186","35765","3297","10","2024-01-30 12:58:33","28","5","8","15"
"3016153","117742","3296","400","2024-01-25 16:07:38","226","70","58","98"
"3019689","15499","3296","5","2023-10-15 21:51:41","4","0","2","2"
"3022127","19582","3295","6","2023-02-16 10:35:22","1","1","0","0"
"3027266","60760","3293","352","2024-01-30 07:51:04","272","107","72","93"
"3032209","11495","3292","8","","0","0","0","0"
"3032289","64222","3292","12","2023-10-17 18:51:20","6","1","2","3"
"3046585","10886","3289","14","2023-05-17 07:15:58","2","1","1","0"
"3048453","10533","3288","22","2023-11-30 12:56:23","13","4","2","7"
"3058609","54669","3285","32","2023-10-11 17:59:09","29","4","13","12"
"3063243","11960","3284","15","2023-10-05 09:11:11","3","0","2","1"
"3066077","17276","3283","142","2024-01-15 15:50:43","4","2","0","2"
"3067485","11752","3283","32","2024-01-25 15:53:18","42","2","2","38"
"3068190","26561","3282","120","2024-01-31 11:42:07","86","32","13","41"
"3073272","47464","3281","44","2023-11-23 17:13:56","19","16","1","2"
"3074564","50106","3281","90","2024-01-28 21:09:36","52","9","21","22"
"3075340","10999","3281","6","2023-07-26 06:28:05","3","0","3","0"
"3080723","15671","3279","260","2024-01-31 17:27:52","141","72","28","41"
"3080770","18932","3279","60","2023-12-14 14:11:43","9","5","2","2"
"3081018","125675","3279","248","2024-01-28 18:10:26","143","30","44","69"
"3082296","35399","3278","27","2023-06-23 05:01:53","7","5","2","0"
"3088045","10194","3277","9","2023-09-25 19:41:09","16","2","13","1"
"3088138","26090","3277","84","2023-12-22 15:39:28","42","16","4","22"
"3088349","33206","3277","69","2024-01-25 16:14:51","19","5","0","14"
"3092298","19574","3276","59","2024-01-26 20:43:23","29","8","10","11"
"3092377","17614","3276","12","2023-07-20 08:55:47","3","2","1","0"
"3093731","20399","3275","5","2023-04-01 23:13:22","2","2","0","0"
"3094533","83028","3275","24","2024-01-16 15:15:38","88","20","25","43"
"3094731","12760","3275","9","2023-02-17 05:27:48","2","2","0","0"
"3098330","10819","3274","45","","0","0","0","0"
"3102264","12139","3273","7","2023-11-14 20:06:12","6","0","3","3"
"3102968","15605","3273","16","2023-09-20 18:09:09","3","1","0","2"
"3104226","17682","3272","16","2023-09-17 15:06:45","10","0","2","8"
"3106920","72351","3271","12","","0","0","0","0"
"3110834","126400","3270","83","2023-09-16 21:26:34","24","16","7","1"
"3111149","12779","3270","41","2024-01-17 08:20:27","11","5","1","5"
"3120446","14550","3268","5","2023-07-24 20:28:11","5","0","5","0"
"3124333","10398","3267","20","2023-12-27 19:10:46","11","1","5","5"
"3129414","13716","3264","70","2023-12-22 05:44:19","5","3","1","1"
"3132019","15834","3263","40","2023-12-20 09:27:31","12","4","3","5"
"3133316","35535","3263","63","2024-01-30 06:25:47","28","6","11","11"
"3134215","35699","3262","24","2023-11-13 06:37:20","1","0","0","1"
"3136339","14697","3261","10","2024-01-30 08:44:38","20","0","6","14"
"3141234","63972","3259","108","2024-01-29 04:05:38","90","19","19","52"
"3141792","29482","3259","230","2024-01-31 19:38:45","122","54","13","55"
"3142139","11238","3259","17","2024-01-20 09:43:11","9","2","1","6"
"3144770","41986","3258","209","2024-01-30 22:02:53","207","55","47","105"
"3146213","14996","3257","45","2024-01-31 10:19:14","32","6","10","16"
"3150338","16641","3256","25","2023-12-01 09:47:40","28","6","12","10"
"3150802","16436","3255","36","2024-01-29 17:30:46","26","7","2","17"
"3151675","58395","3255","50","2023-09-20 20:43:31","4","3","0","1"
"3156906","10470","3253","54","2024-01-23 12:39:32","63","23","12","28"
"3157076","33016","3253","48","2024-01-22 00:21:30","20","11","4","5"
"3160747","41340","3252","43","","0","0","0","0"
"3161139","11461","3252","6","2023-12-15 08:38:08","24","1","2","21"
"3163618","11654","3251","18","2024-01-10 18:54:32","20","1","3","16"
"3176419","13496","3247","291","2023-10-09 01:54:50","17","5","9","3"
"3179759","15657","3247","6","","0","0","0","0"
"3180489","13800","3246","43","2023-10-19 16:25:50","41","0","28","13"
"3181104","10156","3246","36","2024-01-30 20:42:35","10","0","0","10"
"3181392","37363","3246","55","2024-01-19 07:46:17","41","10","8","23"
"3181933","39103","3246","135","2024-01-30 08:19:25","28","7","10","11"
"3190076","10899","3243","68","2024-01-19 14:00:31","56","14","23","19"
"3190347","17899","3243","6","2023-09-26 06:51:04","6","1","2","3"
"3191896","34647","3243","10","2023-08-28 14:44:09","2","0","0","2"
"3195477","13505","3242","47","2023-12-22 19:10:54","23","6","4","13"
"3198983","13079","3241","8","","0","0","0","0"
"3199595","30623","3241","9","2024-01-24 20:59:11","3","0","2","1"
"3204551","46007","3240","9","2023-11-28 14:34:54","3","0","2","1"
"3208297","29567","3239","9","","0","0","0","0"
"3211932","21104","3237","8","2023-07-20 11:07:10","5","1","4","0"
"3212865","13622","3237","7","","0","0","0","0"
"3214202","10543","3236","12","2024-01-29 15:17:53","175","0","4","171"
"3214872","19323","3236","12","","0","0","0","0"
"3216427","13116","3236","174","2024-01-26 14:19:17","13","5","5","3"
"3219613","57886","3235","190","2023-08-07 12:15:01","16","4","10","2"
"3220113","20302","3235","65","2024-01-30 21:29:33","33","7","9","17"
"3220135","11205","3235","53","2024-01-31 18:19:59","28","3","9","16"
"3220983","11294","3235","19","2023-11-18 01:29:11","15","2","8","5"
"3225458","12042","3234","17","2024-01-24 11:32:17","7","1","1","5"
"3231537","12816","3232","5","","0","0","0","0"
"3231778","15332","3232","28","2024-01-21 15:54:41","22","1","15","6"
"3233398","12915","3232","11","2023-09-27 01:02:07","1","0","0","1"
"3233827","16275","3232","5","","0","0","0","0"
"3234959","116712","3231","100","2024-01-31 10:56:44","59","18","11","30"
"3236925","16640","3230","15","","0","0","0","0"
"3240583","21587","3229","14","2023-02-27 16:08:02","1","1","0","0"
"3241243","13438","3229","16","2024-01-26 11:26:21","4","1","2","1"
"3245749","36500","3228","64","2024-01-22 23:49:02","21","4","5","12"
"3247006","43538","3227","523","2024-01-31 16:21:44","596","23","216","357"
"3250829","104966","3227","13","2023-09-29 15:53:58","3","1","1","1"
"3255152","31384","3226","17","2023-12-29 02:53:09","5","4","0","1"
"3255455","53067","3226","57","2023-12-27 20:17:58","30","9","6","15"
"3255871","14208","3225","221","2024-01-30 04:28:39","228","48","79","101"
"3266847","54284","3222","58","2024-01-31 00:41:53","81","23","16","42"
"3270427","10877","3221","24","2023-09-30 10:25:20","2","1","0","1"
"3270785","17957","3221","84","2024-01-16 02:48:59","7","0","0","7"
"3280538","24105","3219","100","2024-01-22 01:22:43","67","37","12","18"
"3281336","11972","3219","14","2023-12-14 20:17:41","18","10","5","3"
"3282056","29523","3218","117","2024-01-31 17:14:08","50","15","11","24"
"3282436","13809","3218","60","2023-11-09 16:33:15","8","5","2","1"
"3286489","61455","3217","25","2024-01-29 03:30:39","7","1","1","5"
"3287566","13298","3217","8","2023-07-19 00:40:16","1","0","1","0"
"3288890","61270","3216","127","2023-11-16 02:43:57","2","0","1","1"
"3297291","23535","3214","68","2023-11-15 15:08:06","6","4","1","1"
"3304426","33133","3212","26","2024-01-29 11:34:17","37","7","3","27"
"3309466","13431","3211","53","2024-01-23 12:17:59","36","13","6","17"
"3309790","173695","3211","95","2023-10-20 01:23:40","9","1","4","4"
"3314107","13599","3210","24","2024-01-31 10:51:23","30","2","16","12"
"3315962","11142","3209","44","2023-12-31 10:37:07","34","11","13","10"
"3318517","27675","3208","9","2023-09-24 19:58:54","5","1","3","1"
"3322400","12010","3207","21","2024-01-09 07:26:08","10","4","3","3"
"3325704","12196","3207","5","2023-03-21 06:44:19","1","1","0","0"
"3340702","16605","3203","15","","0","0","0","0"
"3348604","29187","3201","180","2024-01-30 11:08:22","56","15","20","21"
"3357935","28318","3199","10","2023-07-13 20:49:00","3","2","1","0"
"3358272","169109","3199","1030","2024-01-31 20:43:18","936","287","187","462"
"3367974","11744","3196","7","","0","0","0","0"
"3371862","83396","3195","307","2024-01-23 08:54:21","211","90","46","75"
"3379653","36566","3193","57","2023-12-20 11:28:39","32","13","10","9"
"3385827","24001","3192","23","2023-06-18 19:00:06","9","6","3","0"
"3386109","35000","3191","11","2023-12-15 07:59:09","12","4","5","3"
"3387716","17760","3191","293","2023-12-04 07:39:11","80","33","12","35"
"3390419","26766","3191","209","2024-01-25 15:00:06","213","30","56","127"
"3391490","10064","3190","15","2023-09-02 17:47:04","9","7","1","1"
"3399356","10229","3188","160","2024-01-31 14:04:20","17","4","2","11"
"3402095","13099","3187","6","","0","0","0","0"
"3405171","20076","3186","34","2023-11-28 12:03:12","5","2","2","1"
"3406693","34843","3186","17","2023-10-09 16:59:14","7","3","0","4"
"3411787","16890","3185","8","2023-06-21 23:27:35","1","0","1","0"
"3412322","21659","3185","48","2024-01-09 16:57:47","28","7","5","16"
"3413723","12493","3184","10","2023-12-16 03:05:56","26","3","3","20"
"3418066","116417","3183","81","2024-01-29 20:27:28","123","29","31","63"
"3419103","18237","3183","8","2023-12-27 09:55:18","20","2","10","8"
"3419297","10781","3183","31","2024-01-25 11:46:00","81","29","24","28"
"3422102","85180","3182","215","2024-01-04 03:47:46","72","27","20","25"
"3427777","22922","3180","5","2024-01-11 00:48:01","17","3","12","2"
"3429323","10337","3180","31","2024-01-13 01:51:12","20","7","9","4"
"3437787","62274","3178","69","2023-04-17 13:53:51","12","12","0","0"
"3437900","12730","3178","7","2023-06-06 08:02:30","3","2","1","0"
"3439404","30624","3178","82","2023-12-27 17:26:51","50","20","22","8"
"3440745","68033","3177","65","2024-01-29 07:46:22","50","15","15","20"
"3446126","20272","3176","18","2023-08-24 05:11:29","10","8","1","1"
"3448419","100264","3176","54","2024-01-28 14:01:30","16","4","3","9"
"3448527","60886","3175","119","2023-07-01 18:00:31","3","0","3","0"
"3450034","30138","3175","8","","0","0","0","0"
"3451975","21776","3174","7","2023-06-02 14:20:44","1","0","1","0"
"3453898","10799","3173","17","2023-07-21 15:23:00","10","6","4","0"
"3454879","17506","3173","9","2023-12-06 15:48:57","3","0","1","2"
"3460361","11852","3172","5","2024-01-24 13:31:14","5","2","2","1"
"3460670","30694","3172","187","2024-01-31 17:19:02","80","30","11","39"
"3460805","10716","3172","13","2024-01-12 10:19:09","5","1","2","2"
"3461397","18302","3172","128","2024-01-25 10:22:40","92","6","29","57"
"3462319","10746","3171","17","2023-12-19 13:27:37","23","12","8","3"
"3464971","27778","3171","9","2023-06-28 13:56:26","8","7","1","0"
"3474956","10271","3168","13","2023-05-13 14:47:12","1","0","1","0"
"3479456","10435","3166","15","2023-10-25 15:41:41","2","0","1","1"
"3485434","33430","3165","961","2023-05-29 18:51:30","3","1","2","0"
"3486675","11654","3165","49","2024-01-22 11:16:29","22","15","4","3"
"3486691","18213","3165","10","2023-12-28 10:24:27","8","3","1","4"
"3489155","13062","3164","57","2024-01-21 15:35:14","14","5","2","7"
"3494754","11660","3163","799","","0","0","0","0"
"3494774","11391","3163","161","2024-01-23 09:25:55","133","49","14","70"
"3497671","63398","3162","13","2024-01-23 13:59:49","13","2","1","10"
"3499115","14649","3162","18","2023-03-08 14:03:36","5","5","0","0"
"3501958","12629","3161","40","2023-12-21 07:45:49","17","0","0","17"
"3509591","18945","3158","20","2023-04-20 04:09:10","12","12","0","0"
"3512538","12917","3158","9","","0","0","0","0"
"3520404","14494","3156","10","2023-12-27 07:48:51","4","0","3","1"
"3522312","133515","3155","85","2023-04-24 11:25:29","2","2","0","0"
"3527297","56619","3154","396","2024-01-29 14:05:30","200","71","65","64"
"3533584","27365","3152","118","2023-04-03 16:48:17","2","2","0","0"
"3536236","23149","3151","33","2023-11-29 17:46:46","9","4","2","3"
"3545273","150300","3149","351","2024-01-27 18:48:42","107","38","20","49"
"3553087","96673","3878","17","2024-01-04 22:05:56","7","0","3","4"
"3558931","24688","3144","204","2023-12-18 23:30:14","44","11","20","13"
"3558960","98737","3144","163","2024-01-10 08:42:43","102","62","15","25"
"3561275","15312","3144","31","2023-12-07 13:59:11","5","1","2","2"
"3563993","13314","3143","9","2023-12-15 17:53:00","6","2","1","3"
"3566998","14784","3142","17","","0","0","0","0"
"3568092","12236","3142","21","","0","0","0","0"
"3576984","34953","3140","5","2023-03-11 07:36:46","1","1","0","0"
"3577849","17893","3139","31","2023-09-12 21:23:09","84","65","17","2"
"3580870","18277","3138","51","2024-01-17 10:35:59","78","28","13","37"
"3581788","12212","3138","7","2023-04-20 10:11:15","1","1","0","0"
"3583182","62944","3138","12","2024-01-11 01:13:53","22","1","9","12"
"3585796","91419","3137","321","2024-01-25 06:56:35","41","13","10","18"
"3588876","13961","3136","5","2023-08-16 01:47:10","1","0","0","1"
"3589092","17744","3136","7","2023-03-13 08:39:36","1","1","0","0"
"3593996","112330","3135","10","2023-10-06 05:04:37","7","1","1","5"
"3597276","376495","3134","52","2024-01-29 22:45:26","41","11","16","14"
"3600553","13078","3132","64","2023-11-08 11:55:56","39","0","37","2"
"3603681","33852","3131","225","2024-01-29 16:49:27","102","39","20","43"
"3607064","14018","3130","5","","0","0","0","0"
"3607203","11687","3130","13","","0","0","0","0"
"3611669","12388","3129","131","2023-11-24 10:42:34","6","1","0","5"
"3611989","34168","3129","53","2024-01-25 11:19:18","19","4","4","11"
"3617380","20303","3128","45","2023-12-11 22:53:56","19","5","6","8"
"3617886","113365","3128","14","","0","0","0","0"
"3620003","79302","3389","207","2023-07-21 13:08:43","3","1","2","0"
"3625433","11366","3125","17","2023-04-25 14:59:14","6","6","0","0"
"3627756","13571","3124","145","2024-01-17 05:08:26","30","13","4","13"
"3629249","16584","3124","18","2023-02-08 17:38:46","1","1","0","0"
"3636601","69615","3122","94","2024-01-31 12:23:00","63","17","15","31"
"3642398","17075","3121","5","","0","0","0","0"
"3647002","14269","3119","10","2023-10-25 02:07:49","6","1","3","2"
"3648361","10129","3119","20","2024-01-06 19:56:09","24","7","9","8"
"3650362","28783","3118","7","","0","0","0","0"
"3652345","16968","3117","41","2023-08-30 11:30:20","34","15","18","1"
"3654061","12178","3117","5","2023-11-30 20:12:25","3","1","0","2"
"3656904","20816","3116","63","2023-02-25 14:42:07","1","1","0","0"
"3665878","18659","3114","33","2023-12-14 13:26:01","14","0","5","9"
"3667938","15113","3113","8","2023-12-07 17:35:18","5","1","1","3"
"3669698","17349","3113","9","","0","0","0","0"
"3679490","68099","3109","13","","0","0","0","0"
"3680831","20505","3109","7","","0","0","0","0"
"3684265","15972","3108","147","2024-01-11 23:25:35","187","41","95","51"
"3684882","21719","3108","8","2023-11-01 18:50:52","8","1","1","6"
"3689450","29778","3107","84","2024-01-30 16:49:51","46","18","3","25"
"3691891","13188","3106","39","2023-04-26 19:24:24","2","2","0","0"
"3699139","34445","3103","25","2023-11-05 19:03:07","29","9","6","14"
"3701102","16267","3103","27","2023-08-30 23:29:35","2","0","1","1"
"3701228","18164","3102","19","2024-01-16 20:17:22","25","17","1","7"
"3702377","36324","3102","35","2024-01-30 20:01:56","32","3","3","26"
"3702797","140176","3102","297","2024-01-30 13:26:41","144","46","40","58"
"3705127","28148","3101","8","2023-07-29 20:40:10","9","6","3","0"
"3705840","71673","3101","26","","0","0","0","0"
"3706016","44960","3101","109","2024-01-31 17:28:53","95","24","18","53"
"3706693","19478","3101","12","2024-01-22 10:02:13","12","4","1","7"
"3710490","13188","3100","23","2023-08-23 09:04:20","15","7","3","5"
"3710865","13488","3100","14","2023-08-18 01:16:44","6","0","3","3"
"3711162","47011","3100","80","2024-01-09 22:33:48","52","17","14","21"
"3723423","75129","3096","268","2024-01-25 19:24:14","163","48","38","77"
"3723993","21386","3096","27","2024-01-06 17:07:34","74","3","15","56"
"3725596","10312","3095","190","2024-01-30 14:16:08","98","32","24","42"
"3728901","53653","3094","75","2024-01-17 03:25:27","41","13","9","19"
"3731467","10657","3094","5","2023-06-08 22:02:28","1","0","1","0"
"3731501","227175","3094","206","2024-01-24 22:51:53","87","25","16","46"
"3732075","12352","3094","7","2024-01-15 10:11:27","10","2","4","4"
"3732271","891697","3093","3306","2023-06-15 05:36:45","675","629","46","0"
"3734116","11418","3093","8","2023-10-24 12:15:20","7","3","2","2"
"3737009","21644","3092","36","2024-01-24 08:44:28","5","4","0","1"
"3738171","32015","3092","103","2024-01-31 18:06:26","26","5","6","15"
"3744182","121806","3089","107","2024-01-31 22:59:54","158","31","55","72"
"3744304","57279","3089","303","2024-01-29 07:05:41","13","2","0","11"
"3744747","11093","3089","33","2023-11-26 17:10:07","3","0","1","2"
"3748349","54771","3088","13","2023-12-04 11:41:54","7","3","0","4"
"3751711","55691","3087","7","2024-01-16 05:29:51","4","2","1","1"
"3753826","17782","3087","5","2023-10-08 10:15:40","4","1","2","1"
"3757232","22474","3086","55","2024-01-26 16:15:04","52","7","11","34"
"3761628","24740","3085","85","2023-02-05 18:28:30","1","1","0","0"
"3762142","10333","3084","5","","0","0","0","0"
"3764804","19539","3083","8","2024-01-13 22:30:01","18","4","8","6"
"3764965","45177","3083","61","2024-01-24 09:31:43","67","23","24","20"
"3765457","10881","3083","5","2024-01-24 10:46:36","2","0","0","2"
"3767239","36794","3082","101","","0","0","0","0"
"3768871","19033","3082","18","2023-10-11 11:22:22","3","0","0","3"
"3776858","90514","3080","121","2024-01-14 04:57:39","55","20","20","15"
"3776927","17738","3080","101","2024-01-31 21:36:44","114","33","17","64"
"3777113","12281","3080","36","","0","0","0","0"
"3779853","11107","3079","15","2023-11-14 15:35:10","7","0","3","4"
"3780494","41924","3079","130","2024-01-08 22:10:31","45","17","15","13"
"3783478","25053","3078","43","2023-05-03 10:21:36","5","4","1","0"
"3783818","12917","3078","5","2023-05-09 17:25:12","3","2","1","0"
"3788176","141143","3076","98","2023-12-19 20:49:42","45","15","17","13"
"3792198","13378","3074","19","2023-03-31 09:56:35","2","2","0","0"
"3794812","87508","3074","455","2024-01-28 14:48:49","161","51","18","92"
"3795036","11681","3074","15","2024-01-31 15:44:27","11","3","2","6"
"3796113","30982","3073","60","2023-09-23 09:34:29","5","0","0","5"
"3799759","72099","3072","1064","2024-01-30 18:53:42","257","149","83","25"
"3806017","15664","3071","114","2024-01-12 18:38:52","42","9","24","9"
"3807365","20432","3070","1066","2024-01-29 17:35:04","91","15","54","22"
"3807729","49061","3070","13","2023-04-28 16:24:39","1","1","0","0"
"3813116","33731","3068","56","2024-01-25 15:49:10","24","8","5","11"
"3817004","42800","3067","54","","0","0","0","0"
"3820271","27711","3066","35","2023-12-30 14:04:45","31","9","16","6"
"3821154","28879","3066","69","2024-01-31 19:14:46","75","20","18","37"
"3830997","18915","3064","6","2023-12-05 17:46:13","7","5","0","2"
"3832970","631746","3063","1920","2024-01-31 21:29:37","251","79","56","116"
"3833666","14575","3062","10","2023-11-04 11:04:12","1","0","0","1"
"3834415","31800","3062","7","2024-01-18 16:42:41","7","2","1","4"
"3838691","15116","3061","5","","0","0","0","0"
"3840170","27328","3060","65","2024-01-05 13:59:56","29","16","2","11"
"3850012","11095","3058","5","","0","0","0","0"
"3850405","71730","3058","80","2024-01-25 09:48:32","47","22","17","8"
"3854570","13369","3057","106","2023-10-18 17:48:41","69","5","49","15"
"3857758","30081","3055","32","2024-01-01 00:52:03","3","1","0","2"
"3857942","48239","3055","11","2024-01-27 03:18:23","5","3","0","2"
"3862378","34818","3054","8","","0","0","0","0"
"3867406","14954","3052","6","2023-06-22 15:26:10","2","0","2","0"
"3874623","92723","3051","179","2024-01-01 04:45:27","37","17","13","7"
"3877726","54690","3050","30","2023-12-18 01:18:39","15","4","6","5"
"3879847","18616","3049","10","2024-01-03 16:21:00","9","0","2","7"
"3888719","15745","3046","377","2023-03-11 10:49:32","27","27","0","0"
"3889423","27392","3046","54","2023-10-10 10:09:13","3","1","0","2"
"3889449","71307","3046","116","2024-01-28 18:19:30","62","5","13","44"
"3890632","59866","3045","56","2024-01-23 09:25:25","18","11","2","5"
"3893496","13253","4054","6","","0","0","0","0"
"3894917","35448","3044","175","2024-01-31 22:40:24","138","48","34","56"
"3895259","12144","3044","7","","0","0","0","0"
"3895697","14022","3044","62","2023-12-28 13:41:21","47","5","13","29"
"3895960","26083","3044","13","","0","0","0","0"
"3896283","15309","3044","5","2023-10-30 09:03:31","1","0","0","1"
"3897775","29966","3043","89","2024-01-29 19:04:38","9","0","2","7"
"3899431","13292","3043","162","2024-01-28 13:36:10","151","21","50","80"
"3905079","48402","3040","7","2023-04-12 14:15:02","2","2","0","0"
"3906760","34493","3040","15","2023-12-14 15:01:20","7","5","0","2"
"3915431","62629","3038","139","2024-01-26 12:12:33","87","13","24","50"
"3922207","15185","3036","11","2023-09-07 11:15:42","2","0","0","2"
"3923896","49507","3036","174","2023-06-02 10:32:12","63","43","20","0"
"3924803","26733","3035","357","2024-01-22 09:59:58","139","51","27","61"
"3926543","17437","3034","7","2023-11-09 13:07:13","3","1","0","2"
"3929826","14484","3033","11","","0","0","0","0"
"3935035","12878","3080","12","2024-01-31 07:21:30","12","2","4","6"
"3935156","12663","3032","17","2023-08-20 21:35:09","14","3","9","2"
"3943312","119054","3029","364","2024-01-20 02:40:21","179","86","36","57"
"3944322","30895","3029","257","2023-07-06 08:05:08","17","4","13","0"
"3945473","12575","3029","75","2024-01-04 23:23:19","43","21","4","18"
"3949993","15981","3027","10","","0","0","0","0"
"3955830","31704","3025","36","","0","0","0","0"
"3956070","45691","3025","10","2023-12-19 09:33:27","3","1","1","1"
"3957754","17010","3025","78","2024-01-16 02:03:22","56","18","11","27"
"3959875","75457","3024","127","2024-01-31 13:52:51","54","20","10","24"
"3962537","19176","3023","5","2024-01-31 13:42:38","10","1","4","5"
"3962914","391177","3023","519","2024-01-31 10:40:41","199","57","51","91"
"3963067","28991","3023","87","2024-01-26 08:39:48","7","2","4","1"
"3965631","29492","3023","92","2024-01-04 17:27:39","35","10","12","13"
"3978545","30777","3018","114","2024-01-31 14:21:27","71","19","17","35"
"3982562","21542","3017","92","2024-01-23 15:13:06","80","27","22","31"
"3984221","24050","3017","26","2023-11-02 14:57:05","10","4","3","3"
"3986005","17554","3016","108","2024-01-30 16:17:30","72","25","17","30"
"3987294","24580","3016","6","2023-11-22 11:28:22","8","2","4","2"
"3992939","18882","3014","54","","0","0","0","0"
"3997611","14274","3012","29","2023-12-21 08:56:25","18","6","5","7"
"4001592","62250","3011","141","2023-04-13 19:56:22","2","2","0","0"
"4003419","29823","3010","492","","0","0","0","0"
"4017501","10707","3006","24","2023-08-14 14:02:34","8","5","2","1"
"4032703","12249","3002","23","2024-01-26 16:29:10","15","4","6","5"
"4039431","32574","2999","201","2023-03-17 08:33:37","2","2","0","0"
"4044696","20400","2997","21","2024-01-14 23:37:25","56","12","7","37"
"4045502","17665","2997","44","2023-11-28 13:18:00","12","7","4","1"
"4046632","14413","2997","81","2023-12-07 17:28:17","17","14","2","1"
"4055033","16775","3234","16","2024-01-10 21:05:51","14","4","4","6"
"4056181","13241","2995","22","2023-12-22 12:40:20","5","1","1","3"
"4058484","10879","2994","10","2023-07-04 09:14:07","2","0","2","0"
"4061501","16415","2993","6","2023-06-17 06:56:49","2","1","1","0"
"4062354","75112","2993","129","2023-03-23 13:23:51","79","79","0","0"
"4068779","21939","2990","5","2023-09-15 00:59:42","4","1","1","2"
"4070848","13539","2990","5","2023-06-24 09:51:42","5","2","3","0"
"4076764","16647","2989","14","2023-09-27 18:13:10","8","0","2","6"
"4079967","14548","2988","19","2023-06-08 16:03:07","1","0","1","0"
"4081336","14988","2988","14","2023-08-24 00:15:57","3","0","2","1"
"4082052","23905","2987","37","2023-07-25 09:46:25","16","5","11","0"
"4083045","17834","2987","14","2023-11-19 18:44:27","7","2","3","2"
"4085910","71964","2986","7","","0","0","0","0"
"4086177","11660","2986","16","","0","0","0","0"
"4086774","10467","2986","9","2023-12-27 12:26:38","3","1","1","1"
"4094231","21665","3524","6","2024-01-21 06:21:04","6","1","1","4"
"4094260","13092","2983","10","2023-07-03 13:15:12","2","0","2","0"
"4095056","14209","2983","51","2023-05-30 11:21:36","3","1","2","0"
"4099454","14265","2982","10","2023-08-21 10:57:48","2","0","0","2"
"4101154","15435","2981","10","2024-01-22 07:39:30","4","1","1","2"
"4108590","21149","2979","9","2023-03-02 06:49:08","1","1","0","0"
"4108803","47514","2979","208","2024-01-03 14:47:30","32","9","6","17"
"4111404","23043","2978","113","2024-01-29 14:18:36","19","9","5","5"
"4114907","16360","2977","9","2024-01-27 21:03:46","6","0","0","6"
"4115031","12670","2977","12","2023-12-30 08:24:55","25","0","16","9"
"4116017","32884","2976","13","2023-09-17 13:49:00","10","6","2","2"
"4116300","27375","2976","933","2024-01-21 07:13:48","119","70","27","22"
"4117728","129334","2976","624","2024-01-31 13:00:23","367","123","85","159"
"4125191","34778","2974","5","2023-11-28 13:36:24","3","1","1","1"
"4125751","20690","2974","62","2024-01-31 08:28:21","97","19","22","56"
"4126114","10405","2974","7","2023-12-08 20:13:55","5","1","1","3"
"4126893","20587","2974","72","2024-01-23 05:49:38","28","6","9","13"
"4131048","31692","2973","16","2023-05-10 17:09:57","1","0","1","0"
"4137061","11177","2970","17","2023-08-18 08:20:50","5","2","1","2"
"4137489","28410","2970","18","2024-01-16 10:47:13","16","7","6","3"
"4137916","29087","2970","14","2023-06-08 12:47:51","1","0","1","0"
"4138801","11893","2970","9","2023-06-07 10:51:13","3","2","1","0"
"4139809","11736","2969","104","2024-01-10 00:07:12","29","17","5","7"
"4142924","34895","2969","56","2023-12-17 16:29:58","35","17","5","13"
"4144042","12029","3416","6","2023-08-21 20:57:09","3","0","1","2"
"4151599","31382","2967","103","2024-01-24 04:05:27","66","31","13","22"
"4153426","13821","2966","16","2023-06-11 20:14:28","6","4","2","0"
"4157589","15605","2965","59","2023-12-12 00:30:44","9","0","5","4"
"4158274","14947","2964","19","2024-01-15 14:23:56","17","2","10","5"
"4158862","14567","2964","33","2024-01-25 18:38:47","19","7","6","6"
"4162356","37752","2963","65","2024-01-28 06:38:30","10","1","0","9"
"4167200","30594","2962","176","2024-01-19 06:39:31","77","21","15","41"
"4168607","21173","2961","52","2023-07-25 05:35:42","1","0","1","0"
"4170935","10489","2961","6","","0","0","0","0"
"4183191","22501","2957","27","2024-01-27 19:49:53","16","2","2","12"
"4183498","10029","2957","13","2023-03-04 12:27:32","1","1","0","0"
"4184842","11989","2956","5","2024-01-22 23:48:30","2","0","0","2"
"4185234","24024","2956","19","2023-07-20 07:23:20","4","0","4","0"
"4189814","19480","2955","250","2024-01-31 07:35:53","235","67","76","92"
"4191767","10461","2955","10","2023-07-29 05:23:47","10","2","8","0"
"4212158","20422","2949","9","2023-11-30 19:50:04","10","5","3","2"
"4216641","20315","2947","50","2024-01-13 10:36:06","31","4","6","21"
"4217682","19561","2947","236","2024-01-22 20:38:30","51","23","9","19"
"4222206","10030","2946","451","2024-01-30 22:22:05","140","41","25","74"
"4230618","24049","2944","9","","0","0","0","0"
"4233642","18364","2943","42","2024-01-11 23:50:32","25","6","5","14"
"4235784","21657","2942","9","","0","0","0","0"
"4238408","151178","2941","333","2024-01-30 17:20:23","171","69","43","59"
"4244136","15876","2940","31","2024-01-26 11:07:50","32","4","7","21"
"4245446","13964","2940","5","2023-04-04 06:53:03","1","1","0","0"
"4248328","72243","2939","36","2024-01-29 04:50:30","51","12","8","31"
"4252352","10009","2938","16","2023-05-01 12:45:00","1","0","1","0"
"4253229","18726","2938","6","2024-01-04 15:01:45","4","1","1","2"
"4254517","40631","2937","96","2023-12-06 12:47:31","38","11","16","11"
"4262344","12516","2935","448","2023-05-27 19:46:57","1","0","1","0"
"4262407","10776","2935","53","2024-01-02 15:08:51","4","2","0","2"
"4265103","17822","2934","43","2023-10-15 13:44:57","9","5","2","2"
"4265352","73650","2934","35","2024-01-10 16:38:32","60","36","10","14"
"4267244","28726","2934","24","2024-01-31 11:39:30","23","7","3","13"
"4269535","16558","2933","320","2024-01-23 06:15:43","210","98","70","42"
"4275342","24867","2932","14","2023-06-09 11:23:28","5","3","2","0"
"4279155","17547","2931","410","2024-01-31 13:49:57","160","60","54","46"
"4281353","23144","2930","24","2024-01-24 02:03:00","13","7","3","3"
"4296747","54032","2926","8","","0","0","0","0"
"4299560","17731","2925","5","2023-12-27 23:18:16","9","2","4","3"
"4301306","44393","2925","11","2023-04-27 12:59:04","1","1","0","0"
"4307136","10090","2923","27","","0","0","0","0"
"4317058","25569","2920","42","2024-01-27 08:01:31","11","3","0","8"
"4321299","10907","2919","210","2024-01-28 15:06:48","153","43","33","77"
"4323935","11072","2918","15","2023-04-12 15:57:55","3","3","0","0"
"4333359","59717","2915","52","","0","0","0","0"
"4339402","16443","2914","182","2023-09-22 09:22:05","98","66","29","3"
"4341440","35839","2913","38","2024-01-15 17:23:56","38","7","15","16"
"4342498","183755","2913","102","2024-01-24 16:10:50","71","34","15","22"
"4346285","17718","2912","5","","0","0","0","0"
"4349415","10843","2911","20","2023-04-20 15:01:12","2","2","0","0"
"4352772","17654","2910","45","2024-01-30 19:12:34","31","7","14","10"
"4354477","45070","2910","75","2023-12-18 11:41:59","8","3","1","4"
"4363864","10840","2907","18","2023-07-31 09:16:21","3","2","1","0"
"4365460","10678","2906","6","2024-01-04 11:13:10","8","2","2","4"
"4369919","17312","2905","165","2023-10-10 09:24:21","23","13","6","4"
"4370279","11884","2905","5","","0","0","0","0"
"4378314","11794","2903","15","2024-01-17 17:10:24","34","17","4","13"
"4379151","33331","2903","24","2023-11-07 00:26:25","8","4","1","3"
"4385913","20766","2900","14","2024-01-29 16:37:30","26","10","11","5"
"4386427","44748","2900","58","2024-01-30 19:58:09","88","35","17","36"
"4388776","13922","2899","6","2023-04-03 05:18:22","1","1","0","0"
"4390133","19965","2899","11","2024-01-17 13:00:28","19","1","1","17"
"4390160","32497","2899","462","2024-01-31 22:46:06","84","32","17","35"
"4393565","19591","2897","95","2024-01-03 11:05:22","62","14","21","27"
"4394169","11293","2897","100","2023-11-28 23:42:16","40","20","6","14"
"4398966","15774","2894","221","2023-12-22 21:52:35","53","11","19","23"
"4399281","21525","2894","6","2023-11-30 09:03:07","29","22","6","1"
"4403732","23153","2893","31","2023-11-03 11:38:44","31","28","0","3"
"4405757","17986","2892","22","2024-01-03 09:35:14","26","7","3","16"
"4407666","16161","2891","267","","0","0","0","0"
"4413446","22278","2889","42","2023-11-05 05:58:24","5","2","0","3"
"4415642","12002","2888","5","2023-12-24 10:35:25","3","1","1","1"
"4419802","15522","2886","45","2024-01-11 11:12:45","12","3","2","7"
"4423545","12062","2885","59","2024-01-31 12:27:27","38","12","2","24"
"4427777","14489","2884","36","2023-11-23 08:24:10","7","0","3","4"
"4431643","12782","2883","5","","0","0","0","0"
"4433386","37022","2883","154","2024-01-15 10:33:52","47","18","14","15"
"4447540","25376","2878","1008","2024-01-26 12:21:23","168","107","42","19"
"4451315","11202","2878","18","2024-01-22 15:13:57","78","28","11","39"
"4451521","10675","2877","10","2023-10-05 12:49:33","4","1","2","1"
"4459617","10920","2876","48","2024-01-19 23:58:05","32","8","12","12"
"4468021","10873","2873","15","2023-10-24 13:24:11","13","9","3","1"
"4468648","37249","2872","12","2023-07-25 03:18:44","3","0","3","0"
"4470365","23435","2872","23","2023-12-21 19:54:24","17","4","10","3"
"4473405","16185","2871","7","2023-11-18 20:16:18","9","1","0","8"
"4474230","11123","2871","57","2023-11-02 17:48:34","14","6","5","3"
"4474419","16294","2871","13","2023-09-19 02:10:48","9","3","5","1"
"4479309","23656","2870","19","2024-01-16 16:17:24","16","1","7","8"
"4480164","59712","2870","9","2023-04-18 13:53:06","1","1","0","0"
"4492932","57378","2866","79","2023-06-09 22:11:11","4","2","2","0"
"4499941","11973","2864","51","2024-01-08 10:42:01","36","11","11","14"
"4504191","31055","2863","5","","0","0","0","0"
"4506315","16243","2862","8","2024-01-17 21:34:45","5","2","2","1"
"4510033","15499","2861","14","2024-01-30 07:41:47","21","4","13","4"
"4511702","31642","2861","9","2024-01-27 17:03:13","7","0","0","7"
"4517450","11099","2859","11","","0","0","0","0"
"4518274","55578","2858","41","2023-11-30 00:24:28","29","14","4","11"
"4518341","34182","2858","174","2024-01-31 02:54:04","123","19","34","70"
"4519059","17080","2858","5","2023-09-04 15:03:15","4","0","0","4"
"4534923","11122","2855","162","2023-12-21 09:20:37","46","19","16","11"
"4535200","26576","2855","37","2024-01-13 20:39:23","17","2","8","7"
"4537090","13109","2854","38","2023-12-15 12:33:40","35","20","3","12"
"4539709","12505","2853","19","2023-06-16 21:12:39","3","1","2","0"
"4540183","16695","2853","16","2023-12-10 09:38:29","6","3","1","2"
"4541045","20384","2853","172","2024-01-23 20:06:56","81","18","18","45"
"4543207","26289","2852","59","2024-01-25 16:11:19","17","13","1","3"
"4547701","16474","2851","5","2023-02-24 15:38:29","1","1","0","0"
"4550695","12258","2850","99","2024-01-29 20:34:15","29","5","21","3"
"4552295","34892","2850","165","2024-01-29 14:45:18","74","13","21","40"
"4554883","10267","3019","41","2024-01-09 22:15:08","27","2","10","15"
"4561887","57363","2847","135","2024-01-31 23:48:38","97","19","32","46"
"4565947","15419","2846","44","2024-01-24 07:58:33","34","6","13","15"
"4569506","11262","2845","13","2023-03-10 06:55:15","4","4","0","0"
"4571271","18375","2844","435","2023-03-30 14:58:35","3","3","0","0"
"4573247","73659","2844","66","2024-01-25 10:43:37","20","2","4","14"
"4573410","19009","2844","10","2023-04-24 15:38:27","1","1","0","0"
"4574281","29277","2843","15","2023-08-25 11:51:04","4","1","1","2"
"4575197","10540","2843","8","2023-11-17 15:26:04","11","0","5","6"
"4575350","35334","2843","7","","0","0","0","0"
"4581301","34272","2842","71","2024-01-12 19:10:24","17","7","5","5"
"4585963","11622","2841","60","","0","0","0","0"
"4593267","153078","2838","814","2024-01-31 13:53:22","663","197","95","371"
"4595675","40113","2837","60","2024-01-25 09:27:47","126","40","59","27"
"4600136","13512","2836","5","2023-06-10 14:06:27","2","0","2","0"
"4603670","31839","2835","33","2023-03-03 17:33:11","1","1","0","0"
"4604579","218652","2835","380","2023-12-21 15:33:37","311","84","83","144"
"4609915","18766","2834","16","2023-09-12 12:18:05","3","0","1","2"
"4616087","14640","2833","6","2023-10-13 13:32:43","6","4","0","2"
"4618331","10361","2832","46","2023-08-30 13:30:44","13","2","2","9"
"4619958","17935","2831","56","2023-06-21 03:45:25","3","1","2","0"
"4620771","122421","2831","23","2023-10-13 08:31:31","3","0","0","3"
"4621513","24550","2831","154","2024-01-28 18:43:36","90","32","25","33"
"4622046","11358","2830","7","2023-10-31 22:28:32","2","1","0","1"
"4632019","26260","2828","9","2023-10-12 15:00:54","13","2","2","9"
"4636534","10933","2827","25","2023-12-03 20:49:38","15","3","1","11"
"4637585","22626","2827","89","2023-11-17 08:14:41","30","12","8","10"
"4642212","19828","2826","15","2023-02-23 17:57:50","1","1","0","0"
"4643584","24812","2825","35","2024-01-16 10:48:00","4","0","1","3"
"4646738","10969","2824","8","2023-10-11 11:55:42","19","2","2","15"
"4650297","23547","2823","6","","0","0","0","0"
"4652358","12958","2822","27","2024-01-22 08:05:15","48","15","14","19"
"4652706","20522","2822","123","2024-01-30 06:19:47","66","15","33","18"
"4653379","67462","2822","170","2024-01-30 18:51:57","101","42","27","32"
"4653436","10971","2822","13","2023-03-11 11:11:23","1","1","0","0"
"4653485","14973","2822","30","2023-08-21 08:11:49","11","5","3","3"
"4653675","23104","2822","93","2023-12-21 00:49:18","15","11","1","3"
"4657412","31181","2821","74","2024-01-18 08:40:37","35","14","3","18"
"4664415","10581","2820","10","2023-12-26 23:34:02","23","12","8","3"
"4667835","55140","2819","80","2024-01-18 15:00:26","40","10","13","17"
"4669778","12091","2818","13","","0","0","0","0"
"4671754","10571","2818","12","","0","0","0","0"
"4672588","20856","2817","12","2024-01-29 17:51:58","32","3","11","18"
"4677305","20202","2816","63","2024-01-24 15:23:53","64","14","12","38"
"4679320","14467","2815","45","2023-12-26 05:21:39","12","5","1","6"
"4684797","21024","2814","21","2024-01-31 10:27:21","4","2","0","2"
"4684861","11251","2814","29","","0","0","0","0"
"4685471","60872","2814","18","2024-01-04 16:04:35","8","2","0","6"
"4690866","26964","2813","40","2024-01-17 17:54:33","26","5","7","14"
"4690946","15919","2813","12","","0","0","0","0"
"4691279","14818","2813","10","2023-06-03 18:39:04","3","1","2","0"
"4692049","14901","2813","15","2023-02-22 09:35:33","1","1","0","0"
"4694013","10629","2812","8","2024-01-11 12:58:50","2","0","1","1"
"4698790","13549","2810","5","2023-12-20 22:43:43","4","0","0","4"
"4700156","18392","2810","10","2023-02-10 20:57:19","2","2","0","0"
"4700922","11538","2856","11","2024-01-23 11:03:40","46","9","24","13"
"4702146","11003","2809","5","","0","0","0","0"
"4704616","10522","2809","5","","0","0","0","0"
"4706171","23461","2808","35","2024-01-24 22:52:12","65","2","13","50"
"4706711","10636","2808","20","2024-01-26 12:05:50","15","4","3","8"
"4706785","36822","2808","24","2024-01-17 04:10:16","16","2","2","12"
"4712734","16463","2807","194","2024-01-28 16:03:02","78","26","30","22"
"4718350","16292","2806","258","2023-08-25 18:04:31","21","13","4","4"
"4720018","14849","2805","41","2024-01-30 10:15:53","40","13","9","18"
"4722345","10043","2805","25","2023-12-31 23:39:45","10","6","0","4"
"4726410","11234","2803","17","2023-09-14 15:13:38","5","0","3","2"
"4727702","12330","2803","77","2024-01-23 13:57:58","56","18","20","18"
"4742733","24129","2799","15","2023-12-12 03:40:07","21","5","11","5"
"4744514","57911","2799","451","2024-01-31 23:10:57","271","102","37","132"
"4746087","13207","2798","8","2023-10-27 09:18:22","4","1","0","3"
"4751173","22831","2796","10","2023-08-17 18:28:05","3","0","2","1"
"4752675","37861","2796","32","2024-01-28 12:15:06","12","7","0","5"
"4753897","12185","2795","6","2023-10-25 08:50:15","2","0","1","1"
"4755954","19387","2795","38","2023-06-30 10:33:05","8","7","1","0"
"4756299","35175","2795","51","2023-12-08 13:32:32","55","16","18","21"
"4758119","23861","2794","6","2024-01-29 07:21:29","4","1","0","3"
"4758255","29936","2794","29","","0","0","0","0"
"4758494","22549","2794","38","2023-03-30 11:27:43","4","4","0","0"
"4768502","19275","2792","11","2023-12-16 13:26:54","3","0","1","2"
"4770877","35389","2792","117","2023-11-30 21:47:56","42","13","5","24"
"4788546","41688","2787","106","2024-01-28 15:08:20","67","37","14","16"
"4790871","32539","4482","18","2023-10-09 17:54:26","7","2","1","4"
"4790924","14493","3767","17","2023-05-15 07:04:05","5","3","2","0"
"4791116","22431","2786","20","2024-01-06 19:22:59","17","4","3","10"
"4797289","12370","2785","14","2023-08-28 18:40:57","7","5","0","2"
"4797603","18797","2785","52","2024-01-24 07:27:37","118","31","59","28"
"4799035","11082","2784","91","2023-12-20 22:54:27","37","19","8","10"
"4800344","24697","2784","165","2023-12-20 15:55:51","125","0","1","124"
"4808079","11554","2782","9","2023-02-01 21:20:24","1","1","0","0"
"4808122","21338","2782","109","2024-01-21 19:03:00","93","44","25","24"
"4812170","11529","2781","33","2023-09-03 02:21:04","3","1","1","1"
"4813913","32625","2780","6","","0","0","0","0"
"4819376","13495","2779","26","2023-11-06 00:53:53","10","5","4","1"
"4826457","29656","2778","9","","0","0","0","0"
"4826740","10888","2777","10","2023-06-15 18:14:23","1","0","1","0"
"4830196","10873","2777","87","2023-12-20 17:36:37","6","3","0","3"
"4832499","21641","2776","20","2023-11-26 10:52:51","9","4","1","4"
"4833705","19813","2775","41","2023-11-22 10:54:59","40","5","21","14"
"4838058","11241","2774","8","2023-07-17 13:57:45","2","1","1","0"
"4850040","32981","2771","9","2024-01-20 09:12:31","85","6","19","60"
"4851565","10927","2771","5","2023-11-09 22:37:59","7","0","1","6"
"4851590","153575","2771","297","2024-01-11 18:36:59","115","61","24","30"
"4853133","11553","2770","35","2023-11-26 12:05:53","11","2","3","6"
"4854046","10705","2770","8","2024-01-16 14:26:55","17","0","5","12"
"4855306","29470","2770","39","","0","0","0","0"
"4859910","11893","2768","17","2024-01-29 11:29:29","10","5","2","3"
"4860513","18727","2767","6","2023-12-22 14:35:51","4","0","1","3"
"4862445","50412","2767","64","2023-12-20 15:16:22","37","5","12","20"
"4865723","12561","2766","52","2023-07-29 15:05:01","8","2","6","0"
"4870358","16964","2765","6","2023-11-02 07:43:00","3","0","0","3"
"4870695","17768","2765","25","2023-11-20 16:02:14","4","1","1","2"
"4880924","36283","2762","15","2024-01-29 07:06:23","10","2","0","8"
"4891738","73871","2759","171","","0","0","0","0"
"4897779","11631","2758","27","2023-06-26 21:51:04","3","0","3","0"
"4909087","407295","2754","8","2023-05-09 07:28:45","49","48","1","0"
"4923755","17286","2750","40","2023-12-06 07:35:47","23","17","4","2"
"4925661","17113","2750","16","2023-11-28 18:09:55","2","0","0","2"
"4926757","32594","3189","180","2023-06-17 20:50:57","134","80","54","0"
"4928642","21929","2749","5","2023-12-07 10:07:57","7","1","2","4"
"4929531","14720","2749","37","2023-04-18 08:31:35","3","3","0","0"
"4929646","11482","2749","23","2024-01-19 12:42:56","33","3","9","21"
"4939915","21765","2745","13","","0","0","0","0"
"4944425","12867","2744","66","2023-10-07 12:04:58","35","13","10","12"
"4949918","10072","2743","6","2023-10-29 19:00:25","8","3","3","2"
"4953079","62960","2742","19","2024-01-27 03:19:28","21","12","1","8"
"4954037","47421","2742","44","2023-12-15 08:22:39","7","3","2","2"
"4956907","17140","2741","8","2023-03-10 08:09:58","3","3","0","0"
"4960953","11354","2739","6","2023-11-21 20:05:21","1","0","0","1"
"4964553","14927","2738","16","2023-03-23 10:41:45","2","2","0","0"
"4964569","19043","2738","6","2023-06-22 04:32:02","3","2","1","0"
"4964822","17845","2738","142","2024-01-01 10:09:57","71","17","20","34"
"4964923","12325","2738","9","","0","0","0","0"
"4965549","52526","2738","330","2024-01-31 19:04:39","244","70","64","110"
"4967403","10910","2738","8","","0","0","0","0"
"4975981","12505","2735","5","2023-06-26 04:31:35","1","0","1","0"
"4983450","215899","2733","111","2023-12-29 18:46:01","18","11","2","5"
"4985176","23698","2732","83","2023-03-14 08:48:41","1","1","0","0"
"4985733","46952","2732","149","","0","0","0","0"
"4987197","11166","2732","28","","0","0","0","0"
"4988637","12789","2731","12","2023-12-14 15:11:44","1","0","0","1"
"4989451","14296","2731","99","2024-01-18 09:58:15","28","12","4","12"
"4989460","29265","2731","9","","0","0","0","0"
"4990642","21347","2731","27","2024-01-28 10:46:39","25","7","10","8"
"4992594","11709","2731","16","2024-01-30 11:07:27","2","0","0","2"
"4993128","51289","2730","12","","0","0","0","0"
"4995828","10113","2730","20","2023-12-29 23:27:04","7","1","2","4"
"4996248","52116","2730","77","2023-12-06 10:37:19","4","0","1","3"
"4996779","22281","2730","73","2024-01-11 19:58:31","58","29","16","13"
"4999991","14495","2729","11","2023-12-12 13:16:56","3","0","1","2"
"5003756","37051","2728","78","2024-01-11 20:19:09","42","21","14","7"
"5005177","16425","2727","6","2023-05-16 15:43:52","1","0","1","0"
"5008284","12460","2726","5","2023-05-19 11:56:52","12","11","1","0"
"5012099","21044","2725","157","2024-01-11 10:39:06","82","3","48","31"
"5013752","15418","2724","42","2024-01-09 14:19:55","28","14","4","10"
"5014455","97872","2724","175","2024-01-26 17:20:48","181","44","44","93"
"5015207","13009","2724","12","","0","0","0","0"
"5015238","34498","2784","243","2024-01-30 23:45:02","253","80","67","106"
"5015356","13279","2724","25","","0","0","0","0"
"5019169","11234","2723","7","","0","0","0","0"
"5019386","32143","2723","166","2024-01-15 14:51:09","231","99","46","86"
"5019802","10837","2723","5","","0","0","0","0"
"5024726","14193","2722","27","","0","0","0","0"
"5025009","33659","2722","8","2024-01-23 13:17:08","29","11","4","14"
"5025116","33618","2722","50","2023-07-25 11:01:45","11","8","3","0"
"5028841","12628","2721","51","2023-11-27 18:13:07","7","2","1","4"
"5032941","11240","2719","21","2023-07-12 06:52:55","4","3","1","0"
"5038107","19624","2718","25","2023-08-09 00:42:15","2","0","1","1"
"5043585","10641","2716","15","2024-01-12 14:43:51","7","0","3","4"
"5044042","286340","2716","436","2024-01-26 15:31:21","256","104","66","86"
"5045688","14323","2716","31","2023-12-20 18:44:45","28","10","2","16"
"5047996","35373","2715","76","2024-01-10 09:33:19","2","1","0","1"
"5050667","22115","2715","5","2023-04-29 21:34:10","8","8","0","0"
"5052365","13511","2714","18","2024-01-31 14:34:58","19","1","11","7"
"5053002","57137","2714","101","2024-01-29 00:08:45","64","2","6","56"
"5059657","39027","2711","18","2023-12-31 00:24:54","1","0","0","1"
"5062890","11193","2711","13","2023-07-08 14:31:17","4","3","1","0"
"5067311","35541","2710","37","2023-06-22 20:10:24","13","7","6","0"
"5067761","10294","2709","97","2024-01-20 17:51:50","48","2","4","42"
"5069957","18441","2709","12","","0","0","0","0"
"5070440","11636","2709","62","2023-02-10 03:43:57","2","2","0","0"
"5070879","182869","2709","553","2023-12-18 23:02:16","241","110","77","54"
"5083516","11327","2704","5","2023-12-08 21:16:37","10","3","4","3"
"5085211","18359","2704","6","2023-05-04 14:19:53","1","0","1","0"
"5086255","11430","2704","130","2024-01-25 22:33:58","81","27","20","34"
"5087136","11079","2704","15","2023-03-08 09:13:12","1","1","0","0"
"5089204","67661","2703","15","","0","0","0","0"
"5089567","24967","2703","787","2024-01-31 19:31:54","319","141","81","97"
"5090771","61347","2703","63","2024-01-21 17:03:48","26","12","5","9"
"5091073","12983","2703","8","","0","0","0","0"
"5093961","29601","2702","176","2024-01-18 02:13:48","21","11","6","4"
"5100564","14177","2701","42","2023-12-15 18:28:29","42","9","12","21"
"5101046","29558","2700","55","2023-09-11 16:51:51","2","0","1","1"
"5105949","11415","2699","24","","0","0","0","0"
"5106574","34590","2699","19","","0","0","0","0"
"5108418","30099","2698","6","2024-01-09 20:45:52","6","0","2","4"
"5108796","54248","2698","197","2024-01-26 02:23:14","88","37","22","29"
"5114784","18435","2696","19","2023-12-31 13:59:37","19","4","3","12"
"5120049","11015","2695","51","2023-08-26 06:42:28","11","6","3","2"
"5120292","11457","2695","6","2024-01-11 09:10:55","5","2","0","3"
"5129715","13365","2692","11","2023-12-30 06:50:52","5","0","0","5"
"5133585","295408","2690","658","2024-01-31 14:20:39","963","175","248","540"
"5152001","10846","2686","11","2023-03-21 15:30:34","7","7","0","0"
"5153354","11040","2686","39","2023-08-31 19:19:56","18","10","6","2"
"5156075","12891","3280","25","2023-12-12 04:27:16","6","1","2","3"
"5157454","195886","2684","212","2024-01-31 14:34:14","195","80","21","94"
"5168011","51254","2681","183","2024-01-31 11:43:41","106","18","28","60"
"5174436","18071","2680","39","2023-09-11 17:27:54","5","0","3","2"
"5174469","23812","2680","27","2023-05-22 11:05:16","7","6","1","0"
"5175709","37120","2680","14","2024-01-15 15:54:50","15","5","3","7"
"5176071","46562","2679","508","","0","0","0","0"
"5176992","16544","2679","147","2024-01-11 11:54:04","46","20","5","21"
"5189811","39702","2675","91","2024-01-09 15:30:04","23","2","1","20"
"5193536","49657","2674","790","2024-01-29 18:02:25","532","209","137","186"
"5196394","16313","2673","42","2023-06-06 03:49:35","4","3","1","0"
"5202563","208050","2672","78","2024-01-05 08:20:36","42","21","8","13"
"5208491","15092","2670","14","2023-11-19 01:48:39","9","4","3","2"
"5211833","18235","2669","59","2023-11-27 09:34:25","6","3","0","3"
"5212614","20528","2669","171","2024-01-15 02:11:28","49","26","18","5"
"5212827","10446","2669","6","","0","0","0","0"
"5217142","19764","2667","101","2024-01-30 01:01:51","80","25","24","31"
"5218354","27151","2667","87","2023-09-28 10:41:08","5","4","0","1"
"5221944","174120","2666","834","2024-01-10 21:53:13","149","19","39","91"
"5224926","14945","2666","8","","0","0","0","0"
"5231607","32897","2663","5","","0","0","0","0"
"5233410","249719","2663","74","2023-08-23 18:10:22","2","1","0","1"
"5235574","11459","2662","39","2023-09-16 10:02:28","6","2","1","3"
"5237560","42252","2661","340","2024-01-31 01:17:45","463","172","189","102"
"5237614","10246","2661","10","2023-11-20 06:03:41","2","0","1","1"
"5238158","11975","2661","6","","0","0","0","0"
"5239030","11221","2661","8","2023-06-15 08:17:55","6","0","6","0"
"5241642","19985","2660","9","","0","0","0","0"
"5245033","62917","2660","6","","0","0","0","0"
"5246885","139540","2659","593","2024-01-29 13:52:41","388","130","97","161"
"5247279","15120","2659","53","2024-01-31 07:56:25","33","11","9","13"
"5249307","23426","4137","6","2023-12-27 19:31:35","1","0","0","1"
"5249621","53097","2659","118","2024-01-05 13:13:08","194","185","3","6"
"5250847","31251","2658","140","2024-01-29 10:50:39","33","3","9","21"
"5260024","139519","2655","36","2023-12-30 16:12:30","12","3","1","8"
"5264491","18163","2654","89","2024-01-31 14:52:25","66","16","21","29"
"5265292","13498","2654","9","2023-09-20 05:55:22","2","0","1","1"
"5277820","17335","2651","5","2024-01-21 10:53:20","12","1","1","10"
"5279996","23025","2650","9","2023-02-20 05:07:16","1","1","0","0"
"5291015","87405","2646","102","2023-12-13 15:48:05","31","5","10","16"
"5296106","15574","2645","232","2024-01-29 10:11:32","41","12","4","25"
"5298879","31316","2645","68","2024-01-31 18:59:41","370","72","18","280"
"5311735","102244","2640","23","","0","0","0","0"
"5317403","48048","2639","465","2024-01-31 07:05:23","412","113","114","185"
"5318223","14141","2639","69","2024-01-08 23:00:46","59","31","16","12"
"5318303","17876","2639","28","2023-12-20 19:03:22","10","3","5","2"
"5320906","57491","2638","231","2024-01-29 10:29:33","136","42","4","90"
"5325862","16918","2637","18","","0","0","0","0"
"5327068","20315","2637","221","2024-01-12 23:33:15","154","81","19","54"
"5329073","19104","2636","433","2023-12-13 03:02:50","67","18","26","23"
"5331061","10370","2635","19","","0","0","0","0"
"5342700","13154","2632","142","2024-01-16 14:58:10","140","42","41","57"
"5343387","29599","2632","157","2024-01-31 12:06:43","72","26","22","24"
"5349916","53811","3795","56","2024-01-30 12:11:27","12","3","2","7"
"5353753","40579","2629","57","2023-07-30 11:23:26","14","11","3","0"
"5362410","10427","2626","10","2023-03-21 17:27:17","2","2","0","0"
"5362795","13891","2626","25","2023-10-10 17:30:51","3","1","1","1"
"5363686","11612","2626","79","2023-05-19 13:54:36","150","140","10","0"
"5372400","18931","2624","36","2023-12-19 11:31:07","8","1","1","6"
"5378816","18200","2622","67","2024-01-28 20:12:46","22","7","7","8"
"5381331","61347","2621","42","2024-01-23 10:45:22","17","6","5","6"
"5382650","34136","2621","199","2024-01-29 03:02:18","122","54","23","45"
"5384363","23454","2620","71","2024-01-30 15:48:47","40","18","12","10"
"5385381","20916","2620","75","2024-01-15 10:33:56","10","6","1","3"
"5389127","15997","2619","103","2024-01-27 08:17:15","132","30","23","79"
"5389997","34570","2619","10","2024-01-09 11:25:21","19","8","3","8"
"5397009","24657","2617","119","2024-01-30 08:24:05","102","31","26","45"
"5400548","17869","2616","27","2024-01-15 22:15:39","12","5","4","3"
"5405967","21383","2614","17","2023-11-07 20:06:49","6","2","0","4"
"5420008","10307","2611","9","2023-06-05 14:42:48","7","6","1","0"
"5424988","164931","2610","1535","2024-01-31 20:52:14","492","189","115","188"
"5431791","15924","2608","12","","0","0","0","0"
"5436877","12061","2606","27","2024-01-15 08:09:49","17","1","7","9"
"5438616","10009","2606","60","2023-12-15 09:27:11","11","9","0","2"
"5442034","14456","2605","166","2024-01-26 15:07:16","89","46","17","26"
"5446749","33174","2604","62","2023-05-17 08:14:45","130","127","3","0"
"5448626","43775","2603","11","2023-11-28 12:41:53","8","6","0","2"
"5451046","10757","2603","204","2023-08-31 19:43:32","85","67","17","1"
"5452365","11672","2602","22","2023-11-09 04:25:45","4","1","2","1"
"5457853","70393","2601","396","2024-01-23 16:26:25","236","56","50","130"
"5458913","19251","2600","47","2024-01-29 13:41:06","141","28","36","77"
"5459839","357876","2600","2118","2024-01-31 19:59:20","1196","411","289","496"
"5460719","24342","2600","34","2024-01-03 04:31:34","65","21","25","19"
"5465973","13131","2598","6","2024-01-20 19:30:17","14","7","4","3"
"5468463","28826","2598","9","2023-12-15 17:34:34","3","0","0","3"
"5468471","11713","2598","43","2023-12-09 20:23:25","9","3","2","4"
"5470544","19199","2597","33","2024-01-27 12:28:56","53","18","13","22"
"5470596","40462","2597","28","2024-01-25 08:23:06","47","10","8","29"
"5471709","27045","2597","190","2024-01-25 14:24:42","110","32","30","48"
"5479575","30733","2595","20","2024-01-31 11:01:18","969","380","219","370"
"5483526","61331","2594","272","2024-01-31 02:45:40","180","39","54","87"
"5485167","215383","2593","26","2024-01-19 04:56:55","14","0","1","13"
"5494370","38543","2591","110","2024-01-19 10:49:14","94","21","18","55"
"5496433","15883","2590","57","2024-01-30 22:33:10","106","9","21","76"
"5506161","15748","2588","6","","0","0","0","0"
"5508175","28759","2588","24","2023-10-03 11:37:49","2","1","0","1"
"5511849","13032","2586","6","2023-11-04 14:55:54","4","3","0","1"
"5514747","38229","2585","571","2024-01-31 02:59:39","392","126","131","135"
"5515060","20000","2585","7","","0","0","0","0"
"5520354","12658","2584","8","","0","0","0","0"
"5521607","18603","2584","46","2023-12-30 02:18:33","19","5","6","8"
"5525824","30680","2583","397","2023-10-21 02:55:21","144","99","23","22"
"5527985","18800","2582","125","2023-12-20 08:46:42","28","11","6","11"
"5529445","50193","2582","8","","0","0","0","0"
"5529712","12093","2582","57","2024-01-25 08:56:40","35","16","7","12"
"5532516","14501","2581","6","2023-03-04 18:40:06","1","1","0","0"
"5550507","22331","2576","8","2023-08-18 10:15:52","6","2","2","2"
"5555803","10180","2575","13","2023-05-26 08:29:38","1","0","1","0"
"5555938","16779","2575","21","2023-07-04 06:09:35","35","23","12","0"
"5556177","13337","2575","53","2023-08-30 18:21:09","3","2","0","1"
"5558072","60345","2574","42","2023-12-26 13:53:37","53","25","11","17"
"5561605","23051","2573","7","","0","0","0","0"
"5563083","31912","2573","18","2024-01-22 21:43:33","16","3","0","13"
"5573294","10675","2570","7","2023-07-08 09:44:45","10","9","1","0"
"5577765","212333","2569","1093","2024-01-28 18:41:00","297","109","82","106"
"5585371","29395","2567","341","2023-03-16 13:32:28","4","4","0","0"
"5593066","10411","2565","36","","0","0","0","0"
"5593959","11243","2564","8","","0","0","0","0"
"5595926","11431","2564","64","2023-11-30 11:01:11","155","6","22","127"
"5603247","13188","2562","26","2024-01-29 08:42:08","37","10","9","18"
"5619143","11504","2558","9","2023-12-31 17:05:59","8","2","0","6"
"5621827","10449","2557","42","2023-04-18 09:59:11","24","24","0","0"
"5623035","125053","2557","63","2024-01-27 08:51:11","169","8","49","112"
"5625534","16977","2556","123","2024-01-11 18:51:08","60","27","18","15"
"5625547","45985","2556","409","2024-01-30 16:29:33","364","120","106","138"
"5632629","132015","2555","2043","2024-01-26 23:45:55","29","23","2","4"
"5635580","51642","2554","127","2023-10-12 12:17:17","48","24","20","4"
"5640200","14192","2553","44","2023-11-21 22:11:44","21","7","5","9"
"5641244","20860","2553","241","2024-01-25 20:38:55","45","17","11","17"
"5641598","15853","2552","80","2024-01-31 16:29:43","60","18","11","31"
"5641669","67872","2552","286","2024-01-31 21:49:26","141","54","26","61"
"5646962","21960","2551","124","2024-01-30 06:48:07","106","30","20","56"
"5648954","51720","2550","175","2024-01-31 12:05:22","89","11","23","55"
"5650447","18987","2550","111","2023-08-10 11:31:51","43","10","27","6"
"5652313","11363","2549","21","2023-10-02 08:01:53","6","5","0","1"
"5664434","11710","2547","11","","0","0","0","0"
"5666087","19679","2547","40","2024-01-24 00:39:18","9","2","1","6"
"5675325","15977","2544","9","2023-11-05 07:51:39","17","11","0","6"
"5684257","29914","2542","32","2024-01-26 23:24:17","32","4","8","20"
"5690248","10532","2540","143","2023-08-23 20:13:39","48","35","12","1"
"5695162","12086","2539","5","2023-10-25 15:05:52","2","0","1","1"
"5698672","19707","2538","7","","0","0","0","0"
"5699993","17842","2537","68","2024-01-29 08:16:56","28","4","4","20"
"5723098","21648","2529","52","2023-10-26 10:52:01","17","4","0","13"
"5724303","18663","2529","55","2024-01-26 17:37:34","41","6","3","32"
"5726027","95172","2528","73","2024-01-25 11:47:23","33","8","10","15"
"5734961","11134","2526","159","2024-01-11 11:40:04","414","133","101","180"
"5735010","10603","2526","5","","0","0","0","0"
"5741643","11040","2523","83","2023-11-20 17:56:20","3","0","0","3"
"5743288","26423","2522","122","2023-12-28 00:03:38","57","15","21","21"
"5743988","33676","2522","7","2023-10-30 04:34:04","6","0","2","4"
"5747944","43075","2521","524","2024-01-25 20:38:43","253","63","63","127"
"5754656","45879","2520","145","2024-01-31 18:43:55","192","39","80","73"
"5758420","10893","2519","27","2023-10-21 09:03:18","7","5","1","1"
"5761558","45530","2518","37","","0","0","0","0"
"5763590","10287","2518","8","2024-01-31 16:46:47","33","2","5","26"
"5768908","102450","2516","61","2023-07-04 05:03:29","27","23","4","0"
"5769463","34845","2516","20","","0","0","0","0"
"5770132","15231","2516","81","2023-08-20 14:57:24","4","3","0","1"
"5771269","42238","2516","197","2024-01-30 23:53:39","77","22","32","23"
"5772095","11762","2515","262","2024-01-31 21:45:03","138","46","37","55"
"5772882","87700","2515","24","","0","0","0","0"
"5777799","10725","2514","11","2024-01-24 10:01:15","6","1","2","3"
"5779732","16600","2514","6","","0","0","0","0"
"5780109","10353","2514","5","2023-11-15 18:34:26","8","2","2","4"
"5783745","56135","2513","183","2024-01-31 06:14:30","106","61","17","28"
"5790492","14014","2512","7","2024-01-31 12:10:29","9","1","1","7"
"5792244","24337","2512","140","2024-01-25 01:53:50","80","26","22","32"
"5801661","44940","2509","26","2024-01-09 14:43:19","13","5","2","6"
"5820010","100637","2505","121","2024-01-23 07:16:43","23","5","12","6"
"5820814","34196","2505","130","","0","0","0","0"
"5825294","30833","2504","102","2024-01-14 11:03:45","36","10","5","21"
"5827215","21695","2504","15","2023-07-31 15:53:37","1","0","1","0"
"5836671","35700","2501","6","2023-09-29 08:54:21","9","3","4","2"
"5841306","65959","2500","584","2024-01-29 10:22:44","334","134","96","104"
"5844477","10689","2499","39","2024-01-17 23:34:30","43","4","22","17"
"5846045","18322","2499","32","2024-01-26 22:52:55","9","1","5","3"
"5866580","134715","2494","587","2024-01-29 08:21:00","110","35","34","41"
"5867572","15529","2494","34","2023-09-15 03:57:02","14","12","0","2"
"5867722","40462","2494","11","2023-07-21 09:44:34","2","0","2","0"
"5891912","13206","2489","20","2024-01-03 08:44:10","9","2","3","4"
"5900011","14157","2487","6","","0","0","0","0"
"5910058","32216","2485","13","2024-01-17 16:38:28","26","8","4","14"
"5916915","11190","2483","9","2024-01-25 06:19:17","2","0","0","2"
"5923139","35928","2482","20","2023-03-30 00:28:38","2","2","0","0"
"5924562","67250","2481","307","2024-01-31 13:05:02","437","7","4","426"
"5925259","49837","2481","12","2023-09-29 12:21:05","1","0","0","1"
"5934465","12404","2479","11","2023-11-01 15:52:24","41","4","2","35"
"5935112","12141","2479","14","2023-09-14 09:31:03","4","2","1","1"
"5936628","11533","2479","10","2023-04-28 21:29:49","3","3","0","0"
"5946937","11460","2477","12","2023-03-28 07:55:01","1","1","0","0"
"5947043","63266","2477","230","2024-01-31 08:02:58","157","38","40","79"
"5958455","37734","2474","21","2024-01-30 19:10:44","14","7","4","3"
"5962802","14337","2473","142","2024-01-25 07:43:11","39","13","12","14"
"5964557","40496","2473","55","2024-01-16 14:02:53","19","6","5","8"
"5977215","26388","2471","12","2023-08-05 05:59:28","4","1","2","1"
"5980430","10712","2470","126","2023-05-14 19:24:58","6","4","2","0"
"5985853","17871","2469","20","2023-10-06 10:13:14","9","7","1","1"
"5994041","12309","2467","32","","0","0","0","0"
"6022656","67140","2461","39","2023-06-13 17:14:24","6","5","1","0"
"6025788","13503","2460","32","2024-01-20 22:30:59","22","13","4","5"
"6028443","26410","2459","16","2023-09-29 09:36:26","9","2","0","7"
"6031995","14264","2458","19","","0","0","0","0"
"6036428","42340","2458","133","2024-01-31 16:36:33","50","14","15","21"
"6043170","16077","2456","40","2023-11-21 17:01:09","4","2","0","2"
"6045390","10420","2456","6","2023-11-15 14:08:15","2","0","0","2"
"6045800","19525","2456","109","2023-05-18 12:40:44","14","9","5","0"
"6051176","10137","2455","33","2023-11-18 13:24:30","3","0","0","3"
"6059896","17489","2452","16","2023-03-02 08:47:26","2","2","0","0"
"6064933","29785","2451","26","2024-01-18 16:28:03","7","0","2","5"
"6083222","11024","2448","24","2024-01-09 18:08:59","12","2","2","8"
"6083423","15796","2448","26","2023-09-07 03:09:59","23","8","10","5"
"6089612","14187","2446","83","2024-01-20 07:47:16","26","8","5","13"
"6094348","29601","2445","21","2024-01-29 07:12:56","16","4","4","8"
"6099327","20046","2444","232","2023-12-05 08:00:55","12","4","5","3"
"6106614","16042","2443","9","2023-12-02 11:54:55","4","0","1","3"
"6106791","20185","2443","182","2023-12-18 08:39:04","73","29","27","17"
"6108211","15438","2442","15","2023-11-27 23:21:12","6","4","0","2"
"6110094","72770","2442","604","2023-11-12 21:56:28","503","211","83","209"
"6117017","15183","2440","29","2024-01-17 09:56:31","22","5","7","10"
"6126373","23328","2438","203","2023-11-30 13:04:31","59","41","15","3"
"6127393","11012","2437","125","2023-11-24 20:15:15","62","25","22","15"
"6141025","17404","2435","27","2023-12-01 20:04:44","12","7","1","4"
"6152400","17665","2432","190","2024-01-28 12:30:00","31","7","4","20"
"6152891","46561","2432","60","","0","0","0","0"
"6160119","13821","2430","9","2023-11-23 23:53:15","2","0","0","2"
"6181599","22322","2426","163","2023-08-17 09:04:06","5","0","2","3"
"6184972","10926","2425","23","2023-03-15 15:32:07","5","5","0","0"
"6190582","20802","2424","11","","0","0","0","0"
"6196568","31435","2422","239","2024-01-26 13:14:41","263","87","60","116"
"6197649","12889","2422","23","2023-07-07 11:25:54","8","5","3","0"
"6202327","10080","2421","19","2023-09-14 00:01:05","3","2","0","1"
"6204133","10352","2421","8","2023-09-01 06:52:36","17","5","10","2"
"6210807","13117","2420","9","","0","0","0","0"
"6219979","22861","2417","259","2023-12-13 15:12:00","45","31","7","7"
"6220759","11837","2417","99","2023-08-14 06:22:58","3","0","2","1"
"6225326","15501","2416","163","2024-01-31 23:27:00","378","94","92","192"
"6225838","13919","2416","7","2023-05-10 19:23:16","2","1","1","0"
"6230166","10958","2415","6","2023-04-25 05:43:51","3","3","0","0"
"6238977","50177","2413","57","2023-02-06 10:43:23","1","1","0","0"
"6241235","84503","2413","198","2023-12-09 05:37:41","13","8","2","3"
"6242613","13469","2413","7","2023-11-08 15:45:07","5","1","2","2"
"6243352","60019","2412","360","2024-01-31 18:06:51","368","131","33","204"
"6245650","10517","2412","8","2023-08-16 15:47:56","1","0","0","1"
"6248528","11186","2411","17","2024-01-13 14:16:35","8","4","0","4"
"6257435","78711","2409","460","2024-01-29 13:36:31","263","86","58","119"
"6260170","41868","2408","13","","0","0","0","0"
"6263942","10498","2408","13","2023-06-20 11:15:30","1","0","1","0"
"6275103","22834","2405","34","2023-11-04 02:39:33","8","1","1","6"
"6277104","13309","2404","8","","0","0","0","0"
"6277151","140369","3947","474","2023-08-26 20:50:25","3","1","1","1"
"6287910","63009","2402","139","2024-01-25 21:19:40","23","5","13","5"
"6292621","10930","2401","210","2023-03-12 21:01:28","7","7","0","0"
"6293409","32656","2400","23","2023-03-01 20:25:18","1","1","0","0"
"6294072","73582","2400","62","2023-12-03 13:29:04","2","0","0","2"
"6299857","16143","2399","97","2023-04-04 10:08:11","3","3","0","0"
"6305235","14806","2398","23","2023-11-17 22:27:05","4","2","1","1"
"6309601","18616","2396","82","2023-02-23 02:26:40","3","3","0","0"
"6316508","22449","2395","8","2024-01-23 00:11:48","9","6","0","3"
"6320039","11788","2394","10","2023-06-23 03:54:59","1","0","1","0"
"6328256","22780","2392","239","2024-01-27 14:35:51","143","24","19","100"
"6330106","31993","2392","58","2024-01-16 06:57:28","69","15","22","32"
"6331369","41438","2392","315","2024-01-18 16:49:41","65","54","2","9"
"6336479","45255","2390","385","2023-03-12 08:30:08","26","26","0","0"
"6356278","27855","2386","180","2024-01-29 08:32:13","66","24","9","33"
"6361531","154429","2385","366","2024-01-30 14:06:29","128","52","31","45"
"6366770","16753","2383","14","","0","0","0","0"
"6368697","12946","2383","30","2023-03-30 04:19:12","2","2","0","0"
"6371123","13198","2382","48","2023-10-18 11:17:09","4","3","0","1"
"6382434","19060","2380","62","2024-01-18 22:36:22","201","34","62","105"
"6385184","28131","2379","25","2023-06-01 18:07:33","3","0","3","0"
"6394722","32192","2377","36","2023-10-05 12:38:19","3","2","0","1"
"6395627","51381","2377","83","2024-01-31 22:09:47","105","21","18","66"
"6401241","13641","2375","5","2023-07-03 10:43:32","1","0","1","0"
"6401656","35445","2375","33","2024-01-31 13:38:59","35","8","10","17"
"6413377","12441","2372","17","2023-02-05 17:24:36","1","1","0","0"
"6415268","16239","2372","22","2023-07-06 12:48:25","2","0","2","0"
"6419007","54633","2371","12","2024-01-25 08:16:58","7","1","1","5"
"6428638","41631","2368","153","2023-07-21 10:18:33","7","5","2","0"
"6429072","13054","2368","68","","0","0","0","0"
"6433023","72638","2367","41","","0","0","0","0"
"6436191","49436","2367","444","2024-01-29 18:23:28","152","55","44","53"
"6436545","12007","2367","122","2023-12-24 17:23:37","13","3","0","10"
"6441124","17757","2366","10","2023-07-16 11:44:07","3","0","3","0"
"6451573","140946","2364","21","2024-01-14 14:18:11","14","6","3","5"
"6454622","13332","2363","16","2023-06-23 19:59:53","7","3","4","0"
"6457407","11728","2362","182","2024-01-26 19:30:36","143","48","35","60"
"6460297","10063","2361","82","2024-01-11 20:30:54","28","11","5","12"
"6461462","35630","2361","74","2024-01-30 15:07:38","142","59","30","53"
"6463558","103944","2360","357","2024-01-29 12:08:28","453","60","308","85"
"6464308","259435","2360","942","2024-01-31 10:44:40","693","200","172","321"
"6469645","11320","2359","79","","0","0","0","0"
"6478047","23627","2357","9","2023-02-24 15:34:30","1","1","0","0"
"6482561","70310","2356","562","2024-01-31 22:19:29","417","138","122","157"
"6485881","13372","2355","74","2023-11-14 09:59:22","25","10","1","14"
"6496010","10670","2353","29","2023-02-11 18:01:07","1","1","0","0"
"6498293","11584","2352","13","","0","0","0","0"
"6501141","12159","2352","11","2023-11-01 20:02:33","1","0","0","1"
"6504633","13013","2351","121","2024-01-15 23:55:59","25","5","12","8"
"6505250","35225","2351","46","2024-01-25 09:10:23","37","15","9","13"
"6509751","128438","2350","6","","0","0","0","0"
"6513921","31260","2348","59","2023-12-18 14:56:43","12","0","11","1"
"6515755","12874","2348","32","2024-01-31 10:26:59","38","8","7","23"
"6525724","16656","2346","21","2023-07-17 03:08:58","3","1","2","0"
"6527049","30977","2345","133","2023-07-09 07:39:40","15","8","7","0"
"6530970","51068","2344","141","2023-03-25 06:41:26","1","1","0","0"
"6535399","33741","2344","51","2024-01-03 00:43:25","19","4","8","7"
"6539317","35883","2343","11","2023-12-31 20:23:28","5","1","1","3"
"6567275","12787","2336","71","2023-12-28 15:05:46","69","35","11","23"
"6570042","15940","2334","40","2023-11-08 01:56:24","3","1","0","2"
"6572971","15994","2333","41","2023-08-20 11:56:14","7","1","5","1"
"6573902","17293","2333","7","2024-01-27 14:57:25","8","2","0","6"
"6574038","77046","2333","894","2024-01-30 18:10:43","630","192","117","321"
"6578080","30368","2332","134","2024-01-21 11:44:01","39","9","15","15"
"6579744","15862","2332","26","2024-01-31 15:47:34","18","2","1","15"
"6597375","10133","2328","10","2023-10-13 08:19:05","6","5","0","1"
"6599590","61220","2327","210","2024-01-27 11:10:29","123","57","36","30"
"6600940","12730","2327","107","2024-01-23 16:00:42","40","9","8","23"
"6612932","16166","2324","14","","0","0","0","0"
"6618622","271580","2323","53","","0","0","0","0"
"6622587","245753","2323","71","2023-08-09 02:16:31","2","0","0","2"
"6634591","10096","2319","28","2023-05-09 12:14:05","2","1","1","0"
"6646912","15699","2317","33","2023-09-14 08:30:23","8","4","1","3"
"6654942","28521","2315","173","2024-01-30 19:53:31","105","36","23","46"
"6655160","14921","2315","73","2023-08-17 02:12:31","1","0","0","1"
"6664872","20045","2312","42","2024-01-25 12:07:56","53","25","13","15"
"6692043","10117","2305","62","2024-01-22 08:42:08","42","13","8","21"
"6695924","41996","2304","100","2023-10-09 21:55:17","67","12","1","54"
"6699433","31816","2303","69","2023-12-17 12:28:38","14","5","2","7"
"6699447","26281","2303","162","2024-01-31 07:55:36","87","16","28","43"
"6706419","14586","2302","7","2023-08-26 01:34:02","3","2","0","1"
"6717054","15669","2298","137","2024-01-27 14:51:43","35","12","21","2"
"6717178","11582","2298","94","2023-12-15 12:51:14","18","1","13","4"
"6719819","15765","2297","17","2023-12-02 05:48:36","5","1","1","3"
"6727914","21624","2296","17","2023-11-10 08:34:57","16","3","5","8"
"6729010","41346","2295","13","2023-07-12 06:58:34","2","0","2","0"
"6738015","38991","2293","145","2024-01-28 18:53:19","85","32","23","30"
"6751634","28100","2289","17","2024-01-01 07:29:35","14","2","5","7"
"6752050","44552","2289","325","2024-01-31 02:03:23","255","90","86","79"
"6759844","12116","2287","67","2023-08-22 04:28:50","11","10","0","1"
"6762755","28795","2287","83","2023-10-31 20:02:34","9","3","2","4"
"6770384","27983","2284","18","2024-01-06 13:40:44","21","13","2","6"
"6771046","12936","2284","248","2024-01-31 15:48:42","220","58","59","103"
"6779307","61406","2282","13","2023-05-24 20:33:11","4","3","1","0"
"6782754","12444","2281","103","2024-01-09 07:40:53","24","7","8","9"
"6793637","20107","2278","24","2023-02-08 01:35:20","1","1","0","0"
"6796354","10840","2277","62","2024-01-17 08:33:22","34","11","9","14"
"6797953","15478","2277","104","2024-01-22 23:54:50","52","19","8","25"
"6808583","32081","2274","68","2023-02-21 09:34:42","1","1","0","0"
"6817835","14246","2272","73","2023-05-06 15:32:21","6","5","1","0"
"6831341","13798","2268","78","2023-11-27 06:45:13","6","0","1","5"
"6851825","70895","2262","503","2024-01-31 20:53:39","383","126","93","164"
"6858244","15886","2261","18","2023-11-02 06:21:59","5","2","1","2"
"6863749","34312","2260","69","2024-01-27 15:10:00","36","23","10","3"
"6865932","24138","2260","55","2023-10-21 17:20:43","7","3","2","2"
"6866309","13079","2260","56","2024-01-31 19:07:09","24","8","4","12"
"6868543","14518","2259","83","2024-01-25 12:27:14","68","17","15","36"
"6870228","24447","2259","112","2024-01-31 16:54:22","103","15","39","49"
"6870253","19417","2259","28","2024-01-15 08:43:19","25","8","3","14"
"6877799","33237","2257","38","2023-12-28 07:55:27","49","5","6","38"
"6879826","22288","2256","20","2024-01-29 02:20:59","49","2","13","34"
"6881240","26342","2256","13","2023-12-15 07:44:32","2","0","0","2"
"6884590","13784","2256","43","2024-01-26 18:11:27","40","8","4","28"
"6885902","21463","2746","154","","0","0","0","0"
"6890912","109382","2254","227","2024-01-19 09:30:34","401","88","64","249"
"6899896","12300","2253","20","2023-10-25 22:11:13","8","1","1","6"
"6904888","18000","2252","5","2024-01-16 10:07:17","25","0","11","14"
"6919963","17996","2248","5","","0","0","0","0"
"6933993","18491","2246","114","2024-01-13 20:13:03","43","5","8","30"
"6936545","12887","2245","146","2024-01-31 10:29:39","89","5","55","29"
"6943762","13825","2243","27","2024-01-15 15:43:33","6","0","4","2"
"6951428","11684","2242","8","2023-11-04 22:18:04","3","0","0","3"
"7008044","23092","2240","11","2023-10-10 15:12:07","2","0","1","1"
"7015400","81221","2239","24","2024-01-04 13:03:43","15","8","1","6"
"7023245","15708","2237","11","2023-10-29 10:21:11","4","0","2","2"
"7023590","14411","2237","16","2023-10-05 21:33:23","7","1","3","3"
"7028459","15212","2236","5","2023-07-25 21:58:41","2","1","1","0"
"7031230","37564","2235","82","2023-02-11 18:46:44","1","1","0","0"
"7032856","15516","2235","5","2023-08-20 10:55:57","3","0","1","2"
"7053190","30789","2231","8","","0","0","0","0"
"7058266","16190","2230","156","2024-01-31 15:02:43","250","11","118","121"
"7062291","22207","2228","99","2024-01-01 03:37:18","21","9","3","9"
"7073340","11112","2226","11","2024-01-15 05:08:20","6","0","0","6"
"7076153","27205","2226","36","2023-11-10 14:50:07","10","5","4","1"
"7093741","29792","2221","111","2023-02-13 11:12:39","8","8","0","0"
"7103882","16095","2219","125","2023-08-27 17:24:08","20","7","10","3"
"7106086","38331","2219","25","","0","0","0","0"
"7108589","12840","2218","256","2023-03-17 06:49:59","83","83","0","0"
"7108653","203699","2218","1372","2024-01-30 11:58:23","926","291","247","388"
"7109869","13948","2218","239","2023-08-08 14:04:51","9","7","1","1"
"7111561","93426","2218","631","2024-01-31 07:58:12","381","115","119","147"
"7117003","10332","2217","36","2023-12-15 14:20:03","20","0","6","14"
"7117697","14331","2216","22","","0","0","0","0"
"7121513","16323","2215","133","","0","0","0","0"
"7128154","10804","2214","20","2024-01-18 09:58:21","20","11","5","4"
"7128934","32638","2214","99","2024-01-26 00:31:57","9","4","1","4"
"7131757","40531","2213","21","2024-01-18 17:04:26","7","1","2","4"
"7132550","42325","2213","46","2024-01-31 18:30:18","46","6","10","30"
"7134134","14285","2213","68","2024-01-24 07:02:53","103","48","28","27"
"7141073","11948","2211","6","2023-11-08 02:38:43","1","0","0","1"
"7151494","13549","2208","16","2023-11-01 17:25:16","4","1","2","1"
"7175713","28990","2203","437","2024-01-13 00:59:49","102","31","20","51"
"7185318","11387","2201","194","2024-01-31 17:03:10","144","46","33","65"
"7194268","14848","2199","79","2024-01-20 16:56:58","28","10","14","4"
"7198006","12653","2198","21","2023-08-17 08:36:34","8","0","7","1"
"7203016","52939","2197","126","2024-01-30 22:44:30","98","25","29","44"
"7209631","22035","2196","684","2024-01-30 20:14:38","453","137","149","167"
"7212686","54251","2195","379","2024-01-15 18:18:05","77","21","37","19"
"7215091","64203","2194","1372","2024-01-31 19:42:34","609","102","98","409"
"7216865","18245","2194","79","2024-01-17 00:30:15","24","18","0","6"
"7237224","30965","2190","215","2024-01-29 10:27:11","23","8","13","2"
"7237884","19641","2190","242","2024-01-26 10:08:05","22","12","8","2"
"7248342","10253","2187","19","2023-04-10 12:49:18","2","2","0","0"
"7252182","170235","2186","524","2024-01-26 12:47:06","302","84","80","138"
"7254633","39490","2185","382","2024-01-31 06:53:19","228","74","65","89"
"7254781","32963","2185","167","2024-01-23 02:32:06","3","1","1","1"
"7256341","19179","2185","8","2024-01-29 12:36:52","3","0","2","1"
"7264620","10795","2184","10","2024-01-25 22:07:28","12","5","1","6"
"7294900","59454","2177","40","","0","0","0","0"
"7295599","27309","2177","284","2024-01-29 10:48:23","167","42","41","84"
"7296893","32830","2177","36","2024-01-26 12:05:36","22","9","1","12"
"7297700","90868","2177","790","2024-01-29 22:51:48","369","114","109","146"
"7299782","18215","2176","10","","0","0","0","0"
"7303447","18368","2176","5","","0","0","0","0"
"7311767","50137","2173","5","","0","0","0","0"
"7325599","25720","2170","99","2024-01-18 21:23:48","18","5","8","5"
"7326738","71809","2170","145","2024-01-04 22:38:59","83","28","26","29"
"7328782","61511","2169","143","2024-01-31 14:08:40","134","38","43","53"
"7329832","23032","2169","27","2024-01-16 13:26:33","4","3","0","1"
"7336232","20785","2168","22","2024-01-26 23:07:31","11","7","3","1"
"7355741","54198","2162","229","2024-01-30 17:21:03","173","54","43","76"
"7356355","13835","2161","11","2023-11-17 10:09:03","3","1","1","1"
"7359094","29236","2161","21","2023-10-12 17:20:45","11","2","5","4"
"7361479","14046","2160","28","2023-11-15 02:26:16","2","0","1","1"
"7365461","19157","2158","187","2024-01-25 15:17:48","86","30","27","29"
"7365866","30332","2158","68","2023-12-16 23:46:00","14","2","7","5"
"7366100","39611","2158","472","2024-01-22 15:58:35","296","118","71","107"
"7367293","11891","2157","120","2024-01-29 03:58:05","69","20","20","29"
"7369366","19168","2157","136","2024-01-19 12:31:22","58","26","12","20"
"7370153","11671","2157","16","2024-01-09 09:37:56","16","4","11","1"
"7371893","12742","2156","228","2023-11-02 12:00:47","43","23","13","7"
"7376526","19862","2156","17","2023-08-25 18:30:15","5","2","1","2"
"7380779","17013","2155","189","2024-01-10 18:44:58","50","32","6","12"
"7388477","31191","2153","115","2023-10-20 12:15:44","14","9","1","4"
"7394871","14733","2151","23","2023-12-20 05:50:06","7","1","0","6"
"7409220","42671","2148","45","2024-01-16 10:48:36","25","5","14","6"
"7424470","27147","2144","45","2024-01-04 15:43:09","16","1","5","10"
"7429447","194858","2143","1495","2023-08-14 13:35:19","643","295","296","52"
"7436489","10152","2142","9","","0","0","0","0"
"7444103","33358","2140","46","2024-01-09 10:47:41","43","2","10","31"
"7446760","12309","2140","96","2023-12-29 13:27:29","90","36","26","28"
"7460777","78047","2136","209","","0","0","0","0"
"7461381","68986","2136","5","2024-01-27 08:49:03","120","24","44","52"
"7462031","17178","2136","102","2024-01-31 14:30:27","54","9","7","38"
"7466674","30676","2135","110","2024-01-22 09:24:27","33","0","0","33"
"7475225","15306","2134","14","2023-03-07 21:52:12","1","1","0","0"
"7478597","20523","2133","31","","0","0","0","0"
"7483211","10836","2132","17","2024-01-22 12:08:54","39","16","14","9"
"7486313","28795","2131","180","2023-07-29 20:19:28","1","0","1","0"
"7494218","18831","2129","160","","0","0","0","0"
"7495930","81836","2129","38","2024-01-04 15:28:17","30","18","9","3"
"7505395","51861","2127","150","2023-06-23 06:28:36","4","2","2","0"
"7509065","49268","2126","138","2024-01-23 23:20:22","38","8","8","22"
"7531598","16075","2122","14","2023-12-18 13:59:23","19","8","3","8"
"7552340","10881","2117","50","2024-01-19 23:19:18","73","43","18","12"
"7571258","28406","2114","261","2024-01-06 11:05:40","51","36","9","6"
"7576100","14479","2113","5","2023-11-11 04:59:43","5","0","1","4"
"7579547","28600","2112","32","2024-01-31 12:21:23","3","1","1","1"
"7582247","126127","2112","797","2024-01-31 20:19:09","627","136","193","298"
"7594711","15668","2109","86","2024-01-12 17:52:58","29","2","8","19"
"7599798","31666","2108","217","2024-01-30 19:00:21","234","71","67","96"
"7599833","17813","2241","106","2024-01-31 16:59:57","49","5","7","37"
"7602110","10003","2107","8","2023-07-22 23:42:58","2","1","1","0"
"7603109","22293","2107","10","","0","0","0","0"
"7606764","26254","2107","23","","0","0","0","0"
"7607190","21744","2107","160","2024-01-19 07:31:52","99","43","11","45"
"7609093","29140","2106","124","2024-01-29 06:20:18","129","45","16","68"
"7619808","14779","2104","10","2023-10-14 14:53:02","5","4","0","1"
"7621674","11131","2104","30","2024-01-23 19:58:20","11","2","2","7"
"7623856","15160","2103","221","2024-01-31 08:43:52","125","53","37","35"
"7631480","23445","2102","187","2023-02-14 05:54:57","1","1","0","0"
"7632695","31840","2101","21","2024-01-21 02:29:40","144","55","69","20"
"7635569","18280","2101","58","2024-01-16 21:58:38","42","16","6","20"
"7652758","10319","2098","20","","0","0","0","0"
"7658985","11558","2097","39","2023-11-20 21:08:41","8","1","6","1"
"7661119","16960","2096","260","2023-08-05 00:03:33","3","0","2","1"
"7662670","27652","2096","108","2023-12-14 11:26:44","8","1","3","4"
"7666442","69960","2095","14","","0","0","0","0"
"7668448","21430","2095","14","2023-10-08 23:57:10","8","0","0","8"
"7669809","39289","2094","24","","0","0","0","0"
"7670262","15179","2094","8","2024-01-25 10:54:44","132","80","25","27"
"7687666","22782","2091","325","2024-01-31 08:53:26","343","85","100","158"
"7691729","19428","2091","118","2024-01-30 20:04:22","38","10","11","17"
"7696223","13756","2090","5","2024-01-26 00:27:15","2","0","0","2"
"7703024","13033","2088","31","2023-10-10 17:26:20","5","3","1","1"
"7715250","13560","2086","8","2023-12-12 16:54:03","19","6","8","5"
"7727429","18600","2084","18","2023-11-19 15:23:35","29","9","8","12"
"7733418","26828","2083","140","2024-01-20 17:42:33","19","6","2","11"
"7734384","13946","2082","13","2023-10-11 20:37:00","6","3","2","1"
"7752296","29144","2079","353","2024-01-30 18:29:57","16","0","11","5"
"7758804","63407","2078","85","2023-11-21 16:34:30","152","31","74","47"
"7767664","13098","2076","12","2024-01-26 14:51:50","29","11","8","10"
"7790376","28034","2071","103","2024-01-28 12:59:22","50","12","18","20"
"7804058","11437","2068","30","2023-12-24 10:29:40","29","0","2","27"
"7832584","29524","2063","32","2023-07-14 15:40:03","9","5","4","0"
"7838401","12099","2062","7","2023-11-30 21:45:57","1","0","0","1"
"7840440","13045","2061","9","2023-05-26 14:32:48","3","0","3","0"
"7860670","38048","2057","19","2024-01-23 06:44:42","29","3","15","11"
"7861807","26343","2057","141","2024-01-31 15:58:48","145","52","53","40"
"7867822","14473","3456","31","2023-07-09 15:24:03","6","4","2","0"
"7867968","13317","2056","69","2024-01-23 20:03:53","67","11","25","31"
"7881859","12209","2052","11","2024-01-31 09:36:51","7","2","3","2"
"7882470","54236","2052","50","","0","0","0","0"
"7884305","77165","2052","691","2024-01-28 20:54:13","633","149","205","279"
"7896849","11966","2050","16","2024-01-18 11:28:15","1","0","0","1"
"7897395","33220","2050","59","2024-01-30 11:27:30","17","1","10","6"
"7899477","11071","2049","101","2023-08-31 22:55:46","10","1","7","2"
"7909676","20542","2047","160","2024-01-31 15:18:23","636","163","163","310"
"7910454","22452","2047","14","2023-11-06 14:29:16","7","4","1","2"
"7916438","13360","2046","56","2023-11-09 15:09:40","27","13","8","6"
"7920473","22976","2045","32","2023-11-15 04:49:13","17","5","4","8"
"7939871","20485","2041","141","2024-01-24 13:41:00","36","12","6","18"
"7941188","24197","2041","151","2024-01-12 19:34:44","75","62","8","5"
"7943564","29210","2040","66","2023-11-25 13:09:54","24","9","2","13"
"7948372","14545","2039","19","2023-10-11 08:13:25","14","5","7","2"
"7950592","15171","2038","44","2023-12-22 16:54:11","3","2","0","1"
"7954504","41316","2038","8","2023-08-11 19:47:01","1","0","0","1"
"7964527","324250","2036","954","2023-12-26 20:51:45","34","13","12","9"
"7976758","97973","2033","151","2024-01-30 09:42:59","122","32","36","54"
"7976805","23530","2033","39","2024-01-24 00:14:13","54","11","6","37"
"8008776","11145","2026","75","","0","0","0","0"
"8011544","24650","2026","18","2023-04-12 10:29:10","2","2","0","0"
"8012206","12252","2025","5","2023-04-19 01:37:50","1","1","0","0"
"8012646","25245","2025","9","2024-01-26 08:25:04","15","4","6","5"
"8016720","81905","2025","470","2024-01-31 23:18:11","138","20","61","57"
"8017690","55434","2024","829","2024-01-29 08:18:19","520","126","121","273"
"8039978","21508","2020","234","2024-01-18 13:00:26","106","64","19","23"
"8053274","20159","2017","13","2023-10-02 12:21:08","17","0","15","2"
"8054998","10366","2017","98","2024-01-31 23:37:31","154","59","29","66"
"8059459","37208","2016","9","2023-02-01 08:57:43","1","1","0","0"
"8068625","15960","2014","28","2024-01-21 19:55:21","19","4","6","9"
"8079868","25681","2011","29","2023-09-21 12:08:54","11","2","4","5"
"8112776","21914","2004","24","","0","0","0","0"
"8126362","20530","2002","48","2024-01-24 15:08:20","11","2","0","9"
"8143158","17221","1998","56","2023-05-11 15:17:35","4","3","1","0"
"8160318","17013","1995","9","2023-11-24 14:08:53","12","0","0","12"
"8162520","29458","1995","236","2024-01-31 19:24:50","527","56","131","340"
"8172857","90059","1993","339","2024-01-31 08:39:36","97","46","10","41"
"8182118","43872","1990","196","2024-01-30 18:30:15","171","66","35","70"
"8184139","15827","1990","43","2024-01-31 04:20:29","96","8","34","54"
"8186898","18971","1989","19","2023-12-27 14:38:02","2","0","0","2"
"8187800","14523","1989","139","","0","0","0","0"
"8188433","12807","1989","26","2023-07-19 06:22:06","13","8","5","0"
"8188846","20024","1989","13","2023-08-18 17:27:03","3","0","1","2"
"8203759","13045","1986","66","2023-10-02 12:12:10","6","5","0","1"
"8206434","22530","1986","330","2024-01-31 12:55:57","251","104","47","100"
"8208215","16621","1985","7","2023-10-28 03:28:38","1","0","0","1"
"8235971","16744","1979","102","2024-01-31 14:45:20","164","81","29","54"
"8245406","78735","1977","689","2024-01-31 20:14:28","256","85","55","116"
"8253662","21003","1975","35","2023-12-10 15:19:14","11","0","4","7"
"8283848","89570","1969","49","2024-01-15 09:31:10","26","5","10","11"
"8283938","11508","1969","54","2023-06-11 11:35:59","1","0","1","0"
"8289918","14415","1968","30","2023-11-01 03:14:57","3","2","0","1"
"8290634","12498","1968","47","2024-01-31 17:32:41","29","11","9","9"
"8291949","19195","1968","12","2024-01-18 15:43:54","19","1","8","10"
"8292178","15496","1968","40","2024-01-08 14:29:36","25","18","3","4"
"8298909","54434","1967","19","2023-05-18 18:39:32","1","0","1","0"
"8316315","34187","1963","18","2023-11-06 21:23:01","7","1","0","6"
"8320861","13275","1962","8","","0","0","0","0"
"8331157","13053","1960","5","2024-01-31 16:06:31","105","1","0","104"
"8340997","17287","1959","11","2024-01-28 05:57:54","62","4","0","58"
"8343484","18767","1958","253","2024-01-31 16:15:58","158","58","45","55"
"8344060","26950","1958","60","2023-08-24 15:02:01","29","16","12","1"
"8357357","11435","1955","122","2023-08-22 23:17:11","11","8","0","3"
"8360561","14053","1954","12","2023-07-06 08:24:12","3","2","1","0"
"8366499","12215","1954","36","2023-07-25 18:32:06","14","5","9","0"
"8367626","15096","1953","42","","0","0","0","0"
"8372853","61292","1953","34","2024-01-16 12:09:46","12","4","2","6"
"8376184","18839","1952","49","2024-01-16 19:05:51","16","0","1","15"
"8380272","80553","1951","977","2024-01-29 20:39:08","606","228","158","220"
"8381946","36397","1951","215","2024-01-31 15:23:45","200","48","57","95"
"8389003","14804","1949","20","2023-07-09 20:37:41","11","9","2","0"
"8389576","11231","1949","9","","0","0","0","0"
"8394265","280207","1948","34","2024-01-04 13:28:35","19","9","4","6"
"8397974","10724","1947","13","2023-12-26 21:53:45","4","0","1","3"
"8398549","15325","1947","17","2024-01-24 13:18:09","9","3","3","3"
"8404453","51721","1946","311","2024-01-25 04:17:04","110","25","7","78"
"8405310","30652","1946","202","2024-01-28 20:15:00","97","38","26","33"
"8410477","10173","1945","20","2023-12-27 11:28:38","13","1","4","8"
"8411406","12010","1945","59","2024-01-23 18:04:58","19","10","7","2"
"8422330","12524","1943","30","2024-01-20 23:47:07","12","1","4","7"
"8422953","11875","2002","37","2023-05-08 20:07:16","2","1","1","0"
"8431111","21770","1941","287","2024-01-30 22:27:51","243","119","33","91"
"8437099","10364","1939","11","2023-03-10 07:02:20","8","8","0","0"
"8471931","10993","1932","18","2023-12-20 01:25:26","19","13","2","4"
"8475054","18301","1932","68","2023-08-21 21:42:43","9","7","1","1"
"8490598","10522","1928","10","2023-11-16 18:59:47","10","0","5","5"
"8495254","33621","1927","276","2024-01-16 09:09:34","24","6","13","5"
"8496462","24560","1927","141","2024-01-18 18:56:01","40","14","13","13"
"8505817","14076","1925","15","2024-01-09 15:25:42","17","5","4","8"
"8508004","10905","1925","128","2024-01-28 19:59:39","126","55","34","37"
"8510405","13385","1924","399","2024-01-08 04:11:49","43","28","6","9"
"8534588","11596","1919","8","2024-01-25 15:34:16","7","3","1","3"
"8542346","12759","1917","69","2024-01-21 23:51:43","32","6","6","20"
"8556259","13256","1914","210","2023-08-30 09:59:31","290","93","147","50"
"8558186","59159","1913","454","2024-01-31 15:03:05","352","87","87","178"
"8572380","22362","1910","279","2023-11-27 04:15:47","49","13","15","21"
"8573068","19916","1910","7","2023-10-09 11:39:02","2","0","0","2"
"8582353","13752","1909","20","2024-01-16 14:48:04","19","10","3","6"
"8583393","26473","1908","25","","0","0","0","0"
"8583669","15010","1908","18","2024-01-24 10:32:40","3","0","0","3"
"8583692","26661","1908","103","2024-01-17 08:39:47","54","4","8","42"
"8586227","42665","1907","109","2024-01-29 00:40:19","84","20","33","31"
"8593414","10382","1906","9","2023-10-31 13:41:15","38","0","4","34"
"8601372","10989","1904","113","2024-01-08 08:13:08","47","20","12","15"
"8601760","43548","1904","105","2023-09-10 16:37:45","35","12","17","6"
"8605685","12747","1904","30","2023-12-04 20:05:24","6","2","2","2"
"8613630","24311","1902","625","2023-07-23 00:39:40","12","11","1","0"
"8618350","11470","1901","40","","0","0","0","0"
"8620333","281844","1901","540","2024-01-30 19:29:52","399","86","119","194"
"8649393","13530","1896","25","2023-10-04 06:05:08","22","13","8","1"
"8651601","16161","1896","120","2024-01-31 12:56:37","99","59","28","12"
"8656552","16185","1895","100","2024-01-30 15:22:14","109","40","11","58"
"8682983","31867","1890","376","2024-01-17 21:15:50","45","19","13","13"
"8690857","208122","1889","2150","2024-01-31 20:35:15","1196","329","272","595"
"8705432","79647","1886","298","2024-01-31 23:05:50","186","39","45","102"
"8708364","71944","1885","39","","0","0","0","0"
"8711276","12970","1884","100","2024-01-30 02:48:57","51","15","9","27"
"8724443","10396","1882","5","2024-01-03 17:27:58","2","1","0","1"
"8741356","15484","1879","10","2023-10-26 11:07:43","1","0","0","1"
"8757883","15097","1876","11","2023-11-09 23:27:38","1","0","0","1"
"8798220","20024","1869","20","2023-11-15 22:38:25","15","12","2","1"
"8816585","47266","1865","643","2023-11-06 16:32:50","15","4","1","10"
"8822337","19802","1863","33","2023-05-18 11:08:36","15","14","1","0"
"8870196","10315","1855","34","2023-11-25 22:36:33","10","5","3","2"
"8873508","10119","1854","8","","0","0","0","0"
"8874958","14744","1854","9","2023-11-07 09:31:09","2","0","0","2"
"8879527","10131","1853","188","2023-12-22 11:55:13","13","8","3","2"
"8881141","12510","1853","120","","0","0","0","0"
"8891224","14204","1851","87","2024-01-11 14:14:53","24","8","3","13"
"8893686","10526","1850","28","2023-10-04 09:56:50","72","41","4","27"
"8910547","15782","1847","49","2023-08-01 02:53:49","2","1","0","1"
"8950365","21408","1840","19","2023-10-20 06:54:33","7","4","0","3"
"8951377","39394","1840","205","2024-01-31 08:53:15","173","63","44","66"
"8962195","10748","1838","69","2024-01-17 07:10:44","58","17","23","18"
"8967612","19776","2747","78","","0","0","0","0"
"8973620","18260","1836","57","2023-12-19 20:41:37","32","6","6","20"
"8977696","17766","1835","26","2023-12-14 17:11:15","12","1","3","8"
"8986975","26734","1834","456","2023-02-20 22:57:26","5","5","0","0"
"8987128","36432","1834","116","2023-12-26 10:20:36","21","6","7","8"
"9014097","50793","1829","259","2024-01-31 22:55:36","193","47","49","97"
"9019885","30567","1828","255","2024-01-30 20:11:59","265","78","66","121"
"9067615","25107","1819","13","2023-09-28 08:12:06","5","2","1","2"
"9071943","14236","1818","6","2024-01-16 01:53:59","4","0","1","3"
"9072753","146712","1818","868","2024-01-30 20:36:12","522","145","134","243"
"9078341","14225","1816","22","2023-03-10 23:08:42","8","8","0","0"
"9081267","43486","1816","15","2023-02-04 13:17:53","1","1","0","0"
"9085273","12320","1815","19","2024-01-19 12:13:48","7","0","0","7"
"9086770","12537","1814","61","2024-01-08 21:53:12","24","9","6","9"
"9090751","10941","1814","20","2023-02-04 22:46:19","3","3","0","0"
"9095551","14443","1813","77","2024-01-12 16:35:52","22","7","6","9"
"9097906","144153","1812","1720","2024-01-31 20:40:19","1026","351","232","443"
"9098350","15190","1812","30","2023-07-15 06:11:30","40","24","16","0"
"9119186","32269","1807","11","2024-01-23 14:59:17","2","0","1","1"
"9132707","16469","1803","67","2023-05-04 22:35:30","15","14","1","0"
"9136348","18603","1802","193","2023-08-19 09:32:34","3","0","2","1"
"9150270","14007","1798","31","2024-01-21 15:57:41","48","12","20","16"
"9153448","25423","1797","208","2024-01-23 07:10:54","56","14","16","26"
"9164010","14972","1793","25","2023-08-29 21:03:23","7","6","0","1"
"9164141","13317","1793","13","2023-12-14 20:05:06","24","14","1","9"
"9167382","13861","1792","187","","0","0","0","0"
"9170274","14015","1792","169","2023-10-06 22:16:55","5","3","0","2"
"9177877","14203","1790","64","2023-10-11 20:27:32","47","26","10","11"
"9186783","10396","1787","60","2023-02-18 10:01:27","1","1","0","0"
"9187350","20153","1787","13","","0","0","0","0"
"9189799","22461","2075","17","2024-01-27 19:29:26","6","2","1","3"
"9193372","19771","1786","47","2023-02-24 19:04:30","3","3","0","0"
"9199828","12139","1785","171","2024-01-30 11:34:30","91","49","14","28"
"9200675","23974","1785","92","2024-01-30 18:59:04","56","28","15","13"
"9201587","15612","1784","697","2023-11-28 16:53:40","12","3","2","7"
"9203110","11208","1784","92","2023-11-15 13:02:07","14","13","0","1"
"9208887","21311","1783","263","2024-01-30 11:34:55","12","2","5","5"
"9214357","12620","1781","48","","0","0","0","0"
"9215780","17327","1781","38","2024-01-31 16:08:47","29","9","11","9"
"9223839","53316","1779","178","2024-01-31 20:38:05","206","61","52","93"
"9226213","18028","1779","11","2024-01-05 20:48:47","25","5","7","13"
"9236994","11175","1777","9","","0","0","0","0"
"9241978","17461","1776","17","2024-01-20 01:10:16","22","4","7","11"
"9245853","50385","1774","239","2024-01-30 19:03:56","180","39","58","83"
"9248201","16767","1774","36","2024-01-23 15:10:22","17","3","6","8"
"9264230","21843","1771","435","2024-01-31 11:19:16","451","127","120","204"
"9274732","29705","1769","82","2023-06-27 22:37:30","2","1","1","0"
"9284423","22609","1766","5","","0","0","0","0"
"9297144","63121","1764","38","","0","0","0","0"
"9299259","22069","1763","12","2023-04-21 20:01:25","1","1","0","0"
"9305398","26584","1762","10","","0","0","0","0"
"9332187","18428","1756","73","2024-01-08 06:30:44","9","1","1","7"
"9349302","18689","1752","176","2024-01-29 13:21:06","167","131","12","24"
"9375102","23169","1747","58","2023-10-09 23:59:51","9","6","1","2"
"9381601","14474","1745","39","2024-01-25 19:06:38","16","7","1","8"
"9393102","10648","1743","28","2024-01-30 06:40:31","12","4","2","6"
"9401096","45868","1741","207","2024-01-24 11:14:25","139","61","35","43"
"9441404","31536","1732","498","2023-03-17 18:30:21","1","1","0","0"
"9444073","29492","1731","251","2023-02-08 04:42:19","1","1","0","0"
"9448090","25030","1731","239","2024-01-07 18:48:25","84","43","20","21"
"9450991","15233","1730","136","2024-01-28 20:32:30","101","37","20","44"
"9462095","20148","1728","293","2024-01-24 15:53:55","344","173","92","79"
"9463489","17835","1728","222","2024-01-29 13:29:32","200","56","32","112"
"9473764","147457","1725","566","2024-01-31 03:00:54","338","59","51","228"
"9473786","11171","1725","186","2024-01-30 21:18:39","22","6","8","8"
"9513184","91798","1718","229","2024-01-29 14:08:06","1177","664","344","169"
"9515207","373858","1717","1430","2023-03-26 04:14:09","52","52","0","0"
"9558399","15442","1709","11","","0","0","0","0"
"9576186","71796","1706","303","2024-01-31 21:32:34","267","82","73","112"
"9593596","38715","1702","6","","0","0","0","0"
"9597706","52148","1701","104","2023-12-08 16:29:49","25","5","8","12"
"9606851","15172","1699","21","2023-08-13 07:21:08","4","1","2","1"
"9607863","31084","1699","55","2023-04-09 20:29:45","1","1","0","0"
"9609840","33968","1699","44","2023-08-14 09:58:42","55","15","35","5"
"9624435","37913","1695","33","","0","0","0","0"
"9632621","12074","1694","11","2023-09-23 15:18:44","7","1","2","4"
"9636037","15189","1693","76","2023-10-29 07:18:28","50","1","34","15"
"9640177","19412","1692","5","2024-01-27 04:16:54","185","41","100","44"
"9644964","10568","1691","202","2024-01-31 02:46:20","244","74","61","109"
"9657861","26758","1688","693","2023-09-21 06:52:16","9","4","4","1"
"9659902","11211","1688","7","","0","0","0","0"
"9661424","37837","1688","80","","0","0","0","0"
"9663070","22992","1687","164","2024-01-31 06:41:41","318","120","73","125"
"9664796","14241","1687","64","2023-07-03 14:31:00","19","12","7","0"
"9665021","17031","1687","96","","0","0","0","0"
"9666018","15415","1687","294","2023-04-01 17:59:51","31","31","0","0"
"9690090","11346","1681","128","2023-12-13 13:08:21","45","25","10","10"
"9695286","12707","1680","48","2024-01-23 15:40:36","8","1","4","3"
"9698684","88744","1680","9","","0","0","0","0"
"9750066","10876","1669","94","2023-10-21 16:33:12","1","0","0","1"
"9750706","15759","1668","38","2023-11-21 05:35:03","15","6","5","4"
"9758194","76900","1667","477","2024-01-25 10:46:04","255","99","72","84"
"9758922","11265","1667","5","2023-12-02 11:53:39","1","0","0","1"
"9765167","10722","1666","82","2023-08-17 16:39:17","4","2","0","2"
"9769953","12581","1665","132","2024-01-26 15:25:47","60","21","18","21"
"9814069","56997","1657","1073","2024-01-31 23:10:49","744","252","182","310"
"9816472","13032","1656","6","2023-02-23 01:46:49","1","1","0","0"
"9835872","24942","1652","39","2023-12-30 20:36:04","4","1","0","3"
"9837301","19280","1652","54","2024-01-28 00:30:43","39","8","5","26"
"9840318","15553","1651","10","","0","0","0","0"
"9840637","75348","1651","63","","0","0","0","0"
"9841389","34690","1651","283","2024-01-29 09:26:49","91","47","2","42"
"9851608","41321","1649","111","2024-01-13 16:08:52","68","28","21","19"
"9857631","23236","1647","400","2023-12-04 16:33:42","121","2","35","84"
"9875486","10182","1644","71","2024-01-17 17:08:57","44","9","7","28"
"9898643","62000","1639","541","2024-01-18 15:08:13","122","90","11","21"
"9901261","10019","1638","237","","0","0","0","0"
"9926721","11986","1633","161","2023-07-28 07:32:31","3","0","3","0"
"9938317","29914","1631","215","2024-01-31 06:43:15","159","40","44","75"
"9952196","54404","1627","362","2024-01-25 01:14:29","148","33","56","59"
"9957710","42607","1626","232","2024-01-31 01:02:38","108","46","16","46"
"9959152","40533","1626","21","2023-11-13 06:34:36","33","24","3","6"
"9971404","22887","1623","72","2024-01-18 10:29:27","34","2","17","15"
"9971759","11247","1623","80","2024-01-29 07:45:29","94","20","23","51"
"9997212","11579","1617","22","2024-01-12 10:46:33","74","2","0","72"
"10005707","10809","1616","6","2023-11-07 06:57:45","4","0","1","3"
"10008173","166209","1616","730","2024-01-30 20:36:35","486","139","112","235"
"10035985","196106","1609","1753","2024-01-31 21:00:01","1628","308","387","933"
"10068985","36085","1602","416","2024-01-20 12:21:34","234","121","77","36"
"10075394","18507","1601","6","","0","0","0","0"
"10112124","15583","1594","107","2024-01-30 17:36:35","71","17","25","29"
"10118270","18167","1592","68","2024-01-26 10:08:08","70","28","12","30"
"10128619","32063","1590","27","","0","0","0","0"
"10133797","19972","1589","11","2023-10-25 15:28:44","21","2","2","17"
"10134209","18967","1589","92","2024-01-24 15:51:42","11","4","4","3"
"10138734","43412","1588","641","2024-01-24 12:38:01","176","58","39","79"
"10140124","21748","1588","360","2024-01-31 06:04:00","77","27","15","35"
"10147399","30637","1586","119","2023-12-06 08:26:11","43","1","10","32"
"10157127","65170","1584","2042","2024-01-29 21:21:04","616","364","80","172"
"10158551","20267","1583","9","","0","0","0","0"
"10188661","37816","1577","7","2024-01-19 13:55:16","3","0","1","2"
"10195153","15045","1575","110","2024-01-31 00:20:56","115","30","22","63"
"10197418","26186","1575","143","2024-01-17 12:26:45","52","21","14","17"
"10201580","18717","1574","9","","0","0","0","0"
"10221765","44347","1570","68","","0","0","0","0"
"10237506","12129","1566","252","2024-01-29 18:41:52","58","43","10","5"
"10248678","52168","1563","87","2024-01-31 10:21:59","62","34","22","6"
"10253094","11262","1562","5","2023-09-08 12:02:23","9","2","0","7"
"10262805","51431","1560","793","2024-01-31 04:21:17","509","172","142","195"
"10265365","15135","1986","6","2023-02-23 13:41:27","1","1","0","0"
"10289265","21593","1554","72","2024-01-30 03:38:22","91","9","28","54"
"10306997","18060","1550","696","2023-02-09 11:01:45","13","13","0","0"
"10308336","14241","1549","276","2024-01-29 06:42:23","337","101","74","162"
"10309381","11615","1549","87","2023-06-15 07:31:16","7","6","1","0"
"10315163","30318","1548","1110","2023-12-07 01:02:38","122","89","25","8"
"10323798","13347","1546","35","2023-04-17 16:37:01","2","2","0","0"
"10345775","11005","1541","55","2024-01-19 01:13:04","33","15","7","11"
"10347145","23763","1541","171","2024-01-29 15:08:35","197","78","61","58"
"10348758","16200","1541","82","2023-07-13 05:50:25","3","2","1","0"
"10375049","22129","1535","22","2023-11-29 21:32:34","3","1","0","2"
"10415047","10919","1527","375","2024-01-23 21:55:06","50","28","5","17"
"10418264","12814","1526","173","2024-01-27 15:41:18","61","23","16","22"
"10418515","12111","1526","153","2024-01-29 15:03:39","74","17","23","34"
"10431574","42728","1524","62","2023-09-04 19:53:40","29","24","4","1"
"10488504","40112","1511","159","2024-01-16 15:02:42","204","111","72","21"
"10495893","13488","1510","177","2024-01-31 00:05:16","66","19","14","33"
"10498828","164889","1509","841","2023-11-24 09:06:53","129","79","32","18"
"10521959","12763","1504","44","2024-01-10 21:44:54","33","7","10","16"
"10522842","11713","1504","52","","0","0","0","0"
"10573560","12308","1493","9","2023-12-30 09:09:15","12","1","8","3"
"10606400","28517","1486","6","2024-01-22 04:43:27","33","19","8","6"
"10608621","16221","1486","277","2023-12-12 10:28:15","149","26","26","97"
"10611983","16793","1485","10","2023-03-22 21:07:52","2","2","0","0"
"10612011","19555","1485","176","","0","0","0","0"
"10622916","10014","1483","54","2023-11-08 09:37:05","33","13","12","8"
"10646316","28433","1478","396","2024-01-30 13:54:33","197","60","48","89"
"10669010","23045","1473","273","2024-01-30 17:35:44","135","46","20","69"
"10676716","223978","1472","156","2023-07-07 18:37:30","404","194","210","0"
"10686048","10187","1470","45","2024-01-24 17:03:10","11","4","3","4"
"10692493","12557","1469","47","2024-01-30 22:42:01","7","3","2","2"
"10693596","16732","1468","373","2024-01-25 03:10:07","73","26","33","14"
"10696761","10808","1468","14","2023-11-15 14:05:33","5","0","3","2"
"10698741","28111","1467","29","2023-09-04 12:12:10","1","0","0","1"
"10722752","11560","1462","51","2023-11-13 18:11:24","1","0","0","1"
"10746224","16523","1457","6","2023-09-16 14:25:16","7","0","0","7"
"10770370","22476","1451","349","2024-01-29 10:28:36","33","4","4","25"
"10785975","38542","1448","774","2024-01-31 14:35:25","260","104","75","81"
"10789207","12042","1447","219","2024-01-27 00:09:50","142","43","48","51"
"10794031","13352","1446","33","2024-01-14 06:22:04","7","1","2","4"
"10819573","81404","1440","85","2024-01-26 23:26:33","53","10","8","35"
"10834466","12471","1435","11","","0","0","0","0"
"10839134","11658","1434","324","2024-01-24 23:41:30","82","58","7","17"
"10858321","21043","1428","275","2024-01-26 06:35:05","145","71","50","24"
"10867454","37691","1426","701","2024-01-30 22:59:20","200","63","64","73"
"10871073","52255","1425","260","2024-01-22 13:13:54","62","30","4","28"
"10871900","17342","1425","50","2024-01-26 22:22:24","86","24","14","48"
"10885684","33404","1422","172","2024-01-31 12:02:57","86","70","5","11"
"10886420","25285","1422","21","2023-07-31 15:09:59","3","0","3","0"
"10907864","29914","1417","49","2023-07-24 20:25:18","18","5","13","0"
"10908375","37004","1417","5","2023-12-07 17:26:34","18","0","0","18"
"10944219","11049","1409","13","2024-01-23 10:40:45","76","12","48","16"
"10971581","19110","1404","125","2024-01-25 02:17:15","200","30","71","99"
"10982972","11039","1401","55","2023-10-23 12:58:07","1","0","0","1"
"10987432","10855","1401","73","2023-08-02 00:24:03","11","2","8","1"
"10990737","15017","1400","120","2024-01-09 20:21:35","17","10","0","7"
"11025476","25301","1393","11","","0","0","0","0"
"11032044","13936","1391","20","2023-03-08 06:22:56","1","1","0","0"
"11078857","12799","1381","60","2024-01-28 10:52:13","87","29","15","43"
"11082165","15024","1380","25","2024-01-24 15:04:03","199","49","31","119"
"11107541","61698","1376","123","2024-01-31 23:17:50","1557","599","383","575"
"11127383","10942","1372","48","2024-01-29 10:15:44","49","13","15","21"
"11129751","13095","1371","32","2023-10-04 14:24:00","17","6","10","1"
"11138259","23554","1370","29","2024-01-19 18:23:32","70","56","7","7"
"11147346","13138","1367","21","2024-01-31 06:16:26","98","10","2","86"
"11148139","14388","1367","34","","0","0","0","0"
"11154841","10040","1366","111","2024-01-29 22:50:59","35","1","9","25"
"11162165","47078","1365","44","","0","0","0","0"
"11178549","46698","1361","357","2024-01-25 14:46:56","218","85","33","100"
"11212074","13894","1355","44","2023-07-20 02:08:35","15","11","4","0"
"11225291","27502","1352","23","","0","0","0","0"
"11246056","13710","1348","363","2023-12-23 16:21:05","114","56","44","14"
"11280830","11027","1341","90","2023-03-20 04:56:56","3","3","0","0"
"11294831","13383","1339","152","2024-01-28 09:22:05","69","12","14","43"
"11329890","18712","1332","117","2023-11-20 21:35:30","3","1","0","2"
"11344502","20856","1329","60","2023-12-19 06:58:15","14","6","5","3"
"11355066","11265","1327","9","2023-11-25 22:48:24","3","0","2","1"
"11355303","12393","1327","163","2023-05-31 06:26:58","1","0","1","0"
"11359076","10277","1326","10","2023-12-15 16:26:15","2","0","1","1"
"11372593","76798","1323","467","2024-01-30 21:18:32","223","71","45","107"
"11374827","39153","1323","159","2024-01-09 11:21:13","21","10","3","8"
"11392290","44468","1319","1233","2024-01-27 19:30:08","360","207","92","61"
"11398810","37290","1317","256","2024-01-30 03:19:27","111","51","0","60"
"11407695","10497","1316","17","","0","0","0","0"
"11450820","13944","1306","304","","0","0","0","0"
"11452511","12811","1306","207","2023-06-11 16:38:53","4","0","4","0"
"11490347","13097","1297","121","2024-01-31 03:01:55","44","21","11","12"
"11527076","17363","1290","82","2024-01-14 14:24:31","89","20","19","50"
"11551468","15513","1286","70","2023-07-25 11:25:55","1","0","1","0"
"11564487","27100","1283","854","2024-01-31 15:33:52","293","81","100","112"
"11599789","26924","1275","110","","0","0","0","0"
"11610186","13482","1273","11","","0","0","0","0"
"11613622","13672","1272","25","2024-01-24 11:44:28","15","4","5","6"
"11619647","21252","1271","181","2024-01-27 19:41:55","53","18","16","19"
"11638718","47724","1267","306","2024-01-23 09:06:30","158","42","38","78"
"11644308","13783","1266","105","2023-12-07 15:01:17","50","21","21","8"
"11711316","12045","1251","5","","0","0","0","0"
"11717458","17966","1250","13","2023-08-16 14:17:32","33","7","25","1"
"11732320","10093","1971","149","2024-01-15 04:55:15","64","26","5","33"
"11748454","16789","1243","156","2024-01-31 12:25:14","86","24","27","35"
"11810933","22098","1229","150","2024-01-25 22:47:27","21","5","6","10"
"11810946","18907","1229","143","2024-01-23 07:09:30","71","9","21","41"
"11841571","13651","1223","26","2023-07-31 11:47:46","76","55","21","0"
"11850033","11066","1220","176","","0","0","0","0"
"11865956","13299","1218","914","2023-11-03 05:48:24","25","8","9","8"
"11872246","15304","1216","6","2023-11-28 18:24:11","1","0","0","1"
"11884237","31018","1213","95","2024-01-31 11:29:01","2","0","1","1"
"11887902","17853","1212","737","2023-09-26 13:18:20","68","51","15","2"
"11897007","18427","1211","190","2023-07-09 10:50:43","21","3","18","0"
"11908502","10575","1209","18","2024-01-16 16:01:44","11","1","0","10"
"11923999","52616","1205","154","2024-01-24 15:39:04","140","49","30","61"
"11936135","13124","1202","243","2024-01-30 08:25:03","118","48","25","45"
"11942268","14491","1200","52","2023-12-07 12:22:42","46","18","17","11"
"11956107","16539","1197","88","2024-01-05 07:15:42","51","23","10","18"
"11969817","39193","1194","556","2024-01-28 04:02:37","334","119","64","151"
"11987538","29775","1190","196","2024-01-03 13:07:43","4","1","2","1"
"11989189","23530","1190","512","2024-01-29 13:40:12","70","30","24","16"
"12002570","50962","1187","1028","2024-01-28 18:05:47","206","64","37","105"
"12010984","11080","1185","23","2024-01-23 21:29:56","4","0","3","1"
"12046409","81670","1177","430","2024-01-30 15:55:26","131","77","6","48"
"12098405","14753","1166","29","2024-01-25 02:50:52","10","5","3","2"
"12101554","13480","1165","240","2023-12-25 02:15:34","109","74","29","6"
"12109788","18868","1164","221","2024-01-31 19:20:10","335","100","73","162"
"12115778","10336","1163","17","2024-01-04 22:31:57","32","0","0","32"
"12149471","27818","1156","349","2024-01-31 01:57:22","120","66","47","7"
"12158757","106422","1154","675","2024-01-31 22:40:19","693","119","186","388"
"12188861","11998","1148","28","2023-10-25 13:48:19","6","0","2","4"
"12257134","10085","1135","6","2023-03-23 18:55:25","7","7","0","0"
"12258459","47196","1135","89","2023-08-29 03:01:06","7","6","0","1"
"12269857","15678","1133","5","","0","0","0","0"
"12299000","51791","1127","92","2023-08-13 15:05:32","30","25","2","3"
"12299030","262871","1127","845","","0","0","0","0"
"12342238","39661","1118","571","2024-01-31 15:14:43","478","143","111","224"
"12349734","20774","1116","129","2024-01-31 16:17:36","146","2","18","126"
"12354911","10848","1115","63","2024-01-31 08:07:31","42","15","6","21"
"12361700","13169","1114","49","2023-04-25 10:19:13","2","2","0","0"
"12416453","20751","1104","51","2023-10-11 03:55:47","4","1","1","2"
"12475483","12756","1093","71","","0","0","0","0"
"12480730","17176","1092","67","2024-01-31 10:00:23","17","4","2","11"
"12483095","29915","1091","36","2023-09-13 05:45:18","6","0","2","4"
"12492890","15645","1090","498","2023-09-24 14:20:01","165","30","121","14"
"12500315","178836","1088","1965","2024-01-31 20:50:16","1011","262","208","541"
"12505251","17063","1087","105","2023-10-07 18:45:48","16","14","0","2"
"12545041","23339","1080","246","2024-01-31 13:44:10","200","48","26","126"
"12550965","10675","1079","206","2023-11-28 13:30:40","17","9","7","1"
"12567365","22712","1077","155","2023-06-20 21:39:01","75","53","22","0"
"12634230","12273","1065","182","2024-01-31 22:01:08","250","34","64","152"
"12637193","10972","1064","129","2024-01-31 18:08:47","186","61","21","104"
"12647315","10495","1062","48","2023-10-16 09:28:21","30","10","6","14"
"12671057","28163","1058","365","2024-01-30 20:18:40","297","138","45","114"
"12685768","11579","1056","143","2024-01-19 05:42:53","76","44","14","18"
"12704593","17337","1052","182","2023-12-12 13:21:29","210","90","24","96"
"12738750","31167","1047","172","2024-01-30 16:43:32","221","63","55","103"
"12750353","14764","1045","235","2024-01-07 09:13:28","18","5","4","9"
"12756381","11332","1044","186","2024-01-26 00:12:30","40","24","3","13"
"12763954","20110","1043","66","2024-01-27 17:50:32","67","9","10","48"
"12806961","19049","1036","71","2024-01-23 18:37:10","113","30","22","61"
"12816049","12063","1035","67","2024-01-12 16:39:54","16","5","1","10"
"12833166","71857","1031","480","2024-01-29 04:56:14","375","163","58","154"
"12848411","16183","1029","554","2023-11-21 14:57:24","10","9","0","1"
"12894626","13649","1021","17","2023-10-04 16:40:12","9","7","1","1"
"12914833","11080","1017","351","2024-01-23 03:56:12","81","44","13","24"
"12939557","53520","1013","675","2024-01-25 19:32:10","127","56","21","50"
"12957340","26753","1009","301","2024-01-31 10:22:27","220","69","80","71"
"12993861","131636","1003","1157","2024-01-30 16:23:19","1222","409","228","585"
"13014172","10565","1000","103","2023-09-18 11:22:37","46","30","0","16"
"13045193","22477","994","270","2024-01-12 10:01:23","101","35","22","44"
"13061224","10247","991","11","2024-01-31 20:08:05","332","132","78","122"
"13065781","32787","990","348","2024-01-31 09:35:42","482","178","99","205"
"13086128","31124","986","118","2024-01-31 18:25:34","430","101","121","208"
"13095326","25182","985","24","2023-11-02 14:52:42","3","0","0","3"
"13107804","35728","982","457","2024-01-07 02:40:39","146","52","43","51"
"13112018","13714","982","41","2023-11-19 17:06:40","13","3","3","7"
"13126651","12006","979","81","2023-12-13 04:36:04","40","28","8","4"
"13130697","51310","979","763","2023-06-20 19:24:20","39","37","2","0"
"13131047","15887","979","32","2024-01-31 20:58:23","38","5","23","10"
"13138364","42322","977","158","2023-10-20 00:47:05","24","23","0","1"
"13175138","11135","974","17","2023-11-13 19:34:56","1","0","0","1"
"13211263","13347","971","428","2024-01-14 15:28:39","100","63","25","12"
"13250142","17351","967","14","2023-10-13 15:54:24","7","5","1","1"
"13268855","23778","965","227","2024-01-30 09:53:18","114","42","20","52"
"13279831","19660","964","183","","0","0","0","0"
"13308991","10637","960","120","2023-02-19 13:07:29","1","1","0","0"
"13321647","80274","959","1499","2024-01-22 17:45:19","739","349","191","199"
"13333279","21493","958","183","2024-01-17 17:04:53","98","19","14","65"
"13350652","11402","956","244","2024-01-24 15:26:17","118","48","21","49"
"13376511","11170","953","228","2023-10-02 22:47:06","166","104","54","8"
"13382000","15129","952","70","2023-11-27 14:23:22","7","3","1","3"
"13431819","26150","945","109","2023-10-12 11:40:12","221","197","20","4"
"13434871","13032","945","159","2024-01-30 08:58:09","81","14","21","46"
"13460602","53061","941","1120","2024-01-31 09:17:55","438","217","101","120"
"13464279","15317","940","124","2024-01-29 02:26:06","41","24","5","12"
"13464420","37073","940","249","2024-01-31 07:54:31","191","1","0","190"
"13473525","10492","939","6","2023-12-06 09:15:17","3","1","0","2"
"13513328","41662","934","269","2024-01-11 07:29:54","14","4","0","10"
"13525512","12861","932","236","2024-01-04 17:32:21","203","119","30","54"
"13552470","27776","928","127","","0","0","0","0"
"13558035","12440","927","47","2023-02-01 15:08:46","1","1","0","0"
"13573444","15226","925","9","2023-06-23 13:17:58","2","1","1","0"
"13583510","10365","924","170","2023-12-17 15:16:09","117","60","33","24"
"13593736","18457","922","374","","0","0","0","0"
"13596037","13199","922","11","2023-02-28 23:32:20","1","1","0","0"
"13598222","19958","922","519","2023-06-07 21:52:41","110","63","47","0"
"13762301","13055","896","183","2023-11-01 12:47:40","37","20","12","5"
"13782669","33507","893","9","2023-09-10 21:06:40","2","1","0","1"
"13808319","12573","889","107","2024-01-12 16:03:53","53","8","24","21"
"13809001","10343","889","258","2023-05-19 16:23:21","51","47","4","0"
"13897065","11325","874","42","","0","0","0","0"
"13899957","18017","874","45","2023-09-04 21:33:48","2","1","0","1"
"13942448","53601","867","109","2024-01-27 10:38:49","36","11","13","12"
"13944524","17156","867","277","2024-01-30 13:41:25","108","36","10","62"
"13963086","12715","863","92","2024-01-29 21:26:54","82","1","25","56"
"13997210","15339","857","348","2023-12-11 05:53:23","19","4","8","7"
"14072420","13327","844","265","2024-01-31 14:15:18","139","40","41","58"
"14072498","11602","844","24","2023-10-22 11:24:11","27","13","8","6"
"14251221","32565","811","111","2023-12-27 21:05:22","8","2","0","6"
"14265469","14642","809","323","2024-01-22 16:07:51","59","14","21","24"
"14278448","13867","806","128","2024-01-31 01:40:35","48","19","8","21"
"14282714","43167","806","1186","2024-01-31 12:03:33","315","203","58","54"
"14305076","14853","802","76","2024-01-24 13:46:59","7","5","0","2"
"14311263","11434","801","252","2023-09-26 13:31:45","114","77","35","2"
"14314520","22078","800","123","2023-07-29 23:13:10","7","6","1","0"
"14349808","13188","794","24","2023-10-05 18:26:20","10","4","5","1"
"14351818","31736","793","25","2023-10-18 17:54:17","5","3","1","1"
"14389830","20923","787","292","2024-01-18 16:44:54","20","14","2","4"
"14460824","25367","775","840","2024-01-30 19:35:04","238","116","31","91"
"14475852","11835","772","118","2023-05-02 06:00:45","7","5","2","0"
"14487032","16392","771","62","2024-01-13 08:18:14","7","2","1","4"
"14574199","16808","756","246","2024-01-31 08:12:51","236","64","41","131"
"14624409","16467","748","210","2023-12-09 17:26:41","35","19","9","7"
"14697693","15318","736","132","2024-01-30 03:38:29","195","0","0","195"
"14704799","15849","735","413","2024-01-20 08:42:32","27","8","11","8"
"14726230","10069","732","160","2024-01-30 16:30:42","85","53","22","10"
"14732669","15635","730","252","2024-01-31 23:03:32","183","100","10","73"
"14733292","19482","730","38","","0","0","0","0"
"14807111","17872","719","677","2024-01-27 13:04:20","26","22","1","3"
"14868997","80847","708","1050","2024-01-31 10:59:53","844","203","317","324"
"14969281","10006","691","325","2023-07-20 13:32:11","1","0","1","0"
"14991864","22410","687","31","2024-01-30 14:38:22","9","1","1","7"
"15015675","19778","684","312","2024-01-21 22:49:13","208","62","67","79"
"15019380","15422","683","694","","0","0","0","0"
"15049264","12645","678","109","","0","0","0","0"
"15207568","11476","654","91","2024-01-29 13:16:43","39","16","6","17"
"15239951","121494","649","2042","2024-01-31 21:24:28","1588","839","368","381"
"15261315","38284","646","844","2024-01-31 19:23:40","541","138","160","243"
"15273968","18504","644","180","2024-01-27 03:09:51","35","0","1","34"
"15288641","47685","642","608","2024-01-07 14:05:49","234","88","67","79"
"15293191","17044","642","699","2023-08-21 15:39:56","3","0","0","3"
"15332650","32755","636","796","2024-01-31 16:48:24","261","76","90","95"
"15339544","67194","635","875","2024-01-30 21:46:28","589","207","145","237"
"15497888","35851","612","42","2023-12-15 01:04:38","3","0","0","3"
"15602349","12464","598","133","2023-10-04 15:17:50","38","9","25","4"
"15649230","23173","594","264","2024-01-28 19:06:46","165","69","3","93"
"15969299","11671","560","166","","0","0","0","0"
"15997509","11363","557","438","2023-07-10 12:41:38","150","93","57","0"
"16002199","15459","557","50","2023-12-18 08:59:35","22","13","1","8"
"16118686","11294","751","134","","0","0","0","0"
"16120011","38315","545","379","2024-01-30 13:20:28","1091","324","348","419"
"16343464","267603","519","5829","2024-01-31 15:53:01","3028","1090","689","1249"
"16372109","11397","515","437","2024-01-31 14:44:16","69","31","26","12"
"16404872","10117","510","403","2023-08-25 11:03:30","131","62","61","8"
"16462950","18340","502","396","2024-01-20 13:10:09","161","95","18","48"
"16466946","10295","501","30","2024-01-29 18:41:15","162","55","60","47"
"16496357","10979","497","531","2023-04-13 14:13:01","31","31","0","0"
"16572295","17690","486","185","","0","0","0","0"
"16578424","13513","485","310","2024-01-26 10:23:33","192","17","49","126"
"16647496","19572","475","411","2024-01-31 05:59:51","219","94","80","45"
"16649550","14250","475","208","2024-01-29 17:08:26","224","23","66","135"
"16729175","15163","464","237","2023-07-12 06:00:09","20","15","5","0"
"16733101","10047","464","261","2023-11-26 09:19:44","44","39","3","2"
"16759116","10903","461","14","2023-10-31 14:54:57","1","0","0","1"
"16853114","10795","449","404","2023-05-13 18:26:19","2","1","1","0"
"16930239","10161","440","162","2024-01-30 14:50:14","63","0","3","60"
"16997707","21225","432","879","2023-06-07 09:06:56","38","33","5","0"
"17167312","15600","410","155","2024-01-28 19:37:08","132","29","33","70"
"17169037","17990","410","945","2023-08-08 11:39:53","16","0","15","1"
"17303805","17785","394","330","2024-01-25 21:31:39","185","155","20","10"
"17438579","10203","378","318","2023-10-13 03:15:54","180","70","65","45"
"17455524","15442","376","278","2024-01-31 02:01:54","340","105","83","152"
"17580381","29215","362","1234","2024-01-31 08:50:29","705","172","234","299"
"17623802","11977","357","162","2024-01-31 11:28:52","403","97","108","198"
"17732522","78449","344","830","2024-01-28 00:53:48","467","171","93","203"
"17769815","19410","338","813","2024-01-02 03:16:20","16","4","2","10"
"17829451","17461","330","691","2024-01-01 03:10:08","228","123","62","43"
"17865804","39369","327","326","2024-01-31 09:51:23","81","26","23","32"
"17887301","14178","324","110","2024-01-31 22:07:59","268","59","54","155"
"17896776","12603","324","317","2024-01-29 19:01:37","50","5","27","18"
"17949945","29359","318","998","","0","0","0","0"
"18043665","23810","307","260","2024-01-31 07:24:48","367","93","86","188"
"18177989","12551","292","295","2024-01-31 07:47:10","362","98","98","166"
"18229928","17833","286","216","2024-01-31 11:28:58","363","99","95","169"
"18244921","26857","285","769","2024-01-10 15:02:46","219","169","7","43"
"18345037","31560","274","322","2024-01-30 08:40:40","478","165","84","229"
"18359438","10287","272","454","2024-01-30 01:44:48","318","112","74","132"
"18470692","15304","260","385","2024-01-29 07:24:38","68","16","26","26"
"18482310","16103","259","513","2024-01-31 08:41:28","166","68","41","57"
"18519921","37789","255","281","2024-01-30 19:10:37","108","43","19","46"
"18836744","11863","227","182","2024-01-31 07:42:04","393","96","100","197"
"19039920","12309","209","307","2023-06-28 04:49:13","181","157","24","0"
"19123103","26519","199","238","2024-01-31 05:36:37","505","262","97","146"
"19133920","10638","197","271","2024-01-31 06:30:08","333","68","105","160"
"19144428","11434","196","129","2024-01-30 09:36:55","350","73","94","183"
"19355181","24916","167","11","2024-01-29 13:53:43","416","155","143","118"
"19475185","10508","150","518","2023-12-05 19:49:00","83","22","34","27"
"19655631","27320","123","35","2024-01-31 22:18:31","735","92","288","355"
"19770795","20312","107","217","2024-01-02 19:30:40","186","93","87","6"