UserId,Reputation,AccountAgeDays,PreAnsCount,LastAnswerAfter,PostAnsTotal,Ans_0_3,Ans_3_6,Ans_6_12
"1055","1046","5224","12","2023-12-31 08:32:15","2","0","0","2"
"11958","858","5188","6","","0","0","0","0"
"15209","1635","5187","7","2023-09-15 08:55:54","1","0","0","1"
"16845","1276","5187","8","2023-07-05 23:43:52","2","0","2","0"
"19872","907","5183","7","","0","0","0","0"
"23914","959","5174","8","2023-06-05 06:40:07","3","2","1","0"
"25612","1835","5168","9","2023-02-11 18:01:45","1","1","0","0"
"26843","1360","5164","7","","0","0","0","0"
"26964","712","5164","5","","0","0","0","0"
"27195","1117","5162","5","","0","0","0","0"
"27876","818","5160","5","2023-12-07 16:00:39","1","0","0","1"
"29249","1171","5156","6","2023-09-06 15:03:47","1","0","0","1"
"30581","1763","5152","9","2023-04-09 02:36:27","2","2","0","0"
"31090","1069","5150","7","2023-10-12 09:47:56","1","0","0","1"
"33965","1974","5139","8","2023-03-03 11:55:31","3","3","0","0"
"41347","503","5116","5","2023-09-23 06:24:27","1","0","0","1"
"42230","1286","5112","6","2023-12-21 15:24:01","3","1","0","2"
"42552","1604","5111","6","2023-08-24 16:20:31","3","1","1","1"
"52325","1326","5075","39","2024-01-17 20:11:04","34","12","11","11"
"56682","1965","5063","5","2023-06-13 07:52:25","1","0","1","0"
"57033","1659","5062","6","2023-12-24 10:06:58","11","6","2","3"
"57864","1645","5060","17","2023-03-28 12:13:41","4","4","0","0"
"59867","1365","5054","8","","0","0","0","0"
"63696","1708","5044","41","","0","0","0","0"
"70987","1462","5026","8","2024-01-14 18:05:26","2","0","1","1"
"77200","1302","5011","10","","0","0","0","0"
"79168","1466","5006","6","","0","0","0","0"
"80772","1236","5002","9","2023-03-29 13:18:36","3","3","0","0"
"84901","1531","4992","46","2023-02-19 10:46:51","1","1","0","0"
"93277","1684","4972","5","2023-11-19 17:27:30","1","0","0","1"
"93794","1365","4971","13","2024-01-30 05:38:48","12","9","2","1"
"95014","1979","4969","59","2024-01-25 14:54:17","37","5","7","25"
"95482","619","4968","5","2023-04-10 05:33:53","1","1","0","0"
"95985","909","4967","9","2023-04-01 11:33:00","3","3","0","0"
"99397","1127","4961","6","2023-09-27 14:35:54","6","3","2","1"
"112544","1898","4936","7","2023-05-08 18:52:34","1","0","1","0"
"112687","1556","4936","7","2023-06-02 08:45:07","2","1","1","0"
"112736","1000","4936","5","","0","0","0","0"
"115464","1528","4930","9","2023-09-11 20:07:53","2","0","1","1"
"117430","1287","4927","5","","0","0","0","0"
"119603","1637","4922","5","2023-04-21 01:13:04","2","2","0","0"
"131005","1017","4901","5","2023-09-28 17:06:18","3","0","2","1"
"133912","1742","4895","10","2024-01-17 21:03:30","30","4","7","19"
"145725","1776","4874","13","2024-01-10 05:28:04","7","2","1","4"
"146698","1688","4873","6","","0","0","0","0"
"152221","894","4863","5","2023-11-09 21:54:09","2","1","0","1"
"153271","857","4861","10","2023-09-12 13:49:48","4","2","0","2"
"153463","1844","4860","26","","0","0","0","0"
"155970","1631","5142","7","","0","0","0","0"
"158787","1802","4852","12","2023-04-24 13:34:04","1","1","0","0"
"160419","1288","4850","9","","0","0","0","0"
"163059","972","4845","10","","0","0","0","0"
"167717","1837","4836","5","","0","0","0","0"
"168589","1248","4835","22","","0","0","0","0"
"169914","911","4832","9","2023-12-05 00:57:52","2","1","0","1"
"172525","1957","4827","5","","0","0","0","0"
"172836","1354","4826","5","2023-09-11 00:48:05","7","0","3","4"
"175546","1098","4821","8","2024-01-22 11:30:37","1","0","0","1"
"176539","823","4818","7","2023-10-05 13:43:49","3","1","1","1"
"179037","1841","4814","5","","0","0","0","0"
"183466","1178","4806","8","2024-01-20 23:34:44","4","2","1","1"
"184405","928","4804","24","2023-04-20 07:55:00","3","3","0","0"
"186861","1758","4800","7","","0","0","0","0"
"187421","1383","4800","10","2023-05-18 16:26:42","2","1","1","0"
"192030","1058","4791","5","","0","0","0","0"
"192263","551","4790","5","","0","0","0","0"
"194305","901","4787","5","2023-09-24 00:49:11","2","1","0","1"
"196033","1115","4784","22","","0","0","0","0"
"196871","949","4783","8","","0","0","0","0"
"199400","1399","4779","7","2023-12-18 22:29:00","3","1","1","1"
"203915","1679","4773","5","2023-12-06 12:15:43","3","1","1","1"
"205983","529","4770","7","2024-01-21 13:19:09","19","4","0","15"
"208272","1293","4768","16","2023-07-13 04:21:24","3","1","2","0"
"210623","1835","4765","32","","0","0","0","0"
"213984","1655","4760","5","2023-05-16 08:31:14","1","0","1","0"
"214526","921","4759","7","2024-01-24 18:03:15","2","0","0","2"
"214898","1985","4759","10","2023-02-22 19:28:14","2","2","0","0"
"216695","927","4755","5","2023-11-21 11:28:47","5","2","1","2"
"217125","558","4755","12","2024-01-25 06:54:08","6","2","0","4"
"219649","990","4752","5","2023-09-08 12:04:29","1","0","0","1"
"224622","1102","4744","16","","0","0","0","0"
"225199","1080","4752","8","","0","0","0","0"
"226758","508","4741","6","","0","0","0","0"
"227110","1303","4740","7","2023-04-13 14:03:51","3","3","0","0"
"227606","1941","4739","6","","0","0","0","0"
"227785","1832","4739","33","2023-09-20 15:27:16","21","12","7","2"
"228649","1103","4738","6","2024-01-30 14:25:57","19","7","4","8"
"230062","1187","4736","6","","0","0","0","0"
"232115","549","4733","16","2024-01-28 19:25:12","15","1","3","11"
"234789","775","4730","6","","0","0","0","0"
"234855","1959","5175","7","","0","0","0","0"
"236152","1363","4727","5","2024-01-06 13:03:42","4","2","1","1"
"240342","1660","4719","10","2023-08-25 19:43:08","3","2","0","1"
"240963","952","4718","28","2023-04-11 14:26:11","1","1","0","0"
"243996","629","4712","5","2023-09-12 14:32:25","2","0","0","2"
"246702","1431","4709","7","","0","0","0","0"
"247218","920","4708","5","2023-12-21 19:53:18","5","0","4","1"
"251542","716","4702","12","2024-01-09 20:06:16","6","0","2","4"
"251961","1420","4701","20","2023-12-08 15:52:29","16","11","3","2"
"255613","851","4696","5","2023-07-13 16:09:00","3","1","2","0"
"259405","1876","4691","12","","0","0","0","0"
"261708","826","4688","10","2023-11-22 20:40:06","4","2","1","1"
"262425","1784","4687","8","","0","0","0","0"
"263879","1639","4685","9","2023-12-12 06:24:15","6","2","3","1"
"264694","1701","4684","6","","0","0","0","0"
"264745","1116","4684","6","","0","0","0","0"
"265374","1035","4683","6","2024-01-11 13:26:24","9","4","2","3"
"268764","1027","4678","5","2023-03-09 21:18:15","1","1","0","0"
"268856","1382","4678","5","","0","0","0","0"
"278762","1064","4664","14","2023-11-09 03:41:02","4","0","2","2"
"279798","993","4663","5","2023-04-04 17:25:57","7","7","0","0"
"280724","1135","4662","11","","0","0","0","0"
"281724","1921","4660","6","2023-09-22 09:17:26","3","1","1","1"
"284651","1543","4656","10","2023-10-16 18:51:07","4","2","0","2"
"289206","898","4650","5","","0","0","0","0"
"292792","749","4645","7","","0","0","0","0"
"292975","660","4645","6","2023-11-16 13:15:21","4","1","1","2"
"293083","515","4645","11","","0","0","0","0"
"293918","1778","4643","12","2023-07-25 22:02:14","1","0","1","0"
"295279","625","4641","7","2023-05-27 01:25:05","2","1","1","0"
"297274","782","4639","11","2023-06-23 17:34:26","1","0","1","0"
"298468","1093","4637","5","","0","0","0","0"
"299952","1055","4635","6","","0","0","0","0"
"300978","962","4634","6","2023-05-25 06:03:14","3","1","2","0"
"301252","603","4634","5","","0","0","0","0"
"301474","632","4633","15","","0","0","0","0"
"301740","1290","4633","6","","0","0","0","0"
"301757","1834","4633","16","2023-02-20 20:47:30","1","1","0","0"
"306674","519","4626","5","2023-02-17 20:02:27","1","1","0","0"
"307133","567","4626","5","2023-10-17 19:10:48","1","0","0","1"
"310937","876","4620","5","2023-04-11 06:29:06","1","1","0","0"
"311060","1119","4620","5","2023-03-05 22:38:44","2","2","0","0"
"313964","1365","4616","8","2023-08-15 12:30:17","2","1","0","1"
"314565","1039","4615","9","","0","0","0","0"
"314641","1216","4615","6","2023-11-04 09:11:56","2","0","0","2"
"314780","1321","4615","5","","0","0","0","0"
"316459","737","4613","7","2023-12-11 09:23:00","1","0","0","1"
"317103","1164","4612","6","2023-06-16 01:56:15","1","0","1","0"
"320437","1608","4608","9","2023-11-23 14:19:25","2","0","1","1"
"320646","574","5000","6","2023-10-07 22:48:15","4","2","1","1"
"321492","1636","4607","8","","0","0","0","0"
"321629","1440","4607","5","","0","0","0","0"
"321824","1959","4607","6","2024-01-17 14:30:06","1","0","0","1"
"325617","1223","4601","14","","0","0","0","0"
"328829","1565","4598","5","","0","0","0","0"
"332503","612","4593","5","2023-03-28 05:39:09","4","4","0","0"
"337327","722","4587","5","2023-11-23 13:36:34","2","0","0","2"
"337554","1893","4587","10","2023-07-17 21:48:36","3","0","3","0"
"339070","1280","4585","6","2024-01-03 11:53:36","3","0","1","2"
"339772","758","4585","5","","0","0","0","0"
"343794","1994","4579","74","2023-12-06 18:01:41","6","4","0","2"
"343836","1118","4579","7","2023-06-23 11:34:13","1","0","1","0"
"343900","1289","4579","8","","0","0","0","0"
"344574","627","4579","11","","0","0","0","0"
"345130","944","4578","7","2023-06-06 20:43:31","17","13","4","0"
"345258","1125","4578","6","2024-01-29 14:51:21","7","1","0","6"
"345427","1869","4578","8","2023-07-27 14:17:45","1","0","1","0"
"348185","1766","4574","8","2024-01-13 01:16:33","4","0","0","4"
"350193","1344","4572","5","2023-03-18 07:40:53","1","1","0","0"
"350270","1077","4572","42","","0","0","0","0"
"350334","1070","4572","11","2024-01-02 10:25:12","4","2","0","2"
"351726","1101","4570","5","2023-02-20 18:35:34","1","1","0","0"
"352690","1533","4569","6","","0","0","0","0"
"354420","1534","4566","5","2023-11-24 15:05:33","3","2","0","1"
"354876","1490","4566","11","2023-09-13 05:23:02","6","2","1","3"
"356239","1637","4564","8","2023-03-09 20:51:37","2","2","0","0"
"357033","1402","4563","12","2024-01-08 19:10:32","2","0","0","2"
"358574","1992","4562","10","2023-04-17 15:07:26","1","1","0","0"
"361687","1444","4558","6","2023-10-07 20:00:07","1","0","0","1"
"366486","1196","4552","5","2023-08-29 16:21:25","1","0","0","1"
"369143","1550","4549","5","2023-07-19 07:58:48","1","0","1","0"
"370213","1291","4548","5","","0","0","0","0"
"374236","724","4543","5","2023-10-15 13:48:17","1","0","0","1"
"374642","764","4543","45","","0","0","0","0"
"375363","1157","4542","14","2023-10-27 22:44:20","4","2","0","2"
"376904","784","4540","6","","0","0","0","0"
"379989","821","4536","7","2023-09-29 09:48:16","1","0","0","1"
"381031","988","4535","10","2023-08-15 12:40:24","2","1","0","1"
"381807","882","4534","6","","0","0","0","0"
"382655","1624","4533","9","2023-03-07 21:13:17","1","1","0","0"
"383423","1331","4531","44","2023-12-11 11:11:08","21","8","8","5"
"384857","1740","4530","8","","0","0","0","0"
"386540","782","4528","15","","0","0","0","0"
"387198","618","4528","6","2023-11-29 21:11:11","1","0","0","1"
"388317","1468","4619","7","2023-04-16 08:56:43","2","2","0","0"
"390600","681","4523","10","","0","0","0","0"
"391760","592","4738","5","2023-12-07 13:54:07","2","0","1","1"
"392061","698","4522","5","2023-07-23 22:09:13","2","0","2","0"
"392401","760","4521","7","","0","0","0","0"
"392895","1763","4521","7","2023-09-18 22:58:01","2","1","0","1"
"399551","1915","4514","13","2023-09-01 16:23:08","2","0","1","1"
"399940","1287","4513","5","2023-04-13 18:59:21","2","2","0","0"
"400612","729","4513","6","","0","0","0","0"
"402723","1036","4510","18","2024-01-18 13:09:38","8","6","0","2"
"403911","1229","4509","5","","0","0","0","0"
"404459","1905","4508","6","2024-01-24 18:43:02","4","0","0","4"
"410333","1679","4501","5","","0","0","0","0"
"410939","1699","4501","16","2024-01-19 10:20:19","12","3","6","3"
"411077","1226","4501","25","","0","0","0","0"
"411611","1751","4500","5","2023-07-03 07:01:43","2","1","1","0"
"411806","1065","4500","22","","0","0","0","0"
"412954","1640","4499","6","2023-05-13 00:49:58","1","0","1","0"
"412965","1580","4499","7","","0","0","0","0"
"418145","1539","4493","7","2023-10-17 11:20:12","9","1","3","5"
"420848","678","4490","18","","0","0","0","0"
"421243","608","4490","5","2023-11-30 23:38:19","5","0","1","4"
"423890","738","4487","6","","0","0","0","0"
"426832","1895","4485","7","2023-08-26 23:56:14","3","2","0","1"
"426858","809","4484","10","","0","0","0","0"
"427925","1376","4483","7","","0","0","0","0"
"428780","1173","4482","7","2023-10-17 10:04:36","2","0","1","1"
"429853","1082","4481","22","","0","0","0","0"
"430847","628","4480","6","","0","0","0","0"
"431502","1678","4479","6","","0","0","0","0"
"432074","1769","4479","11","2024-01-31 10:53:26","16","0","5","11"
"433714","1117","4477","9","2024-01-15 13:24:07","3","0","0","3"
"434361","978","4758","5","2023-02-02 08:40:48","1","1","0","0"
"440791","1367","4468","6","2023-04-11 14:05:49","2","2","0","0"
"443425","1473","4465","5","","0","0","0","0"
"447137","1316","4460","6","","0","0","0","0"
"447237","1116","4460","76","","0","0","0","0"
"448979","736","4459","14","2023-02-24 13:32:06","22","22","0","0"
"449392","643","4458","15","","0","0","0","0"
"449460","671","4458","5","2023-03-06 16:37:29","1","1","0","0"
"450243","1784","4493","8","2023-03-03 17:29:49","1","1","0","0"
"453238","1547","4454","11","","0","0","0","0"
"456692","690","4451","8","","0","0","0","0"
"458561","1526","4448","14","2023-08-01 14:47:26","2","1","0","1"
"463064","1314","4444","12","","0","0","0","0"
"464152","773","4443","5","","0","0","0","0"
"464252","1463","4443","7","","0","0","0","0"
"464431","1940","4442","5","2023-03-11 21:20:44","3","3","0","0"
"465342","1344","4441","6","2023-03-19 04:15:07","1","1","0","0"
"465732","539","4440","10","","0","0","0","0"
"468116","1857","4438","5","2024-01-09 18:08:30","2","0","0","2"
"469322","1658","4437","5","","0","0","0","0"
"470477","1866","4436","7","2023-11-03 19:18:13","10","2","2","6"
"470530","1004","4436","11","2023-11-29 05:42:43","8","0","0","8"
"472566","702","4433","12","","0","0","0","0"
"473471","725","4432","8","","0","0","0","0"
"476345","1396","4430","6","","0","0","0","0"
"482036","1528","4424","11","2023-08-30 08:10:57","4","0","3","1"
"482800","803","4423","5","","0","0","0","0"
"482901","1642","4423","86","2023-05-03 08:47:21","2","1","1","0"
"485218","1052","4421","18","","0","0","0","0"
"489090","1431","4417","5","2023-12-09 04:49:08","3","0","1","2"
"492298","1001","4414","9","","0","0","0","0"
"493272","1433","4412","5","","0","0","0","0"
"493978","744","4412","7","","0","0","0","0"
"498190","1738","4408","6","","0","0","0","0"
"498889","1057","4408","5","","0","0","0","0"
"499915","500","4406","8","2023-07-03 13:43:37","3","1","2","0"
"500182","1473","4406","10","","0","0","0","0"
"502999","1274","4403","29","2023-09-12 06:30:45","1","0","0","1"
"503025","1983","4403","6","2023-11-21 10:00:56","2","0","0","2"
"504807","1422","4402","7","2023-06-26 07:26:54","1","0","1","0"
"506128","1212","4401","18","2023-12-21 12:11:20","1","0","0","1"
"510087","578","4397","5","","0","0","0","0"
"511233","609","4396","21","2023-06-15 12:23:20","3","1","2","0"
"512686","1683","4395","5","","0","0","0","0"
"521752","1540","4387","6","","0","0","0","0"
"524355","1443","4384","7","2023-07-28 17:54:49","6","3","3","0"
"530728","985","4379","13","2023-12-01 17:50:40","1","0","0","1"
"534182","1243","4376","6","2023-06-20 05:21:18","3","2","1","0"
"534662","517","4375","5","","0","0","0","0"
"537107","1051","4374","5","2023-06-29 21:39:56","2","0","2","0"
"539251","1545","4371","5","2023-03-03 22:55:28","1","1","0","0"
"540756","1738","4862","14","","0","0","0","0"
"542244","1560","4369","8","","0","0","0","0"
"542564","1542","4369","5","2023-12-29 10:44:28","4","1","0","3"
"549051","1064","4363","5","2024-01-15 09:49:31","2","0","0","2"
"550464","713","4362","5","2023-05-18 08:39:10","1","0","1","0"
"551261","1288","4361","5","2023-07-21 20:39:07","4","3","1","0"
"551744","932","4361","7","2023-08-02 10:51:55","2","1","0","1"
"556078","923","4355","6","2024-01-30 18:51:59","9","1","4","4"
"557270","682","4354","5","","0","0","0","0"
"557736","769","4354","7","","0","0","0","0"
"558120","721","4353","8","2024-01-16 07:14:44","3","2","0","1"
"559347","1670","4352","5","2023-10-19 17:01:11","2","1","0","1"
"560476","679","4350","6","","0","0","0","0"
"560808","673","4349","6","","0","0","0","0"
"562359","841","4348","14","","0","0","0","0"
"563353","1956","4347","5","2023-03-14 01:10:26","1","1","0","0"
"565633","1390","4346","6","","0","0","0","0"
"567465","1191","4345","7","2023-07-31 18:47:37","3","2","1","0"
"570220","1388","4342","47","","0","0","0","0"
"571220","528","4341","10","2023-07-03 12:53:29","3","0","3","0"
"572981","769","4340","6","","0","0","0","0"
"579749","1334","4334","12","","0","0","0","0"
"581285","530","4333","6","2023-04-13 14:45:03","3","3","0","0"
"581511","543","4333","6","2023-07-04 21:15:31","1","0","1","0"
"583616","1370","4332","6","","0","0","0","0"
"586192","817","4329","7","","0","0","0","0"
"586256","648","4329","8","","0","0","0","0"
"593045","690","4325","6","2023-05-05 19:53:46","2","1","1","0"
"594006","1464","4324","7","2023-07-03 10:21:10","3","1","2","0"
"594437","519","4324","5","","0","0","0","0"
"595266","1237","4323","7","","0","0","0","0"
"595553","753","4322","5","2023-04-26 04:53:15","1","1","0","0"
"597189","610","4321","5","2024-01-29 09:08:22","4","0","2","2"
"598513","1982","4320","9","2023-05-17 14:06:08","1","0","1","0"
"599535","1337","4319","8","","0","0","0","0"
"603828","1568","4317","7","","0","0","0","0"
"604656","608","4316","5","2023-08-21 07:29:33","2","0","0","2"
"605850","1405","4314","32","2023-09-30 20:17:43","15","0","8","7"
"607230","1422","4314","12","","0","0","0","0"
"607567","1242","4313","18","","0","0","0","0"
"608397","1326","4313","19","2024-01-30 05:05:20","4","0","1","3"
"611563","839","4311","5","2024-01-07 12:36:40","7","3","2","2"
"612163","1039","4311","24","","0","0","0","0"
"615104","1389","4308","12","2023-04-11 07:06:33","2","2","0","0"
"615119","817","4308","10","2023-11-27 00:13:49","1","0","0","1"
"615987","1395","4307","5","2024-01-24 10:02:16","8","4","3","1"
"620140","1038","4305","7","","0","0","0","0"
"622049","1644","4304","5","2023-03-15 14:57:44","2","2","0","0"
"622122","1483","4304","6","2023-10-18 19:54:05","1","0","0","1"
"623048","1810","4303","5","2024-01-31 13:17:50","5","1","0","4"
"623541","1101","4303","6","2023-06-19 14:50:25","2","0","2","0"
"624533","980","4302","5","2023-12-15 02:27:26","6","2","2","2"
"626664","1559","4300","6","","0","0","0","0"
"626921","1537","4300","5","2023-07-28 13:16:10","1","0","1","0"
"627794","1670","4687","7","","0","0","0","0"
"628887","589","4299","5","2024-01-17 19:54:47","5","1","2","2"
"630530","1720","4298","7","2023-08-27 08:51:33","3","1","1","1"
"632199","1325","4297","7","2024-01-07 13:52:47","3","2","0","1"
"633925","842","4296","24","","0","0","0","0"
"639739","1123","4292","6","2023-08-17 13:58:45","1","0","0","1"
"640180","1601","4292","24","2023-06-21 06:20:10","6","5","1","0"
"641755","1599","4291","8","","0","0","0","0"
"644186","1684","4289","13","","0","0","0","0"
"644204","1679","4289","6","2023-06-16 23:03:25","1","0","1","0"
"645431","1982","4289","5","2023-08-14 20:36:24","1","0","0","1"
"645638","690","4288","5","2023-12-07 01:36:26","1","0","0","1"
"647151","1477","4287","5","2023-12-07 19:17:42","3","0","1","2"
"654471","1465","4283","6","2023-04-10 22:40:24","1","1","0","0"
"655472","1037","4794","5","2023-07-31 16:17:38","1","0","1","0"
"656397","893","4281","6","","0","0","0","0"
"656708","882","4281","6","","0","0","0","0"
"659156","521","4279","6","","0","0","0","0"
"659818","679","4278","5","","0","0","0","0"
"662629","1704","4277","11","2023-05-07 07:58:31","2","1","1","0"
"663853","1926","4276","8","2023-09-20 13:39:02","4","2","1","1"
"664990","779","4276","7","","0","0","0","0"
"666583","1927","4275","12","2023-07-24 18:35:05","1","0","1","0"
"668572","1721","4273","13","2023-02-03 12:20:22","1","1","0","0"
"669210","1406","4272","29","2023-10-03 19:50:17","1","0","0","1"
"669518","1853","4272","11","2023-10-26 08:45:14","6","3","2","1"
"669647","1210","4272","5","","0","0","0","0"
"673217","1190","4270","7","","0","0","0","0"
"673707","613","4270","8","","0","0","0","0"
"676883","1339","4268","6","2023-12-05 11:27:35","2","1","0","1"
"677210","1315","4268","7","","0","0","0","0"
"678611","663","4266","5","2023-02-14 11:30:05","1","1","0","0"
"685046","605","4262","8","2023-04-13 14:55:46","1","1","0","0"
"686023","1843","4262","5","2023-06-29 07:24:25","4","2","2","0"
"688926","632","4260","5","","0","0","0","0"
"689242","1541","4267","6","2023-11-29 23:21:30","3","0","1","2"
"694457","712","4256","5","2023-04-08 10:13:43","1","1","0","0"
"694740","1619","4256","8","2023-08-25 07:23:17","4","1","2","1"
"695824","946","4255","31","2023-09-22 02:19:27","3","2","0","1"
"696037","1445","4255","9","","0","0","0","0"
"697213","1486","4255","9","2023-03-12 12:02:11","1","1","0","0"
"697363","1766","4255","8","","0","0","0","0"
"697576","827","4255","5","","0","0","0","0"
"697964","588","4254","9","2023-12-03 01:18:47","8","1","1","6"
"699971","1268","4253","17","2023-04-01 15:21:31","4","4","0","0"
"700771","807","4252","5","","0","0","0","0"
"709975","1473","4247","23","","0","0","0","0"
"710817","1657","4246","5","","0","0","0","0"
"714905","799","4243","6","","0","0","0","0"
"714974","692","4243","7","2023-10-30 13:14:58","2","0","1","1"
"719809","917","4241","31","2023-11-12 23:41:07","15","5","7","3"
"721600","1962","4239","6","2023-03-03 13:04:33","7","7","0","0"
"721611","1556","4239","5","2023-03-16 16:41:58","1","1","0","0"
"722087","528","4239","7","","0","0","0","0"
"724314","1984","4237","5","","0","0","0","0"
"724816","1227","4236","8","2024-01-28 06:40:54","18","7","5","6"
"725126","689","4236","21","","0","0","0","0"
"725596","1560","4236","5","","0","0","0","0"
"731938","912","4232","5","","0","0","0","0"
"734134","1102","4230","9","","0","0","0","0"
"735398","1185","4229","18","2023-07-31 23:05:58","5","0","5","0"
"736922","675","4229","7","","0","0","0","0"
"738895","1455","4228","9","2023-04-07 17:09:16","1","1","0","0"
"741318","1135","4226","5","2023-04-04 14:36:13","2","2","0","0"
"741711","1089","4226","6","2023-05-03 21:23:21","1","0","1","0"
"742192","1005","4226","10","2023-12-14 07:45:29","4","0","1","3"
"742609","1492","4225","18","2024-01-30 01:52:56","14","7","6","1"
"742648","1900","4225","5","","0","0","0","0"
"748891","1820","4221","5","","0","0","0","0"
"753998","990","4218","5","","0","0","0","0"
"754798","915","4217","12","2023-05-23 07:02:48","1","0","1","0"
"756626","923","4215","13","2024-01-31 01:54:57","6","2","1","3"
"757201","1484","4215","13","2023-09-05 18:50:34","5","2","1","2"
"761265","563","4213","11","","0","0","0","0"
"763875","546","4211","5","","0","0","0","0"
"764312","1785","4211","5","2023-04-13 20:44:21","4","4","0","0"
"764576","771","4210","9","2024-01-16 21:46:11","15","3","5","7"
"766684","1408","4209","27","2024-01-20 17:47:17","3","0","0","3"
"766955","1529","4208","5","","0","0","0","0"
"768619","1164","4208","47","2023-11-15 19:02:32","1","0","0","1"
"769726","1824","4207","6","","0","0","0","0"
"772984","626","4205","6","","0","0","0","0"
"776988","1707","4201","8","2023-05-20 15:57:26","2","1","1","0"
"777522","1373","4201","5","2023-10-13 15:10:07","2","1","0","1"
"778587","1357","4200","6","2023-08-30 17:52:30","1","0","0","1"
"779084","973","4200","15","2023-08-16 12:39:01","2","1","0","1"
"779574","1094","4200","5","2023-06-21 21:36:43","2","1","1","0"
"783662","1569","4197","7","","0","0","0","0"
"785365","1238","4195","5","","0","0","0","0"
"788448","797","4193","9","2023-03-21 01:35:03","1","1","0","0"
"789096","969","4193","5","","0","0","0","0"
"791600","1635","4192","6","","0","0","0","0"
"795603","593","4188","7","2024-01-09 12:06:18","4","3","0","1"
"795827","874","4188","6","2023-07-26 02:19:58","4","1","3","0"
"797163","564","4187","9","","0","0","0","0"
"799346","606","4186","15","","0","0","0","0"
"799936","1994","4186","7","2023-11-30 23:13:11","4","0","0","4"
"801899","746","4185","19","2023-12-25 11:43:51","14","5","5","4"
"802494","978","4184","9","","0","0","0","0"
"803978","979","4184","10","2023-03-24 16:19:08","1","1","0","0"
"804894","1148","4183","7","","0","0","0","0"
"808398","1788","4180","13","2023-10-18 11:05:51","1","0","0","1"
"809584","1930","4179","8","","0","0","0","0"
"809984","663","4179","5","2023-09-13 08:34:12","3","1","1","1"
"810019","558","4179","5","","0","0","0","0"
"810268","940","4179","5","2023-11-15 09:51:29","2","1","0","1"
"811556","993","4178","5","","0","0","0","0"
"812377","628","4178","5","","0","0","0","0"
"812943","1326","4178","7","2023-12-16 06:24:54","2","0","1","1"
"813946","1992","4177","16","2023-11-10 10:40:58","4","1","2","1"
"814172","1117","4177","33","2023-10-26 19:35:34","3","0","0","3"
"814299","1922","4177","5","","0","0","0","0"
"818090","1225","4174","6","2024-01-24 16:26:01","2","1","0","1"
"818266","534","4174","9","2024-01-25 02:48:01","1","0","0","1"
"818722","1323","4173","7","2023-02-08 10:52:25","1","1","0","0"
"820321","1223","4172","7","2023-09-06 04:04:25","5","0","1","4"
"820406","1130","4172","21","2024-01-26 12:30:23","36","12","7","17"
"821989","1354","4172","5","2024-01-11 12:47:12","19","4","5","10"
"822461","520","4171","5","2023-10-06 08:37:59","4","1","2","1"
"827472","1411","4167","6","","0","0","0","0"
"828709","1685","4167","8","2023-06-20 23:24:37","3","0","3","0"
"830293","1946","4869","7","2023-06-29 22:02:37","1","0","1","0"
"831211","1393","4165","61","2023-10-19 20:23:17","2","0","1","1"
"832490","1119","4165","11","2023-11-23 10:15:22","22","4","6","12"
"833399","1511","4164","27","2023-10-16 20:33:17","5","0","0","5"
"833954","1673","4164","6","","0","0","0","0"
"834117","508","4164","7","","0","0","0","0"
"835073","904","4163","5","2023-04-13 11:43:46","1","1","0","0"
"836137","846","4163","10","2023-11-21 07:25:42","1","0","0","1"
"836376","1219","4162","6","2023-11-04 15:04:45","4","0","0","4"
"836723","1828","4162","6","2023-09-03 17:59:33","2","0","1","1"
"839497","818","4160","5","2023-06-25 07:04:41","1","0","1","0"
"840821","1999","4159","5","2023-12-28 23:22:18","5","3","1","1"
"846548","613","4156","5","2023-04-04 15:01:17","1","1","0","0"
"846769","1317","4156","5","2023-09-12 11:19:46","3","1","1","1"
"851013","943","4152","10","","0","0","0","0"
"858684","900","4149","14","","0","0","0","0"
"860715","1997","4147","7","","0","0","0","0"
"860934","963","4146","14","","0","0","0","0"
"863133","1731","4145","6","","0","0","0","0"
"864299","695","4145","6","2023-04-25 16:20:59","1","1","0","0"
"868337","854","4143","5","","0","0","0","0"
"869134","1696","4142","5","2023-11-08 17:48:08","5","0","0","5"
"871947","1306","4140","8","","0","0","0","0"
"873372","1195","4507","11","2023-09-02 08:22:46","2","0","0","2"
"874880","539","4138","5","","0","0","0","0"
"875176","576","4138","13","","0","0","0","0"
"875343","1222","4138","8","","0","0","0","0"
"876237","1267","4137","5","2023-08-11 09:37:25","7","3","2","2"
"876595","1933","4137","18","2024-01-29 05:45:47","18","0","15","3"
"876743","670","4137","18","2024-01-07 01:03:16","3","0","1","2"
"877129","1901","4137","8","","0","0","0","0"
"878272","1844","4136","35","","0","0","0","0"
"878444","809","4136","5","2023-10-06 11:02:10","2","0","1","1"
"885541","510","4131","7","","0","0","0","0"
"885694","697","4131","5","","0","0","0","0"
"887804","987","4130","8","2023-11-28 22:58:14","3","2","0","1"
"887947","1740","4130","5","2024-01-10 00:04:03","9","1","1","7"
"890062","1405","4129","6","2023-12-19 15:32:41","4","0","0","4"
"890097","929","4129","10","","0","0","0","0"
"891203","1688","4327","9","2023-12-19 19:22:54","8","4","1","3"
"891919","1225","4128","29","2023-02-20 18:13:22","2","2","0","0"
"892770","1788","4127","6","2023-10-24 21:30:46","4","1","1","2"
"893413","827","4127","10","","0","0","0","0"
"893790","1020","4126","5","","0","0","0","0"
"895007","1236","4125","10","2023-08-28 18:26:16","1","0","0","1"
"895615","622","4125","8","2023-09-08 14:17:25","11","0","7","4"
"898154","1041","4123","5","2023-04-20 10:11:31","2","2","0","0"
"901083","1153","4122","8","2023-04-03 20:19:30","2","2","0","0"
"901102","1213","4122","5","2023-10-04 11:04:21","5","1","1","3"
"901410","1440","4122","44","2023-08-29 20:52:50","1","0","0","1"
"902102","1776","4121","5","2023-06-05 06:33:32","2","1","1","0"
"903966","996","4120","8","2023-12-10 01:06:47","5","2","2","1"
"904963","1594","4119","13","","0","0","0","0"
"905006","872","4119","13","","0","0","0","0"
"905650","810","4118","5","2023-03-22 12:03:13","1","1","0","0"
"907675","963","4117","10","2023-06-20 07:41:37","3","2","1","0"
"908316","1106","4117","5","2023-10-09 15:55:37","2","0","0","2"
"909800","538","4116","6","2023-04-19 12:15:08","2","2","0","0"
"910650","1059","4116","12","","0","0","0","0"
"910654","1214","4116","7","2023-10-11 18:59:57","1","0","0","1"
"912309","1938","4115","6","","0","0","0","0"
"913747","847","4114","5","","0","0","0","0"
"914760","1015","4114","9","2024-01-17 13:18:25","1","0","0","1"
"915636","1847","4113","13","","0","0","0","0"
"915869","700","4113","7","","0","0","0","0"
"916995","1288","4111","5","2023-09-18 19:13:31","1","0","0","1"
"918860","1747","4110","5","","0","0","0","0"
"920319","686","4110","6","2023-06-05 21:30:59","1","0","1","0"
"921570","1379","4109","5","","0","0","0","0"
"921859","1239","4109","5","2023-12-21 01:46:56","7","2","2","3"
"923493","1367","4108","6","","0","0","0","0"
"925775","1722","4107","16","","0","0","0","0"
"926918","1196","4106","7","2023-07-19 10:29:20","4","0","4","0"
"927514","1886","4105","24","2024-01-22 22:23:24","24","11","5","8"
"929251","774","4104","8","","0","0","0","0"
"929646","918","4104","6","2023-11-09 16:20:12","2","1","0","1"
"929861","882","4103","7","2023-12-31 18:13:03","3","0","1","2"
"930925","1057","4103","8","","0","0","0","0"
"933110","1490","4102","21","2023-12-22 17:23:23","12","4","0","8"
"933575","1018","4102","5","","0","0","0","0"
"934373","937","4101","10","2023-08-01 06:57:45","4","1","2","1"
"935322","817","4101","6","","0","0","0","0"
"938190","1874","4099","6","","0","0","0","0"
"938530","631","4099","8","2023-03-03 16:17:51","1","1","0","0"
"938829","547","4098","16","2023-10-30 08:32:46","2","0","0","2"
"939484","1074","4098","9","2023-09-28 18:11:15","6","2","3","1"
"941770","1829","4096","9","2023-07-26 15:51:12","5","3","2","0"
"942179","1586","4096","6","2023-12-06 12:08:43","3","1","0","2"
"943087","1420","4096","6","2024-01-02 20:16:06","32","1","0","31"
"944174","1790","4095","13","","0","0","0","0"
"948719","648","4093","6","","0","0","0","0"
"948801","699","4093","13","2023-07-03 07:13:33","2","0","2","0"
"949258","746","4093","5","2023-05-11 08:18:59","3","2","1","0"
"951321","1620","4091","8","2023-12-03 04:16:38","8","0","0","8"
"952932","734","4090","6","","0","0","0","0"
"955444","1031","4089","9","2023-09-29 23:37:52","3","1","1","1"
"955719","1769","4089","17","2023-06-24 20:00:14","1","0","1","0"
"958254","1413","4087","5","","0","0","0","0"
"962391","1032","4085","6","2024-01-20 20:05:21","3","1","1","1"
"963604","1709","4084","10","","0","0","0","0"
"964514","1297","4083","5","","0","0","0","0"
"964804","1720","4083","6","2023-09-09 15:05:12","5","2","2","1"
"965852","629","4083","11","2023-09-13 11:07:21","5","1","0","4"
"966707","1740","4082","5","","0","0","0","0"
"967151","1971","4082","5","2024-01-10 12:25:41","9","0","3","6"
"967162","1330","4082","22","","0","0","0","0"
"967770","718","4082","9","","0","0","0","0"
"968570","1009","4081","28","","0","0","0","0"
"970115","1203","4081","9","2023-11-20 15:12:41","1","0","0","1"
"970174","1783","4080","5","2023-12-12 05:34:41","1","0","0","1"
"971566","1676","4080","9","","0","0","0","0"
"972235","799","4079","5","2023-08-01 00:57:41","1","0","0","1"
"972651","659","4079","23","","0","0","0","0"
"976509","1791","4076","8","2023-11-03 12:55:01","2","1","0","1"
"979591","535","4074","14","","0","0","0","0"
"979673","1010","4074","5","","0","0","0","0"
"980270","1898","4074","8","2023-07-05 08:58:32","3","1","2","0"
"982041","1032","4073","6","","0","0","0","0"
"984444","873","4072","5","","0","0","0","0"
"986363","1852","4070","5","2023-11-15 12:44:07","4","1","1","2"
"986419","1961","4070","7","","0","0","0","0"
"986720","1846","4070","6","2023-11-13 04:08:10","6","3","0","3"
"988095","1263","4069","9","","0","0","0","0"
"988950","1143","4068","18","2024-01-09 09:28:51","2","0","1","1"
"990642","1512","4067","7","2023-12-08 19:41:34","4","2","0","2"
"990971","1798","4067","5","2023-09-11 13:41:18","3","2","0","1"
"991276","710","4067","6","","0","0","0","0"
"993018","612","4066","6","2023-05-22 08:15:59","1","0","1","0"
"994006","1881","4066","118","2023-11-05 13:39:22","1","0","0","1"
"994983","937","4065","5","","0","0","0","0"
"995071","701","4327","5","2023-04-06 08:48:36","1","1","0","0"
"996314","1143","4065","8","2023-03-14 22:18:42","1","1","0","0"
"998335","554","4063","9","","0","0","0","0"
"998737","650","4062","5","2023-08-15 12:48:15","9","0","0","9"
"999367","606","4062","8","","0","0","0","0"
"999911","1284","4062","6","2024-01-24 03:21:20","7","2","1","4"
"1000026","1054","4062","10","","0","0","0","0"
"1003472","1577","4060","5","2023-11-09 00:15:42","4","1","2","1"
"1005124","1011","4059","10","2023-10-05 15:51:02","10","8","0","2"
"1005858","732","4059","8","2023-11-30 00:01:56","21","10","8","3"
"1007926","1061","4058","5","2023-09-09 02:46:01","2","1","0","1"
"1008943","637","4057","6","","0","0","0","0"
"1009540","507","4056","12","2024-01-05 10:22:47","1","0","0","1"
"1010710","1827","4055","12","","0","0","0","0"
"1011283","1228","4055","5","2023-12-05 11:28:50","9","0","8","1"
"1011648","648","4055","5","2023-06-01 05:27:16","3","2","1","0"
"1012157","736","4054","22","","0","0","0","0"
"1012668","597","4054","6","","0","0","0","0"
"1015563","789","4053","27","2023-02-20 23:57:09","2","2","0","0"
"1018165","824","4051","5","","0","0","0","0"
"1020941","1143","4049","28","2023-02-01 08:24:13","1","1","0","0"
"1021535","998","4048","6","2023-06-14 15:12:27","4","3","1","0"
"1022861","653","4450","8","2023-12-07 17:37:48","4","0","3","1"
"1022978","568","4047","6","2023-12-08 06:02:16","1","0","0","1"
"1023341","1416","4047","6","2024-01-11 13:17:26","4","0","0","4"
"1024044","1571","4047","5","2023-09-21 06:18:57","1","0","0","1"
"1026323","835","5124","5","2024-01-05 04:13:34","7","3","3","1"
"1031831","1296","4042","5","2023-02-10 05:58:34","1","1","0","0"
"1032003","1718","4042","5","2023-08-15 04:57:02","6","4","1","1"
"1033217","795","4041","21","","0","0","0","0"
"1034483","875","4041","12","","0","0","0","0"
"1035203","1046","4040","6","","0","0","0","0"
"1035977","1184","4040","8","2023-11-02 11:21:26","1","0","0","1"
"1038241","1344","4039","9","2023-08-01 04:44:29","1","0","0","1"
"1039860","1136","4038","7","2023-03-05 15:37:37","4","4","0","0"
"1040605","918","4038","8","2023-11-04 22:16:20","2","0","1","1"
"1042151","1503","4037","6","2024-01-28 03:58:22","11","1","3","7"
"1043288","1055","4036","6","2023-07-26 07:56:39","1","0","1","0"
"1043793","1479","4035","10","2023-07-10 19:37:57","9","4","5","0"
"1046249","570","4034","17","","0","0","0","0"
"1047571","1904","4033","7","2023-02-24 11:45:57","1","1","0","0"
"1048404","1802","4033","32","2024-01-17 04:19:48","9","4","2","3"
"1048614","1072","4033","27","2024-01-16 20:26:29","10","2","4","4"
"1050187","631","4032","5","2023-10-04 23:06:39","3","2","0","1"
"1050844","1208","4031","7","","0","0","0","0"
"1053362","758","4030","9","2023-03-23 02:12:54","1","1","0","0"
"1055112","1538","4029","13","","0","0","0","0"
"1056384","1640","4028","6","2023-04-18 10:26:15","1","1","0","0"
"1056610","1437","4028","5","2024-01-11 19:42:53","5","2","0","3"
"1056837","978","4028","5","2024-01-04 23:04:47","2","0","1","1"
"1062714","1578","4025","6","2023-08-21 17:16:58","1","0","0","1"
"1062973","1418","4025","14","2024-01-24 03:40:06","6","1","1","4"
"1067132","1393","4022","8","2024-01-06 21:21:08","4","1","0","3"
"1068164","1247","4021","5","","0","0","0","0"
"1068538","1435","4020","5","2023-07-22 03:19:14","2","1","1","0"
"1068922","692","4020","17","","0","0","0","0"
"1072378","822","4019","11","2023-07-28 07:36:59","33","0","33","0"
"1072655","1446","4018","5","","0","0","0","0"
"1073171","1976","4018","10","2023-11-15 15:52:07","4","1","0","3"
"1075296","607","4017","34","2023-10-31 12:33:10","2","0","0","2"
"1075558","1258","4017","5","2023-11-02 22:04:00","1","0","0","1"
"1077412","1225","4016","6","2024-01-26 10:11:31","8","1","3","4"
"1079129","1220","4015","13","2023-06-19 07:24:25","1","0","1","0"
"1079543","1092","4015","11","2023-07-11 15:14:29","6","0","6","0"
"1079611","965","4014","10","2023-10-12 05:04:51","2","1","0","1"
"1080266","1543","4014","7","2023-04-16 15:26:15","4","4","0","0"
"1080556","1892","4014","9","","0","0","0","0"
"1081350","534","4013","6","","0","0","0","0"
"1085899","889","4011","5","","0","0","0","0"
"1086134","1857","4011","8","2023-11-28 18:41:55","2","0","0","2"
"1086990","1409","4010","5","2023-06-23 23:20:28","2","1","1","0"
"1087626","1176","4010","6","2023-02-02 07:56:42","1","1","0","0"
"1087990","1417","4010","6","2023-10-05 18:25:39","2","1","0","1"
"1090745","1079","4008","7","2023-03-18 13:47:50","2","2","0","0"
"1091302","1927","4008","5","2023-09-10 13:39:23","4","1","2","1"
"1093272","597","4006","9","2023-07-04 17:23:59","2","0","2","0"
"1093925","1511","4006","5","","0","0","0","0"
"1094085","909","4006","5","","0","0","0","0"
"1095540","1371","4005","9","2023-11-23 08:29:54","2","1","0","1"
"1095969","796","4005","16","","0","0","0","0"
"1096140","1163","4005","5","","0","0","0","0"
"1096587","1032","4005","10","","0","0","0","0"
"1097552","728","4004","9","2023-12-20 16:03:10","10","3","1","6"
"1099933","1028","4003","5","2023-04-18 20:57:53","1","1","0","0"
"1100060","1889","4003","8","2023-08-30 09:07:23","6","3","1","2"
"1100913","963","4003","7","2023-10-13 04:26:23","4","1","1","2"
"1100921","920","4003","20","2023-07-15 11:46:05","5","0","5","0"
"1101576","1331","4002","8","2023-02-28 14:35:41","2","2","0","0"
"1101698","1934","4002","9","2023-12-22 07:36:52","20","3","9","8"
"1101930","608","4002","5","","0","0","0","0"
"1104124","778","4000","6","","0","0","0","0"
"1108906","657","3997","7","2023-03-10 22:29:12","1","1","0","0"
"1111879","1284","3996","12","2023-07-23 10:03:28","3","1","2","0"
"1114881","751","3994","5","","0","0","0","0"
"1114907","972","3994","10","2023-07-20 23:18:32","6","3","3","0"
"1114918","1255","3994","7","2023-11-07 17:01:59","2","0","0","2"
"1116545","1803","3992","9","","0","0","0","0"
"1117787","1263","3991","5","2023-06-20 01:47:12","5","2","3","0"
"1118706","836","3990","8","2023-10-19 15:53:46","1","0","0","1"
"1119327","1518","3990","5","","0","0","0","0"
"1119949","573","3990","7","","0","0","0","0"
"1122308","633","4220","8","","0","0","0","0"
"1122629","1381","3988","12","2023-11-01 19:57:40","8","2","0","6"
"1123052","990","3988","7","2023-06-02 07:35:41","1","0","1","0"
"1123409","675","3988","5","2023-09-18 21:50:28","1","0","0","1"
"1125556","1088","3985","18","2024-01-17 07:44:05","2","1","0","1"
"1127459","1023","3984","10","2023-09-19 05:19:49","1","0","0","1"
"1127772","1561","3984","7","2023-12-23 12:08:32","16","10","0","6"
"1129146","644","3983","7","","0","0","0","0"
"1129978","1669","3983","6","","0","0","0","0"
"1131162","1954","3982","12","2023-10-16 22:14:56","3","2","0","1"
"1131926","1361","3982","6","2023-09-16 13:21:37","3","0","2","1"
"1132276","850","3982","5","","0","0","0","0"
"1133574","559","3981","11","2024-01-18 20:46:14","5","3","1","1"
"1136158","1381","3980","6","","0","0","0","0"
"1136208","748","3980","6","2023-11-14 15:08:40","6","2","2","2"
"1136754","1267","3979","5","2023-05-15 22:05:20","2","1","1","0"
"1136999","1067","3979","12","2023-03-24 23:02:07","1","1","0","0"
"1138974","852","3978","6","2023-07-25 07:01:07","1","0","1","0"
"1139541","852","3978","29","2023-03-16 10:23:07","1","1","0","0"
"1140388","1285","3977","8","2023-12-20 12:49:04","1","0","0","1"
"1140783","1907","3977","6","2023-12-22 02:04:23","1","0","0","1"
"1141050","940","3977","12","2023-10-03 23:21:24","4","2","0","2"
"1143126","1734","3976","23","2023-09-01 18:19:46","1","0","0","1"
"1143426","1573","3976","6","2023-12-20 15:18:20","1","0","0","1"
"1144854","762","3975","5","","0","0","0","0"
"1145413","1135","3975","9","2023-02-22 17:03:15","1","1","0","0"
"1145526","1246","3975","12","2024-01-16 15:06:46","6","0","1","5"
"1146850","1781","4595","6","2023-06-26 22:31:30","1","0","1","0"
"1147668","783","3974","5","2023-12-14 13:15:59","8","5","0","3"
"1148272","607","3974","6","2023-11-22 18:51:53","4","2","0","2"
"1148483","1173","3974","5","","0","0","0","0"
"1149328","1250","3973","6","2023-11-30 15:29:19","2","0","1","1"
"1151144","1626","3971","5","2023-08-15 05:16:28","7","2","0","5"
"1153026","644","3970","7","2023-10-17 13:43:39","3","0","0","3"
"1155184","586","3969","20","2024-01-22 13:44:24","3","0","0","3"
"1155216","1953","3969","7","2024-01-16 13:26:24","6","4","0","2"
"1155758","1801","3969","6","","0","0","0","0"
"1157458","1504","3968","5","2023-05-17 13:57:18","1","0","1","0"
"1158062","1208","3968","5","2023-04-19 23:01:16","4","4","0","0"
"1158313","1214","3968","8","2023-05-03 17:21:13","1","0","1","0"
"1158695","607","3968","9","2023-03-09 11:50:45","1","1","0","0"
"1159939","1606","3967","6","","0","0","0","0"
"1160404","772","3967","6","","0","0","0","0"
"1161488","733","3967","5","2023-10-27 19:17:27","3","0","2","1"
"1161518","1152","3967","7","2023-11-07 11:55:29","6","3","2","1"
"1162383","936","3966","9","2023-10-08 14:25:46","1","0","0","1"
"1163479","1176","3965","10","2023-03-15 17:01:38","2","2","0","0"
"1164342","1828","3964","7","2023-12-11 00:19:39","4","1","0","3"
"1165160","1749","3964","6","2024-01-09 08:57:56","12","4","5","3"
"1165173","559","3964","15","2024-01-22 12:54:35","14","4","2","8"
"1167996","1146","3963","7","2024-01-30 21:56:59","7","0","1","6"
"1168006","554","3963","16","2023-03-15 17:33:20","3","3","0","0"
"1168594","1798","3962","9","2023-12-20 14:13:25","1","0","0","1"
"1169287","1053","3962","5","2023-02-28 14:22:25","1","1","0","0"
"1169441","1572","3962","6","2023-11-16 22:27:57","3","2","0","1"
"1170146","700","3962","28","2023-05-06 20:41:02","3","2","1","0"
"1170760","1082","3961","11","2023-04-13 15:04:50","1","1","0","0"
"1171094","613","3961","28","2023-09-11 14:25:42","8","4","1","3"
"1172496","1174","3961","7","2023-12-14 15:27:09","1","0","0","1"
"1172685","1724","3960","5","2023-11-29 04:23:49","1","0","0","1"
"1173358","654","3960","5","2023-12-21 09:39:30","3","1","0","2"
"1175053","1585","3959","7","2023-11-28 19:36:14","2","0","0","2"
"1176099","961","3958","6","","0","0","0","0"
"1176573","1608","3958","17","2024-01-25 05:28:18","21","4","5","12"
"1178028","717","3957","15","","0","0","0","0"
"1178375","939","3957","6","2023-03-15 14:32:39","2","2","0","0"
"1178600","603","3957","25","","0","0","0","0"
"1180993","792","3956","5","","0","0","0","0"
"1183404","1836","3955","8","2023-04-11 11:23:32","2","2","0","0"
"1183514","1819","3955","17","2023-09-25 13:54:23","2","0","1","1"
"1184003","673","3954","5","2023-07-03 13:27:41","4","2","2","0"
"1184178","822","3954","5","","0","0","0","0"
"1185279","883","3954","9","2023-08-17 09:48:19","4","0","2","2"
"1185774","1176","3954","7","","0","0","0","0"
"1189625","1608","3952","11","2023-11-02 19:29:00","3","2","0","1"
"1191017","1202","3951","8","2023-11-21 08:14:01","3","0","0","3"
"1191559","1087","3950","5","2023-04-10 07:16:18","1","1","0","0"
"1193161","908","3950","9","2023-08-03 17:17:06","2","1","0","1"
"1193657","1232","3949","13","2023-11-03 23:27:09","7","2","2","3"
"1196131","1636","3948","14","2024-01-17 17:59:51","6","1","3","2"
"1197030","1754","3948","13","","0","0","0","0"
"1197577","1233","3948","6","","0","0","0","0"
"1199110","966","3947","7","2023-06-23 18:05:41","5","0","5","0"
"1199807","1886","3947","23","2023-02-15 13:36:26","1","1","0","0"
"1199911","1621","3947","7","2024-01-12 08:56:20","4","0","2","2"
"1200514","1515","3947","8","2023-03-29 03:03:14","2","2","0","0"
"1201759","1457","3946","7","","0","0","0","0"
"1205601","796","3944","6","","0","0","0","0"
"1208270","1549","3942","7","","0","0","0","0"
"1211070","854","3941","7","2024-01-15 15:13:37","2","0","0","2"
"1211483","604","3941","6","2023-11-18 22:34:23","2","0","0","2"
"1211547","1756","3941","66","","0","0","0","0"
"1212428","1265","3941","14","","0","0","0","0"
"1215021","1869","3940","16","2023-10-08 16:01:58","1","0","0","1"
"1216052","582","3939","6","","0","0","0","0"
"1216281","1395","3939","19","2024-01-25 17:03:32","11","0","7","4"
"1216790","1473","3939","11","2023-06-03 08:34:14","3","2","1","0"
"1217236","1624","3939","5","","0","0","0","0"
"1217949","1090","3938","5","2023-11-08 16:00:19","1","0","0","1"
"1218317","1908","3938","6","2023-11-09 17:41:18","4","1","0","3"
"1218726","540","3937","9","","0","0","0","0"
"1221718","1139","3936","6","2023-12-29 14:46:08","3","0","0","3"
"1222195","1164","3936","10","","0","0","0","0"
"1222459","1389","3935","7","","0","0","0","0"
"1224072","940","3935","5","2023-06-09 13:04:58","4","2","2","0"
"1224119","1877","3935","32","2023-10-11 14:01:54","2","0","0","2"
"1224336","687","3935","6","","0","0","0","0"
"1224389","1331","3935","6","2023-05-14 14:13:34","5","0","5","0"
"1225421","1158","3934","5","2023-06-28 07:58:52","2","1","1","0"
"1226074","1285","3934","7","2023-11-16 11:28:09","1","0","0","1"
"1226434","1058","3934","6","","0","0","0","0"
"1227828","1380","3933","5","2023-08-31 17:13:35","2","1","0","1"
"1228933","1537","3933","6","2023-07-02 17:30:29","2","1","1","0"
"1230087","632","3932","12","","0","0","0","0"
"1231844","1808","3932","30","2023-06-23 22:46:57","1","0","1","0"
"1234412","1722","3930","17","2023-10-31 23:55:16","11","3","4","4"
"1235167","1663","3929","6","2023-07-03 08:00:12","1","0","1","0"
"1235227","1939","3929","5","","0","0","0","0"
"1236657","1992","3929","6","2023-06-14 12:13:17","1","0","1","0"
"1241115","1512","3927","6","2023-11-28 20:52:06","4","0","2","2"
"1241425","807","3927","6","2023-09-15 14:55:37","8","3","2","3"
"1244184","1562","3925","12","2024-01-08 19:33:09","1","0","0","1"
"1244630","1764","3925","6","","0","0","0","0"
"1244696","1235","3925","9","2023-12-06 11:39:32","4","2","0","2"
"1246037","1547","3925","9","2024-01-10 12:32:19","1","0","0","1"
"1246387","1741","3924","5","","0","0","0","0"
"1247977","1379","3923","25","2023-06-19 11:30:58","40","28","12","0"
"1248133","1723","3923","6","2023-08-31 09:45:41","4","0","0","4"
"1249379","1283","3922","9","","0","0","0","0"
"1249407","1049","3922","6","","0","0","0","0"
"1250568","520","3922","11","","0","0","0","0"
"1253336","1392","3921","6","2023-10-14 14:53:09","2","1","0","1"
"1254228","785","3920","5","2023-10-23 12:27:35","13","0","0","13"
"1258034","1134","3919","17","","0","0","0","0"
"1259544","1012","3918","5","2023-06-05 04:52:59","3","2","1","0"
"1260237","1366","3918","9","2023-02-27 14:50:30","4","4","0","0"
"1264967","670","3915","6","","0","0","0","0"
"1268100","1727","3913","5","2023-04-03 15:31:17","2","2","0","0"
"1270916","662","3912","22","2023-04-13 18:46:27","1","1","0","0"
"1271785","1908","3912","8","2023-06-12 02:28:42","16","14","2","0"
"1274282","1116","3911","5","","0","0","0","0"
"1275778","1646","3910","5","","0","0","0","0"
"1275796","1018","3910","11","","0","0","0","0"
"1275942","939","3910","5","2023-08-22 00:08:09","4","3","0","1"
"1276022","634","3910","8","","0","0","0","0"
"1276915","1760","3909","7","2023-05-26 05:00:40","3","2","1","0"
"1279109","772","3908","7","2023-02-21 04:25:26","2","2","0","0"
"1279329","863","3908","7","2023-11-07 08:33:39","3","2","0","1"
"1279373","1870","4103","7","2023-10-27 14:19:12","1","0","0","1"
"1282144","630","3907","10","","0","0","0","0"
"1282486","565","3906","16","2023-08-08 02:34:07","2","1","0","1"
"1284584","735","3906","16","2023-08-10 13:17:48","2","0","0","2"
"1286583","968","3905","9","2023-12-13 22:23:43","4","0","1","3"
"1291498","1858","3902","17","","0","0","0","0"
"1293121","1266","3901","5","2023-09-12 19:41:01","1","0","0","1"
"1296079","907","3900","11","","0","0","0","0"
"1296374","995","3900","7","2023-05-31 14:29:57","2","0","2","0"
"1297048","1846","3899","16","2024-01-26 14:42:14","2","1","0","1"
"1297243","588","3899","8","2023-06-16 18:58:22","2","0","2","0"
"1298531","1488","3899","15","2023-12-14 13:28:56","4","0","0","4"
"1300518","1600","3898","14","","0","0","0","0"
"1303577","1965","3897","6","2023-09-22 20:57:00","2","0","1","1"
"1303612","1633","3897","5","2023-09-21 23:38:23","2","1","0","1"
"1304010","556","3897","7","2024-01-31 18:51:13","11","1","4","6"
"1306105","1434","3895","6","2023-02-17 07:19:52","1","1","0","0"
"1306613","744","3895","9","","0","0","0","0"
"1307074","1128","3894","10","2024-01-10 20:45:28","1","0","0","1"
"1309051","1291","3894","22","2023-12-29 15:28:37","6","1","2","3"
"1310605","1679","3893","6","2023-11-25 22:41:24","3","0","0","3"
"1310944","803","3893","10","2024-01-03 08:26:20","11","4","2","5"
"1310998","576","3893","6","2023-12-11 10:26:57","1","0","0","1"
"1311831","1137","3892","5","2023-02-17 01:34:54","1","1","0","0"
"1315833","1521","3891","9","2023-06-22 10:13:38","3","1","2","0"
"1317475","727","3890","6","2023-05-02 15:27:50","8","6","2","0"
"1319004","1058","3889","13","2023-09-25 09:14:28","6","3","0","3"
"1319790","679","3888","6","","0","0","0","0"
"1320619","1024","3888","5","","0","0","0","0"
"1321247","1335","3887","26","2023-12-15 03:04:25","7","0","4","3"
"1324650","1694","3886","7","2024-01-29 17:50:37","14","1","0","13"
"1325615","520","3885","6","","0","0","0","0"
"1327508","644","3885","5","2023-08-16 14:39:10","2","0","1","1"
"1329816","1202","3884","5","","0","0","0","0"
"1332076","1600","3883","5","","0","0","0","0"
"1332136","1355","3883","12","2024-01-28 08:26:02","3","0","0","3"
"1333794","538","3882","5","","0","0","0","0"
"1334703","1331","3881","6","","0","0","0","0"
"1335475","654","3880","11","","0","0","0","0"
"1338204","1081","3879","5","","0","0","0","0"
"1338432","934","3879","5","","0","0","0","0"
"1340934","920","3878","7","2023-10-12 02:35:13","30","21","2","7"
"1341181","1214","3878","51","","0","0","0","0"
"1344633","1876","3877","12","2024-01-05 15:43:42","1","0","0","1"
"1347608","1172","3876","6","2023-08-27 21:56:40","4","0","3","1"
"1348731","553","3875","9","2023-08-07 13:34:03","1","0","0","1"
"1348905","1521","3875","8","","0","0","0","0"
"1351652","1693","3873","9","","0","0","0","0"
"1352490","1834","3873","34","2023-03-31 01:38:49","6","6","0","0"
"1352635","522","3872","17","2023-09-27 17:50:29","1","0","0","1"
"1353324","554","3872","28","2023-03-26 15:26:55","9","9","0","0"
"1353621","699","3872","8","2024-01-15 02:36:27","2","1","0","1"
"1356109","1732","3871","5","2023-02-21 19:45:27","5","5","0","0"
"1358148","1921","3870","8","2023-08-01 21:48:24","2","0","1","1"
"1358551","1958","3870","9","2023-06-12 14:35:25","4","0","4","0"
"1361096","1428","3869","5","2024-01-22 20:20:01","2","0","0","2"
"1361831","927","3869","7","2023-11-24 20:00:56","4","1","0","3"
"1363169","832","3868","7","2023-08-14 07:42:14","3","0","2","1"
"1363772","964","3867","5","2023-02-21 03:16:22","1","1","0","0"
"1364377","1609","3867","18","","0","0","0","0"
"1365873","850","3866","9","","0","0","0","0"
"1368333","1910","3865","6","2023-03-02 20:20:36","1","1","0","0"
"1368671","623","3865","10","","0","0","0","0"
"1369688","1185","3864","14","2023-08-02 19:17:48","5","0","4","1"
"1373031","514","3863","6","2023-08-26 15:02:27","2","0","0","2"
"1374957","1018","3862","7","","0","0","0","0"
"1374991","541","3862","15","","0","0","0","0"
"1376318","994","3861","5","2024-01-30 04:26:23","30","5","3","22"
"1376969","573","3861","8","2023-06-16 16:16:07","4","0","4","0"
"1379025","784","3859","6","2023-09-15 06:39:04","3","0","0","3"
"1379898","1877","3859","9","2023-06-27 14:32:28","1","0","1","0"
"1382059","1188","3858","6","","0","0","0","0"
"1382345","540","3858","7","2023-02-10 10:12:03","1","1","0","0"
"1382970","1715","3858","7","","0","0","0","0"
"1386556","1392","3856","5","2023-08-09 21:12:11","1","0","0","1"
"1389411","618","3855","5","2023-03-12 05:28:17","2","2","0","0"
"1391631","1423","4224","9","","0","0","0","0"
"1391805","1990","3853","5","2023-10-17 06:02:09","1","0","0","1"
"1392447","533","3853","12","2023-12-06 18:33:43","3","1","1","1"
"1393899","1031","3852","5","","0","0","0","0"
"1394172","696","3852","8","","0","0","0","0"
"1395657","1212","3851","10","2023-10-21 19:30:21","10","5","2","3"
"1396362","1672","3851","44","2023-12-17 16:13:59","5","1","0","4"
"1396613","1392","3851","5","2023-02-02 17:43:01","1","1","0","0"
"1396928","1038","3851","27","2023-04-09 14:15:29","1","1","0","0"
"1397055","1657","3851","11","2023-11-10 08:27:14","7","5","0","2"
"1398417","873","3850","6","2023-12-15 10:37:47","7","3","0","4"
"1398465","718","3850","17","","0","0","0","0"
"1400560","912","3849","5","","0","0","0","0"
"1401572","1716","3849","5","2023-12-06 21:37:23","9","2","2","5"
"1402196","502","3849","6","","0","0","0","0"
"1402404","636","3848","8","2023-09-04 07:07:35","5","1","3","1"
"1402958","1022","3848","5","2023-08-31 15:15:40","1","0","0","1"
"1403089","987","3848","6","","0","0","0","0"
"1404332","503","3848","18","2023-03-22 16:32:04","2","2","0","0"
"1405520","1211","3847","5","2023-07-26 22:21:54","1","0","1","0"
"1406188","692","3846","11","2023-07-09 03:45:25","3","0","3","0"
"1406656","843","3846","5","2023-12-13 16:41:51","4","2","1","1"
"1408187","816","3845","6","2023-08-05 19:44:40","1","0","0","1"
"1412161","712","3843","5","2023-12-11 21:18:52","4","0","0","4"
"1415826","945","3842","19","","0","0","0","0"
"1417104","727","3841","6","2023-02-22 14:30:42","1","1","0","0"
"1417879","705","3841","7","","0","0","0","0"
"1418155","616","3841","6","2023-09-23 05:54:56","1","0","0","1"
"1419402","1388","3840","5","2023-11-30 14:41:47","6","2","1","3"
"1419624","1000","3839","6","2023-10-28 00:59:14","16","3","0","13"
"1420701","1109","3839","13","2023-03-13 19:50:13","1","1","0","0"
"1423806","1557","3837","5","2023-06-26 11:05:03","4","2","2","0"
"1426259","1012","3836","10","","0","0","0","0"
"1427090","808","3836","6","","0","0","0","0"
"1427826","1175","3835","13","2023-07-27 09:56:05","2","0","2","0"
"1427974","1024","3835","10","","0","0","0","0"
"1428108","1641","3835","5","2023-07-26 14:09:47","3","2","1","0"
"1428737","1329","3835","7","","0","0","0","0"
"1429535","1921","3835","9","","0","0","0","0"
"1430535","592","3834","7","2024-01-12 10:25:32","4","2","1","1"
"1430552","1124","3834","11","2024-01-28 18:37:33","9","3","1","5"
"1431405","573","3834","10","2023-03-13 18:31:59","2","2","0","0"
"1432181","1421","3833","23","2023-12-19 20:08:59","13","4","2","7"
"1432734","1798","3833","8","2023-12-29 07:44:16","15","5","1","9"
"1433310","507","3832","21","2023-09-26 16:06:53","1","0","0","1"
"1437387","575","3830","7","2023-06-29 01:08:43","3","0","3","0"
"1438522","1029","3830","5","","0","0","0","0"
"1438721","537","3829","10","","0","0","0","0"
"1438843","851","3829","9","2023-11-17 08:30:08","7","2","0","5"
"1441011","1108","3829","5","2023-09-30 10:34:07","13","0","0","13"
"1441857","1502","3828","6","2023-05-18 12:43:49","3","2","1","0"
"1443928","1191","3827","22","2024-01-07 20:09:14","3","1","0","2"
"1444397","1150","3827","6","2023-11-07 10:59:54","1","0","0","1"
"1446698","1180","3826","7","","0","0","0","0"
"1452089","1057","3823","7","2023-12-28 14:45:40","10","2","2","6"
"1452227","605","3823","9","2023-09-07 13:55:00","2","0","1","1"
"1452528","881","3822","16","2023-12-29 13:14:18","15","5","2","8"
"1453746","1113","3822","5","2023-06-05 11:04:41","1","0","1","0"
"1455234","520","3821","5","2023-04-12 09:14:20","5","5","0","0"
"1455694","1164","3821","20","2023-02-08 17:53:08","1","1","0","0"
"1459607","1386","3820","5","","0","0","0","0"
"1459653","1232","3820","7","2023-05-22 21:55:45","1","0","1","0"
"1459860","1651","3820","8","","0","0","0","0"
"1460514","1589","3819","19","2023-02-24 04:41:10","2","2","0","0"
"1460828","1497","3819","8","2024-01-26 17:17:19","24","7","6","11"
"1461007","799","3819","5","","0","0","0","0"
"1461307","1336","4313","5","2023-06-16 23:12:42","1","0","1","0"
"1466122","760","3816","5","","0","0","0","0"
"1467744","1075","3816","7","2023-11-15 22:01:46","5","3","0","2"
"1469778","640","3815","7","2024-01-25 14:53:40","3","0","0","3"
"1470240","736","3815","5","","0","0","0","0"
"1470798","1183","3814","8","2023-09-10 04:19:36","7","2","4","1"
"1471264","636","3814","6","2023-02-27 20:40:50","1","1","0","0"
"1471614","1399","3814","5","2023-06-13 10:17:22","1","0","1","0"
"1474204","1972","3813","10","","0","0","0","0"
"1476031","1106","3813","5","","0","0","0","0"
"1477810","1775","4119","23","","0","0","0","0"
"1480275","1034","3810","5","2023-07-13 07:44:16","1","0","1","0"
"1480918","1763","3810","7","2023-09-18 18:01:48","2","0","0","2"
"1481137","764","3810","13","2024-01-16 17:06:30","12","2","4","6"
"1481519","1248","3809","22","2023-04-06 11:30:08","16","16","0","0"
"1481901","540","3809","6","","0","0","0","0"
"1482231","1294","3809","7","","0","0","0","0"
"1482464","566","3809","38","2023-02-03 03:54:38","1","1","0","0"
"1483448","1043","3809","5","2024-01-19 14:11:29","2","0","0","2"
"1486850","1711","3808","5","","0","0","0","0"
"1486968","1679","3808","6","","0","0","0","0"
"1488383","606","3807","7","","0","0","0","0"
"1488425","1700","3807","11","","0","0","0","0"
"1489121","1266","3807","6","2023-10-03 10:09:11","6","4","1","1"
"1489183","1757","3807","7","","0","0","0","0"
"1489675","1302","3807","8","2023-11-11 22:39:05","5","1","1","3"
"1489992","530","3806","6","2023-06-06 21:12:45","3","2","1","0"
"1490061","670","3806","6","2023-06-05 06:05:15","2","1","1","0"
"1491599","858","3806","7","2023-06-27 18:38:13","1","0","1","0"
"1493255","1390","3805","7","","0","0","0","0"
"1495753","709","3948","12","","0","0","0","0"
"1499667","1180","3802","6","2023-08-06 10:00:37","1","0","0","1"
"1501491","963","3801","5","2023-05-16 22:33:03","3","2","1","0"
"1503161","502","3800","6","","0","0","0","0"
"1506545","1791","3799","7","2023-10-23 08:07:45","2","0","0","2"
"1510309","513","3797","53","","0","0","0","0"
"1510610","761","3797","9","","0","0","0","0"
"1510874","573","3796","10","","0","0","0","0"
"1512787","891","3796","11","","0","0","0","0"
"1512934","623","3796","7","","0","0","0","0"
"1513027","883","3796","6","2023-11-17 22:43:27","6","1","1","4"
"1513168","820","3796","13","2024-01-16 03:33:43","11","4","0","7"
"1515454","859","3795","5","2023-03-21 14:23:44","1","1","0","0"
"1518661","1254","3794","5","","0","0","0","0"
"1520071","1289","3793","5","2023-12-11 21:41:41","1","0","0","1"
"1520842","858","3793","8","2023-12-19 13:29:15","4","0","0","4"
"1523263","1488","3792","8","","0","0","0","0"
"1523450","986","3792","16","","0","0","0","0"
"1524756","886","3792","33","2023-12-02 07:14:57","7","5","1","1"
"1525684","1900","3791","5","","0","0","0","0"
"1526322","1401","3790","16","","0","0","0","0"
"1526957","577","3790","7","","0","0","0","0"
"1527587","1802","3790","16","2023-10-09 17:17:34","12","5","5","2"
"1529139","1585","3789","6","2023-09-07 13:17:57","3","1","0","2"
"1532175","879","3788","5","2023-12-21 17:23:24","7","0","2","5"
"1532821","1579","3788","6","","0","0","0","0"
"1533263","1948","3787","32","2024-01-31 18:14:58","44","6","13","25"
"1533783","1156","3787","5","2023-11-09 10:47:34","1","0","0","1"
"1534157","1841","3787","11","","0","0","0","0"
"1534401","807","3787","9","2023-07-25 10:45:06","3","0","3","0"
"1534698","1140","3787","9","2023-03-23 10:44:35","1","1","0","0"
"1534753","1366","3787","6","2023-07-04 09:34:12","1","0","1","0"
"1534867","752","3787","5","2024-01-02 16:27:14","4","0","0","4"
"1535270","916","3787","5","","0","0","0","0"
"1537618","775","3786","5","2023-03-23 19:36:43","1","1","0","0"
"1538039","1764","3786","5","","0","0","0","0"
"1538109","691","3786","6","","0","0","0","0"
"1538798","1145","3786","7","","0","0","0","0"
"1540415","1344","3785","19","2024-01-11 09:48:07","3","1","0","2"
"1540766","610","3785","10","2023-05-05 10:04:28","3","1","2","0"
"1542604","1561","3784","8","2023-06-22 06:58:28","3","1","2","0"
"1543532","720","3783","6","2023-05-18 22:32:10","1","0","1","0"
"1544044","1268","3783","13","2023-06-18 17:13:39","1","0","1","0"
"1544937","659","3782","7","2023-09-08 14:40:34","7","1","1","5"
"1545026","1274","3782","20","2023-04-13 05:45:47","6","6","0","0"
"1546989","1762","3782","6","2023-11-09 22:38:35","2","1","0","1"
"1549737","1020","3781","5","","0","0","0","0"
"1549977","1246","3781","7","2023-04-23 07:35:06","1","1","0","0"
"1550925","1605","3780","8","","0","0","0","0"
"1551368","1022","3780","6","2023-08-15 16:28:57","5","3","1","1"
"1554732","686","4212","36","","0","0","0","0"
"1555297","1381","3779","5","2023-12-07 16:08:30","6","1","0","5"
"1560708","543","3776","9","2023-06-29 17:38:25","2","1","1","0"
"1561777","772","3775","6","2024-01-25 00:53:28","5","0","3","2"
"1562480","856","3775","10","","0","0","0","0"
"1563240","1075","3775","13","2023-11-13 21:04:29","3","0","0","3"
"1563297","1562","3775","37","2023-03-15 20:16:59","1","1","0","0"
"1568195","1238","3773","7","2023-07-25 07:07:35","1","0","1","0"
"1568464","721","3773","20","2023-12-01 11:07:58","4","0","3","1"
"1570165","1540","3772","6","2023-12-13 03:58:18","3","1","0","2"
"1571268","829","3772","34","2024-01-06 11:18:58","2","0","0","2"
"1571593","1244","3772","7","2024-01-15 10:01:34","2","0","1","1"
"1572112","935","3772","7","2023-09-14 08:53:12","2","1","0","1"
"1572749","1864","3772","11","2024-01-14 11:14:43","2","0","1","1"
"1573670","1369","3771","6","2024-01-25 15:11:50","13","5","4","4"
"1576548","969","3770","17","2023-07-30 05:30:20","5","0","5","0"
"1577867","1473","3769","41","","0","0","0","0"
"1578538","1377","3768","10","2023-11-27 21:54:26","13","6","3","4"
"1579290","577","3768","5","","0","0","0","0"
"1580021","1220","3768","10","2024-01-17 16:21:42","2","0","0","2"
"1580028","1658","3768","7","","0","0","0","0"
"1581658","1005","3767","6","2023-10-03 12:05:43","3","0","2","1"
"1582172","1250","3767","5","","0","0","0","0"
"1584309","1175","3766","10","2023-04-20 16:02:01","2","2","0","0"
"1584915","1748","3766","6","2024-01-31 07:59:39","20","3","1","16"
"1585204","1037","3766","5","2023-10-19 20:49:08","8","2","1","5"
"1587012","1821","3765","11","2023-12-06 13:46:32","22","4","7","11"
"1587755","1717","3765","19","2023-12-08 01:06:46","1","0","0","1"
"1587934","1358","3765","5","2023-07-11 09:09:40","5","1","4","0"
"1588085","745","3765","17","2023-12-14 15:45:42","15","1","8","6"
"1592334","1095","3763","5","","0","0","0","0"
"1592901","1206","3762","7","","0","0","0","0"
"1593212","703","3762","8","2023-10-19 02:02:11","2","1","0","1"
"1594274","1603","3761","7","2023-11-05 01:37:56","6","4","0","2"
"1594557","1484","3761","10","2023-08-29 04:51:11","4","2","1","1"
"1596051","527","3761","5","","0","0","0","0"
"1597144","931","3760","5","","0","0","0","0"
"1597430","1156","3760","5","","0","0","0","0"
"1599011","1524","3760","43","2024-01-05 16:57:37","12","5","1","6"
"1602887","1125","3758","7","","0","0","0","0"
"1603131","863","3758","6","","0","0","0","0"
"1603399","1599","3758","9","2023-10-06 16:42:33","1","0","0","1"
"1604503","1004","3758","6","","0","0","0","0"
"1605847","1176","3757","6","","0","0","0","0"
"1606260","1083","3757","5","2024-01-31 13:02:36","5","1","3","1"
"1609232","659","3756","12","2023-11-27 16:58:06","1","0","0","1"
"1609474","1048","3755","6","2023-02-04 01:07:10","2","2","0","0"
"1611445","1803","3754","8","2023-07-21 16:40:32","2","0","2","0"
"1612074","1335","3754","5","","0","0","0","0"
"1615070","1024","3753","9","2023-08-22 07:15:53","1","0","0","1"
"1616164","1040","3752","6","","0","0","0","0"
"1616260","697","3752","5","2023-07-18 07:22:46","1","0","1","0"
"1616885","1037","3752","22","2023-02-25 15:04:01","1","1","0","0"
"1618893","962","3751","7","","0","0","0","0"
"1620449","1810","3751","41","","0","0","0","0"
"1621381","927","3750","7","2023-02-04 01:07:16","1","1","0","0"
"1623781","1107","3750","6","2023-12-08 14:27:14","1","0","0","1"
"1624232","824","3749","7","2024-01-23 11:31:35","6","1","3","2"
"1624260","1371","3749","5","","0","0","0","0"
"1624463","1143","3749","32","","0","0","0","0"
"1625493","660","3748","5","","0","0","0","0"
"1627023","911","3747","8","2024-01-05 20:54:13","4","1","1","2"
"1627106","1742","3747","7","2023-11-29 22:56:27","4","2","1","1"
"1627945","1407","3747","6","2023-06-14 10:56:21","2","1","1","0"
"1630629","901","3746","20","2023-11-14 19:18:44","4","0","0","4"
"1630971","1377","3746","9","2023-05-09 18:25:07","10","9","1","0"
"1632288","665","3745","5","","0","0","0","0"
"1634172","1826","3745","5","","0","0","0","0"
"1635525","586","3744","8","2023-04-05 07:57:15","3","3","0","0"
"1635670","1030","3744","7","2023-10-30 09:28:54","1","0","0","1"
"1635906","1910","3744","8","2023-07-28 10:02:09","5","4","1","0"
"1636456","578","3744","23","2023-06-02 12:53:59","3","2","1","0"
"1638892","651","3743","13","2023-05-31 01:40:58","4","3","1","0"
"1643973","1248","3740","16","","0","0","0","0"
"1645401","501","3739","6","","0","0","0","0"
"1645620","871","3739","32","2023-07-11 01:21:47","5","3","2","0"
"1645633","867","3739","19","2024-01-26 19:43:07","17","5","5","7"
"1646970","1590","3739","20","2024-01-28 16:18:04","8","6","0","2"
"1647098","1719","3739","18","2023-11-20 17:46:19","4","1","1","2"
"1647105","1333","3739","5","2023-11-09 12:07:42","4","2","1","1"
"1648546","1579","3738","8","2023-12-29 19:45:30","1","0","0","1"
"1649729","589","3738","6","2023-02-15 22:03:15","1","1","0","0"
"1651107","1465","3737","7","2023-02-10 07:17:34","5","5","0","0"
"1652488","610","3737","5","","0","0","0","0"
"1653236","1370","3737","5","2023-08-22 16:12:00","2","1","0","1"
"1654526","1636","3736","9","2023-12-10 20:43:16","2","0","0","2"
"1655313","679","3736","6","2023-03-14 18:39:08","1","1","0","0"
"1655738","712","3736","6","","0","0","0","0"
"1656236","1075","3735","42","2023-10-03 10:05:45","13","0","12","1"
"1657101","1193","3735","5","","0","0","0","0"
"1657994","1173","3734","15","2023-10-25 02:56:22","7","5","0","2"
"1659605","1690","3733","6","2023-10-18 14:49:07","4","0","2","2"
"1660336","621","3733","6","2023-04-24 04:48:10","5","5","0","0"
"1662058","509","3732","7","2023-10-12 08:41:27","2","1","0","1"
"1665437","549","3731","9","","0","0","0","0"
"1667034","581","3731","15","","0","0","0","0"
"1669748","1170","3730","7","2023-10-18 02:23:54","12","0","4","8"
"1670156","919","3729","5","","0","0","0","0"
"1670850","1007","3729","5","","0","0","0","0"
"1671738","586","3729","11","","0","0","0","0"
"1672082","565","3729","6","2023-08-08 22:50:32","7","4","1","2"
"1672799","1573","3728","17","2023-11-11 11:54:55","1","0","0","1"
"1673694","510","3728","6","2023-08-16 05:08:06","2","1","0","1"
"1673705","1264","3728","7","2024-01-07 12:30:51","1","0","0","1"
"1675724","1647","3727","6","2023-12-09 21:08:14","2","0","1","1"
"1676589","856","3726","45","2023-11-09 08:30:15","3","0","1","2"
"1677089","1661","3726","5","","0","0","0","0"
"1677270","1194","3726","10","2023-03-14 19:53:35","1","1","0","0"
"1677890","1781","3726","9","2023-03-02 20:43:37","12","12","0","0"
"1678780","1256","3726","7","2023-08-02 06:48:54","1","0","0","1"
"1681917","546","3724","15","2023-07-01 01:35:50","6","0","6","0"
"1682790","1669","3724","23","2023-07-15 11:59:48","1","0","1","0"
"1683006","1005","3724","8","","0","0","0","0"
"1683034","584","3724","6","","0","0","0","0"
"1683040","1353","3724","10","2023-03-17 19:10:17","2","2","0","0"
"1684767","1294","3723","22","2023-11-03 09:58:09","2","0","0","2"
"1685814","584","3723","15","2023-05-04 11:22:26","2","1","1","0"
"1686575","1982","3723","5","2023-10-12 21:33:36","3","1","1","1"
"1686903","1952","3723","33","2023-11-27 13:20:37","2","0","1","1"
"1686932","1892","3723","5","","0","0","0","0"
"1687536","734","3722","6","2023-11-25 19:27:17","3","0","1","2"
"1688738","1464","3722","7","2024-01-31 17:27:37","13","6","2","5"
"1689023","593","3722","5","2023-08-08 12:33:38","3","0","2","1"
"1689987","1736","3722","30","2023-12-29 06:22:57","15","3","0","12"
"1690805","1639","3721","5","2023-11-15 10:13:19","3","1","0","2"
"1690835","1313","3721","7","","0","0","0","0"
"1692260","1378","3720","6","","0","0","0","0"
"1692530","538","3720","5","","0","0","0","0"
"1692916","1617","3720","6","","0","0","0","0"
"1692999","986","3720","5","2023-11-18 01:04:27","1","0","0","1"
"1695821","1438","3719","27","2023-07-05 13:37:13","29","19","10","0"
"1695825","625","3719","6","","0","0","0","0"
"1697779","583","3718","8","","0","0","0","0"
"1701812","760","3716","6","2023-12-11 00:47:10","4","1","2","1"
"1704799","793","4554","5","2024-01-16 11:18:23","1","0","0","1"
"1708333","1794","3714","5","2023-05-10 15:27:03","4","1","3","0"
"1708598","1822","3714","8","","0","0","0","0"
"1710359","844","3713","18","2023-11-21 18:15:33","8","0","0","8"
"1713450","1513","3711","6","2023-03-21 04:27:32","3","3","0","0"
"1714159","1225","3711","9","2023-11-14 03:57:22","2","0","0","2"
"1714864","1844","3711","5","2023-09-29 10:00:03","1","0","0","1"
"1714893","528","3711","10","","0","0","0","0"
"1714951","1375","3711","6","2023-10-24 22:59:40","2","0","1","1"
"1715438","501","3711","5","","0","0","0","0"
"1716090","1188","3710","8","2023-03-16 03:43:52","1","1","0","0"
"1716585","994","3710","7","2023-09-18 10:49:56","1","0","0","1"
"1717031","1610","3710","5","2024-01-19 13:18:07","5","0","1","4"
"1718312","1672","3710","6","2023-12-15 15:24:40","1","0","0","1"
"1721393","660","3709","6","2023-04-03 09:56:16","1","1","0","0"
"1722983","1676","3708","17","2023-12-13 14:15:06","9","2","2","5"
"1724912","1152","3707","12","","0","0","0","0"
"1726127","875","3706","20","2023-07-20 05:54:18","3","2","1","0"
"1731468","1028","3704","27","","0","0","0","0"
"1731972","1178","3704","6","2023-11-26 18:53:18","2","0","1","1"
"1734032","1889","3703","10","2023-08-01 01:19:58","4","0","3","1"
"1734655","1447","3703","15","","0","0","0","0"
"1735724","1936","3703","22","2023-08-22 10:00:31","5","1","2","2"
"1736034","1715","3703","5","2023-12-15 09:31:24","3","0","0","3"
"1738007","753","3702","12","2023-10-18 22:02:00","6","1","0","5"
"1738491","1699","3702","25","2023-08-07 12:31:47","7","5","1","1"
"1738539","1001","3702","21","","0","0","0","0"
"1738895","1454","3702","9","2023-10-26 18:20:13","9","0","1","8"
"1739193","665","3702","41","","0","0","0","0"
"1739487","594","3702","7","2023-09-30 10:14:59","1","0","0","1"
"1743046","585","3700","11","2023-06-22 02:25:21","2","1","1","0"
"1743446","1723","3700","10","","0","0","0","0"
"1743975","1837","3700","5","2023-12-26 22:25:18","5","3","0","2"
"1745107","594","3699","5","","0","0","0","0"
"1746805","501","3698","10","2024-01-30 22:54:24","9","4","3","2"
"1747521","679","3698","14","","0","0","0","0"
"1747983","1292","3698","6","2024-01-22 18:48:12","5","1","3","1"
"1750964","598","3697","6","","0","0","0","0"
"1751166","687","3697","5","2023-11-21 03:34:55","4","1","0","3"
"1752345","985","3696","5","","0","0","0","0"
"1752668","1449","3696","6","","0","0","0","0"
"1753947","1423","3696","12","","0","0","0","0"
"1754024","718","3696","5","","0","0","0","0"
"1757737","1352","3695","13","2023-08-23 00:55:09","2","1","0","1"
"1757919","1293","3694","7","2023-11-16 11:55:54","6","1","1","4"
"1758832","829","3694","31","","0","0","0","0"
"1759793","1310","3694","8","","0","0","0","0"
"1760055","1893","3694","7","2023-06-16 16:04:10","1","0","1","0"
"1760760","1921","3693","5","","0","0","0","0"
"1761106","1882","3693","6","","0","0","0","0"
"1761692","526","3693","23","","0","0","0","0"
"1763510","1310","3692","7","2023-05-22 21:09:08","3","2","1","0"
"1764803","1948","3691","33","2024-01-03 18:02:43","2","0","0","2"
"1768606","1578","3690","12","2023-04-06 11:16:50","1","1","0","0"
"1769563","662","3690","10","","0","0","0","0"
"1769657","1047","3690","7","","0","0","0","0"
"1770571","1122","3689","9","2023-12-07 07:42:44","1","0","0","1"
"1770778","1456","3689","5","2023-08-03 15:27:53","2","1","0","1"
"1771445","806","3689","16","2023-02-25 18:09:00","2","2","0","0"
"1773808","910","3688","32","","0","0","0","0"
"1775344","768","3688","14","","0","0","0","0"
"1778190","1753","3687","16","2024-01-28 16:57:26","20","0","5","15"
"1780873","1577","3685","15","2024-01-12 05:55:56","5","0","0","5"
"1781986","1787","3684","21","2023-09-04 02:50:02","1","0","0","1"
"1782997","622","3684","12","","0","0","0","0"
"1783734","1324","3684","18","","0","0","0","0"
"1784129","888","3684","5","","0","0","0","0"
"1785661","1677","3683","8","2023-03-22 13:43:10","1","1","0","0"
"1786360","1305","3860","8","2023-05-30 07:00:44","1","0","1","0"
"1788781","1155","3682","5","2023-02-27 22:43:27","1","1","0","0"
"1789199","1450","3682","11","","0","0","0","0"
"1789378","1445","3682","5","2024-01-05 10:54:12","3","0","0","3"
"1792240","1703","3681","6","2023-04-21 09:10:57","1","1","0","0"
"1792865","1458","3681","5","2023-08-07 23:43:51","2","1","0","1"
"1792984","581","3680","7","2023-08-22 00:06:23","3","0","2","1"
"1793962","915","3680","7","2023-06-27 08:28:29","4","0","4","0"
"1795050","1599","3680","43","2023-12-04 10:01:06","41","14","19","8"
"1795570","1179","3680","5","2024-01-30 08:13:15","7","5","0","2"
"1796317","1001","3679","10","2023-10-23 17:23:33","3","0","1","2"
"1797200","994","3679","6","2023-05-27 11:24:49","1","0","1","0"
"1797926","1413","3678","9","2023-06-09 19:09:23","1","0","1","0"
"1798668","731","3678","7","2023-11-24 13:37:09","6","4","1","1"
"1799206","922","3677","15","2023-09-20 02:27:26","1","0","0","1"
"1800333","1654","3677","7","2023-05-25 09:33:31","3","2","1","0"
"1800622","648","3677","6","","0","0","0","0"
"1800725","702","4312","5","","0","0","0","0"
"1801968","1880","3676","6","","0","0","0","0"
"1804223","1090","3676","18","","0","0","0","0"
"1805214","1125","3675","13","","0","0","0","0"
"1805974","1693","3675","39","2024-01-09 09:25:22","14","4","7","3"
"1806493","819","3675","5","2023-07-04 11:19:19","4","2","2","0"
"1807877","746","3674","7","","0","0","0","0"
"1812580","1643","3673","6","2023-02-06 14:34:09","1","1","0","0"
"1816135","1012","3671","9","2023-02-17 02:20:14","2","2","0","0"
"1816894","594","3671","12","2023-11-08 05:41:19","3","0","2","1"
"1817569","1563","3670","8","2023-02-12 18:46:50","4","4","0","0"
"1817610","1305","3670","5","2024-01-04 13:21:46","8","1","4","3"
"1818059","1186","3670","28","2023-11-05 13:30:58","13","7","3","3"
"1819065","828","3670","6","2023-06-23 21:06:06","1","0","1","0"
"1820778","794","3669","5","2023-07-13 12:42:49","2","0","2","0"
"1820796","1159","3669","5","","0","0","0","0"
"1822181","1497","3669","8","2023-09-30 21:06:00","1","0","0","1"
"1825458","734","4139","10","","0","0","0","0"
"1825767","1053","3667","10","","0","0","0","0"
"1825844","1600","3667","11","","0","0","0","0"
"1825964","672","3667","10","","0","0","0","0"
"1826106","644","3667","9","2023-03-17 10:10:04","2","2","0","0"
"1826109","1820","3667","14","2023-02-10 13:36:02","1","1","0","0"
"1828277","810","3666","6","2023-10-31 02:06:34","4","1","1","2"
"1828907","627","3666","5","","0","0","0","0"
"1829881","1889","3666","12","2023-09-20 19:54:57","7","4","1","2"
"1830312","768","3666","6","2023-08-11 15:15:11","3","0","0","3"
"1831147","1335","3665","18","2024-01-31 22:04:43","15","2","2","11"
"1831336","1625","3665","115","","0","0","0","0"
"1831722","883","3665","7","2023-11-27 08:52:56","11","6","0","5"
"1833326","1008","3664","5","2023-06-06 13:40:29","1","0","1","0"
"1834631","751","3663","40","2023-11-21 19:22:41","5","0","1","4"
"1836069","1063","3663","41","2023-06-21 08:32:25","5","2","3","0"
"1838076","1682","3662","7","2023-11-23 02:57:49","5","0","1","4"
"1838137","1808","3662","7","2023-04-19 10:39:22","1","1","0","0"
"1838188","504","3662","11","2023-02-07 08:43:49","1","1","0","0"
"1838230","892","3662","9","2023-06-05 05:35:45","1","0","1","0"
"1838837","656","3662","32","","0","0","0","0"
"1840698","1850","3661","5","2023-11-07 11:32:02","1","0","0","1"
"1841710","1866","3661","10","2024-01-08 12:46:58","4","2","0","2"
"1842133","960","3661","6","2023-10-16 05:24:29","4","1","1","2"
"1842936","934","3661","5","","0","0","0","0"
"1848468","842","3659","18","","0","0","0","0"
"1850561","508","3965","8","","0","0","0","0"
"1851900","672","3657","7","2023-03-02 21:16:21","1","1","0","0"
"1852005","1778","3657","8","2023-11-04 05:11:32","9","3","1","5"
"1852487","695","3656","10","2023-02-20 20:50:05","1","1","0","0"
"1852510","613","3656","13","2024-01-12 03:45:04","9","3","3","3"
"1854182","898","3656","5","2023-05-31 15:17:21","4","2","2","0"
"1854249","1112","3656","5","","0","0","0","0"
"1854557","1892","3656","5","2023-10-18 19:53:41","5","0","1","4"
"1854827","623","3656","5","","0","0","0","0"
"1855987","587","3655","10","2024-01-24 14:23:49","6","5","0","1"
"1856547","723","3655","12","2023-10-26 23:15:26","1","0","0","1"
"1856854","843","3655","17","","0","0","0","0"
"1856889","723","3655","8","2023-05-25 11:33:34","2","1","1","0"
"1859783","1917","3654","6","","0","0","0","0"
"1860314","1077","3654","9","","0","0","0","0"
"1860511","1172","3654","39","","0","0","0","0"
"1860805","563","3654","6","","0","0","0","0"
"1861035","610","3654","7","2023-12-10 05:08:32","1","0","0","1"
"1861144","1396","3654","42","","0","0","0","0"
"1863592","845","3653","9","2023-02-10 05:21:23","2","2","0","0"
"1864614","1355","3653","6","2023-03-16 15:17:04","2","2","0","0"
"1866083","1793","3652","6","2023-11-20 10:22:36","2","1","0","1"
"1866119","702","3862","5","2023-09-04 11:28:00","2","0","0","2"
"1868281","1142","3651","7","","0","0","0","0"
"1869742","1908","3650","12","2023-04-02 05:59:37","1","1","0","0"
"1870747","989","3650","6","","0","0","0","0"
"1873108","1096","3649","5","2023-04-30 14:06:11","1","1","0","0"
"1873862","1978","3649","21","2023-04-13 01:00:29","4","4","0","0"
"1874170","1157","3648","10","2024-01-24 16:00:03","9","1","4","4"
"1877078","809","3648","7","","0","0","0","0"
"1879252","1178","3647","8","2023-10-13 19:27:47","1","0","0","1"
"1879728","1058","3647","6","2024-01-24 13:52:55","14","6","5","3"
"1880111","1607","3647","7","2024-01-26 13:38:06","7","0","4","3"
"1880182","551","3647","19","2023-08-08 18:58:47","6","0","2","4"
"1882864","1978","3646","5","2023-11-18 06:58:37","1","0","0","1"
"1884196","969","3645","5","","0","0","0","0"
"1885199","798","3645","21","2023-11-30 18:42:31","1","0","0","1"
"1885401","1179","3645","15","2023-04-03 23:32:18","19","19","0","0"
"1886904","682","3645","7","2023-03-15 20:20:54","11","11","0","0"
"1887000","572","3644","5","","0","0","0","0"
"1889110","752","3643","18","2023-10-25 07:04:09","3","0","0","3"
"1889297","504","3643","14","2023-12-08 01:58:36","1","0","0","1"
"1889975","1099","3643","5","2023-09-26 17:14:39","1","0","0","1"
"1890005","511","3643","6","2023-11-01 14:49:40","1","0","0","1"
"1893331","973","3641","19","","0","0","0","0"
"1895240","1235","3641","5","2023-12-07 07:34:50","3","0","2","1"
"1898524","1313","3640","5","","0","0","0","0"
"1901391","1168","3639","48","","0","0","0","0"
"1903940","893","3638","36","2023-08-23 08:14:55","3","2","0","1"
"1904755","1939","3638","21","","0","0","0","0"
"1905693","589","3637","5","2023-08-08 19:05:45","2","1","0","1"
"1906826","1478","3637","10","2023-02-18 00:40:28","1","1","0","0"
"1909812","894","3635","5","","0","0","0","0"
"1910035","1869","3936","10","","0","0","0","0"
"1913017","1175","3634","13","2023-08-08 07:56:40","2","0","0","2"
"1917550","1579","3632","29","","0","0","0","0"
"1918124","1143","3632","10","2023-09-21 10:32:17","3","2","0","1"
"1919069","1411","3632","7","","0","0","0","0"
"1919998","1781","3632","26","2024-01-04 11:23:20","10","7","1","2"
"1920064","1466","3632","14","","0","0","0","0"
"1920835","1621","3631","8","2023-11-03 00:56:32","7","4","0","3"
"1921855","1934","3631","8","2023-05-30 18:01:47","2","1","1","0"
"1922825","1433","3630","6","","0","0","0","0"
"1924194","923","3630","6","","0","0","0","0"
"1925327","1827","3629","6","","0","0","0","0"
"1928149","1517","3627","13","2023-11-16 10:59:32","8","6","0","2"
"1928237","1135","3627","6","2023-06-01 12:09:01","6","3","3","0"
"1928419","1297","3627","5","2023-05-09 22:17:38","1","0","1","0"
"1928596","1853","3627","8","2023-09-19 03:57:50","5","3","1","1"
"1928926","929","3626","16","","0","0","0","0"
"1930053","769","3626","5","","0","0","0","0"
"1930758","1618","3626","7","2023-09-28 21:03:44","8","3","4","1"
"1931954","962","3625","11","","0","0","0","0"
"1932494","1607","3625","8","2023-06-02 08:33:27","4","3","1","0"
"1932890","1375","3625","10","2024-01-19 07:28:46","6","1","1","4"
"1933399","766","3624","5","2023-12-06 18:41:43","1","0","0","1"
"1933505","503","3624","30","","0","0","0","0"
"1934064","607","3624","10","2024-01-03 00:23:14","16","6","5","5"
"1934574","712","3624","6","2023-04-27 11:06:55","2","2","0","0"
"1934943","1746","3624","25","2023-11-04 22:40:43","4","2","1","1"
"1935499","502","3624","6","2023-12-02 03:40:17","9","5","3","1"
"1940200","903","3621","6","","0","0","0","0"
"1940886","1170","3620","5","","0","0","0","0"
"1943126","1613","3619","55","","0","0","0","0"
"1943346","893","3619","9","2023-09-24 04:51:43","4","1","2","1"
"1944636","1097","3618","6","2024-01-18 23:33:06","4","2","1","1"
"1948525","804","3617","12","2023-12-31 21:16:09","1","0","0","1"
"1949062","1135","3617","6","2023-04-28 05:34:41","1","1","0","0"
"1949853","529","3617","18","2023-11-30 12:51:11","1","0","0","1"
"1950689","1258","3616","6","","0","0","0","0"
"1950725","788","3616","12","2024-01-12 14:16:18","2","0","0","2"
"1950846","787","3616","14","","0","0","0","0"
"1951064","809","3616","5","","0","0","0","0"
"1951298","909","3616","9","","0","0","0","0"
"1951313","1628","3616","5","","0","0","0","0"
"1953311","1057","3615","6","","0","0","0","0"
"1956701","1065","3613","5","","0","0","0","0"
"1957575","1878","3613","6","2023-09-25 21:24:56","10","6","0","4"
"1958912","1121","3613","8","2023-04-12 14:20:58","2","2","0","0"
"1959113","576","3613","11","","0","0","0","0"
"1960592","525","4229","14","","0","0","0","0"
"1961688","1256","3612","6","","0","0","0","0"
"1964636","1188","3612","23","","0","0","0","0"
"1964796","1189","3612","5","2023-11-14 03:39:15","2","0","0","2"
"1965609","1064","3611","9","","0","0","0","0"
"1966079","925","3611","5","","0","0","0","0"
"1967693","1733","3611","12","2023-08-14 08:43:34","6","5","0","1"
"1967868","1236","3611","5","","0","0","0","0"
"1969903","1032","3610","5","","0","0","0","0"
"1971505","1145","3610","5","2023-12-18 21:07:27","3","1","0","2"
"1973791","1280","3608","9","2023-06-06 00:06:08","2","1","1","0"
"1976323","1898","3607","5","2023-05-09 21:52:00","1","0","1","0"
"1977031","1290","3607","6","2023-08-03 18:24:30","1","0","0","1"
"1978197","1303","3607","5","2023-07-05 21:12:33","1","0","1","0"
"1978210","1233","3607","13","2023-12-22 15:20:04","2","0","0","2"
"1978412","618","3607","28","","0","0","0","0"
"1981712","605","3606","6","2023-08-13 09:32:35","1","0","0","1"
"1982032","515","3605","6","2023-12-22 13:36:39","14","3","7","4"
"1983045","690","3605","11","","0","0","0","0"
"1984257","1046","3605","20","2023-05-11 13:28:57","4","2","2","0"
"1984571","1030","3605","9","2023-12-13 05:35:21","5","2","1","2"
"1985204","1938","3605","10","2023-09-20 12:59:53","14","3","6","5"
"1985342","738","3605","11","","0","0","0","0"
"1988017","718","3604","9","2024-01-30 01:17:29","13","3","2","8"
"1991273","636","3603","5","","0","0","0","0"
"1991397","1018","3603","67","","0","0","0","0"
"1992793","1371","3602","6","2024-01-25 22:59:30","8","2","1","5"
"1993837","507","3601","10","","0","0","0","0"
"2004265","1963","3598","12","2023-08-11 15:24:50","7","3","3","1"
"2007927","586","3597","8","2024-01-03 09:05:03","1","0","0","1"
"2010808","1526","3596","24","2024-01-23 09:36:55","8","2","0","6"
"2011372","1800","3596","5","2023-06-07 12:43:31","1","0","1","0"
"2011837","1258","3596","55","2023-02-14 17:22:27","2","2","0","0"
"2012333","1877","3596","6","","0","0","0","0"
"2012419","1305","3596","5","","0","0","0","0"
"2014329","1068","3595","7","2023-07-22 12:24:28","2","1","1","0"
"2014868","1124","3594","5","","0","0","0","0"
"2015461","1556","3594","6","","0","0","0","0"
"2016632","655","3593","8","2023-12-19 22:13:01","11","6","1","4"
"2016653","887","3593","8","","0","0","0","0"
"2019716","653","3593","6","2023-12-21 10:01:07","3","2","0","1"
"2021516","661","3592","6","","0","0","0","0"
"2022963","565","3592","6","2023-08-22 14:53:07","1","0","0","1"
"2023141","1283","3592","5","","0","0","0","0"
"2025458","506","3591","7","","0","0","0","0"
"2026195","1181","3591","17","2023-08-24 10:21:13","4","1","2","1"
"2026877","744","3591","5","2023-05-17 03:39:28","1","0","1","0"
"2027333","914","3591","5","2023-09-12 20:24:15","2","0","0","2"
"2029094","748","3590","5","2023-11-29 22:11:23","1","0","0","1"
"2031791","513","3589","11","2023-09-01 05:06:03","1","0","0","1"
"2034128","630","3589","8","","0","0","0","0"
"2035207","1560","3588","6","2023-10-25 07:09:05","7","1","2","4"
"2035841","1092","3588","8","2023-12-20 12:19:03","2","1","0","1"
"2036130","673","3588","5","2023-09-07 19:24:20","2","0","0","2"
"2036305","1465","3587","9","2023-09-23 16:40:53","4","2","1","1"
"2036464","1065","3587","16","2024-01-05 11:53:20","21","5","11","5"
"2039422","946","3586","5","2023-06-06 13:49:44","1","0","1","0"
"2039846","1499","3586","6","","0","0","0","0"
"2040023","1227","3586","7","2024-01-10 15:48:29","6","2","1","3"
"2040156","1252","3586","8","2023-12-05 10:53:06","5","0","1","4"
"2041005","736","3586","9","","0","0","0","0"
"2042632","1272","3585","12","2023-03-07 20:57:35","1","1","0","0"
"2043237","763","3585","9","2023-10-12 04:58:46","2","0","1","1"
"2043349","922","3585","6","2023-08-04 08:14:24","5","2","2","1"
"2046451","777","3584","5","2024-01-18 12:34:32","7","2","2","3"
"2047385","1038","3584","5","","0","0","0","0"
"2048453","1248","3584","13","2023-10-23 10:31:18","3","1","0","2"
"2049647","944","3583","5","2023-09-25 07:23:44","4","3","0","1"
"2051153","623","3583","9","2023-12-03 18:31:40","4","0","0","4"
"2051746","1265","3583","5","2023-09-17 23:29:33","3","0","2","1"
"2052524","755","3583","8","2023-05-17 12:54:01","1","0","1","0"
"2052550","1547","3583","5","2023-09-10 07:31:06","2","0","1","1"
"2056344","536","3581","9","","0","0","0","0"
"2056395","670","3581","11","2024-01-29 15:42:33","12","0","1","11"
"2056943","791","3581","5","","0","0","0","0"
"2057516","1245","3581","14","2023-10-24 17:23:40","7","1","3","3"
"2059078","1295","3580","7","2023-10-09 17:04:44","1","0","0","1"
"2059998","530","3579","8","","0","0","0","0"
"2060248","1442","3579","5","","0","0","0","0"
"2061500","1012","3579","30","","0","0","0","0"
"2064459","743","3578","5","2023-12-21 10:08:08","8","1","1","6"
"2065371","698","3578","18","2024-01-29 14:43:16","6","1","4","1"
"2065831","606","3578","11","","0","0","0","0"
"2066282","667","3578","5","2023-07-04 08:33:50","1","0","1","0"
"2066725","1544","3577","17","2024-01-03 22:39:02","8","1","4","3"
"2069472","784","3577","5","","0","0","0","0"
"2070127","580","3577","18","","0","0","0","0"
"2070999","1231","3576","7","2024-01-23 22:23:55","4","1","1","2"
"2074379","1072","3575","6","2023-07-04 20:29:49","3","0","3","0"
"2075374","1221","3575","5","","0","0","0","0"
"2077080","672","3575","6","2023-05-16 17:43:39","1","0","1","0"
"2078535","763","3574","8","2023-11-22 05:56:11","3","0","2","1"
"2079606","572","3573","5","","0","0","0","0"
"2080294","952","3573","22","","0","0","0","0"
"2080836","1734","3573","13","2023-12-20 08:37:15","4","1","0","3"
"2083562","941","3572","8","","0","0","0","0"
"2083581","780","3572","9","2023-10-11 19:07:27","10","2","5","3"
"2084091","649","3572","6","2023-08-30 16:18:59","5","4","0","1"
"2084984","1066","3572","11","2023-11-02 21:04:54","16","1","2","13"
"2087214","1140","3571","6","","0","0","0","0"
"2088167","856","3571","5","2023-12-11 11:40:17","3","1","0","2"
"2089968","525","3570","8","2024-01-11 01:38:18","3","0","1","2"
"2091359","689","3570","12","2023-09-26 12:56:17","8","0","3","5"
"2092629","1241","3570","9","2023-12-13 17:58:39","4","3","0","1"
"2092969","1072","3570","13","2023-09-15 17:43:48","4","1","2","1"
"2095155","991","3569","5","2023-06-26 13:47:46","2","0","2","0"
"2095642","1804","3569","5","2024-01-24 10:17:24","4","1","1","2"
"2095806","509","3569","5","2023-02-01 15:57:28","1","1","0","0"
"2096053","1080","3569","14","2023-11-16 16:11:47","5","1","0","4"
"2099437","1093","3568","5","2023-12-26 07:19:04","6","0","0","6"
"2102290","582","3567","9","2023-06-19 16:58:18","4","3","1","0"
"2102633","990","3567","7","2024-01-09 03:33:36","2","0","1","1"
"2103431","1688","3567","13","2024-01-12 21:47:57","5","2","1","2"
"2103784","779","3566","18","2023-08-25 20:43:16","1","0","0","1"
"2103916","1103","3566","7","","0","0","0","0"
"2105784","811","3565","12","","0","0","0","0"
"2105811","1694","3565","8","2023-04-27 15:43:23","2","2","0","0"
"2109415","1456","3564","7","","0","0","0","0"
"2109840","1623","3564","7","","0","0","0","0"
"2111039","1226","3564","5","","0","0","0","0"
"2111137","1613","3564","20","2023-07-08 13:06:44","6","3","3","0"
"2111313","852","3564","24","2023-08-27 19:32:54","9","3","5","1"
"2112536","1489","3564","7","","0","0","0","0"
"2112855","653","3564","5","2023-11-20 18:35:47","2","1","0","1"
"2114983","1374","3563","9","2023-11-03 14:55:54","6","1","0","5"
"2115403","1266","3563","7","2023-02-03 02:35:56","2","2","0","0"
"2115408","1714","3563","85","2023-03-02 14:31:50","3","3","0","0"
"2117055","1237","3563","11","","0","0","0","0"
"2117435","551","3563","7","2023-08-23 00:01:33","7","0","3","4"
"2117774","634","3562","14","2024-01-29 00:39:03","10","4","4","2"
"2117922","1553","3562","12","2023-08-09 16:15:35","15","9","5","1"
"2117938","519","3562","7","","0","0","0","0"
"2118825","1819","3562","5","","0","0","0","0"
"2121957","1068","3561","39","2023-08-02 02:20:50","1","0","0","1"
"2122217","1813","3561","6","2023-05-02 12:24:25","1","0","1","0"
"2122540","831","3561","11","2023-06-08 19:54:31","1","0","1","0"
"2122822","1731","3561","72","2023-11-16 13:51:23","3","2","0","1"
"2123099","1517","3561","7","2023-11-01 08:57:37","40","6","26","8"
"2125182","959","3561","5","2024-01-06 15:34:39","5","3","1","1"
"2126661","892","3560","5","","0","0","0","0"
"2127374","738","3560","6","2023-08-15 12:29:16","2","0","1","1"
"2127432","518","3560","11","","0","0","0","0"
"2128007","927","3559","11","2023-12-14 18:06:49","2","0","1","1"
"2134209","737","3557","5","","0","0","0","0"
"2134488","511","3557","5","","0","0","0","0"
"2136648","1282","3557","13","2023-12-10 20:17:50","1","0","0","1"
"2138704","1375","3556","10","","0","0","0","0"
"2141064","1973","3556","9","2023-08-03 04:14:35","3","2","0","1"
"2142093","1613","3646","5","","0","0","0","0"
"2143724","713","3555","5","2023-11-06 12:57:38","4","1","2","1"
"2144787","561","3555","9","","0","0","0","0"
"2145360","1201","3555","6","","0","0","0","0"
"2149425","1683","3554","8","2023-05-22 09:22:36","6","3","3","0"
"2149492","1210","3554","6","2023-11-16 12:04:27","3","1","0","2"
"2151404","610","3553","5","2023-10-25 07:29:06","1","0","0","1"
"2152078","1051","3553","7","2023-02-11 18:25:50","1","1","0","0"
"2152330","652","3553","12","","0","0","0","0"
"2153142","854","3552","26","2023-12-14 03:29:26","21","8","3","10"
"2153535","1504","3552","9","2023-12-11 21:22:24","6","1","1","4"
"2154069","762","3552","18","2023-06-28 10:46:45","2","0","2","0"
"2156427","617","3551","8","","0","0","0","0"
"2156436","1995","3551","5","2023-12-21 23:53:01","14","1","3","10"
"2156469","762","3551","7","2023-04-24 08:52:12","2","2","0","0"
"2156537","617","3551","5","2023-07-26 08:33:38","1","0","1","0"
"2156765","1283","3551","24","2023-06-20 02:14:03","5","4","1","0"
"2156784","1412","3551","13","2023-03-27 15:10:47","3","3","0","0"
"2158270","1594","3551","7","","0","0","0","0"
"2159402","1744","3550","5","2023-10-23 19:04:35","9","8","0","1"
"2159683","1706","3550","15","2023-07-10 17:45:56","2","1","1","0"
"2162441","810","3550","5","","0","0","0","0"
"2162861","918","3550","27","2023-02-25 17:09:51","8","8","0","0"
"2163125","1249","3550","10","2023-04-19 19:21:12","1","1","0","0"
"2163150","1035","3550","6","","0","0","0","0"
"2165146","782","3549","41","2024-01-08 19:18:41","14","11","1","2"
"2165280","927","4058","11","2023-12-15 15:01:40","11","8","2","1"
"2165903","1731","3549","22","2023-04-24 12:31:57","1","1","0","0"
"2168303","948","3548","5","","0","0","0","0"
"2169599","1260","3548","7","","0","0","0","0"
"2170269","1844","3548","14","","0","0","0","0"
"2174991","932","3547","5","2023-03-29 22:19:17","1","1","0","0"
"2175781","1143","3547","8","","0","0","0","0"
"2177908","979","3546","14","","0","0","0","0"
"2178774","526","3545","10","2023-08-06 01:14:44","2","0","1","1"
"2182636","586","3544","9","2023-09-27 14:41:34","3","1","1","1"
"2182770","732","3544","5","2024-01-21 16:24:40","1","0","0","1"
"2182920","949","4341","5","","0","0","0","0"
"2183431","1750","3544","10","2023-12-05 15:41:58","8","4","3","1"
"2184747","1791","3543","7","2023-10-06 19:03:13","4","2","0","2"
"2185588","1850","3543","5","2023-06-09 15:13:54","4","2","2","0"
"2185783","1588","3543","7","2024-01-24 14:32:08","1","0","0","1"
"2186184","923","3543","7","2023-10-18 08:38:22","1","0","0","1"
"2186676","636","3543","5","2023-08-21 12:04:32","3","1","0","2"
"2187091","500","3966","14","2024-01-29 11:43:08","5","0","0","5"
"2188275","1835","3543","51","","0","0","0","0"
"2192527","645","3542","5","","0","0","0","0"
"2193573","1293","3541","5","2023-06-27 08:49:24","2","0","2","0"
"2194951","1736","3541","7","","0","0","0","0"
"2196870","703","3541","7","","0","0","0","0"
"2197109","775","3541","11","","0","0","0","0"
"2197372","686","3540","5","","0","0","0","0"
"2199604","1631","3540","8","","0","0","0","0"
"2203349","543","3539","6","","0","0","0","0"
"2205849","1055","3537","6","2023-07-27 15:05:58","1","0","1","0"
"2205987","1990","3537","6","","0","0","0","0"
"2206145","1563","3537","5","2023-03-18 16:48:48","1","1","0","0"
"2207323","751","3537","6","2023-02-27 03:20:52","1","1","0","0"
"2207680","864","3537","14","","0","0","0","0"
"2208129","1044","3537","11","2023-12-13 13:35:06","1","0","0","1"
"2212059","1611","3536","60","2023-11-09 18:20:59","35","17","1","17"
"2218290","532","3534","25","","0","0","0","0"
"2218297","861","3534","5","","0","0","0","0"
"2219418","1271","3534","15","","0","0","0","0"
"2220465","784","3534","11","","0","0","0","0"
"2220665","1814","3534","124","2024-01-04 15:21:00","9","0","0","9"
"2221270","1412","3534","6","2023-06-06 10:37:20","2","1","1","0"
"2223525","1298","3533","5","","0","0","0","0"
"2224937","623","3533","8","","0","0","0","0"
"2225594","691","3533","6","2023-10-18 17:03:50","1","0","0","1"
"2234058","1501","3529","5","","0","0","0","0"
"2234280","1145","3529","14","2023-10-11 01:42:06","2","0","1","1"
"2235381","1941","3529","16","2023-07-30 17:38:49","1","0","1","0"
"2236794","561","3529","5","2024-01-18 20:41:19","1","0","0","1"
"2236949","578","3529","6","","0","0","0","0"
"2237136","555","3529","8","2023-05-11 17:23:21","1","0","1","0"
"2237399","549","3529","5","","0","0","0","0"
"2237583","726","3529","6","2023-12-11 02:00:18","2","1","0","1"
"2237778","1448","3529","19","2023-07-14 16:29:51","2","1","1","0"
"2238126","516","3529","5","2023-09-22 17:01:53","1","0","0","1"
"2239334","1097","3528","6","2023-11-02 10:56:12","6","1","2","3"
"2240253","1701","3528","12","2023-07-25 12:17:05","1","0","1","0"
"2240414","752","3528","5","2023-12-29 11:11:49","3","2","0","1"
"2243209","662","3527","7","","0","0","0","0"
"2244093","1010","3527","9","2024-01-23 02:03:40","2","0","0","2"
"2244274","1009","3527","5","2023-11-13 13:44:38","3","2","0","1"
"2245709","1125","3527","6","2023-09-22 12:50:37","2","0","0","2"
"2246035","1260","3527","12","2023-08-08 08:08:55","1","0","0","1"
"2248334","1074","3526","10","","0","0","0","0"
"2249606","986","3526","7","2024-01-07 15:22:41","9","3","0","6"
"2249641","1084","3526","5","2023-05-14 01:12:45","1","0","1","0"
"2250843","1529","3526","7","2023-05-14 01:28:18","1","0","1","0"
"2251071","1206","3525","8","","0","0","0","0"
"2254425","824","3524","19","2023-07-12 13:03:05","1","0","1","0"
"2256551","1855","3523","5","2023-05-22 15:25:35","1","0","1","0"
"2259302","558","3523","8","2023-08-28 07:36:45","3","0","2","1"
"2261245","1731","3522","6","2023-08-16 14:33:24","3","1","1","1"
"2266881","1594","3521","5","2023-05-18 17:50:45","1","0","1","0"
"2267367","882","3521","5","2023-06-20 09:50:28","2","0","2","0"
"2269692","1015","3520","9","2023-10-22 18:21:53","6","1","4","1"
"2270007","566","3520","6","2023-06-29 12:28:12","1","0","1","0"
"2271389","1214","3520","8","","0","0","0","0"
"2271651","1772","3520","40","","0","0","0","0"
"2274697","551","3519","5","2023-12-02 08:44:30","4","0","1","3"
"2275758","535","3519","6","","0","0","0","0"
"2277445","1177","3518","17","2023-11-15 08:22:59","1","0","0","1"
"2284380","533","3516","6","2023-03-19 19:38:34","6","6","0","0"
"2285092","619","3515","20","","0","0","0","0"
"2286743","1674","3515","39","2024-01-09 16:03:43","13","1","6","6"
"2287427","1530","3515","8","2024-01-25 02:40:23","3","1","0","2"
"2287841","505","3515","6","2023-08-23 08:02:41","2","0","1","1"
"2288520","557","3515","16","","0","0","0","0"
"2289226","764","3514","5","2024-01-07 06:50:21","9","0","4","5"
"2290153","1655","3514","24","2023-12-07 09:57:45","5","2","1","2"
"2290271","945","3514","8","2023-10-22 03:24:58","7","2","0","5"
"2291248","1426","3514","7","2023-10-22 19:42:41","5","0","3","2"
"2292993","1756","3513","6","2024-01-24 18:55:01","2","1","0","1"
"2293300","809","3513","5","","0","0","0","0"
"2294734","1070","3513","13","2023-05-30 16:18:09","1","0","1","0"
"2296349","765","3513","9","","0","0","0","0"
"2298162","1507","3512","5","2023-04-30 23:23:49","2","2","0","0"
"2299139","1075","3512","8","","0","0","0","0"
"2299195","1274","3512","5","","0","0","0","0"
"2299775","771","3512","6","2023-08-31 10:11:48","4","0","2","2"
"2300396","821","3512","11","2023-12-23 17:37:01","3","0","2","1"
"2300622","1268","3512","7","2023-09-21 09:54:29","1","0","0","1"
"2304156","1088","3510","9","2023-11-30 00:43:01","1","0","0","1"
"2304483","1664","4254","14","2023-11-03 19:09:29","10","0","9","1"
"2305458","1386","3510","18","2023-11-28 12:51:47","7","4","1","2"
"2307441","1075","3509","54","2023-10-19 10:50:22","2","1","0","1"
"2307934","1250","3509","26","2023-10-16 14:33:27","2","0","1","1"
"2309309","900","3508","9","","0","0","0","0"
"2310154","1496","3508","44","2023-12-14 11:27:00","10","0","2","8"
"2310221","1791","3508","9","2023-12-03 06:50:42","11","5","3","3"
"2310805","1543","3508","6","","0","0","0","0"
"2311578","963","3508","26","2023-06-19 21:00:50","2","1","1","0"
"2313984","1284","3507","6","2023-11-01 06:20:29","6","2","1","3"
"2315085","1334","3507","5","2024-01-29 15:35:01","1","0","0","1"
"2316129","1045","3507","24","","0","0","0","0"
"2316508","638","3507","7","2024-01-15 16:21:30","3","0","0","3"
"2317585","874","3507","11","","0","0","0","0"
"2317991","804","3506","5","2023-11-14 17:10:16","5","0","2","3"
"2320007","942","3506","5","","0","0","0","0"
"2321785","1359","3506","11","2024-01-07 18:12:31","6","3","2","1"
"2325014","1566","3505","45","2024-01-05 22:40:59","14","3","10","1"
"2330196","834","3503","5","2024-01-10 22:50:53","3","1","0","2"
"2332083","534","3502","5","","0","0","0","0"
"2332849","1458","3502","10","","0","0","0","0"
"2333299","1612","3502","13","2023-06-30 07:26:37","1","0","1","0"
"2333617","1941","3502","17","2023-02-22 15:14:26","2","2","0","0"
"2336212","1786","3501","5","2024-01-26 03:16:19","8","0","3","5"
"2336216","1029","3501","5","","0","0","0","0"
"2336282","688","3501","19","2023-11-04 15:24:29","3","1","0","2"
"2336595","1544","3501","13","2023-02-24 21:26:54","1","1","0","0"
"2338036","1890","3500","5","2023-11-16 23:10:43","2","0","0","2"
"2339034","1426","3500","6","2023-03-09 14:19:36","2","2","0","0"
"2339619","1806","3500","99","2023-09-27 15:26:38","2","1","0","1"
"2339825","541","3500","27","","0","0","0","0"
"2340484","1289","3500","5","2023-12-21 09:10:26","7","1","2","4"
"2344363","1221","3499","6","2024-01-29 03:21:30","2","1","0","1"
"2349683","632","3497","70","2023-04-26 11:37:09","1","1","0","0"
"2351530","1196","3496","5","","0","0","0","0"
"2351674","1243","3496","8","2023-11-23 08:58:13","2","0","0","2"
"2354702","1402","3495","6","","0","0","0","0"
"2354807","762","3495","6","2023-09-15 15:47:07","1","0","0","1"
"2355794","1172","3495","7","2023-04-07 12:12:24","2","2","0","0"
"2357085","1844","3494","7","2023-07-06 07:43:25","4","1","3","0"
"2357370","1376","3923","5","","0","0","0","0"
"2357621","532","3494","10","2023-06-19 00:09:42","1","0","1","0"
"2358659","1352","3494","5","","0","0","0","0"
"2359010","1244","3494","6","2023-02-15 05:21:32","1","1","0","0"
"2360229","939","3494","5","2024-01-17 16:24:39","4","1","1","2"
"2360439","958","3493","5","2023-08-22 15:40:25","4","1","1","2"
"2361379","660","3493","29","2023-10-04 01:48:23","3","2","0","1"
"2363940","531","3493","7","2023-11-14 13:48:22","5","0","3","2"
"2367906","1799","3492","10","","0","0","0","0"
"2368205","658","3492","14","2023-11-09 03:42:10","6","4","0","2"
"2368681","1432","3491","5","2023-10-10 11:16:58","4","1","2","1"
"2369434","997","3491","5","","0","0","0","0"
"2369575","1539","3491","13","","0","0","0","0"
"2371196","1175","3491","14","2023-11-05 11:50:32","7","0","1","6"
"2371840","1719","3490","6","","0","0","0","0"
"2373382","778","3490","15","","0","0","0","0"
"2374769","1783","3489","10","2023-03-25 15:46:19","21","21","0","0"
"2376299","974","3488","12","2023-11-02 08:02:48","5","1","2","2"
"2376882","1403","3488","8","2023-04-27 14:14:48","1","1","0","0"
"2377357","698","3488","6","2023-06-12 08:24:22","3","1","2","0"
"2377758","1306","3488","16","2024-01-27 08:15:51","17","5","6","6"
"2381671","1338","3487","6","","0","0","0","0"
"2381864","733","3487","5","2023-11-06 15:28:17","1","0","0","1"
"2383193","1292","3487","10","2023-04-05 22:14:00","3","3","0","0"
"2383766","1779","3487","24","2023-06-07 02:39:51","2","0","2","0"
"2384806","571","3486","5","2023-02-14 14:12:13","1","1","0","0"
"2385906","1610","3486","7","2023-03-06 13:53:02","1","1","0","0"
"2387806","1631","3486","19","2023-11-17 08:17:13","16","6","4","6"
"2387835","546","3486","5","","0","0","0","0"
"2388089","700","3485","17","","0","0","0","0"
"2389292","1540","3485","5","","0","0","0","0"
"2389488","737","3485","6","2023-02-16 16:03:24","1","1","0","0"
"2390877","773","3485","5","","0","0","0","0"
"2390992","1270","3485","5","2023-02-14 13:36:41","1","1","0","0"
"2392883","591","3484","5","2023-05-18 15:32:08","1","0","1","0"
"2394837","1508","3484","10","","0","0","0","0"
"2394994","781","3484","5","","0","0","0","0"
"2397711","1872","3483","6","","0","0","0","0"
"2397865","637","3483","12","2024-01-30 17:56:56","1","0","0","1"
"2398638","580","3482","16","2023-08-04 10:03:49","1","0","0","1"
"2399008","1951","3482","12","","0","0","0","0"
"2407460","1047","3480","25","2023-03-29 00:37:23","21","21","0","0"
"2408978","1233","3479","14","2023-07-25 10:40:51","3","1","2","0"
"2410151","1778","3479","5","2024-01-12 16:05:28","4","1","1","2"
"2410199","1690","3479","8","2023-12-10 18:01:00","10","0","1","9"
"2410641","1866","3479","5","","0","0","0","0"
"2410736","635","3479","5","","0","0","0","0"
"2411916","1627","4491","5","2023-03-14 12:17:05","1","1","0","0"
"2412606","854","3478","7","2023-08-31 04:21:58","2","0","1","1"
"2416775","1197","3477","16","","0","0","0","0"
"2417186","702","3477","9","2023-06-30 12:42:32","2","1","1","0"
"2417922","1272","3477","8","2023-04-28 14:24:49","1","1","0","0"
"2418564","729","3477","13","2023-12-04 21:35:33","2","0","1","1"
"2422527","1356","3475","13","2023-07-17 12:04:46","4","1","3","0"
"2425703","1477","3474","16","2024-01-24 10:04:29","21","4","4","13"
"2426385","1295","3474","11","2023-07-28 14:07:24","1","0","1","0"
"2429187","628","3473","26","","0","0","0","0"
"2429434","683","3473","6","2023-08-04 02:08:00","2","1","0","1"
"2430485","1405","3473","8","2023-11-14 07:44:07","2","0","0","2"
"2432315","812","3472","7","2023-02-06 20:39:51","1","1","0","0"
"2432537","1136","3472","6","2023-05-03 13:15:28","2","1","1","0"
"2432555","640","3472","11","","0","0","0","0"
"2434307","720","3472","8","2024-01-26 15:49:34","5","1","2","2"
"2436922","577","3471","21","2023-11-10 15:52:10","2","1","0","1"
"2440863","523","3470","6","","0","0","0","0"
"2443379","882","3469","7","","0","0","0","0"
"2449938","505","3466","5","","0","0","0","0"
"2452207","1208","3466","51","2023-11-15 14:54:37","3","0","0","3"
"2453148","1137","3466","11","2023-11-27 12:07:58","4","0","0","4"
"2453676","576","3466","5","2024-01-22 18:12:33","2","0","0","2"
"2454922","694","3465","16","2023-08-24 10:36:22","1","0","0","1"
"2455413","1444","3465","6","2023-08-18 19:58:15","3","1","1","1"
"2456785","552","3465","8","2023-07-18 11:10:52","3","1","2","0"
"2458691","1175","3464","58","2023-08-14 21:58:01","15","4","8","3"
"2460460","1669","3464","6","2023-06-20 14:22:29","2","1","1","0"
"2463234","1225","3463","7","2023-04-23 22:35:37","1","1","0","0"
"2464918","846","3463","6","","0","0","0","0"
"2467348","1608","3461","10","2024-01-23 23:10:33","10","4","3","3"
"2468241","638","3461","11","","0","0","0","0"
"2468417","837","3461","8","2023-06-12 17:40:05","34","20","14","0"
"2470346","1008","3460","6","2023-02-23 11:09:33","2","2","0","0"
"2472157","1394","3460","5","","0","0","0","0"
"2472827","1920","3459","46","2024-01-15 04:05:07","11","3","5","3"
"2473909","1525","3459","9","","0","0","0","0"
"2474573","1609","3459","12","","0","0","0","0"
"2475798","908","3459","10","2023-02-25 00:05:29","12","12","0","0"
"2478881","729","3458","8","","0","0","0","0"
"2480947","1744","3457","5","2023-08-22 04:01:34","3","2","0","1"
"2482249","585","3457","5","","0","0","0","0"
"2484324","1731","3456","11","","0","0","0","0"
"2484591","549","3456","24","","0","0","0","0"
"2486874","1222","3456","5","2023-09-04 23:51:04","1","0","0","1"
"2487022","1019","3456","27","2023-07-04 10:09:33","3","0","3","0"
"2487231","609","3456","6","","0","0","0","0"
"2488499","1055","3455","6","2023-10-05 08:17:20","6","0","1","5"
"2494561","980","3453","8","","0","0","0","0"
"2495115","540","3453","5","2023-04-19 22:42:24","2","2","0","0"
"2495207","861","3453","44","","0","0","0","0"
"2497152","506","3452","14","2023-09-20 17:35:25","10","4","0","6"
"2497288","1231","3452","7","2023-07-15 18:56:35","4","0","4","0"
"2498285","1191","3452","11","2023-12-14 15:22:01","10","0","5","5"
"2499739","904","3451","20","2023-08-03 09:49:28","1","0","0","1"
"2500027","1557","3451","7","2023-12-13 12:55:50","5","3","1","1"
"2500257","1394","3451","80","2024-01-12 18:50:49","8","5","1","2"
"2501471","1283","3451","7","","0","0","0","0"
"2501858","1575","3451","57","2024-01-26 16:09:12","11","3","6","2"
"2502331","988","3451","5","2023-09-22 16:28:09","3","0","1","2"
"2505567","1351","3450","6","2023-02-08 06:38:41","1","1","0","0"
"2505809","598","3450","21","2023-03-15 21:32:58","2","2","0","0"
"2505890","965","3450","18","","0","0","0","0"
"2506701","918","3450","9","2024-01-05 20:08:38","1","0","0","1"
"2508468","1140","3449","5","2023-12-29 00:15:03","4","0","1","3"
"2509042","1007","3449","9","","0","0","0","0"
"2512445","571","3448","6","2023-04-05 02:47:51","1","1","0","0"
"2513296","657","3447","6","2023-02-01 07:01:28","1","1","0","0"
"2513916","1592","3447","8","2023-03-15 15:56:14","1","1","0","0"
"2514157","711","3447","7","2023-10-25 04:35:17","6","1","2","3"
"2514961","688","3446","6","2023-10-04 21:58:49","5","0","4","1"
"2520298","1379","3445","6","2023-05-24 14:56:01","3","2","1","0"
"2520947","552","3445","10","","0","0","0","0"
"2521287","1697","3445","6","2023-05-03 17:11:45","1","0","1","0"
"2522782","673","3444","8","2024-01-22 19:40:49","12","2","5","5"
"2523462","922","3444","5","","0","0","0","0"
"2523899","908","3444","7","2023-11-28 07:48:19","13","5","4","4"
"2524335","996","3444","8","2023-12-31 16:29:16","1","0","0","1"
"2524798","502","3444","5","2023-09-06 13:38:45","7","3","0","4"
"2526059","648","3444","8","","0","0","0","0"
"2526278","1123","3443","7","2023-03-08 09:10:28","1","1","0","0"
"2526969","828","3443","58","2023-05-16 09:54:16","1","0","1","0"
"2528735","745","3443","15","2023-11-29 15:24:02","7","6","0","1"
"2528943","1659","3443","12","2023-11-07 13:55:26","10","1","5","4"
"2529261","928","3443","10","","0","0","0","0"
"2529330","1667","3443","6","","0","0","0","0"
"2529503","551","4253","6","","0","0","0","0"
"2531336","965","3442","5","","0","0","0","0"
"2533109","1820","3442","15","2023-09-23 15:28:32","3","2","0","1"
"2533926","1802","3441","10","2023-07-19 08:31:38","11","0","11","0"
"2537892","569","3439","5","","0","0","0","0"
"2539548","1997","3439","5","","0","0","0","0"
"2541138","1243","3438","8","","0","0","0","0"
"2542567","1312","3438","6","2023-06-08 08:51:21","3","1","2","0"
"2543424","1311","3438","6","2023-11-29 17:59:33","2","1","0","1"
"2544163","1387","3438","11","2023-10-11 13:22:27","1","0","0","1"
"2545197","1816","3437","6","","0","0","0","0"
"2546511","1148","3437","5","2023-08-31 01:29:10","6","2","2","2"
"2547324","1198","3437","7","2023-07-11 17:01:53","2","0","2","0"
"2547890","1071","3437","11","","0","0","0","0"
"2550810","1692","3436","6","2023-09-09 03:48:51","3","2","0","1"
"2551050","687","3436","7","2024-01-08 09:20:08","1","0","0","1"
"2552249","1074","3435","6","2023-08-29 07:07:45","1","0","0","1"
"2552918","1954","3435","5","2023-02-21 19:06:46","1","1","0","0"
"2554009","1387","3435","7","2023-02-04 19:25:57","1","1","0","0"
"2554363","949","3435","6","","0","0","0","0"
"2554662","594","3435","10","2023-07-26 16:47:04","1","0","1","0"
"2555515","1119","3434","10","2023-09-04 00:48:50","2","1","0","1"
"2557108","1738","3434","6","2023-12-11 13:20:40","11","3","6","2"
"2557844","1213","3433","9","","0","0","0","0"
"2559094","713","3432","9","","0","0","0","0"
"2560050","859","3432","7","","0","0","0","0"
"2560327","1343","3432","6","2023-05-04 19:43:21","1","0","1","0"
"2560750","1045","3432","11","2023-12-04 12:25:09","12","5","4","3"
"2561548","819","3432","17","","0","0","0","0"
"2561843","719","3432","8","","0","0","0","0"
"2562058","1886","3432","5","2024-01-08 12:38:09","6","1","4","1"
"2563422","1893","3431","14","2023-08-05 20:17:09","1","0","0","1"
"2564406","778","3431","15","2024-01-19 15:11:16","1","0","0","1"
"2565199","1221","3431","9","","0","0","0","0"
"2566593","762","3430","5","","0","0","0","0"
"2567797","1319","3430","14","","0","0","0","0"
"2568217","644","3430","5","2023-11-03 14:17:46","7","0","0","7"
"2568649","1810","3430","5","2023-12-17 16:19:42","3","0","0","3"
"2568974","1595","3430","5","2023-09-05 13:56:50","2","0","1","1"
"2569457","1641","4332","5","","0","0","0","0"
"2569789","757","3430","11","2023-02-11 17:07:23","1","1","0","0"
"2572967","649","3429","5","2023-10-19 09:45:04","1","0","0","1"
"2573075","633","3429","8","2023-12-10 22:17:13","1","0","0","1"
"2573334","1021","3429","6","2023-12-26 21:06:26","2","1","0","1"
"2576260","1047","3428","9","2024-01-02 09:06:51","2","0","0","2"
"2576372","1973","3428","5","2023-04-05 12:43:02","1","1","0","0"
"2577256","519","3428","8","","0","0","0","0"
"2578566","1124","3427","13","","0","0","0","0"
"2579468","572","3427","12","","0","0","0","0"
"2581977","789","3425","6","","0","0","0","0"
"2582050","1440","3425","11","","0","0","0","0"
"2582972","822","3425","11","2024-01-23 10:41:32","4","0","0","4"
"2587406","1540","3424","16","2023-11-22 16:35:03","5","2","1","2"
"2590615","1965","3423","6","2023-03-10 22:56:31","1","1","0","0"
"2590993","986","4250","8","","0","0","0","0"
"2591714","775","3423","11","2023-11-18 12:24:40","1","0","0","1"
"2591755","591","3423","11","","0","0","0","0"
"2592937","1740","3423","6","2023-06-03 15:49:36","1","0","1","0"
"2594454","991","3422","8","2023-05-11 00:53:32","3","1","2","0"
"2594735","862","3422","17","2023-12-26 18:04:47","14","3","0","11"
"2595985","1691","3422","17","","0","0","0","0"
"2598101","1306","3421","6","","0","0","0","0"
"2603421","915","3419","6","","0","0","0","0"
"2604307","615","3419","6","","0","0","0","0"
"2605566","522","3418","6","","0","0","0","0"
"2606261","579","3418","8","2023-05-13 19:59:29","2","1","1","0"
"2606766","1963","3418","14","2023-06-29 12:55:36","5","2","3","0"
"2607452","514","3418","5","","0","0","0","0"
"2612429","1974","3417","10","2023-12-15 14:45:41","2","0","1","1"
"2612592","587","3416","8","2023-06-28 16:02:37","1","0","1","0"
"2612640","1971","3416","6","","0","0","0","0"
"2613621","991","3416","5","","0","0","0","0"
"2613863","1254","3416","8","2023-02-28 21:36:38","1","1","0","0"
"2614619","701","3416","9","","0","0","0","0"
"2614805","1336","3416","5","","0","0","0","0"
"2615007","965","3416","23","","0","0","0","0"
"2616474","1772","3416","44","2023-12-09 10:32:22","4","1","1","2"
"2617176","918","3415","5","2023-12-01 11:19:10","16","0","2","14"
"2618576","1900","3415","5","2023-02-14 16:53:35","1","1","0","0"
"2620025","863","3415","65","2023-08-01 15:45:24","10","2","7","1"
"2620553","832","3415","5","2023-03-26 15:51:35","2","2","0","0"
"2620838","1013","3414","5","2023-09-10 13:35:15","4","0","3","1"
"2623045","754","3414","5","2023-11-24 13:35:49","1","0","0","1"
"2624884","671","3413","6","2023-02-07 03:53:59","1","1","0","0"
"2625176","976","3413","6","2023-08-24 08:45:15","26","1","1","24"
"2625393","1132","3413","24","2023-07-07 09:30:30","8","5","3","0"
"2626084","568","3413","6","","0","0","0","0"
"2626479","629","3413","5","2023-05-11 13:07:03","2","0","2","0"
"2627344","945","3647","9","2023-11-14 15:33:30","1","0","0","1"
"2627644","1523","3412","6","2023-03-16 08:20:47","2","2","0","0"
"2629311","711","3411","5","2024-01-19 16:23:49","2","0","0","2"
"2631304","1577","3411","6","2023-10-16 22:35:23","7","4","2","1"
"2632165","1375","3411","7","2023-07-10 12:23:18","1","0","1","0"
"2634317","959","3410","26","","0","0","0","0"
"2634944","903","3410","6","","0","0","0","0"
"2635151","772","3410","23","","0","0","0","0"
"2635942","503","3410","26","","0","0","0","0"
"2637074","622","3409","9","","0","0","0","0"
"2641425","1064","3408","6","2023-04-19 13:38:44","1","1","0","0"
"2643815","1786","3408","14","2023-12-11 15:42:20","18","6","4","8"
"2644016","681","3408","7","2023-12-04 23:42:02","2","0","1","1"
"2644842","1891","3407","10","2023-12-22 18:19:10","5","1","3","1"
"2645359","1158","3407","16","2023-08-15 10:13:44","3","1","1","1"
"2646974","1339","3407","5","","0","0","0","0"
"2647294","1967","3407","6","2023-04-04 10:08:30","2","2","0","0"
"2648444","1457","3406","6","","0","0","0","0"
"2648490","1057","3406","18","2023-06-06 20:05:52","2","0","2","0"
"2648798","1994","3406","5","2023-05-19 11:08:50","1","0","1","0"
"2649154","1878","3406","14","2023-05-21 15:06:33","6","4","2","0"
"2649506","1225","3406","9","2023-08-16 20:27:02","2","0","0","2"
"2651036","1892","3405","7","","0","0","0","0"
"2654154","1631","3404","8","2024-01-15 08:33:07","7","1","2","4"
"2655777","813","3403","9","2023-07-11 06:14:22","3","0","3","0"
"2657424","708","3403","7","2023-09-08 14:45:44","2","0","1","1"
"2658163","1445","3403","5","2023-12-14 20:36:10","4","1","1","2"
"2658820","1023","3402","9","","0","0","0","0"
"2660393","1768","3402","8","2023-12-19 16:59:08","2","1","0","1"
"2660839","1313","3402","5","2023-05-18 09:38:45","1","0","1","0"
"2660921","1713","3402","17","2023-07-06 22:40:54","1","0","1","0"
"2661511","510","3402","7","2023-11-07 23:42:35","5","2","1","2"
"2662728","525","3401","6","2023-02-16 21:52:43","1","1","0","0"
"2663959","1776","3401","6","2023-09-03 12:03:23","1","0","0","1"
"2666156","1803","3401","6","","0","0","0","0"
"2666502","1693","3400","38","","0","0","0","0"
"2666708","835","3400","5","","0","0","0","0"
"2668852","746","3400","6","2024-01-25 23:07:36","4","0","1","3"
"2669425","535","3400","5","","0","0","0","0"
"2670614","567","3399","10","2023-12-11 20:22:07","4","0","0","4"
"2670623","1488","3399","51","2023-11-16 13:38:41","14","9","4","1"
"2671045","1161","3399","25","2023-04-28 09:36:56","4","4","0","0"
"2671341","1564","3399","7","","0","0","0","0"
"2672617","846","3398","5","2023-05-30 14:04:49","2","1","1","0"
"2672844","1077","3398","37","2024-01-08 13:49:37","12","0","0","12"
"2673577","1453","3397","6","2023-10-19 07:43:23","1","0","0","1"
"2675139","1440","3397","21","2023-12-21 07:22:35","6","3","1","2"
"2677449","907","3396","8","2023-10-31 10:10:42","3","2","0","1"
"2679033","862","3396","13","2023-06-05 06:03:19","2","1","1","0"
"2682623","1142","3395","7","2023-06-07 18:10:21","6","0","6","0"
"2685402","1570","3394","5","2023-03-10 19:46:36","1","1","0","0"
"2685454","1132","3394","5","2023-09-27 09:03:09","4","2","0","2"
"2685897","652","3394","7","2023-05-23 19:06:01","2","0","2","0"
"2688175","1608","3393","30","2023-10-07 03:37:55","4","0","0","4"
"2688478","1002","3393","9","","0","0","0","0"
"2689806","638","3393","5","2024-01-22 06:46:44","6","2","3","1"
"2692704","893","3392","5","2023-04-22 11:08:58","12","12","0","0"
"2693608","1192","3391","17","2023-12-01 01:40:33","3","0","0","3"
"2695582","511","3390","7","","0","0","0","0"
"2695981","801","3390","5","","0","0","0","0"
"2697359","752","3390","8","","0","0","0","0"
"2703813","925","3388","19","","0","0","0","0"
"2704776","714","3388","16","2023-12-15 17:20:41","5","0","3","2"
"2705223","1376","3388","5","2023-09-28 02:54:18","2","1","0","1"
"2709454","1746","3386","27","2023-12-09 03:37:05","24","6","5","13"
"2709871","1922","3386","8","2023-12-25 08:46:38","3","0","0","3"
"2710675","798","3386","6","2023-12-19 06:33:08","6","0","3","3"
"2710849","1103","3386","8","","0","0","0","0"
"2711210","1047","3386","8","2023-10-07 07:59:50","1","0","0","1"
"2713263","1276","3385","9","2023-02-06 03:55:51","6","6","0","0"
"2713533","1903","3385","5","2023-06-09 04:10:03","3","2","1","0"
"2713855","1736","3385","6","","0","0","0","0"
"2714285","1491","3385","16","2023-12-22 09:29:31","8","1","0","7"
"2716218","1460","3384","8","2023-08-03 08:24:56","1","0","0","1"
"2718856","857","3383","10","2023-07-26 17:41:50","4","0","4","0"
"2720256","649","3382","7","","0","0","0","0"
"2722247","936","3382","6","2023-12-29 07:52:59","2","0","0","2"
"2723298","538","3382","9","2023-02-12 12:26:50","1","1","0","0"
"2725253","692","3381","10","","0","0","0","0"
"2726543","1719","3381","9","2024-01-17 01:09:37","20","0","17","3"
"2728841","1477","3380","5","2023-11-26 17:21:50","8","3","0","5"
"2728925","607","3380","5","","0","0","0","0"
"2729658","904","3380","21","2023-02-07 15:05:26","1","1","0","0"
"2730395","585","3380","40","2023-02-02 15:18:58","1","1","0","0"
"2738782","1320","3376","5","","0","0","0","0"
"2742007","684","3375","19","2023-12-01 01:23:22","2","1","0","1"
"2743131","1547","3375","20","2023-06-06 15:55:22","1","0","1","0"
"2743486","1372","3375","7","2023-10-17 08:48:08","1","0","0","1"
"2743774","680","3375","10","","0","0","0","0"
"2746366","1178","3374","15","","0","0","0","0"
"2746883","1871","3374","6","","0","0","0","0"
"2747888","687","3374","8","2023-08-21 11:16:29","2","1","0","1"
"2748019","591","3374","5","2023-05-11 21:21:06","4","3","1","0"
"2750734","566","3373","5","","0","0","0","0"
"2751224","1639","3373","59","2023-07-06 06:08:20","3","0","3","0"
"2752308","709","3373","8","2024-01-09 13:24:20","8","0","2","6"
"2752595","1087","3372","5","2023-09-20 15:30:17","4","0","0","4"
"2753624","701","3372","5","2023-09-27 04:45:29","1","0","0","1"
"2754939","1679","3372","18","2024-01-06 12:29:30","13","0","3","10"
"2756236","893","3371","6","","0","0","0","0"
"2756243","1057","3371","5","","0","0","0","0"
"2756517","1245","3371","5","","0","0","0","0"
"2760506","1355","3369","27","2023-11-02 17:36:58","6","1","2","3"
"2760635","547","3369","12","","0","0","0","0"
"2760723","541","3369","20","","0","0","0","0"
"2760773","759","3369","12","","0","0","0","0"
"2761355","814","3369","5","2023-10-12 07:13:22","3","0","0","3"
"2761808","619","3369","8","2024-01-09 07:10:02","5","1","0","4"
"2762187","1308","3369","5","2024-01-30 19:39:27","3","1","1","1"
"2763598","855","3368","5","2023-03-06 15:26:05","7","7","0","0"
"2763895","1509","3368","9","","0","0","0","0"
"2768937","997","3367","15","2023-12-19 23:31:03","19","13","5","1"
"2769061","556","3367","7","","0","0","0","0"
"2769179","1108","3367","5","2023-04-05 14:25:57","3","3","0","0"
"2769852","707","3367","6","","0","0","0","0"
"2777229","590","3365","8","","0","0","0","0"
"2780319","516","3363","18","","0","0","0","0"
"2781115","1517","3363","11","","0","0","0","0"
"2783487","1413","3362","5","2023-08-23 17:52:48","1","0","0","1"
"2787839","562","3361","6","2023-11-27 08:40:53","11","0","3","8"
"2788187","717","3361","10","2023-12-08 21:01:02","2","0","1","1"
"2788483","718","3361","5","","0","0","0","0"
"2789641","1677","3360","31","2023-08-29 16:06:01","3","0","0","3"
"2789756","857","3360","6","","0","0","0","0"
"2791947","645","3360","5","2023-10-16 10:45:13","1","0","0","1"
"2792280","1140","3360","5","","0","0","0","0"
"2794759","667","3359","5","2024-01-20 11:59:57","2","0","0","2"
"2795533","592","3359","18","","0","0","0","0"
"2797460","1456","3358","6","2024-01-04 19:45:07","1","0","0","1"
"2800435","1164","3358","5","2023-09-06 21:10:26","1","0","0","1"
"2801259","1010","3357","19","2023-05-07 23:01:38","4","2","2","0"
"2805387","1552","3355","9","2024-01-06 23:03:49","3","0","1","2"
"2805824","1141","3355","6","2023-04-11 08:40:42","4","4","0","0"
"2807177","1561","3355","40","","0","0","0","0"
"2809176","1353","3354","5","","0","0","0","0"
"2809749","534","3354","8","2023-03-16 20:14:01","1","1","0","0"
"2814667","1218","3353","8","2024-01-04 10:31:07","6","1","0","5"
"2815350","1181","3353","7","2023-07-04 14:00:01","1","0","1","0"
"2816429","1067","3353","46","2023-02-28 10:01:20","2","2","0","0"
"2816597","1728","3353","10","2023-03-13 06:51:00","1","1","0","0"
"2816604","1109","3353","27","2023-09-14 09:51:32","7","5","0","2"
"2817604","1314","3352","6","","0","0","0","0"
"2819873","514","3352","11","","0","0","0","0"
"2819922","1845","3352","11","2024-01-02 11:25:58","12","7","1","4"
"2820150","791","3352","26","","0","0","0","0"
"2821252","1102","3352","9","","0","0","0","0"
"2822680","1927","3351","7","2023-07-29 08:37:26","9","1","8","0"
"2822774","946","3351","5","","0","0","0","0"
"2823494","1345","3351","5","2023-09-25 13:31:08","1","0","0","1"
"2824100","1417","3351","14","2023-09-02 22:07:23","3","0","1","2"
"2824786","748","3351","8","","0","0","0","0"
"2825284","1089","3351","6","2023-03-21 16:09:52","1","1","0","0"
"2826112","1495","3350","20","","0","0","0","0"
"2827582","1553","3349","6","2023-06-17 00:21:12","2","1","1","0"
"2828026","1089","3349","5","2024-01-26 00:34:04","12","0","0","12"
"2834898","1279","3347","5","","0","0","0","0"
"2835151","1288","3347","25","2023-04-14 11:19:04","1","1","0","0"
"2835684","541","3347","7","2023-09-15 10:35:24","1","0","0","1"
"2836301","1148","3347","8","2023-12-21 15:28:34","2","0","0","2"
"2836874","1591","3346","33","","0","0","0","0"
"2838941","1680","3346","7","","0","0","0","0"
"2841501","830","3345","60","2024-01-30 22:31:01","10","0","1","9"
"2841855","1124","3345","8","","0","0","0","0"
"2843172","1308","3345","5","2023-06-20 22:06:00","2","0","2","0"
"2844703","870","3345","8","2023-07-24 17:59:54","27","0","27","0"
"2846307","569","3344","6","","0","0","0","0"
"2850898","818","3342","12","2023-08-14 16:50:50","6","1","4","1"
"2851528","888","3342","5","2023-02-08 12:03:35","2","2","0","0"
"2852128","605","3342","5","","0","0","0","0"
"2854252","897","3341","13","2023-08-04 07:32:01","7","0","1","6"
"2858084","1347","3340","21","","0","0","0","0"
"2860309","1075","3340","7","2024-01-28 11:56:12","13","1","3","9"
"2860701","676","3340","6","2023-12-08 13:27:32","4","1","0","3"
"2861913","505","3339","7","","0","0","0","0"
"2863194","879","3339","5","2023-06-05 05:44:34","1","0","1","0"
"2863439","1954","3339","15","","0","0","0","0"
"2866210","1226","3338","21","2023-09-26 08:17:17","4","0","2","2"
"2869143","547","3338","6","2023-10-31 06:27:30","1","0","0","1"
"2869332","891","3337","21","","0","0","0","0"
"2869674","1502","3337","14","2023-05-09 23:49:26","5","4","1","0"
"2874028","1230","3336","6","","0","0","0","0"
"2875452","1840","3335","8","2024-01-13 16:51:58","5","1","0","4"
"2877168","1010","3335","10","","0","0","0","0"
"2877183","502","3335","6","2023-10-04 20:52:53","1","0","0","1"
"2880947","1519","3333","11","","0","0","0","0"
"2881865","1988","3333","15","2023-11-15 07:30:00","2","0","0","2"
"2881888","1411","3333","6","2024-01-19 09:51:40","3","1","0","2"
"2882472","1955","3333","11","","0","0","0","0"
"2882778","1120","3333","15","2023-05-08 14:14:52","1","0","1","0"
"2882913","1404","3333","7","2023-06-10 16:39:04","2","1","1","0"
"2883282","1773","3333","7","","0","0","0","0"
"2883500","1033","3333","5","2023-09-07 17:33:53","3","2","0","1"
"2886158","1019","3332","23","2023-07-10 06:26:29","1","0","1","0"
"2886599","605","3332","6","","0","0","0","0"
"2886688","1162","3332","15","2023-11-22 11:16:46","8","5","2","1"
"2886770","544","3332","7","","0","0","0","0"
"2888187","548","3332","6","","0","0","0","0"
"2890048","1795","3331","7","2023-03-30 18:12:19","3","3","0","0"
"2890634","543","3331","5","","0","0","0","0"
"2891027","776","3331","6","2024-01-25 11:03:19","1","0","0","1"
"2892208","1043","3331","12","2023-02-01 15:34:24","1","1","0","0"
"2894345","600","3330","5","2023-10-20 10:47:14","6","3","0","3"
"2894790","1718","3330","35","2023-05-14 06:11:24","1","0","1","0"
"2894909","1023","3330","8","","0","0","0","0"
"2895156","1481","3330","29","2023-10-06 14:01:23","21","7","3","11"
"2896880","1586","3329","7","2023-12-08 19:40:30","3","1","0","2"
"2897683","835","3329","5","2023-03-09 14:15:21","1","1","0","0"
"2898163","1272","3329","12","2023-04-27 09:17:32","1","1","0","0"
"2899882","579","3328","15","","0","0","0","0"
"2902161","1443","3327","8","","0","0","0","0"
"2903391","936","3327","8","2023-05-17 10:52:42","1","0","1","0"
"2906157","688","3326","8","2023-02-04 01:43:00","1","1","0","0"
"2910473","776","3325","8","","0","0","0","0"
"2910841","1269","3325","13","2023-05-23 10:57:55","14","9","5","0"
"2911452","534","3325","9","","0","0","0","0"
"2912101","1666","3325","39","2024-01-08 12:27:17","1","0","0","1"
"2913290","906","3325","16","2023-02-11 17:14:37","1","1","0","0"
"2914935","1328","3324","7","2023-12-03 18:42:59","8","3","0","5"
"2915615","895","3324","34","2023-07-12 11:45:01","4","0","4","0"
"2917183","1218","3324","10","2024-01-24 16:50:20","1","0","0","1"
"2917390","649","3324","5","","0","0","0","0"
"2919353","869","3323","10","2023-10-19 05:22:14","11","6","2","3"
"2921426","1638","3323","15","","0","0","0","0"
"2921519","1849","3323","11","2023-09-09 08:18:00","4","3","0","1"
"2923419","1095","3322","6","2023-04-22 18:13:38","1","1","0","0"
"2924373","1495","3321","43","2023-12-26 18:54:32","1","0","0","1"
"2924810","1241","3321","5","","0","0","0","0"
"2926257","815","3321","9","","0","0","0","0"
"2926260","1034","3321","8","2024-01-26 16:06:08","4","0","2","2"
"2926779","1277","3320","32","2023-04-24 22:25:49","2","2","0","0"
"2926815","1070","3320","9","2023-08-07 23:47:21","5","0","4","1"
"2928233","1330","3320","5","2023-05-08 14:19:21","2","1","1","0"
"2928449","1280","3320","5","2023-10-18 14:10:16","1","0","0","1"
"2929352","696","3320","13","2023-04-01 22:37:55","2","2","0","0"
"2929677","554","3320","7","2023-07-07 01:19:50","1","0","1","0"
"2930596","1599","3319","7","2023-07-20 07:43:40","4","1","3","0"
"2930834","1329","3319","10","2023-06-02 12:56:12","1","0","1","0"
"2935661","780","3318","10","","0","0","0","0"
"2935953","1619","3318","33","2023-10-03 15:50:03","1","0","0","1"
"2938059","685","3629","6","2023-08-24 19:25:59","3","2","0","1"
"2940502","1657","3317","6","2023-11-29 08:14:51","3","1","1","1"
"2940733","1290","3317","7","2023-09-22 18:57:27","4","3","0","1"
"2941652","624","3317","5","2023-05-22 06:21:58","2","1","1","0"
"2945274","574","3316","9","2023-11-16 11:00:00","1","0","0","1"
"2945977","1442","3316","13","","0","0","0","0"
"2946783","1065","3315","24","2023-02-09 18:30:12","1","1","0","0"
"2947350","1023","3315","5","2023-07-11 18:01:01","2","0","2","0"
"2947589","1079","3315","5","2023-05-03 06:23:58","1","0","1","0"
"2947765","901","3315","7","2023-09-11 16:17:42","3","0","1","2"
"2949184","1543","3314","5","2023-12-12 15:20:28","1","0","0","1"
"2949645","1046","3314","5","","0","0","0","0"
"2950649","1140","3314","7","2023-11-15 13:18:57","3","1","1","1"
"2951044","1259","3314","8","2023-09-07 14:18:23","11","1","4","6"
"2952180","1904","3313","17","","0","0","0","0"
"2952838","1563","3313","5","2023-10-30 19:56:44","2","0","1","1"
"2952847","1359","3313","9","2023-03-31 20:44:15","3","3","0","0"
"2953345","614","3313","59","","0","0","0","0"
"2956276","1353","3312","8","2024-01-30 19:35:36","4","1","2","1"
"2956477","1358","3312","11","2023-08-05 12:57:03","2","1","0","1"
"2956953","546","3312","52","","0","0","0","0"
"2957102","1865","3312","5","2023-11-29 14:35:26","12","1","3","8"
"2958717","634","3311","23","2023-10-26 02:09:21","2","0","1","1"
"2959880","1845","3311","7","","0","0","0","0"
"2959918","795","3311","18","","0","0","0","0"
"2960388","1031","3311","9","2023-10-22 21:40:16","8","2","4","2"
"2960708","802","3311","6","","0","0","0","0"
"2960757","1702","3311","26","2023-11-13 15:18:28","3","0","0","3"
"2961523","1416","3311","6","","0","0","0","0"
"2961550","1429","3311","8","2023-12-04 19:01:22","1","0","0","1"
"2961609","1776","3311","7","2023-12-28 15:39:50","3","0","0","3"
"2961873","1982","3311","9","2023-09-18 12:28:52","2","0","1","1"
"2962444","672","3311","6","","0","0","0","0"
"2962705","1120","3311","15","2023-12-16 21:27:51","12","5","6","1"
"2963261","1546","3310","7","2023-04-09 02:11:44","1","1","0","0"
"2964111","745","3310","22","","0","0","0","0"
"2964911","1717","3310","13","2023-10-06 17:22:48","4","1","2","1"
"2965537","1103","3310","7","","0","0","0","0"
"2966790","919","3310","10","2023-12-30 06:41:53","21","2","16","3"
"2967697","788","3309","5","2023-07-04 23:11:45","1","0","1","0"
"2971343","884","3308","17","2023-12-04 07:47:59","1","0","0","1"
"2971549","1034","3308","6","","0","0","0","0"
"2971795","1467","3308","7","","0","0","0","0"
"2971847","1968","3308","6","2023-06-29 17:22:22","1","0","1","0"
"2972027","519","3308","6","","0","0","0","0"
"2976142","1934","3307","15","","0","0","0","0"
"2976299","1023","3307","7","2023-12-27 11:02:19","8","1","1","6"
"2977164","1883","3307","9","2023-10-24 13:22:33","1","0","0","1"
"2978502","1030","3306","7","","0","0","0","0"
"2980864","875","3306","15","2023-07-06 12:05:48","10","8","2","0"
"2981328","723","3305","11","2024-01-27 10:00:47","5","1","0","4"
"2983489","1515","3305","6","","0","0","0","0"
"2984058","917","3305","6","2023-10-23 08:20:13","1","0","0","1"
"2984139","550","3305","6","","0","0","0","0"
"2986344","788","3304","39","","0","0","0","0"
"2986652","508","3304","6","","0","0","0","0"
"2990302","1706","3303","9","2023-03-19 15:24:43","6","6","0","0"
"2991105","1979","3303","10","2023-03-30 07:50:29","2","2","0","0"
"2993440","1531","3303","5","2023-06-09 00:23:47","2","1","1","0"
"2993875","1122","3303","7","2023-07-12 08:13:01","5","0","5","0"
"2995560","776","3302","15","2023-05-02 08:29:36","2","1","1","0"
"2996576","813","3302","28","","0","0","0","0"
"2996802","1797","3302","10","2024-01-29 15:33:54","16","3","6","7"
"3000291","985","3301","6","","0","0","0","0"
"3000493","500","3301","9","2023-02-13 14:09:50","1","1","0","0"
"3000503","1689","3301","19","2023-10-12 20:36:50","6","3","1","2"
"3001432","560","3300","7","2023-07-06 08:26:34","1","0","1","0"
"3001897","1785","3300","5","2023-11-14 14:42:24","2","0","1","1"
"3004162","1062","3299","6","2023-10-13 14:18:23","5","4","0","1"
"3005235","1235","3299","8","2023-11-30 13:43:40","9","0","1","8"
"3006039","1594","3299","5","","0","0","0","0"
"3006813","1781","3298","19","2024-01-03 23:25:35","12","4","1","7"
"3010548","1869","3298","31","2023-10-19 02:25:49","18","2","3","13"
"3014458","896","3297","10","","0","0","0","0"
"3017626","1276","3296","11","","0","0","0","0"
"3018000","606","3296","23","2023-10-21 16:29:40","2","0","1","1"
"3018285","830","3296","19","2024-01-11 10:44:46","7","1","0","6"
"3019002","794","3296","5","2023-10-01 19:20:17","2","0","0","2"
"3019198","1128","3296","9","2023-12-03 16:29:07","6","1","0","5"
"3019376","751","3296","6","2024-01-19 00:42:59","5","2","0","3"
"3021082","984","3295","7","","0","0","0","0"
"3021582","1239","3295","71","","0","0","0","0"
"3022387","864","3295","18","","0","0","0","0"
"3025391","1549","3294","14","2023-12-08 11:45:04","4","1","0","3"
"3027604","823","3293","6","2023-09-23 09:43:38","2","0","1","1"
"3029019","547","3293","6","2023-06-04 06:23:00","1","0","1","0"
"3029882","1508","3292","5","","0","0","0","0"
"3030612","674","3292","6","2023-05-02 09:31:44","1","0","1","0"
"3036058","1573","3291","7","2023-09-14 10:41:59","1","0","0","1"
"3036070","609","3291","15","2023-11-10 20:20:07","4","1","2","1"
"3036567","577","3291","20","2023-02-03 18:40:13","1","1","0","0"
"3037687","501","3291","5","","0","0","0","0"
"3037713","1184","3291","12","2024-01-15 07:59:32","1","0","0","1"
"3038456","582","3291","6","2023-04-18 11:26:31","1","1","0","0"
"3041683","773","3290","6","","0","0","0","0"
"3042031","929","3290","20","2023-12-15 12:43:16","5","1","1","3"
"3042643","726","3290","12","2023-05-11 14:48:16","1","0","1","0"
"3043407","543","3290","5","","0","0","0","0"
"3043719","1091","3290","7","","0","0","0","0"
"3044126","1084","3289","29","2023-02-19 00:14:58","1","1","0","0"
"3048431","1936","3288","5","","0","0","0","0"
"3049036","1621","3288","10","2023-07-09 10:24:44","2","1","1","0"
"3051041","984","3287","5","","0","0","0","0"
"3051279","618","3287","9","","0","0","0","0"
"3052074","1668","3287","17","","0","0","0","0"
"3053899","845","3286","7","2023-09-20 08:47:25","1","0","0","1"
"3054394","534","3286","8","","0","0","0","0"
"3054766","534","3286","13","2024-01-25 14:38:10","2","0","0","2"
"3055269","771","3286","9","","0","0","0","0"
"3056710","1699","3285","12","","0","0","0","0"
"3057100","890","3285","23","","0","0","0","0"
"3057358","726","3285","5","","0","0","0","0"
"3061212","922","3284","5","2023-03-08 13:29:01","4","4","0","0"
"3061401","1238","3284","11","2023-06-20 06:49:35","2","1","1","0"
"3062438","1553","3284","5","2023-04-23 18:09:14","3","3","0","0"
"3062484","674","3284","10","","0","0","0","0"
"3062971","1622","3284","37","2023-12-06 17:01:52","47","10","20","17"
"3064704","670","3283","7","2023-10-31 06:29:02","3","1","0","2"
"3065781","980","3283","10","2023-08-11 06:32:09","2","1","0","1"
"3065971","848","3283","43","","0","0","0","0"
"3066827","564","3283","5","","0","0","0","0"
"3067684","1278","3283","11","2023-06-29 10:26:42","1","0","1","0"
"3070613","1033","3282","7","2023-04-10 21:21:15","1","1","0","0"
"3071712","1558","3282","10","","0","0","0","0"
"3072175","811","3282","6","","0","0","0","0"
"3072640","1643","3281","6","","0","0","0","0"
"3075000","1080","3281","5","","0","0","0","0"
"3075859","515","3281","7","","0","0","0","0"
"3077712","1542","3280","13","","0","0","0","0"
"3078446","914","3280","5","","0","0","0","0"
"3079831","632","3279","14","2024-01-07 17:11:45","5","2","1","2"
"3080610","1599","3279","7","","0","0","0","0"
"3082542","643","3278","6","2024-01-30 21:29:34","5","1","3","1"
"3085617","1577","3960","10","2023-08-16 15:25:43","3","0","0","3"
"3085642","761","3277","6","2024-01-22 07:21:26","18","1","13","4"
"3087839","1583","3277","29","","0","0","0","0"
"3088597","664","3277","7","","0","0","0","0"
"3088891","1253","3277","11","2023-10-17 18:21:35","3","1","0","2"
"3090156","1964","3276","5","2023-11-05 10:22:24","3","0","1","2"
"3090890","924","3276","11","2024-01-10 07:59:47","11","4","2","5"
"3091172","515","3276","8","","0","0","0","0"
"3094755","1651","3275","5","2024-01-24 11:12:38","5","1","0","4"
"3095179","893","3275","7","","0","0","0","0"
"3095259","1038","3275","5","","0","0","0","0"
"3095500","1136","3275","13","2023-12-04 11:19:43","6","1","3","2"
"3097516","1003","3275","6","","0","0","0","0"
"3098672","1352","3274","28","","0","0","0","0"
"3098961","784","3274","6","2023-09-21 13:31:47","2","0","0","2"
"3100409","578","3274","12","","0","0","0","0"
"3100570","606","3274","10","","0","0","0","0"
"3101403","802","3273","10","","0","0","0","0"
"3102035","990","3273","51","2023-03-23 22:55:04","3","3","0","0"
"3102234","1915","3273","22","","0","0","0","0"
"3103548","1980","3272","5","2023-02-07 09:52:11","1","1","0","0"
"3104312","1475","3272","9","2023-07-28 17:01:29","1","0","1","0"
"3107019","1158","3271","6","2024-01-13 10:24:53","4","0","1","3"
"3107064","566","3271","21","2023-02-15 12:01:26","2","2","0","0"
"3109425","719","3270","10","","0","0","0","0"
"3111290","643","3270","10","","0","0","0","0"
"3112241","1110","3270","5","2023-02-10 05:55:14","1","1","0","0"
"3112724","1206","3270","5","","0","0","0","0"
"3113377","1516","3269","5","2023-12-18 13:36:22","2","0","0","2"
"3116904","539","3269","8","","0","0","0","0"
"3120345","832","3268","17","2024-01-24 17:18:04","5","0","4","1"
"3120387","1540","3268","5","2023-03-20 06:48:52","3","3","0","0"
"3121518","1584","3267","10","2024-01-12 05:00:53","4","1","1","2"
"3123272","1431","3267","6","2023-11-06 19:17:56","3","1","0","2"
"3126994","1527","3265","12","","0","0","0","0"
"3127015","678","3265","7","","0","0","0","0"
"3127170","1064","3265","5","","0","0","0","0"
"3130549","1273","3264","7","","0","0","0","0"
"3132351","1064","3263","15","2023-07-09 13:07:15","1","0","1","0"
"3132408","1834","3263","9","","0","0","0","0"
"3134015","636","3262","5","2023-12-22 08:08:50","4","1","2","1"
"3135332","1340","3262","16","2023-11-14 09:44:51","1","0","0","1"
"3136686","639","3261","10","2023-11-11 16:03:32","4","1","1","2"
"3139228","988","3260","7","2024-01-04 14:57:15","8","1","2","5"
"3142385","668","3259","17","","0","0","0","0"
"3142450","933","3259","18","2024-01-26 18:05:00","10","3","2","5"
"3142472","1315","3259","6","2023-08-17 07:22:19","1","0","0","1"
"3143009","1634","3258","15","2023-02-04 04:32:56","1","1","0","0"
"3144373","1200","3258","5","","0","0","0","0"
"3144924","1160","3258","7","","0","0","0","0"
"3145115","1395","3257","37","2023-08-22 05:19:33","10","7","0","3"
"3149048","537","3256","5","2023-04-12 07:42:27","1","1","0","0"
"3150981","1709","3255","9","2024-01-31 12:35:29","2","1","0","1"
"3153039","513","3254","5","2023-11-01 10:02:36","5","2","1","2"
"3154987","1842","3254","5","","0","0","0","0"
"3155183","945","3254","44","2023-11-16 13:00:34","1","0","0","1"
"3157257","1561","3253","7","2024-01-09 05:18:44","4","0","3","1"
"3158633","744","3253","5","","0","0","0","0"
"3160323","765","3252","8","","0","0","0","0"
"3162368","1757","3251","26","2023-11-23 17:31:58","7","0","0","7"
"3163116","591","3251","14","","0","0","0","0"
"3164091","1537","3250","6","2023-07-07 06:59:28","1","0","1","0"
"3164100","1353","3250","29","2023-04-28 00:55:34","2","2","0","0"
"3164227","852","3250","20","2024-01-15 14:11:25","15","7","4","4"
"3165499","782","3250","6","","0","0","0","0"
"3165785","738","3250","19","2023-11-30 17:00:27","7","1","2","4"
"3167443","1136","3249","7","2023-05-20 14:23:35","2","0","2","0"
"3168770","1508","3249","17","2023-03-28 11:50:51","1","1","0","0"
"3169238","863","3249","10","2023-12-13 10:44:59","21","15","0","6"
"3172556","798","3248","5","2023-02-13 08:45:24","1","1","0","0"
"3173271","1277","3248","6","2023-11-06 07:01:55","4","0","2","2"
"3173923","780","3248","7","2024-01-18 21:16:54","21","4","8","9"
"3174731","1386","3248","9","2023-03-30 16:50:37","1","1","0","0"
"3175085","1025","3248","9","2023-10-17 09:52:52","6","3","2","1"
"3175384","1879","3248","9","2023-07-04 06:48:05","4","3","1","0"
"3175889","1393","3247","63","","0","0","0","0"
"3178477","740","3247","6","2023-08-17 19:16:09","1","0","0","1"
"3179957","1559","3246","19","2023-09-10 23:16:21","2","0","0","2"
"3181021","1479","3246","7","2023-04-10 12:24:18","1","1","0","0"
"3181258","1300","3246","12","2023-11-17 12:13:24","6","0","2","4"
"3182079","1799","3246","12","2024-01-13 09:05:31","6","3","0","3"
"3182102","1757","3246","5","","0","0","0","0"
"3182775","1129","3246","6","","0","0","0","0"
"3183454","1079","3246","5","2023-06-08 08:03:12","38","31","7","0"
"3184195","662","3245","6","2023-10-06 01:18:56","2","1","0","1"
"3184950","1517","3245","13","2023-03-08 09:14:27","2","2","0","0"
"3185545","1274","3245","9","2023-07-26 15:44:18","11","9","2","0"
"3185747","1985","3245","5","","0","0","0","0"
"3187374","681","3244","8","2023-09-01 15:49:15","1","0","0","1"
"3188225","671","3244","7","2023-04-27 10:44:50","3","3","0","0"
"3189850","744","3243","15","2023-05-21 11:41:20","1","0","1","0"
"3190976","518","3243","5","","0","0","0","0"
"3192218","893","3243","5","","0","0","0","0"
"3192634","628","3242","5","","0","0","0","0"
"3192775","1521","3242","22","2023-05-11 18:35:53","2","1","1","0"
"3193413","682","3242","5","2023-12-11 17:19:36","1","0","0","1"
"3194618","1492","3242","38","2023-12-06 15:58:41","6","1","3","2"
"3197080","1075","3241","5","","0","0","0","0"
"3198638","739","3241","19","2023-05-17 13:47:52","3","2","1","0"
"3199081","1151","3241","7","","0","0","0","0"
"3200552","805","3240","9","2023-04-26 21:17:41","3","3","0","0"
"3201578","1048","3240","11","2023-06-06 19:11:11","3","0","3","0"
"3204453","1744","3240","5","2024-01-11 08:05:06","10","3","3","4"
"3208225","1839","3239","10","2023-02-14 07:46:12","2","2","0","0"
"3208573","1043","3239","14","2023-10-26 08:49:32","4","2","0","2"
"3210331","1654","3238","5","2023-05-26 00:09:43","1","0","1","0"
"3211648","645","3237","6","2023-04-17 11:57:00","1","1","0","0"
"3211710","1604","3237","19","2023-09-28 06:35:34","6","3","2","1"
"3211801","882","3237","15","2023-04-18 08:31:19","3","3","0","0"
"3211872","1514","3237","12","2023-08-22 02:02:33","3","2","0","1"
"3212379","1605","3237","10","2023-08-20 13:19:19","5","1","0","4"
"3215301","1734","3236","6","2024-01-19 16:56:48","2","0","0","2"
"3215705","945","3236","12","","0","0","0","0"
"3218652","568","3235","33","2023-10-09 11:57:50","1","0","0","1"
"3219777","1560","3235","8","2024-01-24 12:07:09","4","1","0","3"
"3224608","1948","3234","8","","0","0","0","0"
"3227092","1774","3233","5","","0","0","0","0"
"3229301","1076","3233","7","2023-07-25 17:04:01","9","7","2","0"
"3237248","906","3230","7","","0","0","0","0"
"3238658","709","3230","5","2023-12-20 11:12:03","1","0","0","1"
"3239534","574","3229","5","2023-03-27 21:31:23","2","2","0","0"
"3240410","1367","3229","6","2023-02-28 11:09:13","1","1","0","0"
"3243040","1757","3228","10","","0","0","0","0"
"3243751","1313","3228","8","2024-01-24 16:43:36","8","4","1","3"
"3244389","690","3228","13","","0","0","0","0"
"3245247","626","3228","6","","0","0","0","0"
"3245486","1895","3228","5","2023-05-24 13:12:11","1","0","1","0"
"3247081","1163","3227","7","","0","0","0","0"
"3247425","718","3227","6","","0","0","0","0"
"3248882","1349","3227","6","2023-11-17 06:49:35","6","1","0","5"
"3249399","1148","3227","33","2023-08-21 20:35:22","5","0","4","1"
"3250569","733","3227","6","2023-05-10 13:52:13","1","0","1","0"
"3251429","933","3226","16","2023-04-17 15:42:48","2","2","0","0"
"3252327","747","3226","46","","0","0","0","0"
"3252391","1956","3226","81","2023-05-20 07:01:43","6","5","1","0"
"3253203","1032","3226","6","2023-06-18 06:59:13","7","1","6","0"
"3253758","1130","3226","6","","0","0","0","0"
"3256843","1632","3225","58","2023-12-15 16:05:22","16","7","3","6"
"3257084","812","3225","42","","0","0","0","0"
"3257196","628","3225","5","2023-09-26 03:43:04","2","0","0","2"
"3257387","1267","3225","7","2023-12-20 06:21:21","4","1","0","3"
"3257901","1090","3225","8","","0","0","0","0"
"3260953","1151","3224","6","","0","0","0","0"
"3264362","1324","3222","10","","0","0","0","0"
"3266845","1092","3222","13","2023-10-11 18:02:02","3","0","1","2"
"3266929","531","3222","5","","0","0","0","0"
"3271648","812","3221","19","","0","0","0","0"
"3272407","654","3221","5","2023-02-15 21:20:50","1","1","0","0"
"3273130","1775","3220","12","2023-06-28 15:54:29","7","4","3","0"
"3275520","596","3220","7","","0","0","0","0"
"3278064","1599","3219","8","","0","0","0","0"
"3279034","1588","3219","9","2024-01-09 14:51:49","1","0","0","1"
"3279163","1155","3219","7","2023-10-19 17:53:14","12","0","0","12"
"3280644","608","3219","7","","0","0","0","0"
"3280891","767","3219","5","2023-02-21 22:53:11","1","1","0","0"
"3282496","1351","3218","5","2024-01-03 04:34:23","7","3","1","3"
"3283003","1306","3218","15","","0","0","0","0"
"3284175","881","3218","6","2023-10-07 02:22:00","4","1","1","2"
"3285866","681","3218","5","2024-01-01 12:26:16","2","1","0","1"
"3286743","1207","3217","7","2023-07-26 11:22:12","4","0","4","0"
"3286847","758","3217","6","","0","0","0","0"
"3288041","1652","3217","15","","0","0","0","0"
"3290745","1883","3216","20","2023-08-16 13:44:48","4","3","0","1"
"3292527","1523","3215","13","2023-10-18 06:11:21","3","2","0","1"
"3292585","683","3215","6","","0","0","0","0"
"3292591","1835","3215","11","","0","0","0","0"
"3293320","528","3215","8","2023-12-08 15:01:14","5","2","0","3"
"3293436","590","3215","6","2023-05-12 10:30:08","1","0","1","0"
"3296422","536","3214","7","2023-05-04 15:02:34","1","0","1","0"
"3297163","837","3214","13","2024-01-25 11:30:24","13","5","4","4"
"3297836","704","3214","10","2023-03-03 06:47:24","1","1","0","0"
"3298175","873","3214","8","","0","0","0","0"
"3299432","547","3214","10","2023-11-06 20:37:31","4","1","2","1"
"3299460","822","3214","12","","0","0","0","0"
"3300796","961","3213","6","2023-11-02 17:53:31","3","1","1","1"
"3300911","1665","3213","5","","0","0","0","0"
"3301376","1132","3213","8","","0","0","0","0"
"3304179","1263","3212","5","2024-01-16 04:36:56","3","0","0","3"
"3305737","1852","3212","47","2024-01-29 16:31:25","10","2","6","2"
"3306097","1416","3212","15","2023-04-03 18:33:38","1","1","0","0"
"3311765","953","3211","6","2023-06-12 21:12:52","2","1","1","0"
"3314243","636","3210","5","","0","0","0","0"
"3314466","873","3210","6","","0","0","0","0"
"3314835","1264","3209","9","2024-01-19 21:56:45","5","0","4","1"
"3315525","977","3209","6","2023-02-17 10:46:51","1","1","0","0"
"3319170","810","3208","5","","0","0","0","0"
"3320697","1259","3208","5","2023-12-20 16:30:17","3","1","0","2"
"3321725","1214","3207","9","2023-12-19 22:31:27","2","0","0","2"
"3324255","991","3207","6","","0","0","0","0"
"3326406","643","3206","34","2024-01-06 17:28:12","11","9","1","1"
"3328545","770","3206","5","2023-07-06 14:59:57","1","0","1","0"
"3330979","1947","3205","5","2023-11-01 16:05:48","1","0","0","1"
"3331700","1556","3205","10","","0","0","0","0"
"3332879","1067","3205","8","2024-01-17 09:38:59","6","1","3","2"
"3336733","1852","3204","14","2023-05-25 12:38:25","9","7","2","0"
"3337028","1058","3204","10","2023-04-06 05:42:51","2","2","0","0"
"3338940","1287","3204","17","","0","0","0","0"
"3340529","723","3203","11","","0","0","0","0"
"3341533","1032","3203","23","2023-05-16 15:20:47","3","2","1","0"
"3342245","1781","3202","5","2023-07-27 18:16:34","1","0","1","0"
"3342248","1831","3202","76","","0","0","0","0"
"3342886","616","3202","8","2023-09-29 07:10:36","1","0","0","1"
"3343007","1330","3202","6","","0","0","0","0"
"3343490","758","3202","13","2023-03-29 08:25:10","1","1","0","0"
"3347025","1844","3201","5","","0","0","0","0"
"3347048","1039","3201","8","2023-03-07 18:45:17","3","3","0","0"
"3347128","1728","3201","12","","0","0","0","0"
"3353189","1745","3200","6","2024-01-12 12:56:59","2","0","0","2"
"3354175","536","3199","5","2023-11-05 12:43:41","4","1","2","1"
"3355032","738","3199","10","","0","0","0","0"
"3357588","777","3199","9","2023-04-05 23:35:39","4","4","0","0"
"3360687","828","3198","11","2023-09-05 14:08:17","5","1","1","3"
"3361187","608","3198","7","","0","0","0","0"
"3361263","1247","3198","6","","0","0","0","0"
"3361377","1428","3198","18","2023-11-07 18:36:56","9","2","2","5"
"3363386","856","3197","34","","0","0","0","0"
"3365667","1356","3197","34","2023-10-24 09:02:33","3","0","1","2"
"3366563","1243","3197","7","2023-11-16 12:50:50","4","0","2","2"
"3367720","1359","3196","8","2023-05-04 09:40:04","9","8","1","0"
"3370431","1487","3195","7","2023-09-17 14:46:35","7","6","0","1"
"3373796","718","3194","6","2023-03-24 09:04:47","1","1","0","0"
"3373984","746","3194","11","2023-10-12 22:25:40","18","3","8","7"
"3375521","807","3194","8","2024-01-24 01:32:26","2","0","0","2"
"3376480","1207","3194","8","","0","0","0","0"
"3377620","1365","3193","7","","0","0","0","0"
"3378770","632","3193","5","2023-12-13 11:55:21","2","0","0","2"
"3380823","902","3193","7","2023-04-23 12:33:49","2","2","0","0"
"3381938","898","3192","5","2023-12-21 17:05:48","5","0","2","3"
"3388381","774","3191","14","","0","0","0","0"
"3388433","518","3191","5","2024-01-22 13:28:08","4","0","0","4"
"3389323","630","3191","10","","0","0","0","0"
"3391887","823","3190","8","2023-09-13 12:03:13","1","0","0","1"
"3392461","832","3190","43","","0","0","0","0"
"3393379","949","3190","15","","0","0","0","0"
"3395778","559","3189","5","2023-03-31 08:40:30","2","2","0","0"
"3398044","931","3188","7","2023-11-30 10:47:55","3","2","0","1"
"3398171","1434","3188","6","","0","0","0","0"
"3403999","768","3186","8","2023-11-26 05:08:35","6","2","0","4"
"3405358","1939","3186","15","2024-01-30 19:16:39","14","4","2","8"
"3405462","653","3186","6","2023-05-20 10:40:47","2","1","1","0"
"3406936","1198","3186","5","2023-10-04 13:56:13","2","0","0","2"
"3407244","831","3186","15","","0","0","0","0"
"3407930","1790","3186","5","","0","0","0","0"
"3408016","558","3186","8","","0","0","0","0"
"3408027","698","3186","19","","0","0","0","0"
"3408342","894","3186","5","","0","0","0","0"
"3408806","1241","3185","5","2023-12-20 02:47:52","9","4","3","2"
"3409400","1264","3185","7","","0","0","0","0"
"3409488","1492","3185","5","2023-06-19 15:18:14","1","0","1","0"
"3410174","1616","3185","6","","0","0","0","0"
"3410660","1104","3185","12","2023-02-14 12:28:58","1","1","0","0"
"3410835","670","3185","5","","0","0","0","0"
"3411192","1508","3185","11","2023-12-05 00:10:18","2","1","0","1"
"3411426","1064","3185","33","","0","0","0","0"
"3411606","1382","3185","12","2023-06-13 18:45:44","1","0","1","0"
"3412158","1381","3185","6","2023-03-03 09:12:32","1","1","0","0"
"3412618","955","3185","6","","0","0","0","0"
"3415090","975","3184","7","","0","0","0","0"
"3419535","1721","3183","7","2023-03-29 08:40:08","1","1","0","0"
"3419726","831","3183","5","","0","0","0","0"
"3422060","1943","3182","6","2024-01-11 20:10:14","12","1","7","4"
"3422559","662","3182","6","","0","0","0","0"
"3423330","642","3182","5","2023-07-11 07:17:12","2","0","2","0"
"3423333","955","3182","5","","0","0","0","0"
"3423750","1504","3182","13","2023-12-22 21:00:48","10","5","1","4"
"3423825","1948","3182","9","2023-11-12 12:04:46","3","1","0","2"
"3424487","1679","3182","6","","0","0","0","0"
"3425506","1517","3181","44","","0","0","0","0"
"3426192","677","3181","25","2024-01-19 22:15:08","4","1","0","3"
"3428475","971","3180","32","2023-02-10 07:06:33","1","1","0","0"
"3429396","1677","3180","5","2023-03-29 04:02:54","4","4","0","0"
"3429457","1136","3180","7","2023-10-23 06:57:25","3","2","0","1"
"3434534","1650","3179","12","2023-12-18 15:00:07","1","0","0","1"
"3434763","1908","3179","72","2023-10-09 20:01:04","31","0","0","31"
"3435121","675","3179","47","2023-06-01 17:07:46","13","9","4","0"
"3435342","1013","3179","5","","0","0","0","0"
"3437167","1478","3178","13","2023-03-29 13:50:07","5","5","0","0"
"3437202","1118","3178","12","2023-10-05 07:14:37","1","0","0","1"
"3437628","514","3178","5","2024-01-12 10:13:12","1","0","0","1"
"3440248","1838","3177","8","2023-02-23 15:34:59","1","1","0","0"
"3442232","1392","3177","9","2024-01-29 08:40:16","9","1","3","5"
"3442448","1215","3177","7","","0","0","0","0"
"3442619","1176","3177","14","2023-04-21 05:22:49","1","1","0","0"
"3443247","1974","3177","5","2023-08-01 10:32:42","1","0","0","1"
"3443454","932","3177","10","2024-01-12 18:26:56","3","1","1","1"
"3443596","1211","3177","5","2024-01-17 12:59:41","5","0","2","3"
"3444205","1920","3177","6","2024-01-12 23:32:25","52","26","10","16"
"3447369","1490","3176","18","2023-08-23 19:09:31","2","0","1","1"
"3448078","1002","3176","10","","0","0","0","0"
"3450148","990","3175","6","2023-12-09 21:48:05","4","2","0","2"
"3450615","1525","3175","5","2024-01-03 09:38:36","7","3","2","2"
"3451696","749","3174","7","2023-12-11 18:17:31","3","0","0","3"
"3451846","1688","3174","8","2024-01-28 18:10:47","9","3","3","3"
"3452058","1376","3174","6","2023-05-05 15:32:03","2","1","1","0"
"3455472","609","3173","10","","0","0","0","0"
"3455918","1184","3173","5","2023-11-28 15:34:05","2","0","1","1"
"3456021","1219","3173","9","2023-12-14 16:02:32","6","0","1","5"
"3456245","935","3173","5","","0","0","0","0"
"3459064","546","3172","5","","0","0","0","0"
"3460150","1690","3172","5","2024-01-09 13:29:39","2","0","0","2"
"3460741","867","3172","5","2023-08-22 23:49:22","1","0","0","1"
"3461120","1962","3172","11","2023-11-28 08:27:14","4","1","0","3"
"3463844","1716","3171","8","2023-10-16 13:48:45","1","0","0","1"
"3464792","834","3171","22","","0","0","0","0"
"3467187","1349","3170","6","","0","0","0","0"
"3467488","1725","3170","8","2024-01-30 05:56:56","6","0","2","4"
"3468135","1598","3170","65","2023-10-25 07:33:49","2","0","0","2"
"3468328","766","3170","8","2023-11-10 09:56:32","1","0","0","1"
"3469668","719","3170","5","2023-09-26 07:48:41","1","0","0","1"
"3469841","1482","3170","10","2023-06-08 19:16:27","4","1","3","0"
"3471458","1131","3169","8","2023-08-08 04:16:21","2","0","1","1"
"3472225","1045","3169","10","2023-05-01 22:53:59","1","0","1","0"
"3472716","864","3169","10","2023-02-16 09:36:17","1","1","0","0"
"3472935","1580","3169","9","2023-08-01 20:40:28","2","0","1","1"
"3473568","1715","3169","12","2024-01-11 17:39:39","4","1","2","1"
"3473645","572","3169","8","","0","0","0","0"
"3475325","1418","3168","8","","0","0","0","0"
"3476134","514","3168","6","","0","0","0","0"
"3477044","1517","3167","5","","0","0","0","0"
"3477333","541","3167","5","2023-11-21 03:21:21","5","3","1","1"
"3480261","752","3166","5","2023-09-23 18:49:22","2","0","0","2"
"3480359","666","3166","5","","0","0","0","0"
"3480376","546","3166","5","2023-02-07 18:20:31","2","2","0","0"
"3481577","1152","3166","6","","0","0","0","0"
"3482266","1638","3166","8","2023-11-08 10:39:26","5","2","1","2"
"3484881","967","3165","5","2023-02-07 21:12:20","2","2","0","0"
"3486436","1684","3165","11","2024-01-25 11:45:12","6","1","0","5"
"3487940","534","3164","6","2024-01-20 12:54:33","4","0","1","3"
"3488747","859","3164","12","2024-01-18 10:18:02","16","3","4","9"
"3488758","530","3164","7","2023-08-02 11:49:58","1","0","0","1"
"3495523","709","3163","6","","0","0","0","0"
"3496596","661","3162","5","2023-04-16 14:34:37","1","1","0","0"
"3496893","1130","3162","5","2023-09-25 21:46:56","1","0","0","1"
"3497444","729","3162","9","","0","0","0","0"
"3500157","646","3161","15","","0","0","0","0"
"3500521","1118","3161","6","","0","0","0","0"
"3501144","704","3161","21","2023-06-29 14:19:56","3","2","1","0"
"3502856","1845","3160","14","","0","0","0","0"
"3503193","576","3160","5","2023-03-07 12:55:31","1","1","0","0"
"3503565","653","3160","6","","0","0","0","0"
"3503970","815","3160","5","2023-03-08 13:23:32","1","1","0","0"
"3504125","994","3160","6","","0","0","0","0"
"3504749","1526","3160","22","2023-12-04 04:06:44","16","1","7","8"
"3505333","1008","3159","10","2023-10-20 14:38:02","9","0","6","3"
"3508556","1174","3159","5","2023-02-26 22:49:34","3","3","0","0"
"3510442","1308","3158","5","","0","0","0","0"
"3515613","546","3157","23","2023-10-11 21:32:05","2","0","0","2"
"3516034","1286","3157","7","","0","0","0","0"
"3519401","1499","3156","5","","0","0","0","0"
"3519732","1148","3156","5","","0","0","0","0"
"3521178","515","3156","5","","0","0","0","0"
"3525368","921","3155","6","2024-01-26 11:52:50","14","0","0","14"
"3527277","1595","3154","10","2023-03-06 16:48:01","2","2","0","0"
"3528132","1685","3153","7","2023-03-13 13:34:39","1","1","0","0"
"3534491","1176","3151","5","2023-10-12 18:27:55","8","1","3","4"
"3535147","503","3151","5","","0","0","0","0"
"3536991","906","3151","7","2023-04-18 14:39:08","1","1","0","0"
"3537430","794","3151","7","2023-10-24 01:59:34","2","0","0","2"
"3540194","1107","3640","32","2023-03-15 15:18:49","5","5","0","0"
"3542239","607","3150","15","","0","0","0","0"
"3542319","1385","3150","13","2024-01-29 16:48:35","2","0","0","2"
"3542351","1016","3150","5","2023-12-08 15:51:43","22","14","5","3"
"3546107","958","3149","5","2023-08-01 11:21:05","2","0","1","1"
"3548202","660","3148","5","","0","0","0","0"
"3549742","578","3148","6","2023-05-04 06:53:21","1","0","1","0"
"3549766","1333","3148","7","","0","0","0","0"
"3553434","827","3146","16","2023-11-09 03:15:12","31","16","9","6"
"3553550","1964","3146","6","2024-01-10 10:23:02","3","0","0","3"
"3555366","592","3145","14","","0","0","0","0"
"3559911","617","3144","15","2023-06-30 11:01:26","1","0","1","0"
"3560966","587","3144","5","","0","0","0","0"
"3562689","1244","3143","5","2023-06-07 05:37:40","3","2","1","0"
"3567736","1294","3142","15","2023-07-12 17:23:12","1","0","1","0"
"3568831","1399","3142","20","2024-01-06 17:12:17","6","5","0","1"
"3570073","639","3142","14","","0","0","0","0"
"3571248","1668","3141","6","","0","0","0","0"
"3576968","950","3140","7","2023-07-31 00:20:56","2","0","2","0"
"3577105","1044","3140","5","2024-01-24 16:26:52","2","0","0","2"
"3577502","887","3139","5","2023-12-28 05:10:38","3","0","2","1"
"3577667","529","3139","6","2023-02-11 21:12:39","1","1","0","0"
"3578105","1705","3139","7","2023-03-01 11:33:57","1","1","0","0"
"3579174","1426","3139","65","","0","0","0","0"
"3585143","1554","3137","24","2023-12-04 20:51:48","4","3","0","1"
"3586084","900","3137","5","2023-08-17 08:43:50","2","0","1","1"
"3588442","730","3136","6","","0","0","0","0"
"3592341","881","3135","13","2023-12-29 14:58:32","1","0","0","1"
"3595805","581","3134","25","2023-07-15 07:35:14","3","1","2","0"
"3596233","1159","3134","7","","0","0","0","0"
"3600238","1707","3133","16","","0","0","0","0"
"3600510","1019","3132","5","","0","0","0","0"
"3601357","1127","3132","18","2023-08-19 02:43:50","10","2","0","8"
"3602294","517","3132","6","","0","0","0","0"
"3604103","1744","3131","35","2024-01-30 14:47:03","16","8","1","7"
"3604315","732","3131","6","","0","0","0","0"
"3604768","1418","3131","16","2023-03-23 12:30:56","1","1","0","0"
"3608410","871","3130","5","2024-01-09 18:05:36","8","5","1","2"
"3608547","546","3130","6","","0","0","0","0"
"3608565","1736","3130","10","2023-06-01 19:09:55","1","0","1","0"
"3610403","666","3129","15","2023-12-02 00:23:38","4","1","0","3"
"3610643","582","3129","5","","0","0","0","0"
"3612502","743","3129","14","2023-12-01 14:43:58","4","3","0","1"
"3612829","1319","3129","6","","0","0","0","0"
"3612910","652","3129","5","2024-01-18 21:43:47","6","1","4","1"
"3614547","1443","3128","15","","0","0","0","0"
"3616078","1274","3128","7","2023-11-27 09:14:28","3","2","0","1"
"3617715","1743","3128","11","2023-06-22 18:51:26","5","2","3","0"
"3620242","786","3127","14","2023-03-07 10:52:17","1","1","0","0"
"3621216","933","3127","24","2023-06-06 19:44:16","1","0","1","0"
"3621842","1409","3127","7","2023-06-26 17:44:22","3","1","2","0"
"3622056","1646","3127","27","2023-11-06 16:43:30","1","0","0","1"
"3622569","919","3126","14","2024-01-19 15:18:39","11","2","3","6"
"3626138","1655","3125","15","","0","0","0","0"
"3632172","1972","3123","5","2023-12-12 10:51:55","3","0","0","3"
"3632472","861","3123","5","","0","0","0","0"
"3633891","1739","3123","5","","0","0","0","0"
"3634011","1086","3123","45","","0","0","0","0"
"3634886","822","3122","6","","0","0","0","0"
"3635194","585","3122","5","","0","0","0","0"
"3637354","1480","3122","19","2023-08-23 19:02:19","2","0","1","1"
"3639372","867","3121","7","2023-06-10 09:39:00","2","1","1","0"
"3639575","683","3121","5","","0","0","0","0"
"3639720","1075","3121","11","2023-08-11 11:41:59","3","2","0","1"
"3640355","1293","3121","7","","0","0","0","0"
"3642359","583","3121","7","","0","0","0","0"
"3643534","796","3120","6","2024-01-07 07:37:13","2","0","1","1"
"3645254","648","3120","6","2023-03-26 16:24:25","2","2","0","0"
"3646777","961","3119","5","","0","0","0","0"
"3648436","1133","3119","7","2023-09-07 19:03:36","2","0","0","2"
"3652805","673","3117","10","2023-12-11 09:46:23","3","1","1","1"
"3653304","804","3117","48","2023-12-19 10:55:22","4","3","0","1"
"3653544","1247","3117","46","2023-08-24 12:58:41","1","0","0","1"
"3655260","894","3116","5","2023-07-28 16:29:58","2","0","2","0"
"3656666","1233","3116","11","","0","0","0","0"
"3657308","921","3116","36","","0","0","0","0"
"3659012","848","3115","6","2023-11-02 11:36:43","1","0","0","1"
"3661591","921","3115","5","2023-05-09 23:43:05","1","0","1","0"
"3662120","1078","3115","5","2023-11-29 02:52:59","13","0","9","4"
"3662543","877","3115","21","","0","0","0","0"
"3662639","1343","3115","9","2023-07-17 23:18:50","9","4","5","0"
"3663495","1414","3114","6","2023-09-15 07:53:49","2","0","1","1"
"3667921","735","3113","5","2023-03-24 09:15:34","1","1","0","0"
"3668866","825","3113","5","","0","0","0","0"
"3668925","1606","3113","8","","0","0","0","0"
"3669400","829","3113","16","2024-01-16 20:52:57","14","4","2","8"
"3669465","1314","3113","61","2023-05-31 14:37:51","7","6","1","0"
"3670684","1163","3112","6","","0","0","0","0"
"3671939","1477","3112","5","2023-10-17 13:20:27","9","1","2","6"
"3672560","1396","3112","11","2023-03-22 11:01:43","2","2","0","0"
"3672828","513","3111","5","","0","0","0","0"
"3673225","502","3111","21","","0","0","0","0"
"3673842","1323","3111","8","","0","0","0","0"
"3674399","1495","3111","13","","0","0","0","0"
"3675533","1190","3110","16","2023-06-18 21:09:19","15","13","2","0"
"3676614","808","3110","5","2023-05-09 10:25:09","1","0","1","0"
"3677636","731","3110","8","","0","0","0","0"
"3679377","1921","3109","7","2023-12-28 16:09:53","2","1","0","1"
"3680190","1091","3109","26","2023-11-17 21:50:41","1","0","0","1"
"3680198","1792","3109","36","2024-01-17 20:34:28","38","18","10","10"
"3680644","1339","3109","30","2023-11-25 15:12:09","21","11","9","1"
"3682691","501","3108","6","","0","0","0","0"
"3684640","795","3108","5","","0","0","0","0"
"3685175","1201","3108","17","2023-05-11 19:23:21","1","0","1","0"
"3685516","1130","3108","7","2023-09-25 23:09:47","4","1","2","1"
"3685851","926","3107","14","","0","0","0","0"
"3687251","1327","3107","6","2023-10-16 02:45:33","2","0","1","1"
"3688170","1294","3107","6","","0","0","0","0"
"3688726","701","3107","5","2023-04-04 17:16:27","1","1","0","0"
"3690367","823","3106","30","","0","0","0","0"
"3690683","636","3106","8","","0","0","0","0"
"3691240","1706","3106","6","","0","0","0","0"
"3691712","595","3106","9","","0","0","0","0"
"3692099","946","3106","22","","0","0","0","0"
"3692272","992","3108","6","2023-12-06 05:17:39","2","0","0","2"
"3692443","1052","3106","10","2023-08-29 05:08:45","1","0","0","1"
"3693312","916","3105","8","2024-01-28 16:39:07","7","3","1","3"
"3693328","807","3105","7","","0","0","0","0"
"3693763","1070","3105","26","2023-09-19 10:20:52","3","1","1","1"
"3694524","1409","3105","12","","0","0","0","0"
"3695641","1043","3105","7","","0","0","0","0"
"3699981","581","3103","7","2023-10-09 03:19:37","3","0","2","1"
"3700391","1381","3103","8","2023-08-31 12:40:45","1","0","0","1"
"3701334","534","3102","5","","0","0","0","0"
"3705191","1704","3101","10","2024-01-06 17:32:29","12","1","0","11"
"3705363","928","3101","6","","0","0","0","0"
"3709855","578","3100","5","","0","0","0","0"
"3713193","882","3100","17","2023-09-26 07:56:07","4","1","0","3"
"3717114","1784","3098","7","","0","0","0","0"
"3718149","514","3098","5","2023-11-03 16:39:43","2","0","0","2"
"3718753","610","3107","7","2023-09-13 16:03:02","1","0","0","1"
"3719689","1706","3097","30","2023-02-21 18:06:23","3","3","0","0"
"3722302","1191","3096","10","2023-07-18 22:41:12","1","0","1","0"
"3723262","740","3096","20","2023-05-17 18:00:43","1","0","1","0"
"3725110","1986","3095","6","","0","0","0","0"
"3725508","748","3095","8","2023-07-15 20:08:08","4","0","4","0"
"3725816","844","3095","6","2023-02-26 01:15:46","2","2","0","0"
"3728258","1060","3094","5","2023-09-02 01:50:19","2","1","0","1"
"3731900","1363","3094","6","","0","0","0","0"
"3732793","1990","3093","6","2023-11-20 07:32:39","4","0","0","4"
"3733151","676","3093","8","","0","0","0","0"
"3733730","1674","3093","11","2023-12-06 15:08:15","4","0","0","4"
"3734141","1277","3093","8","2023-06-05 10:46:24","4","1","3","0"
"3735450","638","3093","5","2023-11-06 20:55:01","6","1","2","3"
"3736063","1435","3092","10","2023-12-13 21:44:59","3","1","1","1"
"3736341","1408","3092","17","2023-09-13 16:43:25","6","3","2","1"
"3738219","504","3092","13","","0","0","0","0"
"3738764","1119","3092","15","","0","0","0","0"
"3738870","1650","3092","55","2023-08-31 12:25:45","6","4","0","2"
"3739087","1838","3092","20","","0","0","0","0"
"3739410","672","3092","6","2023-11-24 06:08:21","4","2","0","2"
"3740339","538","3091","5","","0","0","0","0"
"3740945","1602","3091","5","","0","0","0","0"
"3745722","558","3089","5","","0","0","0","0"
"3746293","509","3089","7","","0","0","0","0"
"3746691","1595","3089","6","2024-01-18 13:08:53","5","1","0","4"
"3747241","1135","3088","15","2024-01-14 00:34:23","1","0","0","1"
"3747253","795","3088","8","","0","0","0","0"
"3748445","1889","3088","9","2024-01-12 16:23:44","5","3","1","1"
"3750058","512","3088","6","2023-06-13 11:55:59","1","0","1","0"
"3753104","1962","3087","10","2023-10-19 19:59:01","7","3","0","4"
"3755513","596","3086","7","2023-07-14 13:30:37","1","0","1","0"
"3756780","1277","3086","59","","0","0","0","0"
"3758523","636","3085","5","","0","0","0","0"
"3758912","776","3085","12","2023-10-11 10:37:17","2","1","0","1"
"3760804","633","3085","10","","0","0","0","0"
"3761097","875","3085","36","2023-07-19 21:24:14","1","0","1","0"
"3762156","694","3084","7","","0","0","0","0"
"3763660","914","3084","5","2024-01-29 22:27:47","4","2","1","1"
"3763679","1225","3084","7","2023-03-16 11:48:16","1","1","0","0"
"3764602","1693","3083","6","","0","0","0","0"
"3765034","966","3083","22","","0","0","0","0"
"3765267","1361","3083","16","2023-10-23 19:29:18","9","5","2","2"
"3766559","753","3082","5","","0","0","0","0"
"3766868","875","3082","13","2023-09-20 08:33:01","9","3","1","5"
"3767903","1033","3082","8","2023-05-12 15:52:51","2","0","2","0"
"3772141","1449","3081","7","2023-10-26 20:33:44","3","2","0","1"
"3772478","1463","3081","5","2023-10-16 15:59:49","1","0","0","1"
"3772771","1026","3081","17","2023-11-13 16:11:31","4","0","0","4"
"3772772","538","3081","6","","0","0","0","0"
"3775535","708","3080","5","","0","0","0","0"
"3777220","1428","3080","5","2023-03-13 07:31:26","1","1","0","0"
"3779757","1244","3079","13","2023-07-11 18:33:18","3","2","1","0"
"3780985","1065","3079","32","2024-01-21 01:52:32","2","1","0","1"
"3781502","1280","3078","32","2023-08-01 04:06:43","10","4","5","1"
"3781918","993","3078","9","2023-10-26 15:27:07","5","3","0","2"
"3782081","1565","3078","12","","0","0","0","0"
"3785400","1074","3077","8","2023-11-14 15:46:13","3","1","0","2"
"3785618","1230","3077","10","2023-05-24 19:01:20","2","0","2","0"
"3785781","557","3077","9","2023-02-19 15:02:41","1","1","0","0"
"3786285","1889","3077","12","2023-05-04 16:21:23","1","0","1","0"
"3786517","1123","3077","5","2023-11-14 03:39:19","2","0","0","2"
"3787442","1415","3076","5","2023-12-13 11:34:51","3","2","0","1"
"3789865","1235","3075","9","2024-01-18 09:44:22","59","8","37","14"
"3790843","669","3075","5","","0","0","0","0"
"3790990","584","3075","5","","0","0","0","0"
"3791707","835","3075","7","2023-06-28 21:10:07","3","2","1","0"
"3792597","565","3074","13","","0","0","0","0"
"3793674","967","3074","6","2023-02-06 22:53:52","1","1","0","0"
"3796873","1833","3073","14","2023-03-08 13:16:53","1","1","0","0"
"3797587","614","3073","5","","0","0","0","0"
"3798087","1451","3073","27","2023-11-17 20:27:55","36","1","27","8"
"3799241","701","3073","6","2023-06-23 16:54:19","1","0","1","0"
"3801587","812","3072","5","2023-02-07 11:49:59","1","1","0","0"
"3801865","1012","3072","8","2023-07-20 12:26:45","2","1","1","0"
"3802813","1251","3072","5","","0","0","0","0"
"3803688","782","3071","10","","0","0","0","0"
"3804977","741","3071","6","2023-06-19 07:38:48","2","1","1","0"
"3806354","1074","3071","7","","0","0","0","0"
"3808394","1558","3070","5","","0","0","0","0"
"3810086","1265","3069","27","2024-01-08 18:16:17","21","8","6","7"
"3811895","1358","3068","28","","0","0","0","0"
"3812410","1157","3068","7","2023-03-03 09:59:43","1","1","0","0"
"3812928","665","3068","10","2023-02-01 13:13:44","1","1","0","0"
"3815660","695","3067","9","2023-08-29 07:56:28","4","1","0","3"
"3816498","1383","3067","5","","0","0","0","0"
"3817232","881","3067","7","2023-12-10 11:42:09","8","3","4","1"
"3818303","1516","3067","9","2023-10-30 08:43:08","3","1","1","1"
"3820434","1187","3066","6","2023-05-03 11:08:05","1","0","1","0"
"3822043","1806","3066","7","2023-03-29 18:09:49","2","2","0","0"
"3822091","843","3066","7","","0","0","0","0"
"3822155","651","3066","6","","0","0","0","0"
"3824841","963","3391","5","","0","0","0","0"
"3825725","1584","3065","74","","0","0","0","0"
"3826285","617","3065","13","2023-05-10 19:20:06","1","0","1","0"
"3830477","949","3064","12","","0","0","0","0"
"3831579","714","3063","5","2023-06-05 13:31:15","1","0","1","0"
"3831934","1329","3063","5","2023-10-10 10:32:11","1","0","0","1"
"3832047","1656","3063","16","","0","0","0","0"
"3832994","521","3063","13","","0","0","0","0"
"3836908","1020","3061","6","2023-12-12 14:23:44","3","1","0","2"
"3837961","1906","3061","29","2023-12-04 09:27:36","5","1","2","2"
"3841173","595","3060","6","2023-08-04 07:56:57","6","1","4","1"
"3841412","726","3060","27","2023-08-18 12:27:59","1","0","0","1"
"3841784","933","3060","9","","0","0","0","0"
"3842076","713","3060","6","","0","0","0","0"
"3843392","900","3059","5","","0","0","0","0"
"3843856","1384","3059","6","","0","0","0","0"
"3845809","1231","3059","19","","0","0","0","0"
"3848543","641","3058","15","2023-03-03 12:46:06","1","1","0","0"
"3849157","1122","3058","5","2023-09-07 07:37:12","3","0","0","3"
"3852271","765","3057","5","","0","0","0","0"
"3852630","1335","3057","5","","0","0","0","0"
"3854191","1714","3057","43","2024-01-25 07:36:46","80","3","37","40"
"3855179","1584","3056","5","","0","0","0","0"
"3855364","1988","3056","5","","0","0","0","0"
"3855828","558","3056","28","","0","0","0","0"
"3856011","1206","3056","5","","0","0","0","0"
"3856812","1904","3056","10","2023-07-25 21:13:00","4","1","3","0"
"3859317","780","3054","5","2023-10-30 12:01:41","4","1","1","2"
"3862325","714","3054","27","","0","0","0","0"
"3864485","837","3053","42","","0","0","0","0"
"3865151","551","3053","5","2023-12-16 15:24:07","2","1","0","1"
"3867175","994","3052","9","2023-12-14 12:39:05","3","2","0","1"
"3868453","634","3052","39","","0","0","0","0"
"3868464","1357","3052","9","2023-11-13 12:39:31","3","0","0","3"
"3868595","576","3052","19","","0","0","0","0"
"3870664","1518","3052","7","","0","0","0","0"
"3870905","1820","3052","5","2023-09-19 16:55:59","1","0","0","1"
"3871639","709","3051","9","","0","0","0","0"
"3877654","1303","3050","10","2023-04-28 01:36:43","2","2","0","0"
"3880849","946","3048","5","2023-12-31 17:51:22","9","1","3","5"
"3880978","686","3048","5","","0","0","0","0"
"3881792","644","3048","11","2023-02-25 08:39:53","1","1","0","0"
"3882655","1217","3048","5","2023-10-04 11:33:42","3","0","1","2"
"3883577","1139","3047","14","2023-05-04 02:46:58","5","4","1","0"
"3885246","809","3047","8","2023-10-31 00:13:47","13","6","1","6"
"3885696","1984","3047","8","2024-01-02 22:47:04","2","0","0","2"
"3887009","1444","3046","11","","0","0","0","0"
"3887838","879","3046","7","","0","0","0","0"
"3888657","1648","3046","9","2024-01-23 15:55:24","2","0","0","2"
"3890779","1743","3045","8","2024-01-25 09:10:22","42","18","12","12"
"3892197","1264","3045","11","2023-04-03 08:20:19","5","5","0","0"
"3892280","534","3045","12","","0","0","0","0"
"3893439","1166","3045","9","","0","0","0","0"
"3894304","1110","3044","6","2023-11-03 07:26:39","6","3","1","2"
"3894977","1967","3044","6","2023-03-20 13:01:57","3","3","0","0"
"3895938","833","3044","6","","0","0","0","0"
"3896350","724","3044","5","2023-03-08 23:04:17","2","2","0","0"
"3897838","721","3043","7","2023-09-23 20:35:20","3","2","0","1"
"3899623","1023","3043","5","2023-02-25 15:08:09","1","1","0","0"
"3899765","1094","3043","17","","0","0","0","0"
"3907258","884","3040","7","2023-08-09 07:47:37","7","4","1","2"
"3908810","955","3039","15","2024-01-21 06:58:30","11","4","4","3"
"3914156","1171","3038","14","2023-04-29 08:54:10","4","4","0","0"
"3915059","1303","3038","11","2023-11-10 13:16:00","3","1","0","2"
"3919340","636","3037","15","","0","0","0","0"
"3919531","1298","3037","6","2023-06-29 16:30:11","2","0","2","0"
"3923134","927","3036","8","2023-04-06 14:40:42","1","1","0","0"
"3923163","1955","3036","5","2023-05-19 19:38:16","4","2","2","0"
"3925235","929","3035","6","2023-11-01 16:02:13","3","1","0","2"
"3925758","1047","3035","11","2023-08-02 03:38:01","3","0","1","2"
"3927009","1122","3034","6","","0","0","0","0"
"3927228","570","3034","7","","0","0","0","0"
"3929525","1312","3033","6","2023-12-20 07:47:07","2","0","0","2"
"3930238","1670","3033","5","","0","0","0","0"
"3930971","675","3033","7","","0","0","0","0"
"3931665","1418","3032","59","","0","0","0","0"
"3932026","646","3032","8","","0","0","0","0"
"3933634","1507","3032","10","","0","0","0","0"
"3934322","1377","3032","7","2023-08-04 15:23:42","3","0","2","1"
"3936602","925","3031","29","","0","0","0","0"
"3938386","1249","3031","22","","0","0","0","0"
"3938951","1206","3031","30","","0","0","0","0"
"3941583","1014","3030","6","2023-09-28 10:19:21","1","0","0","1"
"3942719","1959","3030","12","2024-01-17 10:59:29","2","1","0","1"
"3943054","1523","3030","6","2023-02-05 22:31:30","1","1","0","0"
"3944480","622","3029","6","","0","0","0","0"
"3946096","1556","3029","43","2024-01-30 16:40:49","4","0","3","1"
"3946301","1210","3028","15","","0","0","0","0"
"3946706","1636","3028","6","","0","0","0","0"
"3949564","1839","3027","7","","0","0","0","0"
"3949759","1809","3027","18","2023-09-06 19:37:06","1","0","0","1"
"3951121","1123","3026","9","","0","0","0","0"
"3952494","929","3026","5","2023-07-13 07:58:55","1","0","1","0"
"3954965","536","3025","13","","0","0","0","0"
"3956017","1550","3025","7","","0","0","0","0"
"3956589","819","3025","12","2023-08-23 08:44:30","3","1","1","1"
"3957402","1461","3025","5","","0","0","0","0"
"3960612","820","3024","6","","0","0","0","0"
"3962524","695","3023","7","2023-10-25 20:32:31","1","0","0","1"
"3964564","670","3023","12","2023-04-05 09:07:22","15","15","0","0"
"3967255","1908","3022","11","","0","0","0","0"
"3969006","1076","3022","9","2023-11-19 10:30:24","5","1","1","3"
"3969110","1395","3022","36","2023-12-12 03:50:41","10","7","0","3"
"3972710","902","3020","5","","0","0","0","0"
"3973676","1070","3020","10","","0","0","0","0"
"3977093","1214","3019","14","","0","0","0","0"
"3978243","791","3018","29","2023-07-09 20:36:01","2","1","1","0"
"3979437","552","3018","26","2023-04-30 21:06:25","15","15","0","0"
"3980911","1968","3018","14","","0","0","0","0"
"3982685","1182","3017","11","","0","0","0","0"
"3983804","1977","3017","5","2023-10-03 11:26:28","3","1","1","1"
"3986110","560","3016","19","2023-11-08 14:10:20","7","5","1","1"
"3986680","595","3016","10","","0","0","0","0"
"3986967","1333","3016","8","2023-05-17 22:28:16","2","1","1","0"
"3987765","894","3016","10","2023-10-03 20:12:14","2","0","1","1"
"3991002","1055","3015","11","","0","0","0","0"
"3992665","530","3014","10","","0","0","0","0"
"3994118","1632","3013","6","","0","0","0","0"
"3994337","1472","3013","51","2023-02-20 13:36:22","2","2","0","0"
"3995379","692","3013","50","","0","0","0","0"
"3996028","1798","3012","14","2024-01-17 00:16:32","4","0","1","3"
"3996432","660","3012","38","","0","0","0","0"
"3997295","552","3708","13","2023-07-12 08:18:38","3","2","1","0"
"3998212","627","3012","5","","0","0","0","0"
"3999660","1096","3011","29","2023-02-11 09:04:58","2","2","0","0"
"4000130","574","3011","31","2023-05-07 20:53:22","1","0","1","0"
"4007237","1890","3009","9","2023-12-18 08:15:17","4","1","2","1"
"4014075","1023","3007","6","","0","0","0","0"
"4018558","1892","3005","36","2023-03-14 13:30:28","2","2","0","0"
"4019273","1100","3005","15","","0","0","0","0"
"4019804","707","3005","19","","0","0","0","0"
"4019836","1265","3005","15","","0","0","0","0"
"4019983","681","3005","6","","0","0","0","0"
"4020087","1126","3005","8","2023-07-21 08:50:40","6","3","3","0"
"4020198","529","3005","5","","0","0","0","0"
"4024409","665","3004","49","2023-12-05 16:12:00","19","4","10","5"
"4025157","535","3003","16","2023-11-08 09:54:21","2","0","0","2"
"4026936","857","3003","7","","0","0","0","0"
"4027275","1914","3003","5","2023-11-02 07:44:44","3","0","0","3"
"4027644","1447","3003","5","2023-12-18 05:29:04","3","2","0","1"
"4028303","1930","3003","12","2023-08-17 03:37:53","2","1","0","1"
"4028717","1614","3003","77","2024-01-13 17:34:52","30","0","27","3"
"4028977","1979","3002","5","2023-09-05 22:00:56","3","0","2","1"
"4032338","875","3002","5","","0","0","0","0"
"4033979","993","3001","7","","0","0","0","0"
"4034083","890","3001","10","2023-09-27 08:25:53","6","2","2","2"
"4034593","599","3001","6","","0","0","0","0"
"4035368","780","3001","16","2023-08-08 16:58:48","9","5","3","1"
"4036218","1630","3001","24","2023-08-30 22:50:26","2","0","0","2"
"4036999","510","3000","9","2023-10-26 10:52:27","2","0","0","2"
"4038302","1049","3000","5","","0","0","0","0"
"4038800","927","2999","20","2023-09-14 16:10:32","6","1","4","1"
"4039432","739","2999","9","","0","0","0","0"
"4039784","1153","2999","16","2024-01-10 19:59:31","3","1","0","2"
"4040476","761","3003","8","","0","0","0","0"
"4041534","1551","2998","5","2023-06-11 08:16:32","1","0","1","0"
"4042384","1183","2998","12","","0","0","0","0"
"4043723","1926","2998","58","","0","0","0","0"
"4045916","795","2997","10","","0","0","0","0"
"4047185","1024","2997","10","","0","0","0","0"
"4048657","1251","2996","5","","0","0","0","0"
"4050221","621","2996","7","","0","0","0","0"
"4050313","818","2996","5","2023-03-07 19:06:36","4","4","0","0"
"4050529","1964","2996","7","","0","0","0","0"
"4051322","872","2996","5","2024-01-20 05:24:26","4","1","0","3"
"4052428","850","2995","5","","0","0","0","0"
"4053633","551","2995","5","2023-12-12 17:49:13","6","5","0","1"
"4054386","1509","2995","9","2023-07-10 12:13:38","2","1","1","0"
"4054720","649","2995","58","","0","0","0","0"
"4054975","672","2995","19","2023-08-13 02:33:45","1","0","0","1"
"4055046","747","2995","6","","0","0","0","0"
"4058604","1005","2994","68","2023-04-01 09:54:25","7","7","0","0"
"4061473","1657","2993","8","","0","0","0","0"
"4062292","1404","2993","10","","0","0","0","0"
"4062341","526","2993","5","2023-11-04 15:25:57","1","0","0","1"
"4062818","718","2992","6","2024-01-16 14:56:35","16","5","6","5"
"4066795","873","2991","11","2023-12-12 17:10:29","7","4","2","1"
"4066802","1168","2991","6","2024-01-09 15:18:34","7","1","1","5"
"4067774","995","2991","6","","0","0","0","0"
"4070660","1542","2990","8","2023-02-21 22:51:46","2","2","0","0"
"4072335","1616","2990","9","","0","0","0","0"
"4072927","757","2989","7","","0","0","0","0"
"4073304","835","2989","6","2024-01-23 09:18:37","1","0","0","1"
"4075379","1540","2989","9","2023-10-11 19:48:54","5","0","2","3"
"4075503","1447","2989","10","2023-06-06 08:33:43","2","0","2","0"
"4076291","1124","2989","9","","0","0","0","0"
"4077816","1988","2988","5","","0","0","0","0"
"4078511","781","2988","8","2023-02-17 12:41:43","2","2","0","0"
"4079056","1161","2988","36","2023-03-12 10:08:51","1","1","0","0"
"4079397","882","2988","7","2023-11-14 15:33:46","1","0","0","1"
"4081237","578","2988","7","2023-05-13 00:00:01","1","0","1","0"
"4081756","1786","2987","7","2023-10-15 00:48:37","9","5","0","4"
"4085134","1582","2986","5","2023-09-30 01:18:48","7","0","5","2"
"4086621","606","2986","14","","0","0","0","0"
"4087465","1657","2985","5","","0","0","0","0"
"4087571","941","2985","22","2023-08-28 18:48:12","3","1","0","2"
"4087817","1689","2985","5","2023-07-10 12:11:38","4","1","3","0"
"4093728","1082","2983","5","2023-11-20 14:07:06","5","2","1","2"
"4094574","1722","2983","19","2023-11-22 08:53:20","8","1","0","7"
"4095782","1155","2983","13","2023-03-04 00:12:03","2","2","0","0"
"4096074","543","2983","6","2023-02-21 19:52:51","3","3","0","0"
"4097210","1887","2982","5","2023-07-02 07:03:40","1","0","1","0"
"4097457","956","2982","8","","0","0","0","0"
"4101386","678","2981","13","2023-09-22 11:26:25","2","1","0","1"
"4101437","1995","2981","10","2023-12-27 02:51:27","4","1","2","1"
"4102203","945","2981","20","2023-08-13 15:45:56","16","2","12","2"
"4103909","1199","2981","5","","0","0","0","0"
"4105440","681","2980","5","2023-05-17 11:05:11","5","3","2","0"
"4106235","946","2980","5","2023-02-18 10:13:08","1","1","0","0"
"4106660","1431","2980","10","2023-12-22 20:23:33","4","0","1","3"
"4109816","500","2978","5","2023-04-23 16:21:11","4","4","0","0"
"4110077","1720","2978","8","2023-03-15 15:11:07","1","1","0","0"
"4110679","1110","2978","15","2023-11-21 14:15:20","3","0","1","2"
"4110826","1659","2978","20","2023-12-12 17:49:32","6","1","1","4"
"4111130","1970","2978","39","2023-05-17 22:59:45","2","0","2","0"
"4114896","975","2977","8","2023-11-09 02:32:33","2","0","0","2"
"4116465","602","2976","7","","0","0","0","0"
"4117922","1573","2976","6","","0","0","0","0"
"4118670","578","2976","10","","0","0","0","0"
"4119055","1281","2976","21","","0","0","0","0"
"4119906","1173","2975","10","","0","0","0","0"
"4122324","530","2975","5","","0","0","0","0"
"4124265","1578","2974","5","2023-11-19 14:21:23","4","0","1","3"
"4124628","636","2974","5","","0","0","0","0"
"4128714","783","2973","8","2023-05-12 10:36:50","2","1","1","0"
"4130003","1452","2973","98","2023-07-24 15:07:27","6","0","6","0"
"4131695","767","2972","19","2023-11-27 12:08:48","2","0","0","2"
"4132029","758","2972","6","","0","0","0","0"
"4132230","752","2972","15","2023-12-15 04:54:56","6","1","2","3"
"4134429","526","2971","7","","0","0","0","0"
"4137032","1894","2970","9","2023-11-26 16:37:39","1","0","0","1"
"4139593","1607","2969","9","2023-03-08 21:13:46","2","2","0","0"
"4141606","1845","2969","17","2023-11-17 20:13:55","5","0","2","3"
"4143902","541","2968","7","2023-12-16 17:00:57","5","1","1","3"
"4149432","615","2967","5","2024-01-19 21:28:11","3","0","0","3"
"4150685","1170","2967","7","2023-08-24 14:08:08","1","0","0","1"
"4150808","526","2967","5","2023-04-27 03:40:29","1","1","0","0"
"4154302","1575","2966","131","2023-06-29 15:30:47","25","16","9","0"
"4154691","515","2966","7","2023-03-28 11:20:58","1","1","0","0"
"4155686","1542","2965","5","","0","0","0","0"
"4156237","716","2965","7","2023-08-22 11:09:24","2","0","0","2"
"4159530","1242","2964","17","2024-01-26 18:27:26","6","2","2","2"
"4160072","775","2964","7","2023-08-31 18:22:12","5","0","3","2"
"4161034","736","2963","6","","0","0","0","0"
"4161906","638","2963","17","2023-11-25 22:18:06","2","0","0","2"
"4162689","982","2963","5","2023-03-24 10:40:43","1","1","0","0"
"4162799","650","2963","18","2023-08-17 23:21:52","5","0","0","5"
"4164561","688","2962","9","","0","0","0","0"
"4165074","803","2962","45","","0","0","0","0"
"4165151","1759","2962","6","","0","0","0","0"
"4165735","1154","2962","14","2024-01-03 15:06:30","7","2","1","4"
"4167171","1259","2962","5","2023-08-29 15:57:28","2","0","1","1"
"4168257","1899","2961","6","","0","0","0","0"
"4168348","579","2961","5","2023-06-22 18:07:41","1","0","1","0"
"4168359","1502","2961","19","","0","0","0","0"
"4168707","534","2961","20","","0","0","0","0"
"4169493","554","2961","6","","0","0","0","0"
"4169571","817","2961","6","2023-04-04 12:59:20","5","5","0","0"
"4169577","870","2961","7","","0","0","0","0"
"4171295","613","2961","18","2023-02-16 15:23:15","1","1","0","0"
"4172124","1803","2960","8","","0","0","0","0"
"4172752","931","2960","6","2024-01-01 03:04:13","3","0","0","3"
"4172761","688","2960","39","","0","0","0","0"
"4173048","800","2960","5","2023-03-11 10:18:52","1","1","0","0"
"4173867","1302","2960","6","","0","0","0","0"
"4176291","1882","2959","5","2023-11-16 06:12:20","8","5","1","2"
"4176599","602","2959","5","2023-10-15 00:33:54","2","1","0","1"
"4177271","566","2959","11","","0","0","0","0"
"4177565","834","2959","12","2023-09-12 11:50:39","3","0","1","2"
"4178189","1493","2959","10","","0","0","0","0"
"4180447","1102","3176","12","2023-11-29 01:19:34","14","5","5","4"
"4181058","1358","2958","10","","0","0","0","0"
"4182956","863","2957","7","2023-12-30 19:49:43","5","2","0","3"
"4183655","956","2957","11","2023-03-30 18:36:41","1","1","0","0"
"4183916","510","2957","16","2023-07-06 13:46:53","2","1","1","0"
"4185297","826","2956","8","2023-10-17 12:27:06","1","0","0","1"
"4186246","553","2956","6","","0","0","0","0"
"4187033","1622","2956","5","","0","0","0","0"
"4187360","1970","2956","9","2023-07-12 21:22:27","4","1","3","0"
"4188314","1459","2955","9","","0","0","0","0"
"4190135","794","2955","8","2023-06-29 14:23:06","1","0","1","0"
"4190858","1651","2955","6","2023-05-31 06:27:33","4","3","1","0"
"4191011","626","2955","8","2023-10-17 23:52:11","3","1","1","1"
"4191561","1385","2955","39","2023-08-21 13:25:36","9","0","6","3"
"4192210","1317","2954","47","","0","0","0","0"
"4192869","869","2954","9","2023-05-27 10:26:43","1","0","1","0"
"4193769","1417","2954","8","2024-01-12 23:06:24","4","1","2","1"
"4193773","926","2954","5","2023-03-27 20:09:41","1","1","0","0"
"4194536","1073","2954","5","","0","0","0","0"
"4196379","626","2953","7","","0","0","0","0"
"4196620","1460","2953","11","","0","0","0","0"
"4196759","682","2953","34","2023-10-17 21:32:22","5","3","0","2"
"4197431","1061","2953","6","","0","0","0","0"
"4197710","812","2953","5","2024-01-26 12:13:49","5","3","0","2"
"4198386","1393","3416","12","2024-01-12 09:07:31","7","2","4","1"
"4199283","1527","2953","11","2023-03-17 13:31:45","1","1","0","0"
"4199525","539","2953","5","","0","0","0","0"
"4200446","1806","2953","6","2023-03-21 21:18:45","1","1","0","0"
"4201765","649","2952","6","2023-09-19 10:07:31","2","0","0","2"
"4202119","1329","2952","23","2023-12-20 06:26:46","1","0","0","1"
"4202532","1372","2952","7","2023-12-27 15:11:58","7","0","1","6"
"4203773","1810","3161","10","2024-01-27 20:43:04","2","0","0","2"
"4205875","1485","2951","5","","0","0","0","0"
"4207793","1174","2950","9","2023-02-16 00:16:01","1","1","0","0"
"4208407","1389","2950","11","2023-08-28 15:12:20","2","0","0","2"
"4208582","1275","2950","6","","0","0","0","0"
"4211252","832","2949","16","2023-12-28 13:12:38","6","1","3","2"
"4211266","589","2949","17","","0","0","0","0"
"4211544","1309","2949","18","","0","0","0","0"
"4212036","711","2949","12","2023-03-23 09:44:15","1","1","0","0"
"4214437","583","2948","5","","0","0","0","0"
"4214694","1088","2948","5","","0","0","0","0"
"4215032","1113","2948","34","","0","0","0","0"
"4215616","1548","2948","5","","0","0","0","0"
"4216826","882","2947","5","2023-03-02 21:21:41","2","2","0","0"
"4217975","575","2947","7","2023-11-02 08:58:02","3","1","0","2"
"4218664","797","2947","5","2023-03-08 11:15:31","1","1","0","0"
"4218941","1236","2947","5","2023-09-29 10:15:04","1","0","0","1"
"4220076","984","2947","5","2023-07-17 10:20:44","1","0","1","0"
"4223401","1083","2946","6","2024-01-05 16:06:23","3","1","0","2"
"4223799","1642","2946","27","2024-01-07 18:30:17","13","4","1","8"
"4224511","1278","2946","84","2023-09-07 06:24:14","1","0","0","1"
"4226162","1554","2945","6","","0","0","0","0"
"4227328","972","2945","7","","0","0","0","0"
"4228589","603","2945","11","2024-01-30 03:15:05","19","4","6","9"
"4228798","1100","2945","7","2023-02-06 13:35:24","1","1","0","0"
"4232127","1039","2943","8","2023-07-04 15:30:53","7","2","5","0"
"4233547","754","2943","5","","0","0","0","0"
"4234254","1099","2942","24","2024-01-24 19:13:05","14","6","4","4"
"4240256","898","2941","7","2023-11-30 23:48:05","3","2","0","1"
"4240534","1407","2941","5","2024-01-18 11:31:59","8","1","4","3"
"4240654","1010","2941","7","2023-09-14 21:46:45","4","0","1","3"
"4241602","801","2941","8","2023-08-10 21:28:32","3","0","1","2"
"4243067","1842","2940","6","2023-08-29 21:57:07","1","0","0","1"
"4244145","595","2940","6","2023-04-19 11:45:59","2","2","0","0"
"4244550","1267","2940","8","","0","0","0","0"
"4244792","726","2940","5","2023-05-21 12:30:33","1","0","1","0"
"4247806","1784","2939","6","2023-10-25 16:51:28","7","5","0","2"
"4247851","1639","2939","14","","0","0","0","0"
"4248395","1463","2939","5","2023-11-10 08:38:08","7","0","5","2"
"4248850","1912","2939","5","","0","0","0","0"
"4248961","659","2939","6","","0","0","0","0"
"4249232","1179","2939","10","","0","0","0","0"
"4249338","664","2939","6","2024-01-23 08:47:52","4","0","1","3"
"4249483","973","2939","5","2023-09-07 08:15:48","4","3","0","1"
"4251176","878","2938","9","2023-11-29 11:35:21","2","0","0","2"
"4252799","758","2938","9","","0","0","0","0"
"4252857","827","2938","6","","0","0","0","0"
"4253286","1689","2938","6","2024-01-17 13:40:05","11","1","1","9"
"4253931","1334","2938","9","","0","0","0","0"
"4255034","1158","2937","5","","0","0","0","0"
"4257838","705","2936","7","","0","0","0","0"
"4260095","975","2935","12","","0","0","0","0"
"4262784","795","2935","7","","0","0","0","0"
"4263513","1540","2934","15","2023-11-24 14:34:30","3","0","0","3"
"4264994","730","2934","37","2023-10-26 13:04:43","16","14","1","1"
"4266936","778","2934","38","2023-10-11 15:47:29","18","3","9","6"
"4267429","705","2934","6","2023-04-02 21:48:45","1","1","0","0"
"4268594","1364","2933","8","","0","0","0","0"
"4270353","1355","2933","6","2023-12-06 19:15:19","2","0","0","2"
"4271794","595","2933","9","","0","0","0","0"
"4272196","624","2933","19","2023-11-03 11:27:36","15","10","3","2"
"4273204","877","2932","9","","0","0","0","0"
"4274460","1080","2932","8","2023-12-20 15:24:08","23","5","10","8"
"4276513","787","2932","5","","0","0","0","0"
"4276983","1166","2931","6","2024-01-30 16:08:29","99","7","36","56"
"4278032","955","2931","36","2023-05-05 08:30:53","2","1","1","0"
"4279074","600","2931","5","2024-01-31 22:38:32","3","1","0","2"
"4281999","731","2930","5","2023-03-30 18:51:34","1","1","0","0"
"4282038","1512","2930","6","2023-08-10 07:33:34","6","2","0","4"
"4282752","562","2930","5","","0","0","0","0"
"4284015","1706","2929","8","2023-11-27 03:37:58","2","0","1","1"
"4285097","830","2929","9","2023-11-23 15:47:34","16","6","9","1"
"4285191","772","2929","45","","0","0","0","0"
"4286325","876","2928","31","","0","0","0","0"
"4286568","1125","2928","67","2023-05-10 09:06:21","10","9","1","0"
"4286859","1920","2928","8","2023-03-12 09:33:59","1","1","0","0"
"4290082","597","2927","8","","0","0","0","0"
"4290781","547","2927","5","","0","0","0","0"
"4290962","1823","2927","11","2023-11-22 12:49:03","5","2","1","2"
"4292033","1508","2927","51","","0","0","0","0"
"4292465","949","2927","5","","0","0","0","0"
"4293260","719","2927","8","2023-12-28 03:32:06","4","0","2","2"
"4293487","558","2927","11","","0","0","0","0"
"4299833","1173","2925","6","2023-09-10 12:17:52","2","0","0","2"
"4302216","533","2924","18","2023-06-06 11:47:16","2","1","1","0"
"4303373","1209","2924","5","2023-12-21 11:10:42","3","1","0","2"
"4303618","863","2924","6","","0","0","0","0"
"4304123","1641","2924","22","","0","0","0","0"
"4305277","1879","2923","7","","0","0","0","0"
"4309436","1849","2922","20","2023-10-16 18:30:54","24","8","3","13"
"4312720","1939","2921","12","2023-04-12 16:41:54","5","5","0","0"
"4315578","1282","2920","12","","0","0","0","0"
"4315597","1223","2920","16","2023-11-12 17:29:52","4","3","0","1"
"4315601","1105","2920","16","","0","0","0","0"
"4319264","1506","2919","6","","0","0","0","0"
"4321213","1771","2919","5","2023-06-28 13:23:07","3","0","3","0"
"4322960","519","2918","6","2023-05-05 03:28:11","2","1","1","0"
"4323838","1558","2918","5","2023-12-04 14:40:45","2","1","0","1"
"4323911","1294","2918","12","2023-08-09 00:03:22","3","1","1","1"
"4326767","1257","2917","6","2023-06-21 07:34:21","2","0","2","0"
"4328192","1031","2917","5","","0","0","0","0"
"4331353","683","2916","6","","0","0","0","0"
"4332391","784","2916","10","2023-09-18 18:21:38","4","1","1","2"
"4334110","1136","2915","5","2023-05-16 01:03:31","7","6","1","0"
"4335210","1990","2915","23","2023-04-11 07:32:52","2","2","0","0"
"4335480","569","2915","7","2023-06-02 09:54:21","2","1","1","0"
"4335600","644","2914","15","2023-05-04 19:08:06","2","1","1","0"
"4336168","878","2914","5","","0","0","0","0"
"4339010","885","2914","8","2023-10-17 22:05:36","1","0","0","1"
"4339099","682","2914","37","2023-07-08 21:15:20","1","0","1","0"
"4340411","788","2913","6","2023-06-24 16:55:08","2","1","1","0"
"4340584","1671","2913","10","2024-01-05 12:02:43","10","4","3","3"
"4340854","748","2913","11","2023-06-30 07:30:34","3","2","1","0"
"4341322","1638","2913","11","2023-10-11 12:04:10","3","0","0","3"
"4341826","1280","2913","13","2023-10-17 09:40:54","14","7","4","3"
"4341921","1129","2913","5","","0","0","0","0"
"4342901","1580","2913","9","","0","0","0","0"
"4343317","876","2913","5","","0","0","0","0"
"4344420","1552","2912","5","2023-11-20 04:03:11","10","4","2","4"
"4344886","1291","2912","5","","0","0","0","0"
"4346886","842","2912","10","","0","0","0","0"
"4347889","1127","2912","5","2023-08-23 06:27:32","1","0","0","1"
"4348400","1404","2911","5","2023-11-24 21:06:30","5","3","1","1"
"4350165","913","2911","6","2024-01-31 17:15:30","2","0","1","1"
"4350189","931","2911","11","2023-06-30 10:40:44","1","0","1","0"
"4350517","1312","2911","7","","0","0","0","0"
"4352317","1260","2910","10","2023-08-03 09:59:12","3","1","1","1"
"4352820","608","2910","7","2023-09-01 10:00:47","1","0","0","1"
"4353594","1242","2910","52","2023-04-06 09:19:12","17","17","0","0"
"4353862","1079","2910","10","","0","0","0","0"
"4354097","785","2910","6","2024-01-12 13:11:43","6","0","1","5"
"4356515","1225","2909","5","","0","0","0","0"
"4357444","905","2909","25","2023-07-06 15:01:25","19","2","17","0"
"4359687","1466","2908","6","","0","0","0","0"
"4360433","1546","2908","11","2023-02-07 13:22:18","1","1","0","0"
"4361906","559","2907","39","","0","0","0","0"
"4362710","887","2907","5","2024-01-16 11:55:00","2","0","0","2"
"4363776","929","2907","5","2024-01-19 13:18:45","14","0","1","13"
"4364157","1034","2907","12","","0","0","0","0"
"4365143","1075","2906","39","","0","0","0","0"
"4367158","853","2906","8","2023-03-22 16:51:00","2","2","0","0"
"4367909","1270","2906","16","","0","0","0","0"
"4371767","683","2905","16","2023-06-05 13:42:10","1","0","1","0"
"4373876","1024","2904","5","2023-11-21 11:31:11","1","0","0","1"
"4374362","634","2904","5","2023-10-26 13:29:12","3","0","1","2"
"4374590","526","2904","8","2024-01-31 13:36:37","7","1","0","6"
"4375992","1380","2904","36","","0","0","0","0"
"4377672","1411","2903","5","2023-05-25 11:33:04","2","1","1","0"
"4379569","874","2903","16","","0","0","0","0"
"4380278","585","2902","16","2023-03-10 20:53:34","2","2","0","0"
"4380384","1413","2902","16","2024-01-26 20:58:58","5","3","0","2"
"4380917","1755","2902","5","","0","0","0","0"
"4381041","1034","2902","9","2023-11-07 04:04:51","10","6","3","1"
"4381453","1247","2902","5","","0","0","0","0"
"4383105","710","2901","5","","0","0","0","0"
"4386191","1144","2900","9","2023-02-01 13:39:15","1","1","0","0"
"4388228","1890","2899","6","","0","0","0","0"
"4388495","710","2899","10","2023-08-19 14:38:17","2","0","0","2"
"4391401","1845","2898","5","","0","0","0","0"
"4393594","1350","2897","17","2023-08-28 18:49:16","1","0","0","1"
"4393666","1414","2897","24","","0","0","0","0"
"4396730","1876","2896","9","2023-11-19 19:16:50","12","1","7","4"
"4397508","621","2895","9","","0","0","0","0"
"4397577","1087","2895","10","2023-02-02 09:35:05","1","1","0","0"
"4398276","1424","2895","29","2024-01-29 13:05:45","8","0","3","5"
"4399071","1442","2894","13","2023-12-13 16:04:36","11","1","8","2"
"4399085","1928","2894","14","","0","0","0","0"
"4400677","777","2894","7","2023-07-24 18:00:59","6","4","2","0"
"4400936","521","2893","6","","0","0","0","0"
"4402233","882","2893","11","","0","0","0","0"
"4402501","1429","2893","7","2023-03-02 09:57:30","2","2","0","0"
"4403376","1628","2893","27","2023-11-28 23:37:14","5","1","0","4"
"4404544","1366","2892","6","2023-08-11 19:37:26","1","0","0","1"
"4404709","960","2892","8","","0","0","0","0"
"4407519","539","2891","12","","0","0","0","0"
"4408877","654","2891","6","","0","0","0","0"
"4409950","575","2890","10","2023-12-28 19:28:23","34","6","13","15"
"4410323","1011","2890","15","","0","0","0","0"
"4410590","736","2890","5","2023-11-01 18:42:00","3","0","1","2"
"4411893","811","2889","14","2023-10-10 17:49:27","2","0","0","2"
"4412885","1287","2889","6","2024-01-26 15:06:23","7","0","2","5"
"4413799","1435","2889","6","","0","0","0","0"
"4414246","793","2888","13","2023-12-24 18:10:57","11","2","1","8"
"4414854","1523","2888","5","2023-06-19 06:57:37","2","1","1","0"
"4414952","1628","2888","6","2024-01-14 12:36:23","1","0","0","1"
"4417586","1162","2887","5","2023-11-22 14:52:06","3","0","1","2"
"4417769","1246","2887","5","2023-12-13 13:02:20","13","4","5","4"
"4420094","649","2886","7","","0","0","0","0"
"4421592","1330","2886","5","2023-12-14 08:32:42","5","0","3","2"
"4423341","1839","2885","20","2024-01-16 14:30:00","27","1","0","26"
"4423409","681","2885","5","2023-10-18 06:08:39","1","0","0","1"
"4423681","819","2885","5","","0","0","0","0"
"4425620","528","2885","5","2024-01-30 02:05:33","10","3","3","4"
"4427375","1933","2884","6","2023-11-01 13:46:50","5","2","1","2"
"4430438","989","2884","7","2023-10-31 14:05:00","6","1","2","3"
"4432463","1334","2883","5","2023-12-01 13:30:20","1","0","0","1"
"4433969","1519","2883","13","","0","0","0","0"
"4434140","1351","2883","6","2023-03-30 09:34:14","3","3","0","0"
"4434274","800","2883","11","2023-08-19 22:08:43","4","1","1","2"
"4434405","1375","2883","6","","0","0","0","0"
"4435972","1544","2882","53","2023-02-15 10:26:30","1","1","0","0"
"4437417","1449","2882","10","","0","0","0","0"
"4439594","1197","2881","12","","0","0","0","0"
"4439896","752","2881","10","2023-11-07 20:12:30","3","0","0","3"
"4440629","917","2881","12","2023-11-14 11:19:56","7","1","5","1"
"4441211","1800","2880","11","2023-12-11 11:19:34","13","0","2","11"
"4443440","1420","2880","7","2023-10-18 21:56:08","2","0","0","2"
"4444484","848","2879","8","","0","0","0","0"
"4444520","1204","2879","12","2023-06-15 10:00:11","1","0","1","0"
"4444577","1690","2879","64","2024-01-08 11:31:15","5","0","0","5"
"4444742","1143","2879","16","2024-01-24 16:08:37","23","3","7","13"
"4444757","1319","2879","19","2023-06-13 06:42:58","13","9","4","0"
"4446318","584","2879","8","","0","0","0","0"
"4446662","541","2879","8","","0","0","0","0"
"4448220","1083","2905","9","","0","0","0","0"
"4450498","1022","2878","5","2023-12-01 23:42:55","19","16","1","2"
"4450951","778","2878","9","2024-01-11 19:06:39","4","0","0","4"
"4453627","834","2877","5","","0","0","0","0"
"4455546","574","2877","5","2023-11-03 02:28:58","5","1","2","2"
"4456934","986","2876","5","","0","0","0","0"
"4457124","656","2876","13","2023-02-15 06:35:44","1","1","0","0"
"4457330","1654","2876","6","2023-08-11 15:21:34","1","0","0","1"
"4458917","686","2876","19","","0","0","0","0"
"4460349","1448","2875","5","","0","0","0","0"
"4461576","1049","2875","9","","0","0","0","0"
"4465454","1642","2874","9","2024-01-19 15:53:06","7","2","0","5"
"4467687","1167","2873","17","2023-10-16 10:59:35","1","0","0","1"
"4469738","1695","2872","10","2023-02-23 18:25:51","1","1","0","0"
"4470510","1499","2872","34","2024-01-09 13:14:28","6","0","1","5"
"4470987","792","2872","19","2023-02-22 16:03:01","2","2","0","0"
"4471672","1589","2872","30","2023-10-27 18:35:45","1","0","0","1"
"4472398","1186","2871","5","2023-05-29 01:02:05","1","0","1","0"
"4475288","1520","2871","10","2023-11-03 00:48:58","42","36","2","4"
"4475468","1469","2871","20","","0","0","0","0"
"4477481","1957","2870","9","2023-06-07 12:10:02","1","0","1","0"
"4479861","865","2870","5","2023-12-06 00:10:01","3","0","1","2"
"4479867","1374","2870","12","2023-09-26 08:59:47","5","3","1","1"
"4480248","1489","2870","9","","0","0","0","0"
"4480538","632","2869","7","","0","0","0","0"
"4484474","629","2869","9","2023-11-08 20:03:46","2","0","0","2"
"4485260","1563","2868","5","2023-04-24 05:35:20","3","3","0","0"
"4486614","1615","2868","7","2023-09-13 12:11:07","4","3","0","1"
"4487569","1013","2868","8","2023-07-11 17:52:40","3","1","2","0"
"4488455","1506","2868","10","2023-11-20 13:53:04","11","1","4","6"
"4489581","1010","2867","24","","0","0","0","0"
"4490331","607","2867","10","","0","0","0","0"
"4490923","1128","2867","34","","0","0","0","0"
"4493592","697","2865","8","","0","0","0","0"
"4494813","631","2865","5","","0","0","0","0"
"4495899","597","2865","6","2023-09-08 15:45:31","3","1","1","1"
"4496102","1143","2865","6","2023-12-23 21:58:33","2","1","0","1"
"4496512","1243","2865","5","2023-02-03 07:21:46","1","1","0","0"
"4496839","1042","2864","8","2024-01-20 07:43:28","4","1","1","2"
"4497540","1500","2864","17","","0","0","0","0"
"4497704","1511","2864","77","","0","0","0","0"
"4499969","1443","2864","6","","0","0","0","0"
"4500939","588","2863","19","","0","0","0","0"
"4501494","1250","2863","5","2024-01-23 07:15:48","2","0","1","1"
"4502212","641","2863","7","2023-11-21 14:19:54","5","0","0","5"
"4504727","1174","2863","5","2023-10-14 19:13:32","5","1","0","4"
"4504950","762","2863","6","2023-11-11 17:21:27","2","0","1","1"
"4505902","927","2862","5","2023-07-30 12:43:39","2","0","2","0"
"4505998","839","2862","7","2023-08-04 17:10:09","1","0","0","1"
"4506812","682","2862","22","","0","0","0","0"
"4507034","1271","2862","9","","0","0","0","0"
"4508767","1329","2862","13","","0","0","0","0"
"4510863","629","2861","5","2023-09-26 09:37:49","5","2","1","2"
"4510954","1650","2861","7","2023-04-24 12:59:39","1","1","0","0"
"4513726","1696","2860","9","2023-12-22 23:48:13","6","2","2","2"
"4515114","1248","2860","31","2023-11-10 17:12:50","4","0","2","2"
"4517964","1853","2859","13","2024-01-16 06:12:01","2","1","0","1"
"4518482","1439","2858","21","","0","0","0","0"
"4518630","723","2858","34","2023-05-10 15:49:34","1","0","1","0"
"4518996","626","2858","5","","0","0","0","0"
"4520019","628","2858","6","","0","0","0","0"
"4520274","1304","2858","7","","0","0","0","0"
"4521646","1146","2858","10","","0","0","0","0"
"4522186","1483","2857","6","2023-04-18 19:38:13","1","1","0","0"
"4522329","1316","2857","6","2023-06-13 15:48:34","1","0","1","0"
"4523059","1635","2857","6","2023-05-24 09:18:57","1","0","1","0"
"4523789","1069","2857","9","","0","0","0","0"
"4525784","510","2857","9","2023-12-24 11:10:11","4","1","1","2"
"4525932","1571","2857","27","2023-09-21 01:19:28","7","1","5","1"
"4526019","1386","2857","31","2023-11-12 06:54:32","18","13","4","1"
"4527675","1803","2856","7","2023-04-30 20:13:42","1","1","0","0"
"4528799","850","2856","15","","0","0","0","0"
"4529589","1239","2856","68","2023-07-24 12:23:48","5","4","1","0"
"4534467","842","2855","33","2023-09-11 17:51:04","9","4","1","4"
"4534543","585","2855","11","","0","0","0","0"
"4535097","1118","2855","5","2023-12-13 15:00:26","3","0","0","3"
"4535300","1807","2854","5","2023-05-29 12:01:56","1","0","1","0"
"4536327","846","2854","20","2023-02-25 13:21:56","4","4","0","0"
"4537103","979","2854","6","2023-06-01 10:05:34","2","0","2","0"
"4537160","1640","2854","14","2024-01-25 09:46:23","5","1","0","4"
"4537511","1304","2854","7","","0","0","0","0"
"4538640","648","2854","8","2023-06-03 18:56:36","2","1","1","0"
"4538770","1843","2854","8","2024-01-20 09:29:28","3","1","1","1"
"4540509","1070","2853","6","2023-09-19 11:24:45","3","0","1","2"
"4540883","1953","2853","8","2023-10-18 05:09:31","6","4","0","2"
"4541480","1123","2853","5","","0","0","0","0"
"4541566","1077","2853","12","2023-07-24 12:00:11","5","3","2","0"
"4542084","1654","2852","8","2023-10-03 00:52:44","2","1","0","1"
"4542614","1775","2852","11","2023-10-30 08:10:03","13","10","1","2"
"4542928","608","2852","6","","0","0","0","0"
"4543168","770","2852","6","","0","0","0","0"
"4543490","1413","2852","7","","0","0","0","0"
"4546132","1444","2851","14","2023-09-05 09:01:08","8","0","4","4"
"4547189","648","2851","5","2024-01-09 13:25:43","1","0","0","1"
"4547943","1092","2851","7","2023-09-09 15:11:31","4","2","1","1"
"4548069","618","2851","11","2023-07-09 01:21:28","5","0","5","0"
"4548231","887","2851","5","2023-08-14 21:59:30","3","1","0","2"
"4549054","1467","2850","8","2023-08-12 08:28:10","4","3","0","1"
"4550871","1055","2850","16","2024-01-08 19:23:46","9","5","1","3"
"4551250","599","2850","5","","0","0","0","0"
"4553414","886","2849","8","2023-08-29 06:50:58","2","1","0","1"
"4554623","1258","2849","27","","0","0","0","0"
"4555763","944","2849","9","","0","0","0","0"
"4555824","546","2849","5","2023-09-09 18:09:59","1","0","0","1"
"4556029","675","2849","7","","0","0","0","0"
"4556117","568","2849","18","2023-08-24 11:39:51","7","3","2","2"
"4557781","1995","2848","16","2023-08-19 20:16:18","3","0","2","1"
"4560988","1193","2848","5","","0","0","0","0"
"4561071","754","2848","10","2024-01-10 13:41:48","4","0","0","4"
"4564002","1526","2847","9","2023-10-09 07:06:27","3","1","0","2"
"4564449","543","2847","5","","0","0","0","0"
"4566190","862","2846","6","","0","0","0","0"
"4568747","1034","2845","9","","0","0","0","0"
"4569116","508","2845","6","","0","0","0","0"
"4569284","1087","2845","12","2023-02-11 15:18:58","5","5","0","0"
"4570170","1485","2844","5","2023-06-09 15:33:01","3","0","3","0"
"4570896","814","2844","6","","0","0","0","0"
"4571266","523","2844","8","2023-09-24 11:35:55","1","0","0","1"
"4571790","1098","2844","16","","0","0","0","0"
"4574524","1070","2843","9","","0","0","0","0"
"4574928","1903","2843","9","","0","0","0","0"
"4575215","1844","2843","6","","0","0","0","0"
"4575505","805","2843","5","","0","0","0","0"
"4575685","1270","2843","7","2023-05-23 13:16:31","3","1","2","0"
"4575790","530","2843","12","2023-02-21 09:42:41","2","2","0","0"
"4576769","794","2843","7","2024-01-06 04:34:31","8","2","4","2"
"4577504","1576","2843","11","","0","0","0","0"
"4578345","898","2842","5","","0","0","0","0"
"4581785","1813","2842","5","","0","0","0","0"
"4582374","1761","2841","6","2023-06-07 19:01:11","3","2","1","0"
"4585653","539","2841","5","","0","0","0","0"
"4586008","650","2841","9","","0","0","0","0"
"4586921","501","2840","9","","0","0","0","0"
"4587277","1808","2840","8","","0","0","0","0"
"4587775","1195","2840","6","2023-07-13 15:16:36","2","1","1","0"
"4588167","501","2840","12","2024-01-11 08:05:57","13","8","1","4"
"4589917","1721","2840","12","2023-06-09 13:53:32","4","3","1","0"
"4592359","520","2839","8","2024-01-25 00:36:25","2","0","0","2"
"4592937","557","2838","18","","0","0","0","0"
"4594941","563","2838","14","2023-11-04 15:30:10","5","2","1","2"
"4596313","1252","2837","19","2024-01-05 10:08:21","15","7","1","7"
"4601288","515","2836","11","2023-11-30 09:13:13","6","1","1","4"
"4603318","859","2836","32","2023-03-07 15:43:32","1","1","0","0"
"4608037","859","2835","5","","0","0","0","0"
"4608154","1791","2834","6","","0","0","0","0"
"4609353","1575","2834","8","2023-11-28 15:39:15","5","0","1","4"
"4611214","1709","2834","7","","0","0","0","0"
"4611565","1603","2834","7","2023-11-27 10:31:15","7","3","3","1"
"4613449","538","2833","9","2023-10-08 03:40:37","4","1","0","3"
"4613465","772","2833","18","2023-12-01 13:06:09","11","2","3","6"
"4613879","1603","2833","5","","0","0","0","0"
"4614840","819","2833","8","","0","0","0","0"
"4617404","1968","2832","11","2023-04-07 05:58:13","3","3","0","0"
"4617929","610","2832","5","","0","0","0","0"
"4618758","1786","2832","15","2023-11-14 16:33:54","6","4","1","1"
"4621280","841","2831","6","2023-08-05 07:34:20","3","1","1","1"
"4621739","726","2830","5","2023-12-04 21:40:20","2","1","0","1"
"4623164","598","2830","7","","0","0","0","0"
"4623372","1835","2830","7","2024-01-05 11:51:01","5","3","0","2"
"4623392","505","2830","6","2024-01-18 05:06:01","20","3","14","3"
"4624719","1139","2830","10","","0","0","0","0"
"4626588","1529","2829","23","2023-07-01 11:08:41","1","0","1","0"
"4628125","1101","2829","8","2023-12-25 15:16:36","4","0","0","4"
"4629025","1258","2829","26","2023-05-31 02:45:26","13","11","2","0"
"4629125","1823","2829","16","","0","0","0","0"
"4630229","786","2828","7","","0","0","0","0"
"4630465","853","2828","8","","0","0","0","0"
"4630843","693","2828","9","","0","0","0","0"
"4632878","903","2828","7","","0","0","0","0"
"4634373","997","2828","30","","0","0","0","0"
"4636579","691","2827","5","","0","0","0","0"
"4638604","1332","2827","7","2023-08-16 21:32:31","1","0","0","1"
"4640131","696","2826","6","","0","0","0","0"
"4645447","700","2825","8","2023-07-21 01:15:45","1","0","1","0"
"4646117","597","2824","10","","0","0","0","0"
"4646232","1057","2824","13","","0","0","0","0"
"4647781","637","2824","5","","0","0","0","0"
"4648586","1715","2823","48","2024-01-22 01:23:04","17","1","1","15"
"4648969","1604","2823","61","2023-11-26 16:28:49","6","0","2","4"
"4649743","881","2823","7","2023-12-17 14:04:27","7","1","0","6"
"4650310","551","2823","6","2024-01-26 08:53:39","3","0","0","3"
"4650634","964","2823","6","","0","0","0","0"
"4650778","1112","2823","19","","0","0","0","0"
"4652564","1015","2822","8","","0","0","0","0"
"4653234","773","2822","15","2023-12-13 18:05:14","1","0","0","1"
"4653243","624","2822","13","2023-09-16 13:09:15","3","1","0","2"
"4653482","1119","2822","6","","0","0","0","0"
"4654246","1074","2822","5","2023-05-16 19:55:07","2","1","1","0"
"4655177","1317","2822","22","2023-12-24 19:58:52","28","1","6","21"
"4656099","575","2822","27","","0","0","0","0"
"4656551","1150","2821","5","","0","0","0","0"
"4663054","1610","2820","6","2023-06-06 16:57:01","2","1","1","0"
"4664256","641","2820","5","2023-11-03 20:57:17","8","0","0","8"
"4665242","1326","2819","7","2023-07-23 12:21:23","3","1","2","0"
"4665652","727","2819","5","2023-05-25 06:56:48","1","0","1","0"
"4667669","1232","2819","46","","0","0","0","0"
"4668751","568","2819","11","2023-08-25 17:10:21","19","3","4","12"
"4670107","584","2818","10","","0","0","0","0"
"4672617","1118","2817","11","","0","0","0","0"
"4673851","1053","2817","42","","0","0","0","0"
"4675668","1875","2816","5","2023-08-31 10:31:29","3","1","1","1"
"4676291","1287","2816","5","2023-11-09 07:35:59","1","0","0","1"
"4677917","520","2816","7","2023-05-11 21:29:43","6","5","1","0"
"4680334","673","2815","5","","0","0","0","0"
"4681316","791","2815","8","","0","0","0","0"
"4681563","874","2815","16","2023-09-28 10:46:43","3","0","2","1"
"4682228","1318","2815","10","2023-10-16 14:41:26","5","1","2","2"
"4682551","755","2815","16","2024-01-06 18:04:51","12","7","0","5"
"4688190","678","2813","24","2023-10-08 00:23:08","12","0","5","7"
"4688612","1826","2813","7","2023-05-08 06:45:41","1","0","1","0"
"4690237","588","2813","15","","0","0","0","0"
"4690672","652","2813","29","2023-02-04 06:09:11","7","7","0","0"
"4690964","700","2813","11","2023-08-30 15:09:35","6","4","1","1"
"4691920","1386","2813","12","2023-11-24 04:34:53","15","9","2","4"
"4692158","757","2812","6","2023-02-06 21:00:51","1","1","0","0"
"4692662","1274","2812","9","2023-12-14 19:19:35","6","0","2","4"
"4693275","1217","2812","8","","0","0","0","0"
"4697019","709","2811","5","","0","0","0","0"
"4697655","1656","2811","6","","0","0","0","0"
"4698373","1317","2811","7","2023-05-31 11:34:27","8","0","8","0"
"4698546","1746","2811","6","2023-02-05 05:34:41","5","5","0","0"
"4701158","1168","2809","12","2024-01-15 07:42:11","3","1","0","2"
"4701287","1529","2809","11","2023-12-09 00:16:45","13","4","2","7"
"4702870","1436","2809","32","","0","0","0","0"
"4706045","572","2808","6","","0","0","0","0"
"4707064","822","2808","17","","0","0","0","0"
"4707196","850","2808","5","","0","0","0","0"
"4707746","544","2808","5","","0","0","0","0"
"4708399","1468","2808","49","","0","0","0","0"
"4710264","1072","2807","7","","0","0","0","0"
"4710386","522","2807","9","2023-08-17 19:36:49","1","0","0","1"
"4711017","966","2807","12","","0","0","0","0"
"4711607","892","2807","5","","0","0","0","0"
"4712865","1681","2807","9","2023-11-03 09:34:50","2","0","1","1"
"4713169","546","2807","38","2023-02-06 14:30:14","1","1","0","0"
"4714948","518","2806","5","2023-04-02 09:40:13","1","1","0","0"
"4715404","507","2806","7","","0","0","0","0"
"4716685","868","2806","10","","0","0","0","0"
"4716922","1838","2806","8","2023-04-28 12:55:08","2","2","0","0"
"4717424","573","2806","7","","0","0","0","0"
"4718221","604","2806","17","","0","0","0","0"
"4720950","986","2805","11","2023-09-20 15:46:59","8","4","1","3"
"4720957","1239","2805","31","2023-04-04 17:00:08","1","1","0","0"
"4721463","791","2805","12","","0","0","0","0"
"4724047","1146","2804","13","2024-01-14 18:04:22","2","0","1","1"
"4724060","1255","2804","8","2023-07-11 14:43:55","4","1","3","0"
"4724458","956","2804","8","","0","0","0","0"
"4725753","1280","2803","8","","0","0","0","0"
"4725780","1076","2803","33","2023-12-04 07:56:19","2","0","0","2"
"4730040","1230","2802","9","2023-08-08 12:48:34","2","1","0","1"
"4734139","1060","2801","6","","0","0","0","0"
"4735340","1521","2801","7","","0","0","0","0"
"4735781","1715","2801","9","","0","0","0","0"
"4739015","750","2800","10","","0","0","0","0"
"4739420","1141","2800","6","","0","0","0","0"
"4739800","747","2800","5","2023-07-15 03:30:05","1","0","1","0"
"4740661","1037","2799","23","","0","0","0","0"
"4742336","1142","2799","6","2023-12-01 15:25:49","7","0","0","7"
"4742773","1137","2799","6","","0","0","0","0"
"4743430","1546","2799","12","2023-11-10 04:14:18","5","1","1","3"
"4744568","1362","2798","6","2024-01-29 23:14:11","9","4","0","5"
"4744864","698","2798","42","2023-09-01 04:58:41","7","0","5","2"
"4745154","1706","2798","5","","0","0","0","0"
"4745348","705","2798","5","","0","0","0","0"
"4745982","772","2798","17","2023-02-14 08:26:47","3","3","0","0"
"4747923","1661","2798","5","","0","0","0","0"
"4749712","1170","2797","5","2023-07-16 16:13:54","5","0","5","0"
"4752738","943","2796","11","2023-12-12 22:57:31","3","0","0","3"
"4753391","1008","2795","7","2023-06-24 09:21:34","1","0","1","0"
"4754308","949","2795","7","2023-08-15 08:29:18","3","1","1","1"
"4755595","808","2795","22","2023-09-28 21:56:15","13","12","0","1"
"4755700","766","2795","7","","0","0","0","0"
"4756238","703","2795","7","2023-11-09 15:56:31","5","0","3","2"
"4756341","1890","2795","61","2023-05-07 01:50:06","2","1","1","0"
"4757936","607","2794","5","2024-01-31 09:50:41","2","0","0","2"
"4758651","1320","2794","5","","0","0","0","0"
"4762075","940","2793","8","","0","0","0","0"
"4762482","1567","2793","7","2023-05-29 02:01:52","1","0","1","0"
"4762842","838","2793","5","","0","0","0","0"
"4764001","1615","2793","6","2023-12-02 06:15:12","2","0","1","1"
"4770035","1191","2792","16","2023-10-31 03:28:48","3","1","1","1"
"4770761","846","2792","6","","0","0","0","0"
"4772772","1069","2791","10","2023-10-01 12:15:49","7","2","0","5"
"4772836","1079","2791","9","2023-09-18 09:42:45","7","1","2","4"
"4773700","1989","2791","21","","0","0","0","0"
"4775490","1347","2791","5","2023-07-11 10:38:05","2","0","2","0"
"4777147","1345","2790","17","2023-12-06 08:25:29","8","0","4","4"
"4777444","1626","2790","6","","0","0","0","0"
"4778712","607","2789","7","","0","0","0","0"
"4778990","959","2789","9","","0","0","0","0"
"4779501","1685","2789","5","2024-01-21 17:57:09","3","1","1","1"
"4779531","1185","2789","9","","0","0","0","0"
"4779560","1428","2789","23","","0","0","0","0"
"4779586","551","2789","5","","0","0","0","0"
"4779636","664","3140","6","","0","0","0","0"
"4779853","1428","2789","9","2023-12-08 18:21:31","1","0","0","1"
"4780334","518","2789","8","2023-03-07 18:58:11","3","3","0","0"
"4781064","1054","2788","20","2023-05-13 00:44:56","1","0","1","0"
"4781673","709","2788","5","2023-02-21 15:36:16","1","1","0","0"
"4782509","940","2788","7","","0","0","0","0"
"4785658","520","2787","49","2023-02-07 03:41:46","1","1","0","0"
"4786776","727","2787","7","2023-12-24 06:24:40","1","0","0","1"
"4788840","771","2787","6","","0","0","0","0"
"4788928","1056","2787","17","2023-06-24 19:48:57","3","0","3","0"
"4790186","1144","2786","7","2023-12-16 00:30:34","6","2","1","3"
"4790754","679","2786","5","","0","0","0","0"
"4791684","836","2786","10","2023-12-04 06:58:36","5","0","0","5"
"4792221","1543","2786","13","2024-01-01 13:13:24","3","0","0","3"
"4792565","525","2786","5","","0","0","0","0"
"4795386","1766","2785","7","","0","0","0","0"
"4797062","583","2785","41","","0","0","0","0"
"4799667","1410","2784","26","2023-11-30 14:46:14","23","11","4","8"
"4800907","660","2784","7","","0","0","0","0"
"4803860","1413","2783","8","","0","0","0","0"
"4803880","1477","2783","12","2023-11-01 15:26:24","1","0","0","1"
"4806470","716","2782","7","","0","0","0","0"
"4806851","660","2782","5","","0","0","0","0"
"4809932","1288","2781","13","","0","0","0","0"
"4817649","1087","2779","49","","0","0","0","0"
"4817938","694","2779","7","","0","0","0","0"
"4818123","883","2779","8","2023-06-02 11:11:57","4","2","2","0"
"4823222","929","2778","9","2023-03-16 21:44:34","3","3","0","0"
"4825796","1772","2778","6","2023-10-10 15:09:56","2","0","1","1"
"4827817","1707","2777","8","2023-12-22 08:06:23","4","1","1","2"
"4829187","762","2777","7","","0","0","0","0"
"4831778","978","2776","5","2023-04-15 06:42:39","1","1","0","0"
"4836581","1778","2774","6","2023-07-12 09:29:30","2","1","1","0"
"4839724","928","2774","28","","0","0","0","0"
"4840576","507","2773","33","","0","0","0","0"
"4841522","667","2773","8","","0","0","0","0"
"4844903","829","2772","8","","0","0","0","0"
"4845730","1300","2772","5","2023-09-21 10:13:27","10","1","3","6"
"4847158","506","2772","6","","0","0","0","0"
"4847311","1909","2772","11","2023-09-24 16:46:13","2","0","0","2"
"4849143","637","2771","9","","0","0","0","0"
"4849739","1025","2771","18","2023-08-12 09:24:37","4","2","1","1"
"4850750","540","2771","8","2023-03-30 18:30:22","1","1","0","0"
"4852640","1314","2771","14","2023-10-29 22:27:41","9","2","0","7"
"4855159","1749","2770","8","2023-09-11 16:17:55","3","0","1","2"
"4855680","977","2770","5","","0","0","0","0"
"4857150","585","2769","34","","0","0","0","0"
"4860179","798","2768","10","2023-04-20 15:44:50","10","10","0","0"
"4860303","817","2768","9","2023-08-15 20:44:36","7","3","2","2"
"4861321","1191","2767","8","","0","0","0","0"
"4862883","1127","2767","10","2023-11-16 11:41:39","5","4","0","1"
"4863347","965","2767","6","2023-09-07 19:59:59","3","1","1","1"
"4866974","1072","2766","5","","0","0","0","0"
"4867299","562","2766","17","","0","0","0","0"
"4870357","889","2765","9","2023-04-06 10:24:54","3","3","0","0"
"4871749","919","2765","20","","0","0","0","0"
"4872140","1636","2765","18","2023-07-26 01:20:16","14","11","3","0"
"4873616","1542","2764","80","","0","0","0","0"
"4876639","1019","2764","6","2023-10-06 13:07:43","1","0","0","1"
"4876794","1815","2764","59","2024-01-19 17:05:21","4","0","1","3"
"4877385","833","2763","10","2024-01-10 18:25:04","1","0","0","1"
"4878161","589","2763","5","","0","0","0","0"
"4879856","1399","2763","7","2023-06-01 07:47:35","1","0","1","0"
"4880243","1855","2763","6","2023-09-12 10:57:13","7","0","0","7"
"4880457","797","2763","5","2023-10-19 14:51:02","9","5","0","4"
"4883320","1335","2761","5","2023-08-27 23:59:55","5","4","0","1"
"4883879","643","2761","5","","0","0","0","0"
"4884235","656","2761","42","","0","0","0","0"
"4884548","628","2761","9","","0","0","0","0"
"4884749","1716","2761","8","2023-12-10 07:50:19","5","2","0","3"
"4885394","1674","2761","8","2023-10-18 19:50:15","5","1","2","2"
"4885936","567","2760","7","","0","0","0","0"
"4886007","665","2760","5","2023-10-25 21:19:37","4","1","2","1"
"4886040","1420","2760","20","2023-02-25 03:04:16","7","7","0","0"
"4887464","1631","2760","5","","0","0","0","0"
"4887859","1156","2760","5","2023-10-11 13:50:22","5","1","1","3"
"4888559","688","2760","6","","0","0","0","0"
"4888710","785","2760","5","","0","0","0","0"
"4888809","670","2760","5","2023-10-11 17:57:03","4","0","1","3"
"4892466","745","2759","6","","0","0","0","0"
"4893825","1924","2758","6","","0","0","0","0"
"4895261","1421","2758","5","","0","0","0","0"
"4895267","752","2758","7","","0","0","0","0"
"4895687","1741","2758","52","2023-06-04 05:00:13","2","1","1","0"
"4896948","815","2758","19","2023-11-03 13:59:00","3","0","0","3"
"4897973","1248","2757","6","","0","0","0","0"
"4899057","1254","2757","6","","0","0","0","0"
"4899100","664","2757","7","2024-01-05 06:12:01","9","3","2","4"
"4899849","1472","2757","5","","0","0","0","0"
"4903440","986","2756","6","","0","0","0","0"
"4905704","929","2756","7","","0","0","0","0"
"4905992","688","2755","7","2023-07-09 23:16:59","2","0","2","0"
"4906552","1280","2755","7","","0","0","0","0"
"4908657","990","2754","5","2023-09-03 11:49:36","3","2","0","1"
"4911053","885","2753","9","2023-04-20 13:34:32","1","1","0","0"
"4913143","1870","2753","37","2023-06-22 14:39:29","1","0","1","0"
"4915439","644","2752","38","","0","0","0","0"
"4916945","1744","2752","8","2023-06-08 13:33:50","3","0","3","0"
"4917965","1210","2752","12","2023-12-24 23:42:19","4","2","1","1"
"4919972","1799","2751","7","2023-05-10 07:18:34","2","1","1","0"
"4920105","1277","2751","82","","0","0","0","0"
"4923740","1128","2750","7","2024-01-31 03:31:32","1","0","0","1"
"4923949","1912","2750","8","","0","0","0","0"
"4924367","1925","2750","24","","0","0","0","0"
"4924767","1467","2750","8","","0","0","0","0"
"4926117","700","2750","12","","0","0","0","0"
"4928715","1982","2749","6","","0","0","0","0"
"4930405","990","2749","11","2023-08-28 16:33:47","8","2","3","3"
"4931922","1128","2748","7","2023-08-19 07:26:21","2","0","1","1"
"4932683","1884","2748","8","2023-09-27 17:17:25","9","2","6","1"
"4932747","1104","2748","5","2023-11-24 12:20:59","3","1","0","2"
"4934324","1878","2747","9","","0","0","0","0"
"4934409","1842","2747","5","","0","0","0","0"
"4935162","1608","2746","34","2023-07-27 23:03:08","16","10","6","0"
"4937192","733","2746","9","2023-02-16 17:03:14","2","2","0","0"
"4938111","509","2746","14","","0","0","0","0"
"4938849","612","2745","6","","0","0","0","0"
"4940513","720","2745","22","2024-01-17 13:29:27","15","13","1","1"
"4941530","1219","2745","11","","0","0","0","0"
"4941875","674","2745","12","2023-08-30 17:44:32","7","6","0","1"
"4943134","760","2744","14","","0","0","0","0"
"4944711","1527","2744","6","2023-06-02 06:07:10","1","0","1","0"
"4945044","1678","2744","30","2023-02-07 15:54:16","1","1","0","0"
"4945948","1177","2744","6","2023-11-14 15:25:54","1","0","0","1"
"4947227","975","2743","5","","0","0","0","0"
"4948719","1862","2743","18","2023-07-17 21:56:39","4","1","3","0"
"4948924","866","2743","8","","0","0","0","0"
"4949411","610","2743","6","2023-07-27 20:26:31","2","0","2","0"
"4949420","1611","2743","8","2023-03-03 23:28:02","2","2","0","0"
"4950238","704","2743","5","2023-06-16 05:20:40","2","1","1","0"
"4950245","522","2743","20","2023-05-31 16:25:21","6","0","6","0"
"4950753","1890","2743","12","2023-10-03 18:35:07","2","0","1","1"
"4952101","1269","2742","5","2023-08-16 23:41:00","1","0","0","1"
"4952402","836","2742","6","2024-01-18 11:54:35","1","0","0","1"
"4953409","1087","2742","8","2023-11-13 16:30:11","10","0","1","9"
"4953553","583","2742","5","2023-02-21 11:37:40","1","1","0","0"
"4955802","571","2741","8","","0","0","0","0"
"4955829","1697","2741","32","","0","0","0","0"
"4955934","677","2741","5","","0","0","0","0"
"4957976","1499","2740","5","2023-07-29 11:55:53","3","0","3","0"
"4958233","514","2740","38","","0","0","0","0"
"4958351","1665","2740","28","2023-10-27 09:41:02","2","0","1","1"
"4958473","1106","2740","5","","0","0","0","0"
"4959692","541","2739","14","","0","0","0","0"
"4959801","1453","2739","8","2024-01-22 13:24:42","9","1","2","6"
"4960765","1449","2739","65","","0","0","0","0"
"4961750","1122","2739","6","2023-09-03 07:53:21","3","1","1","1"
"4962949","1054","2739","17","2023-12-19 22:55:05","4","1","2","1"
"4963247","1893","2739","6","","0","0","0","0"
"4963996","1111","2738","19","2023-08-01 14:28:55","1","0","0","1"
"4965515","977","2738","5","2023-04-13 08:55:48","3","3","0","0"
"4965949","1510","2738","5","2023-03-26 10:54:14","1","1","0","0"
"4966702","635","2738","5","","0","0","0","0"
"4967382","626","2738","7","2023-10-04 03:10:01","8","2","4","2"
"4967493","1459","2737","7","2023-03-23 23:38:52","4","4","0","0"
"4967624","1176","2737","6","2023-09-10 21:16:52","1","0","0","1"
"4968191","1530","2737","5","","0","0","0","0"
"4969058","585","2737","5","2023-09-16 06:12:48","2","0","0","2"
"4969957","1040","2737","21","","0","0","0","0"
"4969964","1240","2737","5","","0","0","0","0"
"4970622","1598","2737","7","","0","0","0","0"
"4971138","830","2737","9","2023-06-20 18:09:34","1","0","1","0"
"4971336","512","2737","6","2023-07-25 21:17:57","2","1","1","0"
"4971473","516","2737","7","2023-03-29 09:34:56","2","2","0","0"
"4971476","1381","2737","9","2023-10-26 18:29:20","9","7","0","2"
"4977016","735","2735","6","","0","0","0","0"
"4977439","806","2735","6","2023-03-15 15:10:03","17","17","0","0"
"4977706","1110","2735","6","2023-12-11 10:59:48","2","0","1","1"
"4978880","1117","2735","31","2023-09-03 11:32:33","18","5","12","1"
"4980215","1943","2734","81","","0","0","0","0"
"4983469","1999","2733","11","","0","0","0","0"
"4984888","1146","2732","5","2023-11-12 17:20:14","5","1","0","4"
"4987105","1558","2732","5","2023-12-15 12:20:28","1","0","0","1"
"4991346","601","2731","7","","0","0","0","0"
"4992846","816","2730","12","","0","0","0","0"
"4994352","772","2730","7","","0","0","0","0"
"4995087","1223","2730","6","2023-04-17 14:36:03","2","2","0","0"
"4995441","531","2730","11","","0","0","0","0"
"4996792","993","2730","5","","0","0","0","0"
"4997051","793","2730","7","","0","0","0","0"
"4997344","864","2729","14","","0","0","0","0"
"4997668","1822","2729","15","","0","0","0","0"
"5002062","561","2728","5","","0","0","0","0"
"5002324","635","2728","14","","0","0","0","0"
"5003570","949","2728","5","2023-10-08 14:13:59","8","3","4","1"
"5004995","890","2728","14","","0","0","0","0"
"5005756","521","2727","10","","0","0","0","0"
"5009424","638","2726","5","2023-02-01 20:24:38","1","1","0","0"
"5009514","683","2725","20","2023-10-25 17:28:21","3","0","1","2"
"5011027","1531","2725","18","2023-11-15 12:39:19","13","4","5","4"
"5011716","1492","2725","5","","0","0","0","0"
"5012127","1266","2725","37","2023-06-26 07:19:13","7","2","5","0"
"5013636","1247","2724","7","","0","0","0","0"
"5013769","791","2724","7","","0","0","0","0"
"5014599","743","2724","5","2023-02-23 14:09:14","1","1","0","0"
"5016634","1591","2724","17","","0","0","0","0"
"5019371","1585","2723","9","","0","0","0","0"
"5020462","856","2723","11","2023-10-08 17:22:43","1","0","0","1"
"5021827","876","2723","5","2023-06-22 09:16:57","4","2","2","0"
"5022536","590","2722","6","","0","0","0","0"
"5022565","630","2722","12","2023-11-21 12:11:35","9","2","0","7"
"5022913","594","2722","6","2023-02-20 02:04:55","2","2","0","0"
"5023129","1003","2722","5","2023-12-08 17:00:26","4","2","0","2"
"5023667","633","2722","16","2023-07-16 11:30:59","1","0","1","0"
"5024063","896","2722","18","2024-01-18 11:10:51","11","8","1","2"
"5024426","1808","2722","8","2023-11-23 16:51:29","2","0","0","2"
"5025035","1636","2722","61","2024-01-08 22:36:39","44","19","2","23"
"5027315","1442","2721","10","2023-12-28 15:53:51","2","0","0","2"
"5028085","1712","2721","21","2024-01-01 18:39:53","7","0","1","6"
"5028293","545","2721","6","2023-12-01 17:31:00","9","0","5","4"
"5028469","819","2721","5","2023-07-17 13:10:41","1","0","1","0"
"5030083","800","2721","6","","0","0","0","0"
"5030261","588","2720","5","2023-11-05 19:43:52","1","0","0","1"
"5032258","677","2720","17","2023-02-08 22:00:27","2","2","0","0"
"5032541","1595","2719","9","2023-12-04 13:17:25","3","0","2","1"
"5032550","1616","2719","7","","0","0","0","0"
"5032575","1584","2719","5","2023-03-01 17:17:26","1","1","0","0"
"5033447","600","2719","5","2023-08-05 05:31:12","3","0","2","1"
"5033499","1028","2719","21","2024-01-03 11:44:58","2","0","0","2"
"5033601","695","2719","14","2023-08-24 21:50:09","9","5","3","1"
"5034139","575","2719","9","2023-12-06 10:20:00","2","0","0","2"
"5036698","775","2718","10","2023-09-21 07:07:59","4","0","0","4"
"5037133","1032","2718","18","2024-01-03 14:58:43","5","0","0","5"
"5037198","724","2718","7","","0","0","0","0"
"5037965","532","2718","7","2023-09-11 02:45:47","2","1","0","1"
"5038063","588","2718","5","2023-08-23 06:36:50","2","1","0","1"
"5038317","532","2717","6","2023-05-03 01:39:13","2","1","1","0"
"5039356","590","2717","33","","0","0","0","0"
"5040502","703","2717","5","","0","0","0","0"
"5040684","1740","2717","63","2024-01-26 10:45:35","31","9","10","12"
"5041759","641","2717","8","2023-02-07 14:36:18","1","1","0","0"
"5041973","1823","2717","9","","0","0","0","0"
"5044463","737","2716","7","","0","0","0","0"
"5044644","823","2716","7","","0","0","0","0"
"5045126","804","2716","12","","0","0","0","0"
"5046696","790","2716","5","","0","0","0","0"
"5046887","1417","2715","12","2023-11-14 08:40:03","1","0","0","1"
"5047311","1236","2715","9","2023-09-02 11:32:53","2","1","0","1"
"5049244","1433","2715","5","2023-11-14 11:05:17","1","0","0","1"
"5050750","1874","2715","7","2023-05-13 22:11:12","1","0","1","0"
"5051165","1978","2714","10","2023-11-29 19:16:21","5","0","3","2"
"5052024","1769","2714","6","2023-04-24 08:11:39","2","2","0","0"
"5053475","744","2714","17","2023-11-29 15:44:35","3","0","2","1"
"5054175","1000","2714","6","","0","0","0","0"
"5056494","1676","2713","9","","0","0","0","0"
"5057920","540","2712","6","2023-08-23 16:41:06","1","0","0","1"
"5058026","1469","2712","5","2023-08-29 16:53:20","1","0","0","1"
"5058051","1173","2712","6","2023-07-21 10:37:55","9","7","2","0"
"5058682","660","2712","26","2023-06-26 12:15:10","1","0","1","0"
"5059085","1032","2712","30","","0","0","0","0"
"5059145","1233","2712","5","","0","0","0","0"
"5060513","1999","2711","7","2023-09-28 07:03:05","1","0","0","1"
"5061821","1809","2711","13","2024-01-19 17:23:55","9","0","1","8"
"5063086","848","2711","13","2023-03-16 13:27:46","8","8","0","0"
"5064324","1806","2710","7","2023-05-31 10:36:17","2","1","1","0"
"5064575","1229","2710","8","","0","0","0","0"
"5064866","1621","2710","5","","0","0","0","0"
"5065400","749","2710","11","","0","0","0","0"
"5065795","654","2710","6","","0","0","0","0"
"5067703","1865","2709","8","2023-04-02 07:59:46","1","1","0","0"
"5067818","684","2709","5","2023-06-25 16:50:01","3","1","2","0"
"5068349","1540","2709","25","2023-11-02 06:37:04","3","1","1","1"
"5068948","554","2709","5","2023-07-27 19:15:04","1","0","1","0"
"5069530","1000","2709","7","2023-03-21 07:57:43","2","2","0","0"
"5070241","923","2709","5","","0","0","0","0"
"5070253","540","2709","9","2023-04-20 18:37:28","2","2","0","0"
"5074060","878","2708","8","2024-01-26 23:15:14","14","5","0","9"
"5076569","538","2707","5","2023-12-06 20:11:23","4","2","1","1"
"5079258","1610","2707","21","2023-02-26 17:10:05","2","2","0","0"
"5080758","538","2706","7","2023-12-26 12:12:58","2","0","1","1"
"5081188","985","2706","9","","0","0","0","0"
"5084232","554","2704","15","2023-06-29 21:47:37","2","0","2","0"
"5088764","1049","2703","6","2023-12-04 16:07:44","7","4","1","2"
"5090110","702","2703","5","","0","0","0","0"
"5090196","1698","2703","5","2023-12-05 23:53:02","2","0","1","1"
"5092134","1241","2702","6","","0","0","0","0"
"5092746","565","2702","8","","0","0","0","0"
"5093308","1555","2702","15","","0","0","0","0"
"5093581","1427","2702","14","","0","0","0","0"
"5093594","1549","2702","5","","0","0","0","0"
"5093625","1474","2702","8","","0","0","0","0"
"5094261","1323","2702","5","","0","0","0","0"
"5096440","1819","2701","5","2023-12-26 08:15:10","3","0","1","2"
"5097493","1920","2701","10","","0","0","0","0"
"5098570","626","2701","6","2023-04-09 13:33:43","3","3","0","0"
"5099971","764","2701","5","","0","0","0","0"
"5103317","1252","2700","45","2024-01-23 01:34:25","32","10","3","19"
"5103610","1412","2700","15","2023-03-20 16:18:40","1","1","0","0"
"5105118","1775","2699","6","2023-11-08 14:33:38","3","2","0","1"
"5107719","1024","2698","26","","0","0","0","0"
"5112690","754","2697","7","","0","0","0","0"
"5114384","661","2696","6","","0","0","0","0"
"5114441","590","2696","7","","0","0","0","0"
"5114495","1404","2696","6","","0","0","0","0"
"5116008","843","2696","6","2023-10-13 13:19:18","1","0","0","1"
"5116356","1147","2696","7","2023-12-21 10:34:23","6","1","1","4"
"5118431","1100","2695","5","2023-02-22 11:53:53","1","1","0","0"
"5118843","645","2695","31","2023-12-19 12:06:43","1","0","0","1"
"5120719","1876","2695","7","2024-01-30 01:29:37","6","0","0","6"
"5122436","695","2694","11","2023-11-14 07:34:02","3","0","1","2"
"5122498","924","2694","29","","0","0","0","0"
"5122929","904","2694","11","2024-01-12 12:58:12","5","3","1","1"
"5123074","1151","2694","34","","0","0","0","0"
"5123629","1235","2694","6","","0","0","0","0"
"5125264","1314","2694","14","2023-11-21 15:32:30","1","0","0","1"
"5125846","846","2693","6","2023-08-21 15:06:05","10","2","7","1"
"5128343","1266","2693","14","","0","0","0","0"
"5128398","1073","2693","8","2023-10-30 02:27:50","5","2","2","1"
"5128430","951","2693","7","","0","0","0","0"
"5128728","1525","2693","11","2023-03-27 18:04:25","2","2","0","0"
"5129122","1315","2693","12","2023-09-09 23:13:38","3","0","0","3"
"5129542","802","2692","6","2023-02-27 20:08:51","1","1","0","0"
"5132755","966","2691","5","2023-02-08 21:53:31","1","1","0","0"
"5133769","787","2690","12","","0","0","0","0"
"5134210","602","2690","7","2024-01-24 14:27:19","4","0","2","2"
"5134485","671","2690","6","","0","0","0","0"
"5136200","1134","2690","8","2023-12-07 22:31:15","1","0","0","1"
"5136354","1518","2690","10","","0","0","0","0"
"5139020","1118","2689","25","2023-12-01 19:31:05","9","6","2","1"
"5139130","869","2689","13","","0","0","0","0"
"5140049","1297","2689","17","2024-01-05 10:10:38","2","0","0","2"
"5140209","1232","2689","10","2023-09-19 13:00:25","2","0","0","2"
"5140917","1647","2689","5","","0","0","0","0"
"5144007","766","2688","6","","0","0","0","0"
"5147164","562","2687","5","2023-10-12 14:47:41","1","0","0","1"
"5149545","573","2687","17","","0","0","0","0"
"5150942","998","2686","10","","0","0","0","0"
"5151198","582","2686","7","2023-03-31 01:15:06","1","1","0","0"
"5151703","1192","2686","9","","0","0","0","0"
"5152479","1058","2686","5","2023-02-12 07:36:13","1","1","0","0"
"5153063","1392","2686","11","2023-02-09 20:35:42","1","1","0","0"
"5153932","756","2686","11","2023-04-11 15:54:43","1","1","0","0"
"5155484","1814","2685","5","2024-01-04 23:30:07","6","0","1","5"
"5156187","1747","2685","5","","0","0","0","0"
"5156752","1315","2684","7","","0","0","0","0"
"5157192","1468","2684","6","","0","0","0","0"
"5159093","857","2683","6","","0","0","0","0"
"5160481","1078","2683","8","2023-05-11 17:57:05","1","0","1","0"
"5160920","1568","2683","25","2023-04-07 15:42:08","5","5","0","0"
"5165980","839","2682","43","","0","0","0","0"
"5166365","1010","2682","32","2024-01-08 22:11:02","5","3","0","2"
"5168242","1453","2681","7","2023-04-13 17:11:25","1","1","0","0"
"5171412","1761","2680","48","2023-12-07 17:36:54","6","1","2","3"
"5172807","1683","2680","5","","0","0","0","0"
"5173924","859","2680","6","","0","0","0","0"
"5173936","1039","2680","22","2023-04-27 11:19:33","1","1","0","0"
"5175581","637","2680","23","2023-08-11 13:42:10","1","0","0","1"
"5176150","506","2679","9","","0","0","0","0"
"5177596","1720","2679","7","","0","0","0","0"
"5183434","752","2677","7","2023-08-19 19:47:30","2","1","0","1"
"5183735","604","2677","19","","0","0","0","0"
"5190625","1582","2675","14","2023-11-17 17:14:47","1","0","0","1"
"5192933","520","2674","6","","0","0","0","0"
"5193262","788","2674","8","","0","0","0","0"
"5194116","610","2674","39","","0","0","0","0"
"5194374","1044","2674","11","2023-10-21 19:22:40","6","4","1","1"
"5194459","1156","2674","11","","0","0","0","0"
"5195209","587","2674","5","2024-01-09 16:29:49","1","0","0","1"
"5197037","1116","2673","5","2024-01-10 10:43:00","1","0","0","1"
"5197244","826","2673","42","","0","0","0","0"
"5197656","705","2673","19","","0","0","0","0"
"5199255","716","2673","11","2023-09-04 06:37:25","4","3","0","1"
"5200064","798","2673","6","2024-01-18 20:35:54","1","0","0","1"
"5200126","1011","2673","7","2023-04-21 23:36:37","1","1","0","0"
"5202456","972","2672","6","2023-06-26 11:47:30","6","2","4","0"
"5204625","1165","2671","50","","0","0","0","0"
"5206417","896","2671","5","","0","0","0","0"
"5208205","915","2670","7","2023-12-05 02:34:04","3","0","2","1"
"5209697","1691","2669","12","2023-09-20 17:31:11","4","3","0","1"
"5210225","589","2669","7","2023-10-18 13:53:35","1","0","0","1"
"5210482","1179","2669","21","2023-07-11 07:38:29","3","1","2","0"
"5212742","1110","2669","5","2023-06-18 14:12:02","7","5","2","0"
"5213779","735","2668","19","","0","0","0","0"
"5213857","1881","2668","13","2023-05-27 20:19:37","4","0","4","0"
"5214452","745","2668","8","","0","0","0","0"
"5215049","917","2668","6","","0","0","0","0"
"5216509","1869","2668","6","2023-09-08 00:17:40","1","0","0","1"
"5217293","1053","2667","5","2023-12-20 15:57:08","3","0","0","3"
"5217790","867","2667","5","","0","0","0","0"
"5220895","855","2667","5","","0","0","0","0"
"5221435","1585","2666","8","2024-01-16 01:14:57","1","0","0","1"
"5221538","1183","2666","8","2023-12-28 13:17:05","1","0","0","1"
"5224894","729","2666","7","","0","0","0","0"
"5225541","1404","2665","13","2023-05-31 02:16:32","1","0","1","0"
"5226279","691","2665","8","2023-08-16 11:47:21","3","2","0","1"
"5226792","1902","2665","10","2024-01-26 11:23:21","11","0","9","2"
"5227259","1963","2665","9","","0","0","0","0"
"5228288","831","2665","9","","0","0","0","0"
"5228912","1621","2665","21","","0","0","0","0"
"5230568","670","2664","6","2023-11-29 05:16:07","5","1","1","3"
"5230585","1165","2664","7","","0","0","0","0"
"5230705","1340","2664","7","2023-09-02 01:11:24","1","0","0","1"
"5231186","1478","2664","5","2023-04-17 14:20:10","7","7","0","0"
"5233024","617","2663","18","","0","0","0","0"
"5234417","957","2662","5","","0","0","0","0"
"5235528","1204","2662","9","2023-08-02 09:12:01","4","2","1","1"
"5235665","935","2662","8","2023-06-21 01:08:48","1","0","1","0"
"5236387","770","2662","5","2024-01-13 19:34:51","4","0","0","4"
"5236965","567","2662","5","","0","0","0","0"
"5239616","728","2661","6","2024-01-23 05:18:43","3","0","2","1"
"5243983","1596","2660","17","2023-12-08 10:06:45","11","7","1","3"
"5244513","624","2660","6","2023-08-24 23:24:07","2","1","0","1"
"5247502","1358","2659","6","","0","0","0","0"
"5247706","700","2659","17","2023-06-29 21:26:04","2","1","1","0"
"5248229","1408","2659","6","2023-11-05 15:38:36","1","0","0","1"
"5250869","580","2658","6","2023-04-16 17:06:14","1","1","0","0"
"5252849","885","2658","7","","0","0","0","0"
"5255911","936","2657","9","2024-01-03 08:49:03","23","1","1","21"
"5256048","1173","2657","7","","0","0","0","0"
"5256612","626","2656","24","","0","0","0","0"
"5256868","781","2656","25","","0","0","0","0"
"5257498","960","2656","62","2024-01-24 14:41:08","4","0","0","4"
"5257674","1431","2656","5","2023-09-03 05:40:59","4","1","2","1"
"5258303","661","2656","5","2023-09-16 02:56:58","3","0","2","1"
"5258809","1190","2655","12","2023-11-02 16:26:01","13","3","2","8"
"5260265","1388","2655","80","2023-10-10 07:22:53","3","0","2","1"
"5260397","907","2655","7","2024-01-30 10:21:10","5","2","1","2"
"5265950","789","2654","6","2023-10-12 12:44:50","2","0","1","1"
"5267494","1637","2653","9","2023-12-18 08:57:14","6","4","0","2"
"5267712","500","2653","13","","0","0","0","0"
"5268529","847","2653","5","2023-09-17 09:12:05","1","0","0","1"
"5272126","519","2652","7","2023-08-12 22:55:48","3","2","0","1"
"5274713","1610","2652","7","","0","0","0","0"
"5276946","1636","2651","56","2023-12-04 09:08:42","9","4","2","3"
"5277707","1334","2651","7","2023-08-17 09:59:08","1","0","0","1"
"5278555","609","2651","5","","0","0","0","0"
"5279026","805","2650","9","","0","0","0","0"
"5279059","1189","2650","5","2023-03-30 13:56:40","2","2","0","0"
"5279274","624","2650","5","2023-10-11 19:44:06","4","1","2","1"
"5280512","1822","2650","26","2024-01-31 23:06:43","23","9","2","12"
"5282081","1405","2649","6","","0","0","0","0"
"5282407","1593","2649","6","2023-08-03 05:30:23","1","0","0","1"
"5283663","678","2648","8","2024-01-26 13:56:12","2","0","1","1"
"5284011","1085","2648","21","2023-11-27 12:50:00","11","3","4","4"
"5284448","1331","2648","12","2023-11-29 07:54:26","9","7","0","2"
"5289334","1253","2647","53","2023-06-07 13:18:53","1","0","1","0"
"5289570","1436","2647","5","","0","0","0","0"
"5292901","1285","2646","12","2023-12-07 04:59:49","6","4","0","2"
"5293641","554","2646","9","","0","0","0","0"
"5296179","505","2645","16","","0","0","0","0"
"5296627","861","2645","15","2024-01-31 12:13:41","3","1","0","2"
"5296683","1677","2645","26","2024-01-24 09:54:20","1","0","0","1"
"5297950","1129","2645","6","","0","0","0","0"
"5299082","759","2644","12","2023-11-04 19:03:43","8","1","3","4"
"5300921","1299","2644","8","2023-08-19 11:55:03","3","2","0","1"
"5301606","1399","2644","20","2023-02-07 01:14:54","1","1","0","0"
"5302349","1026","2644","10","","0","0","0","0"
"5303116","1902","2643","6","","0","0","0","0"
"5303797","674","2643","6","","0","0","0","0"
"5304075","1217","2643","15","2023-11-01 06:32:03","5","0","1","4"
"5304124","1530","2643","17","2023-06-11 14:27:10","1","0","1","0"
"5307235","1675","2641","27","2023-10-29 14:14:36","10","0","6","4"
"5307634","527","2641","15","2023-09-29 11:38:10","3","0","0","3"
"5312103","1154","2640","10","2024-01-19 08:03:58","21","7","3","11"
"5313075","1098","2640","6","2023-11-01 10:31:58","4","2","0","2"
"5313817","1548","2640","28","","0","0","0","0"
"5314275","942","2640","5","","0","0","0","0"
"5314546","1436","2640","5","","0","0","0","0"
"5315591","774","2639","58","2023-11-07 15:56:10","14","0","4","10"
"5316201","554","2639","9","2023-05-22 20:53:46","2","1","1","0"
"5316981","1517","2639","64","","0","0","0","0"
"5318436","735","2639","5","2023-10-04 20:24:32","5","0","3","2"
"5319590","733","2638","6","2023-09-19 14:09:38","1","0","0","1"
"5320591","1556","2638","5","2023-11-07 13:49:22","3","1","0","2"
"5320601","1825","2638","7","2023-05-11 09:43:01","1","0","1","0"
"5321660","1936","2638","5","","0","0","0","0"
"5321862","1482","2638","34","2024-01-16 08:02:34","7","4","2","1"
"5322871","862","2638","5","2024-01-02 01:26:30","8","3","1","4"
"5323344","1642","2637","7","2023-04-25 15:46:56","2","2","0","0"
"5326767","502","2637","5","","0","0","0","0"
"5327495","606","2636","7","","0","0","0","0"
"5328721","961","2636","21","","0","0","0","0"
"5329483","1262","2636","6","2023-09-03 14:54:20","3","0","1","2"
"5329943","1976","2635","13","","0","0","0","0"
"5330103","1533","2635","16","2024-01-22 18:54:55","13","4","7","2"
"5330909","630","2635","9","2023-10-06 17:06:52","6","2","2","2"
"5332110","1002","2634","5","2024-01-15 19:55:39","6","2","2","2"
"5333324","559","2634","29","","0","0","0","0"
"5334903","985","2634","11","2023-12-11 08:30:35","3","0","1","2"
"5336001","621","2633","8","2023-08-24 04:41:56","1","0","0","1"
"5337612","796","2633","5","","0","0","0","0"
"5338289","1272","2633","5","","0","0","0","0"
"5339916","615","2633","5","","0","0","0","0"
"5341247","670","2632","5","2023-06-14 15:10:22","1","0","1","0"
"5342009","1312","2632","20","2023-04-07 13:17:45","1","1","0","0"
"5344327","926","2632","5","","0","0","0","0"
"5346203","557","2631","5","","0","0","0","0"
"5349869","976","2630","6","","0","0","0","0"
"5352227","1926","2630","24","2023-07-04 00:23:42","9","8","1","0"
"5354315","612","2629","9","","0","0","0","0"
"5355118","557","2628","7","","0","0","0","0"
"5356216","1762","2628","12","2023-10-31 18:39:26","3","2","0","1"
"5357500","791","2627","7","2023-12-04 07:53:05","3","0","1","2"
"5358968","1607","2627","11","","0","0","0","0"
"5359846","1856","2627","92","2023-10-10 10:54:42","30","8","17","5"
"5360237","1036","2627","20","2024-01-09 20:48:36","9","5","3","1"
"5360439","1288","2627","8","2023-10-28 18:45:44","1","0","0","1"
"5362251","1376","2626","7","2023-08-08 14:26:57","4","1","2","1"
"5362884","523","2626","5","","0","0","0","0"
"5363308","1823","2626","5","2023-11-08 10:32:14","6","1","2","3"
"5364786","547","2626","17","","0","0","0","0"
"5366075","1873","2625","10","2023-02-27 12:31:56","1","1","0","0"
"5367939","794","2625","6","","0","0","0","0"
"5368122","854","2625","10","2023-07-20 11:18:43","4","3","1","0"
"5368856","741","2625","9","2023-09-09 07:06:47","14","11","2","1"
"5369727","788","2625","22","2023-06-23 23:00:39","1","0","1","0"
"5369759","807","2625","23","2023-02-09 16:39:15","1","1","0","0"
"5369852","1629","2625","115","","0","0","0","0"
"5370163","648","2624","11","2023-09-06 20:16:59","1","0","0","1"
"5370609","657","2624","5","2024-01-26 15:38:27","1","0","0","1"
"5371749","1968","2624","5","2023-05-02 11:24:09","1","0","1","0"
"5372079","1417","2624","6","2023-07-17 12:51:00","5","1","4","0"
"5373105","702","2624","10","2023-03-15 21:29:37","1","1","0","0"
"5374924","1485","2623","8","","0","0","0","0"
"5374995","1862","2623","9","2024-01-31 12:46:19","2","0","1","1"
"5379091","1684","2622","7","2024-01-11 10:59:01","2","0","0","2"
"5380294","533","2622","5","","0","0","0","0"
"5380651","757","2621","7","2023-09-13 10:31:34","2","0","1","1"
"5380656","791","2690","9","2023-06-02 18:11:02","7","4","3","0"
"5381657","905","2621","13","2024-01-21 15:11:25","9","3","1","5"
"5385135","1292","2620","15","2023-02-26 17:17:03","1","1","0","0"
"5387738","980","2619","46","2023-07-06 13:07:04","5","4","1","0"
"5387991","942","2619","11","2023-08-02 08:19:57","3","2","0","1"
"5390547","1037","2619","5","2023-02-03 12:44:21","1","1","0","0"
"5391965","678","2618","24","2023-09-07 08:46:18","4","3","0","1"
"5393858","826","2618","26","","0","0","0","0"
"5394364","1470","2618","9","","0","0","0","0"
"5394866","609","2618","7","2023-04-17 22:54:34","1","1","0","0"
"5397051","1492","2617","8","2024-01-15 23:21:45","3","0","0","3"
"5397117","875","2617","11","2024-01-15 13:43:31","9","2","5","2"
"5399323","679","2617","13","2024-01-09 00:36:57","1","0","0","1"
"5400562","537","2616","27","","0","0","0","0"
"5401310","1285","2616","6","2023-03-23 04:34:19","1","1","0","0"
"5401477","627","2616","5","","0","0","0","0"
"5401889","511","2616","7","2023-11-17 23:09:06","4","1","1","2"
"5402169","892","2616","5","","0","0","0","0"
"5403466","1506","2615","7","2023-10-29 05:41:30","6","1","3","2"
"5405415","1864","2615","28","2023-12-18 11:06:45","5","1","1","3"
"5405669","916","2614","8","2023-10-06 16:16:35","6","2","1","3"
"5409815","1376","2613","11","","0","0","0","0"
"5410188","1538","2613","5","2023-08-22 03:48:14","2","1","0","1"
"5411341","1064","2613","9","2023-06-21 05:55:32","3","2","1","0"
"5413773","768","2612","6","2023-09-16 09:19:06","4","3","0","1"
"5413981","634","2612","8","","0","0","0","0"
"5415102","922","2612","7","2023-10-11 07:36:57","2","0","0","2"
"5415835","565","2612","20","","0","0","0","0"
"5417679","777","2611","13","","0","0","0","0"
"5418359","565","2611","7","","0","0","0","0"
"5418366","560","2611","7","2023-04-21 21:29:08","1","1","0","0"
"5418940","1040","2611","14","2023-12-19 04:43:28","22","8","6","8"
"5421854","812","2610","7","2023-03-24 11:53:13","2","2","0","0"
"5422365","1781","2610","7","","0","0","0","0"
"5423185","673","2610","5","2023-12-05 11:56:31","2","0","1","1"
"5424535","622","2610","44","2023-09-02 17:28:46","1","0","0","1"
"5426539","874","2609","8","2023-12-15 03:28:06","10","5","0","5"
"5426560","1876","2609","9","2023-08-30 06:23:51","2","0","0","2"
"5427436","524","2609","6","2023-12-22 04:09:49","3","2","0","1"
"5428936","969","2609","7","","0","0","0","0"
"5431236","1156","2608","7","2023-04-22 07:47:44","1","1","0","0"
"5432783","1597","2607","9","","0","0","0","0"
"5433825","710","2607","7","2023-11-02 20:38:14","1","0","0","1"
"5436378","1289","2606","6","2023-08-23 13:34:19","1","0","0","1"
"5439793","1294","2605","7","2023-12-20 21:41:25","5","1","0","4"
"5441932","1091","2605","7","","0","0","0","0"
"5441972","1213","2605","6","2023-12-20 18:04:12","15","5","0","10"
"5442468","574","2605","5","","0","0","0","0"
"5446933","1577","2604","10","2023-07-17 15:13:55","1","0","1","0"
"5447822","1343","2603","8","2023-11-07 14:27:56","1","0","0","1"
"5448613","610","2603","25","","0","0","0","0"
"5448891","1360","2603","5","","0","0","0","0"
"5450577","1515","2603","25","2023-03-14 12:51:20","3","3","0","0"
"5452687","819","2602","5","","0","0","0","0"
"5453613","1440","2602","7","2023-10-18 09:41:28","1","0","0","1"
"5456789","1823","2601","6","2024-01-13 12:50:04","5","1","0","4"
"5457426","1609","2601","21","2023-10-04 11:19:42","1","0","0","1"
"5458019","523","2601","5","","0","0","0","0"
"5458741","610","2600","7","2023-12-26 08:24:57","12","11","0","1"
"5462743","1068","2599","5","2024-01-16 09:27:34","5","1","1","3"
"5465790","1657","2598","11","","0","0","0","0"
"5466477","1874","2598","10","2023-09-30 13:09:57","5","4","0","1"
"5467710","1238","2598","33","2023-09-21 11:09:47","2","1","0","1"
"5468999","606","2598","5","","0","0","0","0"
"5470026","910","2597","5","","0","0","0","0"
"5472004","1528","2597","21","2023-10-12 15:08:07","1","0","0","1"
"5472037","651","2597","7","2023-09-27 08:55:26","3","0","1","2"
"5472708","947","2597","12","2023-09-27 21:06:03","12","6","2","4"
"5474261","667","2596","5","2023-10-02 12:52:18","2","0","1","1"
"5476186","1007","2596","6","","0","0","0","0"
"5478174","578","2595","9","","0","0","0","0"
"5478462","1838","2595","5","","0","0","0","0"
"5479542","1993","2595","8","","0","0","0","0"
"5479921","678","2595","30","2023-09-05 09:10:36","4","0","3","1"
"5480274","1136","2595","10","2023-07-05 23:36:11","2","1","1","0"
"5480949","1819","2595","7","2023-04-05 19:42:58","2","2","0","0"
"5481069","1012","2595","7","2023-10-02 19:29:22","11","1","8","2"
"5481641","698","2595","5","2023-03-09 10:34:52","1","1","0","0"
"5482358","1637","2594","5","","0","0","0","0"
"5485454","1846","2593","89","2023-05-22 14:57:47","1","0","1","0"
"5489257","609","2592","9","2023-03-15 03:40:17","1","1","0","0"
"5490632","707","2592","6","","0","0","0","0"
"5491184","1430","2592","8","","0","0","0","0"
"5492899","656","2591","9","","0","0","0","0"
"5492980","524","2591","19","2023-06-15 16:37:50","3","2","1","0"
"5493813","1553","2591","19","","0","0","0","0"
"5495197","1534","2591","8","","0","0","0","0"
"5496437","1631","2590","6","2023-10-04 06:36:06","4","2","1","1"
"5500213","756","2590","7","2023-03-07 06:47:42","8","8","0","0"
"5500603","517","2590","6","2023-06-09 15:28:14","3","0","3","0"
"5503956","1273","2589","9","2024-01-20 07:05:13","4","2","0","2"
"5504925","1462","2589","16","2023-05-20 12:43:52","6","4","2","0"
"5505680","634","2588","5","2023-05-22 10:27:57","3","2","1","0"
"5507535","1828","2588","6","2023-03-25 10:40:58","4","4","0","0"
"5509709","1854","2587","85","2023-02-02 07:23:37","1","1","0","0"
"5509892","1113","2587","19","2023-11-23 08:15:00","12","3","5","4"
"5511061","1781","2587","6","2023-12-15 18:59:48","16","3","11","2"
"5516527","1587","2585","7","","0","0","0","0"
"5519174","953","2584","8","","0","0","0","0"
"5519632","1902","2584","6","2023-04-13 06:30:08","1","1","0","0"
"5520810","1677","2584","7","2023-11-06 20:54:50","1","0","0","1"
"5523775","545","2583","6","","0","0","0","0"
"5524637","1443","2583","29","","0","0","0","0"
"5524641","535","2583","9","2023-08-24 11:48:26","1","0","0","1"
"5525384","1099","2583","7","2023-10-16 19:55:33","4","0","0","4"
"5525901","1782","2583","5","2023-09-26 13:22:29","3","0","2","1"
"5526335","768","2583","5","","0","0","0","0"
"5526349","1303","2583","11","2023-12-16 00:13:19","10","0","8","2"
"5527213","1170","2582","9","2023-12-31 14:18:49","27","0","8","19"
"5527646","1943","2582","5","2023-02-01 20:53:45","1","1","0","0"
"5528262","774","2582","12","2023-08-10 01:54:44","1","0","0","1"
"5530952","528","2582","7","","0","0","0","0"
"5531771","754","2581","7","2023-12-11 10:50:56","6","2","2","2"
"5532134","1098","2581","7","","0","0","0","0"
"5532633","552","2581","13","","0","0","0","0"
"5532667","579","2581","8","","0","0","0","0"
"5533907","797","2581","30","","0","0","0","0"
"5536974","857","2580","16","2023-02-04 20:01:35","1","1","0","0"
"5538913","1164","2579","8","2023-11-30 14:15:31","3","1","1","1"
"5538923","557","2579","6","2023-05-27 20:26:16","1","0","1","0"
"5539577","1730","2579","15","2023-06-19 09:44:20","2","1","1","0"
"5539707","1593","2579","18","","0","0","0","0"
"5539782","557","2579","85","2023-08-06 20:44:51","2","1","0","1"
"5540231","1128","2579","6","2023-07-05 12:28:59","5","2","3","0"
"5540407","594","2579","6","2023-07-19 11:02:18","3","0","3","0"
"5543325","661","2578","5","","0","0","0","0"
"5544416","1425","2578","9","","0","0","0","0"
"5545510","598","2577","5","","0","0","0","0"
"5548699","699","2577","10","2023-05-15 12:20:38","2","1","1","0"
"5548904","1438","2576","12","2023-02-10 23:18:48","1","1","0","0"
"5549140","1784","2576","8","2024-01-14 03:42:22","1","0","0","1"
"5550301","737","2576","11","2024-01-27 15:35:55","14","5","5","4"
"5556320","919","2575","13","2023-07-25 17:45:10","6","1","5","0"
"5558052","1489","2574","9","2023-08-25 03:04:38","3","1","1","1"
"5558122","1658","2574","11","2023-11-23 12:10:06","7","2","2","3"
"5558953","816","2574","12","","0","0","0","0"
"5563263","1149","2572","22","2023-12-04 19:38:26","29","0","16","13"
"5565406","563","2572","34","","0","0","0","0"
"5566195","501","2571","5","","0","0","0","0"
"5569008","582","2571","6","2024-01-10 12:48:16","5","0","0","5"
"5569286","1740","2571","5","","0","0","0","0"
"5569485","930","2571","18","2023-09-23 22:32:15","3","2","0","1"
"5570189","735","2570","15","2023-09-01 05:06:27","1","0","0","1"
"5571581","1092","2570","8","2023-04-20 14:16:01","2","2","0","0"
"5571827","1557","2570","6","2024-01-22 11:52:05","7","3","0","4"
"5572384","1507","2570","6","2023-09-12 21:39:56","15","0","8","7"
"5573170","1631","2570","5","","0","0","0","0"
"5577188","1247","2569","12","2024-01-11 15:51:40","89","49","20","20"
"5577723","1962","2569","22","2023-05-19 05:29:29","1","0","1","0"
"5580841","1423","2568","8","2023-06-16 07:57:22","1","0","1","0"
"5581561","1969","2568","7","2023-08-29 07:31:46","1","0","0","1"
"5583881","792","2567","5","2023-05-22 08:37:48","2","1","1","0"
"5584191","1342","2567","8","","0","0","0","0"
"5585819","535","2567","11","2023-03-09 14:13:31","3","3","0","0"
"5585996","1099","2567","9","2023-10-11 08:59:10","5","1","1","3"
"5587080","1230","2567","28","","0","0","0","0"
"5587736","707","2567","18","2023-05-17 14:17:04","3","2","1","0"
"5589683","628","2566","5","","0","0","0","0"
"5592556","529","2565","14","2023-07-11 09:35:43","2","1","1","0"
"5592791","624","2565","6","","0","0","0","0"
"5592811","571","2565","10","2023-06-13 10:53:21","6","4","2","0"
"5594167","1181","2564","18","","0","0","0","0"
"5595995","1818","2564","17","2024-01-31 21:58:27","16","3","1","12"
"5597037","1961","2564","5","","0","0","0","0"
"5597085","1443","2564","7","2023-10-19 17:08:07","3","2","0","1"
"5597304","1016","2564","8","2024-01-08 18:35:52","4","0","1","3"
"5598331","952","2563","7","","0","0","0","0"
"5598423","1130","2563","6","","0","0","0","0"
"5599067","719","2563","21","2024-01-30 09:40:42","29","0","0","29"
"5599770","839","2563","13","","0","0","0","0"
"5600152","1431","2563","9","2023-07-10 04:12:23","2","0","2","0"
"5600153","1735","2563","13","2024-01-22 18:37:51","50","15","19","16"
"5600652","1579","2563","41","","0","0","0","0"
"5601030","964","2563","5","2023-07-13 11:38:54","2","0","2","0"
"5601825","1185","2563","9","2024-01-30 13:56:17","2","0","0","2"
"5602878","521","2562","14","","0","0","0","0"
"5603708","1074","2562","5","","0","0","0","0"
"5607537","1401","2561","7","2023-05-14 12:31:23","3","2","1","0"
"5607920","981","2561","24","2023-09-15 07:55:39","8","4","2","2"
"5609328","1448","2561","22","2023-11-21 13:21:12","6","1","1","4"
"5610358","1197","2560","15","","0","0","0","0"
"5611722","1198","2560","10","","0","0","0","0"
"5611967","1050","2560","34","2023-12-13 23:17:08","24","7","0","17"
"5613027","1701","2560","43","2023-08-06 13:47:32","8","5","1","2"
"5613367","898","2560","8","2023-02-08 20:27:20","1","1","0","0"
"5615371","1664","2559","9","2023-07-19 08:07:43","7","5","2","0"
"5615778","1268","2559","6","","0","0","0","0"
"5617124","1158","2558","5","2023-11-06 07:35:48","3","1","1","1"
"5617485","1506","2558","7","","0","0","0","0"
"5617608","1760","2558","48","2023-07-04 21:43:19","7","4","3","0"
"5618266","562","2558","12","","0","0","0","0"
"5618434","531","2558","18","","0","0","0","0"
"5619109","1067","2558","17","2023-07-13 09:27:03","1","0","1","0"
"5621032","1290","2557","7","2023-03-07 10:12:25","1","1","0","0"
"5621055","1816","2557","25","2023-04-25 20:35:32","2","2","0","0"
"5622309","1071","2557","32","2024-01-04 10:20:40","18","6","6","6"
"5622901","681","2557","6","","0","0","0","0"
"5622918","1242","2557","8","2024-01-28 14:58:57","1","0","0","1"
"5623780","917","2556","8","2023-12-18 12:52:07","6","2","3","1"
"5626341","1098","2556","8","2023-11-22 15:13:35","2","1","0","1"
"5627286","847","2556","7","2024-01-05 02:40:32","3","0","1","2"
"5627467","597","2556","6","","0","0","0","0"
"5629432","539","2555","11","2023-08-16 09:16:49","3","0","2","1"
"5629527","1166","2555","5","2023-04-25 06:05:53","2","2","0","0"
"5629588","1959","2555","16","2023-12-23 05:36:56","14","5","4","5"
"5630361","1761","2555","13","2023-06-05 15:48:12","1","0","1","0"
"5630886","1858","2555","7","2023-12-10 01:06:49","2","0","0","2"
"5631673","1058","2555","5","2023-09-27 08:32:37","1","0","0","1"
"5632371","744","2555","6","","0","0","0","0"
"5633198","1456","2554","7","","0","0","0","0"
"5634603","605","2554","10","","0","0","0","0"
"5635175","1641","2554","17","2023-11-13 21:47:07","2","1","0","1"
"5635338","563","2554","26","","0","0","0","0"
"5637137","538","2554","5","","0","0","0","0"
"5639081","1323","2553","7","2023-08-19 07:46:48","2","1","0","1"
"5639143","851","2553","18","2023-11-22 10:54:45","1","0","0","1"
"5641924","642","2552","11","2023-03-21 09:26:58","3","3","0","0"
"5642031","528","2552","10","","0","0","0","0"
"5644090","1157","2552","11","","0","0","0","0"
"5644892","765","2552","6","2024-01-16 18:13:02","1","0","0","1"
"5645292","1674","2551","8","2023-11-12 10:10:26","4","2","1","1"
"5645322","584","2551","19","","0","0","0","0"
"5645869","1376","2551","8","2024-01-14 03:12:25","15","3","4","8"
"5647004","1707","2551","8","","0","0","0","0"
"5647935","555","2551","8","2024-01-09 21:21:04","10","2","2","6"
"5648064","1351","2550","16","2023-12-29 15:18:28","10","4","1","5"
"5648143","1078","2550","5","2023-11-28 21:33:46","1","0","0","1"
"5651481","1819","2550","14","","0","0","0","0"
"5654708","927","2549","14","","0","0","0","0"
"5654798","947","2549","8","","0","0","0","0"
"5655434","1337","2549","15","","0","0","0","0"
"5656617","724","2549","17","","0","0","0","0"
"5658233","1568","2548","7","","0","0","0","0"
"5659278","928","2548","7","2023-02-04 05:58:48","2","2","0","0"
"5660315","1908","2548","9","","0","0","0","0"
"5662244","1355","2547","5","2023-08-23 10:01:44","1","0","0","1"
"5663340","886","2547","7","2023-11-25 15:09:18","3","0","1","2"
"5666216","801","2547","11","2023-09-04 17:18:06","12","2","9","1"
"5668443","794","2546","9","2023-07-09 11:07:23","4","0","4","0"
"5668687","985","2546","5","","0","0","0","0"
"5669300","891","2546","5","","0","0","0","0"
"5672871","571","2545","8","2023-09-08 19:25:38","2","0","0","2"
"5672961","1100","2545","5","2023-06-06 05:48:37","3","2","1","0"
"5675676","771","2544","7","2024-01-03 10:33:07","13","4","3","6"
"5676613","693","2543","5","2023-04-13 12:27:52","1","1","0","0"
"5678408","601","2543","18","2023-12-19 14:18:44","4","0","1","3"
"5679047","681","2543","33","2023-09-21 19:42:02","3","0","0","3"
"5679455","760","2543","5","","0","0","0","0"
"5679516","636","2543","6","","0","0","0","0"
"5680754","1148","2542","16","","0","0","0","0"
"5682512","1944","2542","8","","0","0","0","0"
"5682962","1081","2542","5","2023-08-16 17:16:40","3","0","2","1"
"5683800","503","2542","6","","0","0","0","0"
"5685482","808","2541","5","2023-05-02 16:36:24","3","2","1","0"
"5687262","1445","2541","5","","0","0","0","0"
"5689349","896","2540","9","2023-08-02 06:07:19","3","0","2","1"
"5689995","1750","2540","6","2023-03-22 17:18:40","1","1","0","0"
"5691983","1285","2540","9","2023-10-29 20:22:01","4","0","2","2"
"5693642","1235","2539","5","2023-02-15 20:38:22","1","1","0","0"
"5696328","659","2539","9","","0","0","0","0"
"5701425","1074","2537","5","","0","0","0","0"
"5702056","1632","2536","10","","0","0","0","0"
"5702811","1382","2536","12","","0","0","0","0"
"5702858","633","2536","10","","0","0","0","0"
"5705554","1933","2535","9","2023-04-16 21:08:59","1","1","0","0"
"5705820","1288","2535","5","2023-12-05 13:00:58","1","0","0","1"
"5705891","767","2535","10","","0","0","0","0"
"5711986","559","2534","9","","0","0","0","0"
"5712125","1055","2534","7","2024-01-13 19:43:47","4","3","0","1"
"5712330","1965","2534","12","2023-09-28 19:56:04","15","6","3","6"
"5712576","560","2534","11","","0","0","0","0"
"5712710","662","2534","5","","0","0","0","0"
"5714068","1237","2533","13","2024-01-04 22:44:37","1","0","0","1"
"5714136","910","2533","5","","0","0","0","0"
"5714292","831","2533","38","","0","0","0","0"
"5714791","641","2533","7","","0","0","0","0"
"5715397","1227","2533","6","2023-06-26 07:01:55","1","0","1","0"
"5715512","585","2533","5","2023-11-08 20:42:34","5","1","0","4"
"5716745","1925","2532","61","","0","0","0","0"
"5717792","1765","2531","14","","0","0","0","0"
"5718106","1442","2531","28","2023-12-11 18:06:47","1","0","0","1"
"5718264","834","2531","7","","0","0","0","0"
"5718551","944","2531","17","","0","0","0","0"
"5719294","1054","2531","12","2023-03-18 10:06:58","1","1","0","0"
"5719810","1955","2530","6","2023-12-30 17:24:08","9","0","1","8"
"5720118","1082","2530","6","2023-02-22 11:56:30","1","1","0","0"
"5721125","614","2530","5","","0","0","0","0"
"5721636","995","2530","20","2023-12-10 20:30:16","4","1","1","2"
"5723095","1959","2529","60","","0","0","0","0"
"5723554","1290","2529","12","2023-03-15 17:48:25","1","1","0","0"
"5726768","1352","2528","39","","0","0","0","0"
"5726956","692","2528","40","2023-11-14 11:29:02","13","3","3","7"
"5727476","508","2528","6","2023-04-26 03:19:25","1","1","0","0"
"5727960","1866","2528","5","2023-04-01 18:21:55","2","2","0","0"
"5728565","555","2528","9","2023-08-30 09:06:00","2","1","0","1"
"5730738","524","2527","10","2023-09-19 11:29:35","2","0","0","2"
"5734400","1644","2526","5","","0","0","0","0"
"5735035","1134","2526","8","","0","0","0","0"
"5736491","645","2525","9","2023-12-28 14:11:29","5","3","0","2"
"5737758","514","2524","25","2023-06-27 10:32:25","2","1","1","0"
"5739452","1108","2523","14","2023-10-27 14:18:16","13","10","0","3"
"5741227","1289","2523","5","","0","0","0","0"
"5742662","1639","2522","14","","0","0","0","0"
"5744718","1995","2522","8","2023-03-21 14:01:49","2","2","0","0"
"5746969","578","2521","11","","0","0","0","0"
"5747150","823","2521","12","2023-12-14 06:11:51","20","4","0","16"
"5748670","870","2521","7","2023-02-21 19:18:19","2","2","0","0"
"5749192","1216","2521","12","2023-09-11 01:40:18","4","1","0","3"
"5750098","716","2520","10","","0","0","0","0"
"5750279","699","2520","10","2023-11-17 06:14:03","1","0","0","1"
"5751264","1204","2520","13","2023-10-17 23:13:47","14","3","8","3"
"5751588","1432","2520","5","2023-03-23 15:39:25","3","3","0","0"
"5752473","819","2520","6","2023-04-26 08:26:38","2","2","0","0"
"5754798","1385","2520","35","","0","0","0","0"
"5755604","1779","2519","91","2023-10-13 05:19:48","5","2","2","1"
"5759716","844","2519","7","","0","0","0","0"
"5761080","525","2518","17","2024-01-09 14:59:37","10","0","3","7"
"5761648","1115","2518","13","2023-06-02 10:46:25","2","1","1","0"
"5762691","1527","2518","15","2023-08-25 06:30:01","4","2","1","1"
"5763787","714","2518","11","2023-06-18 13:30:23","1","0","1","0"
"5766170","1734","2517","7","2023-11-12 03:42:15","7","0","1","6"
"5766610","584","2517","7","","0","0","0","0"
"5766630","767","2517","18","","0","0","0","0"
"5769672","646","2516","13","","0","0","0","0"
"5770084","725","2516","19","2023-05-10 21:54:15","1","0","1","0"
"5770116","748","2516","15","2023-09-03 21:54:50","7","5","1","1"
"5770147","551","2516","16","2023-11-21 13:05:08","1","0","0","1"
"5771107","504","2516","7","2023-05-04 20:48:03","4","2","2","0"
"5774727","1380","2515","15","2023-02-28 13:52:50","2","2","0","0"
"5775158","722","2515","5","","0","0","0","0"
"5775556","929","2515","8","2023-08-07 13:13:21","4","1","2","1"
"5777189","1522","2514","7","2023-09-24 20:36:30","2","0","1","1"
"5778002","656","2514","22","","0","0","0","0"
"5779200","919","2514","20","","0","0","0","0"
"5780853","649","2514","12","2023-08-24 12:25:09","1","0","0","1"
"5781773","780","3247","6","2023-10-20 00:40:46","7","1","5","1"
"5782416","1694","2513","6","","0","0","0","0"
"5782985","631","2513","7","2024-01-11 05:05:50","3","0","0","3"
"5783608","1728","2513","8","","0","0","0","0"
"5783617","1309","2513","25","2023-03-16 11:34:43","4","4","0","0"
"5785085","1053","2513","17","","0","0","0","0"
"5785250","1769","2513","13","2023-08-22 19:40:01","13","7","5","1"
"5786039","914","2513","6","2023-07-19 13:15:07","4","1","3","0"
"5786478","828","2513","8","2024-01-09 12:56:05","5","3","1","1"
"5788142","682","2512","6","2023-11-13 23:46:33","1","0","0","1"
"5789321","645","2512","6","","0","0","0","0"
"5790663","1766","2512","9","","0","0","0","0"
"5792527","614","2511","6","2023-10-25 22:12:32","4","1","2","1"
"5793276","1443","2511","6","","0","0","0","0"
"5794104","654","2511","7","2023-08-22 14:50:33","1","0","0","1"
"5794313","1198","2511","25","","0","0","0","0"
"5796086","996","2511","11","2023-12-19 23:43:24","6","1","3","2"
"5796526","1707","2511","19","2024-01-30 10:46:07","19","4","8","7"
"5797253","1450","2510","9","","0","0","0","0"
"5797755","825","2510","11","","0","0","0","0"
"5798049","1258","2510","7","2023-12-16 05:01:06","2","0","1","1"
"5798347","1049","2510","12","2023-12-22 19:19:50","6","5","0","1"
"5799374","506","2510","18","2023-03-07 07:41:55","1","1","0","0"
"5802715","1362","2509","17","2024-01-08 23:31:36","5","0","2","3"
"5803811","617","2508","9","2023-07-28 12:19:39","2","0","2","0"
"5803910","1845","2508","11","2023-10-24 16:42:34","12","0","5","7"
"5805827","1089","2508","6","2023-04-14 10:07:00","1","1","0","0"
"5806975","950","2508","6","2023-07-16 15:56:12","7","0","7","0"
"5810125","505","2507","16","","0","0","0","0"
"5811242","506","2507","14","","0","0","0","0"
"5813473","590","2506","6","2023-12-21 10:54:09","10","2","2","6"
"5813879","583","2506","8","","0","0","0","0"
"5817056","1938","2506","5","","0","0","0","0"
"5817377","911","2506","14","2023-05-31 14:15:10","5","3","2","0"
"5817650","1162","2506","65","2023-05-05 10:22:46","3","2","1","0"
"5818106","1144","2506","8","","0","0","0","0"
"5818220","642","2506","24","","0","0","0","0"
"5818860","546","2505","6","2023-12-11 21:11:22","4","1","0","3"
"5818981","1983","2505","7","","0","0","0","0"
"5819227","516","2505","5","","0","0","0","0"
"5822120","1324","2505","5","2023-09-08 04:31:05","3","0","0","3"
"5822450","1043","2505","13","2024-01-06 08:02:04","14","0","4","10"
"5822776","1588","2505","7","","0","0","0","0"
"5825268","828","2504","6","","0","0","0","0"
"5827342","1191","2504","13","","0","0","0","0"
"5827477","1170","2504","6","2023-10-19 17:51:42","2","1","0","1"
"5828464","1282","2504","7","2023-10-19 17:23:15","1","0","0","1"
"5829577","1099","2503","5","","0","0","0","0"
"5830214","1862","2503","6","2023-05-10 07:51:09","1","0","1","0"
"5831425","552","2503","14","2023-08-21 13:44:00","1","0","0","1"
"5833797","737","2502","14","","0","0","0","0"
"5833865","780","2502","55","2023-05-26 09:15:26","1","0","1","0"
"5835014","1405","2501","7","2023-11-06 04:19:54","1","0","0","1"
"5839462","1448","2501","7","","0","0","0","0"
"5841422","949","2500","8","2023-07-03 14:29:02","3","1","2","0"
"5841551","968","2500","16","2023-12-19 12:00:08","6","1","3","2"
"5844241","1812","2499","5","","0","0","0","0"
"5844918","573","2499","17","","0","0","0","0"
"5845739","915","2499","8","2023-12-23 13:54:41","11","7","0","4"
"5846066","1654","2499","13","","0","0","0","0"
"5847354","1144","2499","5","","0","0","0","0"
"5847713","504","2499","8","","0","0","0","0"
"5848375","1079","2499","15","","0","0","0","0"
"5848588","869","2499","7","2023-11-17 14:26:35","3","0","1","2"
"5848847","529","2499","11","","0","0","0","0"
"5850183","1595","2498","6","2023-07-11 07:30:41","5","2","3","0"
"5851213","539","2498","23","2024-01-17 07:21:11","2","0","0","2"
"5852046","1374","2498","9","","0","0","0","0"
"5852947","1181","2498","7","2023-12-01 20:57:51","1","0","0","1"
"5853292","800","2498","44","","0","0","0","0"
"5854731","1201","2498","6","2023-03-10 03:26:03","1","1","0","0"
"5855129","800","2497","5","2023-09-21 12:05:59","1","0","0","1"
"5857272","655","2497","17","2023-08-08 15:05:18","7","5","0","2"
"5857569","1728","2497","17","2023-11-28 17:07:48","2","1","0","1"
"5858006","698","2497","14","2023-05-24 18:32:41","3","2","1","0"
"5861427","520","2496","5","2023-06-16 13:46:00","4","1","3","0"
"5863519","1378","2495","9","","0","0","0","0"
"5864034","515","2495","8","2023-12-13 11:32:00","10","5","0","5"
"5866166","593","2494","7","2024-01-16 11:12:57","1","0","0","1"
"5868158","1383","2494","12","2023-06-07 14:42:55","2","1","1","0"
"5869215","1014","2494","5","","0","0","0","0"
"5869805","1200","2494","21","2024-01-20 15:34:06","5","1","3","1"
"5871187","573","2493","9","2023-07-27 09:26:34","1","0","1","0"
"5871709","1954","2493","5","2023-02-17 16:49:32","1","1","0","0"
"5872574","794","2493","9","","0","0","0","0"
"5873570","940","2493","7","","0","0","0","0"
"5875980","732","2492","8","2023-11-10 05:10:14","3","0","0","3"
"5878215","737","2492","5","2023-02-21 17:24:19","1","1","0","0"
"5878876","1898","2492","11","2024-01-08 11:21:31","9","2","6","1"
"5878961","713","2492","5","","0","0","0","0"
"5880615","1354","2492","6","","0","0","0","0"
"5889610","930","2490","5","","0","0","0","0"
"5889842","985","2490","5","2023-08-23 11:18:45","3","2","0","1"
"5892163","1769","2489","7","2023-12-22 14:30:14","2","0","1","1"
"5892518","1008","2489","77","2023-08-07 08:28:27","5","0","4","1"
"5892635","921","2489","6","2023-02-03 12:35:33","1","1","0","0"
"5894918","1194","2488","5","","0","0","0","0"
"5896405","726","2488","5","","0","0","0","0"
"5899171","746","2487","9","2024-01-15 17:39:55","3","0","0","3"
"5899238","855","2487","9","","0","0","0","0"
"5901697","1631","2486","5","","0","0","0","0"
"5902429","527","2486","5","2023-05-10 16:10:22","1","0","1","0"
"5909089","648","2485","5","2023-09-14 13:07:31","2","0","1","1"
"5909910","725","2485","14","2023-09-07 11:15:58","10","9","0","1"
"5910169","1200","2485","5","2023-11-01 17:34:25","8","0","1","7"
"5911206","1601","2484","6","","0","0","0","0"
"5914436","602","2484","10","","0","0","0","0"
"5915318","1794","2484","61","2023-04-30 15:30:47","3","3","0","0"
"5920411","1910","2483","13","2024-01-11 13:24:54","7","1","3","3"
"5920517","537","2483","5","2023-11-21 23:12:10","7","1","1","5"
"5920567","935","2483","5","","0","0","0","0"
"5920608","552","2483","21","2023-12-04 10:20:07","8","2","2","4"
"5921285","711","2482","7","","0","0","0","0"
"5921933","1159","2482","8","2023-09-15 15:32:29","3","2","0","1"
"5922263","555","2482","14","2024-01-15 11:32:27","9","2","0","7"
"5922842","939","2482","5","","0","0","0","0"
"5922854","798","2482","29","","0","0","0","0"
"5923576","573","2482","7","","0","0","0","0"
"5923873","1051","2482","6","2023-11-01 07:03:03","2","1","0","1"
"5924848","833","2481","7","2024-01-30 09:02:51","1","0","0","1"
"5925094","1341","2481","6","","0","0","0","0"
"5925125","1721","2481","6","2023-06-01 17:16:08","1","0","1","0"
"5927585","1248","2481","6","2023-07-13 07:14:35","2","0","2","0"
"5932454","1575","2480","31","2024-01-26 09:57:19","41","7","15","19"
"5933317","870","2479","5","","0","0","0","0"
"5934060","1028","2479","6","","0","0","0","0"
"5934587","516","2479","7","2023-02-09 16:05:24","1","1","0","0"
"5936187","1416","2479","5","","0","0","0","0"
"5937168","1705","2479","7","","0","0","0","0"
"5937978","940","2478","6","2023-08-25 16:03:16","3","2","0","1"
"5940776","916","2478","7","2023-05-03 06:23:13","5","3","2","0"
"5943689","722","2477","14","","0","0","0","0"
"5945222","766","2477","8","2023-09-22 06:53:03","1","0","0","1"
"5945444","1001","2477","8","2023-10-19 07:29:02","2","1","0","1"
"5946094","1896","2477","14","2023-07-27 22:55:50","1","0","1","0"
"5948396","705","2477","5","","0","0","0","0"
"5951228","846","2476","8","2023-11-28 14:53:35","1","0","0","1"
"5951911","664","2476","11","2023-02-05 11:39:03","2","2","0","0"
"5952539","661","2476","9","","0","0","0","0"
"5954452","893","2475","11","2023-11-03 07:25:07","10","1","8","1"
"5956589","863","2475","13","2023-12-03 17:22:34","4","1","0","3"
"5957020","1538","2475","5","2023-05-30 14:38:37","1","0","1","0"
"5960663","615","2473","11","","0","0","0","0"
"5963060","650","2473","31","2023-11-28 22:38:31","6","0","3","3"
"5963210","1808","2473","6","2023-12-28 20:06:56","11","3","4","4"
"5963316","1319","2473","5","","0","0","0","0"
"5963759","1598","2473","9","","0","0","0","0"
"5963888","1126","2473","10","2023-09-28 12:49:20","3","1","1","1"
"5964111","1347","2473","5","2023-03-22 10:16:36","1","1","0","0"
"5964489","1123","2473","5","","0","0","0","0"
"5968663","1104","2472","5","2023-05-14 20:25:59","8","2","6","0"
"5970050","651","2472","5","2024-01-03 14:41:55","5","0","2","3"
"5970728","955","2472","26","2023-02-23 23:26:32","13","13","0","0"
"5970908","722","2472","7","","0","0","0","0"
"5972355","587","2471","8","2023-06-09 17:45:49","1","0","1","0"
"5972778","590","2471","6","2023-10-30 20:59:48","12","3","5","4"
"5972966","1595","2471","9","","0","0","0","0"
"5972993","1014","2471","6","2023-04-21 23:07:58","1","1","0","0"
"5975678","1249","2471","51","2023-09-08 12:54:47","2","0","1","1"
"5979052","718","2470","9","2023-11-27 07:34:59","1","0","0","1"
"5981912","1840","2470","11","2023-10-01 09:24:49","7","3","3","1"
"5985593","1630","2469","5","","0","0","0","0"
"5986036","824","2469","16","","0","0","0","0"
"5986141","1611","2469","33","2023-06-07 18:12:45","31","22","9","0"
"5987430","501","2469","5","2023-11-14 09:49:11","1","0","0","1"
"5990117","1549","2468","9","","0","0","0","0"
"5990202","1222","2468","6","","0","0","0","0"
"5992559","794","2467","7","2023-11-11 22:28:47","2","0","0","2"
"5994546","503","2467","5","2023-12-10 11:59:13","6","3","2","1"
"5994924","1191","2467","10","2023-11-06 10:00:18","1","0","0","1"
"5997804","777","2466","11","","0","0","0","0"
"5999679","656","2466","6","2023-10-12 14:16:32","1","0","0","1"
"6001558","1739","2465","14","2023-11-03 08:51:33","6","1","1","4"
"6003035","618","2465","5","2023-06-30 21:01:31","1","0","1","0"
"6004338","690","2465","5","","0","0","0","0"
"6004371","1935","2465","21","2023-10-26 16:40:05","5","1","1","3"
"6005876","717","2464","6","2023-04-28 11:57:10","1","1","0","0"
"6009101","985","2464","9","","0","0","0","0"
"6009402","516","2464","5","","0","0","0","0"
"6009836","842","2464","6","2023-05-18 11:45:20","3","1","2","0"
"6013145","1368","2463","5","","0","0","0","0"
"6013582","1753","2463","5","","0","0","0","0"
"6016071","1194","2462","28","","0","0","0","0"
"6018757","1193","2462","12","2023-09-06 06:58:33","5","1","2","2"
"6019358","1653","2462","7","2023-05-16 03:09:13","36","28","8","0"
"6023918","616","2460","24","","0","0","0","0"
"6024431","520","2460","12","","0","0","0","0"
"6025068","614","2460","12","","0","0","0","0"
"6026297","797","2460","6","2023-09-28 08:37:05","2","0","1","1"
"6026338","1604","2460","21","2024-01-03 14:04:01","5","1","1","3"
"6027923","1801","2459","5","","0","0","0","0"
"6030926","733","2459","13","2023-11-08 22:22:35","11","8","1","2"
"6031844","698","2458","5","","0","0","0","0"
"6031948","1215","2458","9","2023-12-21 16:40:07","1","0","0","1"
"6032155","1287","2458","22","2023-09-15 22:46:41","2","1","0","1"
"6032920","595","2458","13","","0","0","0","0"
"6033288","825","2458","6","2024-01-05 19:47:56","2","0","1","1"
"6034460","1023","2458","23","2023-09-10 23:52:20","2","0","0","2"
"6034682","1425","2458","5","2023-07-26 12:01:17","3","0","3","0"
"6038249","557","2457","7","2023-07-07 06:07:24","1","0","1","0"
"6039240","1386","2457","14","2023-04-05 04:51:17","2","2","0","0"
"6039697","1194","2457","5","2023-11-11 00:33:05","2","1","0","1"
"6046766","669","2456","5","2023-07-17 14:14:01","1","0","1","0"
"6048531","642","2455","36","","0","0","0","0"
"6048782","613","2455","12","","0","0","0","0"
"6049324","578","2455","16","","0","0","0","0"
"6053879","1098","2454","10","2023-10-04 09:10:34","1","0","0","1"
"6054085","1001","2454","6","2024-01-24 13:21:48","7","1","2","4"
"6056191","542","2453","16","2023-07-11 07:34:45","30","29","1","0"
"6060224","1957","2452","6","2023-02-10 14:56:02","1","1","0","0"
"6060841","997","2452","7","2023-09-03 22:59:31","10","7","1","2"
"6061376","1095","2452","6","2023-05-12 17:31:49","1","0","1","0"
"6062292","833","2452","10","","0","0","0","0"
"6063532","878","2452","7","2023-07-03 22:06:26","1","0","1","0"
"6064135","739","2451","7","2023-03-25 21:05:25","2","2","0","0"
"6065789","500","2451","24","","0","0","0","0"
"6067894","1334","2451","35","2024-01-29 13:07:43","1","0","0","1"
"6068297","824","2451","14","2023-10-13 17:34:08","6","3","0","3"
"6069097","1000","2450","5","","0","0","0","0"
"6069586","1223","2450","5","2023-11-02 19:20:38","4","1","2","1"
"6069907","609","2450","7","2023-05-11 07:09:11","2","1","1","0"
"6070546","1155","2450","25","2023-10-29 08:14:19","19","4","0","15"
"6071721","1687","2450","5","","0","0","0","0"
"6071965","510","2450","12","","0","0","0","0"
"6072970","1000","2450","8","2023-08-09 08:44:57","1","0","0","1"
"6074177","1250","2450","5","2023-12-05 16:42:53","1","0","0","1"
"6075059","541","2449","6","2024-01-31 10:43:05","2","1","0","1"
"6076863","1157","2449","15","","0","0","0","0"
"6076979","951","2449","9","2023-03-19 17:49:56","1","1","0","0"
"6077973","553","2449","5","2023-02-13 11:06:49","3","3","0","0"
"6078268","751","2449","31","2023-11-03 19:16:10","2","0","1","1"
"6079057","1550","2449","5","2023-06-14 15:23:27","2","1","1","0"
"6083145","985","2448","9","","0","0","0","0"
"6083277","931","2448","9","2023-08-09 22:45:31","1","0","0","1"
"6084421","981","2448","6","","0","0","0","0"
"6087087","509","2447","9","2023-12-10 15:40:08","3","0","1","2"
"6087422","1479","2447","7","2023-12-28 11:24:04","8","2","1","5"
"6090480","1195","2446","13","2024-01-14 10:55:16","2","0","0","2"
"6091847","1570","2445","6","","0","0","0","0"
"6092856","1862","2445","51","2024-01-15 16:21:14","25","9","3","13"
"6093936","1563","2445","6","2023-10-24 12:45:42","2","1","0","1"
"6094107","1722","2445","6","","0","0","0","0"
"6094325","653","2445","12","2023-05-15 11:52:05","1","0","1","0"
"6094911","1199","2445","30","","0","0","0","0"
"6099243","908","2444","7","","0","0","0","0"
"6099426","1938","2444","9","2024-01-17 12:37:05","4","1","0","3"
"6100177","1096","2444","5","2023-02-26 13:51:39","1","1","0","0"
"6101187","779","2444","5","","0","0","0","0"
"6101713","1346","2443","9","","0","0","0","0"
"6104083","1533","2443","11","2024-01-26 14:43:02","10","5","1","4"
"6104191","1911","2443","13","","0","0","0","0"
"6105692","1345","2443","9","","0","0","0","0"
"6105926","911","2443","13","2023-12-04 11:33:22","2","0","0","2"
"6106166","869","2443","36","2023-06-02 09:37:58","6","5","1","0"
"6106487","1159","2443","47","2023-05-15 11:16:24","4","3","1","0"
"6108371","658","2442","7","2023-08-28 05:42:22","4","0","2","2"
"6108459","678","2442","7","2023-10-06 13:21:36","1","0","0","1"
"6110160","1862","2442","27","","0","0","0","0"
"6110804","1344","2442","32","2023-06-08 11:12:04","9","5","4","0"
"6111165","922","2442","6","2023-07-12 21:27:40","1","0","1","0"
"6113539","1449","2441","17","","0","0","0","0"
"6116008","968","2441","7","2023-12-13 19:04:13","2","0","1","1"
"6117921","784","2440","5","2023-05-17 20:57:22","2","1","1","0"
"6118609","1461","2440","9","2023-11-06 10:39:44","2","0","1","1"
"6119245","582","2439","15","","0","0","0","0"
"6119813","737","2439","8","2023-03-24 07:35:22","1","1","0","0"
"6119995","503","2439","5","","0","0","0","0"
"6121060","506","2439","10","2023-08-25 07:36:20","1","0","0","1"
"6124497","1033","2438","13","2023-11-08 22:59:33","3","0","1","2"
"6126100","798","2438","7","2023-02-21 06:07:24","3","3","0","0"
"6127865","547","2437","19","2023-12-25 11:08:21","1","0","0","1"
"6128863","1087","2437","6","","0","0","0","0"
"6129580","554","2437","5","","0","0","0","0"
"6129842","1301","2437","6","2023-05-26 15:44:40","1","0","1","0"
"6129848","672","2437","7","2023-10-06 20:33:39","1","0","0","1"
"6130501","1677","2437","8","2023-09-14 07:03:29","4","2","0","2"
"6130770","588","2437","5","","0","0","0","0"
"6131698","1173","2437","12","","0","0","0","0"
"6132190","786","2436","11","2023-07-10 11:41:11","1","0","1","0"
"6134498","556","2436","22","2023-10-02 06:49:48","1","0","0","1"
"6135684","1138","2436","46","","0","0","0","0"
"6138547","1416","2435","5","2023-06-09 14:23:23","1","0","1","0"
"6140954","1720","2435","23","","0","0","0","0"
"6143332","683","2434","14","2023-12-14 16:23:27","1","0","0","1"
"6143971","1415","2434","8","2023-05-19 07:55:12","1","0","1","0"
"6144186","761","2434","9","","0","0","0","0"
"6144727","947","2434","6","2024-01-06 12:19:48","4","2","0","2"
"6150184","683","2433","13","","0","0","0","0"
"6150336","858","2433","6","2023-11-20 22:39:41","2","0","0","2"
"6150881","524","2432","9","2023-05-02 12:53:22","2","1","1","0"
"6151564","501","2432","5","2023-03-08 23:42:48","2","2","0","0"
"6151828","803","2432","5","2024-01-31 13:21:06","12","3","1","8"
"6152074","923","2432","8","2023-07-28 22:26:02","8","0","8","0"
"6152669","1378","2432","23","2023-10-08 14:38:21","14","5","4","5"
"6153495","707","2432","9","","0","0","0","0"
"6155559","544","2431","10","2023-08-06 02:19:31","2","1","0","1"
"6156224","1988","2431","23","2023-03-13 14:03:52","1","1","0","0"
"6156353","1401","2431","5","","0","0","0","0"
"6157616","1738","2431","28","2023-07-17 09:52:24","8","5","3","0"
"6158471","1996","2431","8","","0","0","0","0"
"6158852","977","2430","11","2023-02-15 02:27:49","1","1","0","0"
"6160479","646","2430","6","","0","0","0","0"
"6160525","732","2430","15","","0","0","0","0"
"6160632","595","2430","10","2024-01-31 16:15:37","5","1","2","2"
"6160923","672","2430","7","","0","0","0","0"
"6161093","769","2430","21","2023-09-04 11:37:53","1","0","0","1"
"6162027","719","2430","25","2023-11-18 02:42:35","1","0","0","1"
"6163011","1601","2430","82","","0","0","0","0"
"6163402","982","2430","15","2023-07-31 11:13:33","3","2","1","0"
"6164776","621","2429","10","","0","0","0","0"
"6165594","791","2429","9","2024-01-25 12:59:08","8","0","1","7"
"6166703","914","2429","7","2023-12-09 14:06:55","3","1","0","2"
"6168373","515","2429","12","","0","0","0","0"
"6168526","961","2429","5","","0","0","0","0"
"6169894","856","2428","9","2023-12-06 01:49:46","10","7","2","1"
"6172089","802","2428","12","","0","0","0","0"
"6172826","1830","2428","21","2024-01-05 15:35:03","19","6","2","11"
"6174386","619","2428","11","2023-07-28 08:27:07","2","0","2","0"
"6174919","1041","2427","8","","0","0","0","0"
"6176681","951","2427","14","2023-12-13 14:00:40","6","3","1","2"
"6177253","826","2427","7","2023-10-08 03:31:23","3","1","1","1"
"6178336","1173","2427","15","","0","0","0","0"
"6178714","753","2427","7","","0","0","0","0"
"6182194","1670","2426","69","2023-06-29 16:57:05","12","10","2","0"
"6183502","637","2425","5","","0","0","0","0"
"6183507","1258","2425","6","","0","0","0","0"
"6183889","792","2425","13","2023-03-26 07:19:21","7","7","0","0"
"6184771","1564","2425","7","2023-12-20 16:40:00","3","0","1","2"
"6186369","841","2424","6","","0","0","0","0"
"6186464","1011","2424","8","","0","0","0","0"
"6187009","984","2424","5","2023-03-16 03:23:57","1","1","0","0"
"6187855","708","2424","16","2023-03-01 22:33:47","1","1","0","0"
"6188227","791","2424","6","","0","0","0","0"
"6188863","664","2424","12","","0","0","0","0"
"6188976","547","2424","5","2023-08-24 16:56:41","2","0","0","2"
"6189492","749","2424","9","","0","0","0","0"
"6189752","1288","2424","5","2023-12-21 22:54:43","1","0","0","1"
"6191855","1129","2423","8","","0","0","0","0"
"6192122","1755","2423","10","","0","0","0","0"
"6193736","641","2423","6","","0","0","0","0"
"6194786","728","2423","7","2023-08-16 18:27:00","3","2","0","1"
"6195136","726","2423","5","","0","0","0","0"
"6195473","508","2423","19","2023-06-17 18:17:07","3","0","3","0"
"6195644","817","2423","5","","0","0","0","0"
"6196891","780","2422","9","","0","0","0","0"
"6197002","577","2422","9","2023-09-11 01:54:36","5","2","1","2"
"6198607","1080","2422","11","2023-12-31 20:02:10","3","0","0","3"
"6198614","1209","2422","6","","0","0","0","0"
"6200611","1065","2422","13","2023-02-01 22:06:03","1","1","0","0"
"6203211","1081","2421","80","","0","0","0","0"
"6206603","820","2421","29","2023-03-16 08:36:15","1","1","0","0"
"6206722","578","2421","30","2023-11-02 14:32:04","1","0","0","1"
"6209197","877","2420","7","2024-01-04 09:13:12","9","3","4","2"
"6210219","728","2420","6","","0","0","0","0"
"6210552","1106","2420","5","2023-09-15 16:29:36","1","0","0","1"
"6211514","1014","2420","6","","0","0","0","0"
"6213540","873","2419","13","2023-07-10 08:01:58","5","3","2","0"
"6213939","943","2567","5","2023-07-31 07:46:04","1","0","1","0"
"6214899","1018","2418","7","2023-06-12 08:48:34","1","0","1","0"
"6216823","603","2418","7","2023-11-19 06:16:49","28","4","2","22"
"6217595","1981","2417","7","","0","0","0","0"
"6218555","1845","2417","9","","0","0","0","0"
"6219437","612","2417","6","2023-06-21 12:28:30","2","0","2","0"
"6219626","1012","2417","6","2023-08-24 21:16:52","6","4","1","1"
"6222189","945","2417","6","2023-10-14 22:42:33","10","1","4","5"
"6227500","1054","2416","6","2023-07-31 23:07:03","2","0","2","0"
"6228731","508","2415","15","","0","0","0","0"
"6230282","1681","2415","22","2023-10-22 13:21:45","7","4","1","2"
"6232794","1209","2415","14","2023-08-17 06:20:54","1","0","0","1"
"6235193","680","2414","7","2024-01-30 09:17:08","8","1","6","1"
"6235606","625","2414","5","2023-05-30 05:06:12","1","0","1","0"
"6235807","593","2414","7","2023-06-05 10:54:19","1","0","1","0"
"6236430","869","2414","16","2023-08-14 15:28:48","3","2","0","1"
"6236510","1599","2414","6","2023-07-19 23:31:07","1","0","1","0"
"6236935","1617","2414","5","2023-09-11 08:47:53","9","5","1","3"
"6236959","1197","2414","15","2024-01-16 17:51:32","9","0","5","4"
"6237687","843","2414","6","","0","0","0","0"
"6238914","583","2413","10","2023-04-18 10:19:41","1","1","0","0"
"6242321","649","2413","18","2023-10-20 23:42:49","3","0","0","3"
"6242698","1073","2413","16","2023-06-21 17:44:00","1","0","1","0"
"6242727","730","2413","6","","0","0","0","0"
"6244464","1435","2412","5","2023-04-19 17:34:07","4","4","0","0"
"6244665","575","2412","7","2023-12-07 08:16:58","10","2","2","6"
"6246628","580","2411","5","","0","0","0","0"
"6247402","850","2411","12","2023-08-02 09:31:12","1","0","0","1"
"6249888","951","2410","8","2023-12-09 10:41:33","4","0","2","2"
"6252345","1499","2410","6","2023-07-10 04:31:29","3","1","2","0"
"6252787","1176","2410","10","","0","0","0","0"
"6253337","1063","2410","14","2023-06-28 21:19:15","1","0","1","0"
"6253716","501","2410","27","","0","0","0","0"
"6254385","1109","2409","5","2024-01-18 17:19:06","5","1","0","4"
"6255492","619","2409","12","2023-10-20 17:09:09","8","0","0","8"
"6256451","1945","2409","5","2023-07-17 15:21:40","1","0","1","0"
"6256742","616","2409","5","2023-04-12 13:50:47","1","1","0","0"
"6261607","798","2408","5","","0","0","0","0"
"6262162","875","2408","6","2023-08-15 15:05:27","1","0","0","1"
"6262896","802","2408","6","2024-01-03 10:51:29","5","1","0","4"
"6263514","1449","2408","6","2023-08-11 13:09:03","4","2","1","1"
"6265915","1345","2407","12","","0","0","0","0"
"6266336","1391","2407","21","2023-05-04 12:57:51","4","3","1","0"
"6267537","1261","2407","5","2023-06-09 14:02:23","3","2","1","0"
"6270734","821","2406","62","2023-11-14 20:26:41","6","0","2","4"
"6270897","1288","2406","45","","0","0","0","0"
"6271132","724","2406","12","2023-09-25 18:25:59","4","1","1","2"
"6272061","1649","2406","8","2023-10-31 02:45:53","1","0","0","1"
"6273042","977","2406","6","","0","0","0","0"
"6273711","1283","2405","41","2023-02-26 01:55:12","2","2","0","0"
"6274120","954","2405","7","","0","0","0","0"
"6274530","1070","2405","5","2023-04-12 10:33:47","3","3","0","0"
"6275249","749","2405","6","","0","0","0","0"
"6276911","1588","2404","10","","0","0","0","0"
"6277798","705","2404","8","2023-12-28 09:38:22","6","0","2","4"
"6278923","843","2404","33","","0","0","0","0"
"6279450","501","2403","5","","0","0","0","0"
"6280135","1943","2403","29","2023-07-25 19:31:13","23","6","17","0"
"6280255","856","2403","7","","0","0","0","0"
"6280280","898","2403","7","2023-03-30 09:46:28","2","2","0","0"
"6280857","1522","2403","8","2023-12-20 21:42:03","2","0","1","1"
"6283102","1738","2403","6","2023-07-02 14:01:13","1","0","1","0"
"6283495","1017","2402","5","2023-07-04 20:34:47","1","0","1","0"
"6285973","594","2402","10","2023-04-09 12:54:16","2","2","0","0"
"6286254","609","2402","7","","0","0","0","0"
"6286562","690","2402","7","","0","0","0","0"
"6288820","1496","2401","5","2023-03-27 03:10:48","2","2","0","0"
"6289425","1633","2401","7","2024-01-31 14:32:28","8","4","2","2"
"6290921","720","2401","27","2023-02-05 22:10:49","1","1","0","0"
"6291061","1089","2401","5","2023-07-14 12:00:53","16","2","14","0"
"6292923","1788","2401","7","2024-01-19 20:10:47","3","0","0","3"
"6294054","546","2400","9","","0","0","0","0"
"6297800","945","2400","16","2023-10-30 15:39:49","1","0","0","1"
"6298705","1173","2399","17","","0","0","0","0"
"6299168","1256","2399","6","2023-08-16 08:28:19","1","0","0","1"
"6299363","805","2399","6","2023-09-26 10:55:21","1","0","0","1"
"6299772","1370","2399","34","2023-02-07 10:47:51","2","2","0","0"
"6299848","1149","2399","38","2023-05-17 21:05:51","3","2","1","0"
"6301103","1266","2399","5","","0","0","0","0"
"6306585","1574","2397","12","2024-01-23 09:15:22","18","8","7","3"
"6306974","1327","2397","5","","0","0","0","0"
"6307540","1848","2397","6","2023-08-16 14:10:51","2","0","1","1"
"6309242","971","2396","14","2023-10-28 09:16:15","5","1","1","3"
"6312858","1017","2395","9","2023-05-09 14:36:58","20","18","2","0"
"6313935","1309","2395","8","2023-06-12 10:56:55","6","5","1","0"
"6315770","1043","2395","13","2023-08-11 06:04:44","1","0","0","1"
"6316804","1239","2395","19","2024-01-25 06:03:36","4","3","0","1"
"6317688","935","2395","7","","0","0","0","0"
"6318705","777","2394","11","2023-12-07 08:38:03","6","0","5","1"
"6321878","1129","2394","8","2023-03-30 18:08:33","1","1","0","0"
"6322588","812","2394","9","","0","0","0","0"
"6322589","1576","2394","5","2023-08-11 13:28:08","2","0","1","1"
"6324550","710","2393","6","","0","0","0","0"
"6326261","1731","2393","7","2023-09-05 13:28:10","3","0","2","1"
"6326807","1350","2393","5","","0","0","0","0"
"6329284","1340","2392","5","","0","0","0","0"
"6329353","551","2392","27","","0","0","0","0"
"6330083","563","2392","39","","0","0","0","0"
"6330208","1173","2392","7","2023-12-30 03:21:12","4","0","2","2"
"6332029","820","2392","5","2023-09-13 20:44:31","8","0","6","2"
"6332554","723","2392","5","2023-12-09 08:17:11","3","1","0","2"
"6333651","1272","2391","5","","0","0","0","0"
"6333971","922","2391","6","","0","0","0","0"
"6334351","1219","2391","13","2023-06-28 18:17:59","3","2","1","0"
"6335249","768","2391","6","2023-09-25 22:08:51","1","0","0","1"
"6336357","1771","2390","34","2024-01-02 08:33:36","41","9","5","27"
"6337701","941","2390","6","2023-04-23 11:32:17","2","2","0","0"
"6338809","516","2389","5","2023-11-28 23:22:42","1","0","0","1"
"6341054","1003","2389","9","","0","0","0","0"
"6342245","1096","2389","34","2023-10-25 11:43:02","2","1","0","1"
"6342456","723","2389","6","2024-01-27 01:53:39","11","4","1","6"
"6343586","1119","2388","5","","0","0","0","0"
"6344119","721","2388","37","2023-10-03 12:57:49","2","1","0","1"
"6344916","556","2388","8","2023-06-29 13:45:24","4","3","1","0"
"6346643","682","2388","28","2023-10-28 12:49:54","2","0","0","2"
"6347336","502","2388","7","","0","0","0","0"
"6351048","557","2387","7","2023-11-21 08:30:32","18","6","9","3"
"6351165","1048","2387","6","","0","0","0","0"
"6353365","1459","2387","13","2023-06-02 20:05:40","1","0","1","0"
"6355024","1839","2386","13","2023-07-20 08:15:16","5","4","1","0"
"6359670","1214","2385","9","","0","0","0","0"
"6361353","545","2385","5","2023-12-01 22:44:23","3","1","0","2"
"6362367","1071","2385","7","","0","0","0","0"
"6362595","921","2385","6","","0","0","0","0"
"6364117","1432","2384","7","2024-01-22 09:15:31","2","1","0","1"
"6365089","864","2384","6","","0","0","0","0"
"6365672","646","2384","6","2023-04-26 18:09:41","4","4","0","0"
"6367109","897","2383","11","","0","0","0","0"
"6367928","1121","2383","6","","0","0","0","0"
"6369347","1000","2382","17","","0","0","0","0"
"6371094","872","2382","6","2023-02-09 15:21:11","1","1","0","0"
"6376221","591","2381","5","","0","0","0","0"
"6377316","1187","2381","9","","0","0","0","0"
"6383431","590","2380","12","2023-04-24 08:12:36","1","1","0","0"
"6383966","1056","2379","12","2024-01-15 07:05:52","17","4","3","10"
"6385232","1002","2379","14","2023-11-03 10:13:07","9","0","7","2"
"6385925","1423","2379","5","2024-01-19 09:33:51","10","3","1","6"
"6386727","1380","2379","15","2024-01-05 19:04:55","5","0","3","2"
"6387318","646","2379","7","2023-05-29 13:16:32","2","0","2","0"
"6387982","1376","2379","49","","0","0","0","0"
"6389268","1394","2378","7","2023-06-19 11:24:36","1","0","1","0"
"6389337","1782","2378","18","2024-01-03 16:44:32","1","0","0","1"
"6391256","914","2378","14","2024-01-15 08:26:56","6","2","3","1"
"6392884","537","2378","5","","0","0","0","0"
"6393476","1474","2377","14","","0","0","0","0"
"6393934","1135","2377","25","2023-06-08 08:26:20","1","0","1","0"
"6394306","632","2377","9","2023-05-21 10:59:14","3","1","2","0"
"6394979","1280","2377","21","2023-04-13 06:42:23","3","3","0","0"
"6395022","1563","2377","15","","0","0","0","0"
"6395235","601","2377","6","2024-01-07 23:59:50","5","0","0","5"
"6395930","873","2376","9","2023-06-23 01:11:29","2","0","2","0"
"6396145","897","2376","43","","0","0","0","0"
"6400443","737","2375","6","","0","0","0","0"
"6404249","1048","2374","5","2023-10-16 11:52:30","2","1","0","1"
"6405357","1189","2374","17","2023-11-20 10:24:17","4","2","0","2"
"6408156","1208","2373","9","2023-12-19 09:39:21","9","2","1","6"
"6411540","1483","2373","5","2023-09-28 11:49:00","10","2","6","2"
"6411548","504","2373","36","2023-10-23 16:35:00","14","6","3","5"
"6412375","1075","2372","8","2023-10-14 08:26:51","2","0","1","1"
"6415080","1905","2372","7","","0","0","0","0"
"6415262","756","2372","6","","0","0","0","0"
"6417219","535","2372","6","","0","0","0","0"
"6417537","523","2371","16","2023-12-15 02:04:48","4","1","0","3"
"6418426","1108","2371","7","","0","0","0","0"
"6419026","983","2371","6","","0","0","0","0"
"6419736","758","2371","7","2024-01-15 21:46:21","5","0","2","3"
"6421793","790","2370","19","2023-11-27 23:23:35","3","0","1","2"
"6421877","1655","2370","6","2024-01-02 23:43:38","5","2","0","3"
"6423741","1580","2370","7","","0","0","0","0"
"6427522","1431","2369","9","","0","0","0","0"
"6429561","668","2368","13","","0","0","0","0"
"6430446","1569","2368","15","2023-09-22 12:15:05","2","0","1","1"
"6431877","598","2368","8","","0","0","0","0"
"6433161","1377","2367","24","2023-12-17 13:53:45","22","2","7","13"
"6434590","1575","2367","6","","0","0","0","0"
"6435908","1609","2367","7","","0","0","0","0"
"6439899","1433","2366","5","2023-08-11 14:25:41","3","1","0","2"
"6442028","758","2366","9","2023-10-19 20:54:10","9","5","0","4"
"6443916","1171","2365","6","2023-10-14 07:18:41","3","0","2","1"
"6444722","931","2365","6","2023-03-21 10:27:10","2","2","0","0"
"6446155","513","2365","6","2023-12-30 09:37:58","6","1","3","2"
"6447529","1441","2365","12","2023-03-29 11:16:34","1","1","0","0"
"6449592","1414","2364","5","","0","0","0","0"
"6453422","1946","2363","8","2023-02-19 06:48:14","1","1","0","0"
"6453648","692","2363","6","2023-09-01 16:25:00","1","0","0","1"
"6453822","903","2363","47","","0","0","0","0"
"6456107","1273","2362","8","2024-01-18 17:41:36","8","1","4","3"
"6457679","586","2361","31","","0","0","0","0"
"6459098","804","2361","5","2023-12-20 11:42:41","4","1","2","1"
"6459192","1249","2361","7","","0","0","0","0"
"6459327","606","2361","14","","0","0","0","0"
"6460453","639","2361","54","","0","0","0","0"
"6462376","1715","2360","24","2023-12-23 21:04:30","4","0","1","3"
"6463182","953","2360","15","2023-12-04 11:47:24","12","1","7","4"
"6464041","1368","2360","26","2024-01-29 15:16:06","4","1","1","2"
"6464618","969","2360","10","2023-06-15 05:51:28","1","0","1","0"
"6466035","626","2360","14","2023-08-08 14:29:57","7","1","5","1"
"6466694","1896","2360","5","","0","0","0","0"
"6467902","1321","2359","126","2023-02-21 07:31:43","3","3","0","0"
"6468955","870","2359","17","2023-07-14 21:21:39","9","1","8","0"
"6470513","938","2359","7","","0","0","0","0"
"6470915","601","2359","5","2023-09-20 09:09:03","3","2","0","1"
"6475143","1586","2358","5","2024-01-25 19:40:22","8","2","0","6"
"6477796","1000","2357","7","","0","0","0","0"
"6477821","621","2357","14","2023-06-09 13:10:50","1","0","1","0"
"6479780","983","2357","6","","0","0","0","0"
"6480404","1502","2357","5","","0","0","0","0"
"6481783","651","2356","5","2023-11-27 16:32:27","3","0","0","3"
"6482022","1565","2356","16","2024-01-14 12:35:37","2","0","0","2"
"6482263","876","2356","15","2024-01-20 13:04:53","4","0","1","3"
"6482564","955","2356","6","","0","0","0","0"
"6483524","1111","2356","16","","0","0","0","0"
"6485223","607","2355","11","2023-05-23 05:47:52","4","3","1","0"
"6485674","1373","2355","8","2024-01-09 08:19:27","10","2","4","4"
"6485987","510","2355","6","","0","0","0","0"
"6488562","587","2354","32","","0","0","0","0"
"6490744","1186","2354","5","2023-04-11 16:34:19","1","1","0","0"
"6491266","770","2354","8","2024-01-20 16:25:59","7","1","1","5"
"6499021","690","2352","7","2023-12-07 12:07:51","3","0","2","1"
"6500813","775","2352","17","2023-11-22 11:00:49","5","2","1","2"
"6502981","1059","2351","13","2023-03-15 12:34:46","2","2","0","0"
"6508528","1822","2350","12","2023-08-15 16:57:59","9","0","6","3"
"6510866","832","2350","24","2023-07-04 10:28:48","9","6","3","0"
"6512807","872","2349","23","2023-06-19 12:43:23","6","3","3","0"
"6512857","1203","2349","24","2023-02-13 15:58:43","1","1","0","0"
"6515021","599","2348","14","","0","0","0","0"
"6519037","982","2347","6","2023-12-03 09:53:04","6","2","1","3"
"6521915","566","2346","5","","0","0","0","0"
"6522669","1110","2346","9","2024-01-23 08:27:50","10","3","2","5"
"6522726","745","2346","7","2023-11-10 10:31:15","2","1","0","1"
"6524326","828","2346","17","2023-07-14 16:04:20","6","4","2","0"
"6524962","1230","2346","5","2024-01-26 06:46:07","5","0","3","2"
"6527546","507","2345","30","2023-12-01 07:09:59","9","2","6","1"
"6528944","875","2345","6","2023-12-04 14:15:28","3","1","1","1"
"6529658","1061","2345","10","2024-01-03 20:25:34","12","3","1","8"
"6529837","771","2345","5","","0","0","0","0"
"6530429","620","2345","5","","0","0","0","0"
"6532310","643","2344","5","2024-01-19 19:42:02","2","1","0","1"
"6532416","924","2344","43","","0","0","0","0"
"6533351","544","2344","5","","0","0","0","0"
"6534707","1925","2344","25","","0","0","0","0"
"6534818","1899","2344","16","2023-11-07 02:30:30","7","3","2","2"
"6535384","647","2344","10","2023-02-28 16:59:24","3","3","0","0"
"6536166","1436","2343","5","2023-08-14 08:27:50","2","0","1","1"
"6536887","1324","2343","37","2023-10-15 14:36:18","2","0","0","2"
"6538496","1133","2343","6","","0","0","0","0"
"6538779","1593","2343","8","2023-07-10 11:09:55","7","2","5","0"
"6539219","1877","2343","6","","0","0","0","0"
"6539880","689","2343","15","","0","0","0","0"
"6540043","785","2343","13","2024-01-04 09:29:07","5","1","1","3"
"6540591","1169","2342","12","2023-12-15 19:25:10","24","16","3","5"
"6541082","553","2342","7","","0","0","0","0"
"6541639","1073","2342","5","","0","0","0","0"
"6542361","1598","2342","5","2024-01-26 20:55:05","8","0","2","6"
"6544099","571","2341","6","","0","0","0","0"
"6544200","862","2341","21","2023-10-23 03:28:27","6","2","3","1"
"6545094","723","2341","6","","0","0","0","0"
"6547224","1458","2340","31","2023-05-02 13:00:05","1","0","1","0"
"6548154","1987","2340","10","2023-02-05 12:42:09","7","7","0","0"
"6549401","525","2339","6","2023-03-28 21:05:29","3","3","0","0"
"6550017","929","2339","44","2023-12-19 04:03:39","9","4","0","5"
"6551263","1622","2339","70","2023-06-16 06:53:23","20","9","11","0"
"6553466","1079","2339","9","","0","0","0","0"
"6554662","1238","2338","6","2023-09-24 18:38:55","1","0","0","1"
"6555423","1227","2338","17","2023-07-20 13:20:31","1","0","1","0"
"6555670","940","2338","9","2023-08-10 10:34:06","4","0","0","4"
"6555698","1920","2338","14","","0","0","0","0"
"6557808","585","2338","5","2023-02-15 03:31:14","4","4","0","0"
"6566916","890","2336","6","2023-12-04 15:12:46","9","2","4","3"
"6568628","1609","2335","5","","0","0","0","0"
"6569071","567","2335","6","2023-08-28 14:57:34","7","4","2","1"
"6570691","1556","2334","5","2024-01-20 12:53:08","2","0","0","2"
"6571696","702","2334","23","2023-06-07 21:03:54","1","0","1","0"
"6571807","1896","2334","5","2023-09-13 11:29:29","1","0","0","1"
"6574873","580","2333","7","2023-07-13 07:09:00","1","0","1","0"
"6575747","1975","2333","18","","0","0","0","0"
"6576083","1952","2333","8","2023-05-02 16:50:03","1","0","1","0"
"6578424","1356","2332","14","2023-08-30 10:41:25","2","1","0","1"
"6579566","1613","2332","7","2023-12-16 16:23:58","4","1","0","3"
"6580080","1177","2332","6","","0","0","0","0"
"6580519","800","2332","7","2023-05-07 08:12:59","1","0","1","0"
"6580933","1515","2332","7","2023-03-09 18:20:03","1","1","0","0"
"6582119","779","2331","5","","0","0","0","0"
"6582418","938","2331","6","2023-02-14 22:14:54","1","1","0","0"
"6582802","809","2331","5","2023-06-19 19:44:18","1","0","1","0"
"6582884","713","2331","5","","0","0","0","0"
"6583298","1084","2331","12","2023-06-25 07:00:40","2","1","1","0"
"6583553","859","2331","10","2023-04-25 13:53:45","3","3","0","0"
"6584029","1186","2331","16","","0","0","0","0"
"6584859","812","2331","10","2023-03-06 15:40:28","1","1","0","0"
"6585198","579","2331","6","","0","0","0","0"
"6589057","748","2330","7","2023-07-16 12:42:55","4","2","2","0"
"6589622","1685","2330","5","","0","0","0","0"
"6593287","1659","2329","97","2024-01-04 14:51:41","6","0","0","6"
"6595551","1648","2329","9","2023-05-29 18:10:48","1","0","1","0"
"6596684","900","2328","6","2023-02-06 11:31:31","1","1","0","0"
"6599436","826","2327","6","2023-06-18 21:27:35","1","0","1","0"
"6599648","603","2327","8","","0","0","0","0"
"6600207","1542","2327","15","2024-01-26 09:19:10","14","0","0","14"
"6600475","583","2327","5","","0","0","0","0"
"6601575","854","2326","7","2023-12-27 07:05:06","1","0","0","1"
"6601800","1020","2326","15","2023-09-20 12:15:47","3","1","1","1"
"6602096","561","2326","40","2023-02-27 10:26:30","6","6","0","0"
"6605434","1443","2326","52","2023-10-03 10:45:44","4","2","0","2"
"6607562","655","2325","30","2023-10-05 03:52:01","7","1","5","1"
"6609304","1809","2325","11","","0","0","0","0"
"6613348","799","2324","5","2023-07-07 08:21:23","1","0","1","0"
"6613447","856","2324","5","2023-03-20 07:38:17","1","1","0","0"
"6613564","582","2324","8","2023-05-20 14:17:14","1","0","1","0"
"6614127","1719","2324","5","","0","0","0","0"
"6615961","545","2324","7","2023-11-15 14:44:20","5","4","0","1"
"6618218","1577","2323","9","2024-01-31 14:36:15","6","4","1","1"
"6619426","1054","2323","20","2023-11-04 11:26:20","2","0","0","2"
"6619692","1479","2323","17","2023-09-27 10:35:25","2","1","0","1"
"6620609","503","2323","6","2023-06-04 15:57:42","2","0","2","0"
"6621862","1089","2323","18","2024-01-30 10:59:46","14","2","3","9"
"6622233","1121","2323","9","2023-04-08 07:40:43","5","5","0","0"
"6623224","1639","2322","19","2023-11-09 07:33:58","6","0","0","6"
"6625167","708","2322","15","2023-08-24 14:51:12","2","1","0","1"
"6626183","1486","2322","23","2023-11-29 09:31:30","4","0","2","2"
"6626185","989","2322","5","2023-06-30 11:10:12","2","0","2","0"
"6626461","1231","2322","31","","0","0","0","0"
"6629569","1953","2321","22","2023-04-28 17:02:46","5","5","0","0"
"6629672","1546","2321","7","2024-01-31 19:01:30","6","1","1","4"
"6633508","514","2319","5","","0","0","0","0"
"6635754","1254","2319","5","","0","0","0","0"
"6640504","1192","2318","10","2023-10-30 11:55:43","3","2","0","1"
"6641225","553","2318","11","2024-01-28 20:56:29","7","2","0","5"
"6644123","517","2317","22","2023-03-20 03:26:05","3","3","0","0"
"6644765","692","2317","11","2023-08-25 12:37:52","6","2","2","2"
"6645624","1819","2317","24","","0","0","0","0"
"6645997","845","2317","7","","0","0","0","0"
"6647293","701","2316","8","","0","0","0","0"
"6647506","1276","2316","6","2024-01-17 21:50:24","1","0","0","1"
"6647585","1820","2316","11","2023-10-17 08:02:29","2","0","0","2"
"6647878","997","2316","7","2023-10-18 08:09:43","10","1","0","9"
"6651736","1617","2316","13","2023-03-16 00:20:45","1","1","0","0"
"6652040","1543","2315","21","2024-01-24 00:07:11","15","5","6","4"
"6653986","648","2315","5","","0","0","0","0"
"6654562","1522","2315","45","2023-03-20 10:41:14","1","1","0","0"
"6655088","587","2315","5","2023-11-29 13:46:40","3","1","1","1"
"6655405","1349","2315","8","2023-04-18 15:25:45","1","1","0","0"
"6655691","1361","2315","5","","0","0","0","0"
"6656508","1045","2314","66","","0","0","0","0"
"6656547","1591","2314","5","2023-10-12 19:28:04","5","2","0","3"
"6656661","865","2314","18","2023-11-07 17:47:12","19","11","6","2"
"6656706","1723","2314","7","","0","0","0","0"
"6656805","689","2314","16","","0","0","0","0"
"6657314","623","2314","6","2023-08-15 00:24:02","1","0","0","1"
"6658584","1436","2314","12","","0","0","0","0"
"6658596","514","2314","9","","0","0","0","0"
"6659388","901","2313","16","2023-05-22 13:02:15","1","0","1","0"
"6660497","1453","2313","9","","0","0","0","0"
"6660678","980","2313","6","2023-12-01 02:31:54","5","4","0","1"
"6661359","891","2312","14","","0","0","0","0"
"6663056","934","2312","6","","0","0","0","0"
"6664250","874","2312","5","2023-07-29 12:29:28","4","2","2","0"
"6666348","632","2311","20","2024-01-05 18:40:53","3","1","0","2"
"6666797","760","2311","40","2023-08-02 09:35:25","3","0","2","1"
"6667539","1130","2311","15","","0","0","0","0"
"6670491","1193","2310","8","2024-01-22 04:25:33","5","0","3","2"
"6670570","1361","2310","6","","0","0","0","0"
"6672427","1072","2310","6","","0","0","0","0"
"6673107","501","2310","8","2023-03-30 14:32:22","1","1","0","0"
"6673328","746","2310","5","2023-12-15 23:22:11","1","0","0","1"
"6674213","964","2310","8","","0","0","0","0"
"6677127","1580","2309","6","","0","0","0","0"
"6679066","1444","2309","9","2023-08-26 19:27:01","8","4","0","4"
"6679820","1473","2309","13","2023-08-22 18:47:55","4","1","2","1"
"6679867","863","2309","8","","0","0","0","0"
"6680761","772","2308","35","2024-01-25 21:06:16","39","13","9","17"
"6681701","1881","2308","26","","0","0","0","0"
"6683533","1319","2308","7","","0","0","0","0"
"6685619","591","2307","25","","0","0","0","0"
"6686007","895","2307","19","2023-08-26 18:44:55","5","0","4","1"
"6686446","786","2307","5","2023-12-03 05:38:29","1","0","0","1"
"6686783","616","2307","11","2023-10-15 08:42:43","3","0","0","3"
"6690665","689","2305","9","2023-10-02 01:29:20","2","0","0","2"
"6690823","869","2305","17","2023-02-16 03:51:41","1","1","0","0"
"6691714","1286","2305","66","2023-05-07 09:02:57","1","0","1","0"
"6692046","603","2305","8","2023-12-18 19:27:01","1","0","0","1"
"6693304","1403","2304","8","2023-11-23 19:42:56","11","3","4","4"
"6694814","1654","2304","6","2023-04-28 13:03:12","5","5","0","0"
"6695297","1353","2304","5","2023-08-16 09:22:53","1","0","0","1"
"6696957","1069","2304","44","","0","0","0","0"
"6701576","738","2303","6","2024-01-31 17:55:39","3","0","0","3"
"6702746","505","2302","11","","0","0","0","0"
"6703449","1207","2302","8","2023-05-10 06:06:03","1","0","1","0"
"6705873","1638","2302","5","","0","0","0","0"
"6707391","593","2301","7","","0","0","0","0"
"6709262","903","2301","5","","0","0","0","0"
"6711954","828","2300","11","2023-08-08 03:16:55","3","2","0","1"
"6712965","668","2300","6","2024-01-27 01:00:33","5","2","0","3"
"6713641","585","2300","8","2024-01-13 15:00:44","2","0","0","2"
"6715678","1230","2299","7","2023-04-18 09:52:14","1","1","0","0"
"6716211","610","2298","11","","0","0","0","0"
"6716421","991","2298","51","2023-09-18 10:14:50","10","7","0","3"
"6716582","1006","2298","9","2023-10-29 01:09:43","7","1","5","1"
"6716846","1258","2298","5","","0","0","0","0"
"6717000","1526","2298","84","","0","0","0","0"
"6717707","512","2298","5","","0","0","0","0"
"6718081","933","2298","21","","0","0","0","0"
"6718124","1307","2298","6","2023-10-10 08:42:29","12","7","3","2"
"6718353","1223","2298","11","","0","0","0","0"
"6720055","798","2297","8","2023-04-24 01:04:06","2","2","0","0"
"6721828","1734","2297","6","2023-06-21 19:15:18","2","1","1","0"
"6722664","965","3317","10","2023-04-02 15:45:14","1","1","0","0"
"6723966","807","2297","11","2023-10-18 21:00:55","3","0","0","3"
"6724827","1232","2296","17","2023-04-11 00:32:19","2","2","0","0"
"6725458","1045","2296","7","","0","0","0","0"
"6725459","1452","2296","8","2023-11-01 09:50:05","6","3","1","2"
"6725765","1485","2296","10","","0","0","0","0"
"6727378","1022","2296","5","","0","0","0","0"
"6727650","756","2296","6","2023-12-16 17:21:33","7","1","1","5"
"6728026","756","2296","6","","0","0","0","0"
"6730156","1269","2295","6","","0","0","0","0"
"6730421","793","2295","5","2023-09-14 15:26:50","4","1","1","2"
"6731412","1949","2295","38","2023-12-07 08:30:43","17","10","3","4"
"6737277","1489","2376","11","2023-11-02 12:13:04","5","2","2","1"
"6737670","977","2293","8","2023-02-06 13:32:05","1","1","0","0"
"6738911","978","2293","51","2023-03-04 13:45:32","4","4","0","0"
"6741310","642","2292","6","2023-10-09 01:17:12","1","0","0","1"
"6743808","1256","2291","5","2023-08-21 08:28:14","3","1","0","2"
"6744813","839","2291","5","","0","0","0","0"
"6745120","685","2291","14","2023-10-11 16:58:07","1","0","0","1"
"6745536","1384","2291","30","2023-03-30 12:06:11","3","3","0","0"
"6745604","1638","2291","5","2023-10-30 18:15:29","3","0","0","3"
"6746375","1884","2290","37","2023-10-17 04:03:55","3","1","1","1"
"6748184","1505","2290","5","2024-01-17 09:22:55","6","1","3","2"
"6749160","500","2290","6","2024-01-24 10:35:07","2","0","1","1"
"6749813","708","2290","6","2023-04-07 15:48:11","2","2","0","0"
"6750327","803","2289","16","2023-04-21 14:41:38","2","2","0","0"
"6750902","537","2289","28","","0","0","0","0"
"6751083","880","2289","11","2024-01-10 18:14:43","9","0","5","4"
"6753606","681","2289","5","","0","0","0","0"
"6754109","1358","2289","20","","0","0","0","0"
"6754957","1371","2288","5","2023-08-08 08:03:57","4","2","1","1"
"6754986","1064","2288","13","2023-08-09 08:50:45","1","0","0","1"
"6756858","1354","2288","9","","0","0","0","0"
"6760424","925","2287","11","","0","0","0","0"
"6760875","1107","2287","10","2023-05-31 05:51:31","2","1","1","0"
"6760946","647","2287","6","2024-01-02 17:00:26","8","2","3","3"
"6761436","1048","2287","10","2023-05-03 16:16:56","1","0","1","0"
"6761506","642","2287","5","","0","0","0","0"
"6762052","524","2287","11","","0","0","0","0"
"6762200","1840","2287","7","2024-01-14 10:51:20","6","2","1","3"
"6763678","639","2286","10","2024-01-23 07:00:14","12","0","2","10"
"6764147","1212","2286","7","","0","0","0","0"
"6765734","672","2286","6","2023-03-09 21:00:30","3","3","0","0"
"6767994","791","2285","5","2023-11-07 15:39:23","8","2","3","3"
"6768111","642","2285","6","2023-04-13 10:56:02","1","1","0","0"
"6768645","883","2284","5","2023-05-07 15:52:51","1","0","1","0"
"6770600","524","2284","5","","0","0","0","0"
"6771464","598","2284","7","","0","0","0","0"
"6774506","1057","2283","15","2023-12-14 10:13:48","1","0","0","1"
"6774538","1391","2283","9","2023-05-04 03:19:57","2","1","1","0"
"6776611","1556","2282","13","2023-12-24 12:05:32","3","1","0","2"
"6778141","603","2282","10","2023-12-06 15:33:47","2","1","0","1"
"6781048","1229","2281","11","","0","0","0","0"
"6782097","1883","2281","33","2023-02-12 11:54:54","1","1","0","0"
"6791465","1698","2279","7","2023-08-17 11:23:14","3","1","0","2"
"6792180","657","2278","5","2023-06-07 18:40:08","1","0","1","0"
"6799230","732","2276","25","2023-11-28 10:54:15","28","2","2","24"
"6800631","1390","2276","7","2023-10-10 08:35:09","2","1","0","1"
"6800637","1242","2276","12","2023-10-14 11:39:18","14","0","1","13"
"6801991","682","2276","5","","0","0","0","0"
"6803297","1360","2275","5","","0","0","0","0"
"6803592","1132","2275","12","2023-10-09 07:03:18","4","0","1","3"
"6803886","850","2275","6","2023-12-05 20:24:35","3","0","1","2"
"6803908","1017","2275","11","2023-07-20 11:07:32","1","0","1","0"
"6804632","1272","2275","9","2023-09-29 13:23:01","5","0","1","4"
"6805800","1566","2275","7","","0","0","0","0"
"6808357","551","2274","14","","0","0","0","0"
"6808563","626","2274","6","","0","0","0","0"
"6810982","777","2274","6","","0","0","0","0"
"6814465","1440","2273","8","","0","0","0","0"
"6815942","774","2272","27","2023-07-07 06:13:36","4","0","4","0"
"6819132","1735","2271","19","2024-01-18 15:53:33","28","15","6","7"
"6820056","1097","2271","5","","0","0","0","0"
"6820850","682","2270","10","","0","0","0","0"
"6822962","920","2270","11","2023-04-10 11:43:54","5","5","0","0"
"6824121","1756","2270","9","2024-01-23 02:41:59","13","4","6","3"
"6824430","547","2270","9","2023-08-03 15:18:45","1","0","0","1"
"6824992","672","2269","10","2023-02-24 09:18:43","1","1","0","0"
"6825678","845","2269","8","2023-11-08 12:40:03","1","0","0","1"
"6826629","552","2269","5","","0","0","0","0"
"6826677","1488","2269","5","2023-05-08 18:57:58","2","0","2","0"
"6827197","1634","2269","7","","0","0","0","0"
"6831116","505","2268","13","2023-07-19 16:05:55","19","13","6","0"
"6831393","963","2268","9","2023-04-06 03:34:02","1","1","0","0"
"6834925","962","2267","5","2023-02-19 14:39:16","1","1","0","0"
"6835376","790","2267","6","","0","0","0","0"
"6835509","1413","2267","6","2023-10-29 17:33:00","6","0","1","5"
"6835772","1872","2267","5","","0","0","0","0"
"6835932","654","2267","6","2023-11-29 18:25:29","6","1","2","3"
"6840794","1823","2266","9","","0","0","0","0"
"6842203","652","2265","6","2023-02-25 05:27:24","1","1","0","0"
"6842344","1446","2265","8","","0","0","0","0"
"6842921","875","2265","23","2023-02-18 00:50:08","1","1","0","0"
"6843103","1111","2265","12","2023-05-02 22:57:04","2","1","1","0"
"6843158","1836","2265","13","2023-07-23 16:44:14","2","0","2","0"
"6843745","836","2265","11","2023-03-27 05:27:56","1","1","0","0"
"6843909","1115","2265","30","2023-12-15 00:58:26","1","0","0","1"
"6844910","1585","2264","7","","0","0","0","0"
"6844930","662","2264","6","2023-09-20 08:16:47","4","2","0","2"
"6845127","693","2264","14","","0","0","0","0"
"6845316","658","2264","9","","0","0","0","0"
"6847487","647","2263","5","2023-10-05 08:08:56","2","0","1","1"
"6848385","1653","2263","7","2023-11-15 08:35:59","1","0","0","1"
"6849060","769","2263","6","2023-05-31 03:21:11","2","1","1","0"
"6849761","524","2263","5","","0","0","0","0"
"6850901","1498","2263","7","2023-12-04 17:51:45","1","0","0","1"
"6852019","1584","2262","8","","0","0","0","0"
"6852313","1313","2262","6","2024-01-30 17:10:47","3","2","0","1"
"6852845","1638","2262","8","2023-09-11 10:06:33","4","1","1","2"
"6853917","1522","2262","12","2024-01-25 07:16:51","1","0","0","1"
"6854489","1810","2262","9","2023-12-13 21:54:04","6","0","0","6"
"6855443","1212","2262","8","2023-09-29 14:15:12","2","1","0","1"
"6859121","1265","2261","8","2023-12-05 05:01:48","7","2","0","5"
"6859967","1589","2261","6","","0","0","0","0"
"6860078","1949","2261","8","2023-11-21 15:42:57","54","43","7","4"
"6860286","563","2261","5","","0","0","0","0"
"6861683","1689","2260","119","2023-06-14 02:19:55","2","0","2","0"
"6862022","1822","2260","22","2023-06-21 05:19:32","1","0","1","0"
"6862964","811","2260","6","2023-07-20 18:50:13","1","0","1","0"
"6864688","1645","2260","16","2023-07-29 10:54:07","1","0","1","0"
"6865638","664","2260","7","","0","0","0","0"
"6868255","992","2259","5","2023-02-07 06:54:14","1","1","0","0"
"6869507","675","2259","5","2024-01-12 18:42:44","1","0","0","1"
"6869968","1654","2259","7","2023-09-17 08:20:40","3","1","0","2"
"6870955","1207","2259","52","","0","0","0","0"
"6873407","932","2258","27","2023-05-20 13:04:02","4","1","3","0"
"6874310","1203","2885","18","2023-09-25 01:50:52","16","12","3","1"
"6875522","514","2258","9","","0","0","0","0"
"6877472","1160","2257","5","","0","0","0","0"
"6877668","555","2257","7","2024-01-30 14:54:28","6","2","1","3"
"6877769","738","2257","6","","0","0","0","0"
"6878997","556","2257","8","2023-11-21 11:25:29","4","1","1","2"
"6879058","642","2257","16","","0","0","0","0"
"6879316","662","2257","50","","0","0","0","0"
"6879559","1518","2257","56","","0","0","0","0"
"6881516","1597","2256","6","","0","0","0","0"
"6881773","596","2256","5","2023-04-06 15:04:27","1","1","0","0"
"6890414","857","2255","21","2024-01-12 21:12:47","5","2","1","2"
"6891461","1209","2254","5","","0","0","0","0"
"6892294","883","2254","6","","0","0","0","0"
"6892541","1201","2254","6","","0","0","0","0"
"6893561","598","2254","5","","0","0","0","0"
"6894226","961","2254","5","2023-02-12 20:10:47","1","1","0","0"
"6894441","559","2254","5","2023-12-12 08:12:52","3","0","2","1"
"6895840","1156","2254","8","","0","0","0","0"
"6897369","519","2253","32","2024-01-19 08:59:43","9","2","0","7"
"6897807","1962","2253","12","","0","0","0","0"
"6899593","591","2253","10","","0","0","0","0"
"6901471","1375","2253","11","2023-03-27 12:38:51","1","1","0","0"
"6901693","1169","2253","7","2024-01-26 01:12:12","11","0","2","9"
"6903942","713","2252","12","","0","0","0","0"
"6904430","752","2252","7","","0","0","0","0"
"6907703","1301","2251","12","2023-11-17 13:16:20","9","1","0","8"
"6907782","996","2251","5","","0","0","0","0"
"6907865","745","2251","5","","0","0","0","0"
"6908062","1248","2251","7","2023-02-22 06:33:07","1","1","0","0"
"6909832","740","2251","19","2023-10-20 22:47:42","5","1","0","4"
"6912349","582","2250","17","2023-02-16 13:13:14","1","1","0","0"
"6912830","789","2250","5","2023-11-30 08:22:29","2","0","1","1"
"6914106","930","2249","11","","0","0","0","0"
"6914227","1377","2249","11","","0","0","0","0"
"6914378","607","2249","21","2024-01-29 08:38:25","1","0","0","1"
"6916510","853","2249","5","2023-05-10 18:23:49","1","0","1","0"
"6917847","713","2249","5","","0","0","0","0"
"6918481","1347","2248","12","2023-04-13 18:26:34","1","1","0","0"
"6918604","587","2248","8","2024-01-19 09:14:23","1","0","0","1"
"6921799","580","2248","5","2023-12-19 20:33:21","1","0","0","1"
"6926199","1372","2247","13","2023-07-10 20:53:50","2","1","1","0"
"6927944","935","2247","7","","0","0","0","0"
"6927988","530","2247","17","2023-04-18 14:21:57","4","4","0","0"
"6930388","1570","2246","24","2023-09-22 09:55:44","2","0","1","1"
"6932244","1099","2246","19","","0","0","0","0"
"6932746","600","2246","17","2023-04-23 15:39:20","1","1","0","0"
"6932865","561","2246","7","","0","0","0","0"
"6932924","521","2246","6","2023-02-17 11:26:22","1","1","0","0"
"6934388","670","2246","10","","0","0","0","0"
"6934493","1208","2246","20","2023-11-18 19:33:01","23","2","1","20"
"6934588","1214","2246","8","2023-03-06 23:04:39","5","5","0","0"
"6936154","1171","2245","46","","0","0","0","0"
"6937779","662","2245","28","2023-08-01 11:15:40","1","0","0","1"
"6939060","1072","2245","6","","0","0","0","0"
"6939269","524","2245","7","2023-09-07 16:02:07","4","0","1","3"
"6939540","622","2245","10","2023-09-08 07:49:43","4","3","0","1"
"6942918","1783","2244","9","2023-05-17 12:22:28","1","0","1","0"
"6944068","849","2243","5","","0","0","0","0"
"6944217","580","2243","17","2023-09-19 08:13:24","2","0","1","1"
"6948483","589","2242","5","2024-01-16 05:56:10","5","4","0","1"
"6951294","1136","2242","7","2023-03-02 01:34:13","6","6","0","0"
"6978826","679","2241","6","2023-11-30 21:23:30","1","0","0","1"
"6995566","1655","2241","33","","0","0","0","0"
"6995772","882","2310","5","2023-02-03 01:55:18","3","3","0","0"
"6996150","1218","2241","21","","0","0","0","0"
"6996666","695","2241","9","","0","0","0","0"
"6997699","1860","2241","71","2024-01-24 01:46:45","34","12","6","16"
"6999951","546","2241","33","2023-12-13 16:50:30","13","0","1","12"
"7002486","1400","2241","13","","0","0","0","0"
"7004375","594","2241","6","","0","0","0","0"
"7006384","768","2240","16","","0","0","0","0"
"7006396","1947","2240","5","","0","0","0","0"
"7006502","508","2240","10","","0","0","0","0"
"7008628","1709","2240","5","2023-02-06 16:06:27","1","1","0","0"
"7008898","698","2240","5","","0","0","0","0"
"7009800","1786","2240","17","2024-01-10 18:57:50","27","8","5","14"
"7009988","1683","2240","6","2023-10-19 00:41:22","4","1","0","3"
"7011742","1236","2239","6","2023-11-07 16:18:22","9","4","1","4"
"7013795","1153","2239","6","2023-07-31 05:29:16","2","1","1","0"
"7013797","954","2241","18","2023-02-06 08:50:33","1","1","0","0"
"7013896","1891","2239","76","2024-01-16 16:25:01","1","0","0","1"
"7014375","900","2239","42","2023-11-02 13:48:43","4","0","0","4"
"7015675","1513","2239","11","2023-12-17 08:57:08","9","2","2","5"
"7016425","586","2239","5","","0","0","0","0"
"7017006","928","2238","9","2023-09-21 03:43:56","1","0","0","1"
"7017860","744","2238","6","2024-01-25 07:38:50","2","0","1","1"
"7017890","1281","2238","9","2023-06-05 07:42:00","1","0","1","0"
"7018054","968","2238","23","","0","0","0","0"
"7022662","886","2237","5","","0","0","0","0"
"7022711","1188","2237","21","2023-03-23 17:54:42","1","1","0","0"
"7023241","584","2237","5","2023-02-10 14:17:54","1","1","0","0"
"7024049","1828","2237","8","2023-03-04 15:33:49","2","2","0","0"
"7024124","1885","2237","5","2023-07-24 10:06:16","4","2","2","0"
"7024142","1155","2237","35","","0","0","0","0"
"7024304","1238","2237","10","","0","0","0","0"
"7024693","1357","2237","21","2023-09-04 10:13:07","13","6","5","2"
"7026012","844","2236","5","","0","0","0","0"
"7028196","1092","2236","14","2023-08-31 20:36:02","5","4","0","1"
"7028310","590","2236","8","","0","0","0","0"
"7028321","652","2236","77","","0","0","0","0"
"7028432","1180","2236","18","2023-11-12 05:41:48","13","5","4","4"
"7030758","1841","2235","16","","0","0","0","0"
"7031021","510","2235","20","","0","0","0","0"
"7031148","694","2235","87","2023-03-10 12:51:18","1","1","0","0"
"7031349","979","2235","5","2023-12-18 14:20:03","1","0","0","1"
"7032513","518","2235","8","2023-02-01 10:00:13","1","1","0","0"
"7032967","1314","2235","77","2023-03-07 20:45:48","1","1","0","0"
"7033655","861","2235","8","2023-06-28 15:05:31","1","0","1","0"
"7035921","1081","2234","6","","0","0","0","0"
"7037331","1673","2234","9","","0","0","0","0"
"7037546","1341","2234","5","2023-05-04 20:49:25","1","0","1","0"
"7037980","1257","2234","11","2023-09-14 11:46:49","5","1","0","4"
"7041939","1047","2233","6","","0","0","0","0"
"7045119","1205","2232","8","2023-05-10 14:23:39","1","0","1","0"
"7047805","671","2232","9","2023-02-24 08:15:03","1","1","0","0"
"7050091","925","2232","8","2023-09-08 04:13:43","4","2","0","2"
"7051078","1435","2231","6","","0","0","0","0"
"7051707","1142","2231","7","2023-02-03 12:50:53","2","2","0","0"
"7051999","1353","2231","14","2023-06-10 12:16:03","1","0","1","0"
"7052830","545","2231","6","","0","0","0","0"
"7053813","769","2231","10","","0","0","0","0"
"7056847","937","2230","27","2023-04-02 18:08:02","2","2","0","0"
"7057289","692","2230","5","2023-09-06 10:25:06","2","1","0","1"
"7058869","1076","2229","12","2023-03-13 16:48:08","1","1","0","0"
"7059681","1242","2229","13","2023-11-14 04:19:33","7","2","1","4"
"7060714","957","2229","7","2023-05-22 23:26:04","2","1","1","0"
"7060976","984","2229","54","","0","0","0","0"
"7061612","839","2229","7","2023-05-05 18:15:01","1","0","1","0"
"7063259","569","2228","19","","0","0","0","0"
"7063267","655","2228","8","2023-12-04 14:50:55","4","0","2","2"
"7067224","1122","2227","23","","0","0","0","0"
"7067946","745","2227","11","","0","0","0","0"
"7070809","924","2227","5","","0","0","0","0"
"7071152","1419","2227","19","","0","0","0","0"
"7073299","1388","2226","5","2023-04-08 14:44:24","1","1","0","0"
"7076615","641","2226","15","2023-08-13 22:38:15","5","2","1","2"
"7076660","609","2226","7","2023-08-10 20:13:09","2","1","0","1"
"7078456","723","2225","5","","0","0","0","0"
"7079134","1627","2225","8","2023-06-27 07:23:35","2","1","1","0"
"7079497","1397","3667","5","","0","0","0","0"
"7080573","610","2225","7","2023-04-03 04:14:53","2","2","0","0"
"7081176","774","2225","39","2023-02-20 11:06:10","1","1","0","0"
"7083903","567","2224","8","","0","0","0","0"
"7085047","1568","2224","5","2023-08-20 12:45:06","1","0","0","1"
"7085856","509","2224","5","","0","0","0","0"
"7086467","524","2224","6","2023-05-26 00:15:25","2","1","1","0"
"7089048","591","2223","10","2023-12-01 14:59:36","3","0","0","3"
"7089055","1682","2223","9","","0","0","0","0"
"7090806","1599","2222","17","2023-12-09 06:14:19","5","1","2","2"
"7091646","1399","2222","21","2023-08-04 17:52:24","6","4","1","1"
"7092547","561","2222","5","2023-02-24 05:46:37","1","1","0","0"
"7092954","567","2222","5","","0","0","0","0"
"7093155","1475","2221","10","2023-08-01 13:25:13","3","0","2","1"
"7094172","1051","2221","10","2023-12-01 13:52:13","5","1","1","3"
"7094593","597","2221","8","2023-07-13 13:42:46","1","0","1","0"
"7095607","760","2221","9","2023-12-30 14:09:22","5","0","1","4"
"7097045","1174","2221","9","2023-11-14 14:43:36","1","0","0","1"
"7099541","713","2220","5","","0","0","0","0"
"7099900","942","2220","17","2023-11-13 17:09:13","1","0","0","1"
"7100079","867","2220","13","2024-01-29 14:32:52","6","5","0","1"
"7100122","1297","2220","14","","0","0","0","0"
"7102312","747","2219","6","","0","0","0","0"
"7102687","524","2219","20","2023-10-06 13:48:05","1","0","0","1"
"7104128","551","2219","7","2023-11-04 04:57:57","5","3","1","1"
"7105635","581","2219","5","2024-01-06 10:57:44","7","3","1","3"
"7106343","652","2219","36","2023-03-24 15:09:13","1","1","0","0"
"7108753","679","2218","5","2023-05-17 01:12:33","3","2","1","0"
"7109580","942","2218","19","","0","0","0","0"
"7110786","1167","2218","5","","0","0","0","0"
"7113416","1101","2217","5","2023-11-02 09:14:33","2","1","0","1"
"7114714","1523","2217","43","2023-03-02 15:41:48","1","1","0","0"
"7114988","835","2217","5","2023-12-27 17:02:01","3","0","0","3"
"7115643","587","2217","5","","0","0","0","0"
"7116608","996","2217","5","","0","0","0","0"
"7116931","1383","2217","10","","0","0","0","0"
"7118663","942","2216","7","2023-10-18 16:22:17","5","3","1","1"
"7118750","617","2216","12","","0","0","0","0"
"7119031","824","2216","20","2023-11-30 23:45:19","12","1","1","10"
"7119354","741","2216","5","","0","0","0","0"
"7120574","689","2216","5","2023-06-22 11:26:34","2","0","2","0"
"7121272","596","2215","6","","0","0","0","0"
"7122385","623","2215","13","","0","0","0","0"
"7122438","1797","2215","6","","0","0","0","0"
"7125557","891","2214","7","2023-03-02 08:22:58","6","6","0","0"
"7126039","959","2214","21","2023-03-27 16:27:38","7","7","0","0"
"7126793","1719","2214","19","2023-07-18 06:45:35","2","0","2","0"
"7128910","1266","2214","19","2023-11-03 14:37:11","3","1","1","1"
"7130689","643","2213","7","2023-08-29 04:49:02","3","1","1","1"
"7130869","969","2213","5","","0","0","0","0"
"7131122","1474","2213","12","","0","0","0","0"
"7132596","956","2213","18","2024-01-22 09:53:42","10","4","1","5"
"7132774","552","2213","16","2023-11-28 17:40:41","22","4","9","9"
"7135523","1274","2212","11","2023-09-06 02:12:02","1","0","0","1"
"7141410","1222","2211","25","2023-12-17 10:46:17","4","1","1","2"
"7146064","1295","2210","38","2023-12-12 00:22:55","5","3","0","2"
"7147717","757","2210","12","","0","0","0","0"
"7148851","551","2209","12","","0","0","0","0"
"7149235","1171","2209","5","2023-10-31 15:13:47","2","1","0","1"
"7149485","1179","2209","9","2023-10-06 08:12:28","1","0","0","1"
"7149584","521","2209","22","2023-09-20 09:50:45","1","0","0","1"
"7149598","785","2209","5","2023-05-31 12:22:46","2","1","1","0"
"7150831","1025","2209","7","","0","0","0","0"
"7151601","627","2208","8","","0","0","0","0"
"7151610","779","2208","19","2023-03-19 16:35:55","1","1","0","0"
"7152377","967","2208","7","2023-05-07 20:36:16","1","0","1","0"
"7154364","1168","2208","7","","0","0","0","0"
"7155546","1155","2207","20","2023-06-03 12:35:47","1","0","1","0"
"7156819","741","2207","42","2023-08-16 12:50:16","3","0","1","2"
"7157435","679","2207","6","","0","0","0","0"
"7162423","1046","2206","20","","0","0","0","0"
"7162477","1976","2206","9","2023-03-21 13:14:51","2","2","0","0"
"7162602","1774","2206","5","","0","0","0","0"
"7162648","1938","2206","5","2023-09-19 09:27:32","4","1","1","2"
"7162782","1036","2206","14","2024-01-02 12:04:42","5","0","0","5"
"7163041","677","2206","19","","0","0","0","0"
"7164279","1069","2206","5","2023-10-02 20:44:08","1","0","0","1"
"7168030","1032","2205","6","2023-07-06 04:35:41","2","1","1","0"
"7172604","1161","2204","7","2023-10-02 12:29:25","23","1","21","1"
"7172671","996","2204","20","2023-03-24 09:26:24","1","1","0","0"
"7173117","554","2204","5","2023-12-05 14:02:36","6","0","1","5"
"7177974","632","2203","5","2023-06-22 14:24:59","4","2","2","0"
"7178860","901","2203","9","","0","0","0","0"
"7181583","719","2202","6","","0","0","0","0"
"7183235","1379","2202","17","2023-04-12 02:14:25","1","1","0","0"
"7183482","857","2202","6","","0","0","0","0"
"7184001","795","2201","18","2023-05-31 20:13:12","4","3","1","0"
"7184343","505","2201","8","","0","0","0","0"
"7185185","1009","2201","5","","0","0","0","0"
"7185263","912","2201","23","2023-06-23 04:21:19","2","0","2","0"
"7186177","546","2201","9","2023-02-01 23:09:47","2","2","0","0"
"7186666","1299","2201","11","2023-12-29 11:56:00","7","0","1","6"
"7187509","650","2200","22","2023-02-21 21:21:29","10","10","0","0"
"7188852","1970","2200","12","2023-09-29 22:55:31","5","2","0","3"
"7189597","1478","2200","19","2023-11-16 12:30:13","3","2","0","1"
"7190570","1303","2200","13","2023-07-15 02:26:28","5","1","4","0"
"7192297","768","2199","7","","0","0","0","0"
"7194474","1897","2199","71","2023-08-21 13:56:01","1","0","0","1"
"7195155","1233","2199","20","2023-07-28 07:13:28","3","2","1","0"
"7195803","565","2199","9","2023-12-10 18:23:18","22","6","12","4"
"7196038","1232","2199","15","","0","0","0","0"
"7200126","735","2198","6","2023-04-25 12:32:01","3","3","0","0"
"7200296","852","2198","25","2024-01-04 11:21:04","3","1","1","1"
"7201069","957","2198","6","2024-01-16 08:06:13","7","0","3","4"
"7203373","1936","2197","16","","0","0","0","0"
"7204581","963","2197","7","","0","0","0","0"
"7204671","853","2197","8","","0","0","0","0"
"7206799","1984","2197","6","2023-12-25 14:53:20","1","0","0","1"
"7206922","824","2197","22","","0","0","0","0"
"7207817","783","2196","13","2023-09-08 07:24:48","1","0","0","1"
"7208045","1012","2196","5","2023-03-24 20:03:42","1","1","0","0"
"7209979","978","2196","11","","0","0","0","0"
"7211014","1375","2196","13","2023-10-17 16:21:19","5","2","1","2"
"7212543","547","2195","9","2024-01-18 13:46:38","6","1","1","4"
"7212853","1377","2195","6","2023-08-02 02:58:13","5","2","2","1"
"7214152","534","2195","12","","0","0","0","0"
"7214847","977","2194","11","","0","0","0","0"
"7215536","1021","2194","7","","0","0","0","0"
"7216578","1171","2194","6","2023-12-08 09:45:33","2","0","0","2"
"7218871","620","2193","12","","0","0","0","0"
"7218881","1315","2193","14","2023-09-12 03:40:21","2","0","1","1"
"7219129","623","2193","7","2023-10-21 15:54:33","1","0","0","1"
"7219194","1244","2193","10","2023-10-19 13:41:39","2","1","0","1"
"7219400","1461","2193","6","2023-12-21 06:21:47","3","1","0","2"
"7221104","543","2193","23","2024-01-16 18:02:01","9","4","0","5"
"7224692","881","2192","5","","0","0","0","0"
"7225945","920","2192","14","2023-09-05 02:01:00","27","1","6","20"
"7226080","1674","2192","9","2023-12-15 19:34:29","5","1","0","4"
"7227640","678","2192","6","","0","0","0","0"
"7228176","1427","2191","6","","0","0","0","0"
"7229259","1438","2191","7","2023-10-23 08:46:23","2","0","0","2"
"7229705","548","2191","6","2023-06-16 06:40:12","1","0","1","0"
"7229928","607","2191","9","","0","0","0","0"
"7231339","1001","2191","9","2024-01-25 12:03:57","8","0","2","6"
"7231449","1837","2191","22","2023-02-25 02:47:01","1","1","0","0"
"7232584","941","2191","16","2023-09-26 10:24:27","3","1","0","2"
"7233049","881","2191","12","2024-01-19 08:56:38","7","1","4","2"
"7238651","836","2190","6","","0","0","0","0"
"7239875","1557","2189","14","2023-12-20 05:07:20","5","0","3","2"
"7244554","1009","2188","7","","0","0","0","0"
"7246598","525","2188","8","","0","0","0","0"
"7246805","1572","2187","91","","0","0","0","0"
"7251588","648","2186","6","2023-08-03 13:24:21","1","0","0","1"
"7251685","549","2186","9","2023-08-08 10:54:11","1","0","0","1"
"7253189","886","2186","11","","0","0","0","0"
"7255780","571","2185","45","2023-04-27 16:00:44","2","2","0","0"
"7255897","759","2185","24","2023-12-08 12:25:14","15","8","2","5"
"7256248","1222","2185","5","","0","0","0","0"
"7257452","620","2185","13","","0","0","0","0"
"7258262","961","2185","6","2023-04-04 10:37:48","4","4","0","0"
"7258827","1307","2185","17","","0","0","0","0"
"7259551","541","2185","10","2023-07-21 11:55:04","1","0","1","0"
"7260883","1501","2184","8","","0","0","0","0"
"7262319","951","2184","5","2023-11-13 01:19:05","1","0","0","1"
"7262739","786","2184","27","2024-01-23 10:51:30","9","1","2","6"
"7264799","597","2184","25","","0","0","0","0"
"7267480","506","2183","6","2023-12-03 19:38:51","1","0","0","1"
"7267775","529","2183","6","2023-11-22 14:38:17","2","0","1","1"
"7270457","782","2182","5","2023-09-01 17:12:19","3","1","1","1"
"7270813","856","2182","6","","0","0","0","0"
"7272954","664","2182","6","","0","0","0","0"
"7273130","1399","2182","7","2023-09-29 07:45:30","2","0","0","2"
"7273348","771","2182","9","","0","0","0","0"
"7274182","850","2182","18","","0","0","0","0"
"7274936","1358","2182","5","","0","0","0","0"
"7275056","1527","2181","76","2023-12-06 16:50:57","12","4","2","6"
"7275579","1007","2181","5","2023-04-02 11:27:25","1","1","0","0"
"7276013","544","2181","22","","0","0","0","0"
"7276442","787","2181","8","","0","0","0","0"
"7277647","712","2181","8","2023-11-25 10:38:21","9","7","0","2"
"7278620","1174","2180","5","2023-02-15 21:35:16","4","4","0","0"
"7279624","1915","2180","7","2023-07-27 10:40:31","1","0","1","0"
"7280029","1507","2180","5","","0","0","0","0"
"7284734","1121","2179","5","2023-03-06 10:07:15","1","1","0","0"
"7286223","577","2179","6","2023-04-17 21:38:31","2","2","0","0"
"7291091","562","2178","5","2023-06-06 07:28:14","3","2","1","0"
"7291660","1182","2178","7","2023-09-07 20:10:35","1","0","0","1"
"7293142","999","2178","5","2023-09-21 02:10:57","4","2","1","1"
"7298733","619","2177","24","2023-10-17 19:19:25","2","0","0","2"
"7299345","1199","2177","24","2024-01-23 13:04:16","5","0","2","3"
"7300644","938","2176","5","","0","0","0","0"
"7301183","576","2176","15","","0","0","0","0"
"7302462","585","2176","28","","0","0","0","0"
"7302498","1449","2176","10","2023-03-16 18:46:10","3","3","0","0"
"7302526","1945","2176","7","2023-05-01 09:12:23","2","1","1","0"
"7302862","1069","2176","10","2023-03-15 12:51:20","1","1","0","0"
"7302864","1165","2176","6","","0","0","0","0"
"7306653","1747","2175","8","","0","0","0","0"
"7310000","1615","2174","24","","0","0","0","0"
"7310767","1542","2174","6","","0","0","0","0"
"7312204","719","2173","6","","0","0","0","0"
"7315967","1215","2172","13","2023-08-31 19:35:04","1","0","0","1"
"7316734","1052","2172","5","","0","0","0","0"
"7317527","655","2172","6","","0","0","0","0"
"7318699","1961","2172","11","","0","0","0","0"
"7319797","1017","2171","6","2024-01-18 11:40:29","2","0","1","1"
"7320048","969","2171","18","","0","0","0","0"
"7320692","648","2171","13","2023-05-16 11:00:05","2","1","1","0"
"7320936","616","2171","14","","0","0","0","0"
"7322100","1382","2171","6","","0","0","0","0"
"7327114","1132","2170","69","2023-11-14 16:50:15","8","1","0","7"
"7329334","1225","2169","14","2023-04-09 20:20:18","1","1","0","0"
"7330672","516","2169","7","","0","0","0","0"
"7330731","1564","2169","8","2024-01-20 21:10:32","2","0","0","2"
"7333101","1235","2168","20","2023-10-13 12:57:22","7","4","1","2"
"7333202","589","2168","5","2023-09-12 09:35:47","3","1","0","2"
"7334097","1580","2168","5","2023-10-09 12:07:51","2","0","0","2"
"7335273","664","2168","7","","0","0","0","0"
"7335387","612","2168","7","","0","0","0","0"
"7335975","977","2168","9","","0","0","0","0"
"7337547","1111","2167","8","","0","0","0","0"
"7337717","805","2167","5","2023-05-24 17:44:22","1","0","1","0"
"7338187","589","2167","5","2023-03-20 10:21:01","1","1","0","0"
"7343731","1590","2165","8","","0","0","0","0"
"7345779","1513","2164","13","2024-01-31 00:58:53","30","10","11","9"
"7346931","1127","2164","9","2023-06-23 14:36:19","3","2","1","0"
"7347492","1121","2164","14","2023-07-04 14:30:01","10","1","9","0"
"7347603","951","2164","6","","0","0","0","0"
"7348110","601","2163","5","","0","0","0","0"
"7348119","1307","2163","8","2024-01-09 01:44:20","1","0","0","1"
"7349122","1493","2163","9","2023-12-15 19:45:25","1","0","0","1"
"7350259","1615","2163","6","","0","0","0","0"
"7350637","617","2163","11","2023-04-01 14:36:54","1","1","0","0"
"7351626","739","2163","20","2023-04-13 07:57:05","10","10","0","0"
"7352020","1548","2162","6","","0","0","0","0"
"7353417","1390","2162","11","2024-01-05 06:55:37","40","18","10","12"
"7353524","1155","2162","5","","0","0","0","0"
"7354378","1728","2162","7","","0","0","0","0"
"7354796","1600","2162","10","","0","0","0","0"
"7354959","1202","2162","25","","0","0","0","0"
"7357322","605","2161","28","2023-05-16 15:28:22","2","1","1","0"
"7357959","1236","2161","27","2024-01-22 12:43:52","15","4","4","7"
"7359221","880","2161","26","","0","0","0","0"
"7359502","1466","2241","9","2023-09-26 03:59:07","1","0","0","1"
"7362258","789","2159","6","","0","0","0","0"
"7364381","721","2158","25","","0","0","0","0"
"7365329","669","2158","5","","0","0","0","0"
"7367440","1931","2157","6","2023-03-21 02:46:39","2","2","0","0"
"7369431","531","2157","5","2023-11-06 11:47:38","2","0","1","1"
"7369809","1598","2157","59","","0","0","0","0"
"7370867","696","2157","7","2023-11-27 16:57:40","2","0","0","2"
"7371269","620","2157","8","2024-01-18 17:35:06","1","0","0","1"
"7372400","1870","2156","6","","0","0","0","0"
"7373144","721","2156","10","","0","0","0","0"
"7373966","632","2156","34","","0","0","0","0"
"7374524","767","2156","8","","0","0","0","0"
"7374581","540","2156","10","","0","0","0","0"
"7374799","637","2156","5","2023-11-30 12:32:33","1","0","0","1"
"7377486","866","2155","7","","0","0","0","0"
"7378423","768","2155","10","","0","0","0","0"
"7379485","1395","2155","26","2024-01-24 11:31:31","8","4","1","3"
"7381375","579","2155","15","2023-05-08 15:52:19","1","0","1","0"
"7383731","597","2154","7","","0","0","0","0"
"7384132","1858","2154","58","2023-11-07 06:27:46","7","1","0","6"
"7385233","501","2154","6","","0","0","0","0"
"7386278","1296","2153","9","","0","0","0","0"
"7386944","556","2153","6","","0","0","0","0"
"7387397","1844","2153","21","2023-07-18 19:10:49","5","4","1","0"
"7389282","636","2152","5","","0","0","0","0"
"7392069","974","2152","7","2023-04-18 12:56:46","1","1","0","0"
"7392163","542","2152","18","2023-08-16 20:49:25","2","1","0","1"
"7394312","599","2151","6","","0","0","0","0"
"7396398","506","2151","5","","0","0","0","0"
"7396516","1361","2151","7","2024-01-28 04:48:32","1","0","0","1"
"7396613","1525","2151","5","2023-11-13 20:13:56","4","1","2","1"
"7397403","511","2150","45","","0","0","0","0"
"7397820","601","2150","5","2023-04-19 12:05:35","1","1","0","0"
"7401495","801","2150","32","2024-01-05 11:29:02","15","0","7","8"
"7403431","1978","2149","5","2023-08-17 04:57:51","5","1","3","1"
"7403729","550","2149","7","2023-06-02 20:55:51","2","0","2","0"
"7404680","1390","2149","9","","0","0","0","0"
"7405518","864","2149","6","","0","0","0","0"
"7406338","1235","2149","18","2023-09-01 08:47:02","7","2","1","4"
"7406685","723","2149","16","2023-08-17 20:06:43","2","1","0","1"
"7407726","877","2148","10","2023-08-22 18:32:20","4","0","0","4"
"7409146","598","2148","9","2023-10-04 09:36:39","3","0","2","1"
"7410243","1292","2148","14","2024-01-17 16:51:05","20","11","3","6"
"7410804","767","2148","8","2023-03-02 06:58:56","1","1","0","0"
"7412152","551","2148","7","","0","0","0","0"
"7412939","765","2147","7","","0","0","0","0"
"7412996","609","2147","5","","0","0","0","0"
"7415698","633","2147","13","2023-08-04 14:40:37","3","1","1","1"
"7416999","1461","2147","6","","0","0","0","0"
"7417998","605","2146","6","2023-10-04 04:12:45","3","0","0","3"
"7418045","773","2146","5","2024-01-29 07:23:22","5","2","1","2"
"7418125","504","2146","18","2023-04-14 12:51:10","2","2","0","0"
"7419215","1951","2146","8","2023-07-14 08:02:35","1","0","1","0"
"7422392","1006","2145","13","2023-09-19 11:31:58","2","1","0","1"
"7424038","1709","2144","46","2024-01-11 16:12:26","5","3","1","1"
"7425726","1724","2144","5","2024-01-31 08:20:47","11","7","1","3"
"7426416","561","2144","27","","0","0","0","0"
"7430118","880","2143","5","","0","0","0","0"
"7430727","1250","2143","67","","0","0","0","0"
"7431369","667","2143","16","2023-03-06 06:49:14","2","2","0","0"
"7433420","928","2142","8","2023-10-23 10:37:55","1","0","0","1"
"7434750","1045","2142","14","","0","0","0","0"
"7435489","1177","2142","6","","0","0","0","0"
"7436321","1828","2142","11","","0","0","0","0"
"7437136","1107","2142","16","2023-11-12 17:30:53","10","1","7","2"
"7437217","510","2142","13","","0","0","0","0"
"7437524","797","2142","7","","0","0","0","0"
"7438212","1232","2142","11","2024-01-23 12:17:11","2","0","0","2"
"7440256","856","2141","5","2023-03-23 08:27:06","1","1","0","0"
"7440269","1467","2141","13","2023-07-08 10:44:56","3","1","2","0"
"7441113","908","2141","10","2024-01-26 14:25:09","1","0","0","1"
"7442271","1624","2141","5","","0","0","0","0"
"7445403","1244","2140","6","","0","0","0","0"
"7446435","1139","2140","8","2023-03-06 02:43:07","2","2","0","0"
"7446465","1205","2140","8","2023-09-21 17:52:31","1","0","0","1"
"7447660","1817","2140","9","","0","0","0","0"
"7447715","549","2140","19","2023-09-17 06:20:52","3","0","1","2"
"7448050","1473","2140","33","","0","0","0","0"
"7451892","1631","2139","90","2023-12-18 03:00:11","6","3","0","3"
"7453765","1895","2138","7","2023-07-11 11:16:37","1","0","1","0"
"7453857","501","2138","25","","0","0","0","0"
"7453993","504","2138","5","2023-02-18 19:44:05","1","1","0","0"
"7454336","689","2138","9","","0","0","0","0"
"7455604","636","2137","8","","0","0","0","0"
"7455917","1052","2137","5","","0","0","0","0"
"7457654","1093","2137","9","","0","0","0","0"
"7459567","506","2137","7","","0","0","0","0"
"7459800","1402","2137","8","2023-06-13 19:33:03","1","0","1","0"
"7460613","778","2136","9","2023-09-26 17:18:21","8","7","0","1"
"7461562","1306","2136","12","","0","0","0","0"
"7465452","692","2136","7","2023-11-25 02:02:06","3","0","1","2"
"7465731","828","2136","8","","0","0","0","0"
"7468217","662","2135","6","2024-01-07 12:55:52","4","0","2","2"
"7468974","572","2135","14","","0","0","0","0"
"7469926","775","2135","8","","0","0","0","0"
"7470921","503","2519","7","","0","0","0","0"
"7471054","708","2135","7","","0","0","0","0"
"7471760","860","2134","11","2023-11-13 12:07:37","5","0","2","3"
"7472632","614","2134","5","","0","0","0","0"
"7474282","1737","2134","10","2023-04-25 09:58:47","1","1","0","0"
"7475879","1007","2134","5","","0","0","0","0"
"7478525","793","2133","5","2024-01-16 16:11:09","7","1","0","6"
"7481663","1536","2132","38","2024-01-29 04:35:08","1","0","0","1"
"7481871","1005","2132","26","2024-01-25 11:17:52","40","19","6","15"
"7482962","1357","2132","6","2024-01-24 13:34:07","6","2","1","3"
"7483019","955","2132","17","2023-06-22 18:47:49","7","0","7","0"
"7483073","1064","2132","11","","0","0","0","0"
"7484842","815","2131","35","","0","0","0","0"
"7485690","1430","2131","5","2023-08-17 19:19:56","1","0","0","1"
"7486444","551","2131","8","2023-11-29 16:57:11","5","3","1","1"
"7490580","976","2130","6","","0","0","0","0"
"7491236","642","2130","8","","0","0","0","0"
"7493938","826","2129","21","2023-05-02 09:42:05","1","0","1","0"
"7494534","533","2129","5","","0","0","0","0"
"7494877","1484","2129","6","2024-01-22 04:27:18","10","6","1","3"
"7495031","1336","2129","22","2023-04-30 05:47:50","2","2","0","0"
"7498513","710","2128","16","2023-11-02 11:52:36","4","2","1","1"
"7500631","1686","2128","7","2023-12-12 16:17:32","1","0","0","1"
"7502029","1063","2128","22","2023-11-22 14:15:53","10","0","0","10"
"7502914","995","2128","6","2023-07-19 00:23:02","8","3","5","0"
"7503961","680","2127","7","2023-07-27 11:44:42","4","2","2","0"
"7504346","531","2127","16","2023-06-27 18:18:01","1","0","1","0"
"7504509","631","2127","7","","0","0","0","0"
"7505687","1220","2127","25","2023-12-22 17:10:31","3","0","0","3"
"7507590","1975","2127","9","2023-05-09 21:30:27","1","0","1","0"
"7507932","1405","2127","10","","0","0","0","0"
"7508682","867","2127","5","2024-01-25 14:06:21","1","0","0","1"
"7509248","889","2126","5","","0","0","0","0"
"7509907","950","2126","89","","0","0","0","0"
"7511276","924","2126","7","2023-10-17 15:49:01","3","0","1","2"
"7512010","1442","2126","8","2023-08-31 07:49:17","1","0","0","1"
"7512185","650","2126","40","","0","0","0","0"
"7514010","1131","2125","16","","0","0","0","0"
"7514062","1124","2125","19","2023-04-18 23:19:21","1","1","0","0"
"7516009","880","2125","13","2023-09-28 21:55:37","9","2","4","3"
"7516395","793","2125","11","2023-05-10 05:55:55","2","1","1","0"
"7516783","1339","2125","20","2023-04-02 07:45:01","2","2","0","0"
"7520239","1459","2124","12","2023-11-27 07:54:27","4","2","1","1"
"7521960","684","2123","8","","0","0","0","0"
"7523502","1230","2123","12","","0","0","0","0"
"7525675","717","2123","45","2023-04-20 06:20:01","1","1","0","0"
"7526789","1020","2122","5","2023-04-10 16:25:14","1","1","0","0"
"7527342","792","2122","16","","0","0","0","0"
"7528450","681","2122","13","","0","0","0","0"
"7530263","518","2122","6","","0","0","0","0"
"7531433","709","2122","6","","0","0","0","0"
"7532946","1512","2121","5","","0","0","0","0"
"7533126","846","2121","5","2024-01-16 18:29:43","9","0","2","7"
"7534856","937","2121","8","2024-01-27 19:00:27","4","0","1","3"
"7535354","665","2121","5","2023-11-22 08:38:02","7","1","2","4"
"7535684","1292","2121","8","","0","0","0","0"
"7537885","1230","2120","6","2023-12-14 15:27:51","6","0","1","5"
"7539820","726","2120","24","","0","0","0","0"
"7542830","520","2120","10","","0","0","0","0"
"7544704","1745","2119","5","","0","0","0","0"
"7545496","1917","2119","56","2024-01-22 16:13:47","4","0","0","4"
"7547389","1391","2119","8","2024-01-22 18:19:48","11","2","0","9"
"7547712","1113","2119","9","2023-10-31 19:59:42","3","0","0","3"
"7548514","588","2118","6","2023-03-14 07:20:26","1","1","0","0"
"7549561","1701","2118","26","2023-05-23 20:10:24","16","14","2","0"
"7551211","707","2118","5","2023-11-13 01:20:39","2","0","0","2"
"7551395","767","2118","7","","0","0","0","0"
"7552329","1078","2117","11","2023-12-23 18:33:02","4","0","0","4"
"7554460","1242","2117","5","2023-12-28 08:50:07","6","1","2","3"
"7554715","995","2117","7","","0","0","0","0"
"7556397","1430","2116","5","","0","0","0","0"
"7556450","1019","2116","5","2023-11-10 09:37:14","8","0","5","3"
"7557223","1559","2116","56","2023-06-08 19:40:30","2","1","1","0"
"7557423","875","2116","7","2023-12-11 11:19:58","6","3","1","2"
"7558856","717","2116","32","2024-01-04 16:36:31","6","4","0","2"
"7559642","719","2116","6","2023-12-04 15:04:14","12","5","2","5"
"7562815","609","2115","5","2023-03-15 07:17:31","1","1","0","0"
"7565106","1884","2115","5","2023-08-24 01:30:36","7","3","3","1"
"7568866","1367","2114","8","2023-09-08 15:33:07","1","0","0","1"
"7572619","802","2113","6","2023-04-12 14:51:07","4","4","0","0"
"7573223","834","2113","10","2024-01-19 17:20:32","11","1","3","7"
"7573253","825","2113","13","2023-10-11 04:12:09","11","10","0","1"
"7573658","1046","2113","5","2023-10-16 11:09:38","3","0","2","1"
"7575384","733","2113","6","","0","0","0","0"
"7576519","608","2113","6","2023-10-25 08:36:16","7","1","0","6"
"7578825","1179","2112","12","2023-04-07 02:02:03","1","1","0","0"
"7580614","609","2112","5","2023-11-30 21:53:30","6","1","1","4"
"7580760","520","2112","5","2023-02-21 17:57:24","1","1","0","0"
"7582170","519","2112","6","2024-01-29 04:40:34","2","1","0","1"
"7582178","1675","2112","29","","0","0","0","0"
"7583614","1843","2111","55","2024-01-24 18:20:49","29","11","9","9"
"7584066","1166","2111","8","2023-11-29 11:28:41","18","11","2","5"
"7584160","944","2111","7","","0","0","0","0"
"7584658","560","2111","8","2023-09-10 18:03:55","4","0","3","1"
"7586429","1142","2111","20","","0","0","0","0"
"7586756","568","2111","7","2023-10-26 10:38:51","4","1","0","3"
"7586765","1200","2111","6","","0","0","0","0"
"7588455","1554","2110","7","2023-02-19 12:22:13","4","4","0","0"
"7590238","1057","2110","6","2023-08-01 15:47:57","1","0","0","1"
"7592390","1676","3776","5","","0","0","0","0"
"7594271","649","2109","6","2023-04-03 07:09:42","2","2","0","0"
"7595401","1340","2109","7","2023-09-15 15:15:28","2","0","0","2"
"7596874","1010","2108","7","2023-05-27 06:56:42","1","0","1","0"
"7598599","531","2108","5","2023-06-07 14:18:37","1","0","1","0"
"7599426","708","2108","5","2023-09-06 11:34:31","2","0","1","1"
"7600021","615","2108","5","2023-06-26 06:46:00","1","0","1","0"
"7602468","1950","2107","9","2023-10-18 01:12:43","6","3","1","2"
"7602809","912","2107","5","","0","0","0","0"
"7604662","1560","2107","15","2023-12-07 04:50:10","3","1","1","1"
"7605505","1311","2107","13","2023-12-25 14:33:29","11","5","3","3"
"7605762","1908","2107","25","2023-05-01 20:50:42","1","0","1","0"
"7605967","1058","2107","8","2023-05-29 07:07:15","4","3","1","0"
"7607594","988","2107","5","2023-11-14 22:45:36","1","0","0","1"
"7608371","1871","2106","21","2024-01-05 23:12:34","6","3","0","3"
"7609108","753","2106","13","2023-06-11 06:39:11","3","2","1","0"
"7609665","767","2106","6","2023-10-02 10:05:15","1","0","0","1"
"7611357","646","2106","16","","0","0","0","0"
"7611832","1035","2106","6","","0","0","0","0"
"7611838","984","2106","17","2023-07-22 09:15:22","1","0","1","0"
"7613058","1063","2106","5","2023-10-12 18:28:08","6","1","0","5"
"7615658","521","2105","7","2023-07-11 07:57:13","2","0","2","0"
"7617428","961","2105","5","2024-01-11 14:18:20","4","1","0","3"
"7617767","1034","2105","23","2023-07-26 18:05:06","4","2","2","0"
"7619578","1712","2105","5","2023-02-06 17:50:12","1","1","0","0"
"7620320","741","2104","54","","0","0","0","0"
"7620935","1321","2104","5","2023-06-13 07:28:25","2","1","1","0"
"7622832","1129","2104","20","2023-02-09 21:12:17","2","2","0","0"
"7623055","690","2104","8","","0","0","0","0"
"7623307","1125","2104","20","2023-09-27 14:38:55","3","0","0","3"
"7624590","555","2103","6","","0","0","0","0"
"7625261","1497","2103","9","2023-07-06 11:17:13","6","2","4","0"
"7625386","502","2103","7","2023-12-10 09:18:24","5","4","0","1"
"7625850","950","2103","5","2023-04-10 02:23:36","4","4","0","0"
"7627696","615","2102","9","2023-12-04 22:18:26","6","2","0","4"
"7628937","1096","2102","42","2023-08-28 19:41:53","1","0","0","1"
"7631183","1237","2102","5","2023-09-25 14:37:24","1","0","0","1"
"7632019","516","2102","6","2023-12-09 19:11:55","5","1","0","4"
"7637870","509","2101","14","","0","0","0","0"
"7638119","1959","2101","11","2023-07-04 11:42:52","3","1","2","0"
"7639622","711","2100","7","2023-10-03 09:05:59","1","0","0","1"
"7641854","770","2100","13","2023-08-14 14:12:26","10","9","0","1"
"7647323","1797","2241","5","2023-09-05 19:49:45","7","4","2","1"
"7649860","563","2099","10","2024-01-16 16:31:45","8","2","4","2"
"7651281","640","2098","14","","0","0","0","0"
"7652567","716","2098","12","","0","0","0","0"
"7654634","745","2098","6","","0","0","0","0"
"7655269","951","2098","23","","0","0","0","0"
"7657155","1326","2097","9","2023-11-07 17:02:42","2","0","0","2"
"7659255","1521","2097","9","2024-01-22 21:14:24","1","0","0","1"
"7659651","865","2097","7","","0","0","0","0"
"7659837","1442","2097","6","","0","0","0","0"
"7660196","1075","2096","6","","0","0","0","0"
"7663663","1088","2095","6","2023-06-27 08:13:42","3","1","2","0"
"7664140","1644","2095","10","","0","0","0","0"
"7664601","658","2095","68","2023-09-30 13:34:53","1","0","0","1"
"7664840","846","2095","39","","0","0","0","0"
"7666239","1648","2095","7","2023-06-16 07:34:27","2","0","2","0"
"7666564","582","2095","7","2023-06-13 06:42:52","5","4","1","0"
"7666635","1839","2095","13","2023-06-14 11:21:09","2","1","1","0"
"7667248","622","2095","6","2023-03-24 20:36:24","1","1","0","0"
"7667381","702","2095","5","2023-06-01 06:40:40","4","3","1","0"
"7669010","1918","2095","19","2023-08-10 18:21:06","2","0","0","2"
"7669319","1589","2095","7","","0","0","0","0"
"7670936","1136","2094","5","2023-09-19 04:18:49","3","0","0","3"
"7671341","1537","2094","37","2023-09-02 09:35:45","1","0","0","1"
"7671671","684","2094","5","2023-05-12 11:23:13","1","0","1","0"
"7672162","1088","2094","25","","0","0","0","0"
"7674702","954","2094","10","","0","0","0","0"
"7675683","1460","2093","7","","0","0","0","0"
"7676237","1290","2093","8","2023-10-29 12:31:15","4","1","0","3"
"7677042","909","2093","5","2023-06-04 17:58:57","1","0","1","0"
"7677111","679","2093","10","","0","0","0","0"
"7678074","936","2093","22","2023-06-13 08:10:28","4","2","2","0"
"7680511","1887","2093","10","2024-01-19 20:25:28","9","0","2","7"
"7681514","1212","2092","7","2023-06-16 19:04:47","1","0","1","0"
"7681696","966","2092","15","2023-04-05 22:07:00","2","2","0","0"
"7683041","1340","2092","12","2023-09-29 08:32:01","7","3","1","3"
"7683745","708","2092","7","2023-08-16 14:24:43","2","0","1","1"
"7684496","595","2092","12","","0","0","0","0"
"7684613","1347","2092","8","2023-07-08 23:43:16","1","0","1","0"
"7686121","789","2092","5","","0","0","0","0"
"7686245","597","2092","5","2023-07-27 19:54:31","6","5","1","0"
"7686560","995","2092","13","2023-12-06 18:18:50","6","1","2","3"
"7687855","633","2091","17","","0","0","0","0"
"7688320","648","2091","34","","0","0","0","0"
"7688423","684","2091","23","","0","0","0","0"
"7689052","1578","2091","14","2023-12-28 06:29:26","4","1","2","1"
"7689325","577","2091","5","","0","0","0","0"
"7692972","691","2090","13","","0","0","0","0"
"7696914","655","2089","6","2023-10-14 20:17:03","1","0","0","1"
"7698734","1058","2089","11","2023-07-06 11:29:02","5","3","2","0"
"7699330","653","2089","17","","0","0","0","0"
"7699379","1035","2089","43","","0","0","0","0"
"7699452","1640","2089","6","","0","0","0","0"
"7699617","1312","2089","11","2024-01-20 14:40:49","8","1","3","4"
"7702557","767","2088","12","2023-11-01 01:53:53","1","0","0","1"
"7703803","1046","2088","5","","0","0","0","0"
"7706832","590","2087","8","2023-04-07 12:51:15","1","1","0","0"
"7707631","1845","2087","27","2023-06-21 08:52:51","1","0","1","0"
"7707680","1459","2087","8","2023-10-16 09:51:01","19","0","12","7"
"7707818","733","2087","7","2023-10-02 15:53:19","2","0","0","2"
"7709990","983","2087","14","2023-03-11 21:17:07","1","1","0","0"
"7710957","650","2087","11","","0","0","0","0"
"7711968","540","2241","10","","0","0","0","0"
"7716142","619","2086","14","2023-06-01 17:40:43","4","1","3","0"
"7718222","1573","2085","15","2024-01-18 16:20:04","6","1","4","1"
"7721215","1143","2085","5","2023-04-03 12:54:23","4","4","0","0"
"7721497","1195","2085","9","2023-03-22 02:44:28","2","2","0","0"
"7721581","1305","2085","11","","0","0","0","0"
"7723026","880","2085","7","2023-02-27 22:21:55","1","1","0","0"
"7723441","1039","2085","5","","0","0","0","0"
"7723557","1992","2085","17","2023-09-10 02:27:48","6","2","2","2"
"7724157","737","2085","6","","0","0","0","0"
"7724187","621","2085","5","","0","0","0","0"
"7724384","1470","2084","9","","0","0","0","0"
"7724629","1082","2084","6","2023-10-31 20:46:53","1","0","0","1"
"7725103","1655","2084","5","","0","0","0","0"
"7726319","1625","2084","34","2023-09-19 04:15:13","3","0","1","2"
"7728676","917","2084","6","","0","0","0","0"
"7729243","727","2084","6","2023-04-26 18:24:51","2","2","0","0"
"7729375","1368","2084","11","2023-06-21 22:05:02","10","7","3","0"
"7730705","593","2083","26","2023-07-04 11:43:28","1","0","1","0"
"7731522","1269","2083","17","2023-12-29 20:27:19","6","1","1","4"
"7733460","644","2082","5","2023-02-19 20:00:00","4","4","0","0"
"7735068","1108","2082","19","2023-08-17 06:43:25","6","1","4","1"
"7735303","585","2082","32","","0","0","0","0"
"7737270","519","2081","9","","0","0","0","0"
"7738142","1488","2081","5","2023-12-05 03:24:37","7","0","3","4"
"7738653","1306","2081","7","2023-10-26 07:43:01","1","0","0","1"
"7740166","1557","2081","102","2024-01-03 02:15:37","2","0","0","2"
"7740558","627","2081","8","2023-09-02 12:45:43","12","6","3","3"
"7740742","1162","2081","8","","0","0","0","0"
"7740878","890","2081","12","","0","0","0","0"
"7741097","1534","2081","6","2023-09-01 15:48:10","4","0","0","4"
"7741591","1917","2081","14","2023-10-08 02:42:10","3","2","0","1"
"7742642","1513","2081","43","2023-07-07 15:14:34","1","0","1","0"
"7744045","1094","2080","11","2023-08-11 14:48:39","2","0","1","1"
"7744154","1190","2080","11","","0","0","0","0"
"7746219","1634","2080","50","2023-06-02 16:29:49","8","5","3","0"
"7748346","918","2080","22","","0","0","0","0"
"7748562","1276","2079","8","","0","0","0","0"
"7750999","1226","2079","13","2023-12-12 19:58:00","6","0","4","2"
"7751011","996","2079","6","2023-12-31 16:07:43","2","1","0","1"
"7752510","1162","2079","6","2023-11-16 19:13:39","4","0","0","4"
"7752583","859","2079","7","2023-12-10 15:41:23","7","3","0","4"
"7756135","1827","2078","82","2023-11-24 10:09:36","2","0","0","2"
"7756550","1180","2078","11","","0","0","0","0"
"7757112","896","2078","20","2024-01-19 13:20:25","3","1","0","2"
"7757850","1373","2078","14","2024-01-03 22:07:08","2","0","0","2"
"7758213","978","2078","5","2023-11-07 14:15:59","2","0","0","2"
"7761544","809","2077","7","2023-12-28 06:27:59","2","0","0","2"
"7762646","1561","2077","5","2023-07-21 11:47:03","2","1","1","0"
"7765910","843","2076","6","","0","0","0","0"
"7765946","885","2076","7","2023-07-24 05:38:23","2","1","1","0"
"7766224","1662","2076","5","","0","0","0","0"
"7766834","904","2076","36","","0","0","0","0"
"7769239","1588","2075","36","2023-11-09 05:44:50","20","18","1","1"
"7769344","1081","2075","23","2023-03-14 06:49:03","1","1","0","0"
"7770494","500","2075","25","","0","0","0","0"
"7771315","1035","2074","5","2023-04-25 17:59:22","1","1","0","0"
"7772227","1270","2074","9","2023-12-06 15:07:26","1","0","0","1"
"7772722","897","2074","6","","0","0","0","0"
"7772830","757","2074","38","2023-09-06 08:06:31","5","4","0","1"
"7774775","577","2074","19","2023-06-08 18:14:21","4","2","2","0"
"7775043","922","2074","6","2023-03-08 13:44:57","1","1","0","0"
"7776688","1269","2074","5","2023-09-09 11:45:41","1","0","0","1"
"7779619","1302","2073","6","2024-01-28 16:13:09","1","0","0","1"
"7779712","1810","2073","6","2023-02-09 06:57:59","1","1","0","0"
"7779865","746","2073","8","2023-04-11 11:49:21","2","2","0","0"
"7781405","1171","2073","15","2023-10-31 07:35:17","3","1","1","1"
"7781935","1089","2073","14","","0","0","0","0"
"7784354","1510","2072","22","2023-04-25 18:05:26","1","1","0","0"
"7785738","1327","2072","9","2023-11-30 14:15:11","6","4","0","2"
"7785832","950","2072","13","2023-04-25 22:33:34","1","1","0","0"
"7786080","991","2072","7","2023-11-16 12:37:19","2","0","1","1"
"7786446","1427","2072","8","2023-10-30 05:45:43","4","0","1","3"
"7786739","597","2072","5","","0","0","0","0"
"7787197","665","2072","5","2023-07-10 16:04:34","2","1","1","0"
"7787654","1635","2072","10","","0","0","0","0"
"7787699","521","2072","15","","0","0","0","0"
"7788355","752","2072","5","","0","0","0","0"
"7789681","563","2071","5","2023-09-11 10:38:25","8","2","1","5"
"7796116","714","2070","6","","0","0","0","0"
"7798669","675","2070","5","2023-03-16 12:59:23","7","7","0","0"
"7800861","583","2069","5","2023-10-13 10:06:33","1","0","0","1"
"7800978","1001","2069","5","2023-10-19 19:13:57","5","0","3","2"
"7801965","1210","2069","17","2024-01-29 08:07:20","18","3","9","6"
"7802476","934","2069","7","","0","0","0","0"
"7803508","948","2068","45","2023-12-07 06:54:37","5","1","0","4"
"7803702","958","2068","82","2023-12-10 17:51:36","9","7","1","1"
"7805642","1494","2068","8","","0","0","0","0"
"7806251","525","2067","39","","0","0","0","0"
"7806306","1300","2067","12","2023-10-28 19:46:33","4","1","2","1"
"7807426","817","2067","5","2023-04-14 14:32:55","1","1","0","0"
"7807438","1217","2067","6","","0","0","0","0"
"7809490","774","2067","5","","0","0","0","0"
"7809538","1634","2067","11","2024-01-29 17:06:14","12","1","6","5"
"7812339","898","2066","5","2024-01-26 15:58:48","4","0","1","3"
"7813242","687","2066","5","","0","0","0","0"
"7814595","614","2066","12","","0","0","0","0"
"7818051","847","2065","18","2023-08-30 01:58:42","2","0","1","1"
"7818979","1252","2065","8","","0","0","0","0"
"7819587","1555","2065","45","2023-09-12 05:22:06","6","0","4","2"
"7821865","1491","2065","5","2023-06-30 07:36:18","1","0","1","0"
"7823264","1229","2065","22","","0","0","0","0"
"7825355","965","2064","40","2023-06-20 07:04:47","11","6","5","0"
"7825578","593","2064","11","2023-05-19 15:13:18","1","0","1","0"
"7825738","1257","2064","7","","0","0","0","0"
"7826372","764","2064","8","2023-09-25 12:02:08","2","1","0","1"
"7828115","586","2064","50","","0","0","0","0"
"7829963","579","2063","11","","0","0","0","0"
"7834341","1091","2063","5","","0","0","0","0"
"7835100","621","2063","17","","0","0","0","0"
"7836691","1602","2062","7","2023-10-02 12:51:43","2","0","1","1"
"7837530","554","2062","22","","0","0","0","0"
"7838544","1890","2062","8","2023-08-14 15:13:03","2","0","0","2"
"7838611","1036","2062","21","2023-02-27 18:18:37","2","2","0","0"
"7839602","666","2061","8","2023-10-21 20:57:35","9","2","0","7"
"7840345","558","2061","6","","0","0","0","0"
"7841421","782","2061","8","","0","0","0","0"
"7844012","751","2060","5","2023-10-09 15:24:34","1","0","0","1"
"7845355","862","2060","21","2024-01-16 18:22:47","1","0","0","1"
"7845797","670","2060","8","","0","0","0","0"
"7846238","645","2060","14","","0","0","0","0"
"7846405","1720","2060","11","2024-01-11 16:48:54","21","0","4","17"
"7848518","943","2059","7","2023-08-28 05:10:43","10","5","4","1"
"7848579","751","2059","230","","0","0","0","0"
"7848740","1689","2059","49","2024-01-20 19:20:15","21","3","8","10"
"7850543","1938","2059","14","","0","0","0","0"
"7853390","1158","2059","39","","0","0","0","0"
"7853538","1548","2059","14","2023-06-14 16:42:51","7","4","3","0"
"7855724","1600","2058","6","2023-06-21 15:37:27","1","0","1","0"
"7856646","911","2058","7","2023-12-18 20:03:20","4","0","3","1"
"7856807","1364","2058","7","","0","0","0","0"
"7857701","1427","2058","5","2023-10-06 14:44:38","2","1","0","1"
"7858922","931","2058","5","","0","0","0","0"
"7859025","831","2058","5","2024-01-24 00:17:57","23","0","1","22"
"7863919","1780","2057","6","2023-07-26 21:43:16","1","0","1","0"
"7865587","1136","2056","7","","0","0","0","0"
"7866138","792","2056","35","2024-01-07 12:20:38","3","0","0","3"
"7866231","966","2056","10","","0","0","0","0"
"7866864","680","2056","9","2023-12-29 16:23:17","2","1","0","1"
"7867536","1192","2056","6","","0","0","0","0"
"7868781","1501","2056","18","2023-08-31 06:26:59","1","0","0","1"
"7868938","1815","2056","14","2023-03-24 22:52:05","4","4","0","0"
"7869636","900","2055","11","2024-01-25 06:19:37","16","0","5","11"
"7870211","1164","2055","5","","0","0","0","0"
"7871511","1008","2055","51","2023-12-11 20:03:22","3","1","0","2"
"7872110","1592","2055","23","2023-02-14 12:13:24","2","2","0","0"
"7873768","1705","2054","7","2023-11-13 07:21:32","2","1","0","1"
"7874223","1084","2054","5","2023-11-11 23:46:43","1","0","0","1"
"7874234","800","2054","8","","0","0","0","0"
"7874746","802","2054","12","2024-01-29 12:24:26","30","17","3","10"
"7877857","1251","2053","58","","0","0","0","0"
"7878991","1780","2053","37","2023-08-23 11:55:23","3","0","0","3"
"7879082","725","2053","6","2023-05-25 21:05:27","2","1","1","0"
"7879109","701","2053","17","2023-06-04 16:48:35","5","2","3","0"
"7879634","1071","2053","8","2023-05-23 19:01:24","5","4","1","0"
"7880402","614","2053","5","2024-01-04 19:11:35","5","1","0","4"
"7885750","1887","2052","5","2023-10-16 18:57:38","5","0","1","4"
"7886100","943","2052","6","","0","0","0","0"
"7886174","549","2052","5","2023-04-04 17:42:25","2","2","0","0"
"7886372","1295","2052","43","2023-12-29 13:29:51","25","8","6","11"
"7886891","625","2051","6","2023-08-06 12:08:42","1","0","0","1"
"7886968","673","2051","6","","0","0","0","0"
"7890041","1594","2051","26","2023-03-29 03:01:08","16","16","0","0"
"7890561","886","2051","9","2023-11-25 23:52:58","3","1","1","1"
"7890913","1156","2051","5","","0","0","0","0"
"7891382","769","2051","19","2023-03-21 07:59:27","2","2","0","0"
"7892737","1066","2050","6","","0","0","0","0"
"7894379","888","2050","7","2023-08-03 06:55:29","1","0","0","1"
"7896107","1145","2050","6","2023-07-04 17:43:15","3","1","2","0"
"7900721","1049","2049","7","","0","0","0","0"
"7901167","891","2049","14","2023-10-28 14:35:26","4","0","1","3"
"7903243","1242","2049","69","2023-02-16 16:37:47","6","6","0","0"
"7904082","655","2048","12","2023-12-21 21:47:58","6","0","0","6"
"7904862","881","2048","5","","0","0","0","0"
"7905401","654","2048","5","2023-06-21 10:32:23","1","0","1","0"
"7905787","761","2048","30","2023-05-23 06:36:54","1","0","1","0"
"7907587","805","2047","5","","0","0","0","0"
"7909427","1726","2047","13","2023-08-28 23:45:05","4","2","1","1"
"7911731","853","2046","7","","0","0","0","0"
"7916213","1281","2046","11","2024-01-16 13:49:39","4","1","1","2"
"7917771","571","2045","24","","0","0","0","0"
"7918173","1476","2045","8","2023-11-15 18:23:11","3","0","0","3"
"7918717","938","2045","6","2023-11-13 20:01:20","4","2","1","1"
"7919144","606","2045","6","2023-05-12 13:57:19","1","0","1","0"
"7920004","1509","2045","26","2024-01-29 22:01:52","11","3","3","5"
"7921804","1053","2045","15","","0","0","0","0"
"7922428","783","2044","12","2023-07-20 19:14:23","3","0","3","0"
"7923782","714","2044","6","2023-11-07 08:29:53","6","2","0","4"
"7924573","843","2044","6","2023-06-22 09:07:59","8","2","6","0"
"7925579","979","2044","38","2023-07-26 18:21:55","36","0","36","0"
"7927429","934","2044","9","2024-01-22 16:37:32","3","0","1","2"
"7927975","1336","2241","18","2023-02-22 17:52:18","4","4","0","0"
"7929036","1188","2043","14","2024-01-23 13:16:50","36","15","8","13"
"7929423","992","2043","8","2023-05-09 16:27:56","2","1","1","0"
"7929909","1144","2043","11","2023-11-20 09:20:04","8","2","3","3"
"7930117","535","2043","5","2023-07-24 11:18:48","1","0","1","0"
"7930187","627","2043","8","2023-03-03 12:10:24","2","2","0","0"
"7931182","1613","2043","10","2023-09-14 08:46:48","3","0","2","1"
"7931817","837","2043","22","2023-11-22 13:50:31","13","1","1","11"
"7934389","584","2042","14","2023-12-13 04:18:32","3","1","1","1"
"7936642","1685","2042","32","2023-12-02 22:06:22","14","4","1","9"
"7937073","820","2042","5","","0","0","0","0"
"7938295","1089","2042","13","2023-10-25 16:43:03","5","2","1","2"
"7938435","1346","2042","68","","0","0","0","0"
"7939134","525","2041","17","","0","0","0","0"
"7940824","1177","2041","9","","0","0","0","0"
"7941160","873","2041","22","","0","0","0","0"
"7944495","1031","2040","8","","0","0","0","0"
"7945344","1810","2040","10","2023-03-27 13:59:17","1","1","0","0"
"7948109","1699","2039","5","","0","0","0","0"
"7948776","805","2039","18","","0","0","0","0"
"7949123","659","2039","12","2023-08-03 15:24:13","6","2","2","2"
"7949704","1381","2038","7","2023-06-21 12:39:36","2","1","1","0"
"7951438","1996","2038","7","","0","0","0","0"
"7951774","1530","2038","5","2024-01-11 10:51:53","7","1","3","3"
"7952953","1658","2038","11","2023-12-13 06:00:00","4","3","0","1"
"7953086","1971","2038","17","2023-11-14 17:34:52","1","0","0","1"
"7953908","597","2038","5","2023-04-07 23:05:00","2","2","0","0"
"7955271","1047","2037","56","2023-02-17 17:32:50","3","3","0","0"
"7956161","1063","2037","20","2023-06-01 10:22:30","1","0","1","0"
"7956429","540","2037","10","2023-11-08 15:01:45","1","0","0","1"
"7959642","676","2037","7","2024-01-11 09:36:20","3","1","1","1"
"7960375","1072","2036","5","2023-09-15 01:49:32","1","0","0","1"
"7960402","1878","2036","11","2023-04-09 16:30:26","3","3","0","0"
"7960551","519","2036","9","2023-11-17 02:44:10","9","4","1","4"
"7963571","726","2036","8","2023-04-03 08:04:14","1","1","0","0"
"7967119","954","2035","12","","0","0","0","0"
"7967235","567","2035","17","","0","0","0","0"
"7968003","634","2035","13","2024-01-14 19:59:47","13","1","4","8"
"7968203","722","2035","11","","0","0","0","0"
"7969193","1397","2035","5","2023-10-25 12:46:51","2","0","0","2"
"7972621","1674","2034","40","2023-12-14 07:12:43","1","0","0","1"
"7973606","547","2034","5","2024-01-08 10:52:10","3","0","0","3"
"7977859","1389","2033","17","","0","0","0","0"
"7977882","595","2033","17","2023-09-07 03:20:36","2","0","1","1"
"7978231","797","2032","9","2024-01-16 19:26:53","1","0","0","1"
"7978492","746","2032","23","","0","0","0","0"
"7978635","1037","2032","8","","0","0","0","0"
"7978903","1724","2032","18","2023-06-04 22:58:36","1","0","1","0"
"7979597","523","2032","5","","0","0","0","0"
"7979621","874","2032","13","2023-02-25 11:56:07","2","2","0","0"
"7981885","520","2032","6","2023-07-05 10:31:37","2","1","1","0"
"7982963","1219","2032","11","","0","0","0","0"
"7983864","799","2031","11","2023-09-06 05:35:13","3","1","1","1"
"7986452","694","2031","17","","0","0","0","0"
"7986786","995","2031","9","2023-08-18 12:25:10","9","0","8","1"
"7987708","758","2031","15","","0","0","0","0"
"7987987","936","2031","5","2023-07-18 15:08:14","2","0","2","0"
"7990528","1744","2030","43","2024-01-21 20:18:03","33","13","8","12"
"7991646","634","2030","10","2024-01-25 04:28:43","7","3","3","1"
"7993163","1719","2030","13","","0","0","0","0"
"7995302","991","2029","7","2023-06-19 12:12:47","5","4","1","0"
"7996523","901","2029","7","","0","0","0","0"
"8000016","1264","2029","10","2024-01-30 11:49:16","6","2","2","2"
"8001403","515","2028","14","","0","0","0","0"
"8004365","884","2028","10","","0","0","0","0"
"8005367","1030","2027","5","2023-08-23 06:42:22","6","2","0","4"
"8005373","1638","2027","8","2023-08-23 17:12:41","5","0","4","1"
"8006405","987","2027","5","","0","0","0","0"
"8006418","524","2027","8","","0","0","0","0"
"8009420","1091","2026","5","2024-01-10 11:09:11","2","1","0","1"
"8009638","678","2026","25","","0","0","0","0"
"8010101","1083","2026","5","2024-01-14 20:51:09","8","2","0","6"
"8012110","1819","2025","7","","0","0","0","0"
"8012426","504","2025","6","","0","0","0","0"
"8013399","900","2025","10","","0","0","0","0"
"8015575","969","2025","6","2023-10-25 12:00:29","1","0","0","1"
"8017194","521","2024","6","2023-09-16 03:11:05","1","0","0","1"
"8018225","625","2024","37","2023-03-17 15:49:12","1","1","0","0"
"8019611","1666","2024","13","2023-11-18 11:34:41","5","1","2","2"
"8020836","513","2024","6","","0","0","0","0"
"8021111","827","2024","12","2023-08-08 18:07:11","3","1","0","2"
"8021938","594","2024","7","2023-07-19 21:27:55","4","1","3","0"
"8023402","879","2023","7","2023-07-20 13:58:12","4","0","4","0"
"8025086","1949","2023","5","","0","0","0","0"
"8027422","522","2023","14","2023-12-26 16:44:28","7","1","0","6"
"8029215","1069","2022","10","2024-01-26 06:46:00","2","1","0","1"
"8030353","774","2022","6","2024-01-19 12:48:10","6","0","3","3"
"8031029","667","2022","5","","0","0","0","0"
"8032144","850","2022","14","2023-12-05 16:25:14","10","2","2","6"
"8032605","619","2022","5","","0","0","0","0"
"8033172","1121","2022","20","","0","0","0","0"
"8033562","942","2022","8","2024-01-19 12:13:41","4","2","0","2"
"8034235","686","2021","8","2024-01-12 02:00:16","10","1","5","4"
"8035473","1490","2021","39","2023-08-02 06:18:20","1","0","0","1"
"8039104","559","2020","39","","0","0","0","0"
"8043392","516","2019","27","","0","0","0","0"
"8044582","1950","2019","66","2023-08-05 13:52:29","1","0","0","1"
"8046535","1403","2018","15","2023-10-19 02:32:07","2","0","0","2"
"8048399","1463","2018","16","2023-12-06 23:32:21","3","1","0","2"
"8049180","717","2018","8","2023-08-15 21:11:03","5","2","0","3"
"8050183","1159","2018","10","2023-12-14 10:08:19","2","0","0","2"
"8051287","603","2017","10","2024-01-27 11:44:41","2","0","0","2"
"8052616","1111","2017","5","2023-05-11 06:07:18","2","0","2","0"
"8052787","554","2017","15","","0","0","0","0"
"8052809","778","2017","5","","0","0","0","0"
"8053655","1630","2017","6","2023-11-06 13:31:54","9","1","1","7"
"8054721","981","2017","5","2023-02-23 17:46:19","1","1","0","0"
"8056248","1283","2017","14","2023-06-08 12:04:09","2","1","1","0"
"8056267","599","2017","5","","0","0","0","0"
"8056390","903","2017","11","2023-11-30 12:58:47","7","4","1","2"
"8057777","567","2016","18","2023-06-29 00:34:33","7","0","7","0"
"8058709","1701","2016","9","","0","0","0","0"
"8060081","1152","2016","14","2023-03-08 17:35:45","3","3","0","0"
"8061007","635","2016","9","2023-08-19 05:51:11","5","1","3","1"
"8063294","1198","2015","6","","0","0","0","0"
"8066850","706","2015","6","","0","0","0","0"
"8069229","900","2014","10","","0","0","0","0"
"8070068","529","2014","6","","0","0","0","0"
"8071252","516","2014","8","2023-05-03 21:53:22","2","1","1","0"
"8072841","757","2013","41","2023-04-08 20:11:56","5","5","0","0"
"8074278","662","2013","19","","0","0","0","0"
"8075762","521","2013","6","2023-10-02 18:22:31","7","0","4","3"
"8076338","954","2012","59","","0","0","0","0"
"8076871","731","2012","18","","0","0","0","0"
"8077687","782","2012","13","","0","0","0","0"
"8081556","525","2011","8","2023-08-14 14:26:59","1","0","0","1"
"8082409","661","2011","5","","0","0","0","0"
"8082505","631","2011","7","2024-01-21 14:25:31","2","0","0","2"
"8084588","1280","2010","8","2023-08-16 17:26:12","1","0","0","1"
"8086401","1129","2010","41","2024-01-11 11:01:49","10","0","8","2"
"8087322","603","2010","5","2023-07-03 12:05:02","1","0","1","0"
"8087820","1204","2010","18","2023-08-05 21:37:44","4","2","1","1"
"8089312","1744","2009","10","","0","0","0","0"
"8092354","523","2009","5","","0","0","0","0"
"8093318","1236","2009","12","2023-12-14 02:29:20","19","11","1","7"
"8094012","1796","2009","13","2023-11-08 09:51:33","4","1","2","1"
"8098331","1193","2008","5","","0","0","0","0"
"8099169","773","2008","10","2023-02-11 18:57:36","5","5","0","0"
"8099673","665","2008","6","","0","0","0","0"
"8100489","657","2007","5","2024-01-24 12:55:16","5","2","2","1"
"8101634","1482","2007","10","","0","0","0","0"
"8104755","1631","2007","10","2023-12-17 21:54:53","10","1","1","8"
"8105643","752","2006","15","","0","0","0","0"
"8105979","994","2006","5","2023-11-06 10:53:40","1","0","0","1"
"8106270","1312","2006","7","2023-02-11 05:51:33","1","1","0","0"
"8107504","1168","2006","10","2023-06-30 23:35:23","5","1","4","0"
"8107901","722","2006","18","2023-12-15 17:11:27","44","15","6","23"
"8108030","779","2006","24","2023-11-17 17:11:40","1","0","0","1"
"8108169","610","2006","6","2023-12-22 07:50:59","1","0","0","1"
"8108612","1188","2006","9","","0","0","0","0"
"8109283","1728","2005","6","","0","0","0","0"
"8112003","752","2004","8","2024-01-04 19:54:44","2","0","1","1"
"8113138","858","2004","17","2024-01-10 14:40:09","13","2","7","4"
"8116615","781","2004","12","","0","0","0","0"
"8118052","781","2003","8","2023-09-02 03:41:38","1","0","0","1"
"8118965","1012","2003","8","","0","0","0","0"
"8119309","691","2003","22","","0","0","0","0"
"8121740","995","2003","10","2023-07-20 09:33:55","5","0","5","0"
"8122500","678","2003","22","2023-12-23 03:22:43","4","1","0","3"
"8123050","665","2002","10","2023-09-11 04:42:14","3","1","1","1"
"8123507","1050","2002","12","","0","0","0","0"
"8124605","1794","2002","40","2024-01-30 09:36:49","28","5","10","13"
"8128825","869","2001","22","","0","0","0","0"
"8130908","1820","2001","8","2023-05-14 21:10:45","1","0","1","0"
"8131885","1738","2001","7","2023-09-21 13:01:49","11","2","7","2"
"8132809","639","2001","18","2023-06-23 19:51:26","5","2","3","0"
"8133524","564","2001","6","","0","0","0","0"
"8133895","813","2001","15","","0","0","0","0"
"8137754","1264","2000","8","","0","0","0","0"
"8139410","642","2000","7","","0","0","0","0"
"8141440","815","1999","7","2023-08-03 05:34:04","3","2","0","1"
"8144061","564","1998","14","2023-08-19 05:31:46","2","0","1","1"
"8144360","1114","1998","5","","0","0","0","0"
"8145051","820","1998","8","2023-06-29 06:13:53","3","1","2","0"
"8145332","1166","1998","6","2023-12-21 06:40:49","6","0","0","6"
"8146172","627","1998","7","2023-10-08 16:36:54","4","1","0","3"
"8149710","867","1997","12","2023-12-26 06:08:03","10","1","1","8"
"8149936","540","1997","23","2023-04-14 22:27:08","2","2","0","0"
"8151674","1139","1996","7","2023-02-06 04:55:28","1","1","0","0"
"8152324","1764","1996","86","2023-10-01 09:14:44","10","4","2","4"
"8153505","1079","1996","7","2023-10-16 11:22:54","2","0","1","1"
"8156202","1037","1996","5","","0","0","0","0"
"8157102","971","1996","5","2023-04-21 22:06:13","1","1","0","0"
"8157190","757","1996","5","2023-07-09 19:47:42","4","1","3","0"
"8158202","628","1995","21","","0","0","0","0"
"8162211","1263","1995","6","2023-02-11 17:40:49","1","1","0","0"
"8162407","1233","1995","9","2023-11-23 16:57:16","1","0","0","1"
"8164482","912","1994","5","","0","0","0","0"
"8165144","1366","1994","12","","0","0","0","0"
"8168578","734","1994","13","2023-10-21 22:56:39","2","1","0","1"
"8169814","586","1993","15","","0","0","0","0"
"8170092","1579","1993","10","2023-10-07 19:01:51","2","1","0","1"
"8170844","1383","1993","33","2024-01-22 16:30:31","8","1","3","4"
"8171495","502","1993","5","2023-04-29 08:03:05","1","1","0","0"
"8176014","567","1992","6","","0","0","0","0"
"8181750","1772","1990","11","","0","0","0","0"
"8183600","1130","1990","9","2024-01-11 00:36:53","1","0","0","1"
"8184091","821","1990","6","2023-02-26 08:04:58","1","1","0","0"
"8184729","958","1990","7","2023-02-14 15:58:57","1","1","0","0"
"8184859","1083","1990","6","2023-11-15 10:24:30","2","1","0","1"
"8185493","633","1990","6","2023-07-21 15:56:16","1","0","1","0"
"8185618","994","1989","17","2023-08-07 13:57:16","6","2","3","1"
"8187191","1028","1989","21","2023-09-21 12:14:38","11","5","1","5"
"8188682","1823","1989","75","2023-11-30 04:00:27","19","5","5","9"
"8189903","1932","1989","19","2023-11-16 11:18:01","7","0","1","6"
"8190327","1276","1989","29","2023-07-16 06:29:18","6","1","5","0"
"8190553","1586","1989","6","2023-07-24 22:44:16","3","1","2","0"
"8192914","1308","1988","11","2024-01-13 11:38:46","10","1","5","4"
"8193279","750","1988","6","2023-11-01 13:13:23","2","1","0","1"
"8195076","1579","1988","14","2024-01-18 21:15:36","8","4","3","1"
"8196025","1228","1988","11","2023-08-15 14:36:54","2","0","1","1"
"8198889","1271","1987","6","2023-11-21 22:50:04","2","1","0","1"
"8203541","852","1986","10","2024-01-19 22:22:43","3","0","1","2"
"8203644","945","2739","7","","0","0","0","0"
"8203926","972","1986","45","2024-01-25 10:46:27","15","0","9","6"
"8204033","786","1986","8","","0","0","0","0"
"8204697","1391","1986","5","","0","0","0","0"
"8205168","567","1986","13","","0","0","0","0"
"8205399","992","1986","7","2023-11-13 14:30:06","6","0","5","1"
"8205497","1472","1986","12","2023-07-16 13:06:23","13","5","8","0"
"8205646","1511","1986","7","2023-06-13 19:02:30","2","0","2","0"
"8208547","706","1985","39","","0","0","0","0"
"8210755","962","1984","8","2023-05-23 01:40:44","1","0","1","0"
"8213085","1062","1984","5","2023-05-05 15:03:14","4","3","1","0"
"8215902","948","1983","6","","0","0","0","0"
"8217731","992","1983","16","2023-07-19 00:32:45","1","0","1","0"
"8225099","541","1981","15","","0","0","0","0"
"8227798","1333","1981","14","","0","0","0","0"
"8228122","1214","1981","16","","0","0","0","0"
"8228978","1451","1980","15","2023-10-09 06:44:43","4","2","1","1"
"8229399","948","1980","7","2023-09-11 10:10:59","14","5","7","2"
"8230784","979","1980","9","","0","0","0","0"
"8233361","679","1980","6","2023-11-30 17:48:29","3","1","1","1"
"8235367","1450","1979","23","2023-12-20 09:00:58","17","9","1","7"
"8235940","1874","1979","7","2023-11-27 14:28:41","1","0","0","1"
"8236370","520","1979","63","2023-04-12 11:00:18","1","1","0","0"
"8237057","1318","1979","9","","0","0","0","0"
"8237188","729","1979","7","2023-09-22 13:43:12","3","2","0","1"
"8240120","1703","1978","8","","0","0","0","0"
"8241382","1558","1978","10","2023-02-12 11:42:18","1","1","0","0"
"8244023","549","1977","14","2023-11-21 22:06:54","1","0","0","1"
"8244338","1504","1977","8","2023-12-20 10:00:25","2","0","1","1"
"8245105","721","1977","13","","0","0","0","0"
"8245557","737","1977","8","2023-03-12 21:47:09","1","1","0","0"
"8248523","509","1976","6","2023-03-08 21:27:43","2","2","0","0"
"8252138","1235","1975","5","2023-09-21 02:46:38","23","1","16","6"
"8252164","1722","1975","13","","0","0","0","0"
"8254348","1143","1975","26","2023-12-29 16:59:45","10","3","0","7"
"8254477","1206","1975","5","","0","0","0","0"
"8255039","893","1975","16","2023-08-21 08:37:24","1","0","0","1"
"8258014","1025","1974","7","","0","0","0","0"
"8258305","1030","1974","18","2023-09-08 06:15:22","3","2","0","1"
"8259188","1802","1974","22","","0","0","0","0"
"8259471","862","1974","6","2023-11-17 02:54:26","3","1","0","2"
"8260998","884","1974","5","2024-01-21 19:26:20","2","0","0","2"
"8262214","512","1973","7","","0","0","0","0"
"8262671","1085","1973","24","","0","0","0","0"
"8263622","834","1973","5","2023-03-16 16:17:15","1","1","0","0"
"8265811","571","1973","7","2023-11-27 13:30:14","5","1","2","2"
"8270263","754","1972","18","2023-10-04 14:28:56","26","16","7","3"
"8270312","683","1972","28","2023-07-28 11:32:07","5","4","1","0"
"8273551","1250","1971","7","","0","0","0","0"
"8273686","1401","1971","11","2023-06-21 23:25:46","7","5","2","0"
"8274308","980","1971","11","2023-08-28 22:41:47","3","2","0","1"
"8275139","1077","1971","6","2023-11-18 22:17:05","3","0","2","1"
"8276765","1102","1971","32","2023-08-02 17:14:20","4","0","2","2"
"8277795","1873","1970","18","2023-10-28 14:37:10","6","1","2","3"
"8281276","1666","1969","7","2023-05-06 09:51:15","1","0","1","0"
"8281955","516","1969","15","","0","0","0","0"
"8282674","671","1969","17","","0","0","0","0"
"8282898","985","1969","57","2023-03-23 08:44:45","1","1","0","0"
"8286237","736","1969","16","","0","0","0","0"
"8286276","1604","1969","17","2023-11-17 18:58:20","2","1","0","1"
"8287839","728","1968","18","2023-11-07 13:18:56","5","3","0","2"
"8290982","867","1968","6","2023-11-11 11:08:12","2","0","0","2"
"8291415","583","1968","6","2023-03-16 18:12:12","1","1","0","0"
"8292965","1759","1967","5","","0","0","0","0"
"8294610","1155","1967","6","2023-04-13 09:54:52","1","1","0","0"
"8294653","709","1967","6","2023-04-08 13:29:51","12","12","0","0"
"8297052","754","1967","15","2023-11-23 05:34:48","3","1","0","2"
"8297321","608","1967","7","2023-08-25 20:56:29","4","0","1","3"
"8297962","1978","1967","20","2023-09-22 20:11:46","7","0","2","5"
"8300249","507","1966","9","2023-10-12 12:51:59","1","0","0","1"
"8301539","543","1966","30","2023-05-08 19:16:19","3","1","2","0"
"8303192","1413","1966","13","2023-08-18 17:22:07","4","1","1","2"
"8304478","816","1966","5","","0","0","0","0"
"8305252","686","1965","6","2024-01-03 14:13:25","2","0","1","1"
"8308381","1698","1965","19","2024-01-10 11:46:26","2","1","0","1"
"8309536","839","1965","23","","0","0","0","0"
"8310295","1813","1965","35","2023-08-23 19:24:54","2","0","0","2"
"8312884","854","1964","18","2023-07-19 10:39:34","2","0","2","0"
"8313114","631","1964","5","","0","0","0","0"
"8313787","1139","1963","5","2023-09-21 07:19:15","1","0","0","1"
"8315136","684","1963","15","","0","0","0","0"
"8315934","1386","1963","51","","0","0","0","0"
"8316956","523","1962","5","2023-05-20 17:01:38","1","0","1","0"
"8318878","887","1962","5","2023-09-04 11:58:08","1","0","0","1"
"8319308","961","1962","10","","0","0","0","0"
"8319640","699","1962","59","","0","0","0","0"
"8321379","1235","1962","6","","0","0","0","0"
"8321975","1506","1962","27","2024-01-28 21:10:55","9","1","2","6"
"8323793","1054","1961","9","2023-12-04 04:25:27","2","0","1","1"
"8324585","1389","1961","5","","0","0","0","0"
"8324896","514","1961","19","2023-02-16 15:15:50","1","1","0","0"
"8325498","633","1961","6","","0","0","0","0"
"8325853","1118","1961","5","2023-02-15 10:32:50","1","1","0","0"
"8326867","681","1961","12","","0","0","0","0"
"8327106","519","1961","6","2024-01-26 10:22:34","2","0","0","2"
"8327330","1163","1961","64","2023-08-24 20:38:50","19","0","3","16"
"8331235","1674","1960","6","","0","0","0","0"
"8331603","1113","1960","15","","0","0","0","0"
"8332763","684","1960","15","2023-09-06 11:02:54","2","1","0","1"
"8337631","1100","1959","5","2023-08-20 16:41:19","4","3","0","1"
"8338950","822","1959","40","","0","0","0","0"
"8339821","1089","1959","18","","0","0","0","0"
"8339960","779","1959","10","2024-01-15 13:33:57","7","1","2","4"
"8340761","816","1959","46","2023-05-16 14:46:09","10","9","1","0"
"8341513","1017","1958","5","2023-06-26 03:10:18","2","1","1","0"
"8342080","802","1958","10","2023-12-22 09:28:45","2","0","1","1"
"8344023","661","1958","6","2023-03-07 16:30:14","23","23","0","0"
"8346096","1410","1958","5","2024-01-21 02:45:09","1","0","0","1"
"8349677","631","1957","12","2023-11-23 08:07:16","2","0","0","2"
"8350081","803","1957","24","2023-08-16 05:22:46","6","3","1","2"
"8350893","629","1957","6","","0","0","0","0"
"8352809","838","1956","17","2023-11-21 19:29:35","3","0","0","3"
"8353152","566","1956","10","","0","0","0","0"
"8354049","1882","1956","16","2023-03-30 06:08:42","1","1","0","0"
"8354082","920","1956","8","2023-03-29 10:07:44","4","4","0","0"
"8354184","570","1956","6","","0","0","0","0"
"8356484","513","1955","10","2023-06-20 23:47:31","5","3","2","0"
"8356856","573","1955","14","","0","0","0","0"
"8357673","879","1955","11","2024-01-10 16:05:16","3","0","1","2"
"8359204","565","1955","7","","0","0","0","0"
"8359623","1559","1955","16","","0","0","0","0"
"8360923","805","1954","11","","0","0","0","0"
"8361664","582","1954","17","2023-02-28 06:27:52","2","2","0","0"
"8364806","639","1954","6","2023-02-06 20:09:04","1","1","0","0"
"8365731","563","1954","23","2024-01-29 19:44:41","7","0","0","7"
"8366174","911","1954","18","2024-01-29 13:19:38","22","0","18","4"
"8368630","854","1953","6","2023-03-06 18:05:25","1","1","0","0"
"8369150","603","1953","39","","0","0","0","0"
"8370216","1434","1953","17","2024-01-03 05:11:01","4","1","1","2"
"8371557","554","1953","7","2023-09-28 12:59:15","2","1","0","1"
"8372412","631","1953","6","2023-12-31 16:12:20","25","5","4","16"
"8376015","547","1952","7","2023-10-11 01:11:53","1","0","0","1"
"8379030","1667","1951","5","2023-07-28 15:21:31","6","3","3","0"
"8379035","891","1951","6","2023-12-28 15:00:57","24","4","0","20"
"8381334","724","1951","5","","0","0","0","0"
"8381420","546","1951","9","2024-01-11 16:34:19","1","0","0","1"
"8382007","633","1951","5","","0","0","0","0"
"8383919","1747","1951","8","2023-11-28 13:13:04","2","1","0","1"
"8384983","764","1950","10","","0","0","0","0"
"8385513","1068","1950","15","","0","0","0","0"
"8385758","1542","1950","7","2023-11-19 12:05:55","2","1","0","1"
"8385972","1101","1950","11","","0","0","0","0"
"8388057","1215","1949","8","","0","0","0","0"
"8389274","577","1949","7","2024-01-30 17:38:51","2","0","1","1"
"8389449","608","1949","7","","0","0","0","0"
"8390473","908","1949","15","2023-11-08 23:56:54","8","3","2","3"
"8390709","669","1949","5","","0","0","0","0"
"8392119","1594","1948","12","","0","0","0","0"
"8395242","1438","1948","16","2023-07-31 20:58:41","2","1","1","0"
"8395666","1209","1948","8","","0","0","0","0"
"8396562","850","1948","6","","0","0","0","0"
"8398636","909","1947","6","2023-05-16 14:55:03","2","1","1","0"
"8399906","1032","1947","6","2023-08-03 22:01:50","1","0","0","1"
"8400969","1522","1947","7","2023-12-21 16:59:59","6","2","0","4"
"8401179","1074","1947","13","","0","0","0","0"
"8401374","1708","1947","25","","0","0","0","0"
"8403079","878","1946","5","","0","0","0","0"
"8404545","868","1946","10","2024-01-23 12:19:02","6","0","2","4"
"8404743","1927","1946","7","","0","0","0","0"
"8405085","963","1946","43","2023-12-21 18:09:38","11","3","5","3"
"8405123","1176","1946","8","2023-09-21 11:06:43","1","0","0","1"
"8405699","1012","1946","9","2023-10-01 17:03:45","4","2","1","1"
"8406046","775","1946","5","2023-09-28 13:06:16","2","0","0","2"
"8407336","1145","1946","17","2023-10-09 14:30:42","12","1","10","1"
"8408137","677","1946","9","2023-02-07 11:38:51","1","1","0","0"
"8408576","1029","1945","5","","0","0","0","0"
"8409209","616","1945","6","","0","0","0","0"
"8411150","698","1945","5","2023-08-10 07:40:52","3","0","1","2"
"8416201","1956","1944","15","","0","0","0","0"
"8416317","1388","1944","6","","0","0","0","0"
"8416573","648","1944","9","2023-08-21 12:45:04","4","0","2","2"
"8418085","1206","1944","5","2023-02-15 03:29:59","1","1","0","0"
"8418174","909","1944","9","","0","0","0","0"
"8419289","1325","1944","7","","0","0","0","0"
"8421080","629","1943","6","","0","0","0","0"
"8422024","1781","1943","6","2023-11-19 16:47:41","4","2","1","1"
"8422138","1139","2241","14","","0","0","0","0"
"8422170","1939","1943","8","","0","0","0","0"
"8422827","805","1943","5","","0","0","0","0"
"8423507","1418","1942","6","2024-01-22 11:36:48","10","3","2","5"
"8424269","1573","1942","21","2023-04-10 17:59:19","1","1","0","0"
"8424644","666","1942","23","","0","0","0","0"
"8425771","618","1942","24","2023-02-04 18:56:29","1","1","0","0"
"8428405","663","1941","17","2023-02-24 14:32:32","4","4","0","0"
"8431238","831","1941","50","","0","0","0","0"
"8436663","589","1940","12","","0","0","0","0"
"8439685","787","1939","12","2023-03-17 04:34:22","6","6","0","0"
"8440715","1341","1939","6","2024-01-23 16:22:37","8","2","2","4"
"8440995","1376","1939","6","2023-09-01 13:42:58","3","1","0","2"
"8442560","652","1938","18","2023-05-26 17:28:14","8","2","6","0"
"8443982","558","1938","10","","0","0","0","0"
"8446708","843","1938","13","2023-10-03 08:38:46","7","3","2","2"
"8447743","908","1938","11","2023-08-14 11:53:57","3","0","2","1"
"8455396","1427","1936","5","","0","0","0","0"
"8456383","542","1936","7","","0","0","0","0"
"8457255","1159","1935","20","2023-02-02 10:30:37","1","1","0","0"
"8458465","1854","1935","5","2023-06-16 06:20:46","73","24","49","0"
"8458965","955","1935","19","","0","0","0","0"
"8460768","1196","1934","6","2023-11-14 15:49:38","7","0","0","7"
"8460873","625","1934","13","2023-11-21 23:27:47","2","1","0","1"
"8461233","687","1934","11","","0","0","0","0"
"8461344","1342","1934","7","2023-06-11 03:44:58","1","0","1","0"
"8461756","1066","1934","43","2023-04-13 06:46:17","2","2","0","0"
"8463207","616","1934","8","2023-11-22 05:14:09","4","2","0","2"
"8463684","698","1934","7","2024-01-17 11:50:14","5","1","0","4"
"8468354","931","1933","6","2023-11-04 19:06:20","2","0","0","2"
"8469746","928","1932","45","2023-09-13 03:54:36","1","0","0","1"
"8472310","702","1932","6","","0","0","0","0"
"8477566","1990","1931","6","2024-01-17 16:49:55","6","1","2","3"
"8477805","677","1931","16","2023-09-13 04:33:22","4","1","0","3"
"8480136","724","1931","14","","0","0","0","0"
"8481897","544","1930","25","","0","0","0","0"
"8483606","747","1930","5","","0","0","0","0"
"8485567","1531","1930","37","2023-12-05 15:39:44","7","0","4","3"
"8486761","505","1929","17","2024-01-31 09:36:43","2","1","0","1"
"8489067","1938","1929","6","2024-01-28 16:52:12","1","0","0","1"
"8493186","1315","1927","6","","0","0","0","0"
"8494462","1627","1927","9","2023-09-25 12:33:52","1","0","0","1"
"8496352","1585","1927","5","2023-06-18 22:05:24","2","0","2","0"
"8497979","1410","1926","8","2023-03-23 20:53:11","2","2","0","0"
"8498688","538","1926","10","2023-09-11 19:14:01","4","0","2","2"
"8500718","511","1926","35","2023-05-14 01:57:54","4","3","1","0"
"8501098","624","1926","5","","0","0","0","0"
"8502320","664","1926","8","2023-11-07 19:48:03","11","8","2","1"
"8504033","1337","2241","7","2023-10-17 09:34:08","3","0","0","3"
"8504824","645","1925","13","2023-09-01 08:37:49","8","2","5","1"
"8508411","848","1925","5","","0","0","0","0"
"8509861","1523","1924","6","","0","0","0","0"
"8510226","542","1924","5","2023-11-20 22:42:35","1","0","0","1"
"8510454","1734","1924","12","","0","0","0","0"
"8510613","1282","1924","11","","0","0","0","0"
"8512175","894","1924","9","2023-11-22 18:32:30","12","7","1","4"
"8512333","615","1924","5","2023-10-16 16:38:39","1","0","0","1"
"8519332","788","1922","5","2023-04-30 17:03:00","1","1","0","0"
"8520235","1337","1922","8","2023-07-15 11:40:44","1","0","1","0"
"8520643","689","1922","34","2023-02-09 07:07:58","1","1","0","0"
"8521515","1507","1922","15","2024-01-20 11:27:22","10","6","1","3"
"8521982","844","1922","7","","0","0","0","0"
"8522881","1197","1921","17","2023-07-21 12:06:22","3","0","3","0"
"8523868","911","1921","7","2023-12-12 06:47:27","5","0","0","5"
"8523960","1054","1921","5","","0","0","0","0"
"8528141","1480","1920","5","","0","0","0","0"
"8529170","680","1920","12","2023-04-02 01:42:08","1","1","0","0"
"8529250","988","1920","6","2023-10-30 17:53:54","5","4","0","1"
"8537770","663","1918","9","2023-04-06 22:12:30","16","16","0","0"
"8537786","589","1918","6","2023-08-16 12:13:00","4","3","0","1"
"8539741","839","1918","5","2024-01-25 00:42:39","2","0","0","2"
"8542004","1082","1917","8","","0","0","0","0"
"8542990","1090","1917","5","","0","0","0","0"
"8543505","1289","1917","5","2024-01-30 21:37:32","3","1","0","2"
"8544482","745","1917","15","2023-06-06 16:17:33","16","11","5","0"
"8545455","1247","1917","8","2023-05-22 18:48:32","2","1","1","0"
"8546128","562","1916","6","","0","0","0","0"
"8546303","1157","1916","45","","0","0","0","0"
"8547214","1258","1916","11","","0","0","0","0"
"8547516","1454","1916","6","","0","0","0","0"
"8547986","1941","1916","9","2023-12-09 15:43:26","4","0","3","1"
"8550543","1817","1915","41","2023-08-22 09:04:57","54","37","13","4"
"8550657","1168","1915","28","2023-07-16 15:21:28","1","0","1","0"
"8553678","1436","1914","5","2023-09-21 06:08:49","2","0","1","1"
"8554578","536","1914","30","","0","0","0","0"
"8554611","796","1914","17","","0","0","0","0"
"8555541","669","1914","11","2024-01-22 17:00:54","3","1","1","1"
"8556269","1034","1914","5","2023-12-03 04:17:09","2","0","0","2"
"8558146","676","1913","6","2023-03-19 16:07:58","3","3","0","0"
"8558174","973","1913","23","2023-10-22 06:49:46","8","2","0","6"
"8558625","500","1913","6","2023-03-10 17:29:46","1","1","0","0"
"8564902","659","1912","9","2023-03-21 15:12:30","1","1","0","0"
"8567819","1031","1911","5","2023-10-24 13:36:11","2","0","0","2"
"8571154","893","1911","12","2024-01-12 13:03:52","1","0","0","1"
"8571434","1802","1911","37","2023-12-05 20:24:15","45","3","18","24"
"8574960","605","1910","9","2023-06-02 14:17:43","1","0","1","0"
"8579055","725","1909","9","2023-04-11 06:49:47","1","1","0","0"
"8580499","801","1909","6","","0","0","0","0"
"8582685","1092","1908","11","2024-01-25 14:59:36","23","0","0","23"
"8583511","1123","1908","5","2024-01-29 10:57:48","11","1","2","8"
"8584025","619","1908","5","","0","0","0","0"
"8585150","1107","1908","5","2023-02-12 16:20:00","1","1","0","0"
"8587144","751","1907","6","2023-07-29 19:24:33","1","0","1","0"
"8587732","889","1907","12","2023-07-12 12:15:22","3","1","2","0"
"8587776","1505","1907","32","","0","0","0","0"
"8591711","1296","1906","15","2023-09-06 12:03:52","1","0","0","1"
"8594080","711","1906","7","2023-07-08 01:35:18","2","1","1","0"
"8595398","1865","1905","6","2023-09-29 03:15:11","1","0","0","1"
"8595790","699","1905","11","","0","0","0","0"
"8595891","1382","1905","7","2024-01-18 11:29:52","3","0","0","3"
"8597732","1215","1905","17","2024-01-23 12:46:06","3","2","0","1"
"8598112","704","1905","5","","0","0","0","0"
"8598252","691","1905","25","","0","0","0","0"
"8599432","1792","1905","5","2023-03-13 06:37:21","1","1","0","0"
"8599802","504","1905","18","2023-05-01 13:58:13","5","4","1","0"
"8601590","1233","1904","5","2023-12-19 10:25:54","2","0","1","1"
"8601641","818","1904","5","","0","0","0","0"
"8601807","524","1904","29","2023-08-18 13:44:19","2","0","0","2"
"8602069","1024","1904","17","2024-01-12 08:39:15","3","1","1","1"
"8604852","780","1904","8","2023-10-17 16:57:50","11","6","2","3"
"8605037","546","1904","6","","0","0","0","0"
"8606958","622","1903","7","2023-04-17 23:58:57","3","3","0","0"
"8607180","1047","1903","11","","0","0","0","0"
"8607640","1052","1903","9","2023-12-20 07:36:17","4","0","0","4"
"8608962","1734","1903","5","2023-04-19 09:57:15","1","1","0","0"
"8609720","1294","1903","6","2023-12-14 20:18:34","2","1","0","1"
"8609844","563","1903","9","","0","0","0","0"
"8610346","733","1903","46","2023-12-28 15:38:23","23","13","0","10"
"8612463","1856","1902","31","","0","0","0","0"
"8614314","538","1902","15","2023-08-03 10:11:30","1","0","0","1"
"8618380","1985","1901","5","","0","0","0","0"
"8619606","804","1901","11","2023-12-14 14:41:13","13","1","11","1"
"8620149","1873","1901","9","","0","0","0","0"
"8621157","1066","1900","11","","0","0","0","0"
"8621574","575","1900","5","2024-01-20 22:49:19","4","1","1","2"
"8622829","872","1900","10","2023-12-01 16:15:57","1","0","0","1"
"8623184","603","1900","6","","0","0","0","0"
"8625892","1086","1899","9","2023-08-08 08:39:47","7","3","3","1"
"8627215","1322","1899","8","2024-01-29 11:16:01","13","7","3","3"
"8627333","1134","1899","17","2023-06-19 04:42:40","10","7","3","0"
"8627975","844","1899","47","2024-01-10 06:58:32","5","3","1","1"
"8627992","1894","1899","29","2023-06-19 11:03:07","2","0","2","0"
"8630903","1001","1898","8","2023-08-15 09:08:09","9","7","1","1"
"8633900","1474","1898","7","","0","0","0","0"
"8634018","1169","1898","7","","0","0","0","0"
"8634987","634","1898","5","2023-11-07 22:49:02","2","0","0","2"
"8635168","1330","1898","9","2023-08-08 09:57:43","1","0","0","1"
"8635479","777","1898","7","2023-11-01 17:58:15","2","0","0","2"
"8636565","1546","1898","16","","0","0","0","0"
"8639161","672","1897","7","2023-07-21 07:22:34","1","0","1","0"
"8647107","534","1896","6","2024-01-30 12:05:54","6","5","0","1"
"8650263","1379","1896","6","","0","0","0","0"
"8652927","720","1895","9","","0","0","0","0"
"8653046","856","1895","6","2023-08-07 13:04:47","7","4","2","1"
"8653313","1964","1895","7","2023-03-14 07:52:20","1","1","0","0"
"8653765","1085","1895","10","2023-10-04 06:51:20","1","0","0","1"
"8656043","660","1895","11","","0","0","0","0"
"8656747","511","1895","5","","0","0","0","0"
"8658654","1272","1895","10","2023-07-05 16:28:30","1","0","1","0"
"8659623","594","1894","6","2024-01-08 15:24:16","6","0","0","6"
"8659747","1234","1894","19","2023-07-12 14:52:23","3","1","2","0"
"8661476","966","1894","15","","0","0","0","0"
"8662476","1880","1894","9","2024-01-17 13:04:44","9","1","0","8"
"8662574","953","1894","6","","0","0","0","0"
"8663316","1275","1893","10","2023-12-01 16:33:50","3","1","0","2"
"8663492","1957","1893","11","","0","0","0","0"
"8667016","1301","1892","9","2023-05-01 22:37:29","1","0","1","0"
"8669256","1284","1892","21","","0","0","0","0"
"8669584","995","1892","9","2023-06-24 17:32:56","4","0","4","0"
"8670089","842","1892","17","2024-01-02 04:53:23","11","5","2","4"
"8672015","1141","1892","15","2024-01-22 06:22:22","1","0","0","1"
"8672177","1592","1892","65","","0","0","0","0"
"8676838","1191","1891","7","2023-03-20 19:20:12","1","1","0","0"
"8677601","806","1891","6","","0","0","0","0"
"8678385","699","1891","7","","0","0","0","0"
"8678900","810","1891","10","2023-05-28 11:02:24","5","1","4","0"
"8678995","773","1891","6","2023-11-09 00:27:46","1","0","0","1"
"8681007","671","1890","5","","0","0","0","0"
"8681416","892","1890","9","","0","0","0","0"
"8682068","1415","1890","7","2023-05-29 12:26:02","5","1","4","0"
"8682941","1307","1890","5","","0","0","0","0"
"8684202","1913","1890","7","","0","0","0","0"
"8685031","809","1890","6","","0","0","0","0"
"8685423","1463","1890","13","","0","0","0","0"
"8688810","1123","1889","16","2023-03-20 09:37:46","1","1","0","0"
"8688902","562","1889","16","2023-06-28 07:35:45","1","0","1","0"
"8689448","508","1889","21","","0","0","0","0"
"8691473","1053","1889","5","2023-03-27 15:04:38","1","1","0","0"
"8691571","779","1889","6","2023-06-07 15:50:44","2","1","1","0"
"8691612","1154","1889","6","2023-04-24 14:45:41","1","1","0","0"
"8695156","826","1888","31","2023-11-03 16:40:27","5","0","0","5"
"8695460","1586","1888","17","2023-03-31 17:22:35","2","2","0","0"
"8697156","1422","1888","12","2024-01-24 12:23:24","6","1","1","4"
"8698137","855","1888","12","","0","0","0","0"
"8698374","1966","1887","12","","0","0","0","0"
"8700798","521","1887","8","2023-08-24 17:33:56","2","0","0","2"
"8700809","1840","1887","10","2023-11-27 23:14:46","8","3","0","5"
"8703365","578","1886","5","","0","0","0","0"
"8705273","588","1886","23","2023-04-05 15:39:37","1","1","0","0"
"8706759","1308","1885","5","2023-06-26 05:16:17","1","0","1","0"
"8707337","1200","1885","48","2023-05-23 01:02:34","1","0","1","0"
"8709928","671","1885","8","2023-08-07 13:28:12","2","1","0","1"
"8710383","542","1885","5","2023-03-06 12:31:21","1","1","0","0"
"8713068","1578","1884","6","2023-04-01 17:35:17","2","2","0","0"
"8713823","892","1884","7","","0","0","0","0"
"8714350","996","1884","6","2023-12-21 12:19:11","6","1","3","2"
"8715397","1817","1884","9","","0","0","0","0"
"8715436","1148","1884","13","","0","0","0","0"
"8715480","663","1884","13","2024-01-31 04:11:38","4","3","0","1"
"8722421","1275","1883","26","","0","0","0","0"
"8722913","583","1883","6","","0","0","0","0"
"8723748","1928","1882","61","2023-09-15 08:44:59","1","0","0","1"
"8724367","726","1882","6","2023-10-05 08:10:33","7","1","4","2"
"8724510","551","1882","13","2023-10-04 16:32:48","6","1","2","3"
"8729924","599","1881","9","2024-01-31 15:19:31","6","0","0","6"
"8730051","641","1881","14","2023-02-11 16:04:36","1","1","0","0"
"8731504","621","1881","21","","0","0","0","0"
"8731865","1424","1881","64","","0","0","0","0"
"8734046","1535","1881","23","2023-10-28 10:52:47","7","1","1","5"
"8734523","1004","1881","6","2023-11-16 06:36:07","8","2","2","4"
"8738231","1057","1880","8","2023-06-07 20:39:23","2","0","2","0"
"8743036","517","1879","8","2023-10-04 01:40:20","8","0","5","3"
"8746228","1523","1878","5","","0","0","0","0"
"8746415","1669","1878","6","2023-11-02 11:24:58","4","1","0","3"
"8749149","942","1877","8","2023-04-21 15:57:05","3","3","0","0"
"8750873","735","1877","6","2023-06-01 09:48:00","4","0","4","0"
"8751376","971","1877","7","2023-08-29 12:33:39","2","0","1","1"
"8754804","890","1877","29","2023-10-07 08:07:15","3","0","0","3"
"8762338","1130","1875","11","2023-03-16 12:33:01","2","2","0","0"
"8763264","1194","1875","28","","0","0","0","0"
"8764150","799","1875","12","2023-12-16 12:16:30","7","6","0","1"
"8767186","1032","1875","71","","0","0","0","0"
"8768524","953","1874","16","","0","0","0","0"
"8770778","1165","1874","5","2023-11-30 14:44:32","2","0","1","1"
"8771409","906","1874","6","","0","0","0","0"
"8772085","519","1874","9","2023-04-03 14:56:07","2","2","0","0"
"8772274","570","1874","11","2023-02-14 21:07:29","3","3","0","0"
"8772376","695","1874","5","","0","0","0","0"
"8773930","852","1873","7","","0","0","0","0"
"8774425","714","1873","12","","0","0","0","0"
"8777397","645","1873","13","","0","0","0","0"
"8778624","528","1872","5","2023-03-11 16:32:52","1","1","0","0"
"8779487","534","1872","12","","0","0","0","0"
"8781011","1187","1872","19","","0","0","0","0"
"8782141","1364","1871","63","2023-09-16 10:18:45","56","52","1","3"
"8782838","520","1871","8","","0","0","0","0"
"8782970","1128","1871","8","2024-01-11 10:29:49","5","0","1","4"
"8783818","765","1871","45","2023-05-15 07:44:34","1","0","1","0"
"8784518","850","1871","10","2024-01-11 19:43:40","6","1","2","3"
"8784568","1196","1871","5","2023-05-23 11:43:45","4","1","3","0"
"8784762","735","1871","11","","0","0","0","0"
"8785369","630","1871","10","2023-06-11 15:04:37","4","1","3","0"
"8786297","773","1871","17","2023-05-15 12:06:41","2","0","2","0"
"8788182","1321","1870","8","2023-12-15 22:30:09","4","0","0","4"
"8788847","621","1870","14","","0","0","0","0"
"8790507","1594","1870","25","2023-09-27 15:52:47","2","1","0","1"
"8792439","751","1870","24","2023-08-21 21:42:24","3","2","0","1"
"8794428","868","1869","9","","0","0","0","0"
"8795344","1583","1869","11","2023-08-23 03:14:25","6","0","2","4"
"8799471","1797","1868","8","2023-02-02 20:18:00","1","1","0","0"
"8800254","872","1868","6","","0","0","0","0"
"8802812","1225","1868","6","2023-07-03 14:32:26","2","1","1","0"
"8804293","961","1867","7","2023-12-20 22:07:39","9","3","2","4"
"8804776","1066","1867","10","","0","0","0","0"
"8805842","1033","1867","77","2023-06-12 10:36:10","1","0","1","0"
"8806649","1927","1867","67","2023-12-06 14:14:09","20","10","6","4"
"8806757","520","1867","14","","0","0","0","0"
"8807152","1303","1867","6","2024-01-07 11:44:47","30","13","13","4"
"8809793","668","1866","6","2023-09-10 12:44:12","2","0","0","2"
"8810290","1154","1866","26","2024-01-10 10:50:32","1","0","0","1"
"8810865","1897","1866","75","2023-04-11 06:41:52","7","7","0","0"
"8811478","1309","1866","11","2023-11-09 16:55:16","2","1","0","1"
"8813647","834","1865","7","","0","0","0","0"
"8814229","1248","1865","47","","0","0","0","0"
"8814904","1031","1865","17","","0","0","0","0"
"8815211","1040","1865","7","","0","0","0","0"
"8817388","958","1864","5","","0","0","0","0"
"8818406","535","1864","9","2023-11-30 12:04:28","6","2","2","2"
"8819662","1127","1864","8","","0","0","0","0"
"8820118","653","1864","18","","0","0","0","0"
"8820559","870","1864","7","2024-01-25 00:40:48","11","3","1","7"
"8820616","694","1864","6","","0","0","0","0"
"8820842","578","1864","30","","0","0","0","0"
"8823231","541","1863","18","2023-10-20 13:05:30","2","1","0","1"
"8826293","1673","3286","13","2023-06-11 17:51:34","2","0","2","0"
"8827322","745","1863","13","2023-07-31 18:59:56","1","0","1","0"
"8827408","1200","1863","14","2023-05-15 13:26:04","2","1","1","0"
"8829497","1518","1862","12","2023-04-24 14:42:46","4","4","0","0"
"8830099","1838","1862","18","","0","0","0","0"
"8835675","1747","1861","10","2023-09-06 13:19:08","1","0","0","1"
"8838581","1347","1861","50","","0","0","0","0"
"8838721","1681","1861","6","","0","0","0","0"
"8840051","1689","1861","6","2023-03-08 01:01:19","1","1","0","0"
"8842015","1035","1860","6","2023-09-05 15:14:55","1","0","0","1"
"8843451","666","1860","68","","0","0","0","0"
"8843585","1261","1860","6","2024-01-17 19:41:58","3","0","0","3"
"8844026","555","1860","14","2023-12-28 15:11:44","1","0","0","1"
"8845767","1560","1860","11","2023-07-25 17:20:14","4","3","1","0"
"8845841","699","1860","47","","0","0","0","0"
"8847285","1205","1859","7","2023-02-26 04:01:08","2","2","0","0"
"8849187","1474","1859","6","","0","0","0","0"
"8851203","596","1858","5","","0","0","0","0"
"8852720","699","1858","36","2023-10-25 17:06:46","7","6","0","1"
"8858832","1824","1857","7","2023-04-11 20:48:17","1","1","0","0"
"8860258","1082","1856","8","2023-12-27 07:51:11","10","2","4","4"
"8862854","896","1856","6","","0","0","0","0"
"8863489","629","1856","6","","0","0","0","0"
"8864205","604","1856","14","","0","0","0","0"
"8864619","598","1856","17","2023-05-20 22:05:09","1","0","1","0"
"8866964","713","1855","17","","0","0","0","0"
"8867099","511","1855","5","2023-12-26 12:23:21","3","2","0","1"
"8867721","1813","1855","12","2023-03-22 10:49:24","1","1","0","0"
"8868327","992","1855","16","2024-01-06 17:56:36","3","1","1","1"
"8870514","884","2535","7","2024-01-31 14:25:57","3","0","2","1"
"8870984","1350","1855","13","2023-05-18 08:09:55","1","0","1","0"
"8872691","702","1854","14","2023-12-31 11:23:08","2","0","1","1"
"8874154","1721","1854","73","2023-07-04 20:06:26","4","0","4","0"
"8875846","1496","1854","19","2023-09-03 03:54:56","1","0","0","1"
"8875887","508","1854","24","","0","0","0","0"
"8876034","508","1854","16","","0","0","0","0"
"8877578","862","1854","7","","0","0","0","0"
"8878627","1156","1853","23","","0","0","0","0"
"8880593","647","1853","42","2023-09-26 13:34:50","8","4","3","1"
"8882025","850","1853","5","","0","0","0","0"
"8884013","756","1852","7","2023-12-29 09:46:11","1","0","0","1"
"8884612","579","1852","8","2023-11-13 14:56:17","4","1","0","3"
"8885874","915","1852","8","","0","0","0","0"
"8886385","1894","1852","17","2023-10-03 13:02:37","8","2","3","3"
"8886529","1206","1852","7","2023-03-13 09:28:21","1","1","0","0"
"8887313","1519","1852","11","","0","0","0","0"
"8887907","593","1851","7","2023-10-15 08:40:02","8","1","2","5"
"8889782","751","1851","13","","0","0","0","0"
"8891578","1616","1850","12","2023-07-26 20:16:11","2","0","2","0"
"8893947","1581","1850","54","","0","0","0","0"
"8894035","1346","1850","18","2023-09-16 14:36:27","12","2","7","3"
"8894067","658","1850","12","2024-01-09 21:08:02","3","0","0","3"
"8894131","1532","1850","7","","0","0","0","0"
"8894194","585","1850","18","","0","0","0","0"
"8894449","583","1850","7","2023-11-15 18:15:31","1","0","0","1"
"8894779","521","1850","5","2023-04-01 06:13:49","2","2","0","0"
"8896626","1553","1850","5","","0","0","0","0"
"8896838","640","1850","10","2023-12-19 09:03:21","5","0","1","4"
"8896855","608","1850","29","","0","0","0","0"
"8897074","863","1850","7","2023-10-21 06:40:30","3","1","0","2"
"8898300","605","1849","9","","0","0","0","0"
"8898809","550","1849","9","","0","0","0","0"
"8899106","870","1849","10","","0","0","0","0"
"8899131","1012","1849","6","","0","0","0","0"
"8902971","612","1849","8","2023-11-23 15:21:12","3","0","0","3"
"8903132","1429","1849","7","2023-05-18 02:50:39","1","0","1","0"
"8903959","1127","1848","7","2024-01-19 07:08:16","2","0","1","1"
"8907132","593","1848","6","","0","0","0","0"
"8910441","604","1847","6","","0","0","0","0"
"8912043","1991","1847","28","2023-07-11 01:04:41","1","0","1","0"
"8915367","539","1847","6","2023-04-06 21:12:58","2","2","0","0"
"8916217","748","1847","6","","0","0","0","0"
"8916321","1290","1847","16","","0","0","0","0"
"8916412","1181","1847","8","","0","0","0","0"
"8916556","846","1847","24","2023-05-07 17:22:02","9","6","3","0"
"8917898","1146","1846","14","2023-07-03 12:38:45","1","0","1","0"
"8918031","1247","1846","7","2023-05-22 10:28:17","1","0","1","0"
"8918511","901","1846","5","2023-12-29 13:37:02","6","2","1","3"
"8919391","631","1846","5","","0","0","0","0"
"8920328","579","1846","14","","0","0","0","0"
"8920999","908","1846","9","","0","0","0","0"
"8922717","1452","1845","9","","0","0","0","0"
"8923126","1890","1845","25","2023-04-13 19:15:55","3","3","0","0"
"8924326","526","1845","6","","0","0","0","0"
"8924525","807","1845","40","","0","0","0","0"
"8925915","1506","1845","24","2023-06-05 19:45:06","9","4","5","0"
"8927135","548","1844","9","2023-08-20 12:37:11","5","1","3","1"
"8928149","542","1844","23","","0","0","0","0"
"8929068","676","1844","23","2023-04-26 07:31:31","4","4","0","0"
"8929299","1240","1844","12","2023-06-21 15:15:13","8","1","7","0"
"8929688","1985","1844","34","","0","0","0","0"
"8930025","1093","1843","6","2023-04-15 17:47:46","1","1","0","0"
"8932080","1585","1843","7","","0","0","0","0"
"8933312","596","1843","5","","0","0","0","0"
"8933996","886","1843","18","","0","0","0","0"
"8934559","753","1843","5","2023-11-10 17:39:09","6","3","1","2"
"8935548","532","1843","5","","0","0","0","0"
"8935725","775","1843","5","2023-05-21 13:54:57","1","0","1","0"
"8935972","655","1842","5","2023-03-01 07:33:53","4","4","0","0"
"8936251","618","1842","6","2023-08-22 09:27:53","1","0","0","1"
"8936389","725","1842","15","2024-01-25 16:17:03","29","18","5","6"
"8936456","619","1842","9","","0","0","0","0"
"8938503","914","1842","17","2024-01-17 15:15:12","12","3","4","5"
"8938980","553","1842","16","2023-10-25 18:05:43","1","0","0","1"
"8939058","868","1842","11","2024-01-12 15:00:44","6","1","2","3"
"8939181","940","1842","9","2023-05-10 16:27:52","2","1","1","0"
"8940448","503","1842","6","2023-07-06 09:56:54","4","2","2","0"
"8941894","1113","1842","6","2023-05-30 19:33:35","1","0","1","0"
"8943092","1290","1841","5","","0","0","0","0"
"8943717","653","1841","10","","0","0","0","0"
"8944059","1125","1841","15","2023-06-27 19:33:14","2","1","1","0"
"8945078","816","1841","14","2024-01-24 00:58:51","10","5","1","4"
"8945943","619","1841","6","","0","0","0","0"
"8946720","950","1841","33","2024-01-31 06:45:34","14","3","0","11"
"8950962","773","1840","18","2024-01-03 12:21:59","4","0","0","4"
"8951071","753","1840","11","","0","0","0","0"
"8954000","702","1840","7","2024-01-14 23:46:36","1","0","0","1"
"8954291","1351","1840","18","2023-02-20 20:48:44","1","1","0","0"
"8954391","1275","1840","6","2024-01-22 03:17:29","7","4","1","2"
"8954541","988","1840","5","","0","0","0","0"
"8955282","1083","1839","7","2024-01-29 12:54:23","4","1","0","3"
"8956618","1072","1839","12","2023-06-13 13:05:26","1","0","1","0"
"8958173","577","1839","6","2024-01-31 09:36:41","8","1","2","5"
"8959415","1233","1839","11","2023-09-16 17:05:13","1","0","0","1"
"8961170","803","1838","33","2023-03-11 00:58:03","1","1","0","0"
"8962746","522","1838","5","2023-12-12 08:41:17","7","0","1","6"
"8962929","848","1838","20","2023-09-29 02:05:53","4","1","2","1"
"8963353","517","1838","10","2023-12-11 04:55:22","1","0","0","1"
"8968956","921","1836","6","2023-06-30 05:04:16","1","0","1","0"
"8970054","633","1836","5","","0","0","0","0"
"8970303","945","1836","10","","0","0","0","0"
"8971057","751","1836","5","2023-07-17 22:06:09","3","1","2","0"
"8971218","945","1836","15","2023-06-08 17:09:43","3","2","1","0"
"8972207","573","1836","5","","0","0","0","0"
"8973809","1121","1836","22","2023-06-08 17:52:58","4","0","4","0"
"8978558","1498","1835","14","2023-08-08 01:34:10","2","0","1","1"
"8978576","753","1835","34","","0","0","0","0"
"8978587","615","1835","15","2023-12-19 20:50:34","5","2","0","3"
"8978791","1079","1835","7","2024-01-01 12:45:51","12","4","5","3"
"8980452","579","1835","12","","0","0","0","0"
"8988448","616","1834","9","2024-01-25 10:39:51","17","9","7","1"
"8989891","1037","1834","9","2023-11-22 02:20:04","5","1","2","2"
"8990021","849","1834","6","2023-04-05 04:10:30","1","1","0","0"
"8990644","1661","1834","93","","0","0","0","0"
"8991143","560","1834","6","","0","0","0","0"
"8992678","833","1834","7","2023-08-03 10:45:22","2","0","1","1"
"8992943","1001","1834","5","2023-03-08 13:41:18","1","1","0","0"
"8993253","1453","1834","31","2023-06-27 06:19:39","4","2","2","0"
"8993284","752","1834","17","2023-03-23 11:25:14","2","2","0","0"
"8993341","1496","1834","59","","0","0","0","0"
"8993499","540","1834","17","2023-11-03 23:40:28","5","3","1","1"
"8998172","1005","1833","33","2023-03-07 08:26:02","2","2","0","0"
"9007093","1473","1831","7","2023-11-18 09:15:30","1","0","0","1"
"9008235","1687","1831","5","2023-05-10 19:42:01","1","0","1","0"
"9012246","586","1829","5","","0","0","0","0"
"9013597","949","1829","7","2023-08-16 18:05:34","1","0","0","1"
"9013718","1030","1829","7","","0","0","0","0"
"9014957","1778","1829","43","2023-06-30 07:49:55","10","6","4","0"
"9014973","561","1829","13","","0","0","0","0"
"9015013","653","1829","14","","0","0","0","0"
"9016616","1115","1829","19","","0","0","0","0"
"9016625","901","1829","24","","0","0","0","0"
"9016861","739","1829","12","2024-01-23 13:13:38","4","1","2","1"
"9017156","646","1829","7","","0","0","0","0"
"9019559","574","1828","5","2023-05-12 15:07:38","1","0","1","0"
"9019910","519","1828","9","2023-12-19 04:14:10","22","17","4","1"
"9022194","618","1828","7","2023-11-26 13:00:36","12","2","6","4"
"9023490","1584","1827","72","2023-02-07 09:55:20","1","1","0","0"
"9023714","1578","1827","11","2024-01-27 14:52:40","23","4","3","16"
"9024493","675","1827","9","2023-09-28 10:16:37","3","1","1","1"
"9026710","1732","1827","13","2023-09-27 09:15:41","3","0","2","1"
"9028176","1869","1827","13","2023-04-20 15:48:20","2","2","0","0"
"9029028","1148","1826","5","2023-03-15 09:03:15","1","1","0","0"
"9034735","547","1826","8","2023-11-22 14:14:24","6","1","0","5"
"9034824","1189","1826","12","2023-11-22 10:59:42","9","2","6","1"
"9035707","1901","1826","5","2023-12-05 19:31:39","3","0","0","3"
"9036446","1129","1826","5","","0","0","0","0"
"9039350","954","1825","10","2023-12-15 08:14:43","3","0","1","2"
"9041224","1688","1825","10","2024-01-12 16:25:30","3","0","0","3"
"9043901","1362","1824","6","2023-06-24 10:08:11","1","0","1","0"
"9044513","1566","1824","6","","0","0","0","0"
"9045408","703","1823","33","","0","0","0","0"
"9046247","1940","1823","9","2023-04-26 05:01:05","1","1","0","0"
"9049282","572","1822","44","2023-09-11 21:25:37","2","0","1","1"
"9054617","597","1821","9","2023-11-02 04:24:02","2","0","0","2"
"9055450","544","1821","7","2023-07-29 15:25:40","1","0","1","0"
"9055614","1183","1821","8","","0","0","0","0"
"9055645","777","1821","5","2023-03-07 11:20:05","3","3","0","0"
"9055967","516","1821","8","2023-05-22 12:02:49","2","1","1","0"
"9057721","1408","1821","25","2024-01-15 13:21:10","11","1","6","4"
"9057867","1395","1821","7","","0","0","0","0"
"9058905","515","1821","13","","0","0","0","0"
"9059865","928","1820","6","2023-08-29 06:25:34","1","0","0","1"
"9062752","1102","1820","28","2023-05-27 11:55:10","4","2","2","0"
"9063088","750","1820","26","","0","0","0","0"
"9064266","1390","1820","10","2023-04-18 00:21:15","1","1","0","0"
"9070477","575","1818","22","","0","0","0","0"
"9071288","791","1818","8","","0","0","0","0"
"9072227","881","1818","6","2023-12-05 10:14:50","2","1","0","1"
"9072940","663","1818","17","2023-12-08 15:43:04","1","0","0","1"
"9074921","1356","1817","5","","0","0","0","0"
"9076666","1744","1817","29","2024-01-05 10:25:04","2","0","0","2"
"9077347","920","1817","33","2023-07-21 08:17:59","5","3","2","0"
"9077457","1404","1817","5","2023-03-02 12:29:55","1","1","0","0"
"9078354","539","1816","5","2023-04-12 05:26:49","1","1","0","0"
"9078384","1949","1816","5","2023-04-05 06:42:18","1","1","0","0"
"9079461","897","1816","6","2023-04-29 17:18:49","1","1","0","0"
"9080566","1008","1816","8","2023-07-31 19:07:15","1","0","1","0"
"9080743","571","1816","31","","0","0","0","0"
"9082736","696","1815","10","2024-01-17 06:37:49","3","0","2","1"
"9085253","774","1815","9","2023-12-19 22:43:34","3","0","2","1"
"9087223","720","2047","5","2024-01-01 02:38:49","4","2","1","1"
"9087250","1584","1814","27","2023-12-10 15:11:58","11","1","0","10"
"9087374","877","1814","5","2023-02-06 16:39:22","2","2","0","0"
"9087548","978","1814","11","2023-07-17 22:38:07","2","0","2","0"
"9088089","1087","1814","8","","0","0","0","0"
"9089876","518","1814","14","2023-03-10 10:55:08","1","1","0","0"
"9090647","1117","1814","5","2023-11-13 06:35:29","3","0","0","3"
"9090849","687","1814","10","2023-09-04 14:31:26","1","0","0","1"
"9092563","702","1813","7","2024-01-16 19:45:42","2","0","0","2"
"9095807","1086","1813","5","","0","0","0","0"
"9096264","673","1813","5","","0","0","0","0"
"9096802","1701","1812","32","","0","0","0","0"
"9103067","982","1811","8","2023-10-12 12:03:48","4","0","3","1"
"9103104","762","1811","9","","0","0","0","0"
"9103139","808","1811","5","","0","0","0","0"
"9104116","744","1811","11","2023-04-18 08:09:51","2","2","0","0"
"9105207","1954","1811","9","2023-12-10 08:31:40","43","9","0","34"
"9105334","1002","1811","12","2024-01-26 11:05:25","5","2","0","3"
"9105621","556","1811","5","2023-10-27 22:51:26","2","1","0","1"
"9105814","810","1810","5","","0","0","0","0"
"9105904","504","1810","6","","0","0","0","0"
"9107502","1320","1810","12","2023-03-10 16:25:49","1","1","0","0"
"9110213","923","1809","12","","0","0","0","0"
"9110576","993","1809","25","2024-01-29 11:46:01","10","1","3","6"
"9111944","655","1808","6","2023-09-21 07:13:56","8","0","5","3"
"9113080","1233","1808","5","2024-01-24 16:13:37","1","0","0","1"
"9114802","773","1808","22","","0","0","0","0"
"9115897","1753","1807","7","2024-01-02 03:50:29","6","0","3","3"
"9116959","632","1807","11","","0","0","0","0"
"9119669","735","1807","8","2023-05-22 04:55:28","8","0","8","0"
"9121208","638","1806","26","","0","0","0","0"
"9122129","1432","1806","6","2023-07-03 14:39:21","7","2","5","0"
"9122140","1645","1806","8","2023-10-26 10:13:17","1","0","0","1"
"9122354","720","1806","12","2023-09-06 10:11:21","1","0","0","1"
"9122641","1492","1806","10","2023-11-14 12:02:20","2","0","0","2"
"9123489","581","1806","8","","0","0","0","0"
"9124096","1451","1806","5","2023-09-07 18:31:42","5","2","2","1"
"9124424","854","1806","7","2023-10-17 11:23:39","3","1","0","2"
"9126244","828","1805","9","2023-07-18 08:36:25","1","0","1","0"
"9126525","1621","1805","15","2023-11-17 13:40:35","19","13","1","5"
"9127224","1565","1805","30","2024-01-16 06:30:32","29","19","5","5"
"9127991","986","1805","8","","0","0","0","0"
"9128538","968","1805","6","2024-01-02 23:59:27","2","0","0","2"
"9130791","640","1804","6","2023-05-22 15:06:27","6","0","6","0"
"9132087","632","1804","11","","0","0","0","0"
"9132510","1450","1804","6","2023-02-14 03:03:34","1","1","0","0"
"9133374","705","1803","6","2023-10-19 17:55:27","5","0","0","5"
"9133569","1416","1803","38","2024-01-14 13:06:38","14","1","1","12"
"9133903","524","1803","6","","0","0","0","0"
"9134654","504","1803","9","","0","0","0","0"
"9134661","604","1803","28","","0","0","0","0"
"9134945","838","1803","8","","0","0","0","0"
"9134997","1702","1803","14","2023-12-14 23:14:52","13","2","5","6"
"9135863","602","1802","9","2023-12-19 03:36:10","9","3","1","5"
"9136155","858","1802","5","","0","0","0","0"
"9136962","979","1802","5","","0","0","0","0"
"9137227","742","1802","5","","0","0","0","0"
"9137547","658","1801","6","","0","0","0","0"
"9138027","1354","1801","9","2023-12-19 14:09:58","2","0","1","1"
"9138400","655","1801","6","","0","0","0","0"
"9138440","1211","1801","51","2023-07-11 08:40:23","4","1","3","0"
"9142615","1978","1800","29","2024-01-31 10:39:26","9","2","2","5"
"9143402","1005","1799","12","","0","0","0","0"
"9145806","1227","1799","7","2023-10-28 04:52:29","3","1","0","2"
"9147444","1516","1798","6","2023-04-07 18:29:20","1","1","0","0"
"9148832","631","1798","5","","0","0","0","0"
"9152883","1373","1797","8","2023-07-15 08:31:56","2","1","1","0"
"9152905","1523","1797","11","2023-02-02 14:17:02","4","4","0","0"
"9153063","633","1797","16","2023-08-07 16:36:12","4","1","2","1"
"9154326","621","1797","32","2023-06-13 14:05:16","1","0","1","0"
"9155551","819","1796","5","2023-02-07 15:37:31","3","3","0","0"
"9155873","911","1796","5","2024-01-01 12:28:11","1","0","0","1"
"9156678","548","1796","5","","0","0","0","0"
"9157787","1744","1795","15","2023-03-14 19:03:17","1","1","0","0"
"9157799","1437","1795","30","2023-08-16 03:14:55","9","3","5","1"
"9158089","1137","1795","11","2023-03-29 09:42:26","13","13","0","0"
"9158346","1913","1795","12","2023-04-07 11:17:23","2","2","0","0"
"9162147","1651","1793","8","","0","0","0","0"
"9166143","1282","1792","18","2023-07-11 05:58:26","2","1","1","0"
"9166673","855","1792","12","","0","0","0","0"
"9167731","1480","1792","38","2023-06-25 16:31:31","6","4","2","0"
"9170226","1182","1792","23","","0","0","0","0"
"9173710","1215","1791","25","2023-12-20 14:02:21","17","2","0","15"
"9175226","1961","1791","10","","0","0","0","0"
"9176887","1509","1790","5","2023-09-15 11:51:48","3","1","0","2"
"9178159","752","1790","40","","0","0","0","0"
"9181430","788","1789","7","2023-10-30 09:39:54","1","0","0","1"
"9182171","814","1789","33","","0","0","0","0"
"9182477","1804","1789","5","","0","0","0","0"
"9184507","882","1788","5","2023-08-29 17:05:07","6","0","0","6"
"9184726","521","1788","6","2024-01-13 15:14:45","5","2","1","2"
"9184849","624","1788","7","2023-08-08 18:41:24","1","0","0","1"
"9184970","1656","1788","17","2024-01-22 14:23:55","11","4","2","5"
"9185215","743","1788","7","2023-07-03 07:56:01","4","0","4","0"
"9185271","814","1788","10","2023-07-17 07:18:54","5","4","1","0"
"9185400","838","1788","10","","0","0","0","0"
"9185856","1208","1787","35","2024-01-21 23:03:21","7","0","0","7"
"9186426","1137","1787","20","2024-01-12 00:03:46","6","4","1","1"
"9186913","1103","1787","7","2023-09-15 08:29:32","1","0","0","1"
"9187282","1381","1787","17","2024-01-08 11:18:52","10","3","4","3"
"9190768","1675","1786","11","2023-03-19 02:31:57","1","1","0","0"
"9191773","1656","1786","8","2023-05-16 07:24:01","1","0","1","0"
"9192954","1452","1786","11","2023-10-05 15:43:32","4","1","1","2"
"9195902","1096","1785","7","2024-01-25 01:50:45","2","1","0","1"
"9195906","501","1785","21","2023-02-16 23:00:53","2","2","0","0"
"9196066","577","1785","8","","0","0","0","0"
"9198074","1079","1785","32","2023-07-20 07:52:03","8","3","5","0"
"9199028","786","1785","27","2023-07-30 17:19:21","6","0","6","0"
"9199668","620","1785","35","2023-11-09 12:58:51","4","0","2","2"
"9202118","1449","1784","7","","0","0","0","0"
"9202256","1678","1784","7","","0","0","0","0"
"9203951","651","1784","27","2023-12-04 17:14:33","12","5","2","5"
"9204455","794","1784","22","2023-07-27 05:18:39","1","0","1","0"
"9204887","551","1784","5","2023-02-18 21:31:31","1","1","0","0"
"9206112","1179","1784","8","","0","0","0","0"
"9210263","1782","1783","9","","0","0","0","0"
"9211387","1306","1782","10","2023-02-18 17:36:35","1","1","0","0"
"9211949","1888","1782","5","","0","0","0","0"
"9212050","1414","1782","11","2023-12-16 13:04:35","1","0","0","1"
"9213148","1238","1782","40","2023-10-29 11:05:28","3","0","1","2"
"9213600","1124","1782","7","","0","0","0","0"
"9220465","624","1780","5","2023-11-09 06:33:51","1","0","0","1"
"9222996","1638","1779","8","2023-11-29 13:09:22","4","0","1","3"
"9224523","1205","1779","10","2023-11-20 15:34:16","7","2","1","4"
"9226464","582","1779","31","","0","0","0","0"
"9227264","1425","1778","60","2023-12-19 00:56:31","18","14","3","1"
"9227755","894","1778","8","","0","0","0","0"
"9229923","1349","1778","6","","0","0","0","0"
"9229931","950","1778","5","","0","0","0","0"
"9231013","1537","1778","28","2023-06-01 12:28:09","5","3","2","0"
"9231492","823","1778","7","","0","0","0","0"
"9231518","1773","1778","5","","0","0","0","0"
"9231721","1150","1778","6","2023-08-31 08:28:02","4","2","1","1"
"9232196","715","1778","6","","0","0","0","0"
"9238288","1532","1776","8","2023-05-09 02:40:29","1","0","1","0"
"9239975","905","1776","23","2023-08-13 21:55:45","2","1","0","1"
"9240345","767","1776","9","2024-01-18 12:55:14","21","2","6","13"
"9240674","977","1776","12","","0","0","0","0"
"9242634","544","1775","19","2023-07-06 11:36:27","7","5","2","0"
"9243056","634","1775","5","2023-10-24 12:24:11","1","0","0","1"
"9243317","1082","1775","21","2023-05-16 04:40:11","3","0","3","0"
"9243855","1391","1775","6","","0","0","0","0"
"9245204","501","1775","6","2023-12-17 10:20:13","4","1","0","3"
"9247379","610","1774","6","2023-09-06 20:51:04","4","3","0","1"
"9247555","533","1774","14","2023-05-03 17:10:27","1","0","1","0"
"9250153","1893","1773","8","","0","0","0","0"
"9251542","679","1773","54","","0","0","0","0"
"9251769","1601","1773","7","2023-06-23 00:04:03","1","0","1","0"
"9254603","782","1772","26","2023-05-02 06:53:45","1","0","1","0"
"9255792","730","1772","10","2024-01-06 06:46:01","3","0","1","2"
"9256127","906","1772","14","2023-12-15 06:23:54","4","1","1","2"
"9256726","542","1772","7","","0","0","0","0"
"9257991","1207","1772","51","","0","0","0","0"
"9258368","632","1772","7","2023-04-18 18:49:20","1","1","0","0"
"9259680","971","1771","6","2023-08-03 14:20:47","8","1","6","1"
"9260314","980","1771","13","","0","0","0","0"
"9260574","697","1771","5","","0","0","0","0"
"9262044","1451","1771","5","2023-04-20 22:40:21","3","3","0","0"
"9263676","951","1771","6","","0","0","0","0"
"9264713","1484","1771","7","","0","0","0","0"
"9269344","882","1770","8","","0","0","0","0"
"9270488","1697","1769","19","","0","0","0","0"
"9271486","1007","1769","6","2024-01-08 15:14:43","4","0","2","2"
"9273414","1164","1769","15","2023-07-07 14:42:52","1","0","1","0"
"9275476","816","1768","44","","0","0","0","0"
"9275697","671","1768","19","2023-02-20 05:04:25","1","1","0","0"
"9275854","838","1768","7","2023-05-06 07:48:53","3","2","1","0"
"9276081","748","1768","12","2024-01-22 09:03:39","2","0","1","1"
"9276996","724","1768","27","","0","0","0","0"
"9277573","501","1768","5","","0","0","0","0"
"9278333","1837","1767","7","2023-09-14 13:58:05","2","0","0","2"
"9278478","518","1767","9","","0","0","0","0"
"9279330","599","1767","30","2023-08-31 06:43:19","5","1","0","4"
"9281298","1865","1766","7","2024-01-29 14:22:55","3","1","0","2"
"9282847","1210","1766","41","2023-09-28 20:41:27","9","2","2","5"
"9282988","907","1766","6","2023-12-29 14:47:46","4","0","1","3"
"9291522","1282","1765","6","2024-01-28 15:59:14","2","0","0","2"
"9296479","771","1764","7","","0","0","0","0"
"9296982","1910","1764","7","","0","0","0","0"
"9297170","580","1764","12","","0","0","0","0"
"9299519","1565","1763","5","2023-02-15 21:16:44","1","1","0","0"
"9299855","511","1763","15","","0","0","0","0"
"9300328","1730","1763","13","2024-01-29 09:08:05","4","0","0","4"
"9300663","656","1763","9","2023-07-05 09:06:54","1","0","1","0"
"9301205","890","1763","5","2023-11-06 08:15:34","2","1","0","1"
"9301998","1001","1763","8","2023-07-07 10:46:00","3","0","3","0"
"9303470","1864","1762","124","","0","0","0","0"
"9304296","1293","1762","11","","0","0","0","0"
"9305266","590","1762","12","2023-07-06 12:33:46","3","2","1","0"
"9306514","714","1762","7","","0","0","0","0"
"9309181","519","1761","46","","0","0","0","0"
"9309869","503","1761","15","","0","0","0","0"
"9311480","964","1760","6","2023-06-23 06:58:09","4","3","1","0"
"9312458","636","1760","5","2023-12-16 23:11:49","6","2","1","3"
"9312608","717","1760","70","","0","0","0","0"
"9315312","527","1759","12","","0","0","0","0"
"9315497","911","1759","6","2024-01-18 14:46:07","3","1","0","2"
"9316496","589","1759","5","2023-06-17 21:14:38","3","2","1","0"
"9316564","616","1759","6","2023-12-06 12:41:37","6","0","1","5"
"9316603","1099","1759","8","2024-01-08 09:30:36","47","0","36","11"
"9316730","994","1759","9","","0","0","0","0"
"9317258","569","1759","7","2023-03-03 07:55:43","1","1","0","0"
"9318372","1730","1759","6","2023-10-24 09:30:38","3","0","0","3"
"9319317","1138","1759","6","","0","0","0","0"
"9319615","889","1758","10","2023-11-15 00:53:20","3","2","0","1"
"9322156","1210","1758","22","2023-02-28 08:50:45","2","2","0","0"
"9323369","1408","1758","13","","0","0","0","0"
"9323388","1845","1758","9","2023-12-12 12:14:27","2","0","0","2"
"9325038","813","1757","6","2023-07-01 14:12:53","2","1","1","0"
"9325470","772","1757","64","2023-06-12 17:54:34","1","0","1","0"
"9328279","785","1757","7","","0","0","0","0"
"9330647","681","1756","20","","0","0","0","0"
"9331130","1268","1756","5","2024-01-24 05:55:22","3","1","0","2"
"9331456","875","1756","7","2023-10-20 06:39:43","1","0","0","1"
"9331686","525","1756","7","","0","0","0","0"
"9331978","693","1756","12","2024-01-20 19:16:53","16","2","4","10"
"9332433","999","1756","10","2023-10-25 07:08:01","6","2","2","2"
"9333142","1531","1756","6","2023-12-04 20:54:28","1","0","0","1"
"9336947","871","1755","5","","0","0","0","0"
"9337304","1058","1755","6","2023-10-18 08:44:19","6","0","1","5"
"9337608","808","1755","9","2023-05-05 12:15:20","1","0","1","0"
"9338351","1024","1755","9","2023-08-01 09:00:25","10","5","4","1"
"9338645","1920","1755","5","2023-08-11 08:19:26","1","0","0","1"
"9339330","1232","1755","9","","0","0","0","0"
"9339516","1176","1755","33","","0","0","0","0"
"9339924","1077","1755","10","2023-07-12 15:54:03","1","0","1","0"
"9340928","992","1754","6","","0","0","0","0"
"9341824","1201","1754","8","2023-11-10 08:23:33","1","0","0","1"
"9342516","509","1754","25","2023-02-24 10:09:13","1","1","0","0"
"9343223","1420","1754","6","","0","0","0","0"
"9343622","1318","1754","9","","0","0","0","0"
"9344150","838","1754","5","","0","0","0","0"
"9347173","603","1753","7","","0","0","0","0"
"9350514","950","1752","6","2023-08-03 13:39:43","5","3","1","1"
"9351811","769","1752","8","2024-01-08 20:25:46","2","1","0","1"
"9353539","817","1751","14","2023-08-14 09:04:04","7","0","5","2"
"9354495","1510","1751","5","2024-01-31 20:47:34","2","1","0","1"
"9357244","1327","1751","6","2023-06-14 22:04:23","3","2","1","0"
"9358374","1094","1750","21","","0","0","0","0"
"9359785","1804","1750","17","2024-01-06 00:05:57","23","9","9","5"
"9360663","1164","1750","6","","0","0","0","0"
"9360793","869","1750","19","2023-09-23 15:40:01","5","0","3","2"
"9361129","1363","1750","5","","0","0","0","0"
"9361196","655","1750","5","2024-01-25 10:05:10","3","0","1","2"
"9361289","963","1750","8","","0","0","0","0"
"9362683","946","1749","6","2023-11-06 07:49:10","1","0","0","1"
"9364615","533","1749","5","2023-06-20 11:18:28","1","0","1","0"
"9365707","1324","1749","33","2024-01-20 12:52:00","19","6","2","11"
"9366059","596","1749","10","","0","0","0","0"
"9367643","1013","1748","6","2023-10-01 23:37:47","18","12","5","1"
"9369035","626","1748","5","2023-12-28 21:13:25","2","1","0","1"
"9370144","1761","1748","9","2023-04-14 14:37:26","1","1","0","0"
"9372996","751","1747","5","2023-04-03 01:58:38","1","1","0","0"
"9373597","839","1747","45","2023-02-03 13:05:40","2","2","0","0"
"9375838","783","1746","8","2023-11-09 12:38:09","2","0","1","1"
"9375954","875","1746","7","","0","0","0","0"
"9375979","1656","1746","62","2024-01-12 12:35:20","2","1","0","1"
"9377254","1715","1746","10","2024-01-28 12:17:48","13","2","1","10"
"9378384","1705","1746","52","2023-02-09 11:56:15","1","1","0","0"
"9379722","742","1745","10","2023-10-24 06:38:08","1","0","0","1"
"9382295","643","1745","17","","0","0","0","0"
"9382870","1659","1745","7","2023-08-25 11:56:41","1","0","0","1"
"9387984","1761","1744","5","","0","0","0","0"
"9388056","665","1744","5","2024-01-19 15:28:58","2","0","0","2"
"9388190","796","1744","6","2023-12-22 04:02:47","4","1","1","2"
"9388301","696","1744","5","2023-02-19 05:05:40","1","1","0","0"
"9388511","817","1743","37","","0","0","0","0"
"9391415","754","1743","7","2024-01-23 14:20:34","14","1","4","9"
"9392701","1368","1743","23","2023-04-20 13:58:52","2","2","0","0"
"9393458","821","1743","5","2023-10-09 22:24:47","2","1","0","1"
"9395753","619","1742","44","2023-06-22 07:30:37","1","0","1","0"
"9396756","803","1742","5","","0","0","0","0"
"9398523","727","1742","5","2023-02-21 18:33:37","34","34","0","0"
"9398785","1089","1742","13","","0","0","0","0"
"9399014","554","1742","5","2023-11-06 07:32:45","13","0","10","3"
"9400730","1180","1741","6","2023-08-06 07:08:49","4","1","2","1"
"9401038","1053","1741","22","","0","0","0","0"
"9401766","701","1741","7","2023-03-06 18:28:56","5","5","0","0"
"9402689","1281","1741","86","2024-01-27 04:54:07","47","17","18","12"
"9403953","1112","1741","9","2023-12-18 13:39:10","1","0","0","1"
"9404560","1490","1740","5","","0","0","0","0"
"9406738","802","1740","26","2024-01-30 18:21:10","19","14","0","5"
"9407819","681","1739","6","","0","0","0","0"
"9408382","1887","1739","5","2023-06-06 08:28:15","3","2","1","0"
"9411636","721","1738","16","","0","0","0","0"
"9412271","615","1738","11","2023-08-24 16:06:25","1","0","0","1"
"9412456","731","1738","17","2023-05-11 00:39:46","2","0","2","0"
"9413482","831","1738","6","2023-08-17 14:58:50","2","0","1","1"
"9415192","936","1738","30","2023-11-12 14:52:29","17","9","2","6"
"9416032","1175","1737","8","2023-12-25 16:38:45","2","1","0","1"
"9416618","876","1737","7","","0","0","0","0"
"9417352","1144","1737","12","2024-01-27 13:24:16","41","7","15","19"
"9418267","1998","1737","9","2023-12-24 13:08:42","4","0","1","3"
"9418580","521","1737","14","2023-03-02 20:12:59","3","3","0","0"
"9418616","1429","1737","23","","0","0","0","0"
"9418902","925","1737","18","2023-12-28 23:29:00","6","1","1","4"
"9420335","1293","1737","11","2023-12-05 16:03:15","4","2","0","2"
"9420456","911","1737","22","2023-06-05 11:26:01","2","1","1","0"
"9420497","1014","1737","5","","0","0","0","0"
"9424088","886","1736","7","","0","0","0","0"
"9424323","1095","1736","26","","0","0","0","0"
"9425556","523","1736","12","","0","0","0","0"
"9427260","1180","1735","21","2023-03-24 06:05:28","1","1","0","0"
"9429317","660","1735","8","","0","0","0","0"
"9429625","577","1735","5","","0","0","0","0"
"9429966","653","1735","5","2023-08-30 10:03:40","2","0","1","1"
"9431020","512","2274","5","","0","0","0","0"
"9431571","1417","1735","7","2023-09-19 11:33:38","4","1","2","1"
"9433659","633","1734","5","2024-01-19 04:57:28","3","2","0","1"
"9434293","842","1734","10","","0","0","0","0"
"9437530","1351","1733","38","2023-11-13 07:01:45","1","0","0","1"
"9437799","877","1733","39","2023-12-05 02:45:02","14","3","7","4"
"9438477","655","1733","5","2024-01-03 11:15:27","6","1","0","5"
"9438913","926","1733","10","","0","0","0","0"
"9439899","1227","1733","8","","0","0","0","0"
"9439980","575","1732","7","","0","0","0","0"
"9440874","1606","1732","6","2023-05-29 14:36:18","1","0","1","0"
"9441228","1274","1732","6","","0","0","0","0"
"9441249","524","1732","11","2024-01-30 23:51:56","5","0","1","4"
"9441500","595","1732","11","2023-11-22 14:45:32","6","0","0","6"
"9442500","517","1732","5","2023-11-16 13:26:27","5","3","1","1"
"9443090","602","1732","6","2023-03-25 18:22:57","1","1","0","0"
"9444909","1077","1731","9","2024-01-25 12:44:42","8","2","2","4"
"9446028","635","1731","6","2023-12-08 03:58:33","5","0","0","5"
"9446652","538","1731","11","2024-01-17 15:00:39","1","0","0","1"
"9453814","617","1730","9","2023-12-05 17:33:22","2","1","0","1"
"9454556","977","1729","18","2024-01-25 00:33:38","8","1","2","5"
"9454812","1046","1729","11","2024-01-06 12:58:21","4","1","1","2"
"9461051","1045","1728","10","2023-11-26 17:50:19","4","0","1","3"
"9461694","762","1728","5","2023-03-19 14:33:45","2","2","0","0"
"9463063","1315","1728","13","2023-09-22 17:51:12","4","2","0","2"
"9464051","887","1728","6","","0","0","0","0"
"9464594","1425","1728","41","2023-12-23 14:41:42","3","1","1","1"
"9465781","653","1727","11","2024-01-10 18:10:19","21","0","19","2"
"9465840","592","1727","50","","0","0","0","0"
"9466179","1086","1727","6","","0","0","0","0"
"9466501","1682","3432","5","2024-01-18 22:09:45","6","1","4","1"
"9468961","1062","1727","8","","0","0","0","0"
"9469090","601","1727","7","2023-07-21 10:13:16","8","5","3","0"
"9470327","701","1726","16","","0","0","0","0"
"9470643","1622","1726","14","2023-10-06 13:22:03","1","0","0","1"
"9471439","656","1726","11","2023-06-09 18:01:05","6","5","1","0"
"9472066","1593","1726","6","","0","0","0","0"
"9472366","522","1726","7","2023-11-30 13:15:47","6","1","0","5"
"9474700","1288","1725","10","","0","0","0","0"
"9475509","799","3159","8","2023-10-07 05:35:15","13","12","0","1"
"9475656","623","1725","14","2023-07-20 13:29:28","2","1","1","0"
"9476384","1296","1725","11","2024-01-08 12:29:28","5","1","3","1"
"9478327","1306","1724","12","","0","0","0","0"
"9478932","1936","1724","5","2023-12-10 00:34:39","3","1","0","2"
"9479825","566","1724","5","2023-12-18 19:12:13","5","0","2","3"
"9481731","1852","1724","9","2023-12-20 19:01:06","4","1","1","2"
"9484842","1615","1723","7","2023-02-09 11:36:42","1","1","0","0"
"9488284","500","1723","14","2023-06-14 21:04:48","1","0","1","0"
"9490453","1287","1722","5","","0","0","0","0"
"9491734","1123","1722","10","2024-01-21 04:55:41","7","0","0","7"
"9491881","783","1722","20","2023-11-07 14:51:50","2","0","1","1"
"9495110","1029","1721","5","2023-12-31 20:03:10","2","0","0","2"
"9496566","615","1721","9","2023-06-21 15:07:48","5","4","1","0"
"9499523","1190","1721","8","2023-02-26 15:55:18","31","31","0","0"
"9500119","1074","1721","6","2023-09-29 19:23:09","3","0","1","2"
"9500212","591","1721","7","2023-05-04 23:40:22","2","1","1","0"
"9501435","1416","1720","20","2024-01-27 04:41:42","3","0","0","3"
"9504571","1267","1720","10","2023-10-30 12:04:58","6","0","5","1"
"9504633","1807","1720","10","2023-12-07 14:06:48","11","5","3","3"
"9508556","1242","1719","12","2023-07-18 03:45:16","4","2","2","0"
"9508936","669","1719","7","","0","0","0","0"
"9509388","1788","1719","44","2023-06-26 14:14:39","1","0","1","0"
"9511113","609","1718","9","","0","0","0","0"
"9513421","1983","1718","9","2024-01-26 20:53:15","3","1","0","2"
"9514203","1264","1717","8","","0","0","0","0"
"9518232","597","1717","7","2023-10-11 10:36:16","11","0","0","11"
"9518354","1657","1717","8","","0","0","0","0"
"9518407","955","1717","5","2024-01-30 21:44:16","6","1","0","5"
"9520315","1204","1716","42","2024-01-26 06:59:52","3","0","2","1"
"9521924","629","1716","7","2023-11-04 09:09:59","6","3","1","2"
"9523274","937","1716","10","2023-11-23 09:16:30","11","3","0","8"
"9524383","629","1716","5","","0","0","0","0"
"9525657","1792","1716","31","2023-03-29 15:05:05","3","3","0","0"
"9526947","1250","1715","7","2023-06-28 15:32:06","2","0","2","0"
"9526973","1118","1715","7","","0","0","0","0"
"9528241","1138","1715","31","2023-10-30 06:57:39","1","0","0","1"
"9528643","564","1715","5","2023-06-02 08:09:52","2","1","1","0"
"9528658","1163","1715","24","","0","0","0","0"
"9530017","1546","1715","5","2023-10-19 13:03:01","3","0","1","2"
"9530364","603","1715","29","2023-05-12 15:45:19","1","0","1","0"
"9530790","1463","1715","16","2023-10-12 18:21:03","3","0","1","2"
"9531150","914","1715","7","2023-05-17 17:34:46","3","1","2","0"
"9535950","916","1714","12","2023-12-01 08:59:56","16","4","4","8"
"9536103","1151","1714","6","2023-10-20 18:11:13","3","0","0","3"
"9536233","799","1714","24","2023-08-18 23:55:45","3","2","0","1"
"9538579","754","1713","9","2023-06-18 17:08:27","3","1","2","0"
"9538684","1070","1713","5","2023-11-03 15:41:51","7","0","1","6"
"9538809","572","1713","7","","0","0","0","0"
"9539538","1287","1713","15","","0","0","0","0"
"9540764","836","1713","9","2023-04-06 07:44:29","1","1","0","0"
"9541415","1959","1713","45","2024-01-18 11:14:46","10","6","3","1"
"9541724","567","1713","5","2024-01-16 14:53:14","1","0","0","1"
"9543878","538","1712","12","","0","0","0","0"
"9543932","668","1712","6","2024-01-19 14:06:59","9","1","1","7"
"9544403","1620","1712","24","2023-11-28 20:35:37","40","2","15","23"
"9545156","644","1712","5","2023-02-27 18:03:06","1","1","0","0"
"9545542","1284","1712","65","","0","0","0","0"
"9547279","826","1711","22","2023-06-06 08:07:01","1","0","1","0"
"9547299","935","1711","5","2023-08-24 07:36:23","4","3","0","1"
"9547346","1628","1711","7","2023-06-11 19:01:52","4","2","2","0"
"9547560","873","1711","5","","0","0","0","0"
"9548311","854","1711","9","2023-05-15 07:06:03","1","0","1","0"
"9549068","1673","1711","21","2024-01-27 08:28:57","63","24","15","24"
"9550633","620","1710","25","","0","0","0","0"
"9550867","1195","1710","30","2023-09-05 07:15:46","2","0","1","1"
"9552724","693","1710","11","","0","0","0","0"
"9553520","889","1710","9","2023-12-22 13:25:04","3","0","0","3"
"9554004","689","1710","6","2023-12-12 10:17:20","8","3","3","2"
"9554172","901","1710","9","2023-04-24 13:20:37","4","4","0","0"
"9555505","605","1709","8","","0","0","0","0"
"9557874","959","1709","5","","0","0","0","0"
"9558020","1900","1709","5","2023-05-01 03:12:13","1","0","1","0"
"9559804","769","1709","11","","0","0","0","0"
"9560245","606","1709","11","2023-12-04 17:52:54","6","3","1","2"
"9569292","1808","1707","13","","0","0","0","0"
"9569505","1658","1707","9","2024-01-30 12:39:23","15","6","2","7"
"9569557","1240","1707","5","","0","0","0","0"
"9569941","580","1707","14","2023-04-28 06:40:40","3","3","0","0"
"9570046","732","1707","11","","0","0","0","0"
"9571038","1726","1707","6","2023-03-24 12:12:40","3","3","0","0"
"9572929","565","1706","7","","0","0","0","0"
"9574874","615","1706","14","2023-06-08 13:41:23","1","0","1","0"
"9576870","880","1706","38","2023-08-23 13:32:42","4","2","1","1"
"9576988","585","1706","10","2023-08-21 22:45:48","9","4","2","3"
"9577694","731","1705","12","2023-04-07 18:10:14","1","1","0","0"
"9577985","1328","1705","14","2023-05-14 07:54:35","1","0","1","0"
"9578116","551","1705","6","","0","0","0","0"
"9578273","733","1705","6","2023-12-21 10:37:59","1","0","0","1"
"9579094","857","1705","9","2023-08-13 23:26:13","3","0","2","1"
"9579545","1203","1705","14","2023-03-20 18:34:12","14","14","0","0"
"9580087","954","1705","9","","0","0","0","0"
"9582176","659","1704","8","2024-01-12 09:40:16","2","0","1","1"
"9583480","1943","1704","15","2023-03-13 10:28:52","2","2","0","0"
"9585771","1861","1703","89","2023-09-10 12:32:02","7","0","0","7"
"9590708","1881","1702","8","2023-08-30 14:08:27","3","2","0","1"
"9590885","1103","1702","7","2023-02-04 13:30:22","1","1","0","0"
"9593181","1128","1702","12","2023-11-15 10:44:00","2","0","1","1"
"9596473","1139","1701","14","","0","0","0","0"
"9598822","803","1701","21","","0","0","0","0"
"9601130","826","1700","9","","0","0","0","0"
"9601989","1123","1700","8","","0","0","0","0"
"9603285","601","1700","21","","0","0","0","0"
"9603417","1137","1700","30","2023-11-08 08:49:17","9","3","5","1"
"9608006","1992","1699","7","2023-12-06 14:24:53","9","6","0","3"
"9608497","539","1699","19","","0","0","0","0"
"9608615","576","1699","6","2024-01-10 21:12:52","5","2","2","1"
"9608873","856","1699","26","2023-02-07 09:33:00","1","1","0","0"
"9609830","834","1699","5","2023-12-25 14:03:24","5","2","2","1"
"9610557","517","1698","39","","0","0","0","0"
"9611950","1389","1698","78","","0","0","0","0"
"9614903","1400","1697","23","","0","0","0","0"
"9618246","1465","1696","10","2023-09-05 15:16:50","3","0","0","3"
"9620269","1264","1696","6","2023-09-18 13:38:33","1","0","0","1"
"9620383","610","1696","5","2023-07-27 15:34:48","2","0","2","0"
"9621458","545","1696","41","","0","0","0","0"
"9624052","1715","1695","12","2023-10-10 17:36:27","4","0","0","4"
"9625038","591","1695","6","2023-08-15 13:10:20","3","0","2","1"
"9626186","737","1695","5","2024-01-19 14:09:02","2","1","0","1"
"9626938","1071","1695","42","2023-11-28 05:58:46","3","0","2","1"
"9627781","878","1694","7","2024-01-03 21:11:45","4","0","1","3"
"9629902","503","1694","11","2023-09-30 19:09:08","1","0","0","1"
"9630486","1409","1694","9","2023-06-21 13:53:29","5","1","4","0"
"9631158","1269","1694","5","2023-10-30 12:19:11","3","1","1","1"
"9631529","607","1694","40","2023-02-01 11:24:47","1","1","0","0"
"9632774","1050","1694","7","2023-05-07 23:55:01","1","0","1","0"
"9632809","1028","1694","15","2023-12-18 22:02:41","12","11","0","1"
"9634568","1135","1693","10","","0","0","0","0"
"9635089","604","1693","5","2023-12-31 18:23:34","7","0","4","3"
"9636400","1461","1693","45","2023-11-23 07:57:41","5","3","1","1"
"9636977","1800","1693","29","2024-01-28 15:00:36","10","2","4","4"
"9637318","605","1693","5","2023-02-08 09:54:24","1","1","0","0"
"9641355","1371","1692","91","2023-12-22 09:45:46","4","1","0","3"
"9642804","1820","1692","21","2023-07-14 09:31:28","1","0","1","0"
"9644502","555","1691","5","2024-01-31 05:06:41","8","0","0","8"
"9646384","1681","1691","38","2024-01-13 17:56:22","2","0","1","1"
"9650803","1073","1689","5","2023-09-01 15:03:22","13","8","2","3"
"9652169","1237","1689","5","","0","0","0","0"
"9652475","670","1689","21","","0","0","0","0"
"9653270","945","1689","10","2023-12-11 18:48:23","4","1","2","1"
"9653703","839","1689","6","","0","0","0","0"
"9655583","574","1689","5","","0","0","0","0"
"9655696","560","1689","13","2023-03-26 20:24:40","2","2","0","0"
"9658671","1331","1688","14","","0","0","0","0"
"9658895","1033","1688","16","","0","0","0","0"
"9659885","945","1688","10","","0","0","0","0"
"9661008","1894","1688","26","2024-01-15 15:09:10","2","0","1","1"
"9661573","644","1687","7","2023-08-10 13:30:14","1","0","0","1"
"9661936","1482","1687","19","","0","0","0","0"
"9661948","1932","1687","7","2023-09-01 11:39:12","1","0","0","1"
"9664208","793","1687","9","2023-11-23 12:38:27","3","0","0","3"
"9665210","1211","1687","5","","0","0","0","0"
"9667748","1335","1686","10","2023-09-26 12:00:10","2","0","1","1"
"9672954","1727","1685","7","2023-11-29 01:21:58","3","2","0","1"
"9674029","519","1685","10","2024-01-25 20:39:26","7","1","1","5"
"9674760","765","1685","29","","0","0","0","0"
"9675580","546","1685","5","","0","0","0","0"
"9676328","513","1685","5","2023-06-25 12:43:27","5","0","5","0"
"9677320","810","1684","9","2023-03-02 02:46:38","1","1","0","0"
"9678361","1137","1684","6","2024-01-24 11:49:35","5","0","3","2"
"9679554","1615","1684","8","2023-05-10 00:01:22","5","1","4","0"
"9679664","616","1684","5","2023-02-06 15:59:04","1","1","0","0"
"9679807","636","1684","6","","0","0","0","0"
"9680087","540","1684","11","","0","0","0","0"
"9680817","665","1683","13","","0","0","0","0"
"9681577","804","1683","5","2023-08-16 20:35:01","2","1","0","1"
"9681645","709","1683","10","2023-12-15 11:33:04","2","1","0","1"
"9681790","665","1683","8","2023-07-10 03:18:29","1","0","1","0"
"9681990","1188","1683","13","2023-12-11 11:26:26","10","4","3","3"
"9684433","1468","1682","14","2023-06-04 07:52:57","4","3","1","0"
"9688781","811","1681","14","","0","0","0","0"
"9689416","543","1681","11","2023-11-16 17:18:10","6","2","1","3"
"9689661","1421","1681","6","","0","0","0","0"
"9690075","1887","1681","31","","0","0","0","0"
"9691976","811","1681","6","","0","0","0","0"
"9692012","893","1681","15","","0","0","0","0"
"9695873","1080","1680","13","2023-09-22 09:40:47","1","0","0","1"
"9697266","1785","1680","7","2023-06-17 23:07:15","2","1","1","0"
"9699874","770","1680","10","2024-01-26 12:50:05","6","0","3","3"
"9708285","617","1678","5","2023-09-22 14:08:08","3","1","0","2"
"9710004","1656","1678","7","2024-01-10 12:10:06","12","0","7","5"
"9711476","1592","1678","47","2024-01-26 08:44:27","8","1","5","2"
"9712270","1924","1678","36","","0","0","0","0"
"9712582","1948","1678","11","2023-10-05 15:16:57","1","0","0","1"
"9713409","802","1677","8","","0","0","0","0"
"9714060","813","1677","7","","0","0","0","0"
"9716110","1767","1676","84","2023-10-10 19:56:54","49","47","0","2"
"9716398","683","1676","8","2024-01-09 09:17:42","1","0","0","1"
"9718523","650","1676","8","2023-04-01 17:49:59","1","1","0","0"
"9718879","1121","1676","10","2023-11-21 16:07:19","6","2","0","4"
"9719695","1083","1675","23","2023-11-03 10:51:21","9","4","0","5"
"9723204","1280","1675","5","2023-12-22 10:59:23","2","1","0","1"
"9727402","1723","1674","17","2023-08-30 18:54:42","5","3","1","1"
"9727918","613","1673","7","2024-01-17 14:27:27","4","1","0","3"
"9729847","1798","1673","5","2024-01-22 10:04:45","14","3","9","2"
"9730403","1124","1673","6","2023-06-01 14:00:27","1","0","1","0"
"9735508","880","1672","8","2023-08-18 15:06:18","1","0","0","1"
"9735961","591","1672","7","","0","0","0","0"
"9737384","1214","1672","18","2023-03-30 16:36:01","5","5","0","0"
"9737991","657","1672","7","","0","0","0","0"
"9739475","589","1671","10","2023-12-18 14:36:55","10","0","8","2"
"9740955","616","1671","8","2023-07-15 20:05:51","1","0","1","0"
"9741578","1098","1671","8","2023-07-26 11:20:48","27","26","1","0"
"9742343","515","1671","9","2023-11-13 16:21:15","4","3","0","1"
"9742558","567","1671","7","","0","0","0","0"
"9742889","1509","1671","7","","0","0","0","0"
"9744063","1827","1670","45","2023-12-26 10:31:53","1","0","0","1"
"9744514","665","1670","5","2023-04-18 07:20:56","1","1","0","0"
"9745104","1379","1670","7","2023-07-24 12:45:24","1","0","1","0"
"9745732","1522","1670","8","2023-11-08 21:39:44","2","0","0","2"
"9746570","798","1670","6","2023-09-06 18:26:54","2","1","0","1"
"9747182","701","1669","20","2023-06-07 01:20:38","2","1","1","0"
"9748260","1674","1669","11","","0","0","0","0"
"9749787","1320","1669","9","","0","0","0","0"
"9749972","691","1669","7","","0","0","0","0"
"9750176","915","1669","5","2023-12-19 23:47:10","6","5","0","1"
"9751398","1156","1668","8","2024-01-25 07:24:50","15","5","1","9"
"9751697","1878","1668","79","","0","0","0","0"
"9752209","903","1668","14","","0","0","0","0"
"9754109","637","1668","37","2023-08-16 09:00:56","2","0","1","1"
"9754418","1248","1668","8","2023-05-17 20:59:31","2","1","1","0"
"9754585","578","2241","14","2024-01-09 19:43:51","4","0","0","4"
"9758017","1808","1667","5","2023-03-15 11:14:26","10","10","0","0"
"9760311","1886","1667","52","2023-10-17 04:51:07","6","5","0","1"
"9761106","508","1667","6","2023-12-13 10:03:08","6","3","1","2"
"9761981","748","1666","9","","0","0","0","0"
"9765966","553","1666","5","","0","0","0","0"
"9767692","884","1666","11","","0","0","0","0"
"9772487","747","1665","6","2023-05-04 13:52:34","1","0","1","0"
"9772561","1325","1665","5","2023-06-01 16:24:25","3","0","3","0"
"9773847","657","1664","7","2023-07-19 00:32:44","4","1","3","0"
"9778755","1603","1664","9","2023-10-19 08:30:50","6","3","2","1"
"9780713","1651","1663","9","","0","0","0","0"
"9781148","766","1663","6","2023-11-04 17:13:36","4","0","0","4"
"9781562","830","1663","11","2023-05-15 12:03:14","1","0","1","0"
"9782217","1091","1663","6","2023-02-17 21:20:38","1","1","0","0"
"9785462","771","1662","13","2023-02-19 01:15:07","1","1","0","0"
"9787228","1147","1661","12","","0","0","0","0"
"9790029","571","1661","12","2024-01-03 00:57:18","5","0","0","5"
"9790036","1079","1661","20","2023-10-26 21:02:19","6","1","1","4"
"9791840","1902","1660","6","","0","0","0","0"
"9793076","527","1660","10","","0","0","0","0"
"9793782","933","1660","6","2023-12-27 11:30:26","7","3","2","2"
"9795265","1194","1660","5","","0","0","0","0"
"9795359","916","1660","8","","0","0","0","0"
"9796331","599","1660","14","2023-09-08 13:36:45","6","3","2","1"
"9796588","1324","1660","60","2023-12-26 16:58:44","44","6","15","23"
"9796589","1046","1660","11","","0","0","0","0"
"9797193","882","1659","7","","0","0","0","0"
"9802019","1016","1659","16","","0","0","0","0"
"9805273","735","1658","11","2023-12-29 08:31:16","8","3","2","3"
"9805463","601","1658","18","2023-08-17 14:29:11","4","3","0","1"
"9806717","1346","1658","7","2023-02-20 09:06:48","1","1","0","0"
"9807661","1012","1658","7","2023-10-07 06:01:39","7","2","1","4"
"9809542","587","1657","18","2023-10-21 03:10:40","7","5","1","1"
"9810067","789","1657","6","2023-11-07 14:50:17","6","0","0","6"
"9810921","1751","1657","6","","0","0","0","0"
"9811508","844","1657","8","","0","0","0","0"
"9812260","571","1657","22","","0","0","0","0"
"9814737","1126","1656","10","2024-01-20 15:11:17","9","2","3","4"
"9815277","674","1656","20","2023-09-12 17:16:19","2","0","0","2"
"9815636","1668","1656","8","","0","0","0","0"
"9815697","1182","1656","6","2023-09-26 09:06:25","1","0","0","1"
"9816919","853","1656","5","2024-01-28 09:10:30","6","0","0","6"
"9817778","854","1655","5","2023-09-21 01:50:32","3","0","1","2"
"9819342","1897","1655","10","2023-12-06 19:46:45","7","2","3","2"
"9819847","966","1655","7","2023-06-02 11:32:29","3","2","1","0"
"9822422","894","1654","5","","0","0","0","0"
"9822528","1417","1654","9","2023-05-10 23:09:22","3","0","3","0"
"9824103","856","1654","26","2023-11-01 23:33:19","8","3","0","5"
"9824913","1698","1654","5","2024-01-22 17:57:21","8","4","2","2"
"9828459","565","1653","9","","0","0","0","0"
"9830325","1617","1653","35","2023-02-24 09:54:49","1","1","0","0"
"9832604","1533","1652","7","2023-08-18 09:13:14","1","0","0","1"
"9839769","585","1651","16","","0","0","0","0"
"9840345","1167","1651","14","2023-11-29 14:02:10","4","1","0","3"
"9841104","1742","1651","81","","0","0","0","0"
"9841751","920","1651","13","2023-11-10 10:20:23","2","0","0","2"
"9841848","604","1651","5","","0","0","0","0"
"9842075","759","1651","8","2023-05-21 11:43:48","1","0","1","0"
"9842129","596","1651","14","","0","0","0","0"
"9842392","1285","1651","8","","0","0","0","0"
"9842472","527","1651","7","2023-02-02 15:13:29","2","2","0","0"
"9842780","505","1651","5","2023-02-02 20:32:34","1","1","0","0"
"9842828","993","1651","19","","0","0","0","0"
"9844190","1207","1650","5","","0","0","0","0"
"9844964","1695","1650","10","","0","0","0","0"
"9845867","730","1650","22","","0","0","0","0"
"9846834","767","1650","19","2023-10-27 03:41:04","1","0","0","1"
"9848043","1115","1650","12","2023-10-12 17:41:49","1","0","0","1"
"9848275","623","1650","12","2023-11-06 18:53:32","10","2","2","6"
"9852454","1181","1649","51","2023-03-10 21:00:48","2","2","0","0"
"9853105","876","1648","6","2024-01-03 04:56:31","6","3","1","2"
"9853981","1388","1648","8","2023-10-26 14:23:30","17","0","0","17"
"9854260","1204","1648","28","2023-10-03 14:52:37","10","8","0","2"
"9855456","677","1648","5","2023-06-09 10:22:39","2","0","2","0"
"9855648","678","1648","10","","0","0","0","0"
"9855999","529","1648","7","2023-04-06 22:38:00","8","8","0","0"
"9856056","569","1648","5","","0","0","0","0"
"9857190","543","1647","23","2023-04-19 20:47:55","1","1","0","0"
"9858344","598","1647","26","2023-04-20 06:50:54","3","3","0","0"
"9859213","658","1647","11","","0","0","0","0"
"9859335","769","1647","7","2023-09-07 02:58:17","2","0","1","1"
"9860033","1134","1647","11","2024-01-15 13:16:39","2","0","0","2"
"9860237","1828","1647","9","","0","0","0","0"
"9861911","973","1646","8","2023-08-22 07:25:29","6","0","4","2"
"9862206","1525","1646","7","","0","0","0","0"
"9862669","1923","1646","36","2023-09-21 18:02:25","60","41","14","5"
"9863904","1637","1646","9","","0","0","0","0"
"9865225","1281","1646","8","2023-03-01 21:15:43","4","4","0","0"
"9865814","529","1646","11","","0","0","0","0"
"9865869","1069","1646","16","","0","0","0","0"
"9866424","1205","1646","18","2023-02-04 12:09:39","1","1","0","0"
"9869695","1524","1645","6","2023-04-25 12:39:03","1","1","0","0"
"9869978","522","1645","26","","0","0","0","0"
"9870096","609","1645","9","2023-10-06 07:29:26","2","0","0","2"
"9870343","596","1645","16","","0","0","0","0"
"9870617","599","1645","6","2023-12-05 17:45:15","1","0","0","1"
"9871073","671","1645","23","","0","0","0","0"
"9872061","1051","1645","45","","0","0","0","0"
"9876526","1404","1644","15","2024-01-15 03:14:36","23","9","8","6"
"9877340","738","1644","19","2024-01-30 09:08:58","27","7","0","20"
"9878135","1326","1644","5","2023-05-11 20:04:24","1","0","1","0"
"9878263","1641","1644","16","2023-06-05 08:59:48","5","1","4","0"
"9878385","1192","1644","19","2024-01-19 03:16:10","9","3","0","6"
"9879379","1560","1643","56","","0","0","0","0"
"9879420","581","1643","5","","0","0","0","0"
"9880876","1239","1643","6","2023-11-24 09:53:35","7","2","0","5"
"9881106","538","1643","11","2023-09-24 01:31:21","1","0","0","1"
"9881312","543","1643","5","2024-01-08 17:19:29","7","1","1","5"
"9881599","1288","1643","8","2023-12-20 10:46:25","35","7","20","8"
"9884081","595","1642","8","","0","0","0","0"
"9884628","1531","1642","27","2023-10-30 08:31:16","22","9","11","2"
"9885747","1705","1642","11","2024-01-11 11:48:27","4","0","2","2"
"9885786","1446","1642","6","2023-08-13 09:07:48","1","0","0","1"
"9886001","1325","1642","5","","0","0","0","0"
"9888512","1735","1641","5","2023-07-10 17:34:40","2","0","2","0"
"9888988","829","1641","7","2023-11-18 09:11:06","3","0","0","3"
"9890829","1314","1640","9","2023-07-03 10:34:31","2","0","2","0"
"9892738","750","1640","12","2023-05-24 10:40:37","2","0","2","0"
"9894142","1854","1640","10","","0","0","0","0"
"9894724","894","1640","5","2024-01-10 14:20:16","8","0","1","7"
"9897052","1277","1639","5","","0","0","0","0"
"9898251","1630","1639","5","","0","0","0","0"
"9898465","983","1639","6","2024-01-16 13:03:25","4","0","3","1"
"9901515","1856","1638","7","2023-04-03 12:19:35","1","1","0","0"
"9902344","788","1638","11","","0","0","0","0"
"9905641","747","1638","29","2023-11-22 19:55:37","7","0","0","7"
"9907182","997","1637","15","2023-07-25 04:42:03","6","5","1","0"
"9908000","1116","1637","14","2023-03-22 01:05:09","26","26","0","0"
"9908137","687","1637","5","","0","0","0","0"
"9908311","1340","1637","18","2023-05-20 19:26:20","1","0","1","0"
"9908821","534","1637","5","2023-04-28 08:55:18","3","3","0","0"
"9910265","1786","1637","5","2023-08-22 21:12:54","5","2","2","1"
"9911440","1924","1637","12","","0","0","0","0"
"9911969","755","1636","7","2023-02-22 13:52:34","1","1","0","0"
"9912464","514","1636","6","2023-05-10 14:05:01","1","0","1","0"
"9913009","598","1636","5","2024-01-30 16:44:47","1","0","0","1"
"9913773","548","1636","8","","0","0","0","0"
"9914731","734","1636","13","2023-11-28 09:10:34","1","0","0","1"
"9917250","1729","1635","30","2024-01-25 19:06:15","38","16","8","14"
"9917285","636","1635","9","","0","0","0","0"
"9917714","816","1635","15","2024-01-09 20:43:31","15","8","2","5"
"9918345","913","1635","9","","0","0","0","0"
"9918829","887","1635","8","","0","0","0","0"
"9920209","1897","1634","7","2023-07-19 16:20:16","4","2","2","0"
"9920617","639","1634","5","2023-03-15 16:49:42","1","1","0","0"
"9922061","585","1634","6","","0","0","0","0"
"9922171","552","1634","8","2023-11-29 19:45:56","20","12","3","5"
"9922629","646","1634","7","2023-04-11 09:12:17","2","2","0","0"
"9922647","781","1634","90","","0","0","0","0"
"9922737","817","1633","16","","0","0","0","0"
"9923490","711","1633","8","2023-10-20 02:40:56","1","0","0","1"
"9925593","507","1633","13","2023-09-12 16:58:33","1","0","0","1"
"9927941","855","1632","28","2023-09-03 21:13:08","45","14","25","6"
"9928908","768","1632","14","2023-11-10 14:28:57","1","0","0","1"
"9929449","1780","1632","19","","0","0","0","0"
"9930476","520","1632","8","2023-02-25 17:05:06","1","1","0","0"
"9932194","1302","1632","8","2024-01-19 11:23:46","13","2","10","1"
"9936023","638","1631","6","","0","0","0","0"
"9936892","1003","1631","10","2023-07-27 11:26:49","3","0","3","0"
"9945211","696","1629","6","","0","0","0","0"
"9945524","1672","1629","14","2024-01-05 16:36:30","4","0","0","4"
"9946987","723","1629","26","","0","0","0","0"
"9947412","937","1629","6","","0","0","0","0"
"9947525","1201","1629","21","2023-06-18 05:32:19","4","1","3","0"
"9947826","1792","1629","15","","0","0","0","0"
"9950587","1186","1628","8","","0","0","0","0"
"9952529","727","1627","6","2023-03-01 13:44:13","1","1","0","0"
"9954605","708","1626","8","2024-01-10 12:07:29","6","2","0","4"
"9955950","1011","1626","11","2024-01-31 07:53:56","6","0","2","4"
"9956773","1037","1626","5","","0","0","0","0"
"9958179","640","1626","9","","0","0","0","0"
"9959070","1400","1626","10","2023-09-04 01:41:13","1","0","0","1"
"9959115","702","1626","10","","0","0","0","0"
"9962870","952","1625","21","","0","0","0","0"
"9963270","538","1625","6","2024-01-30 21:06:45","3","0","2","1"
"9964403","503","1625","21","","0","0","0","0"
"9969672","698","1624","31","","0","0","0","0"
"9970629","1037","1623","6","","0","0","0","0"
"9970824","681","1623","6","","0","0","0","0"
"9972301","673","1623","13","2023-06-19 12:58:17","3","1","2","0"
"9973177","952","1623","29","","0","0","0","0"
"9973329","597","1623","5","2023-04-03 22:26:34","2","2","0","0"
"9974025","578","1623","5","","0","0","0","0"
"9974771","708","1623","8","2023-12-19 16:18:41","4","3","0","1"
"9975453","584","1623","5","","0","0","0","0"
"9976967","1210","1622","5","","0","0","0","0"
"9977758","1050","1622","8","2024-01-24 22:02:21","3","1","0","2"
"9977815","554","1622","5","2023-08-31 11:00:34","3","2","0","1"
"9981360","579","1621","5","2023-05-12 16:59:53","3","2","1","0"
"9982935","781","1621","10","2023-12-23 09:58:03","1","0","0","1"
"9983172","500","1621","33","2023-11-23 20:58:36","11","3","0","8"
"9983294","782","1621","5","2023-04-19 06:39:16","2","2","0","0"
"9984846","1571","1620","49","2023-11-15 10:37:14","6","3","0","3"
"9984992","570","1620","6","2023-12-10 08:45:02","3","1","0","2"
"9985032","596","1620","5","2023-04-18 05:48:45","1","1","0","0"
"9987590","1771","1619","36","2023-11-21 14:54:38","28","20","3","5"
"9988162","534","1619","19","","0","0","0","0"
"9988706","691","1619","43","","0","0","0","0"
"9990440","1294","1619","18","","0","0","0","0"
"9993413","1110","1618","8","","0","0","0","0"
"9993480","1017","1618","20","","0","0","0","0"
"9993548","1436","1618","8","","0","0","0","0"
"9995087","509","1618","10","2023-08-02 20:13:51","7","1","4","2"
"9995542","897","1618","37","2023-08-17 09:18:07","1","0","0","1"
"9999810","1569","1617","5","2023-12-05 13:25:54","8","1","3","4"
"10000566","841","1617","19","2023-02-03 19:40:17","1","1","0","0"
"10003008","1657","1616","22","2023-06-13 15:17:58","2","1","1","0"
"10004072","1633","1616","32","2023-10-06 18:03:19","1","0","0","1"
"10006439","1971","1616","17","2023-12-12 16:45:06","6","0","2","4"
"10012449","671","1615","5","","0","0","0","0"
"10012856","1310","1615","5","","0","0","0","0"
"10014012","790","1614","5","2023-07-26 09:38:37","5","1","4","0"
"10017265","731","1613","21","","0","0","0","0"
"10017662","1390","1613","63","","0","0","0","0"
"10018427","691","1613","8","2023-11-17 11:52:13","3","2","0","1"
"10018602","1335","1613","12","","0","0","0","0"
"10019464","1572","1612","5","","0","0","0","0"
"10020838","1276","1612","7","2023-02-07 10:14:20","1","1","0","0"
"10022587","1877","1612","11","2023-09-04 13:59:40","1","0","0","1"
"10022666","724","1612","6","2023-07-27 19:50:51","1","0","1","0"
"10024463","1271","1611","5","","0","0","0","0"
"10024596","815","1611","5","2023-06-06 14:15:47","1","0","1","0"
"10025322","696","1611","13","2023-10-25 14:31:12","7","3","3","1"
"10026839","1462","1611","6","2023-03-03 13:24:48","2","2","0","0"
"10029265","1614","1611","6","2023-05-24 15:55:52","2","0","2","0"
"10030894","1369","1610","5","","0","0","0","0"
"10030961","1056","1610","10","2023-08-08 06:58:49","2","0","1","1"
"10032647","676","1610","12","2023-10-27 11:27:36","26","2","13","11"
"10032733","1252","1610","7","2023-12-12 13:47:01","1","0","0","1"
"10033423","812","1610","10","","0","0","0","0"
"10033455","542","1610","19","2023-09-19 19:29:59","1","0","0","1"
"10033584","1193","1610","7","","0","0","0","0"
"10034177","1267","1610","46","2023-04-16 22:12:14","1","1","0","0"
"10034762","642","1609","12","","0","0","0","0"
"10036006","981","1609","10","2023-12-04 16:35:50","82","22","37","23"
"10037278","1060","1609","12","2023-12-04 23:28:53","1","0","0","1"
"10037470","876","1609","10","2024-01-06 14:29:08","10","2","1","7"
"10038648","1288","1609","26","","0","0","0","0"
"10038725","749","1609","6","2023-05-12 07:05:05","1","0","1","0"
"10042411","1098","1608","5","2023-12-17 05:03:47","2","0","0","2"
"10042514","1831","1608","5","","0","0","0","0"
"10043323","955","1608","13","2023-05-22 06:44:04","1","0","1","0"
"10043427","593","1608","21","2023-03-10 04:27:25","2","2","0","0"
"10043695","1450","1608","77","2023-07-10 12:07:15","1","0","1","0"
"10043870","1962","1608","8","2023-12-12 12:22:30","9","1","5","3"
"10045952","1126","1607","32","2023-11-30 06:10:28","9","4","2","3"
"10046524","628","1607","8","2023-03-18 00:26:47","1","1","0","0"
"10049017","1284","1606","6","2023-03-24 07:56:30","1","1","0","0"
"10049080","667","1606","8","","0","0","0","0"
"10049735","683","1606","5","","0","0","0","0"
"10049966","851","1606","25","","0","0","0","0"
"10050775","1694","1606","56","2023-09-07 18:26:39","6","0","1","5"
"10053470","1770","1605","12","2023-11-25 08:44:36","2","0","1","1"
"10055166","1163","1605","9","","0","0","0","0"
"10056178","829","1605","7","","0","0","0","0"
"10057704","767","1604","17","","0","0","0","0"
"10058474","1294","1604","6","","0","0","0","0"
"10060134","698","1604","12","2024-01-04 10:09:04","10","0","1","9"
"10060829","956","3485","6","2024-01-20 18:16:14","5","0","2","3"
"10063876","1456","1603","12","2023-08-21 10:53:18","3","1","1","1"
"10063903","1521","1603","11","","0","0","0","0"
"10068520","1338","1602","5","","0","0","0","0"
"10068879","1269","1602","5","2024-01-08 09:46:37","1","0","0","1"
"10069002","1395","1602","15","","0","0","0","0"
"10070957","531","1602","42","","0","0","0","0"
"10073792","631","1601","25","2023-12-01 08:51:36","3","0","0","3"
"10076907","1104","1601","5","","0","0","0","0"
"10079978","578","1600","7","2023-03-28 11:49:56","1","1","0","0"
"10082415","1023","1600","7","","0","0","0","0"
"10084485","735","1599","10","","0","0","0","0"
"10084494","533","1599","14","2023-04-05 14:17:35","1","1","0","0"
"10085080","1260","1599","9","2024-01-19 20:53:48","12","2","3","7"
"10086352","1676","1598","47","","0","0","0","0"
"10086742","902","1598","14","2023-11-21 08:27:59","9","4","0","5"
"10087419","625","1598","8","","0","0","0","0"
"10088439","1804","1598","16","2023-12-20 19:22:56","11","6","1","4"
"10089811","1935","1598","6","","0","0","0","0"
"10090030","666","1598","11","2023-10-29 16:19:36","2","0","0","2"
"10090039","1509","1598","8","","0","0","0","0"
"10091841","515","1597","6","2023-10-09 12:44:43","3","0","0","3"
"10093446","548","1597","41","2023-03-12 18:55:56","1","1","0","0"
"10094067","591","1597","10","2023-12-12 10:31:20","2","0","0","2"
"10094167","690","1597","8","","0","0","0","0"
"10094263","705","1597","5","2023-04-13 08:54:27","1","1","0","0"
"10095168","614","1597","5","2023-03-07 19:03:55","16","16","0","0"
"10097117","531","1596","9","","0","0","0","0"
"10098651","634","1596","24","","0","0","0","0"
"10101235","1208","1596","19","","0","0","0","0"
"10101321","870","1596","5","2023-04-06 20:42:52","1","1","0","0"
"10104154","795","1595","15","","0","0","0","0"
"10104999","571","1595","5","2023-07-19 14:51:49","1","0","1","0"
"10105193","510","1595","8","","0","0","0","0"
"10105487","640","1595","10","2023-11-25 16:58:13","2","1","0","1"
"10106965","627","1595","5","2023-08-03 19:23:26","2","1","0","1"
"10108332","1080","1594","17","2024-01-10 03:41:00","18","0","0","18"
"10108726","654","1594","10","2023-06-14 22:11:53","1","0","1","0"
"10110932","642","1594","6","2023-06-21 17:54:45","6","1","5","0"
"10114772","1962","1593","7","2024-01-19 12:18:15","3","0","0","3"
"10115166","1093","1593","10","2023-03-25 11:08:21","1","1","0","0"
"10116445","648","1593","18","","0","0","0","0"
"10117185","1153","1592","27","2023-09-20 10:35:11","12","7","3","2"
"10118727","636","1592","6","","0","0","0","0"
"10120633","1820","1591","9","2023-05-02 03:08:23","1","0","1","0"
"10120952","1194","1591","9","2023-10-11 12:31:43","12","5","3","4"
"10121165","1358","1591","12","2024-01-28 23:55:17","3","1","0","2"
"10125230","554","1590","7","","0","0","0","0"
"10126596","635","1590","11","2023-04-17 07:13:03","1","1","0","0"
"10126723","877","1590","5","2023-02-14 11:44:45","1","1","0","0"
"10127727","529","1590","12","","0","0","0","0"
"10127980","1366","1590","7","","0","0","0","0"
"10128864","869","1590","8","2023-09-06 18:00:22","3","0","1","2"
"10129231","652","1590","10","","0","0","0","0"
"10130045","538","1590","5","","0","0","0","0"
"10131684","560","1589","10","","0","0","0","0"
"10132321","911","1589","5","2023-03-05 08:31:47","1","1","0","0"
"10133085","734","1589","7","2023-10-27 11:05:14","3","1","0","2"
"10133114","782","1589","49","2023-04-12 11:41:15","7","7","0","0"
"10135062","1515","1589","5","","0","0","0","0"
"10135377","1019","1589","7","2023-03-24 19:47:51","1","1","0","0"
"10135562","1416","1589","11","2023-09-07 00:12:20","4","1","1","2"
"10136829","656","1588","14","2023-03-10 11:38:23","1","1","0","0"
"10137281","1204","1588","10","2023-08-31 17:15:51","1","0","0","1"
"10137925","1102","1588","7","2023-11-30 10:49:47","5","4","0","1"
"10140665","1058","1588","9","2023-09-21 19:00:55","4","2","0","2"
"10141530","1207","1588","13","2023-12-10 03:08:48","11","0","3","8"
"10143503","587","1587","33","2023-09-25 08:54:47","1","0","0","1"
"10145167","775","1587","5","","0","0","0","0"
"10145519","1121","1587","6","","0","0","0","0"
"10145865","718","1587","23","","0","0","0","0"
"10146901","1999","1586","8","2023-07-30 09:18:59","3","2","1","0"
"10147641","1405","1586","14","2023-09-01 10:16:06","1","0","0","1"
"10148071","1032","1586","20","2024-01-22 17:04:19","1","0","0","1"
"10150468","523","1585","12","","0","0","0","0"
"10150864","1017","1585","5","","0","0","0","0"
"10151066","1438","1585","13","2023-11-29 05:11:59","28","20","0","8"
"10151980","822","1585","6","","0","0","0","0"
"10152435","772","1585","6","2023-02-18 18:34:01","1","1","0","0"
"10152674","1761","1585","49","","0","0","0","0"
"10153071","536","1584","5","","0","0","0","0"
"10153304","525","1584","5","","0","0","0","0"
"10153574","1482","1584","7","","0","0","0","0"
"10157245","505","1584","5","","0","0","0","0"
"10160271","864","1659","19","2023-06-02 10:00:29","1","0","1","0"
"10160890","621","1583","7","","0","0","0","0"
"10163557","768","1582","10","","0","0","0","0"
"10163595","693","1582","7","2023-05-11 02:35:30","2","1","1","0"
"10164092","1569","1582","10","2023-04-17 07:29:29","2","2","0","0"
"10165237","744","1582","7","2023-12-21 10:57:58","6","0","3","3"
"10167101","534","1582","8","2023-04-03 06:59:23","4","4","0","0"
"10167900","504","1582","13","","0","0","0","0"
"10168187","609","1582","5","","0","0","0","0"
"10170629","587","1581","12","2023-04-04 08:34:04","1","1","0","0"
"10174866","594","1580","27","2023-03-14 16:05:24","2","2","0","0"
"10175848","1545","1580","6","","0","0","0","0"
"10176057","659","1580","19","2023-08-24 17:36:12","1","0","0","1"
"10176665","619","1580","6","2023-09-09 12:34:34","2","0","0","2"
"10178679","703","1579","12","2023-11-20 16:40:22","2","0","0","2"
"10179777","927","1579","39","","0","0","0","0"
"10180401","555","1579","10","2023-12-10 09:37:06","2","1","0","1"
"10183099","1062","1578","20","2023-06-23 09:02:58","4","2","2","0"
"10187218","761","1577","25","2023-04-09 11:55:36","6","6","0","0"
"10189024","547","1577","17","2024-01-21 00:18:46","1","0","0","1"
"10191971","1632","1576","9","2023-02-01 02:05:31","1","1","0","0"
"10196369","1075","1575","25","2023-12-23 08:34:08","6","3","0","3"
"10197738","676","1575","8","2023-09-06 15:28:37","3","1","1","1"
"10199360","592","1575","8","2023-03-13 13:17:48","3","3","0","0"
"10199456","733","1575","13","","0","0","0","0"
"10201930","507","1574","6","","0","0","0","0"
"10202259","811","1574","6","2024-01-13 09:30:30","2","1","0","1"
"10203419","529","1574","8","","0","0","0","0"
"10203597","1211","1574","14","","0","0","0","0"
"10203694","796","1574","10","2023-02-19 08:20:05","1","1","0","0"
"10205462","873","1574","8","2024-01-26 07:01:42","6","1","1","4"
"10206094","751","1573","5","2023-09-08 10:38:42","4","0","0","4"
"10209902","510","1573","5","","0","0","0","0"
"10209987","1636","1573","6","","0","0","0","0"
"10210321","659","1573","12","","0","0","0","0"
"10210902","869","1572","19","","0","0","0","0"
"10212903","516","1572","5","2023-04-19 13:00:11","1","1","0","0"
"10215160","1496","1571","29","2023-08-14 09:52:28","2","1","0","1"
"10215243","1751","1571","5","2023-02-27 20:24:55","1","1","0","0"
"10216078","568","1571","5","2023-07-23 15:17:48","4","3","1","0"
"10218973","811","1570","7","2023-12-10 09:31:10","2","0","0","2"
"10221682","616","1570","6","2023-12-15 06:34:57","2","0","1","1"
"10221936","1066","1569","30","2024-01-21 14:17:36","16","3","0","13"
"10223454","1863","1569","5","2023-09-26 14:41:29","2","0","1","1"
"10226332","947","2327","21","2024-01-17 14:59:25","7","1","0","6"
"10226695","628","1569","20","2023-08-08 19:17:36","1","0","0","1"
"10226836","507","1569","5","2023-10-16 20:29:24","2","1","0","1"
"10227261","1625","1568","14","2023-11-15 07:05:31","6","2","2","2"
"10229423","585","1568","18","2023-05-10 16:28:37","3","0","3","0"
"10230053","871","1568","10","","0","0","0","0"
"10230741","859","1568","43","2023-07-13 16:02:30","3","1","2","0"
"10231700","652","1568","5","2023-03-24 12:18:23","2","2","0","0"
"10233647","545","1567","6","2023-07-24 13:54:47","4","0","4","0"
"10234464","536","1567","11","2023-08-21 22:44:17","21","18","2","1"
"10235667","1133","1567","6","","0","0","0","0"
"10238427","715","1566","24","2023-12-28 13:29:32","8","0","0","8"
"10238560","1866","1566","8","","0","0","0","0"
"10239185","1586","1566","6","2023-11-22 19:11:49","2","0","1","1"
"10241361","1063","1566","8","","0","0","0","0"
"10242047","1535","1565","30","2023-06-15 13:49:11","1","0","1","0"
"10242229","1443","1565","15","","0","0","0","0"
"10242595","596","1565","12","","0","0","0","0"
"10242645","538","1565","5","","0","0","0","0"
"10242650","1363","1565","5","2023-07-22 13:42:41","1","0","1","0"
"10243060","1088","1565","49","","0","0","0","0"
"10243786","964","1565","22","","0","0","0","0"
"10244234","851","1565","6","","0","0","0","0"
"10244451","1221","1565","6","","0","0","0","0"
"10244998","748","1564","8","2023-12-21 09:08:44","16","5","2","9"
"10245694","953","1564","20","2023-06-30 17:22:00","1","0","1","0"
"10246875","560","1564","31","","0","0","0","0"
"10249156","1889","1563","7","2024-01-31 19:14:28","14","2","1","11"
"10249176","1765","1563","7","2023-10-20 07:07:02","5","1","0","4"
"10249529","1086","1563","62","","0","0","0","0"
"10254476","1815","1562","90","2024-01-31 08:18:23","16","4","6","6"
"10257512","840","1561","7","2023-06-30 13:05:19","1","0","1","0"
"10258072","1175","1561","12","2024-01-23 08:29:11","7","5","0","2"
"10258933","806","1561","12","2023-05-04 20:30:06","27","14","13","0"
"10263321","516","1560","24","2023-11-01 02:19:16","5","1","2","2"
"10266059","1696","1560","5","2023-12-13 15:33:37","3","1","1","1"
"10269515","512","1559","5","2023-08-23 15:06:01","1","0","0","1"
"10270107","833","1559","6","2023-06-08 20:48:01","1","0","1","0"
"10270246","644","1559","5","2023-11-21 10:47:48","1","0","0","1"
"10271741","1775","1558","16","","0","0","0","0"
"10273013","1481","1558","59","2023-03-29 06:26:27","1","1","0","0"
"10273196","1247","1558","11","","0","0","0","0"
"10273308","1144","1558","83","","0","0","0","0"
"10273504","1280","1558","6","","0","0","0","0"
"10274125","728","1558","13","","0","0","0","0"
"10275555","535","1557","6","","0","0","0","0"
"10276412","693","1557","37","","0","0","0","0"
"10276801","1417","1557","14","","0","0","0","0"
"10278643","688","1556","6","","0","0","0","0"
"10279066","628","1556","31","2023-09-06 10:56:17","26","0","25","1"
"10279237","1509","1556","6","","0","0","0","0"
"10279336","1902","1556","7","2023-08-18 13:20:23","1","0","0","1"
"10280206","1415","1556","5","","0","0","0","0"
"10286813","1049","1555","11","2023-04-24 18:46:22","3","3","0","0"
"10290918","1966","1554","11","2023-11-16 19:21:52","4","1","0","3"
"10291167","1413","1554","65","2023-07-31 18:40:46","10","3","7","0"
"10292408","1659","1554","18","2023-04-08 12:29:52","1","1","0","0"
"10292570","733","1553","17","2023-11-15 17:16:54","7","3","2","2"
"10292818","617","1553","16","2023-07-02 20:27:15","2","1","1","0"
"10293794","553","1553","5","","0","0","0","0"
"10293830","1049","1553","19","2023-07-06 16:13:47","2","1","1","0"
"10294022","803","1553","9","2023-03-18 19:37:04","1","1","0","0"
"10295847","1734","1553","11","","0","0","0","0"
"10296123","865","1553","9","2024-01-10 19:04:01","6","0","0","6"
"10296769","1870","1553","38","2023-05-07 02:41:17","2","1","1","0"
"10297594","757","1553","19","","0","0","0","0"
"10297806","1405","1552","5","","0","0","0","0"
"10299385","1665","1552","5","2023-05-15 06:51:35","1","0","1","0"
"10299604","726","1552","8","2023-08-24 14:03:20","1","0","0","1"
"10300202","864","1552","6","2023-11-19 20:17:51","6","0","3","3"
"10300663","549","1552","5","","0","0","0","0"
"10300732","645","1552","5","2023-12-10 12:26:11","2","1","0","1"
"10301182","578","1552","23","2023-05-13 17:02:03","2","0","2","0"
"10301322","1238","1552","13","2023-08-10 13:51:08","5","0","4","1"
"10301938","1398","1552","6","","0","0","0","0"
"10303173","1215","1551","9","2023-07-13 07:17:44","5","1","4","0"
"10303783","1075","1551","15","","0","0","0","0"
"10305283","870","1550","9","","0","0","0","0"
"10305787","557","1550","6","","0","0","0","0"
"10307728","896","1550","5","","0","0","0","0"
"10308191","1560","1549","45","","0","0","0","0"
"10311292","705","1549","5","2023-02-21 21:35:45","1","1","0","0"
"10312417","548","1548","7","2023-04-10 19:36:30","1","1","0","0"
"10313003","606","1548","7","2023-05-22 06:48:12","1","0","1","0"
"10313866","937","1548","6","2024-01-25 17:05:09","21","0","6","15"
"10315704","1734","1548","22","2023-11-25 15:04:08","1","0","0","1"
"10317376","729","1548","11","2023-06-20 22:00:49","4","2","2","0"
"10318272","834","1547","18","2023-12-24 20:41:08","7","1","2","4"
"10319615","512","1547","31","","0","0","0","0"
"10325356","751","1546","6","2023-09-21 07:55:14","5","0","3","2"
"10330374","902","1545","9","","0","0","0","0"
"10330735","1659","1545","5","","0","0","0","0"
"10335421","1726","1544","11","","0","0","0","0"
"10336155","1424","1544","39","2024-01-27 09:33:47","39","13","14","12"
"10336603","1528","1543","5","","0","0","0","0"
"10336740","1311","1543","5","","0","0","0","0"
"10336767","1495","1543","11","","0","0","0","0"
"10337166","727","1543","7","2023-12-31 10:51:11","11","0","4","7"
"10338096","1432","1543","5","2023-06-30 11:01:28","3","2","1","0"
"10339199","598","1543","6","","0","0","0","0"
"10339463","1205","1543","8","2023-09-13 21:36:15","1","0","0","1"
"10339524","1268","1542","41","","0","0","0","0"
"10341554","1869","1542","6","","0","0","0","0"
"10342150","966","1542","8","","0","0","0","0"
"10343144","1084","1542","13","2023-10-05 13:09:16","5","1","2","2"
"10343888","1420","1542","32","2023-12-22 22:53:24","3","0","1","2"
"10344196","611","1542","47","","0","0","0","0"
"10346275","604","1541","9","","0","0","0","0"
"10346405","1388","1541","18","2024-01-06 22:51:30","16","2","5","9"
"10348183","1418","1541","7","2023-05-10 12:25:02","2","1","1","0"
"10349423","1054","1541","7","2023-05-17 09:29:45","1","0","1","0"
"10351377","594","1540","5","","0","0","0","0"
"10352684","1023","1540","7","2023-12-08 07:25:00","1","0","0","1"
"10354667","948","1540","19","2023-02-03 07:42:34","1","1","0","0"
"10355015","1275","1540","8","","0","0","0","0"
"10355668","779","1540","5","2023-06-05 00:28:17","3","0","3","0"
"10360134","1236","1539","12","2023-03-21 22:55:44","1","1","0","0"
"10360966","547","1539","7","2024-01-16 15:52:06","7","0","0","7"
"10363343","622","1538","5","2023-05-11 09:34:55","5","3","2","0"
"10364693","761","1538","9","2024-01-31 09:10:26","5","2","1","2"
"10365380","835","1538","11","2024-01-26 16:20:53","20","3","10","7"
"10366237","1075","1537","35","2024-01-17 01:06:58","7","0","3","4"
"10366303","929","1537","5","","0","0","0","0"
"10367178","780","1537","8","","0","0","0","0"
"10367381","1137","1537","7","2023-10-10 12:50:05","2","1","0","1"
"10367546","713","1537","6","","0","0","0","0"
"10371864","501","1536","8","","0","0","0","0"
"10373693","1052","1535","11","2023-03-30 13:25:03","1","1","0","0"
"10375208","608","1535","12","2024-01-21 04:11:57","3","1","0","2"
"10375688","1102","1535","17","2023-12-22 13:23:22","8","4","0","4"
"10375741","569","1535","9","2023-04-26 17:03:27","1","1","0","0"
"10376405","1190","1535","5","2023-10-17 19:13:42","9","4","3","2"
"10377102","520","1535","40","2024-01-09 11:07:02","3","0","0","3"
"10377302","1100","1535","7","2023-11-17 14:03:02","3","1","0","2"
"10379693","832","1534","47","","0","0","0","0"
"10379728","1412","1534","23","2023-09-07 19:44:30","9","2","4","3"
"10380225","1792","1534","69","","0","0","0","0"
"10380766","1020","1534","6","2024-01-27 21:52:41","3","1","0","2"
"10382744","567","1534","30","","0","0","0","0"
"10382769","569","1534","25","2023-12-16 05:24:10","1","0","0","1"
"10383509","1163","1533","8","2023-12-11 08:36:39","15","0","0","15"
"10383650","1759","1533","57","","0","0","0","0"
"10384954","680","1533","6","2023-11-03 16:43:31","10","4","4","2"
"10385798","1058","1533","8","2023-04-12 11:37:52","1","1","0","0"
"10387008","820","1533","5","2023-11-02 00:23:27","2","1","0","1"
"10387434","727","1533","14","2024-01-01 11:23:14","5","0","1","4"
"10388072","789","1533","6","2023-10-02 11:21:47","4","0","1","3"
"10388856","1171","1532","18","2023-08-16 16:17:40","2","1","0","1"
"10389355","862","1532","7","2023-09-07 08:00:01","4","1","1","2"
"10389571","784","1532","30","","0","0","0","0"
"10390808","1404","1532","7","","0","0","0","0"
"10391127","619","1532","6","2023-07-05 19:11:55","2","0","2","0"
"10391157","1537","1532","28","2024-01-28 15:34:14","31","12","8","11"
"10397400","1630","1531","7","2023-05-11 07:40:40","2","0","2","0"
"10400598","1305","1530","16","2023-07-21 08:12:55","2","0","2","0"
"10401124","654","1530","6","2023-11-16 00:33:04","3","2","0","1"
"10402220","622","1530","9","2023-03-09 16:54:15","1","1","0","0"
"10403061","1205","1529","12","2023-07-18 20:54:46","16","1","15","0"
"10403133","1639","1529","13","2023-06-20 16:54:38","4","2","2","0"
"10404034","732","1529","5","2023-04-01 12:55:02","2","2","0","0"
"10404390","759","1529","7","2023-12-28 22:41:36","7","1","0","6"
"10405269","1129","1529","12","2023-06-12 15:35:02","4","0","4","0"
"10407448","1103","1528","11","2024-01-06 20:29:18","2","1","0","1"
"10408987","1018","1528","16","2023-08-17 19:21:00","9","7","1","1"
"10410162","674","1528","11","2024-01-22 12:12:47","43","10","6","27"
"10411744","802","1527","33","2023-04-12 12:27:18","1","1","0","0"
"10412712","564","1527","13","2024-01-13 12:21:57","4","1","0","3"
"10413070","870","1527","5","2023-10-25 10:23:05","2","0","0","2"
"10413255","716","1527","17","","0","0","0","0"
"10413273","886","1527","10","","0","0","0","0"
"10413348","768","1527","9","","0","0","0","0"
"10418725","1315","1526","10","2024-01-22 11:53:02","8","0","1","7"
"10422933","610","1525","21","2023-11-07 14:06:36","1","0","0","1"
"10423024","1724","1525","35","2023-07-18 09:15:23","2","0","2","0"
"10425733","615","1525","6","","0","0","0","0"
"10428123","725","1524","5","","0","0","0","0"
"10428392","1162","1524","20","","0","0","0","0"
"10429180","770","1524","7","2023-04-18 10:56:41","1","1","0","0"
"10429259","667","1524","10","","0","0","0","0"
"10429349","568","1524","42","","0","0","0","0"
"10429755","950","1524","60","","0","0","0","0"
"10431550","1758","1524","8","2023-04-14 10:46:23","1","1","0","0"
"10434805","965","1523","8","","0","0","0","0"
"10434847","707","1523","10","2023-03-01 16:49:49","2","2","0","0"
"10435837","1268","1522","50","","0","0","0","0"
"10436779","1583","1522","6","","0","0","0","0"
"10437727","1760","1522","10","2023-09-17 10:23:38","5","1","2","2"
"10441598","1418","1521","32","2023-09-16 21:46:34","7","1","5","1"
"10443508","1274","1521","5","","0","0","0","0"
"10445466","1557","1520","5","2023-03-31 12:46:23","1","1","0","0"
"10446480","1337","1520","7","","0","0","0","0"
"10446484","1886","1520","12","","0","0","0","0"
"10446972","836","1520","8","2023-05-08 20:34:02","1","0","1","0"
"10448398","742","1520","8","2023-11-29 20:40:30","1","0","0","1"
"10449645","505","1519","10","2023-09-04 08:44:03","3","1","1","1"
"10449864","794","1519","44","2023-08-30 09:51:51","13","5","5","3"
"10451126","1071","1519","21","2023-05-13 06:58:03","4","1","3","0"
"10451566","614","1519","11","","0","0","0","0"
"10452046","1010","1519","14","2023-07-02 08:48:43","2","0","2","0"
"10453550","1171","1519","5","2023-05-17 15:51:53","1","0","1","0"
"10453819","1475","1519","14","2023-04-14 21:43:34","6","6","0","0"
"10454516","1153","1518","9","2023-11-25 15:54:49","2","0","0","2"
"10454720","503","1518","7","","0","0","0","0"
"10454733","541","1518","7","2023-03-01 14:27:39","1","1","0","0"
"10457088","539","1518","42","","0","0","0","0"
"10457159","822","1518","9","","0","0","0","0"
"10459255","616","1517","5","","0","0","0","0"
"10460736","651","1517","27","2023-07-12 07:36:22","1","0","1","0"
"10461328","1200","1517","5","","0","0","0","0"
"10461588","1170","1517","10","2024-01-19 17:08:39","5","1","0","4"
"10462126","1627","1517","13","2023-08-13 07:35:48","3","1","1","1"
"10462834","1519","1517","10","","0","0","0","0"
"10462931","506","1517","21","","0","0","0","0"
"10466809","1245","1516","5","2024-01-13 11:02:13","19","3","6","10"
"10467477","501","1515","5","","0","0","0","0"
"10467554","845","1515","6","2023-12-13 17:07:53","14","0","4","10"
"10468291","751","1515","22","2023-10-16 19:36:50","1","0","0","1"
"10468354","550","1515","11","2023-12-02 19:46:20","2","1","0","1"
"10468516","903","1515","17","","0","0","0","0"
"10469432","585","1515","42","2023-04-01 08:18:19","7","7","0","0"
"10469591","753","1515","5","","0","0","0","0"
"10471853","945","1514","22","","0","0","0","0"
"10472621","814","1514","10","","0","0","0","0"
"10473393","1759","1514","13","2023-12-26 16:24:23","8","0","1","7"
"10474740","741","1514","8","2023-03-17 19:48:49","1","1","0","0"
"10475274","927","1514","5","2023-06-26 18:25:00","11","7","4","0"
"10477283","1615","1513","16","2023-12-21 08:00:57","17","7","4","6"
"10477323","1105","1513","5","2023-11-12 09:48:41","2","1","0","1"
"10477326","1389","1513","16","2024-01-18 16:09:26","3","1","1","1"
"10478563","500","1513","19","2023-11-03 05:55:26","3","0","0","3"
"10479081","663","1513","9","2023-12-03 13:29:10","2","0","1","1"
"10480323","1501","1513","16","2023-07-10 17:37:43","17","8","9","0"
"10480869","1357","1513","8","","0","0","0","0"
"10481318","1797","1513","16","","0","0","0","0"
"10482516","1411","1512","7","2023-05-28 07:23:15","2","1","1","0"
"10483893","1414","1512","12","2023-12-02 02:34:56","7","0","2","5"
"10486605","889","1512","5","","0","0","0","0"
"10489562","1241","1511","5","2024-01-19 09:52:55","13","2","0","11"
"10490428","1867","1511","50","2024-01-09 23:25:50","20","8","4","8"
"10491171","673","1511","7","","0","0","0","0"
"10494346","559","1510","6","2024-01-26 13:06:01","3","1","0","2"
"10494949","615","1510","15","","0","0","0","0"
"10495300","577","1510","9","2023-12-23 11:05:05","5","0","1","4"
"10495683","1124","1510","13","","0","0","0","0"
"10498111","1577","1509","5","","0","0","0","0"
"10498134","501","1509","15","","0","0","0","0"
"10498256","1296","1509","85","2023-03-28 13:02:15","9","9","0","0"
"10498741","710","1509","29","2023-04-21 13:37:38","5","5","0","0"
"10498802","1198","1509","36","2023-09-19 06:27:20","7","0","3","4"
"10499624","1898","1509","16","","0","0","0","0"
"10500424","1886","1509","20","2024-01-07 05:59:29","4","2","1","1"
"10502619","1234","1508","41","","0","0","0","0"
"10502979","1010","1508","6","2023-03-07 09:35:09","1","1","0","0"
"10503039","1914","1508","22","2024-01-29 14:43:43","11","9","0","2"
"10503567","726","1508","6","2023-12-17 09:29:22","17","6","8","3"
"10505343","1059","1507","11","","0","0","0","0"
"10506185","1218","3366","14","","0","0","0","0"
"10508565","554","1507","26","2023-06-14 15:11:18","2","1","1","0"
"10509015","1363","1507","5","2024-01-16 14:23:12","8","0","0","8"
"10512014","1276","1506","14","2023-03-27 13:19:08","23","23","0","0"
"10513287","622","1506","20","2024-01-03 08:42:07","4","1","0","3"
"10514633","979","1506","10","2023-11-27 10:44:29","6","1","2","3"
"10517984","789","1505","14","2023-10-25 10:53:41","3","1","0","2"
"10518213","651","1505","9","","0","0","0","0"
"10519373","816","1505","5","2023-10-18 14:16:37","1","0","0","1"
"10520293","676","1505","35","2023-09-30 14:16:41","5","2","2","1"
"10520839","1368","1505","8","2023-07-16 11:19:45","3","0","3","0"
"10521235","1784","1505","29","2023-03-10 16:37:16","8","8","0","0"
"10521934","541","1504","12","2023-10-04 05:33:38","1","0","0","1"
"10522970","688","1504","24","","0","0","0","0"
"10523554","1100","1504","27","","0","0","0","0"
"10524064","1119","1504","13","2023-11-16 09:52:27","9","2","0","7"
"10524503","1158","1504","9","2023-12-12 09:22:37","4","0","3","1"
"10525932","1437","1504","7","","0","0","0","0"
"10527012","779","1503","16","","0","0","0","0"
"10527496","691","1503","12","2024-01-10 20:16:08","2","0","0","2"
"10527823","951","1503","22","2024-01-31 05:04:34","8","4","0","4"
"10528552","717","1503","10","","0","0","0","0"
"10529573","1069","1503","5","2023-11-07 11:28:13","1","0","0","1"
"10531665","1319","1502","22","2024-01-30 22:35:45","26","4","8","14"
"10532439","795","2241","7","","0","0","0","0"
"10532753","633","1502","5","","0","0","0","0"
"10532768","1628","1502","12","2023-12-31 07:24:03","5","1","1","3"
"10533012","1156","1502","28","2023-12-12 06:50:21","15","8","1","6"
"10534633","1230","1502","8","2023-10-26 00:28:47","2","0","0","2"
"10534901","741","1501","11","2023-11-14 06:33:15","2","0","1","1"
"10535718","1139","1501","93","2023-03-30 10:10:22","6","6","0","0"
"10535824","1693","1501","121","2023-04-15 12:52:49","7","7","0","0"
"10536806","685","1501","5","","0","0","0","0"
"10537571","1217","1501","7","","0","0","0","0"
"10538100","525","1500","7","","0","0","0","0"
"10538842","667","1500","5","","0","0","0","0"
"10539890","778","1500","6","","0","0","0","0"
"10540974","951","1500","5","2023-08-28 22:05:13","1","0","0","1"
"10542645","1796","1500","7","2023-12-20 11:31:10","4","0","2","2"
"10542740","975","1500","28","2023-12-22 08:00:14","23","11","5","7"
"10543130","1965","1500","8","2023-12-12 11:04:34","25","4","6","15"
"10546172","1009","1499","26","2023-06-24 01:12:21","4","2","2","0"
"10548486","732","1499","5","2023-07-12 12:48:49","1","0","1","0"
"10549662","554","1498","21","","0","0","0","0"
"10549791","1860","1498","18","2023-02-15 20:25:57","1","1","0","0"
"10550655","651","1498","20","2023-02-04 09:57:09","1","1","0","0"
"10550998","1392","1498","31","2023-07-25 01:41:23","2","1","1","0"
"10551444","1223","1498","5","2023-11-15 10:50:50","1","0","0","1"
"10551887","914","1498","6","","0","0","0","0"
"10552387","547","1498","44","","0","0","0","0"
"10552870","548","1498","25","","0","0","0","0"
"10553411","602","1498","7","","0","0","0","0"
"10553747","857","1498","34","","0","0","0","0"
"10554658","961","1498","41","","0","0","0","0"
"10554673","1306","1498","9","2023-05-23 14:28:35","2","1","1","0"
"10556217","510","1497","6","2023-03-15 08:21:58","1","1","0","0"
"10556711","628","1497","41","2023-06-23 13:29:57","2","1","1","0"
"10557179","888","1497","36","","0","0","0","0"
"10557540","726","1497","6","2023-06-22 18:44:18","2","0","2","0"
"10558160","1162","1497","39","","0","0","0","0"
"10558169","741","1497","7","2024-01-18 12:33:02","1","0","0","1"
"10564458","1489","1496","9","","0","0","0","0"
"10564881","1495","1496","13","2023-08-10 17:12:52","1","0","0","1"
"10566045","687","1495","7","2023-06-05 14:51:02","21","20","1","0"
"10567061","1026","1495","6","2024-01-20 09:31:37","1","0","0","1"
"10569355","774","1494","5","2023-04-16 21:23:24","1","1","0","0"
"10573307","1994","1493","8","2024-01-17 11:20:08","3","0","1","2"
"10574261","540","1493","6","","0","0","0","0"
"10574959","1369","1493","5","","0","0","0","0"
"10576132","984","1493","6","2023-08-14 07:34:36","1","0","0","1"
"10579735","956","1492","5","2023-10-30 14:39:46","6","1","2","3"
"10580200","713","1492","6","2023-12-18 22:44:50","4","0","1","3"
"10580513","1117","1492","5","","0","0","0","0"
"10580773","651","1492","9","","0","0","0","0"
"10581613","1133","1492","8","","0","0","0","0"
"10582681","850","1492","7","2024-01-06 20:12:02","1","0","0","1"
"10583199","597","1491","8","","0","0","0","0"
"10583434","1875","1491","29","2023-11-28 10:42:03","12","0","0","12"
"10584061","788","1491","95","2023-11-07 06:08:04","4","0","0","4"
"10588650","702","1490","5","","0","0","0","0"
"10589426","1416","1490","5","2023-11-10 16:15:22","12","9","2","1"
"10593355","623","1490","13","","0","0","0","0"
"10595169","731","1489","9","2023-03-20 11:26:09","1","1","0","0"
"10598399","1668","1489","12","2024-01-30 23:47:12","6","1","3","2"
"10598820","816","1488","6","","0","0","0","0"
"10599450","832","1488","27","","0","0","0","0"
"10601203","1441","1488","26","2023-11-27 18:27:23","2","0","0","2"
"10602418","1782","1487","6","2023-08-07 17:35:12","1","0","0","1"
"10603758","821","1487","8","2024-01-09 22:00:21","1","0","0","1"
"10607591","1387","1486","5","","0","0","0","0"
"10607694","754","1486","10","2023-03-22 12:19:18","1","1","0","0"
"10607799","540","1486","7","2023-07-17 12:38:33","1","0","1","0"
"10611188","1202","1485","10","2023-08-17 14:55:07","8","2","2","4"
"10612257","646","1485","21","","0","0","0","0"
"10612586","649","1485","6","2023-10-30 18:21:56","32","2","4","26"
"10612622","672","1485","7","","0","0","0","0"
"10612806","552","1485","8","","0","0","0","0"
"10614344","733","1485","9","2023-08-28 15:56:48","2","1","0","1"
"10615308","1402","1485","6","2023-04-27 02:30:24","3","3","0","0"
"10617518","795","1484","8","2023-07-02 09:42:00","3","0","3","0"
"10619554","752","1484","10","","0","0","0","0"
"10620003","740","1484","14","2023-07-21 13:18:39","1","0","1","0"
"10621296","1009","1483","24","2023-06-17 16:30:09","6","4","2","0"
"10622280","591","1483","5","","0","0","0","0"
"10623634","1191","1483","11","","0","0","0","0"
"10626207","1539","1483","7","2023-11-21 20:29:43","7","1","3","3"
"10626286","750","1483","7","","0","0","0","0"
"10627291","598","1482","6","2023-08-11 21:34:05","2","0","1","1"
"10628833","1726","1482","17","2023-12-12 14:31:26","1","0","0","1"
"10629573","1604","1482","10","2024-01-27 17:23:22","1","0","0","1"
"10630629","554","1482","9","2023-10-16 20:49:36","6","0","4","2"
"10631354","561","1482","7","2024-01-08 14:35:51","10","3","3","4"
"10632772","564","1481","5","2023-10-17 10:18:13","1","0","0","1"
"10634362","701","1481","9","2023-03-29 12:04:48","2","2","0","0"
"10634638","503","1481","14","2024-01-03 21:13:29","11","3","1","7"
"10635762","1359","1480","9","2023-07-09 12:38:37","1","0","1","0"
"10637188","898","1480","6","","0","0","0","0"
"10638652","819","1479","8","","0","0","0","0"
"10639238","743","1479","38","2024-01-19 06:22:41","1","0","0","1"
"10639354","654","1479","9","2023-08-11 11:04:58","1","0","0","1"
"10640283","1123","1479","6","","0","0","0","0"
"10645965","701","1478","16","2024-01-16 14:41:06","5","2","0","3"
"10646189","1051","1478","5","2023-08-31 17:32:57","1","0","0","1"
"10646511","776","1478","13","2023-09-10 03:02:55","14","4","8","2"
"10648765","1961","1478","28","2023-10-25 18:59:26","10","0","0","10"
"10648987","941","1478","14","2024-01-30 13:51:02","8","1","3","4"
"10649115","888","1478","43","2023-06-14 13:26:30","3","0","3","0"
"10649229","585","1477","6","2024-01-17 18:19:44","4","2","0","2"
"10649437","1486","1477","7","2023-05-19 15:46:39","1","0","1","0"
"10649529","1137","1477","21","2023-11-14 09:46:59","7","2","4","1"
"10649618","1859","1477","6","2023-06-14 17:24:29","3","0","3","0"
"10649754","849","1477","5","","0","0","0","0"
"10650407","1917","1477","79","2023-11-10 06:20:41","4","1","2","1"
"10650696","533","1477","18","2023-09-05 15:01:26","3","1","0","2"
"10651074","732","1477","26","2023-11-11 21:35:18","6","0","5","1"
"10651182","587","1477","6","","0","0","0","0"
"10651696","660","1477","5","","0","0","0","0"
"10652509","527","1477","7","","0","0","0","0"
"10654098","924","1477","11","2023-06-02 17:15:35","2","0","2","0"
"10656350","686","1476","9","2024-01-31 14:29:51","3","0","0","3"
"10660307","573","1476","7","2023-11-09 02:03:09","7","3","1","3"
"10661193","867","1475","24","2023-04-18 20:29:41","16","16","0","0"
"10662987","1758","1475","8","2023-10-29 00:06:25","9","0","6","3"
"10664022","975","1475","19","","0","0","0","0"
"10664048","1465","1475","5","","0","0","0","0"
"10664939","581","1475","6","2023-08-04 19:45:07","2","0","0","2"
"10665516","575","1474","11","2023-05-26 07:18:21","6","3","3","0"
"10665655","1425","1474","13","2023-02-03 05:10:07","1","1","0","0"
"10666066","706","1474","7","","0","0","0","0"
"10671200","1584","1473","8","2023-08-06 16:25:14","2","0","0","2"
"10671274","601","1473","14","2023-09-26 16:44:41","3","2","0","1"
"10672178","1228","1473","24","2023-02-20 14:14:58","2","2","0","0"
"10673068","1002","1472","43","2023-09-01 18:35:18","1","0","0","1"
"10675898","502","1472","46","2023-09-29 09:20:44","3","0","0","3"
"10677682","532","1471","16","","0","0","0","0"
"10677884","699","1471","14","","0","0","0","0"
"10680762","603","1471","5","","0","0","0","0"
"10684385","725","1470","14","2023-07-16 12:04:24","46","15","31","0"
"10684798","725","1470","7","","0","0","0","0"
"10685553","596","1470","7","2023-11-27 04:03:44","6","0","3","3"
"10687325","1473","1470","23","2023-03-28 14:42:02","2","2","0","0"
"10687615","859","1470","5","","0","0","0","0"
"10687907","807","1470","18","2024-01-31 14:54:27","14","3","0","11"
"10688308","782","1470","8","2023-08-28 10:25:00","5","3","0","2"
"10691191","1817","1469","6","","0","0","0","0"
"10691258","1140","1469","6","2023-06-14 13:17:24","1","0","1","0"
"10692175","781","1469","29","2023-11-23 18:16:39","11","4","4","3"
"10692891","659","1469","61","2024-01-24 02:26:38","3","0","0","3"
"10694438","1127","1468","5","","0","0","0","0"
"10695663","1555","1468","8","","0","0","0","0"
"10698100","1435","1467","64","2024-01-08 22:55:28","40","17","9","14"
"10699097","1216","1467","21","2024-01-10 11:14:31","13","3","1","9"
"10701033","1371","1466","12","","0","0","0","0"
"10701585","560","1466","15","2023-07-25 20:55:50","1","0","1","0"
"10703628","1815","1466","10","2023-11-27 15:48:45","20","5","14","1"
"10703868","1368","1465","5","2023-03-29 21:52:22","9","9","0","0"
"10705248","854","1465","8","2023-06-05 21:52:36","1","0","1","0"
"10705803","1161","1465","5","2023-12-19 09:32:44","7","0","3","4"
"10707092","545","1465","18","2023-11-13 09:57:57","3","0","0","3"
"10708920","1287","1465","11","2023-03-13 18:05:37","2","2","0","0"
"10710643","570","1464","5","","0","0","0","0"
"10714380","944","1463","5","","0","0","0","0"
"10716450","1522","1463","10","2023-05-17 09:15:58","1","0","1","0"
"10717907","554","1463","9","2023-07-02 11:57:43","3","1","2","0"
"10719868","768","1462","21","","0","0","0","0"
"10720618","1273","1462","6","2023-12-09 21:36:55","11","2","6","3"
"10721203","940","1462","6","","0","0","0","0"
"10721542","806","1462","9","2023-06-27 10:52:05","3","0","3","0"
"10721563","1322","1462","12","","0","0","0","0"
"10721589","712","1462","6","","0","0","0","0"
"10722733","561","1462","12","2023-08-04 22:23:36","3","0","2","1"
"10725507","644","1461","15","","0","0","0","0"
"10726359","1089","1461","47","","0","0","0","0"
"10727283","1062","1461","11","2024-01-15 16:15:36","4","3","0","1"
"10729303","690","1461","5","","0","0","0","0"
"10731216","1624","1460","5","2024-01-31 07:49:45","22","3","10","9"
"10731757","1768","1460","14","2023-08-04 17:50:34","5","1","3","1"
"10732351","1306","1460","20","2023-12-27 02:27:55","4","0","1","3"
"10735585","637","1459","29","","0","0","0","0"
"10737114","981","1458","22","","0","0","0","0"
"10737626","1891","1458","25","","0","0","0","0"
"10738665","649","1458","5","2023-10-11 07:55:04","1","0","0","1"
"10739750","1235","1458","8","2024-01-31 13:53:22","36","0","0","36"
"10740287","634","1458","8","2023-08-15 12:48:55","1","0","0","1"
"10743233","614","1457","11","","0","0","0","0"
"10743742","800","1457","5","","0","0","0","0"
"10744614","1029","1457","20","2023-08-09 06:40:37","6","4","1","1"
"10744889","537","1457","12","2023-12-20 14:10:33","5","0","0","5"
"10746597","742","1457","12","","0","0","0","0"
"10746872","645","1456","10","2023-03-13 19:22:52","1","1","0","0"
"10746925","745","1456","29","","0","0","0","0"
"10747873","1650","1456","10","2023-12-20 22:09:27","7","3","1","3"
"10749726","1394","1456","81","","0","0","0","0"
"10751883","1948","1456","5","2023-07-20 16:41:44","1","0","1","0"
"10752944","798","1455","5","","0","0","0","0"
"10753343","763","1455","7","2023-04-21 05:53:29","2","2","0","0"
"10755112","1873","1455","8","2023-06-30 10:46:29","4","2","2","0"
"10757264","670","1455","27","","0","0","0","0"
"10758321","510","1454","8","2023-02-13 14:17:08","2","2","0","0"
"10759647","986","1454","22","","0","0","0","0"
"10759659","556","1454","7","2024-01-13 13:47:09","2","1","0","1"
"10761353","1423","1454","26","2023-06-07 14:05:20","2","1","1","0"
"10763533","971","1453","10","2023-03-21 20:25:21","1","1","0","0"
"10763750","824","1453","12","2023-06-03 10:47:25","1","0","1","0"
"10765031","1969","1453","12","2024-01-02 13:22:44","8","3","1","4"
"10765649","837","1452","6","","0","0","0","0"
"10766511","712","1452","12","2023-11-15 13:04:46","11","4","3","4"
"10766766","1811","1452","10","","0","0","0","0"
"10767143","941","1452","9","2023-03-29 07:26:42","2","2","0","0"
"10767161","747","1452","11","","0","0","0","0"
"10767647","663","1452","5","","0","0","0","0"
"10770415","977","1451","9","","0","0","0","0"
"10770469","733","1451","8","2023-10-11 05:16:20","3","0","1","2"
"10774817","1852","1450","5","2023-03-26 13:39:16","2","2","0","0"
"10775602","604","1450","11","2023-06-16 07:34:40","1","0","1","0"
"10776883","1099","1450","5","","0","0","0","0"
"10777618","848","1450","35","2023-07-03 15:34:10","1","0","1","0"
"10778673","514","1449","5","","0","0","0","0"
"10781026","1424","1449","68","","0","0","0","0"
"10781340","505","1449","8","","0","0","0","0"
"10782024","1310","1449","56","2023-11-01 11:58:19","17","5","6","6"
"10782809","769","1449","42","","0","0","0","0"
"10782855","1118","1449","8","","0","0","0","0"
"10783700","1279","1448","6","2023-05-15 15:57:51","1","0","1","0"
"10785667","782","1448","5","","0","0","0","0"
"10787371","707","1448","11","2023-11-30 04:03:24","3","0","1","2"
"10788185","633","1448","5","","0","0","0","0"
"10788231","864","1448","5","2023-12-07 20:49:26","1","0","0","1"
"10789204","637","1447","6","2023-10-04 14:33:30","42","0","33","9"
"10789707","797","1447","10","2023-08-17 11:26:23","10","8","1","1"
"10789874","539","1447","15","","0","0","0","0"
"10791086","1213","1447","69","2023-12-11 10:05:50","10","2","0","8"
"10791330","758","1447","5","2023-02-09 15:58:01","1","1","0","0"
"10792320","539","1447","10","2023-11-01 00:30:21","12","4","1","7"
"10793427","933","1446","5","2023-07-07 10:55:52","1","0","1","0"
"10794555","1595","1446","5","2023-08-30 12:03:44","2","1","0","1"
"10794716","1077","1446","21","2023-07-11 16:42:12","1","0","1","0"
"10796681","1018","1445","7","2023-07-13 13:00:49","1","0","1","0"
"10797718","1549","1445","41","2023-06-14 12:50:53","1","0","1","0"
"10798015","700","1445","10","2023-04-25 11:35:50","1","1","0","0"
"10798040","649","1445","30","2023-04-20 10:13:26","3","3","0","0"
"10798114","935","1445","15","2023-07-14 14:35:33","2","0","2","0"
"10798363","890","1445","8","2024-01-07 18:40:20","15","7","2","6"
"10798716","1336","1445","8","2023-09-30 15:17:38","1","0","0","1"
"10799997","504","1444","12","","0","0","0","0"
"10800423","1512","1444","6","2024-01-22 12:44:48","5","0","1","4"
"10802531","603","1444","14","2024-01-31 07:13:44","6","2","0","4"
"10803535","794","1444","35","","0","0","0","0"
"10804348","612","1443","16","","0","0","0","0"
"10804423","1423","1443","6","2023-06-13 17:35:52","5","1","4","0"
"10805479","1216","1443","19","2023-07-04 06:45:39","1","0","1","0"
"10806551","1605","1443","16","2023-08-30 13:45:52","5","3","1","1"
"10810169","804","1442","5","2023-06-27 00:19:06","1","0","1","0"
"10810304","570","1442","7","","0","0","0","0"
"10811516","1742","1442","10","","0","0","0","0"
"10811865","808","1442","12","2023-07-05 07:51:17","2","1","1","0"
"10812986","666","1442","9","2023-10-31 14:48:48","2","0","1","1"
"10815761","782","1441","6","2023-10-18 07:16:16","2","0","1","1"
"10816587","770","1441","6","2023-08-23 19:23:04","1","0","0","1"
"10817571","591","1441","9","","0","0","0","0"
"10818184","508","1440","8","2023-09-26 06:24:20","1","0","0","1"
"10818367","1212","1440","7","2023-07-13 17:50:27","1","0","1","0"
"10818812","503","1440","28","","0","0","0","0"
"10821558","502","1440","10","","0","0","0","0"
"10822859","1223","1439","30","","0","0","0","0"
"10823147","1026","1439","6","","0","0","0","0"
"10829101","661","1437","8","2023-05-30 02:10:32","2","0","2","0"
"10829300","628","1437","10","","0","0","0","0"
"10835478","1441","1435","12","2023-06-30 06:32:23","13","10","3","0"
"10836820","744","1435","5","","0","0","0","0"
"10837620","1010","1434","8","2024-01-26 06:33:46","3","2","0","1"
"10840292","593","1434","15","","0","0","0","0"
"10840750","705","1434","21","","0","0","0","0"
"10842291","700","1433","16","2023-09-22 04:27:46","7","6","0","1"
"10842351","665","1433","13","2023-06-23 00:44:35","2","1","1","0"
"10842900","1992","1433","10","2023-08-17 14:22:37","8","5","2","1"
"10843200","749","1433","56","","0","0","0","0"
"10845300","1656","1432","15","","0","0","0","0"
"10845768","536","1432","21","","0","0","0","0"
"10846570","1233","1432","51","2023-06-09 00:17:46","7","3","4","0"
"10846582","1407","1432","8","2023-06-04 15:23:37","2","1","1","0"
"10847019","638","1432","7","2023-04-17 17:17:21","1","1","0","0"
"10847224","1088","1432","22","2023-05-22 10:24:44","3","2","1","0"
"10848420","545","1431","26","","0","0","0","0"
"10849288","753","1431","11","2023-05-05 18:18:36","1","0","1","0"
"10849727","688","1431","11","2023-02-09 07:06:27","1","1","0","0"
"10850718","1251","1430","5","2023-12-22 15:40:06","6","3","0","3"
"10852113","1476","1430","73","","0","0","0","0"
"10852413","985","1430","19","","0","0","0","0"
"10854225","1655","1429","9","2023-10-07 14:34:06","1","0","0","1"
"10861790","1504","1427","7","2024-01-31 08:57:25","1","0","0","1"
"10864550","831","1427","9","2023-02-04 14:01:30","1","1","0","0"
"10866729","927","1426","5","","0","0","0","0"
"10867662","1712","1426","73","","0","0","0","0"
"10868312","917","1426","18","2023-10-07 10:53:11","17","2","11","4"
"10868923","625","1426","30","","0","0","0","0"
"10869284","688","1426","9","2023-02-16 09:46:26","1","1","0","0"
"10870842","747","1425","6","","0","0","0","0"
"10872189","667","1425","5","2024-01-10 09:48:07","3","0","1","2"
"10875110","832","1424","5","","0","0","0","0"
"10875311","782","1424","8","","0","0","0","0"
"10875738","571","1424","8","2024-01-05 15:34:21","15","10","0","5"
"10875953","712","1424","61","","0","0","0","0"
"10876104","536","1424","5","","0","0","0","0"
"10878623","791","1423","5","","0","0","0","0"
"10885583","1903","1422","10","","0","0","0","0"
"10885754","829","1422","8","","0","0","0","0"
"10886350","1126","1422","27","2023-07-26 17:49:46","5","3","2","0"
"10889271","609","1421","6","2023-09-14 11:08:31","1","0","0","1"
"10891675","696","1421","20","","0","0","0","0"
"10892973","1346","1420","13","","0","0","0","0"
"10893827","1872","1420","6","2023-04-26 13:48:45","4","4","0","0"
"10893903","910","1420","8","2023-09-09 19:54:18","28","0","1","27"
"10894145","684","1420","5","2023-02-21 17:08:49","1","1","0","0"
"10895042","833","1420","25","2023-12-12 08:45:09","36","5","24","7"
"10895614","1122","1420","8","2023-12-08 10:54:17","3","1","1","1"
"10897981","1056","1420","17","2023-05-09 16:07:38","3","1","2","0"
"10898038","1304","1420","8","2023-07-17 07:38:55","1","0","1","0"
"10900851","774","1419","14","2023-02-06 13:37:24","1","1","0","0"
"10901921","1434","1419","8","","0","0","0","0"
"10902946","552","1419","12","2023-08-28 14:21:00","2","1","0","1"
"10903581","1721","1418","23","2024-01-18 04:56:24","14","7","2","5"
"10904662","774","1418","6","","0","0","0","0"
"10905535","541","1418","30","2023-07-26 17:46:31","20","18","2","0"
"10907280","1274","1417","44","2023-02-25 05:13:46","3","3","0","0"
"10908886","669","1417","5","2023-08-10 04:57:09","3","1","1","1"
"10909317","1326","1417","10","2023-10-17 11:18:23","1","0","0","1"
"10910438","549","1416","32","2023-10-02 15:33:26","1","0","0","1"
"10910984","607","1416","8","","0","0","0","0"
"10912170","1321","1416","15","2023-06-23 08:36:27","2","1","1","0"
"10912187","948","1416","6","","0","0","0","0"
"10915018","1168","1415","12","","0","0","0","0"
"10915280","865","1415","12","2024-01-30 21:14:28","5","1","1","3"
"10915949","958","1415","6","2023-03-10 11:24:20","1","1","0","0"
"10916580","1549","1415","17","2023-08-02 13:14:04","6","0","5","1"
"10917416","718","1415","22","2024-01-23 16:48:06","4","0","1","3"
"10918620","590","1415","5","","0","0","0","0"
"10919370","1215","1415","21","2023-12-13 21:23:08","3","0","1","2"
"10919961","662","1414","8","","0","0","0","0"
"10920207","1118","1414","6","","0","0","0","0"
"10921014","1377","1414","10","2023-11-02 06:28:30","8","0","0","8"
"10922679","561","1414","22","2023-07-04 08:55:51","5","2","3","0"
"10922921","828","1414","6","","0","0","0","0"
"10922948","694","1414","6","2023-09-28 08:36:19","1","0","0","1"
"10926702","701","1413","9","","0","0","0","0"
"10927457","592","1413","6","2023-12-01 11:21:54","2","0","0","2"
"10930717","515","1413","8","2023-08-27 10:42:22","3","0","2","1"
"10933373","1276","1412","15","2023-03-01 16:26:45","1","1","0","0"
"10934636","712","1412","6","2023-11-22 18:20:28","3","0","0","3"
"10935137","849","1412","10","2024-01-31 12:56:05","6","1","2","3"
"10936691","941","1411","56","2023-09-21 07:36:19","5","0","2","3"
"10938722","680","1411","11","2023-03-08 15:10:00","2","2","0","0"
"10939080","734","1411","30","2023-05-04 21:24:05","1","0","1","0"
"10939204","1786","1410","22","","0","0","0","0"
"10939373","1395","1410","94","","0","0","0","0"
"10939701","844","1410","6","","0","0","0","0"
"10940544","1210","1410","5","2023-10-06 12:36:30","2","0","0","2"
"10942128","710","1410","15","2023-12-19 02:38:08","1","0","0","1"
"10943282","525","1409","9","2024-01-21 02:20:07","30","27","2","1"
"10945409","1304","1409","10","2023-02-09 02:53:40","2","2","0","0"
"10946893","1040","1409","5","2023-05-01 04:43:58","2","1","1","0"
"10947572","1664","1408","15","","0","0","0","0"
"10951873","1020","1408","16","2023-06-19 19:42:13","1","0","1","0"
"10952155","600","1408","20","2023-05-05 19:57:41","2","1","1","0"
"10953958","1412","1407","41","2023-02-23 22:54:04","2","2","0","0"
"10954249","1336","1407","9","","0","0","0","0"
"10956441","942","1407","14","2024-01-27 15:48:00","2","1","0","1"
"10961649","686","1406","7","2023-03-30 08:12:52","1","1","0","0"
"10961947","501","1406","7","","0","0","0","0"
"10962180","591","1406","10","2023-12-03 10:37:37","2","1","0","1"
"10963215","1502","1406","23","2024-01-25 10:14:14","45","14","10","21"
"10964894","719","1405","5","2024-01-11 20:20:26","5","2","1","2"
"10970669","936","1404","17","2023-03-14 12:01:01","1","1","0","0"
"10970839","609","1404","20","2023-09-18 12:46:55","2","1","0","1"
"10970871","1159","1404","13","2023-03-13 13:36:54","3","3","0","0"
"10972959","1740","1404","23","","0","0","0","0"
"10974490","1168","1403","7","","0","0","0","0"
"10975244","1735","1403","9","2023-09-11 13:19:47","2","0","1","1"
"10975692","1510","1403","11","2024-01-22 06:33:24","5","1","2","2"
"10975709","1601","1403","56","2023-03-01 14:48:07","1","1","0","0"
"10976182","1490","1403","7","","0","0","0","0"
"10976284","572","1403","7","2024-01-03 15:13:19","1","0","0","1"
"10977681","674","1402","9","2023-02-02 12:47:56","1","1","0","0"
"10981696","954","1402","8","2023-05-12 15:07:52","2","1","1","0"
"10982121","611","1401","5","2023-11-13 06:02:29","1","0","0","1"
"10982177","612","1401","6","","0","0","0","0"
"10982785","582","1401","12","2024-01-17 05:13:42","8","1","1","6"
"10983470","1793","1401","6","2023-03-20 14:03:05","1","1","0","0"
"10983525","645","1401","5","2023-02-21 13:35:53","1","1","0","0"
"10984188","743","1401","11","","0","0","0","0"
"10984192","697","1401","6","","0","0","0","0"
"10984284","862","1401","8","2023-10-18 08:26:43","5","2","2","1"
"10985257","1148","1401","6","2024-01-09 18:54:31","7","2","2","3"
"10985412","923","1401","39","2023-12-07 13:21:21","2","1","0","1"
"10985797","665","1401","14","","0","0","0","0"
"10986054","687","1401","7","2023-10-15 19:10:46","1","0","0","1"
"10987085","1725","1401","21","2023-08-30 19:14:09","2","0","1","1"
"10987126","687","1401","6","","0","0","0","0"
"10987310","1940","1401","11","2023-11-04 16:33:49","19","3","5","11"
"10987905","544","1400","5","2023-04-28 08:41:15","1","1","0","0"
"10988386","1069","1400","14","2023-12-14 06:49:30","22","2","12","8"
"10989407","1425","1400","29","2023-10-12 08:35:09","19","8","6","5"
"10990664","582","1400","16","","0","0","0","0"
"10992051","1080","1400","76","2023-12-10 21:52:01","2","1","0","1"
"10992342","511","1400","8","2024-01-19 16:32:59","4","0","1","3"
"10992387","674","1400","5","","0","0","0","0"
"10992417","1231","1400","18","2023-07-25 05:40:14","1","0","1","0"
"10994132","1010","1399","6","","0","0","0","0"
"10994244","838","1399","8","","0","0","0","0"
"10994363","1748","1399","10","2024-01-06 01:52:35","15","0","1","14"
"10995550","1440","1399","81","","0","0","0","0"
"10997676","618","1399","8","2023-09-05 08:35:19","4","1","0","3"
"10997988","530","1399","5","2023-12-31 17:42:11","2","0","1","1"
"10998081","1139","1399","12","2023-05-18 08:17:48","3","1","2","0"
"10999757","767","1398","25","","0","0","0","0"
"11000412","1940","1398","5","2023-07-24 15:56:09","16","10","6","0"
"11001003","683","1398","7","","0","0","0","0"
"11001751","1409","1398","7","2023-10-24 12:52:36","5","2","1","2"
"11002589","651","1398","6","2023-05-11 08:53:58","2","1","1","0"
"11003343","664","1398","15","2023-02-14 19:19:16","1","1","0","0"
"11003497","1933","1398","25","2023-10-07 15:42:52","3","0","2","1"
"11004482","834","1397","18","","0","0","0","0"
"11004559","1171","1397","10","2023-02-17 05:17:41","1","1","0","0"
"11004770","1130","1397","10","2023-10-28 14:40:49","3","1","0","2"
"11006284","1258","1397","8","2023-03-19 05:08:29","1","1","0","0"
"11009349","730","1396","10","2023-12-11 15:56:53","4","2","1","1"
"11009351","1024","1396","6","2023-11-18 09:16:49","1","0","0","1"
"11010112","1140","1396","15","","0","0","0","0"
"11012952","571","1395","17","2023-10-02 12:23:41","1","0","0","1"
"11014310","587","1395","39","","0","0","0","0"
"11018641","1381","1394","12","2023-11-11 19:24:13","10","3","3","4"
"11019205","690","1394","23","2023-12-15 14:20:05","2","0","1","1"
"11019563","544","1394","13","2023-06-20 16:40:28","1","0","1","0"
"11020164","1575","1394","12","2023-04-06 11:54:19","2","2","0","0"
"11020515","1969","1393","10","2023-07-20 18:52:20","2","1","1","0"
"11023821","1709","1393","11","2023-10-25 14:38:23","27","18","2","7"
"11024344","633","1393","5","2023-06-26 08:22:16","1","0","1","0"
"11027652","955","1392","8","2023-12-30 14:11:29","15","6","6","3"
"11029624","1079","1392","9","2023-03-16 07:08:25","1","1","0","0"
"11034016","533","1391","5","","0","0","0","0"
"11034353","1567","1391","5","2023-12-01 13:40:35","21","0","18","3"
"11034408","1215","1391","15","2023-06-20 11:22:37","4","3","1","0"
"11035142","1120","1391","20","2023-10-04 21:35:08","13","9","0","4"
"11035194","1435","1391","12","2023-08-16 08:21:11","8","5","2","1"
"11035850","539","1391","10","","0","0","0","0"
"11040577","578","1389","51","","0","0","0","0"
"11040735","629","1389","33","2023-02-28 11:56:17","1","1","0","0"
"11041668","905","1389","5","2023-12-04 12:49:38","11","4","4","3"
"11041834","666","1389","10","2023-02-23 04:37:55","1","1","0","0"
"11042897","569","1388","33","","0","0","0","0"
"11043676","1039","1388","14","2023-11-20 20:28:19","8","2","1","5"
"11044929","892","1388","6","2023-09-06 17:54:19","3","0","2","1"
"11046238","1607","1388","13","2023-04-22 21:21:56","1","1","0","0"
"11047953","902","1388","6","","0","0","0","0"
"11050231","617","1387","5","","0","0","0","0"
"11050470","597","1387","26","","0","0","0","0"
"11050869","510","1387","5","","0","0","0","0"
"11051541","553","1387","11","2023-11-04 11:35:53","1","0","0","1"
"11052072","543","1387","43","2023-03-30 12:44:15","2","2","0","0"
"11053343","1544","1387","16","2023-12-19 00:29:32","10","1","4","5"
"11056726","803","1386","22","","0","0","0","0"
"11057932","1927","1386","9","2023-10-09 11:33:33","20","11","8","1"
"11061164","1493","1385","24","2023-10-26 08:46:04","3","0","1","2"
"11064188","671","1385","5","","0","0","0","0"
"11064332","531","1385","7","2023-06-08 14:10:34","1","0","1","0"
"11066033","1080","1384","5","","0","0","0","0"
"11066298","1109","1384","17","2023-06-21 08:14:38","12","10","2","0"
"11069307","678","1384","5","","0","0","0","0"
"11071504","1379","1383","31","2023-12-18 07:53:09","37","17","14","6"
"11072533","866","1383","18","2023-09-19 15:00:35","15","3","7","5"
"11072709","777","1383","13","2023-02-18 15:14:05","2","2","0","0"
"11074399","546","1382","14","","0","0","0","0"
"11074422","592","1382","10","2023-10-26 14:12:54","1","0","0","1"
"11074646","1311","1382","8","2023-12-11 13:06:50","1","0","0","1"
"11075348","589","1382","5","2023-07-11 08:57:17","3","1","2","0"
"11079284","1062","1381","11","","0","0","0","0"
"11080485","759","1381","30","","0","0","0","0"
"11083442","561","1380","16","2023-06-26 13:13:00","1","0","1","0"
"11086515","1966","1380","19","2023-07-28 20:29:09","1","0","1","0"
"11087018","1022","1380","11","2023-03-24 04:01:29","2","2","0","0"
"11087305","584","1379","6","","0","0","0","0"
"11088581","1391","1379","42","","0","0","0","0"
"11089028","1246","1379","5","2023-03-10 08:40:53","1","1","0","0"
"11089623","540","1379","10","2023-06-07 10:00:15","2","0","2","0"
"11091299","799","1379","18","","0","0","0","0"
"11091456","501","1379","6","2023-07-05 22:20:31","2","1","1","0"
"11092636","1224","1379","11","2023-07-22 14:23:43","5","3","2","0"
"11092910","604","1379","8","2023-12-21 21:27:12","1","0","0","1"
"11095009","1032","1378","42","2023-11-16 09:19:36","10","6","3","1"
"11095644","705","1378","18","2023-07-10 15:47:27","7","0","7","0"
"11097900","729","3550","10","","0","0","0","0"
"11099895","1012","1377","8","","0","0","0","0"
"11100735","592","1377","8","","0","0","0","0"
"11103705","819","1377","53","2023-04-06 10:19:12","2","2","0","0"
"11103856","522","1377","9","","0","0","0","0"
"11104626","845","1376","11","","0","0","0","0"
"11104908","741","1376","6","2023-10-30 12:28:38","2","0","1","1"
"11105356","1076","1376","56","","0","0","0","0"
"11105685","1668","1376","5","2023-03-03 15:46:35","1","1","0","0"
"11106360","920","1376","11","2023-09-13 10:56:46","1","0","0","1"
"11106507","1176","1376","5","","0","0","0","0"
"11107192","747","1376","16","2023-11-17 12:14:41","2","0","0","2"
"11107672","656","1375","5","2023-12-18 13:30:17","3","0","1","2"
"11107859","611","1375","20","2023-03-10 12:25:55","1","1","0","0"
"11110455","1823","1375","24","","0","0","0","0"
"11111990","1510","1374","5","2023-02-14 14:23:09","1","1","0","0"
"11116090","1221","1374","57","2023-07-24 19:31:38","8","1","7","0"
"11117382","1999","1373","5","2023-10-25 23:32:23","1","0","0","1"
"11117535","725","1373","6","","0","0","0","0"
"11120306","531","1373","5","","0","0","0","0"
"11120774","1811","1373","5","2024-01-02 20:29:15","1","0","0","1"
"11121568","666","1373","23","2023-08-16 11:11:09","2","0","1","1"
"11121782","711","1373","6","2023-11-23 12:56:13","2","0","0","2"
"11122141","939","1373","9","2023-08-08 13:56:45","34","14","19","1"
"11127541","1913","1372","27","2023-07-31 12:21:19","3","1","2","0"
"11130088","572","1371","14","2023-09-28 20:45:58","3","0","2","1"
"11131411","694","1371","12","2023-09-16 22:03:51","1","0","0","1"
"11132995","1109","1371","7","2023-08-21 18:06:59","4","1","0","3"
"11134035","567","1370","16","2023-12-12 10:51:16","4","0","1","3"
"11134160","581","1370","11","","0","0","0","0"
"11134167","980","1658","5","2023-05-16 06:53:02","3","1","2","0"
"11134583","888","1370","9","","0","0","0","0"
"11135849","544","1370","11","","0","0","0","0"
"11136668","904","1370","32","2023-06-27 09:36:02","2","0","2","0"
"11137679","1828","1370","46","2023-05-22 22:00:56","20","13","7","0"
"11137856","1008","1370","5","","0","0","0","0"
"11138133","731","1370","5","","0","0","0","0"
"11138585","1086","1369","6","2024-01-21 08:45:07","8","0","2","6"
"11140420","721","1369","5","2023-03-04 02:25:20","1","1","0","0"
"11141271","1045","1369","19","2023-10-27 20:10:03","5","0","1","4"
"11141749","824","1369","6","","0","0","0","0"
"11143111","1233","1368","17","2024-01-21 00:09:34","6","0","0","6"
"11145139","1029","1368","5","2023-12-24 07:36:57","1","0","0","1"
"11145147","1215","1368","7","","0","0","0","0"
"11145261","825","1368","5","2023-02-23 14:44:31","3","3","0","0"
"11145307","587","1368","16","","0","0","0","0"
"11145820","1979","1367","34","2024-01-03 15:29:54","5","1","3","1"
"11146632","1802","1367","7","2024-01-01 08:03:10","2","0","0","2"
"11147804","679","1367","5","2023-12-16 15:17:19","11","0","0","11"
"11148081","1271","1367","5","","0","0","0","0"
"11148296","1670","1367","17","2023-10-05 11:07:37","2","1","0","1"
"11149106","1048","1367","30","","0","0","0","0"
"11149837","1203","1367","11","","0","0","0","0"
"11152425","637","1366","23","2024-01-30 07:38:14","6","0","0","6"
"11152683","1897","1366","22","2023-07-18 05:22:23","4","1","3","0"
"11153441","756","1366","5","","0","0","0","0"
"11153582","918","1366","8","","0","0","0","0"
"11154620","667","1366","7","2023-10-17 19:44:54","3","1","0","2"
"11155207","1972","1366","9","2023-11-02 03:58:34","5","1","2","2"
"11155415","554","1366","7","2023-04-03 21:04:00","3","3","0","0"
"11156380","757","1366","7","2024-01-19 13:08:12","2","0","0","2"
"11157436","1814","1365","5","2023-06-26 10:18:42","1","0","1","0"
"11158393","1738","1365","23","2023-08-15 05:35:03","12","7","3","2"
"11159280","612","1365","5","","0","0","0","0"
"11159476","596","1365","9","2023-12-04 12:53:02","12","4","1","7"
"11161388","1349","1365","10","","0","0","0","0"
"11161962","1290","1365","5","2023-12-08 09:29:40","1","0","0","1"
"11163214","712","1364","35","2023-06-04 18:33:57","1","0","1","0"
"11164271","917","1364","5","2024-01-19 12:49:51","10","0","0","10"
"11165048","533","1364","8","","0","0","0","0"
"11165788","1534","1364","8","2023-10-23 16:08:15","7","3","3","1"
"11168170","652","1364","11","2023-04-24 08:01:11","1","1","0","0"
"11168176","531","1364","42","","0","0","0","0"
"11168409","825","1363","35","","0","0","0","0"
"11170656","693","1363","22","2023-10-11 11:46:35","7","2","1","4"
"11170736","752","1363","10","2024-01-29 10:04:49","10","0","0","10"
"11177720","1932","1361","22","2023-04-24 15:36:33","4","4","0","0"
"11187075","969","1360","17","2024-01-11 14:48:19","1","0","0","1"
"11189133","502","1359","12","2023-05-04 09:02:06","2","1","1","0"
"11189668","1127","1359","10","2023-12-13 06:17:05","2","0","0","2"
"11190110","540","1359","11","","0","0","0","0"
"11190169","911","1363","8","2023-08-18 00:35:43","2","1","0","1"
"11190238","551","1359","5","","0","0","0","0"
"11191948","1002","1359","8","2023-12-15 19:33:27","8","4","2","2"
"11192550","969","1359","10","","0","0","0","0"
"11192976","1565","1359","17","2024-01-12 07:05:11","4","1","0","3"
"11194137","1128","1359","5","","0","0","0","0"
"11195731","714","1358","7","2023-09-20 06:58:56","5","0","1","4"
"11195868","1288","1358","6","2024-01-11 18:11:11","2","0","0","2"
"11196441","1674","1358","77","2023-03-23 15:38:02","15","15","0","0"
"11196452","1018","1358","22","2024-01-08 21:32:15","12","4","3","5"
"11196771","627","1358","16","2023-09-07 10:48:40","5","4","0","1"
"11199887","633","1358","5","","0","0","0","0"
"11200005","514","1358","5","2023-12-02 00:41:09","2","0","0","2"
"11200608","1335","1357","7","2024-01-29 19:43:29","9","0","0","9"
"11201290","1060","1357","5","","0","0","0","0"
"11203006","1675","1357","16","","0","0","0","0"
"11205287","593","1357","5","2024-01-25 21:34:29","4","0","0","4"
"11206308","1168","1356","5","2023-03-31 15:26:52","2","2","0","0"
"11207358","739","1356","8","2023-10-28 05:11:13","1","0","0","1"
"11207965","883","1356","7","","0","0","0","0"
"11208064","1856","1356","48","2023-08-16 20:03:32","15","3","9","3"
"11208820","1656","1356","9","2023-09-26 15:53:22","3","1","1","1"
"11210003","1124","1356","32","2023-03-16 17:13:39","5","5","0","0"
"11211041","894","1356","5","2023-10-25 16:08:21","4","3","0","1"
"11211430","562","1355","5","2023-03-06 22:57:08","3","3","0","0"
"11211473","1302","1355","6","","0","0","0","0"
"11211759","1318","1355","8","2023-12-11 12:50:13","2","0","0","2"
"11212275","909","1355","11","2024-01-08 23:47:53","14","3","0","11"
"11214108","812","1361","10","","0","0","0","0"
"11214643","1395","1354","15","2023-12-30 16:42:40","4","1","2","1"
"11214886","1029","1354","18","","0","0","0","0"
"11216906","1010","1354","11","","0","0","0","0"
"11217012","566","1354","5","","0","0","0","0"
"11221104","581","1353","5","","0","0","0","0"
"11222662","1592","1353","7","","0","0","0","0"
"11226214","1797","1352","7","","0","0","0","0"
"11227891","713","1352","5","","0","0","0","0"
"11227919","1676","1352","76","2024-01-19 00:32:01","21","11","5","5"
"11228798","1640","1352","5","2023-10-12 13:06:18","1","0","0","1"
"11230588","1088","1351","9","","0","0","0","0"
"11232272","751","1351","14","2023-06-28 17:02:43","1","0","1","0"
"11232438","755","1351","7","2024-01-15 09:14:33","3","2","0","1"
"11234199","1771","1351","18","2024-01-31 15:38:58","65","0","6","59"
"11234827","964","1351","7","2023-05-12 14:42:12","2","1","1","0"
"11235449","1250","1350","7","","0","0","0","0"
"11235876","533","1350","25","","0","0","0","0"
"11236563","1304","1350","76","","0","0","0","0"
"11238034","711","1350","9","2023-05-14 17:30:59","2","1","1","0"
"11238118","553","1350","5","2024-01-09 00:39:54","2","0","0","2"
"11239018","1550","1350","15","2023-12-24 20:20:00","9","0","5","4"
"11239195","630","1350","7","","0","0","0","0"
"11239251","600","1350","7","","0","0","0","0"
"11242930","1036","1349","9","","0","0","0","0"
"11243998","700","1349","16","2023-03-24 17:23:07","2","2","0","0"
"11244991","801","1349","34","2023-06-02 18:23:56","4","1","3","0"
"11246894","1731","1348","7","2023-10-07 04:56:31","3","1","1","1"
"11248245","590","1348","8","2023-02-01 21:12:43","1","1","0","0"
"11248859","508","1348","5","2023-03-29 18:02:03","1","1","0","0"
"11249318","1079","1347","8","","0","0","0","0"
"11249828","1291","1347","9","2023-06-14 21:31:34","5","0","5","0"
"11249864","1090","1347","6","2023-12-11 02:30:51","1","0","0","1"
"11249929","542","1347","5","2023-03-17 12:38:50","2","2","0","0"
"11250133","680","1347","24","","0","0","0","0"
"11251010","629","1347","7","2023-05-08 16:28:48","2","1","1","0"
"11252174","859","1347","15","2023-04-25 17:35:21","6","6","0","0"
"11253712","554","1346","5","2023-09-13 19:03:58","3","0","0","3"
"11254630","733","1346","8","","0","0","0","0"
"11254818","1981","1346","11","","0","0","0","0"
"11255630","1887","1346","7","","0","0","0","0"
"11257385","979","1346","8","2023-12-28 20:21:09","9","4","3","2"
"11259304","1090","1345","29","2023-08-16 10:46:27","12","8","3","1"
"11260467","1531","1345","50","2023-08-29 13:16:47","8","5","2","1"
"11261546","1551","2870","11","","0","0","0","0"
"11262404","574","1345","5","","0","0","0","0"
"11262560","720","1345","11","","0","0","0","0"
"11262633","1282","1345","9","2023-11-19 18:23:35","9","3","4","2"
"11263240","624","1345","5","2023-07-16 22:12:27","1","0","1","0"
"11264793","844","1344","8","2023-04-09 17:59:51","2","2","0","0"
"11265026","594","1344","6","2023-09-21 17:03:22","2","0","0","2"
"11265290","813","1344","10","2023-12-20 01:43:31","1","0","0","1"
"11265637","860","1344","45","2023-03-05 19:46:51","1","1","0","0"
"11265720","667","1344","6","2024-01-23 08:46:53","1","0","0","1"
"11268154","796","1344","15","","0","0","0","0"
"11268398","954","1344","18","2023-03-20 12:44:36","8","8","0","0"
"11269045","1956","1344","43","2023-02-06 13:42:51","2","2","0","0"
"11269158","1346","1344","47","","0","0","0","0"
"11271671","744","1343","59","2023-03-18 14:46:54","2","2","0","0"
"11271840","733","1343","5","2023-07-11 13:56:34","1","0","1","0"
"11272464","883","1343","5","2023-09-15 12:40:34","1","0","0","1"
"11273483","671","1343","18","2023-04-09 14:35:21","3","3","0","0"
"11273997","566","1343","6","2023-05-26 16:29:53","1","0","1","0"
"11275515","927","1342","11","","0","0","0","0"
"11275562","511","1342","34","","0","0","0","0"
"11277108","1131","1342","5","2023-09-17 16:40:30","4","0","2","2"
"11277878","614","1342","10","2023-11-07 07:59:34","4","0","3","1"
"11279981","705","1341","10","2023-06-04 14:31:09","4","3","1","0"
"11280068","1224","1341","35","2023-07-12 18:14:54","4","3","1","0"
"11281707","1015","1341","18","2023-07-26 15:07:41","8","2","6","0"
"11282077","1722","1341","15","2023-06-07 11:04:55","1","0","1","0"
"11282470","576","1341","18","","0","0","0","0"
"11283020","750","1341","8","","0","0","0","0"
"11283638","980","1340","16","2023-12-12 04:31:13","1","0","0","1"
"11283695","1026","1340","8","","0","0","0","0"
"11284068","584","1340","5","2023-10-20 11:14:05","2","0","0","2"
"11289386","601","1339","33","","0","0","0","0"
"11291844","993","1339","42","2023-03-23 14:43:51","3","3","0","0"
"11292068","1058","1339","8","2023-04-11 13:43:23","3","3","0","0"
"11293413","789","1339","30","","0","0","0","0"
"11293523","1470","1339","9","","0","0","0","0"
"11297147","1376","1338","5","2024-01-17 04:55:38","13","1","2","10"
"11298974","1023","1338","25","2023-12-11 03:03:42","12","8","1","3"
"11299632","572","1338","25","","0","0","0","0"
"11299656","937","1338","16","2023-12-20 02:22:47","14","6","7","1"
"11301085","1100","1338","5","2023-04-17 08:01:42","1","1","0","0"
"11301126","719","1338","10","2023-06-29 15:45:19","1","0","1","0"
"11302100","1052","1338","5","2024-01-22 21:04:52","5","4","0","1"
"11304107","1411","1337","27","2023-10-05 09:56:10","15","4","9","2"
"11305029","954","1337","10","2023-08-24 12:58:01","2","1","0","1"
"11305308","1104","1337","11","2023-11-23 09:19:15","8","4","2","2"
"11306878","1497","1337","20","2024-01-30 13:09:43","17","6","5","6"
"11307127","987","1337","39","2023-02-10 12:00:28","3","3","0","0"
"11308345","629","1337","18","2023-07-18 23:46:23","1","0","1","0"
"11308378","897","1337","15","2023-04-12 18:54:44","2","2","0","0"
"11310640","1455","1336","5","2023-04-13 23:13:43","2","2","0","0"
"11310951","735","1336","9","2023-08-20 16:40:08","3","1","0","2"
"11311620","517","1336","15","","0","0","0","0"
"11311715","748","1837","5","2023-12-06 10:21:38","3","0","0","3"
"11312366","1001","1336","5","2023-08-27 10:59:25","4","0","0","4"
"11313959","852","1336","14","","0","0","0","0"
"11315866","551","1335","7","","0","0","0","0"
"11316163","621","2350","5","","0","0","0","0"
"11317541","513","1335","6","2023-12-01 20:27:52","2","0","0","2"
"11317931","1016","1335","11","2023-08-28 19:07:18","4","0","2","2"
"11318154","601","1335","6","2024-01-18 08:26:12","2","0","0","2"
"11318161","1234","1335","13","2023-08-22 09:32:57","1","0","0","1"
"11318930","1355","1335","6","2023-10-11 15:03:30","8","5","1","2"
"11319063","574","1335","5","2023-05-17 13:20:17","3","0","3","0"
"11320178","705","1334","12","2023-10-12 10:06:47","3","1","1","1"
"11320820","549","1334","7","","0","0","0","0"
"11323473","979","1333","6","2023-12-14 09:37:38","3","1","1","1"
"11324994","1058","1333","6","2024-01-08 08:51:32","2","0","1","1"
"11329095","638","1332","6","","0","0","0","0"
"11332424","538","1331","9","2023-12-14 06:31:32","7","6","0","1"
"11333172","620","1331","5","2023-04-08 09:15:18","2","2","0","0"
"11334608","769","1331","8","2023-11-02 18:14:46","18","0","11","7"
"11335072","1608","1331","14","2023-03-21 16:53:22","17","17","0","0"
"11337273","1498","1331","7","2023-04-05 23:13:19","1","1","0","0"
"11337553","702","1330","7","","0","0","0","0"
"11338150","858","1330","52","","0","0","0","0"
"11338900","1401","1330","73","2023-09-27 12:51:24","7","4","0","3"
"11339386","751","1330","36","2023-03-23 23:39:58","18","18","0","0"
"11340462","1183","1330","29","2023-09-27 17:02:17","5","1","1","3"
"11340631","1089","1330","6","2024-01-19 02:15:02","2","0","0","2"
"11340793","662","1330","8","2023-10-13 07:49:57","2","0","0","2"
"11342997","713","1362","5","","0","0","0","0"
"11343076","1622","1330","5","","0","0","0","0"
"11345852","597","1329","5","2023-06-06 09:39:33","1","0","1","0"
"11347983","1843","1329","6","2023-02-28 08:55:39","1","1","0","0"
"11348316","666","1329","10","","0","0","0","0"
"11351725","755","1328","12","","0","0","0","0"
"11354407","1034","1327","20","","0","0","0","0"
"11355399","552","1327","12","","0","0","0","0"
"11355968","582","1327","17","2024-01-19 14:48:27","8","1","3","4"
"11356202","793","1327","28","","0","0","0","0"
"11356638","1937","1327","5","2023-09-12 18:43:09","1","0","0","1"
"11357695","758","1326","8","","0","0","0","0"
"11359310","1435","1326","12","2024-01-24 18:25:17","4","1","2","1"
"11360035","587","1326","23","2023-11-10 00:20:05","3","1","1","1"
"11360272","980","1326","7","","0","0","0","0"
"11360794","789","1326","6","2023-06-13 15:12:25","2","0","2","0"
"11361272","551","1325","12","2024-01-23 17:35:21","6","4","0","2"
"11361894","649","1325","34","2023-06-07 09:11:19","1","0","1","0"
"11361952","1365","1325","14","2023-02-12 18:42:31","1","1","0","0"
"11363789","568","1325","8","2023-03-14 10:43:44","2","2","0","0"
"11365178","502","1325","8","","0","0","0","0"
"11365465","618","1325","23","","0","0","0","0"
"11368281","815","1324","12","2023-11-06 16:15:09","5","0","4","1"
"11368483","1649","1324","12","","0","0","0","0"
"11370312","819","1325","11","","0","0","0","0"
"11370582","904","1324","5","2023-08-07 18:34:01","4","0","3","1"
"11374051","584","1323","7","","0","0","0","0"
"11375002","502","1323","7","","0","0","0","0"
"11377950","537","1322","5","","0","0","0","0"
"11378937","551","1322","7","","0","0","0","0"
"11383969","1704","1321","30","2023-12-20 15:41:10","2","1","0","1"
"11384455","1950","1321","20","2023-04-28 18:22:06","1","1","0","0"
"11384740","711","1321","5","","0","0","0","0"
"11385052","1758","1321","118","","0","0","0","0"
"11385442","977","1321","16","2024-01-10 13:00:44","16","4","5","7"
"11390523","804","1319","20","","0","0","0","0"
"11392110","806","1319","6","","0","0","0","0"
"11392177","900","1319","15","","0","0","0","0"
"11392333","1077","1319","6","2024-01-07 21:22:07","4","0","3","1"
"11394571","664","1318","11","2024-01-11 15:42:07","5","3","1","1"
"11395264","544","1318","10","2023-11-12 22:42:27","10","0","6","4"
"11397243","633","1317","16","2023-11-28 19:07:42","4","2","1","1"
"11399142","1138","1317","13","2023-08-14 11:56:50","4","0","2","2"
"11399221","821","1317","39","2023-10-27 15:12:16","12","10","0","2"
"11402198","1325","1317","12","2023-06-02 16:34:05","3","1","2","0"
"11403638","611","1316","10","2023-06-25 02:26:50","4","0","4","0"
"11404295","859","1316","8","2023-11-13 09:58:20","9","3","2","4"
"11404554","562","1316","29","","0","0","0","0"
"11408662","681","1315","7","2023-03-05 13:48:25","1","1","0","0"
"11410980","932","1315","12","2023-09-05 15:16:02","1","0","0","1"
"11411342","1226","1315","7","2023-11-20 11:22:16","6","0","5","1"
"11413106","1867","1315","8","","0","0","0","0"
"11414612","1041","1314","20","2023-05-25 12:38:52","22","20","2","0"
"11415784","549","1314","5","","0","0","0","0"
"11417822","1287","1314","8","2023-03-27 16:44:04","1","1","0","0"
"11419020","771","1313","6","2023-02-21 15:15:26","1","1","0","0"
"11420630","1713","1313","9","2024-01-05 08:04:11","19","5","7","7"
"11421381","1422","1312","51","2023-11-16 16:45:05","5","0","2","3"
"11422689","1361","1312","15","2023-09-27 17:38:55","9","2","3","4"
"11422830","1687","1312","5","","0","0","0","0"
"11423283","650","1312","8","2023-12-21 11:18:12","5","0","1","4"
"11423386","730","1312","25","","0","0","0","0"
"11423857","525","1312","20","","0","0","0","0"
"11423910","1055","1312","10","","0","0","0","0"
"11426324","668","1311","10","","0","0","0","0"
"11426731","536","1311","5","","0","0","0","0"
"11426982","1009","1311","13","2023-06-05 18:28:59","2","1","1","0"
"11427841","1886","1311","22","2024-01-03 16:20:40","19","9","6","4"
"11428852","655","1311","11","2023-11-14 15:56:03","1","0","0","1"
"11430151","889","1310","24","2024-01-23 23:15:18","12","3","0","9"
"11430272","671","1310","5","2023-10-25 03:59:01","3","0","0","3"
"11431068","695","1310","17","2023-08-07 11:24:01","5","2","0","3"
"11435898","1530","1309","46","2023-04-15 18:36:31","8","8","0","0"
"11437648","1966","1309","48","2023-03-28 11:30:24","1","1","0","0"
"11438666","962","1309","8","","0","0","0","0"
"11438803","1033","1309","13","2024-01-24 18:51:06","9","0","1","8"
"11438881","1119","1309","8","2023-07-14 14:14:54","2","0","2","0"
"11439327","600","1308","11","","0","0","0","0"
"11441668","662","1308","7","2023-07-17 01:05:09","5","1","4","0"
"11442598","1505","1308","94","2023-02-08 10:32:55","1","1","0","0"
"11442976","649","1308","5","","0","0","0","0"
"11443623","590","1308","36","","0","0","0","0"
"11445644","1132","1307","10","","0","0","0","0"
"11445727","1230","1307","33","2023-11-26 08:31:47","12","8","0","4"
"11445944","1905","1307","34","2023-09-15 03:38:07","1","0","0","1"
"11449180","1484","1307","29","2023-10-12 17:27:15","14","8","2","4"
"11450174","1144","1307","16","2023-06-13 00:35:17","1","0","1","0"
"11451001","568","1306","6","","0","0","0","0"
"11451181","854","1306","10","","0","0","0","0"
"11451428","836","1306","5","2023-09-13 11:53:22","2","0","1","1"
"11454413","590","1305","6","","0","0","0","0"
"11456475","1247","1305","9","2023-05-16 21:40:44","1","0","1","0"
"11457981","1438","1304","5","","0","0","0","0"
"11458740","1309","1304","11","","0","0","0","0"
"11459416","1270","1304","8","","0","0","0","0"
"11465188","519","1360","6","2023-12-19 08:51:09","2","0","0","2"
"11465355","925","1303","8","2023-09-18 08:25:47","2","1","0","1"
"11468488","941","1302","22","","0","0","0","0"
"11468648","1670","1302","8","2023-10-16 06:11:15","5","0","2","3"
"11468868","737","1302","14","","0","0","0","0"
"11469519","1418","1302","51","2024-01-25 09:53:05","29","0","0","29"
"11471381","1808","1302","11","","0","0","0","0"
"11473506","510","1301","22","","0","0","0","0"
"11474305","653","1301","5","","0","0","0","0"
"11476545","936","1301","5","2023-11-01 10:28:38","7","1","2","4"
"11476834","843","1301","6","2023-09-01 13:39:22","2","0","1","1"
"11477031","1519","1301","35","","0","0","0","0"
"11477081","710","1301","9","","0","0","0","0"
"11478354","1086","1301","52","2024-01-22 23:05:06","27","4","7","16"
"11478858","503","1300","24","2023-02-08 11:57:56","1","1","0","0"
"11479709","942","1300","5","2023-06-06 18:07:43","2","1","1","0"
"11480221","612","1300","10","","0","0","0","0"
"11480721","1188","1300","48","2023-04-10 10:15:00","1","1","0","0"
"11481509","883","1300","13","2024-01-29 19:40:34","12","3","3","6"
"11481694","1103","1300","64","","0","0","0","0"
"11482176","964","1300","43","2023-10-24 05:39:28","2","0","0","2"
"11483646","1379","1299","17","2023-07-09 01:52:14","4","2","2","0"
"11485370","1147","1299","26","2023-04-14 15:17:57","1","1","0","0"
"11486307","590","1299","6","","0","0","0","0"
"11486357","700","1299","5","2023-03-14 07:31:40","1","1","0","0"
"11486874","930","1299","21","2024-01-30 03:56:46","47","16","14","17"
"11488790","725","1298","21","2023-05-15 06:19:33","2","0","2","0"
"11490808","1052","1297","8","","0","0","0","0"
"11493218","517","1297","14","2023-11-01 14:25:44","1","0","0","1"
"11493447","1550","1297","18","","0","0","0","0"
"11494222","1468","1297","19","2023-11-01 13:48:53","15","5","2","8"
"11494461","1049","1297","5","2023-04-14 00:15:55","1","1","0","0"
"11495808","720","1296","11","2024-01-11 00:23:35","2","1","0","1"
"11496570","1113","1296","8","","0","0","0","0"
"11501306","840","1295","7","2024-01-26 22:49:24","11","2","2","7"
"11501517","1064","1295","18","2023-08-02 19:15:35","2","0","1","1"
"11502478","698","1295","7","2023-10-04 06:36:54","6","0","1","5"
"11504128","1329","1295","14","","0","0","0","0"
"11505355","561","1295","5","","0","0","0","0"
"11505680","657","1295","7","2023-10-06 06:39:52","6","3","2","1"
"11509626","889","1294","6","2023-08-04 22:38:53","3","2","0","1"
"11509906","1081","1361","8","","0","0","0","0"
"11510697","1406","1294","41","2023-09-20 17:32:55","2","1","0","1"
"11512979","1326","1293","5","2023-02-22 09:27:55","1","1","0","0"
"11513875","575","1293","9","2023-02-22 07:11:22","1","1","0","0"
"11513972","1019","1293","13","2023-11-10 15:15:10","9","4","2","3"
"11514602","783","1293","13","","0","0","0","0"
"11515528","1875","1293","17","2024-01-24 18:31:01","11","0","2","9"
"11517037","783","1293","5","","0","0","0","0"
"11521002","597","1292","23","","0","0","0","0"
"11521081","774","1292","12","","0","0","0","0"
"11522147","1013","1291","6","2023-04-07 13:42:38","2","2","0","0"
"11523447","693","1291","8","","0","0","0","0"
"11523617","723","1291","28","2024-01-22 08:24:10","8","0","1","7"
"11526141","734","1290","7","","0","0","0","0"
"11527968","1081","1290","23","2023-08-06 17:34:17","1","0","0","1"
"11528511","1086","1290","6","","0","0","0","0"
"11530164","583","1290","18","","0","0","0","0"
"11530809","664","1290","6","2023-05-02 11:39:08","3","1","2","0"
"11531646","810","1289","20","","0","0","0","0"
"11531910","630","1289","12","2024-01-18 14:58:35","3","0","0","3"
"11532731","1551","1289","32","","0","0","0","0"
"11534117","1266","1289","9","","0","0","0","0"
"11535032","559","1360","5","","0","0","0","0"
"11538618","571","1288","8","","0","0","0","0"
"11540133","884","1288","10","2023-06-11 15:36:32","2","0","2","0"
"11541528","1989","1288","73","2023-12-25 14:11:59","42","15","6","21"
"11541718","883","1288","12","2024-01-24 13:38:01","2","0","0","2"
"11542205","1268","1287","28","","0","0","0","0"
"11542834","1349","1287","53","","0","0","0","0"
"11543253","1159","1287","6","","0","0","0","0"
"11544538","1500","1287","54","2023-07-05 05:03:16","5","2","3","0"
"11544943","1454","1287","6","2024-01-17 06:44:27","4","1","0","3"
"11546077","835","1287","5","2023-12-14 17:16:18","1","0","0","1"
"11547130","762","1287","27","","0","0","0","0"
"11548885","890","1286","6","2023-02-06 06:12:05","2","2","0","0"
"11549757","1171","1361","7","2023-10-20 02:15:24","1","0","0","1"
"11550733","902","1286","28","2023-10-05 19:45:38","3","0","1","2"
"11553792","589","1285","5","2023-07-12 05:44:49","1","0","1","0"
"11553835","525","1285","10","","0","0","0","0"
"11554158","758","1285","7","","0","0","0","0"
"11554868","804","1285","6","","0","0","0","0"
"11554968","1155","1285","36","","0","0","0","0"
"11555124","576","1285","5","","0","0","0","0"
"11555297","1183","1285","31","","0","0","0","0"
"11555535","815","1285","11","","0","0","0","0"
"11555886","754","1285","11","2023-06-24 22:09:42","3","0","3","0"
"11556864","1147","1284","5","2024-01-13 15:55:24","7","3","0","4"
"11557508","804","1284","6","","0","0","0","0"
"11557612","947","1284","5","","0","0","0","0"
"11557906","1379","1284","40","2023-05-09 09:03:32","16","11","5","0"
"11558043","1091","1284","7","","0","0","0","0"
"11561000","1658","1283","47","2023-07-17 10:35:29","17","11","6","0"
"11563040","552","1283","6","2023-06-08 07:11:39","1","0","1","0"
"11564586","1975","1283","29","2023-12-19 20:02:25","51","12","29","10"
"11564766","1398","1282","24","2023-04-26 20:15:31","12","12","0","0"
"11565176","1224","1282","7","2023-11-10 11:48:19","11","5","4","2"
"11567596","670","1282","7","","0","0","0","0"
"11570343","600","1281","6","","0","0","0","0"
"11573870","1245","1281","16","2023-10-05 17:21:19","2","1","0","1"
"11574292","1451","1281","9","","0","0","0","0"
"11574713","768","1281","27","","0","0","0","0"
"11578082","876","1280","47","2024-01-25 11:01:29","35","1","8","26"
"11578154","512","1280","15","","0","0","0","0"
"11578778","1652","1280","9","","0","0","0","0"
"11579184","1802","1280","6","2023-11-03 08:18:05","2","0","1","1"
"11579367","995","1280","12","2023-04-10 19:41:07","1","1","0","0"
"11579741","1179","1280","19","","0","0","0","0"
"11580131","979","1280","12","2023-09-08 15:22:42","6","1","1","4"
"11580350","677","1280","10","","0","0","0","0"
"11582192","1388","1279","9","2023-11-22 07:30:44","3","1","0","2"
"11582270","1239","1279","36","","0","0","0","0"
"11582682","1220","1279","13","","0","0","0","0"
"11584125","856","1279","11","2023-11-27 19:42:54","7","0","1","6"
"11584839","587","1279","6","","0","0","0","0"
"11586205","706","1278","8","2024-01-19 06:01:06","3","1","0","2"
"11586464","685","1278","6","","0","0","0","0"
"11586487","1296","1278","15","2023-07-30 10:24:30","5","1","4","0"
"11587745","1509","1278","5","2023-10-18 20:50:49","2","0","1","1"
"11589667","747","1277","13","","0","0","0","0"
"11590227","918","1277","7","2023-05-10 18:02:58","1","0","1","0"
"11592336","910","1276","5","2023-10-02 10:40:11","2","1","0","1"
"11592836","928","1276","10","","0","0","0","0"
"11593292","1150","1276","10","2023-03-03 13:52:30","3","3","0","0"
"11594202","920","1276","5","2023-03-08 16:54:30","1","1","0","0"
"11594979","531","1276","16","","0","0","0","0"
"11596811","832","1275","17","2023-04-01 05:40:50","2","2","0","0"
"11597114","1719","1275","17","2023-07-28 05:21:01","2","0","2","0"
"11598566","643","1275","5","2023-07-25 17:38:29","2","1","1","0"
"11598759","1162","1275","6","2023-09-25 15:10:23","3","1","1","1"
"11603006","924","1274","7","2024-01-12 10:52:45","5","2","0","3"
"11603485","1100","1274","6","2024-01-23 11:53:44","9","0","1","8"
"11603561","833","1274","9","2023-10-27 12:45:50","2","1","0","1"
"11604356","1088","1274","8","","0","0","0","0"
"11607378","669","1273","7","2023-12-19 01:59:50","2","0","1","1"
"11608679","629","1273","72","","0","0","0","0"
"11608763","855","1273","6","2023-08-18 04:57:09","1","0","0","1"
"11608928","666","1273","17","2023-11-27 11:59:47","8","1","0","7"
"11609332","835","1273","14","2023-11-25 17:10:50","7","1","0","6"
"11609403","1466","1273","6","2023-05-31 17:03:48","1","0","1","0"
"11609834","1053","1273","32","2023-03-29 01:56:45","1","1","0","0"
"11611195","571","1273","7","2023-04-25 19:09:27","2","2","0","0"
"11611246","1215","1273","10","2023-12-06 12:47:20","11","6","1","4"
"11612861","1643","1272","75","2024-01-28 21:44:48","12","0","0","12"
"11614242","565","1272","9","2023-05-02 11:13:24","2","1","1","0"
"11615575","973","1272","7","2023-10-17 17:49:43","7","3","2","2"
"11619191","543","1271","17","2023-03-28 05:38:41","1","1","0","0"
"11620695","545","1270","19","2023-04-30 17:07:59","3","3","0","0"
"11621414","884","1270","27","","0","0","0","0"
"11622101","1545","1270","19","2023-08-16 12:31:36","9","8","0","1"
"11622707","533","1270","16","2023-11-02 16:52:53","2","0","0","2"
"11622836","741","1270","7","2023-11-15 13:29:10","4","2","1","1"
"11623001","1117","1270","53","2023-10-27 16:42:43","5","0","1","4"
"11623735","830","1269","5","","0","0","0","0"
"11624105","1397","1269","17","2023-09-16 16:21:21","4","1","1","2"
"11627425","627","1269","7","","0","0","0","0"
"11628256","823","1269","57","","0","0","0","0"
"11628437","1891","1268","6","2023-11-27 14:48:35","2","0","0","2"
"11628460","748","1268","22","2023-05-19 12:20:38","3","1","2","0"
"11629229","799","1268","6","","0","0","0","0"
"11630806","1018","1268","23","2023-11-21 15:30:41","5","1","0","4"
"11631828","982","1268","8","2023-03-02 11:47:58","2","2","0","0"
"11634175","638","1267","6","","0","0","0","0"
"11634381","1755","1267","99","2023-02-16 04:43:43","2","2","0","0"
"11635652","1137","1267","84","","0","0","0","0"
"11636064","526","1267","7","2023-02-23 12:23:38","1","1","0","0"
"11637634","1150","1267","6","2023-09-14 09:45:31","2","0","0","2"
"11639763","1909","1266","5","","0","0","0","0"
"11645980","1139","1265","24","2023-02-07 05:43:58","1","1","0","0"
"11647700","613","1265","8","","0","0","0","0"
"11647876","738","1265","30","2023-12-27 06:17:24","22","13","6","3"
"11649498","996","1265","8","2024-01-04 11:52:33","4","2","0","2"
"11650207","575","1265","11","","0","0","0","0"
"11650909","950","1264","18","2023-11-14 04:07:10","9","7","0","2"
"11651779","1438","1264","12","","0","0","0","0"
"11651826","530","1264","7","2023-10-14 15:12:57","1","0","0","1"
"11652441","563","1264","8","","0","0","0","0"
"11652513","613","1264","7","","0","0","0","0"
"11652835","663","1264","6","2023-02-08 08:51:14","1","1","0","0"
"11653949","602","1263","5","","0","0","0","0"
"11654745","1543","1263","15","2023-08-24 09:14:39","2","0","0","2"
"11655094","1305","1263","13","","0","0","0","0"
"11656407","1066","1263","47","2023-09-12 13:11:52","41","7","16","18"
"11656450","1403","1263","53","2023-11-09 05:31:41","6","0","3","3"
"11656516","1098","1262","8","","0","0","0","0"
"11658084","618","1262","29","2023-12-25 14:41:36","2","1","0","1"
"11658553","649","1262","13","2024-01-04 10:32:05","4","3","0","1"
"11658924","801","1262","23","2023-11-04 04:05:19","3","0","0","3"
"11661156","1007","1262","11","2023-03-22 01:58:57","3","3","0","0"
"11662604","835","1261","25","2023-04-17 11:29:52","5","5","0","0"
"11662833","1984","1261","32","2023-12-19 07:10:50","15","4","3","8"
"11663802","618","1261","7","2023-10-11 05:54:56","2","1","0","1"
"11664800","632","1261","8","","0","0","0","0"
"11666446","1260","1261","23","","0","0","0","0"
"11666461","1185","1261","10","2024-01-08 04:02:37","4","0","0","4"
"11668910","507","1260","5","","0","0","0","0"
"11669366","614","1260","5","","0","0","0","0"
"11671972","929","1260","7","2023-05-03 20:12:19","3","1","2","0"
"11672352","843","1260","15","2023-05-19 10:08:53","6","2","4","0"
"11681158","675","1258","7","2023-04-10 16:29:46","2","2","0","0"
"11681480","602","1258","6","2023-06-13 19:16:59","1","0","1","0"
"11682840","644","1258","13","2023-03-17 14:57:18","2","2","0","0"
"11684701","643","1257","34","","0","0","0","0"
"11684935","904","1257","9","","0","0","0","0"
"11685671","1175","1257","12","2023-03-06 08:50:52","2","2","0","0"
"11686674","989","1256","19","2024-01-28 03:31:28","27","1","2","24"
"11687201","1639","1256","23","2024-01-15 12:59:46","3","2","0","1"
"11687571","832","1256","5","","0","0","0","0"
"11688567","1428","1256","41","","0","0","0","0"
"11690901","765","1255","5","","0","0","0","0"
"11691244","601","1255","8","2023-08-31 13:39:58","1","0","0","1"
"11692124","1031","1255","14","2024-01-07 14:34:57","3","0","1","2"
"11692985","1003","1255","22","","0","0","0","0"
"11694321","640","1255","7","2023-05-10 01:48:18","1","0","1","0"
"11697139","814","1254","20","2024-01-02 14:50:29","4","0","1","3"
"11697936","1802","1254","87","","0","0","0","0"
"11698825","894","1254","7","2023-06-08 10:10:19","3","2","1","0"
"11699511","839","1254","9","2023-12-04 19:45:07","3","1","1","1"
"11702221","1482","1253","9","2024-01-31 17:00:31","26","2","0","24"
"11703105","1075","1253","5","","0","0","0","0"
"11704057","595","1253","8","2023-10-16 14:38:32","1","0","0","1"
"11705697","616","1253","8","","0","0","0","0"
"11706586","705","1252","18","2023-12-12 12:07:06","2","0","0","2"
"11707957","1753","1252","8","2024-01-28 16:16:18","16","2","6","8"
"11708327","1358","1252","15","","0","0","0","0"
"11708585","652","1252","7","2024-01-19 13:48:47","1","0","0","1"
"11709021","1297","1252","94","","0","0","0","0"
"11709296","1481","1252","43","2023-06-02 21:23:09","1","0","1","0"
"11711280","531","1251","8","2023-06-04 02:11:20","3","2","1","0"
"11715384","1142","1251","7","2024-01-23 16:02:25","1","0","0","1"
"11716408","1764","1250","43","2023-08-02 14:06:47","7","5","1","1"
"11717058","638","1250","18","","0","0","0","0"
"11717481","1591","1250","68","","0","0","0","0"
"11717910","1068","1250","14","2023-08-17 19:33:51","9","5","2","2"
"11718077","1689","1250","8","","0","0","0","0"
"11718792","787","1249","8","","0","0","0","0"
"11720797","556","1249","12","2023-11-01 21:24:45","1","0","0","1"
"11723599","654","1248","14","2024-01-04 10:38:47","25","1","3","21"
"11723842","1034","1248","5","2023-05-23 02:00:35","1","0","1","0"
"11724014","1314","1248","26","2023-04-26 15:56:25","2","2","0","0"
"11725354","1954","1248","15","2024-01-18 07:25:16","13","2","0","11"
"11726149","1476","1248","80","2023-10-17 20:32:35","1","0","0","1"
"11727541","908","1247","9","2023-09-06 21:13:22","5","3","1","1"
"11728128","1343","1247","5","","0","0","0","0"
"11728990","545","1247","9","","0","0","0","0"
"11729812","615","1247","7","","0","0","0","0"
"11730888","607","1247","15","","0","0","0","0"
"11734692","1220","1246","18","2023-10-17 08:48:20","6","5","0","1"
"11737993","842","1245","11","","0","0","0","0"
"11741232","694","1245","5","2024-01-21 02:11:19","2","0","0","2"
"11742753","660","1244","6","","0","0","0","0"
"11743253","584","1244","38","2023-02-03 17:53:16","1","1","0","0"
"11743588","1725","1244","72","2023-10-31 12:34:39","1","0","0","1"
"11743643","1291","1244","16","2023-09-22 14:29:30","1","0","0","1"
"11745574","625","1244","11","2024-01-29 12:02:11","4","1","1","2"
"11745788","1045","1244","6","2023-11-14 10:40:45","2","0","0","2"
"11746909","909","1243","41","","0","0","0","0"
"11748128","568","1243","24","2023-02-24 05:45:19","1","1","0","0"
"11748351","624","1243","14","","0","0","0","0"
"11748924","1278","1243","8","2024-01-14 22:32:25","8","0","0","8"
"11749651","1214","1242","35","","0","0","0","0"
"11749777","1789","1242","24","2024-01-28 12:47:02","9","0","4","5"
"11749831","1886","1242","90","2023-10-18 09:51:04","9","2","0","7"
"11751609","1713","1242","12","2023-12-04 10:26:41","4","2","0","2"
"11752443","1438","1241","6","2024-01-23 04:16:18","1","0","0","1"
"11753731","1407","1241","15","2023-06-19 16:58:28","4","0","4","0"
"11754047","1225","1241","20","2023-11-30 09:42:06","2","0","1","1"
"11755018","1064","1241","66","2023-03-31 04:46:48","14","14","0","0"
"11755155","769","1241","10","2023-12-13 14:23:43","4","3","0","1"
"11755228","1520","1241","20","2023-10-25 10:17:06","3","0","0","3"
"11758344","706","1240","5","2024-01-13 03:14:57","5","0","0","5"
"11758610","711","1240","5","2023-02-09 17:37:53","2","2","0","0"
"11759438","1315","1240","19","2023-12-05 10:30:23","22","7","7","8"
"11760076","1718","1240","6","2023-09-06 20:35:38","51","1","30","20"
"11761166","694","1240","52","","0","0","0","0"
"11762199","1420","1240","8","2023-06-24 15:39:16","2","1","1","0"
"11764049","1433","1239","9","2023-05-15 13:09:17","4","3","1","0"
"11764050","509","1239","8","","0","0","0","0"
"11764886","1867","1239","6","","0","0","0","0"
"11766145","1790","1239","22","2023-10-04 06:16:23","6","2","2","2"
"11767648","750","1238","10","","0","0","0","0"
"11768882","780","1238","10","2023-12-19 08:24:08","11","3","5","3"
"11769859","1719","1238","53","","0","0","0","0"
"11770490","553","1238","6","2023-06-21 12:34:03","3","1","2","0"
"11771447","1131","1238","14","2023-05-19 19:40:52","6","5","1","0"
"11774056","576","1461","20","2023-03-27 09:34:23","5","5","0","0"
"11774959","718","1237","8","2024-01-08 12:50:29","6","2","1","3"
"11777065","1144","1237","12","2024-01-26 18:14:41","12","0","2","10"
"11777402","1393","1237","45","2023-06-17 20:33:46","2","0","2","0"
"11777454","1318","1237","7","2023-07-18 03:58:35","2","0","2","0"
"11777715","577","1237","10","2023-10-28 22:42:47","2","1","0","1"
"11779147","527","1236","9","","0","0","0","0"
"11783340","664","1235","6","","0","0","0","0"
"11783958","1095","1235","6","2023-08-20 15:14:15","3","0","2","1"
"11784905","881","1234","5","","0","0","0","0"
"11785852","1537","1234","6","2024-01-04 13:45:03","7","4","0","3"
"11787139","667","1234","15","","0","0","0","0"
"11787313","607","1234","17","","0","0","0","0"
"11787903","640","1234","11","2023-11-28 15:04:21","6","0","4","2"
"11790081","623","1233","7","2023-02-21 18:37:57","4","4","0","0"
"11790692","1224","1233","6","2023-09-10 15:34:09","3","1","1","1"
"11790764","1580","1233","5","2023-11-10 09:55:49","4","0","0","4"
"11792830","985","1233","13","2023-10-04 21:05:13","5","3","0","2"
"11792914","812","1233","6","","0","0","0","0"
"11794577","679","1233","6","2023-09-07 05:06:26","1","0","0","1"
"11795603","925","1232","5","","0","0","0","0"
"11795918","1577","1232","12","","0","0","0","0"
"11796404","651","1232","8","2023-05-04 16:47:37","1","0","1","0"
"11801269","726","1231","7","","0","0","0","0"
"11801411","526","1231","5","2023-07-19 23:52:06","1","0","1","0"
"11803687","1649","1231","21","2024-01-09 15:18:54","9","4","1","4"
"11803945","753","1231","10","2023-07-04 10:20:10","1","0","1","0"
"11805824","515","1230","13","2023-12-22 06:02:57","2","0","0","2"
"11811412","1698","1229","19","2023-08-04 10:52:38","2","0","0","2"
"11812006","1945","1229","11","2024-01-02 06:13:15","2","0","1","1"
"11812518","1767","1229","9","","0","0","0","0"
"11812563","932","1229","12","","0","0","0","0"
"11812564","843","1229","14","","0","0","0","0"
"11813885","645","1228","8","","0","0","0","0"
"11814273","502","1228","11","2023-09-14 14:29:09","1","0","0","1"
"11814358","570","1228","11","2024-01-13 08:03:34","20","4","11","5"
"11814361","528","1228","5","2023-05-04 12:26:40","1","0","1","0"
"11814486","693","1228","44","","0","0","0","0"
"11815170","889","1228","5","","0","0","0","0"
"11815313","1271","1228","54","","0","0","0","0"
"11815448","829","1228","19","2024-01-11 12:44:02","1","0","0","1"
"11822556","933","1226","15","","0","0","0","0"
"11823986","975","1226","7","2023-03-07 02:38:27","2","2","0","0"
"11824538","556","1226","20","2023-07-12 17:37:14","1","0","1","0"
"11826017","769","1226","5","2023-02-27 17:20:50","3","3","0","0"
"11826454","714","1226","8","2023-09-08 14:59:21","1","0","0","1"
"11827033","1518","1226","17","","0","0","0","0"
"11827059","1270","1226","10","2023-04-18 10:32:48","2","2","0","0"
"11827404","1103","1225","15","","0","0","0","0"
"11827691","849","1225","13","2023-12-14 20:08:36","4","3","0","1"
"11828164","666","1225","6","2023-11-07 06:45:22","3","2","0","1"
"11829012","517","1225","5","2023-03-03 14:24:55","1","1","0","0"
"11829398","1486","1225","7","2024-01-16 11:50:40","11","6","2","3"
"11831226","846","1225","49","2023-03-11 14:42:23","1","1","0","0"
"11831707","1010","1225","9","2023-07-05 17:01:13","2","0","2","0"
"11831973","604","1225","7","2023-09-14 14:23:00","2","1","0","1"
"11834297","1239","1224","16","2023-10-16 15:58:52","9","4","0","5"
"11838196","1981","1224","5","2024-01-31 21:30:48","14","5","2","7"
"11838606","1159","1224","34","","0","0","0","0"
"11840031","1646","1223","5","","0","0","0","0"
"11841135","652","1223","5","","0","0","0","0"
"11844048","783","1222","7","2023-06-11 09:05:04","1","0","1","0"
"11845013","898","1222","14","2023-09-20 06:52:02","16","4","11","1"
"11846040","1694","1222","12","2024-01-13 22:51:30","17","3","6","8"
"11846078","512","1222","9","2023-12-05 14:49:58","7","0","2","5"
"11846953","1175","1221","13","2024-01-25 03:51:41","25","6","9","10"
"11847557","1199","1221","10","2023-08-01 14:19:32","2","1","0","1"
"11848307","705","1221","5","2023-02-10 11:59:14","1","1","0","0"
"11848561","501","1221","6","","0","0","0","0"
"11848685","1190","1221","15","","0","0","0","0"
"11849033","735","1221","7","2023-02-16 07:23:25","1","1","0","0"
"11850322","1093","1220","39","2024-01-18 08:45:32","20","5","12","3"
"11852419","1762","1220","17","","0","0","0","0"
"11853904","638","1220","6","2023-05-13 20:24:13","1","0","1","0"
"11855654","1224","1219","11","","0","0","0","0"
"11856099","709","1219","57","","0","0","0","0"
"11856430","560","1219","20","2024-01-17 15:06:49","13","6","1","6"
"11861218","1725","1218","63","2023-03-18 00:29:45","1","1","0","0"
"11861493","831","1218","5","","0","0","0","0"
"11863448","1899","1218","166","2024-01-25 06:22:30","39","32","6","1"
"11863556","545","1218","13","2023-09-14 18:10:32","2","1","0","1"
"11863894","526","1218","10","","0","0","0","0"
"11865450","1045","1218","6","2023-08-25 05:54:27","1","0","0","1"
"11866037","1658","1218","10","2023-05-01 20:26:32","2","0","2","0"
"11868502","1721","1217","10","","0","0","0","0"
"11869866","1366","1217","36","2023-10-18 11:58:33","3","0","1","2"
"11870285","761","1217","5","2023-07-08 22:24:38","1","0","1","0"
"11870335","791","1217","15","","0","0","0","0"
"11871733","500","1216","10","2023-11-02 14:27:16","5","1","1","3"
"11872367","1423","1216","5","2023-12-22 22:17:58","6","2","1","3"
"11873647","1301","1216","48","","0","0","0","0"
"11873929","1971","1216","9","2023-06-15 11:24:58","3","2","1","0"
"11874098","645","1216","10","","0","0","0","0"
"11876830","631","1215","9","2023-08-02 10:21:32","1","0","0","1"
"11877987","820","1215","7","","0","0","0","0"
"11878751","544","1215","5","","0","0","0","0"
"11879205","569","1215","13","2023-08-13 21:58:35","4","2","1","1"
"11879558","1327","1214","28","2023-10-30 07:31:59","16","6","4","6"
"11880263","1496","1214","5","","0","0","0","0"
"11880323","651","1214","24","2023-09-18 06:43:55","13","1","7","5"
"11880684","545","1214","7","2023-05-04 17:10:07","1","0","1","0"
"11881368","1079","1214","8","2023-10-01 01:11:50","1","0","0","1"
"11881804","1177","1214","14","","0","0","0","0"
"11882873","588","1213","5","","0","0","0","0"
"11884052","517","1213","7","","0","0","0","0"
"11884764","877","1213","12","2024-01-31 11:02:48","24","0","17","7"
"11885241","1150","1213","9","2023-12-19 08:10:16","1","0","0","1"
"11885780","512","1213","8","2023-05-16 20:35:54","1","0","1","0"
"11886045","1094","1213","17","2024-01-23 10:09:05","1","0","0","1"
"11886417","580","1213","5","2023-04-28 04:40:49","1","1","0","0"
"11888809","906","1212","15","2023-08-21 18:54:23","2","1","0","1"
"11889111","685","1212","15","","0","0","0","0"
"11889907","585","1212","10","2023-12-03 05:12:07","3","2","0","1"
"11891228","1001","1212","67","2023-11-22 08:39:19","1","0","0","1"
"11891319","768","1212","11","2023-05-08 11:43:53","1","0","1","0"
"11891580","723","1212","6","2024-01-26 16:00:55","5","0","0","5"
"11893765","1487","1211","6","","0","0","0","0"
"11893958","1460","1211","23","2023-04-19 11:54:47","3","3","0","0"
"11894228","1446","1211","5","","0","0","0","0"
"11894669","734","1211","5","","0","0","0","0"
"11895459","837","1211","26","","0","0","0","0"
"11895568","1859","1211","19","","0","0","0","0"
"11897032","581","1211","6","","0","0","0","0"
"11897522","792","1211","5","","0","0","0","0"
"11898172","808","1211","9","2023-07-17 11:54:24","9","1","8","0"
"11900716","523","1210","19","","0","0","0","0"
"11902787","1341","1210","19","","0","0","0","0"
"11906235","1288","1209","7","2023-11-21 17:57:16","2","1","0","1"
"11908145","1421","1209","84","2023-04-19 10:42:12","1","1","0","0"
"11908438","545","1209","5","2023-10-05 13:56:28","3","0","0","3"
"11908757","820","1209","6","2023-10-17 10:00:00","6","3","1","2"
"11909003","1482","1209","12","2023-11-28 19:19:59","4","0","1","3"
"11910702","991","1208","9","2023-10-20 19:17:16","7","2","1","4"
"11911577","776","1208","11","2023-08-29 10:12:45","4","3","0","1"
"11911813","563","1208","8","2023-05-01 11:15:57","3","2","1","0"
"11913765","524","1207","32","2023-03-02 09:04:12","4","4","0","0"
"11915595","1198","1206","20","","0","0","0","0"
"11919175","1582","1206","50","2024-01-20 10:43:13","7","0","0","7"
"11920147","657","1205","12","2023-10-11 17:09:51","4","0","0","4"
"11920892","560","1205","8","","0","0","0","0"
"11921489","521","1205","7","","0","0","0","0"
"11922179","723","1205","25","2023-10-12 14:25:59","7","5","0","2"
"11922567","1832","1205","40","2024-01-28 23:56:43","16","0","0","16"
"11922643","1193","1205","34","2023-07-06 13:41:07","4","0","4","0"
"11923286","1212","1205","8","2023-04-24 07:12:22","9","9","0","0"
"11925371","1776","1204","8","","0","0","0","0"
"11926169","1368","1204","25","2023-05-18 07:00:39","53","22","31","0"
"11927040","703","1204","5","","0","0","0","0"
"11927434","822","1204","6","2023-10-17 14:47:07","3","0","1","2"
"11928455","604","1204","10","","0","0","0","0"
"11928527","1050","1204","8","2023-10-31 17:06:55","8","5","1","2"
"11930252","915","1203","7","","0","0","0","0"
"11931101","1518","1203","73","","0","0","0","0"
"11931787","692","1203","5","2023-08-29 13:47:41","2","1","0","1"
"11932012","1026","1203","5","2023-11-05 02:57:44","5","1","1","3"
"11934850","906","1202","36","","0","0","0","0"
"11935026","1282","1202","14","2023-07-07 00:28:29","1","0","1","0"
"11935654","797","1202","12","2023-07-28 20:13:58","1","0","1","0"
"11937243","529","1202","5","","0","0","0","0"
"11937789","1525","1202","78","2023-10-22 21:10:37","3","1","0","2"
"11938709","1345","1201","7","","0","0","0","0"
"11938729","646","1201","8","","0","0","0","0"
"11939840","1646","1201","10","2023-04-14 22:41:36","1","1","0","0"
"11941084","1680","1201","8","","0","0","0","0"
"11941095","638","1201","8","2023-04-13 16:47:15","1","1","0","0"
"11941146","1104","1201","7","2023-06-03 22:43:25","8","5","3","0"
"11941549","1075","1200","64","2023-07-24 08:05:19","10","1","9","0"
"11942385","536","1200","10","2023-02-27 07:46:25","1","1","0","0"
"11942492","1299","1200","5","","0","0","0","0"
"11945373","943","1199","7","2023-03-16 07:37:24","1","1","0","0"
"11945463","669","1199","27","2024-01-16 03:05:11","21","6","8","7"
"11946045","834","1199","14","2024-01-06 20:10:23","6","0","3","3"
"11947188","605","1199","5","","0","0","0","0"
"11948546","1297","1199","9","2024-01-06 19:39:54","4","1","1","2"
"11949116","1673","1198","20","2023-09-29 11:28:31","3","2","0","1"
"11951051","648","1198","21","","0","0","0","0"
"11951277","1359","1198","6","","0","0","0","0"
"11953196","993","1198","9","2023-03-19 10:09:35","2","2","0","0"
"11953633","1484","1198","28","2024-01-26 16:32:03","3","2","0","1"
"11954782","1123","1197","8","2023-11-07 04:24:00","1","0","0","1"
"11956116","885","1197","7","","0","0","0","0"
"11959734","704","1196","5","2023-10-17 00:09:03","3","1","0","2"
"11960977","837","1196","8","2023-07-28 15:05:21","1","0","1","0"
"11961036","1584","1196","35","2023-12-13 08:49:28","19","10","4","5"
"11961514","806","1196","7","2023-06-30 16:07:16","1","0","1","0"
"11963167","506","1196","9","","0","0","0","0"
"11963457","925","1196","33","2023-11-21 11:21:12","3","0","2","1"
"11963779","1290","1196","20","2023-08-13 20:09:39","2","0","0","2"
"11964458","547","1196","7","","0","0","0","0"
"11966136","687","1195","8","","0","0","0","0"
"11966421","809","1195","8","2023-06-28 07:54:57","2","1","1","0"
"11966906","920","1195","5","2024-01-14 09:48:41","12","6","0","6"
"11968089","501","1195","8","","0","0","0","0"
"11974466","753","1193","11","2023-02-03 18:59:22","3","3","0","0"
"11975045","1284","1193","22","2024-01-20 15:23:25","5","1","0","4"
"11976630","725","1192","5","","0","0","0","0"
"11977284","1714","1192","42","","0","0","0","0"
"11979146","709","1192","5","2023-09-10 14:46:31","3","1","0","2"
"11982162","508","1191","8","2023-11-25 07:51:44","1","0","0","1"
"11982497","1249","1191","11","","0","0","0","0"
"11983208","1014","1191","36","2023-10-09 02:32:50","14","3","7","4"
"11984843","790","1191","62","2024-01-10 14:15:36","9","0","4","5"
"11985062","644","1191","8","2024-01-09 20:26:55","21","3","3","15"
"11986067","505","1191","6","","0","0","0","0"
"11986963","1290","1190","12","2024-01-12 23:34:51","5","2","0","3"
"11988351","655","1190","9","2024-01-30 08:15:36","2","0","0","2"
"11989412","1980","1190","11","2023-07-13 09:25:27","9","1","8","0"
"11990317","1175","1190","6","","0","0","0","0"
"11992033","1364","1189","7","2024-01-27 08:50:55","4","2","1","1"
"11993679","1781","1189","14","2023-07-02 20:24:13","1","0","1","0"
"11993840","865","1189","7","","0","0","0","0"
"11993925","665","1189","7","2023-10-18 12:41:38","1","0","0","1"
"11995761","517","1189","5","","0","0","0","0"
"11998029","1235","1188","11","2023-02-24 07:24:35","1","1","0","0"
"11999748","571","1188","22","","0","0","0","0"
"12001877","1223","1187","8","2023-12-12 02:38:52","4","1","1","2"
"12002600","1472","1187","17","2023-06-29 07:10:28","7","5","2","0"
"12003183","1147","1187","6","2023-02-15 10:04:33","1","1","0","0"
"12003938","887","1187","14","2023-07-31 14:46:41","5","1","4","0"
"12003966","1056","1187","67","2023-11-14 13:41:41","2","1","0","1"
"12005025","599","1186","6","2023-10-26 12:35:12","24","0","0","24"
"12006281","978","1186","6","2023-08-23 01:58:21","9","0","1","8"
"12009071","609","1324","5","2023-06-30 12:36:43","12","0","12","0"
"12010568","580","1185","9","","0","0","0","0"
"12014156","1590","1184","8","2023-11-18 08:03:01","4","0","1","3"
"12014524","518","1184","32","2023-05-22 01:02:33","4","1","3","0"
"12017533","873","1183","5","","0","0","0","0"
"12017769","1253","1183","7","2023-05-09 06:01:36","1","0","1","0"
"12018635","526","1183","5","2023-05-01 22:35:17","2","0","2","0"
"12020542","1049","1183","19","2024-01-05 08:42:04","6","2","2","2"
"12020710","610","1183","14","2023-09-15 10:02:27","4","3","0","1"
"12020853","1275","1183","34","2023-11-08 10:30:40","16","3","4","9"
"12023661","1444","1182","67","2023-11-22 16:41:24","1","0","0","1"
"12023921","717","1182","5","2023-08-22 06:40:38","1","0","0","1"
"12026545","620","1182","15","2023-06-13 06:04:08","1","0","1","0"
"12030680","798","1181","15","","0","0","0","0"
"12031119","1238","1181","9","","0","0","0","0"
"12031648","1052","1181","5","","0","0","0","0"
"12032098","868","1181","42","","0","0","0","0"
"12033762","526","1180","14","2024-01-02 07:45:14","7","0","5","2"
"12034466","523","1180","7","","0","0","0","0"
"12035498","655","1180","9","2023-10-24 20:33:24","3","2","0","1"
"12036005","700","1180","12","","0","0","0","0"
"12036450","711","1179","20","2023-12-18 10:22:45","5","0","4","1"
"12036671","833","1179","20","","0","0","0","0"
"12040178","542","1178","17","","0","0","0","0"
"12040634","1046","1178","62","2023-10-18 09:58:43","11","2","7","2"
"12040727","760","1178","24","2023-02-16 10:37:02","3","3","0","0"
"12040751","1589","1178","76","2023-10-09 12:59:00","18","0","12","6"
"12041020","1973","1178","8","","0","0","0","0"
"12041280","1087","1178","17","2023-09-04 07:41:36","6","4","1","1"
"12044397","673","1177","6","","0","0","0","0"
"12048003","892","1177","13","2023-04-20 23:54:29","1","1","0","0"
"12048600","565","1177","5","2023-09-12 09:32:38","2","1","0","1"
"12048625","510","1177","7","","0","0","0","0"
"12051755","878","1176","6","","0","0","0","0"
"12052309","1791","1176","7","","0","0","0","0"
"12053079","1914","1176","46","2023-05-08 10:11:03","6","5","1","0"
"12053397","1914","1176","47","2024-01-31 03:16:49","34","9","12","13"
"12053457","653","1176","18","2024-01-05 15:31:39","4","1","1","2"
"12053682","544","1176","8","","0","0","0","0"
"12053724","1110","1176","10","2023-08-19 20:04:30","14","5","6","3"
"12053756","940","1176","7","","0","0","0","0"
"12054032","1458","1176","36","","0","0","0","0"
"12054590","1515","1176","18","","0","0","0","0"
"12054883","646","1176","9","","0","0","0","0"
"12054903","545","1176","9","2023-10-25 19:24:55","1","0","0","1"
"12056368","1474","1175","46","","0","0","0","0"
"12056841","572","1175","5","2023-12-16 22:46:18","6","2","0","4"
"12057512","1088","1175","18","2023-10-27 12:25:21","2","1","0","1"
"12057794","1416","1175","7","2023-03-16 10:51:35","2","2","0","0"
"12058026","527","1175","11","","0","0","0","0"
"12058591","1081","1175","9","2023-08-09 14:25:27","3","0","1","2"
"12060289","934","1175","7","","0","0","0","0"
"12061972","903","1174","5","","0","0","0","0"
"12062831","611","1174","32","","0","0","0","0"
"12064319","720","1174","13","","0","0","0","0"
"12065399","771","1174","20","","0","0","0","0"
"12066468","992","1173","9","","0","0","0","0"
"12066677","1447","1173","14","2024-01-04 11:33:51","3","0","2","1"
"12070549","537","1172","22","2023-03-31 03:29:08","6","6","0","0"
"12073621","685","1171","7","2023-08-14 13:57:36","5","2","2","1"
"12075306","1411","1171","16","2024-01-03 19:09:27","5","0","1","4"
"12078109","1373","1170","7","","0","0","0","0"
"12080199","553","1170","12","2023-07-30 11:30:26","5","3","2","0"
"12080644","705","1170","5","","0","0","0","0"
"12081269","897","1170","7","2023-08-02 11:39:21","2","0","1","1"
"12081337","557","1170","25","2024-01-04 15:06:59","1","0","0","1"
"12082289","565","1169","6","2023-02-16 15:04:00","1","1","0","0"
"12083662","1209","1169","45","2023-07-27 08:29:21","2","0","2","0"
"12083845","531","1169","5","","0","0","0","0"
"12084219","711","1169","7","","0","0","0","0"
"12084349","671","1169","13","2023-02-02 07:23:11","1","1","0","0"
"12084802","1759","1169","17","","0","0","0","0"
"12085680","578","1169","5","2024-01-03 14:32:41","6","2","2","2"
"12085772","1175","1169","13","2023-11-15 08:49:28","9","3","4","2"
"12086793","789","1169","10","2023-06-28 14:06:18","1","0","1","0"
"12087117","569","1169","25","","0","0","0","0"
"12089368","1493","1168","14","2023-04-17 08:13:26","1","1","0","0"
"12090310","1791","1168","6","2023-08-26 22:33:24","5","1","1","3"
"12092416","633","1168","6","2023-04-06 16:26:09","3","3","0","0"
"12093975","1973","1167","24","2023-11-01 13:43:47","21","9","8","4"
"12094566","626","1167","18","2023-07-10 05:23:28","2","1","1","0"
"12094976","1271","1167","24","2024-01-19 15:34:55","44","30","4","10"
"12095270","645","1167","27","","0","0","0","0"
"12096670","845","1167","18","2023-06-04 03:59:34","10","5","5","0"
"12097673","1771","1167","8","2023-10-17 19:38:33","1","0","0","1"
"12100772","984","1166","17","2024-01-06 20:31:27","6","1","1","4"
"12100901","515","1166","11","2023-12-31 12:47:26","1","0","0","1"
"12100921","579","1166","6","2023-06-18 07:42:50","5","2","3","0"
"12101201","1525","1165","10","","0","0","0","0"
"12103109","664","1165","6","2023-09-21 19:55:51","9","3","3","3"
"12103577","905","1165","7","2023-08-09 17:21:33","3","1","1","1"
"12104971","541","1164","7","","0","0","0","0"
"12105019","1368","1164","28","","0","0","0","0"
"12108699","1313","1164","14","","0","0","0","0"
"12110258","634","1163","12","2023-09-01 21:35:14","2","0","0","2"
"12111186","742","1163","40","2024-01-05 06:28:46","4","0","3","1"
"12112549","516","1163","10","","0","0","0","0"
"12114919","627","1163","9","2023-12-26 05:10:06","5","0","1","4"
"12115512","816","1163","10","2023-04-27 13:18:31","2","2","0","0"
"12116401","984","1162","6","","0","0","0","0"
"12117968","594","1162","21","","0","0","0","0"
"12118516","1124","1162","150","2024-01-31 09:42:30","5","0","0","5"
"12118888","1486","1162","12","","0","0","0","0"
"12119351","1203","1162","36","2024-01-24 07:46:15","25","4","12","9"
"12119825","736","1162","47","2023-05-31 11:01:38","1","0","1","0"
"12121052","928","1162","7","2023-02-08 18:55:59","1","1","0","0"
"12121251","554","1162","5","","0","0","0","0"
"12121325","1547","1162","14","2024-01-30 05:08:10","5","2","2","1"
"12122460","1701","1161","34","","0","0","0","0"
"12124177","696","1161","6","2023-11-09 13:07:53","3","2","0","1"
"12125320","1685","1161","5","2023-08-21 13:54:01","1","0","0","1"
"12126422","640","1161","21","2023-02-15 04:24:46","1","1","0","0"
"12126562","560","1161","11","2023-10-26 19:34:25","4","0","2","2"
"12126897","980","1161","5","2023-03-21 22:50:01","1","1","0","0"
"12128167","682","1160","8","2023-12-19 01:11:58","3","0","0","3"
"12129150","1813","1160","9","2023-12-24 23:08:44","5","1","2","2"
"12129644","1133","1160","24","","0","0","0","0"
"12129650","1230","1160","5","2023-08-22 11:16:42","2","1","0","1"
"12131249","1143","1160","14","2023-03-30 10:01:58","33","33","0","0"
"12131806","770","1160","19","2023-11-27 12:43:15","1","0","0","1"
"12132021","1026","1160","32","2023-06-27 04:30:13","3","2","1","0"
"12136510","540","1159","9","2023-06-08 16:50:55","3","1","2","0"
"12137312","1059","1158","9","2023-03-29 10:19:01","1","1","0","0"
"12138592","1145","1158","51","2024-01-11 20:36:13","10","1","1","8"
"12142547","554","1157","8","2023-12-15 11:17:42","3","2","0","1"
"12146581","1019","1156","56","2023-05-21 16:36:42","2","1","1","0"
"12149625","505","1156","5","","0","0","0","0"
"12149698","544","1156","14","","0","0","0","0"
"12150026","642","1156","7","","0","0","0","0"
"12150524","627","1156","5","2023-11-04 21:42:41","2","0","0","2"
"12152032","982","1155","5","2023-07-26 19:45:03","5","2","3","0"
"12152078","1907","1155","9","","0","0","0","0"
"12152937","977","1155","6","2023-12-12 14:54:18","3","0","0","3"
"12153321","1384","1155","15","2023-07-12 08:22:03","7","5","2","0"
"12156349","726","1155","5","2023-02-21 19:50:05","2","2","0","0"
"12158123","1156","1154","54","2023-05-19 11:38:19","1","0","1","0"
"12160182","931","1154","28","2023-09-12 10:20:55","6","0","3","3"
"12162243","934","1153","9","2023-11-27 19:47:19","4","1","0","3"
"12162473","637","1153","13","2023-08-02 09:40:15","1","0","0","1"
"12162481","840","1153","6","2023-12-28 04:57:23","2","1","0","1"
"12162813","1828","1153","8","2023-08-02 11:54:22","1","0","0","1"
"12165605","614","1153","12","","0","0","0","0"
"12169382","700","1152","6","2023-02-23 02:23:26","1","1","0","0"
"12171038","511","1151","31","2023-02-20 10:01:48","8","8","0","0"
"12171673","1560","1151","136","2023-02-27 23:18:30","11","11","0","0"
"12172291","1955","1151","32","","0","0","0","0"
"12172493","547","1151","5","","0","0","0","0"
"12172908","1125","1151","7","2023-08-23 09:18:54","4","1","2","1"
"12173339","660","1151","6","","0","0","0","0"
"12173531","1055","1151","19","2023-03-21 20:02:55","1","1","0","0"
"12173865","766","1151","9","","0","0","0","0"
"12176221","1161","1150","33","2023-11-21 16:42:55","10","6","2","2"
"12177498","1094","1150","29","2023-02-09 10:46:58","1","1","0","0"
"12177707","588","1150","34","","0","0","0","0"
"12183825","1080","1149","6","2023-11-22 07:14:55","10","3","4","3"
"12186528","1494","1148","7","2024-01-25 08:38:25","29","8","1","20"
"12186963","1069","1148","5","","0","0","0","0"
"12187513","980","1148","5","2023-06-10 13:50:27","2","0","2","0"
"12189049","794","1148","6","","0","0","0","0"
"12189257","1556","1148","101","","0","0","0","0"
"12189568","1117","1148","5","2024-01-19 10:14:26","5","1","0","4"
"12189790","816","1148","5","","0","0","0","0"
"12189828","903","1148","8","","0","0","0","0"
"12193818","538","1147","7","2023-04-20 11:59:44","2","2","0","0"
"12193952","873","1147","8","2023-11-25 21:27:41","8","6","1","1"
"12194044","1364","1147","6","","0","0","0","0"
"12195695","1325","1147","9","2023-12-12 12:51:35","8","1","2","5"
"12196081","1361","1147","5","","0","0","0","0"
"12196549","504","1147","12","","0","0","0","0"
"12196664","1682","1147","68","2023-09-18 19:56:40","8","1","0","7"
"12197071","649","1147","17","2023-05-10 22:48:13","8","7","1","0"
"12199915","866","1146","7","2024-01-07 12:58:59","2","0","1","1"
"12200765","676","1146","18","2023-12-22 07:22:09","8","0","0","8"
"12200949","569","1146","30","","0","0","0","0"
"12201407","738","1146","6","2023-08-14 06:37:09","4","0","2","2"
"12202964","821","1146","12","2024-01-23 16:36:13","2","0","0","2"
"12203568","627","1146","13","","0","0","0","0"
"12204281","779","1145","6","","0","0","0","0"
"12205676","891","1145","24","2023-07-07 13:05:25","4","0","4","0"
"12206312","853","1145","10","2023-07-04 18:23:47","2","0","2","0"
"12206317","967","1145","37","2023-06-04 12:31:34","1","0","1","0"
"12207183","537","1145","11","2023-07-12 10:22:53","15","9","6","0"
"12211740","994","1143","12","2023-07-03 20:57:37","2","0","2","0"
"12211826","654","1143","5","","0","0","0","0"
"12215938","520","1143","16","2023-07-27 19:50:18","1","0","1","0"
"12216762","766","1143","9","2023-11-04 02:52:09","1","0","0","1"
"12216779","1219","1143","18","2023-11-27 04:13:29","7","6","0","1"
"12218522","952","1142","5","","0","0","0","0"
"12218938","1447","1142","8","2023-12-01 18:27:42","5","2","1","2"
"12219726","707","1142","9","2023-05-31 13:42:21","2","1","1","0"
"12221382","821","1142","10","2023-02-21 08:36:01","1","1","0","0"
"12221547","540","1142","9","2023-10-30 23:07:34","6","1","2","3"
"12222861","748","1142","8","","0","0","0","0"
"12223815","511","1141","6","","0","0","0","0"
"12224743","647","1141","10","","0","0","0","0"
"12225165","579","1141","27","","0","0","0","0"
"12225720","713","1141","11","","0","0","0","0"
"12227120","800","1141","31","2023-02-04 10:15:17","1","1","0","0"
"12228079","1005","1141","20","2023-10-19 15:25:13","11","3","2","6"
"12229158","1441","1141","22","","0","0","0","0"
"12229910","759","1140","41","2023-09-14 20:28:01","8","5","1","2"
"12232127","621","1140","21","2023-07-12 16:16:29","2","0","2","0"
"12232260","631","1140","5","","0","0","0","0"
"12232870","1818","1140","10","","0","0","0","0"
"12236313","1090","1139","25","2023-09-27 14:18:40","9","7","1","1"
"12236467","709","1139","5","2023-04-12 05:02:28","2","2","0","0"
"12239272","636","1139","38","","0","0","0","0"
"12239849","942","1139","13","","0","0","0","0"
"12242150","559","1138","6","2023-03-26 21:24:10","1","1","0","0"
"12244217","504","1138","5","2023-04-05 10:31:07","1","1","0","0"
"12244448","1502","1138","8","","0","0","0","0"
"12247578","1430","1137","17","","0","0","0","0"
"12250600","539","1136","5","","0","0","0","0"
"12251609","738","1136","11","","0","0","0","0"
"12251738","1062","1136","9","2023-02-23 17:16:27","1","1","0","0"
"12252172","793","1136","5","","0","0","0","0"
"12252478","880","1136","6","2023-05-24 13:16:15","2","1","1","0"
"12254098","535","1136","28","","0","0","0","0"
"12254260","1044","1136","30","2023-11-27 11:19:05","2","1","0","1"
"12256622","989","1135","15","","0","0","0","0"
"12259643","1735","1135","6","2024-01-08 19:07:10","1","0","0","1"
"12259756","1932","1135","15","2024-01-31 08:06:51","1","0","0","1"
"12260088","1050","1135","20","","0","0","0","0"
"12261221","680","1134","25","","0","0","0","0"
"12261829","606","1134","10","2023-05-07 11:31:01","3","1","2","0"
"12262729","516","1134","26","2024-01-23 22:57:43","15","0","13","2"
"12263543","1655","1134","10","2023-06-15 16:18:33","1","0","1","0"
"12263779","531","1134","21","","0","0","0","0"
"12264153","556","1134","5","2023-08-02 03:00:49","4","1","2","1"
"12265543","547","1134","9","","0","0","0","0"
"12267456","677","1133","24","","0","0","0","0"
"12268570","656","1133","22","2023-10-23 19:16:01","1","0","0","1"
"12269723","508","1133","12","","0","0","0","0"
"12271381","1079","1133","14","","0","0","0","0"
"12271569","1882","1132","11","2023-10-14 21:09:15","28","19","6","3"
"12273225","534","1132","35","","0","0","0","0"
"12273437","512","1132","6","2023-11-22 12:32:53","3","0","0","3"
"12274651","754","1132","5","","0","0","0","0"
"12276108","836","1132","5","","0","0","0","0"
"12276279","1850","1132","21","2024-01-11 23:36:27","5","1","1","3"
"12276511","598","1131","47","2023-08-10 03:22:53","3","2","0","1"
"12278098","634","1131","38","2023-11-22 06:52:52","9","3","4","2"
"12279326","958","1131","15","2024-01-19 21:18:05","20","2","11","7"
"12282048","500","1130","11","","0","0","0","0"
"12284585","1413","1129","47","2023-11-23 10:27:15","4","1","0","3"
"12284689","1284","1129","20","2023-05-17 12:36:53","2","1","1","0"
"12285643","649","1129","27","2023-03-13 10:42:16","1","1","0","0"
"12286256","803","1129","12","2023-09-05 12:50:01","5","1","3","1"
"12286965","726","1129","8","2023-07-30 11:06:57","3","1","2","0"
"12289730","1462","1128","27","2023-09-13 11:17:40","5","0","4","1"
"12291046","690","1128","7","2024-01-11 11:05:47","13","4","5","4"
"12291279","831","1128","16","","0","0","0","0"
"12291425","558","1128","6","2023-04-05 12:15:43","1","1","0","0"
"12291657","772","1128","9","","0","0","0","0"
"12294690","657","1127","6","2023-10-06 16:42:55","1","0","0","1"
"12295975","1869","1127","6","","0","0","0","0"
"12296712","916","1127","8","","0","0","0","0"
"12297382","1676","1127","9","2023-10-02 05:59:36","3","1","1","1"
"12297670","602","1127","9","","0","0","0","0"
"12298875","1137","1127","7","2023-09-11 08:39:05","1","0","0","1"
"12299287","1177","1127","7","2023-12-28 07:30:28","3","2","0","1"
"12301385","718","1126","5","","0","0","0","0"
"12301681","500","1126","11","2023-12-16 14:48:21","2","0","0","2"
"12302982","811","1126","19","2023-08-29 16:56:05","1","0","0","1"
"12305715","1512","1126","7","2023-12-13 13:11:16","3","1","1","1"
"12305721","760","1126","10","2024-01-28 15:41:06","3","0","0","3"
"12308302","520","1125","13","","0","0","0","0"
"12308816","1484","1125","5","2024-01-20 22:19:55","2","0","1","1"
"12309519","1368","1125","7","","0","0","0","0"
"12312156","803","1124","6","","0","0","0","0"
"12312873","682","1124","6","","0","0","0","0"
"12313321","982","1124","25","2023-03-10 06:35:36","2","2","0","0"
"12313402","1388","1124","9","2023-10-07 10:04:04","4","0","1","3"
"12313845","926","1124","34","","0","0","0","0"
"12316388","688","1123","7","2023-09-22 11:42:07","11","1","6","4"
"12316488","905","1123","17","2023-12-16 18:36:25","6","1","2","3"
"12319120","815","1122","40","2024-01-30 07:17:47","11","6","1","4"
"12320578","1067","1122","13","","0","0","0","0"
"12324247","1351","1121","10","2023-09-02 09:40:48","16","5","9","2"
"12326149","992","1121","6","2024-01-24 09:30:50","18","3","5","10"
"12327726","710","1121","10","2023-07-28 18:13:55","2","0","2","0"
"12328750","555","1121","11","2024-01-17 13:57:47","23","0","10","13"
"12329136","765","1121","5","2023-11-21 20:13:42","6","2","2","2"
"12330595","790","1120","9","2023-12-24 08:59:41","4","0","1","3"
"12332290","657","1120","5","2023-09-19 07:07:26","2","1","0","1"
"12334166","619","1120","18","2023-11-01 20:28:36","4","0","0","4"
"12334231","1141","1120","5","2023-11-09 13:56:33","4","0","2","2"
"12334270","1004","1120","13","2023-06-12 10:29:30","3","2","1","0"
"12335211","859","1119","5","2023-08-04 09:50:27","1","0","0","1"
"12336251","503","1119","5","","0","0","0","0"
"12337118","731","1119","12","2024-01-18 16:42:50","9","3","1","5"
"12338762","1274","1119","6","","0","0","0","0"
"12339579","557","1119","11","2023-07-02 13:42:43","1","0","1","0"
"12339828","957","1119","6","2023-09-14 19:59:13","2","0","1","1"
"12340029","1034","1119","12","2024-01-09 17:57:17","30","6","8","16"
"12342019","519","1118","6","","0","0","0","0"
"12344263","592","1118","8","","0","0","0","0"
"12347635","1070","1117","13","2023-11-03 07:54:17","18","9","5","4"
"12348028","1044","1117","6","2023-10-23 21:54:43","12","1","3","8"
"12349305","641","1117","32","2023-05-25 17:49:36","6","4","2","0"
"12351436","513","1116","5","2023-07-16 11:54:22","1","0","1","0"
"12352865","1190","1116","41","2023-09-21 07:20:40","1","0","0","1"
"12353978","1295","1115","52","2023-07-17 09:30:19","1","0","1","0"
"12355272","723","1115","12","2023-10-24 14:08:40","3","2","0","1"
"12355831","604","1115","15","","0","0","0","0"
"12356313","664","1115","12","","0","0","0","0"
"12358733","941","1114","6","2023-08-18 23:56:41","5","2","1","2"
"12360035","1109","1114","5","","0","0","0","0"
"12361037","517","1114","6","","0","0","0","0"
"12362709","1008","1114","21","2023-02-24 23:00:34","2","2","0","0"
"12363248","530","1114","54","","0","0","0","0"
"12363915","1072","1113","9","","0","0","0","0"
"12367340","503","1113","5","","0","0","0","0"
"12367690","554","1113","6","","0","0","0","0"
"12368148","542","1113","8","2023-04-19 09:30:00","1","1","0","0"
"12368402","504","1113","11","2023-10-26 14:58:42","3","1","0","2"
"12371697","532","1112","11","","0","0","0","0"
"12372243","523","1112","6","2024-01-18 21:36:30","2","0","0","2"
"12375555","646","1112","12","2023-04-27 15:43:21","3","3","0","0"
"12376352","837","1111","6","2024-01-23 16:04:07","2","0","0","2"
"12379711","1050","1111","8","2023-11-02 14:55:17","10","0","2","8"
"12382064","1460","1110","36","2024-01-28 20:39:50","2","1","0","1"
"12383129","628","1110","9","2023-10-11 19:17:46","6","3","1","2"
"12383492","655","1110","37","","0","0","0","0"
"12386821","1353","1109","6","","0","0","0","0"
"12387106","664","1109","9","","0","0","0","0"
"12387385","704","1109","5","2023-05-22 20:52:05","3","1","2","0"
"12387391","850","1109","26","2023-06-04 18:48:27","2","0","2","0"
"12391548","555","1108","7","2024-01-12 15:12:06","1","0","0","1"
"12392398","918","1108","9","","0","0","0","0"
"12392803","1063","1108","56","","0","0","0","0"
"12393574","898","1108","7","2024-01-30 13:56:23","5","1","1","3"
"12396770","896","1107","35","","0","0","0","0"
"12397027","677","1107","6","","0","0","0","0"
"12397093","1691","1107","24","2024-01-18 09:11:22","15","13","1","1"
"12397978","1040","1107","7","","0","0","0","0"
"12400440","1284","1107","5","2023-04-21 21:39:07","1","1","0","0"
"12402370","526","1106","5","","0","0","0","0"
"12408160","680","1105","35","","0","0","0","0"
"12409915","945","1105","10","2023-10-19 06:16:51","5","0","0","5"
"12410346","783","1105","25","","0","0","0","0"
"12413190","1381","1105","5","","0","0","0","0"
"12415080","993","1104","19","","0","0","0","0"
"12417483","1978","1104","32","2023-02-15 04:27:25","1","1","0","0"
"12417488","663","1104","12","2023-09-05 19:41:55","3","2","0","1"
"12417702","550","1104","37","2023-07-17 13:03:19","2","0","2","0"
"12418176","842","1104","24","2023-09-20 21:42:24","3","2","0","1"
"12418459","534","1104","16","","0","0","0","0"
"12419687","906","1103","39","2023-07-25 20:56:36","2","0","2","0"
"12420917","650","1103","21","2023-03-06 08:16:23","1","1","0","0"
"12421130","514","1103","12","","0","0","0","0"
"12424486","1499","1102","21","","0","0","0","0"
"12425363","834","1102","6","","0","0","0","0"
"12425564","1577","1102","13","","0","0","0","0"
"12429692","958","1101","5","","0","0","0","0"
"12433791","1047","1100","20","2023-05-02 17:26:38","3","2","1","0"
"12436620","579","1100","9","","0","0","0","0"
"12438293","803","1100","10","2023-08-22 08:22:10","5","2","0","3"
"12440276","1384","1100","28","2023-03-08 08:52:31","3","3","0","0"
"12441504","1521","1100","31","","0","0","0","0"
"12443260","1102","1099","48","2023-08-19 05:13:24","7","0","6","1"
"12444149","794","1099","39","2023-03-17 10:45:17","2","2","0","0"
"12446669","656","1704","18","2023-05-31 15:45:52","3","2","1","0"
"12446954","1531","1099","42","","0","0","0","0"
"12449155","696","1098","24","","0","0","0","0"
"12449444","1318","1098","12","","0","0","0","0"
"12450436","635","1098","8","2023-08-13 14:39:21","1","0","0","1"
"12450829","1742","1098","50","","0","0","0","0"
"12451425","619","1098","5","","0","0","0","0"
"12452180","650","1098","5","2023-06-09 13:12:07","3","2","1","0"
"12452330","919","1098","8","2023-11-27 06:06:25","17","6","4","7"
"12453032","586","1098","7","2023-03-28 19:58:22","3","3","0","0"
"12453562","1033","1098","22","2023-09-05 13:39:38","3","0","1","2"
"12455245","1859","1097","34","2024-01-18 11:26:43","2","0","1","1"
"12458846","610","1096","40","2023-03-13 08:30:27","3","3","0","0"
"12460298","1331","1096","11","2023-09-19 10:33:27","1","0","0","1"
"12461705","616","1096","6","","0","0","0","0"
"12463120","996","1095","16","2024-01-30 19:36:52","4","2","0","2"
"12464709","875","1095","6","2023-12-11 12:51:35","3","1","0","2"
"12466554","1905","1094","5","2024-01-09 00:31:16","11","5","2","4"
"12467026","562","1094","6","2024-01-04 12:39:48","5","2","2","1"
"12467993","1247","1094","83","2023-05-23 03:21:28","1","0","1","0"
"12469165","1195","1094","6","","0","0","0","0"
"12471074","1241","1094","20","2023-08-23 16:06:40","26","11","12","3"
"12471942","1122","1093","16","","0","0","0","0"
"12472644","919","1093","8","","0","0","0","0"
"12473121","1282","1093","26","2023-10-12 11:57:14","7","2","0","5"
"12473792","754","1093","10","2023-10-26 22:31:52","8","1","1","6"
"12476466","1151","1093","7","","0","0","0","0"
"12478660","618","1092","11","2023-06-12 09:55:04","1","0","1","0"
"12482704","1107","1092","16","","0","0","0","0"
"12484098","770","1091","41","","0","0","0","0"
"12484811","767","1091","7","","0","0","0","0"
"12485974","616","1091","14","2023-04-24 20:50:43","6","6","0","0"
"12488082","1835","1091","5","2023-12-01 19:19:44","2","0","0","2"
"12488217","706","1091","8","2023-10-03 20:42:22","2","0","1","1"
"12488391","1781","1091","6","","0","0","0","0"
"12490990","1281","1090","8","2023-10-16 11:50:34","6","4","0","2"
"12493545","1153","1090","11","2023-06-16 14:57:05","5","1","4","0"
"12494150","522","1089","6","2023-06-20 09:59:54","3","1","2","0"
"12494637","639","1089","15","","0","0","0","0"
"12495222","972","1089","8","2023-12-11 11:48:08","8","4","0","4"
"12495916","1779","1089","5","","0","0","0","0"
"12496048","520","1089","13","","0","0","0","0"
"12497960","637","1089","16","","0","0","0","0"
"12499075","634","1088","17","","0","0","0","0"
"12499550","666","1088","8","","0","0","0","0"
"12500284","1104","1088","21","","0","0","0","0"
"12501379","1270","1088","13","","0","0","0","0"
"12501540","649","1088","13","2023-06-30 19:47:16","1","0","1","0"
"12501851","910","1088","9","","0","0","0","0"
"12502175","737","1088","6","2023-10-12 20:51:35","2","1","0","1"
"12502237","1873","1087","6","2024-01-26 21:47:44","28","15","8","5"
"12503901","555","1087","9","2023-10-17 05:20:40","3","1","0","2"
"12504711","1397","1087","69","","0","0","0","0"
"12509535","664","1086","28","2023-03-17 18:32:34","2","2","0","0"
"12513693","1421","1086","44","","0","0","0","0"
"12513926","1060","1086","99","","0","0","0","0"
"12514994","797","1085","10","2023-12-04 01:55:34","4","3","0","1"
"12515016","1076","1085","7","2023-12-02 08:54:50","5","1","2","2"
"12515856","537","1085","5","","0","0","0","0"
"12519572","732","1085","6","2023-09-07 19:34:06","4","0","1","3"
"12519793","729","1085","17","2023-06-02 15:29:43","2","1","1","0"
"12519923","582","1085","17","","0","0","0","0"
"12521158","1726","1085","8","2023-12-06 19:47:04","1","0","0","1"
"12521964","555","1084","7","2023-05-06 17:03:32","4","2","2","0"
"12522652","1001","1084","5","2023-06-12 09:42:00","4","2","2","0"
"12523234","905","1084","6","","0","0","0","0"
"12525489","1448","1084","35","2023-12-04 12:04:19","20","8","4","8"
"12525744","1775","1084","18","2023-04-07 11:54:45","3","3","0","0"
"12529885","586","1083","10","2023-10-13 16:08:40","4","2","0","2"
"12530661","967","1083","58","2023-05-12 07:14:09","2","1","1","0"
"12531285","958","1083","10","2023-03-27 12:53:31","1","1","0","0"
"12533555","1775","1083","9","2023-04-27 11:35:22","1","1","0","0"
"12533852","840","1083","10","2023-10-06 21:28:16","2","0","0","2"
"12535554","785","1082","14","2023-07-28 09:40:50","7","5","2","0"
"12537072","591","1082","6","2024-01-05 08:43:42","14","2","8","4"
"12541118","524","1081","25","2023-10-26 17:29:56","3","1","0","2"
"12541301","1117","1081","17","2023-09-19 02:09:20","16","4","8","4"
"12541413","1014","1081","13","2023-07-01 03:59:30","2","0","2","0"
"12543320","544","1080","11","","0","0","0","0"
"12545413","1336","1080","8","2024-01-04 08:17:31","3","0","2","1"
"12546561","524","1080","10","2023-10-20 07:50:45","9","5","0","4"
"12551115","925","1079","7","2023-09-12 15:54:26","2","0","1","1"
"12551925","693","1079","26","","0","0","0","0"
"12552672","722","1079","20","","0","0","0","0"
"12552878","668","1079","18","2024-01-03 21:27:49","4","1","0","3"
"12553209","1236","1079","12","2023-11-17 13:07:45","3","0","1","2"
"12555280","1104","1079","84","2023-07-04 11:08:22","2","0","2","0"
"12555423","1383","1078","18","2023-08-12 19:55:18","5","3","1","1"
"12556213","526","1078","10","","0","0","0","0"
"12557235","793","1078","7","","0","0","0","0"
"12558096","630","1078","15","","0","0","0","0"
"12560046","604","1078","9","","0","0","0","0"
"12563159","534","1077","6","2023-09-23 16:57:34","3","2","0","1"
"12563348","607","1077","9","2023-08-28 13:40:12","1","0","0","1"
"12564809","578","1077","5","2023-06-03 14:47:11","20","0","20","0"
"12565460","710","1077","8","2024-01-21 18:03:17","1","0","0","1"
"12566406","740","1077","7","","0","0","0","0"
"12566550","1196","1077","8","2023-10-23 14:04:37","2","1","0","1"
"12568022","1302","1076","26","","0","0","0","0"
"12570655","1072","1076","6","2023-04-28 14:12:03","1","1","0","0"
"12571630","587","1076","5","","0","0","0","0"
"12572208","1186","1879","12","","0","0","0","0"
"12572265","553","1076","5","","0","0","0","0"
"12574439","516","1075","32","2023-12-28 19:00:29","8","0","0","8"
"12575430","500","1075","12","2024-01-12 19:25:11","2","1","0","1"
"12577067","576","1075","10","","0","0","0","0"
"12580704","622","1074","15","2023-06-20 11:07:15","3","1","2","0"
"12582501","624","1073","5","","0","0","0","0"
"12589424","1024","1072","20","2023-11-09 17:22:37","7","2","2","3"
"12594882","603","1071","18","2023-12-26 21:18:04","5","0","1","4"
"12598415","942","1070","13","2023-05-22 22:15:51","2","1","1","0"
"12598451","883","1070","22","2023-12-11 07:28:14","8","3","1","4"
"12599279","1464","1070","14","2024-01-23 12:10:41","38","4","5","29"
"12601926","621","1070","12","2024-01-03 00:23:41","2","1","0","1"
"12603032","1032","1070","6","2023-11-22 17:23:03","14","1","0","13"
"12606901","1369","1069","7","2023-12-06 21:35:58","3","0","1","2"
"12606908","574","1069","5","2023-11-10 20:55:40","1","0","0","1"
"12616456","570","1068","5","2024-01-18 23:16:00","7","1","0","6"
"12619605","1072","1067","11","2023-11-16 03:29:17","8","3","4","1"
"12621443","1651","1067","6","","0","0","0","0"
"12624145","685","1066","24","2023-03-17 16:44:42","1","1","0","0"
"12624891","740","1066","5","2024-01-08 19:39:43","4","2","1","1"
"12625403","976","1066","6","2023-12-18 08:58:26","2","0","0","2"
"12625845","595","1066","7","2024-01-06 23:11:38","3","2","0","1"
"12626795","856","1066","17","2023-12-23 15:53:24","6","1","3","2"
"12631293","1454","1065","18","2024-01-29 07:20:02","17","7","5","5"
"12631936","526","1065","8","2023-08-06 09:39:42","26","0","19","7"
"12633371","613","1065","7","2023-06-02 08:55:46","1","0","1","0"
"12634182","586","1065","6","2023-12-05 11:08:51","4","2","1","1"
"12635249","1333","1064","5","2023-05-14 06:30:33","2","1","1","0"
"12635334","1311","1064","22","2023-08-24 13:09:50","3","1","1","1"
"12636415","1205","1064","6","2024-01-02 13:09:50","4","2","0","2"
"12637199","811","1064","20","2023-09-05 15:13:01","3","0","2","1"
"12639399","590","1063","22","2023-02-28 01:21:56","1","1","0","0"
"12639759","1249","1063","5","","0","0","0","0"
"12639918","1259","1063","34","2023-08-23 13:45:04","7","2","4","1"
"12641598","1551","1063","8","2023-12-13 01:05:35","2","0","0","2"
"12641805","581","1063","6","","0","0","0","0"
"12643106","1322","1063","9","2023-09-22 12:25:00","6","3","2","1"
"12647580","531","1062","6","2023-03-15 09:21:13","1","1","0","0"
"12649675","554","1062","6","2024-01-25 06:05:00","2","0","0","2"
"12649874","1939","1061","9","2023-02-23 19:12:12","2","2","0","0"
"12650052","683","1061","37","","0","0","0","0"
"12651989","533","1061","12","","0","0","0","0"
"12658831","587","1059","8","","0","0","0","0"
"12659721","1640","1059","5","2023-08-09 11:51:38","2","1","0","1"
"12659957","1549","1059","11","","0","0","0","0"
"12661877","1029","1059","13","2023-04-26 06:59:13","2","2","0","0"
"12662056","1705","1059","14","","0","0","0","0"
"12662495","743","1059","40","","0","0","0","0"
"12662745","1538","1059","42","","0","0","0","0"
"12662846","547","1059","10","2023-04-12 14:05:24","1","1","0","0"
"12664040","1105","1059","27","","0","0","0","0"
"12664668","508","1059","8","2023-12-13 04:56:51","1","0","0","1"
"12666543","635","1058","16","","0","0","0","0"
"12668808","1032","1058","9","","0","0","0","0"
"12669337","836","1058","8","2023-07-06 21:45:15","3","0","3","0"
"12669625","1600","1058","11","","0","0","0","0"
"12671149","504","1058","8","","0","0","0","0"
"12671403","553","1058","11","2023-07-17 21:11:39","10","2","8","0"
"12671405","1331","1058","30","2023-11-24 13:53:02","12","11","0","1"
"12673060","527","1057","40","2023-04-04 17:46:57","1","1","0","0"
"12674966","1514","1057","22","2023-08-30 08:18:16","8","5","2","1"
"12678216","773","1057","9","","0","0","0","0"
"12681984","1137","1056","76","2023-05-27 10:34:00","26","6","20","0"
"12682303","1227","1056","8","","0","0","0","0"
"12686246","927","1055","9","2023-10-31 11:01:00","3","2","0","1"
"12690313","1339","1055","18","2023-03-08 18:58:45","2","2","0","0"
"12690493","1002","1055","21","2023-06-03 21:12:51","1","0","1","0"
"12690718","1712","1055","15","2023-09-23 17:53:01","4","2","1","1"
"12691808","685","1055","12","2023-09-22 00:52:31","2","0","0","2"
"12694268","663","1054","6","2023-05-04 09:55:45","3","2","1","0"
"12696223","990","1054","5","2023-11-15 11:45:54","1","0","0","1"
"12696307","528","1054","6","","0","0","0","0"
"12701529","833","1052","25","2023-12-11 20:06:36","1","0","0","1"
"12702965","1142","1052","11","","0","0","0","0"
"12704323","667","1052","5","","0","0","0","0"
"12707064","711","1052","8","","0","0","0","0"
"12708160","1041","1051","11","2024-01-29 01:01:34","20","4","10","6"
"12709613","1192","1051","87","","0","0","0","0"
"12719616","985","1050","27","2023-10-10 07:54:43","10","3","1","6"
"12721951","547","1049","27","","0","0","0","0"
"12727539","605","1049","11","","0","0","0","0"
"12728698","856","1048","15","2023-03-08 18:40:56","1","1","0","0"
"12730641","922","1048","13","","0","0","0","0"
"12730661","940","1048","9","2023-09-29 17:26:58","5","1","2","2"
"12731334","534","1048","7","2024-01-09 07:52:12","17","2","2","13"
"12733154","753","1048","6","","0","0","0","0"
"12737846","536","1047","5","","0","0","0","0"
"12737879","857","1047","11","2023-08-22 17:24:39","25","19","4","2"
"12740074","1287","1046","20","","0","0","0","0"
"12740851","619","1046","6","","0","0","0","0"
"12740967","1225","1046","15","2024-01-15 19:31:20","3","1","0","2"
"12743243","795","1046","12","2023-12-13 14:51:08","3","1","0","2"
"12745710","515","1045","6","","0","0","0","0"
"12745766","511","1045","5","","0","0","0","0"
"12745913","943","1045","5","2023-11-14 12:01:40","4","0","0","4"
"12747084","705","1045","15","","0","0","0","0"
"12747950","1282","1045","9","","0","0","0","0"
"12748481","730","1045","19","2024-01-19 12:52:00","8","2","3","3"
"12749758","678","1045","17","2023-03-15 09:55:26","1","1","0","0"
"12754117","1077","1044","7","2023-12-25 09:14:52","6","2","0","4"
"12759797","1170","1043","6","","0","0","0","0"
"12760248","601","1043","7","2023-11-15 10:37:51","6","2","0","4"
"12760472","908","1043","26","","0","0","0","0"
"12760895","701","1043","10","2023-07-25 09:32:25","1","0","1","0"
"12761586","790","1043","10","2023-07-17 18:56:35","2","0","2","0"
"12763966","1117","1043","23","","0","0","0","0"
"12764203","1238","1043","15","2023-09-04 11:40:00","10","6","2","2"
"12768337","685","1042","30","","0","0","0","0"
"12771945","615","1042","10","2023-04-08 09:42:56","2","2","0","0"
"12772224","931","1042","8","2023-10-13 02:55:12","5","3","0","2"
"12774586","833","1041","5","2023-07-06 18:44:44","4","0","4","0"
"12775432","640","1041","34","2023-07-24 10:47:22","1","0","1","0"
"12775757","996","1041","10","2023-08-21 09:21:43","1","0","0","1"
"12776423","539","1041","6","2023-03-19 15:32:05","1","1","0","0"
"12776832","651","1041","24","2023-04-08 21:59:02","2","2","0","0"
"12777835","1974","1041","17","2023-07-16 09:15:31","1","0","1","0"
"12777999","1800","1041","38","2024-01-30 21:02:08","34","19","6","9"
"12778634","1237","1040","6","2023-11-10 08:55:59","4","0","2","2"
"12779452","660","1040","6","","0","0","0","0"
"12779522","1485","1040","8","2023-08-31 04:45:25","6","3","0","3"
"12780274","641","1040","15","2024-01-14 17:04:21","3","0","0","3"
"12780866","1122","1040","33","2023-02-08 12:44:35","1","1","0","0"
"12782749","910","1040","12","2023-09-05 12:38:25","5","3","1","1"
"12783363","916","1039","49","","0","0","0","0"
"12784276","1153","1039","8","2023-08-07 04:23:30","1","0","0","1"
"12788937","1354","1038","8","","0","0","0","0"
"12794241","1304","1038","9","2023-07-18 15:22:55","5","4","1","0"
"12799032","1096","1037","6","","0","0","0","0"
"12800206","748","1037","6","2023-05-22 15:45:29","1","0","1","0"
"12804400","1200","1036","17","","0","0","0","0"
"12805465","696","1036","12","2023-08-14 16:57:23","6","4","1","1"
"12805923","1744","1036","15","2023-07-06 12:05:07","6","5","1","0"
"12806072","759","1036","43","2023-09-09 10:48:09","1","0","0","1"
"12806076","516","1036","14","","0","0","0","0"
"12806202","961","1036","17","2023-05-08 00:08:47","1","0","1","0"
"12806294","1488","1036","18","","0","0","0","0"
"12806467","799","1036","5","","0","0","0","0"
"12806767","1566","1036","39","2023-12-04 16:45:30","7","2","3","2"
"12808520","1486","1036","6","2023-10-27 18:12:05","3","1","1","1"
"12808884","1035","1036","5","2023-05-05 15:53:54","1","0","1","0"
"12811086","1504","1035","42","2023-12-08 13:07:57","10","2","4","4"
"12811479","839","1035","5","","0","0","0","0"
"12816539","1991","1035","13","2023-02-06 23:07:03","2","2","0","0"
"12817213","939","1034","17","2023-12-07 16:42:05","13","9","1","3"
"12817447","554","1034","6","2023-12-01 05:57:53","5","0","2","3"
"12817553","781","1034","7","2023-12-19 14:52:26","12","3","3","6"
"12818585","704","1034","5","2023-10-20 10:01:04","4","0","1","3"
"12819796","1447","1034","61","2023-12-13 08:13:28","1","0","0","1"
"12824729","1616","1033","9","","0","0","0","0"
"12825882","624","1033","31","2023-06-13 14:20:40","1","0","1","0"
"12826055","579","1033","23","2023-05-01 06:03:52","3","2","1","0"
"12827431","635","1032","6","2023-08-30 15:29:56","3","2","0","1"
"12828566","1721","1032","39","2024-01-04 17:31:57","4","0","0","4"
"12829151","1895","1032","69","2024-01-12 09:35:08","22","5","13","4"
"12831854","999","1031","5","2023-08-16 07:15:06","2","0","1","1"
"12833551","1498","1031","27","2024-01-23 04:54:06","10","4","2","4"
"12833553","848","1031","21","2023-11-22 14:33:03","2","0","0","2"
"12834534","545","1031","6","2023-03-17 13:17:32","1","1","0","0"
"12835742","664","1031","12","2023-10-15 23:24:25","2","1","0","1"
"12836787","1918","1030","7","2023-12-01 15:53:25","13","1","7","5"
"12838070","722","1030","17","2023-08-20 11:00:00","1","0","0","1"
"12840372","802","1030","9","","0","0","0","0"
"12842390","515","1029","14","2023-04-07 18:08:35","1","1","0","0"
"12844313","1293","1029","15","2023-04-26 12:52:17","1","1","0","0"
"12845199","1628","1029","85","2023-05-25 12:14:23","1","0","1","0"
"12846255","1516","1029","5","","0","0","0","0"
"12847692","722","1029","27","2023-08-17 15:32:49","1","0","0","1"
"12850425","556","1028","11","2023-12-31 03:23:44","3","0","1","2"
"12852914","623","1028","8","","0","0","0","0"
"12856085","613","1027","14","","0","0","0","0"
"12859753","1135","1027","8","","0","0","0","0"
"12860195","1630","1027","20","","0","0","0","0"
"12860716","1151","1027","26","","0","0","0","0"
"12867075","813","1025","21","","0","0","0","0"
"12868634","1012","1025","9","2023-07-08 20:43:56","1","0","1","0"
"12869226","501","1025","7","","0","0","0","0"
"12870750","640","1024","10","2023-04-07 17:46:54","3","3","0","0"
"12873122","539","1024","34","2023-09-04 19:24:45","7","0","5","2"
"12875823","1008","1023","7","2023-04-01 17:32:31","3","3","0","0"
"12877180","1987","1023","27","2023-04-15 10:17:02","2","2","0","0"
"12877988","1527","1023","17","2023-12-13 13:27:35","16","3","4","9"
"12878982","1229","1023","15","","0","0","0","0"
"12879474","771","1023","5","2023-09-25 10:53:59","4","1","1","2"
"12883304","819","1022","5","2023-06-22 19:19:18","1","0","1","0"
"12883608","1022","1022","7","2023-08-12 22:37:52","3","0","2","1"
"12886858","633","1022","6","2023-03-20 08:32:50","1","1","0","0"
"12888115","1324","1022","10","","0","0","0","0"
"12889486","773","1021","7","2024-01-06 18:30:16","12","1","5","6"
"12889647","554","1021","6","2023-11-21 07:59:42","1","0","0","1"
"12890258","918","1021","11","","0","0","0","0"
"12890791","1750","1021","13","2023-05-30 06:42:17","2","1","1","0"
"12892026","1663","1021","43","2023-04-19 07:27:56","2","2","0","0"
"12892599","603","1021","7","2023-04-27 11:57:47","1","1","0","0"
"12892922","519","1021","10","2023-02-20 00:21:29","1","1","0","0"
"12894605","517","1021","11","","0","0","0","0"
"12894926","1609","1021","5","2023-05-08 17:04:37","1","0","1","0"
"12898748","1863","1020","63","","0","0","0","0"
"12900562","1183","1020","9","2023-07-21 07:45:42","61","0","61","0"
"12903729","1212","1019","5","2023-05-01 16:09:47","2","1","1","0"
"12904992","658","1019","49","2023-12-03 16:37:08","1","0","0","1"
"12906066","792","1018","9","","0","0","0","0"
"12906648","1330","1018","48","2023-11-04 10:23:03","5","3","0","2"
"12906920","1005","1018","15","2023-07-04 15:18:38","9","8","1","0"
"12907088","694","1018","5","","0","0","0","0"
"12910298","1793","1017","7","2023-04-18 16:12:23","1","1","0","0"
"12913109","865","1017","9","2023-07-22 08:41:28","3","1","2","0"
"12914172","703","1017","7","2024-01-22 19:12:57","11","0","1","10"
"12915015","614","1017","11","","0","0","0","0"
"12916691","1667","1016","7","2023-04-28 07:40:16","3","3","0","0"
"12917078","1064","1016","5","","0","0","0","0"
"12924498","1239","1015","33","","0","0","0","0"
"12924930","745","1015","6","2023-08-07 20:32:49","2","0","1","1"
"12932447","875","1014","21","2023-12-12 22:27:54","7","4","1","2"
"12933115","1185","1014","5","2023-05-22 14:48:39","3","0","3","0"
"12935154","906","1014","5","2023-09-15 09:58:22","2","1","0","1"
"12936324","887","1013","12","2023-04-21 07:19:05","1","1","0","0"
"12937443","1756","1013","33","2023-08-24 07:41:48","27","13","6","8"
"12939087","567","1013","25","2023-05-11 05:44:21","11","6","5","0"
"12940529","603","1013","10","","0","0","0","0"
"12940893","968","1013","5","2023-10-30 04:57:46","2","0","0","2"
"12946280","563","1011","11","2023-10-26 02:16:29","2","1","0","1"
"12947970","1555","1011","17","2023-11-20 16:40:12","2","0","0","2"
"12948262","1896","1011","8","2023-04-23 13:41:50","2","2","0","0"
"12951148","635","1010","8","2023-05-18 19:10:28","1","0","1","0"
"12954736","598","1010","7","2023-06-01 16:22:06","1","0","1","0"
"12955349","1068","1010","5","2023-03-31 18:58:44","1","1","0","0"
"12955570","715","1010","13","","0","0","0","0"
"12958812","503","1009","5","2023-06-11 12:01:51","1","0","1","0"
"12959213","1870","1009","8","2023-08-24 08:52:39","4","2","0","2"
"12959241","675","1009","21","","0","0","0","0"
"12959590","1507","1009","28","2023-05-29 04:50:09","3","1","2","0"
"12962618","716","1009","10","","0","0","0","0"
"12964643","665","1008","31","","0","0","0","0"
"12964903","785","1008","32","2023-06-30 07:16:11","3","0","3","0"
"12965728","679","1008","17","2023-05-31 16:34:03","1","0","1","0"
"12967353","819","1008","8","2023-08-30 09:31:59","2","1","0","1"
"12968803","638","1008","10","2024-01-30 14:20:55","18","3","1","14"
"12968843","529","1008","6","2023-03-09 19:54:40","1","1","0","0"
"12968928","1511","1008","16","2023-12-14 20:22:47","4","1","1","2"
"12973810","532","1007","5","2023-04-10 08:47:56","2","2","0","0"
"12974605","955","1007","6","","0","0","0","0"
"12974793","639","1007","6","2023-09-02 09:21:18","3","2","0","1"
"12975131","531","1007","17","","0","0","0","0"
"12975352","1984","1007","25","2024-01-31 18:20:20","34","8","7","19"
"12976010","838","1007","8","2023-07-09 12:46:40","5","4","1","0"
"12977733","910","1006","7","","0","0","0","0"
"12979271","501","1006","5","2023-09-25 13:02:20","3","1","0","2"
"12979993","945","1006","6","2023-09-15 08:27:08","9","1","0","8"
"12980819","762","1006","19","2023-12-19 18:00:48","10","2","1","7"
"12980862","1057","1006","11","","0","0","0","0"
"12981353","618","1006","23","","0","0","0","0"
"12982968","530","1005","20","","0","0","0","0"
"12983895","584","1005","6","","0","0","0","0"
"12984060","1400","1005","5","","0","0","0","0"
"12984771","544","1005","9","","0","0","0","0"
"12984990","1131","1005","13","","0","0","0","0"
"12984995","513","1005","13","2023-04-06 09:41:58","1","1","0","0"
"12985469","510","1005","5","","0","0","0","0"
"12985497","819","1005","13","","0","0","0","0"
"12986294","1402","1005","19","2023-08-29 15:11:10","7","2","3","2"
"12990248","699","1004","6","","0","0","0","0"
"12991445","1872","1003","15","","0","0","0","0"
"12993902","697","1003","10","2024-01-22 10:12:56","9","0","3","6"
"12994886","1060","1003","7","","0","0","0","0"
"12995983","1543","1003","15","2023-11-17 18:11:48","16","5","3","8"
"12996855","1439","1002","5","","0","0","0","0"
"12998205","1697","1002","5","","0","0","0","0"
"12999101","556","1002","7","","0","0","0","0"
"12999567","970","1002","18","2023-06-09 13:20:59","17","14","3","0"
"13000953","1120","1002","10","","0","0","0","0"
"13002482","517","1002","7","2023-08-08 10:03:14","7","6","0","1"
"13005736","1308","1001","5","2023-10-04 14:03:44","7","6","0","1"
"13005829","751","1001","14","2024-01-02 09:26:30","9","5","1","3"
"13006633","883","1001","10","2023-09-23 08:02:30","2","0","0","2"
"13007041","1028","1001","11","","0","0","0","0"
"13010956","599","1000","26","","0","0","0","0"
"13011486","777","1000","26","","0","0","0","0"
"13013715","812","1000","24","2023-06-17 07:09:33","4","3","1","0"
"13014509","1027","1000","10","2023-06-02 18:46:45","11","9","2","0"
"13014864","941","1000","5","2023-02-06 14:02:08","1","1","0","0"
"13015865","1339","999","37","2023-02-06 18:26:28","3","3","0","0"
"13019276","1016","999","44","2023-05-22 19:42:29","2","0","2","0"
"13021452","770","999","11","2024-01-29 17:31:39","18","0","1","17"
"13022138","636","998","16","2023-04-18 10:16:26","1","1","0","0"
"13022313","838","998","12","","0","0","0","0"
"13024949","1153","998","34","2023-11-06 19:11:31","2","0","0","2"
"13025365","621","998","5","2024-01-23 17:50:03","6","1","0","5"
"13028084","528","997","7","2023-11-06 06:27:33","2","0","0","2"
"13029575","511","997","19","","0","0","0","0"
"13030462","763","996","19","","0","0","0","0"
"13030534","1135","996","5","2024-01-16 17:44:29","1","0","0","1"
"13031341","575","996","8","2024-01-29 12:53:35","13","3","6","4"
"13031497","534","996","10","","0","0","0","0"
"13031996","957","996","8","","0","0","0","0"
"13032723","1492","996","38","2023-09-19 08:38:07","3","1","0","2"
"13034776","612","996","18","2023-05-09 18:24:50","1","0","1","0"
"13034892","687","996","19","2023-06-15 07:42:43","1","0","1","0"
"13035630","684","996","15","2023-05-27 23:58:58","3","1","2","0"
"13036873","1313","995","11","","0","0","0","0"
"13040392","1930","995","22","","0","0","0","0"
"13040423","1552","995","19","2023-11-23 18:29:12","2","0","1","1"
"13043272","958","994","15","2023-04-03 15:19:29","3","3","0","0"
"13044702","553","994","6","2023-08-08 12:11:51","10","7","2","1"
"13044870","694","994","33","2023-10-17 14:02:29","2","1","0","1"
"13045795","1303","994","5","2023-08-13 03:27:28","3","1","1","1"
"13049473","997","993","22","2023-11-18 17:52:58","1","0","0","1"
"13050564","1709","993","94","2023-10-04 14:46:09","6","5","0","1"
"13051247","771","993","7","2023-08-11 04:30:57","5","0","4","1"
"13051941","1186","993","12","2023-06-14 18:51:42","4","2","2","0"
"13055253","883","992","23","","0","0","0","0"
"13055261","1266","992","9","2023-08-16 07:13:53","3","2","0","1"
"13055818","529","992","6","2023-10-20 15:36:53","1","0","0","1"
"13055947","782","992","13","2023-05-17 06:45:52","8","3","5","0"
"13058340","1115","992","5","","0","0","0","0"
"13058371","747","992","9","2023-09-18 09:15:49","7","3","1","3"
"13058762","1023","992","7","","0","0","0","0"
"13059465","505","992","6","","0","0","0","0"
"13062632","730","991","23","2023-08-14 07:22:04","2","0","1","1"
"13062685","525","991","5","2023-03-04 21:09:09","2","2","0","0"
"13064023","522","990","22","","0","0","0","0"
"13065393","648","990","16","2023-03-15 20:37:11","1","1","0","0"
"13065777","656","990","21","","0","0","0","0"
"13067667","604","990","53","2023-04-27 15:31:40","5","5","0","0"
"13068918","1395","989","22","2023-07-13 01:50:26","5","4","1","0"
"13069994","592","989","13","","0","0","0","0"
"13070773","641","989","43","","0","0","0","0"
"13071724","883","989","5","2023-12-29 06:25:39","1","0","0","1"
"13073026","560","989","11","2023-12-01 22:44:39","7","1","1","5"
"13074315","609","988","5","","0","0","0","0"
"13074345","859","988","21","2024-01-18 17:10:01","4","0","3","1"
"13075564","531","988","6","2023-08-14 09:46:41","2","1","0","1"
"13075627","514","988","7","2023-08-15 05:08:29","2","0","0","2"
"13077261","655","988","7","2023-09-08 17:08:35","4","1","2","1"
"13078639","1201","988","43","2023-12-29 09:37:42","7","1","3","3"
"13082664","1065","987","22","2024-01-02 13:52:18","12","1","1","10"
"13083257","533","987","12","2023-07-22 15:39:04","3","0","3","0"
"13083546","501","987","31","","0","0","0","0"
"13083841","675","987","13","2023-05-31 14:07:08","6","5","1","0"
"13084355","599","987","6","2024-01-30 08:35:15","1","0","0","1"
"13084517","598","987","7","2023-09-11 14:25:21","5","3","0","2"
"13084917","884","987","5","","0","0","0","0"
"13085379","923","987","5","","0","0","0","0"
"13087048","529","986","10","2023-09-03 14:24:44","9","7","0","2"
"13087086","1003","986","10","2024-01-14 08:20:23","3","2","0","1"
"13087720","854","986","7","2024-01-09 15:37:47","1","0","0","1"
"13088461","529","986","22","2024-01-14 17:23:42","1","0","0","1"
"13088705","1108","986","37","2023-07-01 06:51:40","6","5","1","0"
"13089096","1361","986","13","","0","0","0","0"
"13090146","817","986","31","","0","0","0","0"
"13090441","538","986","7","2023-06-29 23:26:16","6","1","5","0"
"13091658","1643","986","28","2023-08-29 20:05:47","2","0","0","2"
"13092211","603","985","15","2023-05-02 07:44:11","1","0","1","0"
"13095028","962","985","33","","0","0","0","0"
"13095197","521","985","7","2024-01-22 14:18:55","1","0","0","1"
"13096991","626","985","7","2023-11-28 03:12:32","8","1","2","5"
"13097194","973","985","9","2023-12-15 06:01:58","6","1","2","3"
"13097422","651","985","16","","0","0","0","0"
"13101388","1595","984","25","2023-03-29 20:02:40","2","2","0","0"
"13103533","522","983","42","","0","0","0","0"
"13104050","704","1360","7","","0","0","0","0"
"13104129","648","983","15","","0","0","0","0"
"13105735","817","983","5","","0","0","0","0"
"13106037","974","983","17","2023-04-18 10:24:36","1","1","0","0"
"13109074","1110","982","35","2023-08-25 15:58:44","4","3","0","1"
"13109683","692","982","10","2023-02-04 23:41:25","1","1","0","0"
"13109852","1851","982","42","2023-10-21 20:52:10","6","2","3","1"
"13109948","1407","982","24","2023-07-01 10:39:38","2","1","1","0"
"13110995","1243","982","10","2023-10-28 01:12:19","5","0","0","5"
"13111190","635","982","25","2023-11-27 12:35:31","1","0","0","1"
"13112758","1214","982","6","","0","0","0","0"
"13114791","531","981","9","2023-02-21 13:13:41","2","2","0","0"
"13114876","1184","981","9","2023-04-22 13:38:22","3","3","0","0"
"13115358","1384","981","25","2023-12-29 22:47:02","8","4","2","2"
"13115701","1775","981","32","2024-01-20 12:05:59","35","10","6","19"
"13117070","879","981","25","","0","0","0","0"
"13118327","1261","981","12","","0","0","0","0"
"13119067","597","981","5","2023-12-02 20:01:49","19","2","6","11"
"13119969","827","980","7","2023-07-03 18:32:33","6","5","1","0"
"13121654","1173","980","27","","0","0","0","0"
"13124201","844","980","28","2023-11-06 20:49:44","2","0","0","2"
"13124629","862","980","36","","0","0","0","0"
"13125111","889","980","13","2023-10-13 14:01:09","5","1","3","1"
"13126518","1414","979","5","2024-01-18 02:52:18","10","2","3","5"
"13127259","924","979","15","2023-10-30 06:24:15","15","9","5","1"
"13127428","500","979","5","2024-01-13 17:20:00","13","4","3","6"
"13128940","608","979","6","","0","0","0","0"
"13129513","736","979","7","2024-01-07 15:03:40","12","0","5","7"
"13129731","640","979","13","2023-09-02 07:14:19","1","0","0","1"
"13130882","1264","979","9","2023-08-21 16:07:24","9","6","1","2"
"13131162","1527","979","11","2024-01-22 12:51:02","23","2","0","21"
"13131762","524","979","6","2023-10-10 15:34:34","5","0","4","1"
"13132271","621","978","32","","0","0","0","0"
"13132315","812","978","8","2023-12-20 23:42:06","2","0","1","1"
"13132898","904","978","5","2023-07-23 07:59:31","2","1","1","0"
"13133349","648","978","40","","0","0","0","0"
"13142245","1248","977","5","2024-01-30 16:19:05","2","1","0","1"
"13143331","1589","977","15","2023-12-11 13:16:07","5","2","0","3"
"13145232","542","976","10","","0","0","0","0"
"13147068","724","976","10","","0","0","0","0"
"13147413","871","976","28","2023-03-10 14:52:01","3","3","0","0"
"13148560","645","976","25","","0","0","0","0"
"13149219","648","976","5","2023-03-02 09:51:17","1","1","0","0"
"13149271","545","976","8","","0","0","0","0"
"13149512","773","976","6","","0","0","0","0"
"13150380","598","975","12","2023-10-31 02:48:40","1","0","0","1"
"13150902","659","975","25","","0","0","0","0"
"13153117","900","975","12","2023-05-26 16:28:12","2","0","2","0"
"13153269","619","975","12","","0","0","0","0"
"13156126","1365","975","46","2023-05-13 22:25:26","2","1","1","0"
"13156261","1147","975","6","2023-04-12 12:32:25","1","1","0","0"
"13156516","1812","975","75","2023-11-06 11:32:41","3","0","0","3"
"13158157","525","975","8","2023-04-27 08:58:08","3","3","0","0"
"13163112","545","974","7","2023-04-18 09:19:44","1","1","0","0"
"13165683","1914","974","7","2023-02-08 15:46:09","1","1","0","0"
"13166348","624","974","27","","0","0","0","0"
"13166511","687","974","17","2024-01-18 12:01:44","10","0","4","6"
"13167846","798","974","7","2023-03-20 12:55:24","1","1","0","0"
"13168083","1065","974","18","2023-11-26 14:03:34","2","0","0","2"
"13168911","1065","974","53","","0","0","0","0"
"13171500","800","974","6","","0","0","0","0"
"13171940","1261","974","41","","0","0","0","0"
"13174364","765","974","9","2024-01-31 19:56:05","8","2","4","2"
"13175926","502","974","5","2023-09-11 17:11:08","1","0","0","1"
"13177011","905","973","16","2023-06-26 23:11:03","2","0","2","0"
"13179199","1637","973","44","","0","0","0","0"
"13180560","1424","973","11","","0","0","0","0"
"13181643","681","973","31","","0","0","0","0"
"13182129","738","973","5","2023-08-06 10:10:44","3","2","0","1"
"13184236","1253","973","6","2023-11-15 03:13:24","2","0","1","1"
"13184757","1500","973","48","","0","0","0","0"
"13184911","603","973","8","2023-10-12 08:22:14","1","0","0","1"
"13187091","973","973","9","","0","0","0","0"
"13187104","1204","973","51","2023-04-29 22:08:59","1","1","0","0"
"13187980","779","973","29","2023-08-20 17:50:33","4","1","2","1"
"13189488","1722","973","8","2023-03-04 19:02:50","2","2","0","0"
"13190779","752","973","6","","0","0","0","0"
"13192605","644","972","6","2023-07-10 13:03:11","12","2","10","0"
"13192650","614","972","55","","0","0","0","0"
"13192867","788","972","6","2023-07-15 08:05:27","1","0","1","0"
"13196278","1048","972","25","","0","0","0","0"
"13196870","1681","972","5","2023-10-05 09:12:07","1","0","0","1"
"13197548","573","972","18","2023-03-20 07:55:19","5","5","0","0"
"13197690","781","972","6","2023-05-01 11:02:03","2","1","1","0"
"13199446","950","972","16","2024-01-04 20:18:49","19","10","6","3"
"13199635","1430","972","13","2023-03-28 12:16:14","3","3","0","0"
"13200027","595","972","7","","0","0","0","0"
"13200539","1117","972","33","","0","0","0","0"
"13201937","892","972","37","2023-05-07 12:04:10","8","3","5","0"
"13203366","1194","972","9","2023-12-10 20:58:09","4","0","2","2"
"13203445","1368","972","7","2023-03-23 02:50:08","1","1","0","0"
"13205792","551","971","18","2023-10-12 15:02:08","5","4","0","1"
"13206610","912","971","8","2023-12-15 07:39:00","3","0","2","1"
"13207688","641","971","8","2023-06-20 13:48:48","1","0","1","0"
"13208790","623","971","5","2023-03-14 11:23:57","1","1","0","0"
"13213071","522","971","47","2023-08-17 19:57:10","2","0","0","2"
"13215097","529","971","23","2024-01-26 10:56:34","11","1","7","3"
"13215988","1242","971","20","2023-04-27 06:28:13","4","4","0","0"
"13217624","1598","970","5","2023-12-12 10:12:00","4","0","0","4"
"13218530","1299","970","11","2023-05-17 11:45:54","2","1","1","0"
"13218717","1293","970","9","2023-09-09 09:48:44","3","0","0","3"
"13218799","769","970","18","2023-12-29 06:58:11","23","17","5","1"
"13221036","618","970","13","2023-02-28 10:42:55","2","2","0","0"
"13221073","531","970","5","","0","0","0","0"
"13222359","1996","970","105","2023-11-18 00:35:04","8","4","0","4"
"13227171","550","969","15","","0","0","0","0"
"13227834","1623","969","5","2023-03-12 16:59:14","1","1","0","0"
"13228000","832","969","6","","0","0","0","0"
"13228383","1138","969","14","","0","0","0","0"
"13230959","1286","969","7","2024-01-25 08:01:32","3","2","0","1"
"13231239","976","969","22","2023-10-20 21:23:44","11","1","1","9"
"13231537","858","969","28","2023-02-08 19:23:16","1","1","0","0"
"13231807","960","969","6","2024-01-17 21:08:35","4","3","0","1"
"13231898","669","969","8","","0","0","0","0"
"13231904","615","969","6","2023-12-22 19:36:31","1","0","0","1"
"13236005","943","968","7","","0","0","0","0"
"13237485","859","968","8","2023-09-04 15:59:54","7","1","5","1"
"13237531","1556","968","5","","0","0","0","0"
"13238310","877","968","47","2023-07-29 19:00:33","10","0","10","0"
"13240249","517","968","22","","0","0","0","0"
"13242198","534","968","23","","0","0","0","0"
"13243520","1174","968","7","2023-08-30 18:02:03","3","2","0","1"
"13245661","668","967","7","","0","0","0","0"
"13245990","553","967","37","","0","0","0","0"
"13247931","626","967","11","2023-08-19 10:48:33","2","0","0","2"
"13248738","1955","967","61","","0","0","0","0"
"13249743","1477","967","30","2023-12-17 09:53:49","5","2","1","2"
"13250694","671","967","32","","0","0","0","0"
"13252887","888","967","25","2023-10-01 18:46:13","1","0","0","1"
"13253010","1273","967","53","2023-12-20 12:17:10","4","0","0","4"
"13255028","1312","966","6","","0","0","0","0"
"13255216","574","966","7","","0","0","0","0"
"13256526","799","966","11","2023-08-29 12:33:03","2","1","0","1"
"13256628","1151","966","35","2023-10-09 09:19:02","2","0","0","2"
"13258195","774","966","24","2023-02-22 13:24:42","1","1","0","0"
"13258459","520","966","26","2023-08-28 08:15:40","3","0","2","1"
"13261376","1136","966","7","","0","0","0","0"
"13261398","626","966","5","2023-07-07 21:08:22","2","0","2","0"
"13262332","661","966","12","","0","0","0","0"
"13264143","964","966","15","2024-01-24 19:45:30","10","1","3","6"
"13270392","979","965","5","","0","0","0","0"
"13274457","616","964","26","","0","0","0","0"
"13276541","635","964","6","2024-01-26 17:27:03","32","0","0","32"
"13277400","542","964","7","","0","0","0","0"
"13277819","1204","964","63","","0","0","0","0"
"13278193","968","964","10","","0","0","0","0"
"13278223","661","964","19","2024-01-08 16:34:47","20","5","8","7"
"13278594","560","964","5","2023-10-22 16:52:58","2","1","0","1"
"13279016","1087","964","14","","0","0","0","0"
"13280037","578","964","13","2023-09-17 10:55:11","7","2","3","2"
"13280838","669","964","12","2024-01-13 12:17:36","7","5","1","1"
"13282963","692","964","5","","0","0","0","0"
"13285707","1814","963","173","2023-02-12 10:04:34","1","1","0","0"
"13287734","514","963","7","2023-11-01 12:26:28","1","0","0","1"
"13288087","513","963","21","","0","0","0","0"
"13290801","1269","962","9","","0","0","0","0"
"13291468","603","962","5","2023-03-31 19:13:07","1","1","0","0"
"13293570","597","962","5","2023-09-05 09:37:27","2","0","1","1"
"13294376","595","962","6","","0","0","0","0"
"13294769","1073","962","23","2023-11-05 13:16:23","7","3","2","2"
"13295137","571","962","5","","0","0","0","0"
"13296047","1254","962","22","2023-03-21 18:42:58","2","2","0","0"
"13301751","543","961","7","2023-07-20 06:36:39","1","0","1","0"
"13301997","523","961","9","","0","0","0","0"
"13304130","636","961","12","2023-02-08 00:35:39","1","1","0","0"
"13304913","765","961","6","","0","0","0","0"
"13305073","1124","961","10","2023-12-20 17:46:04","4","3","0","1"
"13309379","712","960","16","2023-02-27 00:29:09","1","1","0","0"
"13314450","1882","960","5","2023-07-13 03:25:45","3","1","2","0"
"13314718","596","960","10","","0","0","0","0"
"13316778","569","959","21","2023-10-07 14:58:47","10","6","2","2"
"13320138","853","959","9","2023-05-03 11:22:45","1","0","1","0"
"13320909","1725","959","7","2023-11-28 21:11:00","2","0","0","2"
"13321079","1412","959","8","2023-10-13 10:13:26","2","1","0","1"
"13324721","710","959","22","2023-06-01 13:54:28","6","5","1","0"
"13325381","761","959","5","2023-02-06 13:51:43","1","1","0","0"
"13326667","896","958","6","","0","0","0","0"
"13328322","1963","958","9","","0","0","0","0"
"13330165","669","958","11","","0","0","0","0"
"13332423","1918","958","8","","0","0","0","0"
"13339685","802","957","25","","0","0","0","0"
"13340143","1875","957","11","","0","0","0","0"
"13342499","1747","957","10","","0","0","0","0"
"13342990","530","957","7","","0","0","0","0"
"13346156","1826","956","45","2024-01-28 08:36:31","14","3","5","6"
"13347302","1009","956","26","2023-09-17 14:00:16","8","1","5","2"
"13347445","579","956","6","2023-10-07 05:56:21","4","0","1","3"
"13349935","1394","956","9","2023-08-27 08:25:20","2","0","1","1"
"13350278","792","956","99","","0","0","0","0"
"13351476","857","955","6","","0","0","0","0"
"13352657","1099","955","6","2024-01-22 08:17:28","7","0","5","2"
"13355228","772","955","13","2023-05-23 05:10:02","1","0","1","0"
"13357440","1009","955","21","2024-01-31 20:41:04","3","1","1","1"
"13358783","849","954","10","2023-06-11 08:59:56","4","2","2","0"
"13360401","563","954","8","2023-12-18 19:07:28","5","0","3","2"
"13361176","560","954","9","","0","0","0","0"
"13361987","1209","954","13","","0","0","0","0"
"13362831","1131","954","19","2023-04-24 14:01:30","1","1","0","0"
"13366122","626","954","41","","0","0","0","0"
"13368318","1118","953","33","","0","0","0","0"
"13371166","542","953","5","2023-11-28 17:37:24","1","0","0","1"
"13371578","670","953","9","2023-03-10 08:28:38","1","1","0","0"
"13372186","544","953","8","2023-03-09 20:14:58","1","1","0","0"
"13373270","684","953","9","","0","0","0","0"
"13375311","659","953","7","2023-12-01 12:10:03","5","2","2","1"
"13377012","834","952","5","","0","0","0","0"
"13378076","616","952","10","","0","0","0","0"
"13380010","614","952","6","","0","0","0","0"
"13382024","1126","952","7","2023-12-22 10:35:57","3","0","0","3"
"13387235","631","951","32","2023-10-04 06:29:25","3","1","0","2"
"13389086","1976","951","12","2023-09-12 16:36:45","4","1","1","2"
"13389569","768","951","23","","0","0","0","0"
"13390139","1254","951","5","2023-08-23 12:12:35","1","0","0","1"
"13391404","1231","951","9","2023-10-23 15:46:13","27","10","16","1"
"13396193","837","950","7","","0","0","0","0"
"13397468","999","950","9","2023-02-25 11:19:20","1","1","0","0"
"13398050","583","950","22","","0","0","0","0"
"13400001","972","950","48","","0","0","0","0"
"13400168","509","950","6","","0","0","0","0"
"13401307","540","950","6","","0","0","0","0"
"13402733","1592","949","43","2023-11-20 18:53:16","2","0","1","1"
"13405106","1253","949","56","2023-11-06 12:47:57","7","3","1","3"
"13406356","941","949","40","2024-01-11 01:54:52","3","0","2","1"
"13407359","587","949","6","","0","0","0","0"
"13409570","687","948","7","","0","0","0","0"
"13409955","1118","948","18","","0","0","0","0"
"13413026","780","948","6","2024-01-29 21:12:04","17","0","1","16"
"13415116","1565","947","11","2023-05-19 21:34:56","2","1","1","0"
"13416365","935","947","31","2023-11-27 19:44:14","13","3","5","5"
"13418510","1610","947","5","2023-10-31 11:56:46","5","4","0","1"
"13418705","1211","947","40","","0","0","0","0"
"13423321","1137","946","13","","0","0","0","0"
"13427882","1000","946","9","2023-10-24 06:23:40","1","0","0","1"
"13428072","797","946","7","","0","0","0","0"
"13429081","1423","946","28","","0","0","0","0"
"13432825","509","945","5","2024-01-16 03:15:07","13","1","0","12"
"13433096","749","945","5","","0","0","0","0"
"13434259","1701","945","68","2024-01-23 16:28:12","11","1","6","4"
"13434529","1075","945","16","2023-05-26 02:41:43","3","1","2","0"
"13434802","1142","945","18","2024-01-27 08:17:56","10","2","2","6"
"13435087","1353","1362","6","2024-01-07 02:45:07","11","0","8","3"
"13435688","952","945","15","2024-01-22 13:13:23","18","4","1","13"
"13439267","697","944","5","2023-06-07 12:08:26","2","1","1","0"
"13439686","1365","944","50","2023-09-21 14:26:50","7","2","4","1"
"13440007","1309","944","15","","0","0","0","0"
"13440079","1875","944","5","2023-10-24 06:45:01","1","0","0","1"
"13440165","883","944","5","","0","0","0","0"
"13440404","685","944","6","2023-12-30 23:54:59","3","0","0","3"
"13440841","1796","944","26","2023-10-16 14:31:36","21","10","8","3"
"13443391","1859","944","13","","0","0","0","0"
"13444299","635","944","5","2023-10-05 13:32:04","2","0","0","2"
"13444529","576","944","12","2023-07-08 07:22:59","1","0","1","0"
"13447094","619","943","6","2023-10-25 09:21:47","3","0","2","1"
"13447910","540","943","7","","0","0","0","0"
"13452166","1216","942","7","2023-08-10 05:21:33","3","0","2","1"
"13454049","1195","942","16","","0","0","0","0"
"13460070","785","941","6","2024-01-18 11:17:08","1","0","0","1"
"13460824","818","941","15","","0","0","0","0"
"13461183","1611","941","29","","0","0","0","0"
"13461401","1072","941","22","2023-04-11 22:29:24","3","3","0","0"
"13463174","538","941","20","2023-04-05 18:05:06","2","2","0","0"
"13466324","543","940","9","","0","0","0","0"
"13466661","766","940","6","2023-08-26 21:33:31","4","0","3","1"
"13466852","543","940","8","","0","0","0","0"
"13467030","784","940","5","2024-01-27 02:47:43","1","0","0","1"
"13469674","965","940","32","","0","0","0","0"
"13469933","1482","940","10","2023-03-07 06:45:57","20","20","0","0"
"13470437","1759","940","8","","0","0","0","0"
"13470912","736","939","7","2023-12-19 14:04:28","2","0","0","2"
"13472545","585","939","5","2024-01-08 14:47:42","1","0","0","1"
"13473914","516","939","6","2023-04-28 14:35:42","1","1","0","0"
"13474281","577","939","6","2024-01-06 07:40:58","2","1","0","1"
"13474354","669","939","6","2023-05-11 11:36:28","12","10","2","0"
"13476175","875","939","45","2023-11-26 12:18:09","7","1","3","3"
"13478749","1418","939","8","2023-12-15 03:49:52","1","0","0","1"
"13482004","869","938","16","2023-04-19 10:40:05","5","5","0","0"
"13483939","943","938","36","2023-02-22 05:20:46","6","6","0","0"
"13484707","977","938","10","2024-01-19 18:37:24","16","0","14","2"
"13484937","1806","938","34","2023-11-23 15:53:42","5","1","3","1"
"13485494","725","938","9","2023-08-14 18:16:57","5","1","2","2"
"13488354","1651","937","9","2023-11-12 18:55:16","5","1","2","2"
"13490165","870","937","123","2024-01-23 13:16:07","13","1","4","8"
"13491402","868","937","5","2023-12-23 09:11:25","1","0","0","1"
"13495049","1494","936","6","2023-06-27 13:58:39","2","0","2","0"
"13496880","993","936","11","","0","0","0","0"
"13497078","860","936","10","2023-07-06 05:52:26","3","2","1","0"
"13503120","1248","935","6","","0","0","0","0"
"13505403","661","935","5","2023-07-07 23:56:31","2","0","2","0"
"13506001","1141","935","7","2023-05-21 14:31:58","2","0","2","0"
"13506135","645","935","5","","0","0","0","0"
"13507274","515","935","9","2023-02-25 18:51:21","2","2","0","0"
"13507658","716","935","28","2023-04-26 19:28:17","10","10","0","0"
"13508045","1508","935","61","2023-10-04 06:28:01","4","3","0","1"
"13509254","715","934","6","2024-01-28 15:38:38","6","1","1","4"
"13512980","674","934","12","2023-07-30 17:49:22","1","0","1","0"
"13514657","717","933","14","","0","0","0","0"
"13517783","1107","933","12","","0","0","0","0"
"13518285","702","933","20","","0","0","0","0"
"13518297","747","933","10","2023-05-23 16:22:52","10","9","1","0"
"13518537","577","933","14","2023-04-24 14:44:16","3","3","0","0"
"13521703","751","933","34","2023-10-03 20:20:24","3","2","0","1"
"13523077","1190","932","6","","0","0","0","0"
"13526174","856","932","32","2023-04-26 15:23:10","1","1","0","0"
"13526512","1224","932","48","2023-08-09 11:02:16","2","0","1","1"
"13535097","530","931","21","","0","0","0","0"
"13536910","545","931","6","2024-01-23 17:14:24","17","3","4","10"
"13536950","1856","931","5","2023-09-09 19:32:40","2","1","0","1"
"13537347","506","931","17","","0","0","0","0"
"13539289","522","930","12","","0","0","0","0"
"13541354","809","930","15","","0","0","0","0"
"13541620","1759","930","57","2024-01-23 00:48:58","1","0","0","1"
"13541849","1827","930","9","","0","0","0","0"
"13542152","583","930","34","","0","0","0","0"
"13542462","594","930","15","","0","0","0","0"
"13543545","621","930","5","","0","0","0","0"
"13547175","1741","929","8","2023-09-27 07:31:45","2","0","1","1"
"13548254","1641","929","5","2023-03-27 11:26:30","1","1","0","0"
"13548386","1041","929","5","2023-02-27 12:37:45","1","1","0","0"
"13549008","1144","929","20","","0","0","0","0"
"13550483","636","929","8","2023-02-01 14:16:01","1","1","0","0"
"13551296","1040","929","28","2023-04-24 14:13:56","2","2","0","0"
"13551845","686","929","13","","0","0","0","0"
"13556303","515","928","5","2024-01-11 14:48:46","3","0","0","3"
"13560080","502","927","7","","0","0","0","0"
"13562186","947","927","10","2023-09-20 07:33:45","2","0","0","2"
"13562196","551","927","11","2023-08-15 13:19:44","2","0","0","2"
"13564427","536","926","10","2024-01-02 17:56:52","2","0","1","1"
"13566678","591","926","15","2024-01-31 08:44:31","10","4","4","2"
"13566967","1592","926","15","2023-09-19 14:45:48","7","1","1","5"
"13567807","1519","926","98","2023-11-21 13:05:26","13","10","2","1"
"13567984","671","926","12","","0","0","0","0"
"13569949","1316","926","38","2023-10-04 19:56:35","5","2","0","3"
"13572593","1150","925","7","2023-09-29 08:00:51","2","0","1","1"
"13574233","1427","925","5","2023-02-27 15:39:02","2","2","0","0"
"13574635","685","925","8","","0","0","0","0"
"13575954","764","925","6","2024-01-27 01:46:30","7","2","2","3"
"13576263","860","925","7","","0","0","0","0"
"13582100","1213","924","11","","0","0","0","0"
"13584363","1125","924","28","2023-04-07 06:51:12","1","1","0","0"
"13586551","822","923","15","","0","0","0","0"
"13588525","1736","923","18","2023-09-14 22:36:11","7","2","3","2"
"13589242","572","923","13","","0","0","0","0"
"13592117","1384","923","6","2023-09-15 12:05:35","4","3","0","1"
"13592469","1223","923","25","","0","0","0","0"
"13592914","981","923","23","","0","0","0","0"
"13594705","570","922","5","","0","0","0","0"
"13597899","1203","922","5","","0","0","0","0"
"13600944","645","921","5","","0","0","0","0"
"13601391","541","921","31","","0","0","0","0"
"13604898","601","921","5","2024-01-30 18:01:29","1","0","0","1"
"13604954","718","921","6","","0","0","0","0"
"13605044","1110","920","19","2023-06-13 18:15:51","7","2","5","0"
"13605609","1055","920","40","2023-12-13 05:24:17","14","1","4","9"
"13605826","1572","920","5","2023-03-21 01:10:20","1","1","0","0"
"13612096","505","919","15","2024-01-26 06:30:54","1","0","0","1"
"13612745","951","919","6","","0","0","0","0"
"13615151","648","919","7","2023-05-10 23:02:16","1","0","1","0"
"13615436","1294","919","22","2023-02-27 17:56:17","2","2","0","0"
"13617136","1013","918","9","2023-08-11 12:58:43","4","1","2","1"
"13618871","1665","918","7","2024-01-04 19:22:43","4","1","2","1"
"13619116","1565","918","25","2023-03-31 10:20:20","6","6","0","0"
"13622908","1082","918","8","2023-08-27 01:53:36","5","0","4","1"
"13622927","941","918","48","","0","0","0","0"
"13625491","1469","917","11","2023-09-20 03:25:21","2","1","0","1"
"13627237","784","917","9","2023-06-19 09:42:07","2","1","1","0"
"13627454","542","917","10","","0","0","0","0"
"13627661","779","917","5","2023-04-19 06:38:54","1","1","0","0"
"13629974","944","917","61","2023-10-19 09:19:02","21","20","0","1"
"13631113","802","916","6","2023-07-25 16:44:08","8","1","7","0"
"13631591","882","916","28","2023-04-05 16:37:52","5","5","0","0"
"13632102","702","916","12","2023-07-31 12:02:04","9","0","9","0"
"13633424","1569","916","6","2023-08-30 08:59:21","7","1","0","6"
"13635342","719","916","5","","0","0","0","0"
"13636121","893","916","6","2023-04-07 03:44:52","1","1","0","0"
"13636459","545","916","5","","0","0","0","0"
"13636910","714","916","8","2023-05-17 13:01:46","6","5","1","0"
"13638219","982","916","9","2023-08-12 12:28:47","2","0","1","1"
"13640761","1331","915","9","2023-06-23 07:50:12","4","2","2","0"
"13641358","683","915","11","","0","0","0","0"
"13642222","756","915","5","","0","0","0","0"
"13642249","1472","915","7","2023-12-16 20:53:14","8","3","0","5"
"13642440","692","915","20","2023-06-04 18:12:12","1","0","1","0"
"13644168","899","915","11","2023-04-18 21:14:36","5","5","0","0"
"13644299","1712","915","63","2023-08-05 08:49:27","6","2","3","1"
"13644377","1072","915","43","2023-02-07 00:16:08","1","1","0","0"
"13645606","857","914","40","2023-10-19 20:02:38","15","5","4","6"
"13647969","701","914","6","2023-03-24 15:20:53","2","2","0","0"
"13651701","1365","913","21","2023-12-13 09:18:42","4","1","0","3"
"13651898","638","913","8","2023-12-23 01:10:20","17","8","2","7"
"13653732","609","913","9","","0","0","0","0"
"13657344","1344","912","7","","0","0","0","0"
"13658281","1355","912","7","","0","0","0","0"
"13658446","554","912","8","2023-12-12 07:25:33","2","0","0","2"
"13659134","1058","912","9","","0","0","0","0"
"13659576","883","912","25","","0","0","0","0"
"13661830","1141","912","8","2023-02-22 01:55:19","1","1","0","0"
"13666027","872","911","16","2023-05-04 15:18:13","3","2","1","0"
"13674351","883","910","11","2023-03-20 20:12:12","1","1","0","0"
"13676960","1836","909","20","2023-07-23 10:47:09","3","1","2","0"
"13679671","1978","909","10","2023-03-04 16:41:06","1","1","0","0"
"13680488","824","909","5","","0","0","0","0"
"13682080","552","909","30","2023-03-25 15:52:38","1","1","0","0"
"13682559","1108","909","14","","0","0","0","0"
"13684215","1005","908","12","2023-03-08 00:32:40","2","2","0","0"
"13686440","501","908","7","2023-05-09 15:35:08","6","3","3","0"
"13686560","1560","908","9","2023-09-13 14:21:11","2","1","0","1"
"13689497","571","908","5","2024-01-10 10:15:55","1","0","0","1"
"13689893","807","908","6","2024-01-05 20:28:50","2","1","0","1"
"13692658","542","907","5","","0","0","0","0"
"13693623","848","907","5","2023-09-10 23:53:51","2","0","0","2"
"13694485","1230","907","11","2023-07-03 09:39:01","3","1","2","0"
"13695430","846","907","5","","0","0","0","0"
"13695921","757","907","13","2023-02-13 22:25:31","1","1","0","0"
"13696540","1131","907","29","2023-08-15 02:34:06","4","3","0","1"
"13698294","1994","906","31","2023-03-15 10:31:05","1","1","0","0"
"13699502","614","906","12","","0","0","0","0"
"13699968","894","906","5","2023-03-15 20:29:00","1","1","0","0"
"13701584","1465","906","35","2023-09-12 05:31:44","1","0","0","1"
"13701992","544","906","6","","0","0","0","0"
"13705050","825","905","43","2024-01-23 20:23:30","27","2","8","17"
"13706131","702","905","17","","0","0","0","0"
"13708008","700","905","8","2023-03-08 11:01:43","2","2","0","0"
"13708817","1688","905","118","","0","0","0","0"
"13713269","689","904","6","2023-10-06 11:53:13","3","0","1","2"
"13713620","746","904","6","2023-06-29 10:54:27","2","0","2","0"
"13713938","1262","904","34","2023-03-03 08:22:14","2","2","0","0"
"13714686","1771","904","9","2024-01-22 15:52:47","1","0","0","1"
"13716967","1346","904","8","","0","0","0","0"
"13719014","556","903","17","","0","0","0","0"
"13719128","578","903","10","","0","0","0","0"
"13720553","800","903","27","2023-12-14 07:18:43","13","3","2","8"
"13720928","550","903","17","2023-08-29 18:41:43","5","3","0","2"
"13723248","974","903","20","2023-12-14 20:41:53","3","2","0","1"
"13725861","1053","902","6","","0","0","0","0"
"13726782","1630","902","14","","0","0","0","0"
"13729780","545","902","11","","0","0","0","0"
"13730091","674","902","11","2023-02-01 16:48:44","1","1","0","0"
"13730174","1137","902","63","2023-09-15 18:05:08","2","0","0","2"
"13730723","1066","902","15","2023-07-14 13:54:03","6","4","2","0"
"13730780","1714","902","13","2023-05-08 17:37:05","6","5","1","0"
"13732683","910","901","16","","0","0","0","0"
"13734412","1051","901","29","","0","0","0","0"
"13734564","1129","901","28","","0","0","0","0"
"13736010","733","901","5","","0","0","0","0"
"13741787","1968","900","45","2024-01-31 06:30:33","9","1","0","8"
"13744178","696","899","14","","0","0","0","0"
"13747848","832","898","10","","0","0","0","0"
"13749032","679","898","14","","0","0","0","0"
"13750486","936","898","5","","0","0","0","0"
"13752464","1018","898","10","2023-10-30 19:00:47","3","2","0","1"
"13752965","713","897","18","2024-01-25 21:24:50","7","0","2","5"
"13753505","509","897","6","","0","0","0","0"
"13755970","872","897","85","2023-07-26 15:02:36","1","0","1","0"
"13757692","550","897","5","2023-04-01 16:19:35","4","4","0","0"
"13758320","786","897","5","2023-05-12 02:16:49","26","5","21","0"
"13760719","550","896","8","2023-03-04 05:31:57","2","2","0","0"
"13761535","838","896","40","2023-10-11 05:58:34","4","0","3","1"
"13761574","577","896","6","","0","0","0","0"
"13763683","1546","896","31","2023-12-13 09:57:18","2","0","0","2"
"13763713","1125","896","5","2023-08-15 12:06:25","5","3","1","1"
"13765033","1738","896","62","2023-08-24 16:28:51","4","1","2","1"
"13765230","721","896","12","2023-05-12 00:04:59","1","0","1","0"
"13765513","584","896","5","2023-12-27 18:53:52","3","0","2","1"
"13767757","865","895","70","","0","0","0","0"
"13769601","1292","895","5","2023-09-25 05:32:39","2","0","0","2"
"13771954","588","895","6","2023-12-07 18:14:31","5","1","0","4"
"13772033","1748","895","29","2023-10-01 16:06:44","10","5","3","2"
"13773284","1412","894","82","2023-08-22 18:00:57","5","4","0","1"
"13775460","764","894","5","","0","0","0","0"
"13775586","663","894","6","2023-03-16 21:16:04","2","2","0","0"
"13776723","736","894","5","2023-06-05 01:18:34","4","2","2","0"
"13778890","1093","893","30","2023-07-03 06:10:25","2","1","1","0"
"13779320","1421","893","46","","0","0","0","0"
"13779529","783","893","15","2023-07-26 11:24:36","1","0","1","0"
"13779639","555","893","8","2023-09-10 08:19:22","6","3","0","3"
"13781208","543","893","11","2023-07-13 12:14:24","3","2","1","0"
"13783377","552","949","12","2023-12-26 21:49:32","1","0","0","1"
"13784930","819","892","8","","0","0","0","0"
"13785528","746","892","8","","0","0","0","0"
"13785815","522","892","6","2023-03-18 14:48:06","3","3","0","0"
"13786103","1545","892","31","","0","0","0","0"
"13786832","626","892","35","","0","0","0","0"
"13790354","516","891","9","","0","0","0","0"
"13791060","745","891","7","2023-09-05 09:22:55","2","1","0","1"
"13791091","909","891","7","2023-08-03 10:35:19","4","0","3","1"
"13791545","615","891","9","","0","0","0","0"
"13791656","1170","891","6","2023-07-07 16:25:03","1","0","1","0"
"13792395","539","891","13","2023-10-02 15:05:59","8","3","2","3"
"13794178","635","891","8","2023-08-24 08:14:29","14","8","5","1"
"13794189","1901","891","9","2023-12-29 10:44:15","18","8","8","2"
"13795089","924","891","12","2023-05-31 06:03:12","6","3","3","0"
"13796136","750","890","31","2023-04-20 05:59:54","2","2","0","0"
"13797513","610","890","13","2023-02-13 16:47:10","1","1","0","0"
"13800572","774","890","10","2023-07-24 10:08:05","2","1","1","0"
"13800717","803","890","12","2023-02-10 15:53:04","1","1","0","0"
"13801789","758","890","25","","0","0","0","0"
"13802418","525","889","18","","0","0","0","0"
"13804454","542","889","5","2024-01-15 08:04:41","4","1","0","3"
"13804634","760","889","14","","0","0","0","0"
"13805486","1270","889","5","2023-12-21 09:29:47","3","0","2","1"
"13806019","758","889","8","2023-08-30 17:17:41","1","0","0","1"
"13806097","635","889","5","2024-01-18 10:30:35","2","0","0","2"
"13806326","1030","889","7","","0","0","0","0"
"13808207","574","889","5","","0","0","0","0"
"13809150","1470","889","25","2023-11-02 17:28:46","2","0","0","2"
"13812590","832","888","17","","0","0","0","0"
"13812770","530","888","37","2023-08-09 05:00:26","1","0","0","1"
"13813219","1554","888","44","2023-05-17 14:50:59","1","0","1","0"
"13815542","709","888","8","","0","0","0","0"
"13816541","1904","887","10","2023-11-11 04:15:13","5","0","3","2"
"13817041","1051","887","46","","0","0","0","0"
"13818676","839","887","7","","0","0","0","0"
"13819183","1435","887","82","2023-07-25 11:54:38","2","1","1","0"
"13822685","686","886","5","2023-06-10 23:02:42","1","0","1","0"
"13823875","660","886","9","2023-02-02 12:02:20","1","1","0","0"
"13824407","586","886","15","","0","0","0","0"
"13826114","804","886","9","2023-03-10 12:47:52","2","2","0","0"
"13827229","647","885","29","2024-01-04 19:35:43","4","1","0","3"
"13827340","509","885","6","","0","0","0","0"
"13829291","1874","885","6","2023-02-16 01:13:20","1","1","0","0"
"13830075","1269","885","30","2023-02-06 11:07:24","1","1","0","0"
"13831483","861","884","5","2023-07-08 20:10:02","6","4","2","0"
"13833609","931","884","8","","0","0","0","0"
"13834075","1151","884","7","2024-01-12 15:18:54","2","0","0","2"
"13834192","534","884","6","2023-11-13 16:20:08","1","0","0","1"
"13834948","1636","884","9","2023-12-12 09:48:05","2","0","1","1"
"13835615","527","884","8","2023-02-05 18:54:04","2","2","0","0"
"13836083","540","884","12","2023-11-28 03:17:11","3","0","1","2"
"13838369","1692","883","54","2024-01-09 06:13:45","14","3","1","10"
"13839442","542","883","11","2023-03-28 04:01:35","1","1","0","0"
"13841016","1798","883","13","","0","0","0","0"
"13841031","772","883","13","2023-11-19 19:03:29","7","3","1","3"
"13843906","643","883","15","2023-11-08 07:29:45","5","3","1","1"
"13844309","1397","882","42","2023-10-12 15:14:32","7","0","5","2"
"13845263","897","882","21","2024-01-26 23:48:53","6","0","0","6"
"13845498","1037","882","6","2024-01-18 16:07:42","11","1","0","10"
"13845863","501","882","5","2023-04-26 17:23:06","2","2","0","0"
"13849446","1166","882","5","2023-08-23 02:43:31","1","0","0","1"
"13849716","652","882","7","2023-05-15 17:57:54","1","0","1","0"
"13851934","828","881","11","","0","0","0","0"
"13852758","1039","881","22","2023-03-16 09:44:05","2","2","0","0"
"13852852","1252","881","27","","0","0","0","0"
"13855290","957","881","5","2023-09-05 16:10:26","4","2","1","1"
"13857453","830","880","12","2023-05-30 07:07:49","2","1","1","0"
"13858576","941","880","30","2023-02-11 20:01:01","2","2","0","0"
"13859363","693","880","6","","0","0","0","0"
"13860071","1145","880","5","2023-08-15 08:07:22","2","1","0","1"
"13860286","1164","880","17","2024-01-31 13:39:35","27","1","14","12"
"13862352","550","879","5","","0","0","0","0"
"13866576","1610","879","16","","0","0","0","0"
"13869905","996","878","8","2023-03-23 18:16:21","1","1","0","0"
"13870033","831","878","5","","0","0","0","0"
"13870209","1504","878","10","2023-03-24 14:38:54","1","1","0","0"
"13875968","938","877","8","2024-01-02 17:13:28","3","0","1","2"
"13876163","752","877","13","","0","0","0","0"
"13877993","1690","877","6","2023-09-21 16:07:33","4","2","1","1"
"13881967","570","876","9","","0","0","0","0"
"13884034","1034","876","30","","0","0","0","0"
"13884255","1021","876","72","","0","0","0","0"
"13884410","1030","876","7","","0","0","0","0"
"13884720","836","876","6","2023-10-17 06:28:29","4","1","1","2"
"13885192","1047","876","11","2023-12-29 13:28:40","1","0","0","1"
"13886876","1081","876","18","2024-01-04 18:38:51","14","1","2","11"
"13887112","1169","876","58","","0","0","0","0"
"13888486","1528","875","127","2023-06-26 08:48:33","16","12","4","0"
"13891832","937","875","30","","0","0","0","0"
"13891891","535","875","6","2023-09-25 13:16:34","1","0","0","1"
"13892487","988","875","10","","0","0","0","0"
"13893216","1455","875","35","2023-10-19 14:20:18","10","1","4","5"
"13894746","544","875","8","2023-03-01 17:43:59","2","2","0","0"
"13894931","1389","875","6","2023-08-23 21:13:15","4","2","0","2"
"13897405","794","874","23","2023-02-15 12:39:23","1","1","0","0"
"13897851","1173","874","59","","0","0","0","0"
"13898593","919","874","16","2023-08-08 05:10:39","5","1","3","1"
"13899089","829","874","9","2023-08-18 16:33:44","1","0","0","1"
"13899329","1454","874","8","2023-09-27 17:16:55","4","0","2","2"
"13903584","668","873","17","2024-01-05 09:08:59","4","2","0","2"
"13904455","633","873","14","","0","0","0","0"
"13905088","595","873","5","2024-01-07 18:54:33","5","0","3","2"
"13906951","1497","873","7","","0","0","0","0"
"13907072","1940","873","40","2023-12-19 19:44:12","19","5","4","10"
"13908087","551","873","6","","0","0","0","0"
"13908508","1242","873","8","2023-11-20 17:13:12","7","2","0","5"
"13909687","543","872","8","","0","0","0","0"
"13910236","716","872","6","","0","0","0","0"
"13910368","1251","872","5","2023-04-18 05:45:27","1","1","0","0"
"13912777","857","872","22","","0","0","0","0"
"13913053","1149","872","16","","0","0","0","0"
"13916047","837","871","6","2024-01-25 18:46:40","17","0","3","14"
"13919730","1525","870","91","","0","0","0","0"
"13921399","1811","870","85","","0","0","0","0"
"13922250","601","870","14","2023-03-02 14:43:52","7","7","0","0"
"13929206","813","869","8","","0","0","0","0"
"13929460","972","869","6","2023-12-20 06:02:59","4","2","0","2"
"13930389","1782","869","7","2023-07-06 23:30:39","1","0","1","0"
"13930970","540","869","29","2023-08-11 06:56:44","6","2","3","1"
"13931061","870","869","12","2023-03-27 09:58:51","1","1","0","0"
"13932854","1387","868","25","2023-03-17 07:44:34","15","15","0","0"
"13933721","1057","868","9","2024-01-17 14:18:34","21","0","3","18"
"13935335","559","868","11","","0","0","0","0"
"13938503","930","868","25","2024-01-31 07:55:15","3","2","0","1"
"13939621","874","867","6","2023-11-03 20:35:32","1","0","0","1"
"13939952","519","867","8","2024-01-16 06:24:38","2","0","1","1"
"13940715","900","867","31","2023-06-19 07:42:15","4","0","4","0"
"13943198","625","867","45","2023-05-07 07:29:22","2","1","1","0"
"13943382","655","867","20","2023-07-14 08:10:46","1","0","1","0"
"13943679","540","867","8","2023-07-25 00:48:29","3","2","1","0"
"13944042","745","867","8","2023-02-22 19:46:03","1","1","0","0"
"13945003","895","867","10","2023-06-29 12:51:08","1","0","1","0"
"13945013","1272","867","6","","0","0","0","0"
"13945484","1374","866","9","","0","0","0","0"
"13945615","1215","866","15","2024-01-26 04:54:59","56","0","0","56"
"13945920","1521","866","5","2023-04-06 22:49:05","1","1","0","0"
"13946034","838","866","11","","0","0","0","0"
"13946940","1046","866","18","","0","0","0","0"
"13950944","609","866","6","2024-01-12 20:02:31","7","3","2","2"
"13951118","1235","865","10","2023-10-15 09:04:54","9","0","0","9"
"13952135","625","865","7","2023-08-11 10:45:00","1","0","0","1"
"13953455","532","865","11","2023-04-04 12:45:20","9","9","0","0"
"13957204","819","864","11","","0","0","0","0"
"13957283","1216","864","22","2023-04-11 14:49:34","12","12","0","0"
"13957679","723","864","7","2024-01-16 09:45:52","6","2","1","3"
"13958041","882","864","6","2024-01-15 07:50:42","3","0","0","3"
"13958871","676","864","7","2023-07-06 05:10:47","2","0","2","0"
"13963193","768","863","18","","0","0","0","0"
"13964273","1326","863","20","2024-01-20 12:46:34","10","4","3","3"
"13965360","830","863","15","2023-11-14 18:29:09","2","0","0","2"
"13969419","1804","862","6","2023-08-28 16:57:25","2","1","0","1"
"13970089","1574","862","25","2023-07-24 15:24:14","3","2","1","0"
"13970200","677","862","10","2024-01-15 19:20:17","7","2","4","1"
"13970397","1444","862","40","2024-01-10 15:48:54","16","2","12","2"
"13971251","1183","862","30","2023-09-12 20:28:31","7","2","0","5"
"13972844","633","861","8","2023-02-05 00:58:05","1","1","0","0"
"13973724","1420","861","33","2023-12-27 04:53:42","40","32","0","8"
"13973939","911","861","7","","0","0","0","0"
"13974163","631","861","17","","0","0","0","0"
"13976030","505","861","6","2023-07-02 06:50:28","1","0","1","0"
"13976117","672","861","5","","0","0","0","0"
"13977551","585","861","5","","0","0","0","0"
"13977580","922","861","27","2023-12-13 18:22:12","21","4","10","7"
"13979253","551","861","35","","0","0","0","0"
"13981027","677","860","11","2023-11-22 15:12:07","6","4","1","1"
"13981886","894","860","9","2023-03-07 21:16:56","4","4","0","0"
"13982210","785","860","10","2023-02-26 17:25:12","4","4","0","0"
"13983184","522","860","9","2023-10-18 13:37:08","5","0","1","4"
"13983399","1519","860","13","","0","0","0","0"
"13984609","504","860","45","","0","0","0","0"
"13985440","602","860","8","","0","0","0","0"
"13985765","706","859","5","","0","0","0","0"
"13986472","845","859","21","2023-07-08 11:19:55","4","2","2","0"
"13988407","861","859","51","2023-08-07 12:45:40","8","5","0","3"
"13990645","626","859","37","","0","0","0","0"
"13991201","1150","859","13","2023-12-14 16:20:49","38","1","0","37"
"13991249","1113","859","23","2024-01-24 00:25:13","9","4","0","5"
"13993372","833","858","5","2023-02-22 12:31:28","1","1","0","0"
"13995622","784","858","5","","0","0","0","0"
"13997761","1742","857","30","2023-12-19 16:27:06","3","1","0","2"
"13998163","541","857","6","","0","0","0","0"
"13998438","616","857","5","","0","0","0","0"
"13998807","535","857","12","","0","0","0","0"
"13999386","1774","857","6","","0","0","0","0"
"14000568","877","856","9","2023-10-31 20:33:50","2","1","0","1"
"14001385","580","856","8","2023-07-03 14:59:54","1","0","1","0"
"14002303","750","856","7","2023-07-13 16:47:49","1","0","1","0"
"14004541","1565","856","51","","0","0","0","0"
"14004940","916","856","26","2023-12-09 18:20:59","9","4","2","3"
"14005136","514","856","20","","0","0","0","0"
"14007838","1725","855","82","","0","0","0","0"
"14007866","825","855","15","","0","0","0","0"
"14008146","814","855","6","2023-08-29 06:02:36","13","3","8","2"
"14008447","911","855","18","2023-11-23 17:30:56","1","0","0","1"
"14010121","762","855","5","","0","0","0","0"
"14013535","593","854","7","2023-12-08 01:56:43","2","0","0","2"
"14015126","1952","854","15","2023-03-04 18:33:18","1","1","0","0"
"14016638","709","854","16","2023-10-08 14:16:25","8","6","1","1"
"14018385","1330","854","28","2023-10-19 02:41:02","1","0","0","1"
"14019437","970","853","5","2024-01-20 15:21:21","11","3","2","6"
"14021166","625","853","7","2024-01-16 22:11:19","12","2","2","8"
"14024740","544","853","10","","0","0","0","0"
"14027162","713","852","20","2024-01-31 05:35:18","1","0","0","1"
"14028308","632","852","9","","0","0","0","0"
"14028477","1488","852","72","","0","0","0","0"
"14029782","564","852","11","","0","0","0","0"
"14033765","1004","851","23","","0","0","0","0"
"14034062","1316","851","14","","0","0","0","0"
"14036008","657","850","9","","0","0","0","0"
"14037472","653","850","13","2023-07-01 15:09:10","2","1","1","0"
"14038605","571","850","8","2024-01-19 16:54:10","6","3","1","2"
"14038646","795","850","12","","0","0","0","0"
"14040597","519","849","9","2023-09-19 08:58:03","4","2","0","2"
"14040937","634","849","17","","0","0","0","0"
"14046582","1717","848","6","2023-08-12 06:24:02","19","17","1","1"
"14046915","1150","848","13","2024-01-07 05:46:54","11","3","0","8"
"14047838","890","848","7","2023-04-05 09:43:59","8","8","0","0"
"14048511","614","848","24","","0","0","0","0"
"14050808","511","848","10","2023-06-19 20:33:51","1","0","1","0"
"14051077","772","847","9","2023-07-27 20:35:52","2","1","1","0"
"14056591","1071","847","29","2023-08-23 15:47:18","5","2","2","1"
"14056647","1497","847","15","","0","0","0","0"
"14056648","1145","847","5","2023-11-21 11:54:01","3","0","1","2"
"14061203","683","846","18","","0","0","0","0"
"14062042","1595","846","22","2023-07-01 12:07:17","16","11","5","0"
"14063245","1279","845","16","2023-12-31 03:53:10","7","3","2","2"
"14066512","786","845","12","","0","0","0","0"
"14067190","547","845","12","","0","0","0","0"
"14068351","563","845","6","","0","0","0","0"
"14071053","1772","844","9","2023-10-02 04:37:07","28","16","1","11"
"14073624","741","843","6","2024-01-16 02:35:37","4","0","0","4"
"14076425","574","843","7","2023-08-29 16:36:13","4","2","0","2"
"14076451","695","843","37","2023-03-03 16:59:31","1","1","0","0"
"14076532","532","843","13","","0","0","0","0"
"14077491","1203","843","63","","0","0","0","0"
"14078020","512","842","7","2023-02-22 16:15:24","2","2","0","0"
"14078826","925","842","9","","0","0","0","0"
"14079497","1114","842","19","","0","0","0","0"
"14081474","841","842","9","2024-01-03 11:42:10","6","1","1","4"
"14083453","819","842","7","","0","0","0","0"
"14085523","515","841","5","2023-06-05 10:00:25","7","6","1","0"
"14085862","504","841","7","","0","0","0","0"
"14085882","584","841","6","2023-05-04 09:29:34","7","6","1","0"
"14088005","787","841","8","2023-05-03 18:38:06","1","0","1","0"
"14088796","501","841","13","2023-03-12 02:22:23","1","1","0","0"
"14090412","706","840","5","2023-12-28 17:44:56","1","0","0","1"
"14091631","531","840","21","2023-07-24 07:12:34","3","1","2","0"
"14091680","548","840","21","2023-10-04 21:40:02","1","0","0","1"
"14091920","513","840","7","2023-12-04 20:49:13","2","0","1","1"
"14092446","1131","840","21","2023-08-14 03:54:14","4","1","2","1"
"14094055","578","840","5","","0","0","0","0"
"14094460","1442","840","20","2023-10-29 09:37:04","5","0","2","3"
"14095048","706","840","5","","0","0","0","0"
"14095739","1281","840","35","2023-05-02 18:41:09","6","2","4","0"
"14096169","902","840","35","2023-11-23 02:08:05","4","1","1","2"
"14098666","533","839","9","2023-08-15 18:49:55","1","0","0","1"
"14098985","652","839","5","2023-09-12 20:12:14","2","1","0","1"
"14100583","714","839","21","","0","0","0","0"
"14100745","879","839","82","","0","0","0","0"
"14103836","1015","838","6","","0","0","0","0"
"14103981","848","838","8","2023-09-07 07:22:39","1","0","0","1"
"14104321","592","838","14","","0","0","0","0"
"14105130","745","838","11","","0","0","0","0"
"14105382","542","838","6","","0","0","0","0"
"14105642","928","838","9","2024-01-24 13:25:47","2","0","0","2"
"14106873","1601","838","15","2023-06-20 10:00:00","4","3","1","0"
"14109394","652","837","6","2023-06-01 16:35:50","1","0","1","0"
"14111707","731","837","10","2023-12-07 18:04:29","4","3","0","1"
"14113504","726","836","8","","0","0","0","0"
"14113844","1878","836","11","2023-08-26 20:31:18","17","12","4","1"
"14114229","542","836","5","2023-02-04 15:15:49","1","1","0","0"
"14116068","523","836","6","2023-11-25 16:11:22","2","1","0","1"
"14117478","540","835","5","","0","0","0","0"
"14119306","520","835","13","2023-10-27 14:37:55","2","0","0","2"
"14119935","816","835","10","","0","0","0","0"
"14121161","1070","835","56","2023-06-22 01:33:27","3","1","2","0"
"14121186","882","835","5","2023-10-18 17:13:43","13","12","0","1"
"14121843","784","835","6","2023-06-09 10:34:10","1","0","1","0"
"14122061","673","835","5","2023-03-05 15:27:21","2","2","0","0"
"14122501","838","834","10","2023-07-24 03:23:58","3","2","1","0"
"14123406","930","834","5","","0","0","0","0"
"14128125","927","834","5","","0","0","0","0"
"14129810","816","833","6","","0","0","0","0"
"14131415","561","833","12","2023-12-27 05:30:43","16","0","0","16"
"14132160","820","833","10","2024-01-07 19:39:44","2","1","0","1"
"14133995","1039","833","23","2023-12-29 18:27:55","11","5","1","5"
"14134059","1685","833","20","2023-10-30 21:15:15","9","4","3","2"
"14135840","507","832","39","","0","0","0","0"
"14136799","700","832","6","2023-03-20 10:17:35","3","3","0","0"
"14137110","597","832","12","","0","0","0","0"
"14139196","546","832","45","","0","0","0","0"
"14139206","571","832","5","2023-02-05 10:41:13","1","1","0","0"
"14139455","1327","832","13","2023-08-23 08:45:29","7","1","5","1"
"14140292","747","832","7","2023-08-25 11:40:52","7","2","1","4"
"14141126","974","831","52","","0","0","0","0"
"14141494","1372","831","37","2023-12-21 11:26:58","7","1","0","6"
"14142605","522","831","14","2023-05-09 07:45:54","2","1","1","0"
"14144232","1406","831","16","2023-11-11 00:39:42","8","4","2","2"
"14144323","722","831","41","","0","0","0","0"
"14146580","889","830","31","2023-12-01 03:18:22","30","10","3","17"
"14147111","539","830","8","2023-11-17 09:01:00","1","0","0","1"
"14148530","1500","830","43","","0","0","0","0"
"14148548","773","830","40","2023-10-18 10:18:37","9","2","3","4"
"14148586","561","830","6","2023-06-12 17:23:33","4","3","1","0"
"14149259","604","830","6","2023-04-27 17:46:55","1","1","0","0"
"14151698","795","829","34","2024-01-13 06:31:15","4","1","0","3"
"14151733","1579","829","91","2023-07-25 15:12:02","6","0","6","0"
"14155807","731","828","24","2023-04-08 06:13:39","2","2","0","0"
"14156824","833","828","9","2023-07-19 08:12:00","2","1","1","0"
"14159253","1765","828","15","2023-02-24 08:36:32","5","5","0","0"
"14159635","921","828","13","","0","0","0","0"
"14161743","519","827","5","2023-11-12 11:57:46","11","1","9","1"
"14163532","801","827","27","2024-01-11 05:52:33","16","5","1","10"
"14170111","1665","826","14","","0","0","0","0"
"14170511","511","826","5","2023-09-30 13:18:02","2","0","0","2"
"14170672","870","826","5","","0","0","0","0"
"14170686","1669","826","7","","0","0","0","0"
"14171827","583","826","12","2023-09-27 17:52:59","8","1","0","7"
"14173622","556","825","12","2023-05-17 23:01:58","1","0","1","0"
"14175601","1673","825","6","2023-09-27 09:00:30","4","0","0","4"
"14177243","529","825","11","2023-10-27 05:01:19","8","0","7","1"
"14177960","556","825","5","","0","0","0","0"
"14178125","626","825","14","","0","0","0","0"
"14178333","607","825","10","","0","0","0","0"
"14181711","971","824","6","2023-05-25 12:40:34","2","0","2","0"
"14186087","1669","823","10","","0","0","0","0"
"14186197","511","823","21","","0","0","0","0"
"14187529","1707","823","14","2024-01-08 12:48:24","19","13","3","3"
"14188379","527","823","10","","0","0","0","0"
"14190819","1323","822","12","2023-12-28 11:19:24","9","1","2","6"
"14192860","1748","822","5","","0","0","0","0"
"14193550","1171","821","9","2023-03-27 06:48:56","39","39","0","0"
"14193915","831","821","5","","0","0","0","0"
"14194793","1775","821","22","2023-02-22 22:55:33","1","1","0","0"
"14198459","533","821","13","2023-08-31 07:49:11","1","0","0","1"
"14199515","646","821","10","2023-06-17 23:43:05","8","2","6","0"
"14199632","1809","820","17","","0","0","0","0"
"14200659","1273","820","9","","0","0","0","0"
"14204863","632","820","16","2023-02-17 14:20:38","1","1","0","0"
"14206384","1154","819","12","","0","0","0","0"
"14206959","636","819","6","2023-08-28 12:50:13","4","1","2","1"
"14207423","721","819","13","2023-05-29 10:46:26","3","2","1","0"
"14207556","665","819","31","","0","0","0","0"
"14207720","1066","819","9","","0","0","0","0"
"14208453","1767","819","11","2023-08-17 10:21:00","1","0","0","1"
"14208501","592","819","12","2024-01-24 13:44:51","5","3","1","1"
"14209813","1475","819","29","","0","0","0","0"
"14211817","827","818","13","2023-11-16 12:03:35","21","4","7","10"
"14219789","846","817","9","2023-02-24 12:36:39","1","1","0","0"
"14222243","1303","817","6","2024-01-18 17:00:26","3","0","1","2"
"14222513","533","817","19","2023-11-17 00:44:33","9","0","4","5"
"14222997","502","817","7","2023-12-06 19:03:27","6","5","0","1"
"14224948","1086","816","8","2023-06-18 08:31:57","4","2","2","0"
"14226270","1431","816","19","2023-05-02 15:48:27","1","0","1","0"
"14231863","894","815","7","2024-01-11 22:29:17","4","2","0","2"
"14233004","1780","814","7","","0","0","0","0"
"14235396","548","814","7","2024-01-31 12:44:57","6","1","3","2"
"14236252","514","814","5","","0","0","0","0"
"14237276","515","814","6","2023-12-07 14:47:54","1","0","0","1"
"14238358","898","1708","6","2023-11-03 16:04:01","3","1","1","1"
"14240299","890","813","12","2023-08-30 20:17:52","1","0","0","1"
"14242111","644","813","18","2023-02-26 11:48:33","1","1","0","0"
"14244758","1106","812","22","2024-01-06 04:41:42","33","4","10","19"
"14246569","1428","812","6","2023-06-08 17:11:37","4","0","4","0"
"14246637","917","812","27","2023-12-29 15:22:43","3","2","0","1"
"14248116","1266","812","8","","0","0","0","0"
"14248636","759","812","6","","0","0","0","0"
"14251124","563","812","8","","0","0","0","0"
"14254050","936","811","15","","0","0","0","0"
"14255531","1586","811","23","","0","0","0","0"
"14256643","1647","811","29","2023-12-08 19:06:24","4","0","2","2"
"14256876","1933","811","22","2023-05-01 17:46:11","1","0","1","0"
"14257114","522","811","6","","0","0","0","0"
"14258439","721","810","11","2023-12-24 15:53:44","4","2","1","1"
"14258517","1566","810","6","","0","0","0","0"
"14259367","1840","810","36","2023-11-20 15:29:15","5","1","3","1"
"14259465","1186","810","24","","0","0","0","0"
"14260241","1213","810","61","2024-01-30 07:06:12","15","2","10","3"
"14260268","770","810","5","2023-12-18 07:06:01","3","0","2","1"
"14260530","613","810","13","2023-06-03 15:54:17","4","1","3","0"
"14260647","997","810","9","2024-01-25 07:50:52","5","1","0","4"
"14266627","817","809","9","2023-10-26 13:11:21","12","4","5","3"
"14267918","853","808","14","","0","0","0","0"
"14269222","813","808","11","2024-01-08 20:48:26","12","0","1","11"
"14269322","1374","808","7","","0","0","0","0"
"14270725","633","808","18","2023-02-01 03:25:14","1","1","0","0"
"14271145","551","808","30","","0","0","0","0"
"14272972","876","807","10","","0","0","0","0"
"14274230","1265","807","11","2023-12-20 23:17:15","10","4","3","3"
"14274392","854","807","20","","0","0","0","0"
"14277306","628","807","6","","0","0","0","0"
"14277434","1416","807","5","2023-02-26 21:15:07","1","1","0","0"
"14277568","668","807","16","2023-11-20 19:58:53","2","0","1","1"
"14277626","614","807","10","2023-05-08 19:50:32","1","0","1","0"
"14278409","745","806","23","2023-06-04 00:53:04","7","5","2","0"
"14279173","1144","806","7","2024-01-31 17:03:02","7","4","0","3"
"14279827","1035","806","5","2023-10-22 05:51:14","6","0","0","6"
"14282195","585","806","8","2023-11-29 11:57:31","3","0","0","3"
"14282340","867","806","6","2023-02-15 18:42:07","1","1","0","0"
"14283489","1782","806","105","2023-04-21 10:17:03","1","1","0","0"
"14284076","817","806","6","","0","0","0","0"
"14284475","1166","805","8","","0","0","0","0"
"14291243","1472","804","39","","0","0","0","0"
"14293274","584","804","26","2023-03-09 15:12:06","2","2","0","0"
"14294561","1615","804","34","2024-01-27 15:08:18","8","0","0","8"
"14295200","633","804","10","","0","0","0","0"
"14296621","1729","804","49","2024-01-03 06:24:18","5","0","2","3"
"14298586","1599","803","38","","0","0","0","0"
"14299073","1439","803","6","","0","0","0","0"
"14299113","854","803","6","2023-02-14 16:11:56","1","1","0","0"
"14300637","771","803","21","2023-02-11 07:22:16","1","1","0","0"
"14302873","637","803","6","","0","0","0","0"
"14304675","510","802","13","","0","0","0","0"
"14305096","1928","802","23","2023-05-06 17:45:44","2","1","1","0"
"14305946","553","802","43","2023-09-11 07:29:54","2","1","0","1"
"14308375","928","801","5","","0","0","0","0"
"14309364","828","801","8","","0","0","0","0"
"14309684","1753","801","10","2023-07-06 16:37:29","3","0","3","0"
"14314892","717","800","11","","0","0","0","0"
"14314944","1456","800","19","2023-11-24 09:38:37","4","2","0","2"
"14317799","1044","800","7","","0","0","0","0"
"14318729","946","799","6","","0","0","0","0"
"14320825","601","799","43","","0","0","0","0"
"14321517","709","799","10","2023-12-27 09:17:16","3","1","0","2"
"14322257","983","799","43","2023-02-01 04:18:56","1","1","0","0"
"14324038","1556","799","7","","0","0","0","0"
"14328954","514","798","14","","0","0","0","0"
"14329228","1078","798","5","2024-01-12 14:23:56","7","0","2","5"
"14329830","745","798","15","2023-03-28 19:11:25","2","2","0","0"
"14330332","502","798","12","2023-12-04 23:26:00","5","0","3","2"
"14331334","1541","797","36","","0","0","0","0"
"14335153","820","797","16","","0","0","0","0"
"14335655","1455","797","39","","0","0","0","0"
"14337775","1470","796","5","2023-03-04 15:38:14","1","1","0","0"
"14340917","665","796","11","2023-11-28 02:30:10","2","1","0","1"
"14344959","1446","795","27","2023-12-13 10:36:08","22","10","6","6"
"14345328","1654","795","5","2023-10-15 10:43:37","4","2","0","2"
"14345989","886","795","19","2023-10-02 18:20:03","4","1","2","1"
"14346900","1084","795","43","","0","0","0","0"
"14347617","729","794","29","","0","0","0","0"
"14348748","1211","794","18","2023-05-07 13:43:57","1","0","1","0"
"14348996","1236","794","6","","0","0","0","0"
"14350146","884","794","22","2023-11-15 22:40:27","1","0","0","1"
"14350456","872","794","20","","0","0","0","0"
"14352357","1277","793","18","","0","0","0","0"
"14352841","544","793","8","2024-01-08 08:59:17","5","1","1","3"
"14353529","974","793","21","","0","0","0","0"
"14353744","679","793","9","2023-11-13 15:38:40","2","0","1","1"
"14353810","534","793","6","2023-07-30 07:12:42","2","1","1","0"
"14355349","616","793","5","","0","0","0","0"
"14356413","659","793","46","","0","0","0","0"
"14356788","1387","793","28","2023-12-05 22:03:13","13","3","2","8"
"14357856","830","793","56","2023-09-19 18:42:21","4","1","0","3"
"14358978","609","792","5","","0","0","0","0"
"14360227","1554","792","6","2023-02-06 15:43:36","1","1","0","0"
"14360762","946","792","14","2024-01-07 15:08:31","12","6","1","5"
"14362546","946","792","5","2023-11-13 16:22:57","2","0","0","2"
"14366961","542","791","8","","0","0","0","0"
"14367279","1945","791","5","2023-05-25 09:48:37","3","2","1","0"
"14367416","1427","791","101","2023-05-22 07:07:31","4","1","3","0"
"14367790","509","791","7","2023-06-13 15:28:46","2","1","1","0"
"14368944","560","791","7","2023-07-01 14:27:15","3","2","1","0"
"14371645","1171","790","13","","0","0","0","0"
"14371894","528","790","13","","0","0","0","0"
"14372685","1826","790","31","","0","0","0","0"
"14372759","1415","790","12","","0","0","0","0"
"14373213","581","790","10","","0","0","0","0"
"14373360","638","790","14","","0","0","0","0"
"14373886","540","790","8","2023-11-07 16:28:23","6","2","2","2"
"14374471","568","790","10","2024-01-18 12:10:58","7","3","1","3"
"14375016","949","790","5","2023-07-15 12:20:06","1","0","1","0"
"14375571","662","790","7","2023-12-01 01:19:50","1","0","0","1"
"14378314","788","789","6","","0","0","0","0"
"14384045","579","788","5","2023-05-15 17:17:47","1","0","1","0"
"14384334","1751","788","13","2023-09-16 22:31:04","3","1","0","2"
"14385914","501","788","18","","0","0","0","0"
"14387852","1466","787","9","2023-11-03 15:10:56","7","4","0","3"
"14388717","1359","787","56","","0","0","0","0"
"14388778","707","787","34","2023-03-21 13:22:05","13","13","0","0"
"14392430","708","786","9","2023-02-27 13:36:51","3","3","0","0"
"14393479","969","786","5","2023-02-09 20:30:07","1","1","0","0"
"14394219","615","786","34","2023-03-07 15:44:12","2","2","0","0"
"14394371","1895","786","26","2023-07-19 13:19:44","58","27","31","0"
"14396250","581","786","8","2023-06-06 20:03:02","1","0","1","0"
"14398771","549","785","16","2023-11-03 06:04:08","3","2","0","1"
"14399237","659","785","7","2023-11-17 15:14:50","1","0","0","1"
"14399602","890","785","8","2023-11-10 16:54:39","4","0","1","3"
"14399705","636","785","23","2023-04-04 13:31:42","2","2","0","0"
"14401893","929","785","20","","0","0","0","0"
"14403369","1926","785","33","2024-01-15 10:12:55","16","8","2","6"
"14406682","738","784","10","","0","0","0","0"
"14406845","603","784","12","","0","0","0","0"
"14407123","1675","784","13","2024-01-25 13:06:40","17","9","3","5"
"14412190","1651","783","25","","0","0","0","0"
"14413069","1155","783","21","2024-01-19 13:57:24","29","3","10","16"
"14414215","850","783","9","2023-09-26 01:48:17","1","0","0","1"
"14414944","1017","783","16","2023-04-26 19:19:17","2","2","0","0"
"14422054","792","782","40","2023-12-04 14:41:25","1","0","0","1"
"14425501","1925","781","10","","0","0","0","0"
"14426285","567","781","7","2023-08-20 03:20:59","3","1","1","1"
"14426684","726","781","5","","0","0","0","0"
"14426823","1064","781","33","","0","0","0","0"
"14427036","675","781","8","2023-04-05 09:29:09","1","1","0","0"
"14427765","671","781","10","2023-12-09 16:46:15","2","0","0","2"
"14430639","1919","780","18","2023-08-21 14:00:20","7","5","1","1"
"14431043","618","780","15","2024-01-23 01:34:18","39","5","9","25"
"14433641","547","779","8","2023-04-11 06:35:02","1","1","0","0"
"14434806","1555","779","24","2023-12-27 14:53:16","1","0","0","1"
"14436930","681","779","5","2023-04-09 03:03:41","3","3","0","0"
"14438350","893","779","13","","0","0","0","0"
"14438633","578","779","7","2023-03-15 10:02:47","1","1","0","0"
"14442664","574","778","50","2023-07-10 19:05:19","2","1","1","0"
"14442758","705","778","6","2023-10-31 15:17:30","21","19","1","1"
"14447117","767","777","30","","0","0","0","0"
"14447614","614","777","28","2023-07-12 09:24:17","13","10","3","0"
"14449207","714","777","8","","0","0","0","0"
"14450325","577","777","12","2023-08-09 08:27:52","5","0","4","1"
"14450954","1346","777","7","","0","0","0","0"
"14455214","630","776","5","2023-09-14 07:32:18","3","1","1","1"
"14455249","725","776","15","","0","0","0","0"
"14455278","612","776","8","2023-11-20 23:50:05","4","0","0","4"
"14456523","543","776","8","2023-11-03 16:12:15","2","1","0","1"
"14457599","1693","776","29","2023-12-09 21:43:17","74","46","9","19"
"14461989","620","775","20","","0","0","0","0"
"14463304","530","775","5","","0","0","0","0"
"14463444","1287","775","16","2023-10-17 17:06:00","5","1","0","4"
"14465513","752","775","30","","0","0","0","0"
"14465779","837","774","26","","0","0","0","0"
"14466144","1307","774","10","2023-09-29 17:15:33","4","0","1","3"
"14467220","589","774","10","2023-03-25 08:37:38","2","2","0","0"
"14469685","1817","774","22","2023-06-15 21:09:04","1","0","1","0"
"14470460","653","773","16","","0","0","0","0"
"14473834","896","773","18","2023-11-12 11:03:49","4","0","0","4"
"14474303","1088","773","7","2023-02-12 12:28:29","1","1","0","0"
"14477151","913","772","34","","0","0","0","0"
"14482885","531","771","6","2023-02-09 04:53:00","1","1","0","0"
"14489531","751","770","6","2023-05-02 19:24:43","4","3","1","0"
"14491805","755","770","5","","0","0","0","0"
"14492001","1444","770","10","2023-10-31 14:30:44","1","0","0","1"
"14492228","751","770","11","","0","0","0","0"
"14493782","878","770","27","","0","0","0","0"
"14494113","633","797","14","2024-01-07 18:28:05","2","0","0","2"
"14496736","1030","769","7","","0","0","0","0"
"14497778","697","769","30","2023-06-15 10:41:37","1","0","1","0"
"14498767","659","769","7","","0","0","0","0"
"14499516","719","769","11","2023-12-30 04:08:50","22","0","0","22"
"14503105","674","769","8","2023-11-28 16:06:48","10","6","1","3"
"14504685","603","768","15","2024-01-26 08:45:35","4","1","0","3"
"14505115","1797","768","8","","0","0","0","0"
"14507110","1217","768","30","2023-06-23 19:10:29","2","0","2","0"
"14507326","695","768","10","","0","0","0","0"
"14509153","587","768","25","","0","0","0","0"
"14510925","1417","767","14","2023-11-23 18:47:38","10","2","2","6"
"14514052","1077","767","6","","0","0","0","0"
"14515077","837","766","14","2024-01-30 23:52:23","12","5","4","3"
"14515110","594","766","8","2023-04-17 01:48:32","5","5","0","0"
"14516016","1359","766","23","","0","0","0","0"
"14519278","1772","765","67","2023-10-29 07:11:13","4","0","0","4"
"14520847","821","765","5","","0","0","0","0"
"14522489","917","765","22","2023-12-10 09:33:43","2","0","1","1"
"14523467","987","765","9","","0","0","0","0"
"14523632","567","765","5","","0","0","0","0"
"14525663","905","764","21","2023-11-17 21:41:46","11","3","1","7"
"14526125","1782","764","8","2023-07-19 16:18:42","2","1","1","0"
"14527387","724","764","33","","0","0","0","0"
"14527497","573","764","60","2023-04-20 02:44:59","1","1","0","0"
"14532657","624","763","18","2023-07-22 00:37:55","9","0","9","0"
"14533058","680","763","5","2023-06-21 01:57:56","2","1","1","0"
"14533535","1285","763","7","2023-04-27 13:33:06","1","1","0","0"
"14536535","766","763","41","","0","0","0","0"
"14540600","821","762","10","2023-12-24 21:53:01","3","1","1","1"
"14541937","1812","762","39","2023-05-23 07:06:58","1","0","1","0"
"14542345","1673","762","6","2023-11-21 11:43:46","6","4","0","2"
"14543452","543","762","5","","0","0","0","0"
"14543780","880","762","24","2023-06-15 23:07:14","13","6","7","0"
"14544569","711","762","11","2023-06-16 14:01:05","2","1","1","0"
"14545160","808","762","30","","0","0","0","0"
"14548500","713","761","65","2023-02-08 13:12:10","1","1","0","0"
"14550822","776","761","7","2023-06-09 07:19:48","2","1","1","0"
"14551567","1401","761","76","","0","0","0","0"
"14555991","850","760","27","2023-04-05 19:45:05","11","11","0","0"
"14557595","1003","759","15","2023-05-20 09:48:40","1","0","1","0"
"14558664","647","759","17","2023-07-03 15:34:11","3","0","3","0"
"14559220","1874","759","73","2023-12-21 14:26:40","8","2","2","4"
"14563376","940","758","8","2023-09-29 11:01:41","1","0","0","1"
"14566292","723","758","5","2023-12-03 19:41:45","5","0","1","4"
"14568922","632","757","18","","0","0","0","0"
"14569281","602","757","32","","0","0","0","0"
"14569480","590","757","18","2023-10-15 15:04:10","5","1","1","3"
"14576258","683","756","15","2024-01-13 16:58:54","17","1","1","15"
"14578331","1036","756","10","2023-02-08 13:25:45","1","1","0","0"
"14579118","941","756","28","2024-01-23 02:14:49","8","3","0","5"
"14580524","825","755","26","2023-09-02 02:31:09","1","0","0","1"
"14582108","534","755","22","","0","0","0","0"
"14583599","1840","755","12","2024-01-09 11:11:09","15","1","5","9"
"14585422","761","755","12","","0","0","0","0"
"14585634","1222","755","16","2023-07-17 05:34:38","9","0","9","0"
"14588484","562","754","12","2023-03-30 14:32:46","5","5","0","0"
"14592461","800","754","7","","0","0","0","0"
"14593204","1523","754","21","","0","0","0","0"
"14594208","1076","753","14","2023-02-23 13:21:02","1","1","0","0"
"14595300","859","753","54","","0","0","0","0"
"14595863","1226","753","9","","0","0","0","0"
"14597146","591","753","6","","0","0","0","0"
"14597864","732","753","5","2023-12-09 16:59:19","5","3","1","1"
"14598633","886","752","20","2024-01-30 22:28:21","7","0","2","5"
"14598976","1577","752","72","2023-09-27 07:22:04","19","6","8","5"
"14599575","1116","752","17","","0","0","0","0"
"14599955","874","752","5","2023-11-03 09:07:47","1","0","0","1"
"14600034","536","752","31","","0","0","0","0"
"14600144","1003","752","33","2023-07-01 17:10:54","1","0","1","0"
"14601731","1303","752","26","","0","0","0","0"
"14602509","695","752","18","2023-12-19 14:01:25","6","4","1","1"
"14603518","1232","751","7","2023-09-01 07:19:09","4","2","0","2"
"14606179","571","751","13","2023-04-16 13:48:41","4","4","0","0"
"14606597","866","751","14","","0","0","0","0"
"14606987","868","751","15","2023-05-12 22:30:37","1","0","1","0"
"14607529","749","751","5","2024-01-24 06:44:27","18","13","4","1"
"14608336","575","751","7","","0","0","0","0"
"14608529","792","751","15","2023-06-23 04:17:41","2","1","1","0"
"14608747","800","751","7","2023-09-21 21:06:53","6","1","2","3"
"14614051","544","750","5","2023-12-13 06:56:27","1","0","0","1"
"14615100","549","750","14","2023-10-23 16:27:51","4","0","0","4"
"14615197","1074","750","5","2024-01-19 18:50:49","6","2","1","3"
"14616114","677","749","25","2023-11-21 20:38:14","1","0","0","1"
"14619383","1755","749","10","2023-12-06 05:41:25","1","0","0","1"
"14621813","673","749","5","","0","0","0","0"
"14622403","1033","749","5","2023-03-28 14:54:50","1","1","0","0"
"14624763","1072","748","6","2023-05-31 10:49:53","4","3","1","0"
"14625334","876","748","5","","0","0","0","0"
"14627589","571","748","6","","0","0","0","0"
"14629776","1929","747","5","","0","0","0","0"
"14630700","875","747","47","2023-10-30 07:03:59","1","0","0","1"
"14631054","1028","747","60","2023-05-28 13:59:01","3","2","1","0"
"14631246","618","747","6","","0","0","0","0"
"14631885","1742","747","31","2023-05-08 06:15:23","3","1","2","0"
"14632651","1301","747","75","2023-07-01 16:14:28","5","2","3","0"
"14632769","798","747","26","","0","0","0","0"
"14632909","880","747","17","2023-02-03 14:59:43","1","1","0","0"
"14638694","676","746","57","","0","0","0","0"
"14641282","1524","745","5","2024-01-17 09:33:20","3","2","0","1"
"14641359","600","745","14","","0","0","0","0"
"14642035","970","745","26","2023-11-08 21:20:20","5","2","1","2"
"14642180","1524","745","5","2023-11-24 08:10:09","3","1","1","1"
"14642553","1757","745","89","","0","0","0","0"
"14642839","668","745","7","","0","0","0","0"
"14645415","862","744","16","2023-02-27 12:14:33","1","1","0","0"
"14647816","691","744","47","","0","0","0","0"
"14648074","894","744","41","","0","0","0","0"
"14648899","914","744","21","2023-12-28 07:44:19","1","0","0","1"
"14649181","512","744","8","","0","0","0","0"
"14650498","1049","744","5","","0","0","0","0"
"14650992","594","744","10","","0","0","0","0"
"14651952","595","743","5","2023-06-30 02:50:41","5","2","3","0"
"14653849","995","743","16","2024-01-23 09:18:32","8","0","0","8"
"14657675","967","743","11","2023-11-06 03:52:47","1","0","0","1"
"14659949","1080","742","5","2023-12-15 14:03:58","1","0","0","1"
"14660938","519","742","10","2023-06-19 18:58:47","2","0","2","0"
"14661202","891","742","28","2023-11-05 14:39:06","13","1","2","10"
"14661648","1077","742","17","2023-11-16 09:58:44","4","1","0","3"
"14661869","501","742","29","","0","0","0","0"
"14662179","1313","742","32","2023-09-16 12:51:48","8","3","2","3"
"14663497","1245","742","34","","0","0","0","0"
"14663777","619","742","21","2024-01-27 07:44:06","2","1","0","1"
"14663972","856","742","5","2023-03-18 16:03:39","4","4","0","0"
"14664861","815","742","12","2024-01-28 02:06:00","14","5","3","6"
"14665310","575","742","14","2023-09-01 21:51:14","2","0","1","1"
"14666158","1105","741","6","2023-08-10 19:40:58","2","0","0","2"
"14667788","1275","741","7","","0","0","0","0"
"14668475","1378","741","5","2023-05-11 15:18:17","5","3","2","0"
"14669005","1142","741","50","2023-04-10 12:03:12","2","2","0","0"
"14669082","666","741","5","2023-12-06 13:09:51","4","1","0","3"
"14669745","809","741","9","2023-04-05 08:32:50","2","2","0","0"
"14669853","1056","741","40","2024-01-07 10:00:32","4","1","0","3"
"14671221","866","741","5","","0","0","0","0"
"14674563","989","740","22","2024-01-31 13:35:38","20","2","9","9"
"14675031","775","740","9","","0","0","0","0"
"14677302","1489","740","7","2023-11-05 23:21:57","10","0","1","9"
"14678267","664","740","24","2023-09-14 06:17:17","4","0","0","4"
"14681038","643","739","9","","0","0","0","0"
"14682396","1145","739","14","2023-03-26 07:34:52","1","1","0","0"
"14682570","627","739","8","2023-10-15 18:12:56","1","0","0","1"
"14686302","922","738","7","2024-01-11 12:06:02","9","4","1","4"
"14687587","504","3320","6","2023-06-06 20:03:35","1","0","1","0"
"14689289","1221","737","28","2023-08-14 13:19:33","5","1","1","3"
"14693246","749","737","15","2023-02-15 14:11:06","1","1","0","0"
"14693778","1178","737","5","","0","0","0","0"
"14694492","517","737","5","","0","0","0","0"
"14695308","720","737","6","2023-11-01 21:31:09","3","0","0","3"
"14701509","1311","736","19","2023-08-25 05:23:16","9","5","3","1"
"14704020","630","735","17","","0","0","0","0"
"14704150","1914","735","36","2023-07-15 18:56:03","2","0","2","0"
"14708017","518","735","9","","0","0","0","0"
"14711735","833","734","35","2023-06-30 10:48:17","7","5","2","0"
"14714168","656","734","15","","0","0","0","0"
"14717485","547","733","9","","0","0","0","0"
"14717625","775","733","12","2024-01-15 02:54:54","9","2","4","3"
"14718856","1073","733","34","","0","0","0","0"
"14720421","509","733","7","2023-11-08 18:24:32","5","0","1","4"
"14720490","801","733","5","","0","0","0","0"
"14720975","729","733","11","2023-02-11 17:20:57","1","1","0","0"
"14722232","890","732","15","","0","0","0","0"
"14722297","1895","732","90","2023-11-24 18:52:17","1","0","0","1"
"14723312","564","732","5","","0","0","0","0"
"14723657","1012","732","8","2023-05-22 09:01:33","6","5","1","0"
"14726120","656","732","11","2023-03-13 11:37:14","2","2","0","0"
"14727976","840","731","6","2023-10-21 13:05:17","2","0","0","2"
"14728030","1758","731","10","2023-09-28 06:23:54","3","0","0","3"
"14729495","806","731","17","","0","0","0","0"
"14730455","783","731","14","2023-11-24 13:58:54","3","2","0","1"
"14732792","791","730","12","2024-01-21 18:27:10","4","1","0","3"
"14733367","722","730","8","","0","0","0","0"
"14737138","960","730","13","","0","0","0","0"
"14737400","572","730","7","","0","0","0","0"
"14738189","824","730","13","","0","0","0","0"
"14738350","612","730","5","2023-03-31 09:51:26","3","3","0","0"
"14742903","561","729","19","","0","0","0","0"
"14743703","823","729","5","","0","0","0","0"
"14744714","727","729","5","","0","0","0","0"
"14745090","880","729","30","2024-01-19 21:42:39","4","0","1","3"
"14745811","593","728","12","2023-03-13 02:52:23","1","1","0","0"
"14749803","601","728","20","2023-05-18 13:29:06","1","0","1","0"
"14751182","604","728","7","2023-10-17 19:07:11","2","0","1","1"
"14752392","916","728","6","2023-06-12 08:49:09","1","0","1","0"
"14755660","1889","727","18","2023-10-17 17:18:21","13","9","1","3"
"14757226","1089","727","17","","0","0","0","0"
"14757539","654","727","6","","0","0","0","0"
"14757658","1626","727","125","","0","0","0","0"
"14759433","1728","727","11","2023-08-19 23:10:36","4","0","3","1"
"14760857","642","726","6","2023-03-10 14:31:11","2","2","0","0"
"14761370","1190","726","6","2024-01-23 21:58:07","9","1","2","6"
"14763690","1270","726","60","","0","0","0","0"
"14764038","1265","726","39","","0","0","0","0"
"14766188","554","726","7","","0","0","0","0"
"14772994","1459","724","30","2023-09-02 06:17:00","9","6","1","2"
"14774446","542","724","12","","0","0","0","0"
"14775478","1710","724","39","2024-01-01 08:53:17","21","2","5","14"
"14775881","516","724","5","2023-10-05 14:43:56","4","2","0","2"
"14778590","832","723","20","2023-12-20 09:36:09","10","3","3","4"
"14779676","1167","723","11","2023-11-23 13:39:37","6","2","2","2"
"14781260","706","723","18","2023-04-15 20:00:04","3","3","0","0"
"14781515","880","723","5","2023-06-07 11:18:24","1","0","1","0"
"14782238","686","723","10","","0","0","0","0"
"14785394","1191","722","43","2023-05-21 06:59:16","2","1","1","0"
"14787293","733","722","13","2023-12-04 17:32:03","26","2","8","16"
"14789065","732","722","12","2023-07-18 16:43:45","2","0","2","0"
"14789957","795","722","8","","0","0","0","0"
"14795595","847","721","45","2023-04-09 09:00:07","1","1","0","0"
"14802731","761","720","6","2023-12-15 18:00:16","16","6","2","8"
"14802987","806","720","6","2023-08-08 22:03:42","2","1","0","1"
"14803323","985","820","10","2024-01-31 23:24:41","34","14","7","13"
"14804838","1822","719","78","","0","0","0","0"
"14806778","595","719","6","2023-10-02 06:51:30","6","0","2","4"
"14808001","1289","719","14","2023-04-28 11:12:50","6","6","0","0"
"14808637","774","719","6","","0","0","0","0"
"14814223","718","718","21","2023-04-12 22:53:44","3","3","0","0"
"14814878","952","718","33","","0","0","0","0"
"14815045","791","718","5","2023-09-28 23:44:40","1","0","0","1"
"14815986","1696","717","18","","0","0","0","0"
"14816750","751","717","22","","0","0","0","0"
"14817523","619","717","6","2024-01-22 07:42:55","1","0","0","1"
"14817835","1065","717","5","2024-01-07 07:59:48","5","1","0","4"
"14818839","861","717","11","2023-04-06 22:35:35","3","3","0","0"
"14820590","1352","716","28","2023-07-27 13:08:17","1","0","1","0"
"14823310","611","716","14","2023-02-17 15:02:37","1","1","0","0"
"14824067","861","716","10","2023-12-08 16:50:02","7","6","0","1"
"14824324","1632","716","5","2024-01-12 10:44:37","2","0","0","2"
"14825276","665","716","6","2023-07-03 12:56:18","1","0","1","0"
"14826251","1137","716","52","2023-11-14 19:42:18","12","7","2","3"
"14828697","665","715","8","","0","0","0","0"
"14830534","1126","715","7","2024-01-04 15:29:10","13","3","0","10"
"14831834","657","715","21","","0","0","0","0"
"14834383","605","714","12","2024-01-09 18:15:10","6","2","3","1"
"14837008","534","714","33","","0","0","0","0"
"14837782","1091","714","56","","0","0","0","0"
"14838409","683","714","12","2023-10-13 23:11:51","2","0","0","2"
"14843075","1346","713","27","2023-09-06 22:25:47","1","0","0","1"
"14843551","1507","713","52","2023-04-14 09:18:35","4","4","0","0"
"14843625","648","713","8","2024-01-05 15:26:53","5","2","1","2"
"14848205","526","712","11","2023-11-01 07:38:50","11","3","5","3"
"14849100","937","712","7","","0","0","0","0"
"14849316","590","712","10","2023-10-24 08:56:02","4","0","1","3"
"14851772","530","712","5","","0","0","0","0"
"14856241","767","711","67","","0","0","0","0"
"14859218","901","710","19","2024-01-31 05:13:44","19","13","0","6"
"14859847","924","710","14","2023-12-31 16:35:53","7","4","0","3"
"14865215","660","709","15","","0","0","0","0"
"14866867","543","709","10","","0","0","0","0"
"14867667","664","709","5","","0","0","0","0"
"14867749","1536","709","12","2023-03-01 05:37:57","3","3","0","0"
"14868468","533","709","8","","0","0","0","0"
"14868949","648","708","45","2023-09-18 14:03:22","1","0","0","1"
"14869869","693","708","47","2023-07-26 04:18:09","1","0","1","0"
"14871018","1847","708","62","2023-04-13 14:46:31","2","2","0","0"
"14872121","835","708","5","2023-11-18 09:26:51","1","0","0","1"
"14874242","558","708","8","2023-09-16 21:08:27","2","1","0","1"
"14875740","545","707","9","2023-07-14 08:55:02","1","0","1","0"
"14876907","645","707","14","2023-06-02 19:02:15","10","3","7","0"
"14880578","509","707","34","","0","0","0","0"
"14883461","1198","706","52","2023-07-21 07:13:15","3","0","3","0"
"14884338","687","706","56","","0","0","0","0"
"14884454","1212","706","6","","0","0","0","0"
"14887562","594","705","5","2023-08-30 20:37:18","6","4","1","1"
"14888923","768","705","6","2024-01-20 09:52:40","9","2","0","7"
"14891973","1451","704","19","2023-11-20 13:21:08","22","12","4","6"
"14892174","1365","704","24","2023-12-19 13:05:26","13","5","5","3"
"14892892","722","704","11","2023-06-09 09:56:37","2","1","1","0"
"14892929","508","704","8","2023-07-21 09:07:45","1","0","1","0"
"14893888","582","704","11","","0","0","0","0"
"14895107","941","703","10","","0","0","0","0"
"14895716","649","703","16","2023-06-23 13:17:23","1","0","1","0"
"14896203","772","703","21","2023-09-28 18:52:00","1","0","0","1"
"14898689","526","702","5","2024-01-01 18:13:21","1","0","0","1"
"14898697","861","702","7","","0","0","0","0"
"14900042","1351","702","35","2024-01-18 15:02:12","17","2","3","12"
"14900791","1223","702","7","2023-12-07 17:45:56","32","23","3","6"
"14903514","760","702","73","2023-09-25 13:31:35","2","0","0","2"
"14906662","1486","701","25","2023-11-28 14:36:32","15","7","1","7"
"14910363","1541","700","5","2024-01-26 23:03:07","29","7","3","19"
"14911434","616","700","5","2024-01-25 13:46:26","1","0","0","1"
"14912225","610","700","6","","0","0","0","0"
"14912334","1490","700","6","","0","0","0","0"
"14912402","1129","700","18","2023-02-14 10:50:32","2","2","0","0"
"14912949","502","700","19","","0","0","0","0"
"14912988","856","700","16","2023-03-21 12:09:25","1","1","0","0"
"14913991","1049","700","6","2023-12-12 14:43:46","1","0","0","1"
"14914614","669","700","18","2023-08-17 09:33:56","2","0","0","2"
"14917277","709","699","12","2023-08-01 10:58:17","1","0","0","1"
"14919621","669","699","22","2023-11-25 20:23:23","5","3","1","1"
"14920101","1299","699","7","2023-02-08 13:52:09","1","1","0","0"
"14923262","1174","698","19","2023-12-29 02:26:20","11","4","2","5"
"14924173","506","698","13","","0","0","0","0"
"14924809","510","697","9","2023-12-09 17:42:04","4","3","0","1"
"14925449","567","697","31","","0","0","0","0"
"14927325","503","697","24","2023-11-04 00:25:56","4","0","1","3"
"14928226","554","697","5","2023-05-08 07:42:26","2","1","1","0"
"14928633","956","697","50","","0","0","0","0"
"14929671","1190","696","13","2023-11-14 11:34:03","7","2","2","3"
"14929831","592","696","18","","0","0","0","0"
"14932890","1047","696","5","2023-08-26 20:58:19","2","1","0","1"
"14933194","1091","696","14","2024-01-24 15:00:01","3","0","0","3"
"14933870","583","696","5","","0","0","0","0"
"14933883","548","696","22","2023-04-19 17:06:03","3","3","0","0"
"14936305","832","695","12","2023-07-31 19:25:16","24","19","5","0"
"14938599","1746","695","14","2023-12-02 04:22:11","9","4","1","4"
"14940054","851","695","9","2023-11-26 23:55:46","2","0","0","2"
"14940355","1639","695","26","","0","0","0","0"
"14942515","1030","694","59","","0","0","0","0"
"14945939","1837","694","35","2023-05-23 17:42:18","1","0","1","0"
"14946729","775","694","35","2023-12-23 20:25:26","12","5","2","5"
"14947895","516","694","6","2023-10-19 18:51:28","10","4","4","2"
"14948026","692","694","9","2023-11-14 08:14:28","4","0","2","2"
"14952004","504","693","17","2024-01-23 01:01:11","4","0","0","4"
"14952390","986","693","7","","0","0","0","0"
"14952627","742","693","14","2023-10-14 12:47:13","1","0","0","1"
"14952975","1658","693","8","2023-08-13 17:40:19","3","1","1","1"
"14952981","589","693","7","2023-07-07 22:19:58","3","0","3","0"
"14953293","627","693","8","2023-03-20 19:24:13","1","1","0","0"
"14954327","990","693","7","2024-01-06 10:19:50","3","0","0","3"
"14956120","1099","692","38","2023-11-16 20:37:56","6","2","1","3"
"14957517","987","692","25","2023-11-21 21:34:56","9","0","6","3"
"14957991","526","692","26","","0","0","0","0"
"14958077","702","692","7","","0","0","0","0"
"14959221","700","692","13","","0","0","0","0"
"14960723","878","692","7","","0","0","0","0"
"14963533","1182","691","38","","0","0","0","0"
"14965364","562","691","16","","0","0","0","0"
"14967413","1486","691","32","2023-11-23 10:41:28","7","2","1","4"
"14967662","1651","691","39","2023-04-23 20:54:47","7","7","0","0"
"14969184","613","691","55","","0","0","0","0"
"14972148","885","690","33","2023-07-07 07:48:33","3","1","2","0"
"14978104","968","689","15","2023-03-05 22:27:54","2","2","0","0"
"14979586","502","689","12","2023-04-24 19:02:44","1","1","0","0"
"14981685","1146","688","23","2023-10-26 12:58:12","2","0","1","1"
"14981915","504","688","9","2023-05-13 17:15:30","3","2","1","0"
"14982115","1166","688","19","2024-01-02 10:44:40","12","4","2","6"
"14984190","763","688","7","2023-07-02 11:25:10","3","0","3","0"
"14988789","781","687","14","2023-05-02 09:26:01","2","0","2","0"
"14989217","530","687","11","2023-10-21 13:52:27","11","2","6","3"
"14992664","1183","687","13","","0","0","0","0"
"14997304","533","686","6","","0","0","0","0"
"14998459","772","686","6","2024-01-16 14:35:03","7","2","0","5"
"14998487","1247","686","25","2023-12-11 09:34:05","15","7","3","5"
"14999457","761","686","62","2023-08-25 13:46:18","2","0","1","1"
"15003933","1032","685","9","2023-05-26 11:34:42","4","2","2","0"
"15004299","1331","685","6","2023-11-09 16:53:30","6","0","0","6"
"15005298","1705","685","20","2024-01-24 11:50:02","1","0","0","1"
"15007549","592","685","14","","0","0","0","0"
"15010874","557","684","38","2023-03-27 10:06:14","3","3","0","0"
"15011621","1512","684","20","","0","0","0","0"
"15011702","1561","684","13","2023-12-14 07:59:28","13","4","7","2"
"15012953","688","684","6","2023-03-06 21:39:32","2","2","0","0"
"15014489","504","684","8","","0","0","0","0"
"15019757","1157","683","7","2023-08-27 11:35:03","22","0","0","22"
"15023296","1438","682","75","","0","0","0","0"
"15023395","1626","682","16","2023-04-03 07:25:29","1","1","0","0"
"15024002","1045","682","8","2023-07-12 20:18:23","2","1","1","0"
"15025918","1336","682","18","","0","0","0","0"
"15032126","1751","681","98","2023-12-18 18:25:44","24","15","3","6"
"15033763","1317","680","12","2024-01-20 07:40:40","11","8","2","1"
"15034752","1392","680","13","2023-05-19 18:49:15","3","0","3","0"
"15036820","863","680","15","","0","0","0","0"
"15038439","1475","680","40","2024-01-15 20:37:41","18","0","8","10"
"15040818","647","732","6","2023-09-26 15:25:32","1","0","0","1"
"15041945","613","679","18","","0","0","0","0"
"15042008","1228","679","70","2023-02-01 20:53:04","5","5","0","0"
"15042683","539","679","14","2023-07-20 02:19:02","2","0","2","0"
"15043158","594","679","12","2023-02-08 14:56:27","1","1","0","0"
"15043368","522","679","13","2023-04-29 00:22:13","2","2","0","0"
"15045363","915","679","9","","0","0","0","0"
"15045793","1352","679","71","","0","0","0","0"
"15045905","518","679","14","","0","0","0","0"
"15046796","780","679","10","2023-12-17 12:02:30","2","0","1","1"
"15047923","668","679","14","","0","0","0","0"
"15048947","1723","678","17","2023-09-14 07:41:31","2","1","0","1"
"15048981","579","678","5","2023-05-03 18:26:03","6","2","4","0"
"15052753","847","678","6","","0","0","0","0"
"15053619","535","678","39","2023-06-20 09:19:38","1","0","1","0"
"15056711","855","677","49","2023-03-07 14:27:28","1","1","0","0"
"15061831","833","1148","5","","0","0","0","0"
"15062605","1988","677","34","2023-08-24 12:55:22","1","0","0","1"
"15063341","792","822","5","2023-11-24 08:24:36","5","2","1","2"
"15064155","795","676","12","2023-08-05 06:11:57","1","0","0","1"
"15064224","1149","676","6","2024-01-09 09:29:09","4","0","2","2"
"15066290","540","676","5","","0","0","0","0"
"15067763","618","676","15","","0","0","0","0"
"15069288","732","675","12","2024-01-19 17:13:14","3","0","0","3"
"15070569","536","675","11","","0","0","0","0"
"15071244","1104","675","125","","0","0","0","0"
"15072704","1828","675","27","","0","0","0","0"
"15073157","661","675","15","2023-05-16 03:35:34","1","0","1","0"
"15073910","796","674","9","2024-01-25 08:06:11","3","1","0","2"
"15074199","921","674","39","2023-03-17 17:20:33","10","10","0","0"
"15078632","1136","674","22","2024-01-12 23:51:03","3","0","1","2"
"15078671","665","674","14","","0","0","0","0"
"15080473","544","674","7","2023-09-08 13:26:02","6","4","1","1"
"15080854","1792","673","9","2023-02-27 17:10:30","1","1","0","0"
"15083173","516","673","13","2023-05-09 10:22:19","1","0","1","0"
"15084645","1210","673","47","2023-04-10 20:26:25","1","1","0","0"
"15085578","888","673","57","","0","0","0","0"
"15086095","836","673","16","2023-07-01 14:24:23","1","0","1","0"
"15087608","676","673","20","2023-03-15 17:45:25","2","2","0","0"
"15087622","705","673","33","","0","0","0","0"
"15088809","1420","672","6","2023-11-04 14:28:53","10","0","6","4"
"15090857","741","672","18","2023-09-12 10:26:41","1","0","0","1"
"15090924","941","672","43","2023-11-15 18:10:43","8","5","1","2"
"15092122","752","672","6","2023-06-02 06:10:58","1","0","1","0"
"15094811","511","672","5","","0","0","0","0"
"15095104","954","672","57","2023-10-18 12:20:42","3","1","0","2"
"15096247","556","671","15","2023-12-23 01:56:18","23","6","4","13"
"15098992","852","671","22","2023-02-11 22:59:13","2","2","0","0"
"15100030","718","671","5","","0","0","0","0"
"15104639","1694","670","22","2023-08-07 02:00:34","10","6","3","1"
"15106423","581","670","7","2024-01-08 19:24:40","1","0","0","1"
"15106600","523","670","20","2024-01-02 09:34:19","7","2","0","5"
"15107474","718","670","38","","0","0","0","0"
"15107525","550","670","6","2023-05-26 07:24:36","9","8","1","0"
"15111208","797","669","8","2023-12-22 08:43:44","4","0","2","2"
"15112563","1789","669","72","2023-05-04 04:14:10","23","22","1","0"
"15114454","892","669","6","2023-12-15 00:11:56","9","1","3","5"
"15114494","547","669","7","","0","0","0","0"
"15114624","688","668","12","2023-05-22 18:40:09","5","4","1","0"
"15116599","662","668","16","2023-12-06 07:06:40","3","1","1","1"
"15117201","1323","668","27","","0","0","0","0"
"15117834","519","668","14","2023-12-08 12:31:57","4","1","0","3"
"15118064","707","668","6","2023-03-28 14:25:48","1","1","0","0"
"15119024","965","668","20","2023-10-11 09:49:02","6","0","2","4"
"15121332","1530","667","77","","0","0","0","0"
"15123894","1418","667","15","","0","0","0","0"
"15125645","1291","667","7","2023-10-24 16:48:23","2","0","0","2"
"15129522","527","666","17","2023-03-17 12:55:38","8","8","0","0"
"15134376","1006","665","72","2023-08-29 07:43:22","9","4","1","4"
"15138057","823","665","8","2023-11-17 11:51:01","1","0","0","1"
"15138278","1061","665","52","","0","0","0","0"
"15142650","1698","664","7","","0","0","0","0"
"15143830","861","664","16","2024-01-08 07:52:44","31","1","23","7"
"15145107","594","664","14","2023-08-01 10:25:36","7","4","2","1"
"15145736","894","664","11","2023-02-13 08:19:08","1","1","0","0"
"15148008","781","664","10","2024-01-05 19:56:28","1","0","0","1"
"15149644","605","663","26","","0","0","0","0"
"15149823","668","663","9","2024-01-30 17:41:02","1","0","0","1"
"15154700","565","663","10","2023-05-09 12:29:44","1","0","1","0"
"15155030","1460","663","12","2024-01-29 10:30:17","5","1","3","1"
"15155605","1805","662","33","2024-01-12 11:10:38","17","4","9","4"
"15161581","573","661","16","","0","0","0","0"
"15161794","1047","661","19","2023-06-15 17:12:19","4","3","1","0"
"15164646","1764","661","34","2023-04-03 06:26:35","2","2","0","0"
"15165527","994","661","9","2023-11-18 13:52:11","11","0","8","3"
"15167087","707","660","7","","0","0","0","0"
"15167371","650","660","22","2023-06-08 16:52:01","7","4","3","0"
"15170120","1179","660","36","2023-02-03 22:58:21","1","1","0","0"
"15170175","516","660","9","","0","0","0","0"
"15171133","975","660","47","2024-01-24 05:57:30","6","0","0","6"
"15172167","1570","660","7","2024-01-09 09:41:46","8","5","2","1"
"15174310","646","659","14","2023-12-01 12:51:28","13","1","11","1"
"15175627","511","659","18","","0","0","0","0"
"15175754","779","659","6","2023-05-02 11:51:37","1","0","1","0"
"15175873","664","659","10","2023-11-11 05:29:28","11","0","2","9"
"15176150","1166","659","6","2023-02-10 15:44:11","1","1","0","0"
"15178267","861","659","20","","0","0","0","0"
"15181473","1106","658","16","2023-11-28 13:15:15","2","0","0","2"
"15184184","649","658","20","2023-03-09 14:58:54","1","1","0","0"
"15186448","932","658","5","","0","0","0","0"
"15186569","1769","658","11","2023-05-03 08:21:46","4","3","1","0"
"15186994","922","658","37","2023-06-14 09:10:41","4","2","2","0"
"15188026","806","657","23","2023-06-12 10:13:47","2","1","1","0"
"15188876","802","657","5","","0","0","0","0"
"15190888","676","657","38","2023-12-07 03:24:50","1","0","0","1"
"15191896","631","657","8","","0","0","0","0"
"15197645","969","656","9","2023-09-16 11:02:46","2","1","0","1"
"15198069","540","656","5","","0","0","0","0"
"15199864","1160","656","13","2023-02-01 07:39:33","1","1","0","0"
"15199988","608","656","51","","0","0","0","0"
"15200657","505","656","5","2024-01-02 02:04:17","5","1","1","3"
"15200705","1207","656","8","2023-08-29 18:08:38","3","0","1","2"
"15203960","1050","655","12","2023-11-15 12:02:38","7","1","1","5"
"15206498","588","654","12","","0","0","0","0"
"15206662","562","654","18","2023-04-13 10:22:39","2","2","0","0"
"15207145","1472","654","5","2023-08-22 10:21:23","2","0","1","1"
"15208727","1030","654","11","","0","0","0","0"
"15209311","619","654","12","","0","0","0","0"
"15210304","1431","654","39","2023-10-20 07:41:43","2","1","0","1"
"15212735","1165","653","5","","0","0","0","0"
"15213503","712","653","36","","0","0","0","0"
"15214059","628","653","7","2023-04-01 10:04:50","1","1","0","0"
"15214294","913","653","6","2023-08-01 11:51:47","2","0","1","1"
"15215450","1519","653","73","2023-11-10 13:03:47","12","4","2","6"
"15218726","984","652","39","2023-06-13 04:19:37","2","0","2","0"
"15219428","1609","652","56","","0","0","0","0"
"15220748","632","652","9","","0","0","0","0"
"15221145","1138","652","56","","0","0","0","0"
"15221658","1557","652","42","2023-08-11 15:28:21","18","6","11","1"
"15222211","842","652","6","2024-01-24 09:53:01","33","6","24","3"
"15224052","1701","652","28","2023-10-12 13:52:26","13","2","5","6"
"15227231","726","651","27","","0","0","0","0"
"15227398","1364","651","5","","0","0","0","0"
"15231102","597","651","6","2023-08-10 22:34:43","2","0","1","1"
"15234056","888","650","8","2023-02-09 19:58:58","1","1","0","0"
"15235482","1455","650","45","","0","0","0","0"
"15236761","1645","650","12","2023-05-29 02:10:29","1","0","1","0"
"15239077","1767","650","18","2023-02-07 00:35:00","1","1","0","0"
"15242939","841","649","7","2023-02-27 20:38:50","1","1","0","0"
"15253086","725","647","21","","0","0","0","0"
"15258737","1634","646","71","2023-10-23 08:16:02","11","10","0","1"
"15259718","631","646","8","2023-02-27 21:26:26","2","2","0","0"
"15262536","529","646","12","","0","0","0","0"
"15262615","1365","646","12","2024-01-25 12:05:55","1","0","0","1"
"15264945","995","645","8","2023-07-13 09:31:20","8","1","7","0"
"15265413","661","645","6","2024-01-26 17:52:36","3","1","0","2"
"15267020","520","645","5","2023-11-21 10:29:18","2","0","0","2"
"15269544","976","645","11","2023-09-21 19:41:55","4","2","0","2"
"15270060","981","645","15","","0","0","0","0"
"15270926","576","645","38","","0","0","0","0"
"15274012","817","644","14","2023-07-17 14:09:00","6","4","2","0"
"15274382","686","644","8","2023-08-25 19:07:17","4","1","2","1"
"15274955","907","644","59","","0","0","0","0"
"15278255","540","644","15","2023-09-27 23:48:26","2","1","0","1"
"15279821","597","643","5","2024-01-21 18:18:22","3","1","0","2"
"15282066","889","643","11","2023-08-29 14:46:05","2","1","0","1"
"15282385","1729","643","17","","0","0","0","0"
"15283859","895","643","41","2023-10-26 17:04:32","8","6","1","1"
"15288889","610","642","27","","0","0","0","0"
"15290380","562","642","12","","0","0","0","0"
"15291307","932","642","28","","0","0","0","0"
"15293528","566","641","15","2023-11-10 22:30:15","3","1","0","2"
"15294308","746","641","23","2023-08-04 06:45:59","6","2","2","2"
"15294334","1989","641","36","2024-01-18 01:08:29","34","16","8","10"
"15294847","866","641","19","","0","0","0","0"
"15295149","746","641","11","","0","0","0","0"
"15297204","521","641","6","","0","0","0","0"
"15298697","1021","640","75","","0","0","0","0"
"15301266","598","640","72","","0","0","0","0"
"15302273","1520","640","22","2023-04-18 22:50:41","1","1","0","0"
"15303103","818","640","7","2024-01-31 09:12:13","9","1","0","8"
"15306153","1196","639","75","","0","0","0","0"
"15307414","946","639","56","2023-05-14 13:25:58","1","0","1","0"
"15307950","764","639","5","2024-01-04 15:09:49","2","0","0","2"
"15312154","621","638","10","2023-10-21 13:17:25","1","0","0","1"
"15313429","1009","638","13","2023-07-04 05:06:01","2","1","1","0"
"15313661","556","638","6","2023-02-10 09:54:12","2","2","0","0"
"15314534","571","638","16","2024-01-16 07:04:13","8","0","1","7"
"15317366","509","638","6","2023-03-23 08:06:12","8","8","0","0"
"15318227","1025","638","77","","0","0","0","0"
"15319747","603","637","18","","0","0","0","0"
"15320579","797","637","5","2023-05-22 09:48:54","1","0","1","0"
"15321239","674","637","23","2023-09-19 13:03:34","1","0","0","1"
"15322887","1604","637","35","2023-10-03 15:47:05","5","3","1","1"
"15328662","560","636","18","2023-05-18 08:13:48","8","5","3","0"
"15328990","633","636","11","2023-11-24 18:17:30","5","0","0","5"
"15330539","1361","636","24","2024-01-30 15:54:49","5","1","0","4"
"15330695","713","636","8","","0","0","0","0"
"15331983","1413","636","5","","0","0","0","0"
"15333252","847","636","7","2024-01-30 20:17:08","1","0","0","1"
"15336413","671","635","23","","0","0","0","0"
"15336571","822","635","5","2024-01-09 11:09:07","4","0","1","3"
"15337133","527","635","6","","0","0","0","0"
"15337458","946","635","51","2023-03-29 16:11:54","3","3","0","0"
"15338201","622","635","13","","0","0","0","0"
"15338342","1457","635","10","2023-12-15 06:11:06","52","7","28","17"
"15343205","604","634","25","2023-08-17 09:57:07","6","5","0","1"
"15345841","1570","633","39","2023-12-07 18:39:19","5","0","2","3"
"15348203","1382","633","57","2024-01-18 09:22:40","13","4","3","6"
"15351296","1822","632","65","2023-12-21 10:34:37","10","6","2","2"
"15351640","1785","632","64","2023-07-06 17:00:54","3","0","3","0"
"15351664","927","632","5","","0","0","0","0"
"15352279","1030","632","35","2024-01-03 12:50:11","9","6","0","3"
"15352325","841","632","26","","0","0","0","0"
"15352409","796","632","7","2023-12-08 17:09:43","2","0","0","2"
"15353043","573","632","29","2023-10-25 15:40:19","1","0","0","1"
"15353979","1063","632","24","2023-06-28 00:46:51","13","4","9","0"
"15354370","899","632","43","","0","0","0","0"
"15355839","829","632","9","","0","0","0","0"
"15355904","651","632","6","2023-11-22 15:01:41","1","0","0","1"
"15356407","706","632","34","","0","0","0","0"
"15356914","726","632","26","2024-01-03 14:30:43","6","0","3","3"
"15364728","1102","630","14","2024-01-20 17:39:45","11","3","4","4"
"15365513","691","630","8","","0","0","0","0"
"15366030","1593","630","53","2023-11-07 01:17:38","11","2","0","9"
"15366209","694","630","19","2023-11-03 11:14:57","1","0","0","1"
"15368012","1172","630","8","2023-07-27 11:52:31","2","0","2","0"
"15368235","1803","630","27","2023-11-30 07:53:43","9","4","2","3"
"15368978","1155","630","28","2023-11-14 18:30:46","2","0","0","2"
"15369410","1757","630","6","","0","0","0","0"
"15369722","695","630","12","","0","0","0","0"
"15371240","533","630","6","2023-03-07 17:16:09","2","2","0","0"
"15372668","1715","629","87","","0","0","0","0"
"15373641","516","629","9","","0","0","0","0"
"15374469","1024","629","15","","0","0","0","0"
"15374621","1306","629","14","2024-01-09 09:57:49","7","1","5","1"
"15377381","1098","629","8","","0","0","0","0"
"15377435","834","629","5","2023-03-08 15:25:03","1","1","0","0"
"15378204","827","629","11","2023-05-15 07:11:33","2","1","1","0"
"15381219","543","628","25","","0","0","0","0"
"15383310","585","628","5","2023-03-08 14:47:40","1","1","0","0"
"15384958","832","628","5","","0","0","0","0"
"15387001","687","627","7","","0","0","0","0"
"15387120","1263","627","32","2024-01-08 08:30:04","10","3","2","5"
"15388890","1670","627","13","2023-04-15 16:47:45","1","1","0","0"
"15391779","573","626","10","2023-05-27 14:26:18","1","0","1","0"
"15394019","942","626","20","2023-12-22 17:57:19","11","2","6","3"
"15394108","631","626","22","2023-12-14 08:28:12","5","1","1","3"
"15394900","547","626","22","2023-08-09 21:21:45","6","2","3","1"
"15398171","774","625","42","2023-06-24 15:05:11","1","0","1","0"
"15399131","652","625","8","2023-11-29 10:53:59","1","0","0","1"
"15400163","598","625","37","2023-02-13 10:27:51","1","1","0","0"
"15400571","1511","625","40","2023-11-12 20:50:07","23","10","4","9"
"15405179","538","624","10","","0","0","0","0"
"15405352","923","624","15","","0","0","0","0"
"15405454","536","624","70","","0","0","0","0"
"15408143","702","624","15","2024-01-17 06:28:27","3","0","0","3"
"15408905","1080","624","12","","0","0","0","0"
"15414112","500","623","16","","0","0","0","0"
"15416982","590","623","6","2023-02-23 07:36:45","1","1","0","0"
"15424316","759","622","7","2023-03-10 14:17:12","1","1","0","0"
"15429494","1211","621","5","","0","0","0","0"
"15431847","913","621","52","","0","0","0","0"
"15431899","671","621","10","2023-02-08 09:55:22","1","1","0","0"
"15432738","1251","621","28","2023-07-06 13:45:32","9","0","9","0"
"15437999","1058","620","6","2024-01-09 14:11:17","5","0","1","4"
"15438360","746","620","35","2024-01-02 17:58:48","5","1","3","1"
"15440042","639","620","5","","0","0","0","0"
"15440045","752","620","7","2024-01-25 04:07:00","3","0","0","3"
"15449745","752","618","10","","0","0","0","0"
"15451183","746","618","6","2023-11-20 10:24:59","7","3","2","2"
"15452172","1081","618","15","2024-01-26 07:18:34","4","1","0","3"
"15454404","774","618","5","","0","0","0","0"
"15455922","756","618","7","2024-01-31 03:52:50","39","0","0","39"
"15457559","569","617","20","2023-06-27 21:19:23","2","0","2","0"
"15459665","891","617","7","2023-11-13 15:00:00","4","1","1","2"
"15459779","513","617","5","","0","0","0","0"
"15461418","1812","617","40","","0","0","0","0"
"15462492","1495","617","50","2023-05-09 10:11:52","3","0","3","0"
"15463877","1356","617","8","2023-11-03 08:03:30","6","0","0","6"
"15469962","667","616","14","2023-02-01 15:53:11","1","1","0","0"
"15471452","1326","616","64","","0","0","0","0"
"15472475","679","616","24","","0","0","0","0"
"15474532","1540","615","33","","0","0","0","0"
"15475598","737","615","21","2023-06-27 08:21:28","1","0","1","0"
"15476955","1168","615","5","2023-09-08 13:50:09","1","0","0","1"
"15478835","821","615","22","","0","0","0","0"
"15479269","713","615","6","","0","0","0","0"
"15479443","557","615","15","","0","0","0","0"
"15481857","666","615","6","2023-06-06 22:26:03","13","11","2","0"
"15484481","772","614","8","2023-09-04 10:25:26","2","1","0","1"
"15485000","781","614","19","2023-08-22 13:13:05","1","0","0","1"
"15485047","669","614","5","","0","0","0","0"
"15485753","549","614","6","2023-08-01 06:41:21","1","0","0","1"
"15492085","620","613","32","","0","0","0","0"
"15494398","1670","613","47","2023-08-21 16:48:26","33","23","6","4"
"15496813","1729","613","11","","0","0","0","0"
"15497141","1452","612","87","2023-11-28 18:58:49","5","0","2","3"
"15497939","539","612","26","","0","0","0","0"
"15505755","577","611","7","2023-08-25 01:12:01","7","6","0","1"
"15508081","1369","611","54","","0","0","0","0"
"15509796","650","611","11","","0","0","0","0"
"15510171","556","610","11","2024-01-05 01:13:21","2","1","0","1"
"15515069","626","610","12","","0","0","0","0"
"15516699","1772","610","74","2024-01-23 13:58:44","40","8","8","24"
"15517013","1403","610","5","2023-12-06 18:03:38","4","1","0","3"
"15517071","614","610","10","2023-11-18 03:56:47","3","0","1","2"
"15519056","546","609","7","2023-11-14 03:22:29","4","1","0","3"
"15520726","537","609","14","2023-08-26 18:42:56","1","0","0","1"
"15521590","615","609","16","2023-11-17 08:53:14","11","0","5","6"
"15523218","602","609","9","","0","0","0","0"
"15523591","636","609","10","2023-02-19 10:34:43","1","1","0","0"
"15523997","840","609","12","2023-08-23 08:41:12","6","2","3","1"
"15527279","500","608","22","","0","0","0","0"
"15527415","883","608","71","2023-12-22 15:59:57","4","1","0","3"
"15528434","653","608","6","","0","0","0","0"
"15531842","896","608","32","2023-04-18 17:53:25","1","1","0","0"
"15533872","784","608","5","","0","0","0","0"
"15537469","536","607","6","2023-09-07 23:14:09","2","0","1","1"
"15538881","620","607","37","","0","0","0","0"
"15539586","696","607","33","2024-01-17 07:55:00","4","0","2","2"
"15541490","1355","607","17","","0","0","0","0"
"15542245","913","607","6","2023-04-09 04:08:20","5","5","0","0"
"15543100","724","606","19","2023-02-07 09:42:11","3","3","0","0"
"15545196","1553","606","27","2023-11-07 14:28:57","5","1","2","2"
"15548016","654","605","35","","0","0","0","0"
"15564095","1535","603","75","","0","0","0","0"
"15576155","692","602","9","","0","0","0","0"
"15577811","513","602","5","2023-04-02 10:25:29","4","4","0","0"
"15578536","1080","601","8","","0","0","0","0"
"15579573","1663","601","10","2023-05-29 01:19:48","11","10","1","0"
"15580132","573","601","16","2023-04-28 03:50:41","6","6","0","0"
"15582911","919","601","79","","0","0","0","0"
"15583249","1191","601","32","","0","0","0","0"
"15584536","869","601","8","2024-01-25 08:34:22","2","1","0","1"
"15584743","976","601","8","2023-06-21 18:02:07","2","1","1","0"
"15584964","1573","601","28","","0","0","0","0"
"15587021","727","601","18","2023-05-20 16:53:41","1","0","1","0"
"15589902","1456","600","24","","0","0","0","0"
"15591732","555","600","44","","0","0","0","0"
"15592048","1238","600","34","2024-01-29 07:59:42","5","1","2","2"
"15592363","1008","600","80","","0","0","0","0"
"15592966","654","600","19","2023-02-21 10:21:07","1","1","0","0"
"15594484","783","600","10","2023-07-05 11:27:39","2","1","1","0"
"15597880","908","599","15","2023-02-10 11:45:22","1","1","0","0"
"15597975","1376","599","6","2023-10-14 08:49:54","4","2","1","1"
"15602139","1335","598","24","2023-09-26 09:31:17","1","0","0","1"
"15602730","1121","598","9","","0","0","0","0"
"15603575","841","598","22","2023-10-31 16:02:34","10","4","2","4"
"15606734","711","598","5","","0","0","0","0"
"15607248","651","598","29","","0","0","0","0"
"15609876","1311","597","81","","0","0","0","0"
"15611743","839","597","24","2023-06-23 13:39:21","2","0","2","0"
"15611794","663","597","25","2023-03-06 12:22:47","6","6","0","0"
"15611828","575","597","9","2023-02-28 02:29:22","2","2","0","0"
"15613481","1542","597","17","2023-11-05 23:09:28","8","1","5","2"
"15623558","679","596","5","","0","0","0","0"
"15625173","882","596","13","","0","0","0","0"
"15625738","586","596","8","2023-11-05 07:00:35","10","8","0","2"
"15628525","1107","595","36","2023-10-23 14:59:00","6","3","2","1"
"15636264","631","595","14","2023-02-03 18:58:29","1","1","0","0"
"15638092","1932","595","88","2023-12-14 14:26:15","16","1","0","15"
"15638391","611","595","54","","0","0","0","0"
"15641685","1094","594","8","2023-11-28 04:30:13","5","4","0","1"
"15648070","636","594","5","2023-09-17 17:07:22","11","4","5","2"
"15648920","924","594","7","","0","0","0","0"
"15649348","704","594","32","","0","0","0","0"
"15651035","1208","594","11","2023-11-13 19:45:57","5","0","4","1"
"15651201","636","594","13","2023-08-10 07:30:38","15","0","10","5"
"15660224","630","593","46","2023-11-30 05:04:57","7","6","0","1"
"15667460","1017","592","46","2023-06-25 02:50:08","1","0","1","0"
"15670527","1834","592","5","2024-01-10 09:14:12","2","0","1","1"
"15671866","585","592","7","2024-01-14 14:57:18","4","0","0","4"
"15675574","961","592","11","","0","0","0","0"
"15676431","1685","592","9","2023-08-16 10:55:25","14","5","8","1"
"15678119","958","591","43","2023-08-08 01:59:38","1","0","0","1"
"15680379","517","591","5","2023-12-26 14:49:21","8","5","2","1"
"15682259","647","591","11","2024-01-04 09:40:43","4","2","1","1"
"15692700","957","590","42","","0","0","0","0"
"15701660","524","589","15","","0","0","0","0"
"15704286","862","589","33","2023-08-07 06:15:16","7","5","0","2"
"15704972","581","589","11","2023-10-09 10:24:27","2","0","0","2"
"15714806","786","588","9","2023-11-15 12:46:25","9","1","2","6"
"15722524","1039","588","49","2023-10-18 07:14:41","28","8","14","6"
"15724084","741","588","10","2023-04-15 15:49:02","3","3","0","0"
"15724385","644","588","19","2023-08-22 05:40:23","6","4","0","2"
"15736486","522","587","6","","0","0","0","0"
"15737223","914","587","39","2023-08-31 05:40:20","1","0","0","1"
"15740725","1446","587","7","2023-12-28 18:28:26","14","2","5","7"
"15740938","679","587","9","2023-12-13 13:18:43","5","1","1","3"
"15745126","934","586","19","","0","0","0","0"
"15745178","700","586","9","2023-02-09 09:36:51","2","2","0","0"
"15745884","1946","586","56","","0","0","0","0"
"15746749","1536","586","39","","0","0","0","0"
"15746993","674","586","8","2023-11-29 11:06:54","2","1","0","1"
"15747106","1502","586","25","","0","0","0","0"
"15747398","503","586","7","2023-03-21 10:08:11","23","23","0","0"
"15747414","1844","586","62","2023-05-16 04:04:35","37","30","7","0"
"15748278","1319","586","37","","0","0","0","0"
"15748652","1026","586","6","2023-12-03 14:43:19","8","3","1","4"
"15748724","596","586","12","","0","0","0","0"
"15748819","809","586","15","2023-12-30 04:00:33","30","0","7","23"
"15750590","774","586","10","","0","0","0","0"
"15751555","665","586","16","2024-01-15 18:07:40","1","0","0","1"
"15751564","1398","586","23","2023-07-03 15:41:11","24","15","9","0"
"15754377","967","585","22","2023-10-15 03:37:04","13","3","4","6"
"15758781","1970","584","92","2023-11-14 16:14:33","15","0","12","3"
"15759228","990","584","19","","0","0","0","0"
"15760872","565","584","8","2023-11-17 08:00:18","13","1","1","11"
"15762622","572","584","12","2023-05-01 17:28:59","2","1","1","0"
"15763494","576","584","50","","0","0","0","0"
"15765725","1246","583","85","2023-05-09 06:06:46","12","11","1","0"
"15766425","622","583","17","","0","0","0","0"
"15766817","625","583","7","2023-08-15 02:30:46","4","1","2","1"
"15768984","627","583","5","","0","0","0","0"
"15770479","663","583","11","2023-09-06 04:41:44","4","2","0","2"
"15772244","632","582","15","2024-01-31 12:58:52","2","0","0","2"
"15774176","1152","582","76","","0","0","0","0"
"15774177","1180","582","30","","0","0","0","0"
"15774183","860","582","7","","0","0","0","0"
"15775222","614","582","47","","0","0","0","0"
"15775576","887","582","13","2024-01-15 12:53:03","8","0","0","8"
"15783185","573","581","18","2023-10-17 08:54:54","2","0","1","1"
"15786191","534","581","25","","0","0","0","0"
"15789611","939","580","24","","0","0","0","0"
"15797317","586","580","9","2023-02-23 23:09:08","1","1","0","0"
"15800270","620","579","6","2023-06-21 13:30:02","4","2","2","0"
"15801356","614","579","5","","0","0","0","0"
"15801387","1155","579","9","","0","0","0","0"
"15802844","649","579","14","2023-08-23 12:59:32","3","1","1","1"
"15806697","776","578","10","","0","0","0","0"
"15810170","742","578","14","2023-07-29 03:23:35","16","8","8","0"
"15810582","1392","578","10","","0","0","0","0"
"15812214","1472","577","82","2024-01-27 10:09:17","45","1","4","40"
"15818349","508","577","30","","0","0","0","0"
"15821526","564","576","39","","0","0","0","0"
"15821771","1617","576","35","2023-02-03 11:59:22","4","4","0","0"
"15823478","517","576","6","","0","0","0","0"
"15825125","1441","576","8","","0","0","0","0"
"15826337","582","576","45","2023-12-15 15:38:19","9","1","0","8"
"15827161","858","576","49","2023-09-04 16:05:25","2","0","1","1"
"15831977","822","575","10","","0","0","0","0"
"15832431","1142","575","20","","0","0","0","0"
"15832859","1181","575","14","","0","0","0","0"
"15833253","563","575","24","","0","0","0","0"
"15834939","1550","575","14","","0","0","0","0"
"15835642","1562","575","8","","0","0","0","0"
"15839811","589","574","5","2023-12-15 10:09:30","3","2","0","1"
"15842737","1546","574","53","2023-10-02 17:46:01","15","9","2","4"
"15849317","817","573","5","2023-12-27 14:45:55","2","1","0","1"
"15849334","585","573","12","2023-11-20 03:02:28","3","1","1","1"
"15851978","1332","573","9","2023-07-12 11:17:03","1","0","1","0"
"15852600","921","573","59","2023-12-02 16:32:37","2","1","0","1"
"15861862","1296","572","5","2023-12-10 12:02:14","3","1","0","2"
"15863196","1557","572","34","2023-11-13 09:00:03","11","3","3","5"
"15865611","1548","572","25","2023-05-21 11:18:05","2","1","1","0"
"15870284","575","571","5","2023-09-14 13:12:56","3","0","0","3"
"15872778","547","571","41","","0","0","0","0"
"15878096","1910","570","40","","0","0","0","0"
"15878217","1150","570","5","2023-12-31 17:11:31","11","7","1","3"
"15886810","1202","569","112","","0","0","0","0"
"15887281","770","569","25","","0","0","0","0"
"15890076","677","569","8","","0","0","0","0"
"15893581","652","568","43","2024-01-25 17:42:54","58","1","15","42"
"15898889","684","568","9","2023-09-15 20:00:30","4","2","0","2"
"15898985","1421","568","6","","0","0","0","0"
"15900460","660","568","28","","0","0","0","0"
"15900832","643","568","10","2023-10-05 15:16:45","4","2","0","2"
"15907013","539","567","5","2024-01-27 16:13:35","18","3","10","5"
"15909371","926","567","36","2023-11-28 10:42:25","7","3","1","3"
"15915172","784","566","8","2023-10-13 04:54:32","7","3","3","1"
"15919783","788","566","18","","0","0","0","0"
"15920018","789","566","41","","0","0","0","0"
"15923186","1245","565","10","2023-09-18 05:03:48","34","29","0","5"
"15925814","1838","565","8","2023-12-06 07:13:06","7","0","0","7"
"15930096","646","565","6","","0","0","0","0"
"15935459","1947","564","7","","0","0","0","0"
"15938843","704","563","13","2024-01-12 13:25:58","34","19","3","12"
"15938937","516","563","45","","0","0","0","0"
"15947768","1235","562","18","2023-10-20 13:26:30","1","0","0","1"
"15948240","1065","562","45","2024-01-10 12:04:40","2","0","0","2"
"15950932","1277","562","69","2023-03-29 02:23:45","2","2","0","0"
"15951483","686","562","8","","0","0","0","0"
"15951953","821","562","10","","0","0","0","0"
"15958062","924","561","17","2023-12-19 04:43:57","8","0","3","5"
"15959434","526","561","14","2023-11-13 11:09:46","17","2","2","13"
"15959787","688","561","29","2023-02-06 09:54:42","2","2","0","0"
"15959847","1414","561","23","2023-06-15 11:37:59","4","0","4","0"
"15960341","826","561","7","2023-05-19 04:42:40","1","0","1","0"
"15961388","562","561","10","2023-07-23 17:20:16","5","3","2","0"
"15961856","732","561","5","2023-09-18 09:07:20","2","0","0","2"
"15963676","503","561","14","2023-03-07 15:25:37","6","6","0","0"
"15966020","701","561","5","","0","0","0","0"
"15969113","702","560","6","2024-01-25 04:20:56","1","0","0","1"
"15969538","917","560","7","2023-09-27 18:28:47","5","3","0","2"
"15969858","1409","560","123","","0","0","0","0"
"15970233","1849","560","40","","0","0","0","0"
"15974978","802","560","51","2023-06-21 19:39:26","4","0","4","0"
"15976878","975","559","8","","0","0","0","0"
"15978450","1345","559","65","2023-08-03 01:13:15","3","1","1","1"
"15980284","1315","559","64","2023-03-26 13:20:53","5","5","0","0"
"15981783","1544","559","22","2023-03-02 17:32:57","1","1","0","0"
"15982771","1166","559","21","2024-01-22 03:46:33","37","23","6","8"
"15983216","569","559","12","2024-01-05 09:22:49","7","3","0","4"
"15992173","603","558","10","2023-11-14 20:02:55","4","0","2","2"
"15999141","706","557","34","","0","0","0","0"
"16003919","577","557","14","","0","0","0","0"
"16004568","638","556","27","2023-08-04 13:43:25","1","0","0","1"
"16009435","1387","556","16","2024-01-15 12:36:42","2","0","1","1"
"16010394","616","556","13","2023-09-20 09:47:59","2","1","0","1"
"16015991","908","555","37","","0","0","0","0"
"16018007","643","555","8","2024-01-09 08:43:11","2","1","0","1"
"16018684","586","555","7","2024-01-12 12:48:46","4","0","2","2"
"16019058","1287","555","46","2024-01-26 13:53:09","3","0","1","2"
"16020090","811","555","24","","0","0","0","0"
"16020533","607","555","9","","0","0","0","0"
"16024450","813","554","8","","0","0","0","0"
"16030830","852","554","55","2023-11-21 04:15:07","4","0","2","2"
"16034206","1439","553","16","2024-01-24 09:17:52","23","7","4","12"
"16035078","1188","553","37","","0","0","0","0"
"16036676","600","553","15","2023-07-20 04:42:46","3","0","3","0"
"16037434","600","553","23","2024-01-22 15:16:40","8","4","0","4"
"16041376","745","553","11","","0","0","0","0"
"16042773","1666","553","26","2023-04-04 15:33:13","5","5","0","0"
"16043632","1012","552","33","","0","0","0","0"
"16043655","640","552","18","","0","0","0","0"
"16045809","919","552","6","","0","0","0","0"
"16046045","1683","552","20","2023-05-24 06:39:35","1","0","1","0"
"16047487","1430","552","18","2023-09-06 15:49:34","4","1","2","1"
"16047755","683","552","8","2024-01-24 14:00:43","2","0","1","1"
"16048603","764","552","24","2023-09-08 23:56:17","4","0","2","2"
"16048617","525","552","16","","0","0","0","0"
"16048914","1982","552","30","2024-01-29 07:13:09","96","1","3","92"
"16050071","1115","552","44","","0","0","0","0"
"16050098","631","552","27","","0","0","0","0"
"16056064","853","551","6","2023-06-27 05:23:07","1","0","1","0"
"16057454","653","551","5","2023-10-09 07:49:08","18","3","0","15"
"16059091","584","551","6","2023-06-22 08:30:35","1","0","1","0"
"16059412","581","551","11","","0","0","0","0"
"16067905","845","550","26","2024-01-13 23:28:20","2","0","1","1"
"16070463","1274","550","8","","0","0","0","0"
"16072543","1028","549","5","2023-11-20 09:55:58","1","0","0","1"
"16082534","1376","548","28","","0","0","0","0"
"16085688","799","548","7","","0","0","0","0"
"16087692","558","548","9","","0","0","0","0"
"16094939","649","547","26","","0","0","0","0"
"16095724","508","547","25","","0","0","0","0"
"16097107","929","547","7","2023-03-04 20:29:08","3","3","0","0"
"16097919","540","547","5","2023-05-08 18:37:02","34","24","10","0"
"16099806","1335","547","6","","0","0","0","0"
"16100017","692","547","13","2023-10-11 22:25:58","4","1","1","2"
"16101788","724","546","25","2023-09-30 19:34:10","3","0","1","2"
"16106482","1172","546","19","","0","0","0","0"
"16108271","551","546","5","2024-01-24 17:56:25","2","0","0","2"
"16108509","783","546","8","2023-11-28 00:13:44","1","0","0","1"
"16115033","567","545","26","","0","0","0","0"
"16120911","1308","545","6","","0","0","0","0"
"16122154","740","545","14","","0","0","0","0"
"16124174","856","544","14","2023-05-24 06:26:29","1","0","1","0"
"16133309","1229","543","5","","0","0","0","0"
"16136190","899","543","18","2023-07-23 09:08:14","9","5","4","0"
"16139739","1193","543","38","2024-01-29 09:25:10","27","8","6","13"
"16142839","1122","542","27","","0","0","0","0"
"16143492","1059","542","10","2023-10-20 20:08:32","8","0","4","4"
"16145390","680","542","16","2023-03-12 01:35:14","2","2","0","0"
"16145658","784","542","16","2023-12-25 17:27:16","6","2","1","3"
"16145931","666","542","20","2023-07-10 17:23:26","2","1","1","0"
"16149774","862","541","13","2023-12-29 17:24:21","2","1","0","1"
"16155080","641","541","5","2023-10-05 12:29:52","3","0","1","2"
"16158590","736","541","27","2023-09-21 07:27:02","2","0","0","2"
"16163044","548","540","10","2023-02-03 21:04:17","1","1","0","0"
"16168626","585","540","30","2023-12-28 14:49:40","4","0","1","3"
"16172435","733","539","59","","0","0","0","0"
"16173622","715","539","5","2023-03-14 13:26:28","1","1","0","0"
"16174415","771","539","6","","0","0","0","0"
"16177121","1471","539","77","2023-09-05 15:09:10","3","1","0","2"
"16177247","1537","539","40","","0","0","0","0"
"16185675","520","538","19","2023-07-29 14:48:50","1","0","1","0"
"16187613","1200","538","69","2023-04-18 12:30:48","3","3","0","0"
"16189578","511","538","7","2024-01-08 14:15:38","6","3","2","1"
"16191796","943","538","35","2023-05-11 11:52:10","2","1","1","0"
"16191993","714","538","6","2023-10-05 08:06:22","2","0","0","2"
"16194563","551","537","5","2024-01-08 10:45:07","22","8","4","10"
"16198415","1864","537","6","","0","0","0","0"
"16199133","1064","537","11","2023-09-06 15:21:07","8","3","3","2"
"16206287","577","536","26","","0","0","0","0"
"16210149","1310","536","22","","0","0","0","0"
"16212595","758","535","9","2023-07-24 12:32:15","4","3","1","0"
"16213095","737","535","7","2023-03-26 11:14:04","2","2","0","0"
"16213380","676","535","37","","0","0","0","0"
"16213673","1413","535","15","2023-09-09 01:41:24","3","2","0","1"
"16220278","686","534","5","2023-10-09 08:06:50","1","0","0","1"
"16223122","1463","534","10","2023-03-19 04:41:45","1","1","0","0"
"16223413","631","534","10","2023-03-06 19:50:42","1","1","0","0"
"16226458","843","534","16","2024-01-24 05:34:29","10","0","4","6"
"16233425","672","533","17","","0","0","0","0"
"16236118","1645","533","57","2024-01-04 11:32:42","5","2","2","1"
"16239119","802","532","12","2024-01-09 14:19:24","1","0","0","1"
"16240395","666","532","20","2023-02-04 04:46:39","1","1","0","0"
"16241837","548","532","59","","0","0","0","0"
"16243664","838","532","10","2023-11-19 23:07:50","3","0","1","2"
"16247336","527","532","39","2023-05-26 16:17:43","5","4","1","0"
"16250404","933","531","65","2023-09-06 19:14:07","18","13","3","2"
"16254113","832","531","14","2023-05-20 09:08:56","1","0","1","0"
"16254208","523","531","8","2023-09-14 15:10:44","1","0","0","1"
"16256154","630","531","6","2023-04-25 11:48:25","2","2","0","0"
"16259344","505","530","7","2024-01-06 20:29:42","12","11","0","1"
"16262518","1470","530","12","2023-12-18 05:42:28","4","2","0","2"
"16264289","1854","530","20","2023-03-07 17:30:05","16","16","0","0"
"16267793","1277","529","32","","0","0","0","0"
"16269762","623","529","30","","0","0","0","0"
"16271182","1063","528","9","2023-02-16 12:32:52","1","1","0","0"
"16272855","774","528","16","2023-09-16 08:20:08","2","0","0","2"
"16273374","1145","685","60","2024-01-13 17:39:37","10","0","0","10"
"16273894","544","528","22","2023-03-04 15:35:28","5","5","0","0"
"16274354","678","528","13","2023-05-25 15:08:26","8","3","5","0"
"16275059","563","528","11","2023-06-16 10:04:04","2","0","2","0"
"16277807","514","527","8","2023-05-09 12:46:37","1","0","1","0"
"16282297","1853","527","73","2023-07-15 11:54:52","1","0","1","0"
"16282898","930","527","5","","0","0","0","0"
"16293191","1175","526","36","","0","0","0","0"
"16297632","609","525","5","","0","0","0","0"
"16299715","641","525","30","2023-11-07 18:20:28","3","1","0","2"
"16299776","649","525","15","","0","0","0","0"
"16302244","828","525","46","2023-02-16 17:29:54","3","3","0","0"
"16304044","1686","524","60","","0","0","0","0"
"16305340","1933","524","103","2023-08-06 12:26:40","5","3","0","2"
"16305607","1602","524","37","2023-05-08 13:58:39","2","1","1","0"
"16306516","726","524","5","2023-03-17 04:01:54","7","7","0","0"
"16311309","643","523","31","2024-01-24 02:20:27","19","4","7","8"
"16311676","565","523","5","","0","0","0","0"
"16313960","992","523","39","2023-06-21 12:44:06","4","3","1","0"
"16315136","605","523","24","2024-01-17 19:58:33","29","0","4","25"
"16316384","684","523","15","2024-01-18 04:42:35","6","2","0","4"
"16317300","1368","523","6","2023-04-03 19:21:56","4","4","0","0"
"16320782","632","522","6","2023-12-29 07:14:10","19","12","1","6"
"16321225","1775","522","41","2023-11-16 09:29:37","52","15","13","24"
"16322999","557","522","6","","0","0","0","0"
"16323922","1866","522","68","","0","0","0","0"
"16326242","1084","521","54","2023-08-01 08:17:06","1","0","0","1"
"16326708","570","521","5","","0","0","0","0"
"16330119","602","521","22","2023-11-17 01:31:07","8","6","0","2"
"16331296","683","520","5","","0","0","0","0"
"16331360","680","520","40","","0","0","0","0"
"16331993","1944","520","115","","0","0","0","0"
"16333281","1183","520","94","","0","0","0","0"
"16335035","802","520","7","","0","0","0","0"
"16342000","612","519","9","2023-05-10 03:29:48","1","0","1","0"
"16347614","574","518","5","","0","0","0","0"
"16349770","917","518","16","2024-01-16 18:47:59","6","2","2","2"
"16350882","1882","518","58","2023-11-21 14:46:32","11","8","1","2"
"16353662","691","518","39","2023-02-07 21:09:20","9","9","0","0"
"16356277","800","517","36","2023-12-29 07:58:25","13","4","2","7"
"16356296","1097","517","41","2024-01-19 05:34:43","31","4","3","24"
"16356453","916","517","22","","0","0","0","0"
"16365857","521","516","13","","0","0","0","0"
"16370387","891","515","10","2023-05-12 19:35:03","1","0","1","0"
"16370901","903","515","15","2023-06-01 08:05:02","4","3","1","0"
"16372530","754","515","22","","0","0","0","0"
"16377085","1430","514","19","2023-12-04 19:58:01","3","1","0","2"
"16380621","797","513","7","","0","0","0","0"
"16381945","1443","513","63","","0","0","0","0"
"16388338","858","512","38","2024-01-31 05:36:23","10","0","0","10"
"16390814","890","512","5","2023-10-26 11:10:10","1","0","0","1"
"16391362","987","512","5","2023-08-10 06:30:31","6","2","2","2"
"16391898","585","512","8","","0","0","0","0"
"16399561","560","511","31","2023-05-24 13:18:04","1","0","1","0"
"16402009","526","511","20","","0","0","0","0"
"16405839","601","510","12","2023-09-13 10:14:33","4","0","1","3"
"16405935","1793","510","29","2023-09-12 02:45:31","35","31","2","2"
"16407480","1573","510","102","","0","0","0","0"
"16407645","632","510","22","","0","0","0","0"
"16409993","647","510","18","","0","0","0","0"
"16411283","594","509","23","2023-12-05 11:29:19","2","1","0","1"
"16411959","1912","509","11","2024-01-18 09:30:50","6","0","0","6"
"16414383","519","509","5","2023-04-11 21:14:13","1","1","0","0"
"16415933","521","509","12","2024-01-13 17:37:03","9","4","1","4"
"16418724","813","508","20","2024-01-24 05:57:56","12","5","3","4"
"16420204","1069","508","45","2023-09-07 13:16:45","3","0","2","1"
"16425029","774","507","18","2023-03-10 15:00:26","3","3","0","0"
"16428897","625","506","17","","0","0","0","0"
"16430068","593","506","57","2023-09-20 06:49:49","54","24","15","15"
"16431842","1262","506","9","","0","0","0","0"
"16432482","733","506","7","","0","0","0","0"
"16435355","1057","506","20","2023-10-27 04:46:27","28","16","5","7"
"16441367","1114","505","19","","0","0","0","0"
"16445022","1241","504","121","","0","0","0","0"
"16449309","561","504","6","2023-09-12 17:10:33","1","0","0","1"
"16449363","506","504","11","2023-03-09 13:55:45","2","2","0","0"
"16450169","1867","504","34","","0","0","0","0"
"16451347","1351","503","52","","0","0","0","0"
"16452810","563","503","5","","0","0","0","0"
"16453851","645","503","15","","0","0","0","0"
"16454771","531","503","12","2023-07-20 22:16:23","14","7","7","0"
"16456704","798","503","11","2023-04-15 15:00:46","1","1","0","0"
"16458642","1447","503","17","2024-01-31 14:46:08","11","3","3","5"
"16459035","671","502","7","2023-10-16 23:33:09","3","0","1","2"
"16463646","919","502","17","2024-01-29 11:32:53","4","0","0","4"
"16463801","1992","502","65","2023-06-24 17:09:24","3","1","2","0"
"16464074","824","502","7","2023-08-25 11:08:05","1","0","0","1"
"16467154","875","501","30","2023-07-28 04:44:28","2","1","1","0"
"16467763","502","501","44","","0","0","0","0"
"16474083","573","500","13","","0","0","0","0"
"16474209","528","500","6","2023-06-11 17:23:43","1","0","1","0"
"16475089","1859","500","71","2023-11-13 09:03:25","27","20","6","1"
"16478855","579","499","7","2023-12-19 06:52:18","6","1","4","1"
"16480816","640","499","12","2023-03-22 14:02:00","1","1","0","0"
"16484935","637","498","10","2023-11-16 07:28:23","4","1","1","2"
"16487900","1385","498","43","","0","0","0","0"
"16490627","1268","498","55","2023-09-20 13:40:06","6","1","1","4"
"16491055","781","498","8","2023-07-11 18:16:43","2","1","1","0"
"16492542","786","497","6","2023-10-24 17:44:33","4","1","1","2"
"16493759","630","497","8","","0","0","0","0"
"16494303","821","497","18","2023-12-06 09:24:50","6","4","1","1"
"16494437","1773","497","64","2024-01-18 14:13:01","14","7","1","6"
"16496244","901","497","9","","0","0","0","0"
"16498578","565","497","7","","0","0","0","0"
"16499599","616","496","14","2023-02-23 06:36:05","1","1","0","0"
"16499723","511","496","5","","0","0","0","0"
"16500604","1096","496","7","2023-08-31 08:34:45","6","2","0","4"
"16502170","1451","496","20","2023-04-07 22:19:44","51","51","0","0"
"16504342","620","496","26","2023-12-01 15:10:57","1","0","0","1"
"16505469","584","496","21","","0","0","0","0"
"16508254","1250","495","35","","0","0","0","0"
"16509073","618","495","16","","0","0","0","0"
"16513001","1994","495","199","2023-12-08 21:40:32","9","2","0","7"
"16513489","1001","495","9","","0","0","0","0"
"16514290","1344","494","65","2023-02-22 18:52:37","1","1","0","0"
"16516114","822","494","28","2023-11-02 21:32:24","3","1","1","1"
"16517581","1307","494","12","2023-07-30 02:30:43","20","10","10","0"
"16517823","586","494","36","","0","0","0","0"
"16521194","1182","493","38","2023-06-09 09:30:31","23","22","1","0"
"16521381","1961","493","154","2023-03-01 07:54:09","3","3","0","0"
"16522708","1102","493","20","","0","0","0","0"
"16523060","822","493","23","2023-06-15 07:18:56","14","7","7","0"
"16527170","1077","492","30","2023-05-15 15:08:23","2","0","2","0"
"16531380","1338","492","41","","0","0","0","0"
"16531441","1985","492","40","","0","0","0","0"
"16532461","586","492","5","2023-09-01 20:40:46","2","0","1","1"
"16534258","700","491","22","2023-03-18 00:14:23","8","8","0","0"
"16537039","1470","491","59","2024-01-14 17:01:18","4","1","0","3"
"16538011","653","491","6","","0","0","0","0"
"16540599","580","491","8","","0","0","0","0"
"16543550","1012","490","16","","0","0","0","0"
"16545894","1128","490","12","2024-01-22 09:39:59","55","1","0","54"
"16551229","944","489","11","2023-11-17 04:34:47","5","3","1","1"
"16551518","667","489","15","2023-07-05 19:28:41","2","1","1","0"
"16552137","627","489","28","2023-08-18 06:50:49","19","5","11","3"
"16552422","861","489","9","2023-08-08 12:12:56","6","1","4","1"
"16553558","1144","489","65","","0","0","0","0"
"16554239","628","489","6","2023-09-04 12:13:25","15","7","6","2"
"16558311","792","488","10","2023-03-28 07:53:20","1","1","0","0"
"16559292","1406","488","23","","0","0","0","0"
"16559988","730","488","21","","0","0","0","0"
"16560548","1819","488","14","","0","0","0","0"
"16560836","843","488","27","2023-05-24 12:48:30","6","2","4","0"
"16561638","849","488","40","2023-10-25 10:19:07","4","3","0","1"
"16563198","1210","488","12","2024-01-06 09:11:41","11","3","2","6"
"16565444","611","487","5","2023-07-09 11:18:18","1","0","1","0"
"16567210","960","487","65","2023-02-20 08:30:33","1","1","0","0"
"16575556","1301","485","61","","0","0","0","0"
"16577410","1049","485","38","2023-12-11 09:57:56","3","0","1","2"
"16577483","858","485","42","2024-01-20 10:19:46","6","2","1","3"
"16585046","576","484","16","2023-09-20 11:59:38","7","5","1","1"
"16587692","935","484","13","2024-01-09 17:31:17","14","3","5","6"
"16589029","812","483","37","2024-01-27 21:48:50","3","0","0","3"
"16589128","1686","483","31","2023-07-20 14:32:58","16","8","8","0"
"16590740","1286","483","29","2024-01-09 09:41:25","3","1","0","2"
"16591526","919","483","14","2023-11-21 07:42:17","9","2","1","6"
"16592991","671","483","14","2023-12-10 08:39:53","9","4","3","2"
"16593275","1322","483","14","2023-08-02 12:11:24","2","0","1","1"
"16593914","517","483","5","","0","0","0","0"
"16595100","673","483","12","2023-10-18 18:10:47","3","0","0","3"
"16596758","1028","482","7","2024-01-30 19:29:12","11","9","1","1"
"16598470","1621","482","31","2024-01-02 15:34:48","13","5","5","3"
"16602527","879","482","15","2023-12-10 04:33:41","1","0","0","1"
"16605082","689","481","5","2024-01-02 14:09:57","12","8","0","4"
"16606223","1641","481","9","2023-10-01 10:49:41","74","0","66","8"
"16606510","1066","481","71","2023-05-23 13:41:57","3","0","3","0"
"16611225","1748","480","11","2023-09-29 14:40:40","2","0","1","1"
"16613306","883","480","16","2023-05-08 04:47:49","5","1","4","0"
"16613707","603","480","7","2023-02-25 10:44:53","2","2","0","0"
"16613821","727","480","18","2023-12-01 11:47:56","8","4","2","2"
"16622985","1176","478","16","2024-01-30 14:27:52","25","5","6","14"
"16623057","960","478","5","2023-06-01 15:49:03","1","0","1","0"
"16623224","553","478","15","","0","0","0","0"
"16626860","896","478","15","2023-09-21 20:05:02","5","3","1","1"
"16627252","515","478","32","","0","0","0","0"
"16627522","634","479","7","2023-12-31 14:25:14","2","0","1","1"
"16632363","1120","477","10","","0","0","0","0"
"16634738","1798","477","84","","0","0","0","0"
"16637863","1454","476","8","2023-11-25 13:08:27","82","0","5","77"
"16638833","662","476","9","","0","0","0","0"
"16642626","1427","476","60","2023-02-19 16:03:28","2","2","0","0"
"16643004","931","476","37","2023-12-19 11:25:07","5","0","0","5"
"16647453","503","475","5","","0","0","0","0"
"16651073","664","475","13","","0","0","0","0"
"16653398","883","475","13","2023-09-22 01:57:54","1","0","0","1"
"16659219","706","474","33","2023-07-24 10:04:28","3","0","3","0"
"16659322","693","474","10","2023-12-28 18:38:02","1","0","0","1"
"16660603","731","474","17","2023-10-15 17:44:40","9","1","0","8"
"16662168","1002","474","17","2023-10-18 23:07:04","1","0","0","1"
"16662333","890","474","37","2023-02-28 03:24:34","18","18","0","0"
"16665872","1179","473","7","2024-01-28 06:44:25","13","0","0","13"
"16666045","1219","473","47","","0","0","0","0"
"16668765","1995","473","23","","0","0","0","0"
"16671196","763","472","9","","0","0","0","0"
"16673529","790","472","18","2023-07-21 08:12:35","1","0","1","0"
"16680905","757","471","10","2023-10-31 18:59:45","6","3","1","2"
"16682019","1900","471","8","2023-11-14 17:50:53","8","4","1","3"
"16685135","669","470","9","2023-03-27 07:15:45","2","2","0","0"
"16686130","608","470","18","2023-11-04 18:45:13","8","3","0","5"
"16686166","766","470","7","","0","0","0","0"
"16693888","1731","469","7","","0","0","0","0"
"16695893","1333","469","21","","0","0","0","0"
"16702058","1131","468","62","2023-10-20 06:58:28","18","8","5","5"
"16702151","642","468","17","2023-11-30 04:24:03","16","11","2","3"
"16703353","507","468","13","2023-04-12 10:55:50","1","1","0","0"
"16706763","879","468","20","2023-09-14 23:04:03","2","0","1","1"
"16710542","729","467","17","2023-08-24 12:58:44","21","0","13","8"
"16710738","1217","467","52","2023-08-08 10:17:08","29","11","16","2"
"16714498","1019","467","71","2023-04-16 05:13:37","14","14","0","0"
"16715508","1070","467","6","","0","0","0","0"
"16717511","692","466","26","2023-02-08 13:31:20","1","1","0","0"
"16727709","696","465","8","","0","0","0","0"
"16728483","599","465","14","","0","0","0","0"
"16730900","961","464","20","","0","0","0","0"
"16732680","653","464","37","2023-08-21 16:28:44","5","3","1","1"
"16739663","872","463","48","","0","0","0","0"
"16739843","1221","463","42","2024-01-31 18:25:05","19","4","4","11"
"16744227","803","463","18","2023-12-27 14:52:17","8","3","0","5"
"16744902","533","463","23","2023-11-14 14:43:20","1","0","0","1"
"16746253","682","462","22","","0","0","0","0"
"16746390","707","462","12","2023-07-21 01:43:13","12","6","6","0"
"16746668","1344","462","57","","0","0","0","0"
"16749821","727","462","24","2023-12-10 21:16:09","5","3","1","1"
"16750357","612","462","29","2023-08-19 10:41:16","16","1","12","3"
"16751401","784","462","10","","0","0","0","0"
"16753477","579","462","8","2023-02-09 13:14:38","1","1","0","0"
"16754494","555","462","13","2023-02-22 03:47:25","1","1","0","0"
"16755671","1315","461","57","2023-12-21 02:05:51","31","24","2","5"
"16758022","1024","461","16","2023-03-23 20:56:02","3","3","0","0"
"16760021","664","461","21","2023-07-05 13:37:27","6","3","3","0"
"16761544","516","461","6","2023-12-01 01:07:56","4","0","3","1"
"16762366","628","461","21","2024-01-04 20:30:24","8","3","1","4"
"16764510","962","460","62","2023-05-25 06:43:27","12","10","2","0"
"16765223","823","460","64","2024-01-05 14:13:14","9","2","3","4"
"16765716","1331","460","12","2023-02-24 11:30:35","1","1","0","0"
"16765805","1053","460","15","","0","0","0","0"
"16765847","1014","460","38","2024-01-28 18:39:49","12","0","0","12"
"16766120","505","460","6","2023-06-12 17:39:21","6","2","4","0"
"16766831","1089","460","9","","0","0","0","0"
"16769477","668","460","6","2024-01-17 11:23:37","28","9","12","7"
"16769684","656","460","7","2023-07-06 20:25:40","1","0","1","0"
"16771377","934","459","59","2023-06-09 14:34:08","9","7","2","0"
"16773063","565","459","21","2023-12-28 20:55:15","1","0","0","1"
"16778949","534","458","11","","0","0","0","0"
"16778998","1018","458","34","2023-06-24 20:29:03","6","5","1","0"
"16780764","1106","458","16","2023-10-30 17:50:56","7","1","3","3"
"16781395","1380","458","16","2023-12-14 08:58:51","6","1","4","1"
"16781396","1867","458","50","2023-11-27 01:35:54","5","3","0","2"
"16786350","864","457","89","2023-04-16 15:41:31","3","3","0","0"
"16787808","641","457","31","","0","0","0","0"
"16788073","752","457","78","","0","0","0","0"
"16789265","533","457","13","2024-01-20 20:25:35","3","0","0","3"
"16791187","535","457","10","","0","0","0","0"
"16792579","1006","456","5","","0","0","0","0"
"16793150","1480","456","41","","0","0","0","0"
"16793736","1531","456","16","","0","0","0","0"
"16797805","877","456","10","2024-01-24 17:30:06","19","10","3","6"
"16801529","676","455","10","2023-06-19 17:02:34","1","0","1","0"
"16804487","901","455","8","","0","0","0","0"
"16805423","1251","455","19","2024-01-24 10:03:24","12","0","4","8"
"16806458","771","455","50","","0","0","0","0"
"16807584","993","455","10","2023-12-07 11:26:25","17","0","9","8"
"16811479","1312","454","22","2023-10-17 13:47:44","1","0","0","1"
"16812867","1311","454","26","2023-10-28 16:54:49","2","0","0","2"
"16813096","582","454","9","2024-01-24 14:53:15","8","2","2","4"
"16814323","767","454","36","2023-10-21 07:14:27","2","0","1","1"
"16818745","579","454","17","2023-10-20 22:03:34","5","0","0","5"
"16821109","1891","453","96","2023-11-22 08:32:07","5","0","3","2"
"16824146","1686","453","20","2023-05-21 21:51:43","2","1","1","0"
"16825118","763","453","53","2023-10-29 21:41:56","8","0","4","4"
"16825566","1017","453","21","2023-02-08 17:36:11","1","1","0","0"
"16826419","537","453","5","","0","0","0","0"
"16826729","1807","452","79","2023-02-18 00:45:21","8","8","0","0"
"16827280","509","452","9","","0","0","0","0"
"16827453","971","452","9","2023-12-21 13:52:29","2","0","0","2"
"16832496","579","451","14","2023-06-13 20:24:17","4","3","1","0"
"16833668","671","451","6","2023-10-26 16:59:22","1","0","0","1"
"16835261","610","451","5","","0","0","0","0"
"16835747","1440","451","112","","0","0","0","0"
"16839859","1409","450","7","","0","0","0","0"
"16841774","1146","450","33","","0","0","0","0"
"16842078","1047","450","36","2023-08-25 12:04:18","1","0","0","1"
"16842205","1335","450","6","2023-02-18 18:04:15","1","1","0","0"
"16843389","508","450","37","2023-07-09 08:37:30","4","3","1","0"
"16844859","1073","450","12","2024-01-24 17:14:41","5","3","0","2"
"16850750","666","449","15","2024-01-26 13:28:51","9","1","3","5"
"16852506","551","449","25","2023-07-20 12:02:09","1","0","1","0"
"16855322","1146","449","44","2024-01-30 15:02:47","1","0","0","1"
"16856522","841","448","12","2023-08-27 13:04:26","1","0","0","1"
"16860542","851","448","35","","0","0","0","0"
"16862757","1264","448","50","2024-01-22 19:07:33","10","5","2","3"
"16864869","1364","448","44","2023-05-18 16:32:21","13","11","2","0"
"16867587","821","447","43","","0","0","0","0"
"16870564","1153","447","5","2023-12-23 19:05:40","42","3","4","35"
"16872314","728","447","8","2023-11-16 07:49:27","5","1","2","2"
"16874466","1090","446","103","2023-06-14 03:08:00","1","0","1","0"
"16878829","665","446","9","","0","0","0","0"
"16879794","703","446","23","2023-05-08 21:43:52","4","2","2","0"
"16881800","632","446","16","2023-11-09 21:15:05","10","5","2","3"
"16881932","541","446","12","","0","0","0","0"
"16886597","718","445","10","2023-03-02 01:33:13","1","1","0","0"
"16887777","1875","445","9","","0","0","0","0"
"16891669","619","444","6","2023-12-25 13:50:54","3","0","0","3"
"16895246","1473","443","12","2023-06-17 20:07:03","1","0","1","0"
"16895627","558","443","20","","0","0","0","0"
"16895630","664","443","24","","0","0","0","0"
"16898332","602","443","17","2024-01-17 10:00:56","3","0","0","3"
"16907666","503","442","6","","0","0","0","0"
"16907925","1335","442","14","2024-01-10 06:04:46","10","1","6","3"
"16910396","662","442","9","2023-12-13 15:28:13","4","2","1","1"
"16911595","560","442","7","","0","0","0","0"
"16913644","587","441","15","2023-10-17 12:50:59","1","0","0","1"
"16914936","962","441","48","2023-08-22 09:11:41","4","2","0","2"
"16915219","572","441","35","","0","0","0","0"
"16915292","559","441","5","2023-03-01 04:11:14","1","1","0","0"
"16918979","1099","441","41","2023-07-04 06:33:36","8","6","2","0"
"16919257","929","441","31","2024-01-17 19:28:24","2","0","0","2"
"16920195","627","441","25","2023-11-02 08:39:45","6","2","0","4"
"16920789","821","441","35","2023-09-07 17:25:35","2","0","1","1"
"16920947","575","441","5","","0","0","0","0"
"16921041","519","441","41","2024-01-04 05:35:08","4","0","1","3"
"16922044","1108","441","36","","0","0","0","0"
"16922342","682","441","25","","0","0","0","0"
"16922343","1717","441","66","","0","0","0","0"
"16922810","518","441","7","2023-05-10 14:01:20","1","0","1","0"
"16922954","630","441","14","2023-08-02 00:00:37","1","0","0","1"
"16924632","1649","440","24","2024-01-31 07:17:45","26","0","0","26"
"16925281","545","440","13","","0","0","0","0"
"16929145","1780","440","80","","0","0","0","0"
"16929358","1448","440","66","","0","0","0","0"
"16930243","1227","440","52","","0","0","0","0"
"16932810","866","439","12","","0","0","0","0"
"16932980","533","439","35","","0","0","0","0"
"16933406","613","439","5","2023-05-23 02:10:54","5","4","1","0"
"16935891","596","439","13","","0","0","0","0"
"16937830","775","439","9","2023-05-30 21:09:28","15","14","1","0"
"16938011","884","439","39","","0","0","0","0"
"16940811","1353","438","9","","0","0","0","0"
"16942500","1404","438","16","2023-06-24 05:10:40","8","7","1","0"
"16944079","548","438","13","2023-10-21 16:30:37","5","2","0","3"
"16945230","1679","438","11","2023-12-18 15:34:28","2","0","0","2"
"16946039","853","438","7","2023-09-30 23:08:42","1","0","0","1"
"16946324","919","438","5","","0","0","0","0"
"16949604","546","437","20","","0","0","0","0"
"16950813","1220","437","18","","0","0","0","0"
"16954055","586","436","39","2024-01-02 02:19:58","19","3","5","11"
"16957724","632","436","11","2023-12-17 16:28:03","23","10","8","5"
"16957927","622","436","5","","0","0","0","0"
"16958095","510","436","16","","0","0","0","0"
"16958213","1197","436","67","","0","0","0","0"
"16958410","610","436","8","2023-04-17 22:48:14","2","2","0","0"
"16958679","845","436","11","","0","0","0","0"
"16959486","636","436","19","2023-06-20 01:57:25","3","0","3","0"
"16962686","639","435","11","","0","0","0","0"
"16964922","1230","435","32","2023-08-28 07:04:41","5","2","2","1"
"16968158","531","435","12","2023-11-10 22:33:23","5","1","2","2"
"16968554","1170","435","10","2023-11-14 11:29:25","5","2","2","1"
"16973338","1109","434","26","","0","0","0","0"
"16974218","1906","434","20","2023-11-24 08:40:28","14","9","0","5"
"16974425","707","434","22","","0","0","0","0"
"16975921","543","434","5","2023-11-28 09:28:40","3","2","0","1"
"16981479","699","433","26","","0","0","0","0"
"16981884","820","433","41","2023-12-24 17:50:41","3","0","0","3"
"16984466","1889","433","102","2023-06-27 15:47:12","43","42","1","0"
"16985146","1911","433","40","2023-04-29 10:05:54","6","6","0","0"
"16990573","505","432","6","","0","0","0","0"
"16995190","630","432","39","2023-11-03 09:20:29","3","1","0","2"
"16998523","578","431","11","","0","0","0","0"
"17002772","840","431","5","","0","0","0","0"
"17005119","617","430","6","2024-01-20 14:02:49","1","0","0","1"
"17010560","1394","430","47","2023-07-06 23:58:51","1","0","1","0"
"17011740","737","429","21","","0","0","0","0"
"17015693","1136","429","43","","0","0","0","0"
"17015855","530","429","11","","0","0","0","0"
"17016350","1061","429","55","2023-05-23 10:37:54","7","0","7","0"
"17022570","748","428","5","2023-02-23 05:26:59","2","2","0","0"
"17023744","1576","428","36","2023-11-13 11:05:47","6","0","3","3"
"17025310","570","428","13","","0","0","0","0"
"17026489","796","428","11","2023-06-17 12:57:51","1","0","1","0"
"17028009","875","428","6","2023-02-27 13:25:35","1","1","0","0"
"17028970","1537","428","61","","0","0","0","0"
"17030181","518","427","15","2023-08-01 19:24:02","1","0","0","1"
"17032606","560","427","8","2023-07-28 08:57:15","1","0","1","0"
"17033432","1125","427","43","2023-12-22 11:13:13","27","17","4","6"
"17034430","1009","427","10","","0","0","0","0"
"17034564","678","427","5","2023-03-22 13:32:34","5","5","0","0"
"17042216","1973","426","65","","0","0","0","0"
"17043683","765","426","42","2023-12-19 00:51:35","2","0","1","1"
"17045336","609","426","22","2023-11-17 17:24:11","1","0","0","1"
"17047121","1427","426","6","2023-09-11 20:17:29","8","4","2","2"
"17047177","1101","426","10","2024-01-18 09:28:24","30","20","6","4"
"17049772","1519","425","37","2023-08-29 09:51:10","5","1","1","3"
"17050983","527","425","22","2024-01-29 15:44:56","8","5","0","3"
"17057833","540","424","28","","0","0","0","0"
"17064732","756","423","5","2023-10-24 20:59:29","9","0","3","6"
"17069758","673","422","44","","0","0","0","0"
"17070383","1146","422","98","2023-05-24 12:35:32","2","1","1","0"
"17071589","784","422","31","2023-10-16 08:49:40","11","5","4","2"
"17072366","728","422","9","2023-11-30 13:19:17","17","11","4","2"
"17077605","582","421","16","2023-03-13 15:35:54","1","1","0","0"
"17077700","575","421","13","","0","0","0","0"
"17077978","1683","421","68","2023-02-16 17:05:29","1","1","0","0"
"17079652","1877","421","38","","0","0","0","0"
"17081051","762","421","12","2023-10-03 14:08:46","2","1","0","1"
"17081494","585","421","30","2024-01-30 22:51:01","7","0","0","7"
"17085952","528","420","6","","0","0","0","0"
"17087765","753","420","7","","0","0","0","0"
"17089203","1006","420","12","2023-07-24 08:44:53","3","0","3","0"
"17089665","721","420","15","","0","0","0","0"
"17094926","604","419","29","2023-04-21 02:08:03","1","1","0","0"
"17105581","681","418","40","2023-11-07 15:54:02","2","0","0","2"
"17106024","782","418","64","","0","0","0","0"
"17109012","861","418","5","2023-11-12 20:44:11","1","0","0","1"
"17112163","1176","417","15","2023-12-16 11:12:59","4","0","0","4"
"17119272","510","416","16","2023-10-19 10:59:23","11","5","0","6"
"17120512","535","416","16","","0","0","0","0"
"17120914","859","416","5","2023-12-28 17:20:55","1","0","0","1"
"17126151","544","415","12","","0","0","0","0"
"17128041","1617","415","52","2024-01-23 09:09:54","9","1","4","4"
"17128350","1093","415","40","","0","0","0","0"
"17135653","848","414","36","","0","0","0","0"
"17138322","760","414","77","","0","0","0","0"
"17139053","526","413","14","","0","0","0","0"
"17139956","1430","413","83","2023-10-10 08:05:36","44","25","14","5"
"17142551","1862","413","55","2024-01-09 20:43:05","23","3","3","17"
"17144747","739","413","20","","0","0","0","0"
"17144974","879","413","13","","0","0","0","0"
"17146158","561","413","5","2023-11-23 19:57:31","1","0","0","1"
"17147888","734","412","6","","0","0","0","0"
"17148835","1155","412","12","2024-01-11 14:47:50","9","3","3","3"
"17151801","1115","412","33","","0","0","0","0"
"17153465","1174","412","94","","0","0","0","0"
"17156530","579","411","5","","0","0","0","0"
"17156981","812","411","45","2023-11-09 10:19:51","3","0","0","3"
"17158472","560","411","16","2023-03-28 18:31:06","4","4","0","0"
"17158703","823","411","37","2023-03-07 20:53:00","2","2","0","0"
"17158981","949","411","21","","0","0","0","0"
"17160160","609","411","5","2023-09-20 16:07:13","2","0","0","2"
"17171424","829","409","9","2023-06-01 11:59:07","7","6","1","0"
"17172829","990","409","23","2023-12-19 11:02:18","6","2","0","4"
"17175441","1198","409","19","","0","0","0","0"
"17176270","790","409","25","2023-05-02 19:32:20","3","1","2","0"
"17178679","718","408","15","2023-10-10 07:42:23","1","0","0","1"
"17179695","505","408","5","","0","0","0","0"
"17180860","1534","408","44","2023-10-11 12:10:29","9","4","4","1"
"17181638","708","408","20","2023-03-23 14:40:04","2","2","0","0"
"17184282","1387","408","25","2023-07-17 14:10:28","1","0","1","0"
"17185927","1760","408","83","2024-01-04 18:18:02","22","5","6","11"
"17186475","869","408","31","2023-10-23 00:58:04","1","0","0","1"
"17189011","682","407","55","2023-10-29 14:43:02","2","0","0","2"
"17191258","640","407","7","2023-07-26 09:21:12","3","1","2","0"
"17191838","537","407","7","","0","0","0","0"
"17194418","1735","407","37","2023-07-13 18:09:25","2","0","2","0"
"17194645","1512","407","10","2023-09-12 23:17:58","24","12","6","6"
"17196203","1018","407","13","","0","0","0","0"
"17198705","698","406","8","2023-05-14 05:46:13","8","6","2","0"
"17200418","1383","406","30","2023-07-04 07:22:02","18","17","1","0"
"17200950","1354","406","13","2023-02-01 19:13:49","2","2","0","0"
"17202960","657","406","9","2024-01-29 15:49:19","12","4","5","3"
"17204847","562","406","19","","0","0","0","0"
"17207537","624","405","53","","0","0","0","0"
"17208187","781","405","13","2023-02-22 07:07:38","4","4","0","0"
"17209725","647","405","14","","0","0","0","0"
"17211349","1472","1363","5","2023-03-05 17:40:59","1","1","0","0"
"17211421","1638","405","7","","0","0","0","0"
"17213269","727","405","12","2023-06-03 04:43:47","4","3","1","0"
"17215197","693","405","35","","0","0","0","0"
"17218587","831","404","92","2023-10-02 10:00:15","2","0","0","2"
"17223188","1742","404","38","2023-12-10 13:13:36","18","8","4","6"
"17226535","1045","403","52","2023-04-01 15:21:33","2","2","0","0"
"17228484","806","403","18","2023-11-12 20:54:26","4","3","0","1"
"17229214","799","403","59","","0","0","0","0"
"17233433","753","402","20","2023-02-26 02:36:38","2","2","0","0"
"17234168","549","402","12","","0","0","0","0"
"17235816","626","402","8","","0","0","0","0"
"17239546","818","401","40","2023-08-08 13:26:39","1","0","0","1"
"17241218","604","401","24","","0","0","0","0"
"17242503","799","401","37","","0","0","0","0"
"17242950","1201","401","53","","0","0","0","0"
"17243008","587","401","22","","0","0","0","0"
"17244019","1197","401","28","2023-12-30 09:47:13","24","7","6","11"
"17244117","815","401","11","","0","0","0","0"
"17246406","1176","400","67","2023-03-23 16:12:00","8","8","0","0"
"17254677","747","400","34","","0","0","0","0"
"17256158","557","399","9","2023-04-25 09:52:52","1","1","0","0"
"17257136","728","399","7","","0","0","0","0"
"17261061","522","399","5","","0","0","0","0"
"17263161","1317","399","5","2023-06-01 06:42:30","2","0","2","0"
"17264570","1440","399","31","2023-10-19 10:00:40","3","0","2","1"
"17265403","597","399","13","2024-01-05 21:20:28","4","0","2","2"
"17267895","532","398","11","2023-12-22 05:13:26","2","0","0","2"
"17273236","502","398","27","","0","0","0","0"
"17277491","710","397","11","2023-05-26 07:43:03","1","0","1","0"
"17284207","707","396","14","2024-01-18 01:37:44","8","0","1","7"
"17286169","765","396","6","2024-01-18 04:49:08","6","0","4","2"
"17286292","542","396","50","2023-07-10 21:47:50","13","2","11","0"
"17287498","1546","396","46","2023-02-05 22:16:05","1","1","0","0"
"17287940","508","396","19","","0","0","0","0"
"17289463","1289","396","57","2023-12-06 15:04:06","26","0","20","6"
"17293779","1591","395","5","2023-12-24 14:17:04","9","3","1","5"
"17294911","845","395","7","","0","0","0","0"
"17297900","583","394","34","","0","0","0","0"
"17299094","567","394","9","2023-05-16 14:07:33","1","0","1","0"
"17300813","539","394","13","2023-07-31 04:49:17","3","0","3","0"
"17302718","1825","394","30","2024-01-21 02:37:05","13","4","3","6"
"17305585","534","393","21","2023-05-10 20:05:03","1","0","1","0"
"17308201","1589","393","47","2023-04-24 03:02:08","4","4","0","0"
"17309108","782","393","53","2023-04-18 06:24:13","1","1","0","0"
"17311782","839","393","82","2023-09-23 04:00:47","2","0","1","1"
"17311927","712","393","12","","0","0","0","0"
"17312591","933","393","6","","0","0","0","0"
"17312805","1260","393","16","","0","0","0","0"
"17314963","852","392","29","","0","0","0","0"
"17315212","1140","392","28","","0","0","0","0"
"17316624","615","392","35","2023-03-25 09:45:02","3","3","0","0"
"17316835","689","392","26","2023-04-24 03:06:57","5","5","0","0"
"17317985","545","392","9","2023-07-05 17:11:00","1","0","1","0"
"17322893","850","392","74","2023-07-27 18:09:50","14","6","8","0"
"17323241","857","392","10","2023-08-23 18:49:20","4","2","0","2"
"17326889","819","391","48","2023-06-20 12:31:19","1","0","1","0"
"17328152","709","391","12","","0","0","0","0"
"17331490","920","391","9","","0","0","0","0"
"17335001","803","390","11","2023-12-29 07:40:36","5","0","0","5"
"17338310","827","390","34","2023-05-09 15:12:22","8","7","1","0"
"17340023","515","390","8","2023-02-10 20:25:24","1","1","0","0"
"17341715","537","389","14","2024-01-06 00:41:15","8","0","3","5"
"17343501","683","389","48","2023-10-07 21:01:15","8","3","1","4"
"17343976","1597","389","22","2023-10-12 05:14:59","13","10","2","1"
"17344532","618","389","21","","0","0","0","0"
"17344899","542","389","31","2023-02-27 11:37:05","1","1","0","0"
"17348251","969","388","8","2023-02-07 12:11:39","1","1","0","0"
"17357963","922","387","18","2023-08-29 07:58:59","1","0","0","1"
"17358702","549","387","6","2023-06-14 19:03:01","6","4","2","0"
"17367560","1228","386","5","2023-12-16 12:08:44","25","5","1","19"
"17369207","624","386","12","2023-04-26 08:21:05","4","4","0","0"
"17369291","1378","386","67","2023-04-18 17:09:02","4","4","0","0"
"17369900","649","386","17","2023-05-13 08:21:01","2","0","2","0"
"17370338","577","386","5","","0","0","0","0"
"17381872","677","384","6","2023-03-10 08:02:35","3","3","0","0"
"17385292","1419","384","19","","0","0","0","0"
"17390082","1328","384","94","2023-02-22 12:27:51","5","5","0","0"
"17392016","851","383","15","","0","0","0","0"
"17393225","648","383","16","2023-08-23 05:39:07","5","0","0","5"
"17402986","1205","382","26","2024-01-25 11:18:18","23","3","3","17"
"17404705","1171","382","19","","0","0","0","0"
"17410359","1323","381","15","","0","0","0","0"
"17415517","586","380","8","2023-12-02 09:27:57","19","0","7","12"
"17419835","522","380","10","","0","0","0","0"
"17422582","1116","380","7","2024-01-26 00:39:10","17","11","5","1"
"17424122","564","379","8","","0","0","0","0"
"17427519","598","379","12","2023-07-10 10:00:32","7","3","4","0"
"17430910","892","379","40","2023-03-22 14:29:34","2","2","0","0"
"17431241","540","379","11","","0","0","0","0"
"17432749","893","379","12","2023-07-13 11:51:53","6","3","3","0"
"17436751","842","378","29","2023-06-19 05:58:48","1","0","1","0"
"17437721","547","378","79","","0","0","0","0"
"17456295","643","376","26","2023-10-17 09:42:06","1","0","0","1"
"17456955","847","376","50","2023-08-09 07:57:15","17","3","13","1"
"17457042","1543","376","82","","0","0","0","0"
"17457846","1454","376","13","2024-01-19 08:37:07","50","26","17","7"
"17460546","519","376","30","","0","0","0","0"
"17462012","1222","375","99","2023-07-15 05:47:36","3","1","2","0"
"17463126","599","375","33","","0","0","0","0"
"17467669","858","374","45","","0","0","0","0"
"17468863","503","374","20","","0","0","0","0"
"17468933","622","374","10","2024-01-20 12:46:21","5","1","1","3"
"17472988","1895","374","90","","0","0","0","0"
"17473716","714","374","9","2024-01-29 11:05:19","15","1","5","9"
"17478317","513","373","17","2023-10-09 04:42:58","3","0","1","2"
"17488015","1630","372","54","","0","0","0","0"
"17490003","746","372","19","2023-07-23 23:08:03","1","0","1","0"
"17491224","518","372","8","2023-12-11 18:15:38","4","2","0","2"
"17493431","1036","371","40","","0","0","0","0"
"17494917","564","371","20","","0","0","0","0"
"17497509","651","371","10","","0","0","0","0"
"17497862","547","371","27","2023-04-19 07:20:22","1","1","0","0"
"17498746","505","371","27","2023-09-21 11:25:18","5","2","0","3"
"17499704","632","371","26","2024-01-06 20:52:45","5","1","0","4"
"17503046","578","370","25","","0","0","0","0"
"17516394","505","369","26","2023-06-06 13:25:18","1","0","1","0"
"17516899","1393","369","83","2023-03-04 00:00:46","2","2","0","0"
"17517286","584","369","16","2023-05-12 11:09:18","2","1","1","0"
"17518541","536","369","16","2023-02-23 07:39:06","1","1","0","0"
"17519505","609","369","11","2023-04-25 10:47:27","2","2","0","0"
"17520040","1150","369","37","","0","0","0","0"
"17520252","552","369","24","","0","0","0","0"
"17523373","741","368","6","2023-12-31 03:39:03","9","7","0","2"
"17523866","1467","368","13","2024-01-26 16:20:12","43","14","10","19"
"17524723","819","368","26","2024-01-02 09:08:00","19","3","5","11"
"17525181","668","368","6","2023-02-18 17:00:58","1","1","0","0"
"17525834","1364","368","55","2023-11-25 16:08:50","19","11","5","3"
"17526992","626","368","8","","0","0","0","0"
"17527642","614","367","39","2023-06-07 04:57:55","2","0","2","0"
"17529564","639","367","15","2023-06-22 00:25:21","7","0","7","0"
"17530237","576","367","13","2023-11-01 18:18:24","3","0","0","3"
"17532482","1315","367","38","2023-12-22 04:32:59","14","7","0","7"
"17533262","506","367","34","2024-01-30 11:04:35","1","0","0","1"
"17534581","784","367","21","2023-07-17 08:15:17","4","0","4","0"
"17538468","538","366","13","","0","0","0","0"
"17539341","702","366","8","2023-12-05 15:09:20","14","5","3","6"
"17540492","709","366","22","","0","0","0","0"
"17541709","946","366","42","2024-01-09 13:56:37","8","2","1","5"
"17544309","509","366","34","","0","0","0","0"
"17544312","821","366","52","","0","0","0","0"
"17548824","600","365","20","","0","0","0","0"
"17550177","766","365","20","2023-10-12 14:25:17","4","1","1","2"
"17553781","1866","365","127","2023-11-11 08:47:14","3","0","0","3"
"17554728","587","365","42","","0","0","0","0"
"17558100","1044","364","13","","0","0","0","0"
"17558323","765","364","33","2023-03-31 23:21:57","2","2","0","0"
"17560229","1984","364","41","2023-12-25 22:42:19","1","0","0","1"
"17561930","680","364","10","2024-01-30 10:36:13","1","0","0","1"
"17562157","1008","364","8","2023-06-28 14:29:26","4","1","3","0"
"17567143","538","363","7","2023-11-29 23:28:48","5","2","1","2"
"17570298","1505","363","74","2023-02-14 06:59:58","2","2","0","0"
"17571211","1158","363","9","2023-04-02 14:46:35","3","3","0","0"
"17571475","665","363","5","2024-01-22 20:16:35","3","0","1","2"
"17572646","542","363","33","2023-12-03 15:41:50","2","1","0","1"
"17576982","1268","362","33","2023-12-13 16:39:39","7","4","1","2"
"17579252","515","362","30","","0","0","0","0"
"17582798","730","362","39","","0","0","0","0"
"17588551","525","361","15","","0","0","0","0"
"17588900","515","361","35","","0","0","0","0"
"17589781","764","361","51","2023-11-15 22:39:15","8","2","0","6"
"17592995","754","360","14","","0","0","0","0"
"17595968","626","360","22","","0","0","0","0"
"17597213","617","360","33","","0","0","0","0"
"17599576","696","359","37","","0","0","0","0"
"17603999","587","359","13","2024-01-08 15:18:19","2","1","0","1"
"17607331","786","359","17","","0","0","0","0"
"17610082","1273","358","19","2024-01-29 07:28:39","31","14","6","11"
"17611850","541","358","25","","0","0","0","0"
"17614863","945","358","19","2024-01-17 10:46:17","28","1","3","24"
"17615801","570","358","26","2023-06-22 03:23:26","5","3","2","0"
"17620209","714","358","14","2023-09-09 10:38:38","26","10","13","3"
"17622044","1232","357","16","2023-10-02 07:06:54","23","12","7","4"
"17623640","525","357","22","","0","0","0","0"
"17623897","975","357","150","","0","0","0","0"
"17625486","1372","357","71","2024-01-11 09:05:13","13","7","4","2"
"17625879","681","357","9","","0","0","0","0"
"17626613","545","357","11","2023-06-21 20:21:33","3","2","1","0"
"17627350","969","357","42","2024-01-16 14:41:15","16","5","5","6"
"17627575","1039","357","56","2023-07-14 13:25:13","12","7","5","0"
"17630235","832","357","41","","0","0","0","0"
"17635987","677","356","23","2023-03-18 00:05:19","1","1","0","0"
"17637096","1167","356","80","2023-10-18 15:17:17","12","3","6","3"
"17637456","671","356","48","2024-01-25 22:39:41","5","4","0","1"
"17637875","862","356","7","","0","0","0","0"
"17644863","945","355","10","2023-11-26 19:18:58","2","1","0","1"
"17646582","889","355","23","2024-01-04 16:35:12","23","9","4","10"
"17648214","1053","355","54","2024-01-14 22:19:33","6","0","3","3"
"17653156","1274","354","9","","0","0","0","0"
"17658327","626","353","34","2024-01-05 18:15:25","7","4","0","3"
"17663717","857","352","61","","0","0","0","0"
"17666863","1033","352","27","2023-11-02 18:41:09","31","3","8","20"
"17668098","713","352","29","","0","0","0","0"
"17668426","527","352","26","2023-04-21 08:51:55","4","4","0","0"
"17668691","641","352","14","","0","0","0","0"
"17670742","1172","351","40","2023-03-14 16:29:18","13","13","0","0"
"17672228","546","351","27","2023-07-17 14:53:03","1","0","1","0"
"17675150","798","351","19","2023-05-21 18:07:18","25","24","1","0"
"17675859","681","351","45","2023-03-12 16:47:46","1","1","0","0"
"17675862","648","351","48","","0","0","0","0"
"17679565","1474","350","88","2023-10-26 01:26:33","14","7","1","6"
"17680233","1198","350","104","","0","0","0","0"
"17681550","538","350","6","","0","0","0","0"
"17681630","1206","350","62","2023-10-16 06:37:44","1","0","0","1"
"17681687","767","350","9","2023-10-02 11:27:19","5","2","0","3"
"17685806","1675","350","24","2023-11-08 13:14:05","18","8","4","6"
"17692083","572","349","29","","0","0","0","0"
"17694626","1493","349","131","2024-01-27 00:57:51","5","1","1","3"
"17695211","1270","349","39","2023-12-31 19:47:20","7","0","0","7"
"17698532","1818","348","92","","0","0","0","0"
"17699056","1040","348","46","","0","0","0","0"
"17700794","1009","348","7","2023-07-21 11:13:28","2","0","2","0"
"17701064","886","348","25","2023-03-13 23:31:39","4","4","0","0"
"17701296","750","348","9","2023-08-29 22:58:32","1","0","0","1"
"17703865","678","348","11","2023-07-13 23:42:36","1","0","1","0"
"17708926","1176","347","20","2023-12-30 20:56:32","9","1","4","4"
"17710270","1113","347","64","","0","0","0","0"
"17715540","612","346","9","2024-01-04 11:47:55","18","17","0","1"
"17718870","869","346","70","2023-12-20 17:23:11","6","0","4","2"
"17720353","1211","345","82","","0","0","0","0"
"17720363","1021","345","50","","0","0","0","0"
"17721124","593","345","20","2024-01-30 10:23:26","32","4","10","18"
"17723465","994","345","27","","0","0","0","0"
"17725530","801","345","12","","0","0","0","0"
"17726473","737","345","33","","0","0","0","0"
"17730070","602","344","10","2023-02-26 13:15:52","1","1","0","0"
"17730652","1017","344","49","2023-07-17 06:35:24","10","3","7","0"
"17731030","639","344","18","2024-01-15 05:24:58","6","4","1","1"
"17732851","1030","344","65","","0","0","0","0"
"17737469","506","343","8","","0","0","0","0"
"17739440","1284","343","53","","0","0","0","0"
"17741639","978","343","5","","0","0","0","0"
"17751507","823","342","7","2023-10-09 20:22:47","3","2","0","1"
"17752564","777","341","45","2024-01-05 04:55:12","27","11","3","13"
"17754711","503","341","11","","0","0","0","0"
"17755707","886","341","38","","0","0","0","0"
"17755777","1256","341","84","2023-02-27 06:23:53","2","2","0","0"
"17757846","593","341","37","2023-03-28 22:37:54","2","2","0","0"
"17759589","1096","340","10","","0","0","0","0"
"17762979","518","340","53","2023-09-27 03:17:31","1","0","0","1"
"17765797","890","339","38","","0","0","0","0"
"17766295","1308","339","66","","0","0","0","0"
"17767619","520","339","36","","0","0","0","0"
"17769156","507","339","22","","0","0","0","0"
"17771658","1478","338","59","","0","0","0","0"
"17771995","1207","338","22","2023-12-05 07:40:45","12","0","1","11"
"17772814","508","338","10","2023-12-13 06:38:04","9","0","0","9"
"17773547","1584","338","66","2023-05-07 04:23:58","9","8","1","0"
"17775058","554","338","20","2023-12-07 15:18:10","19","8","4","7"
"17781468","822","337","83","","0","0","0","0"
"17781834","861","337","16","2023-04-17 12:13:27","2","2","0","0"
"17781856","617","337","40","2023-07-18 03:59:49","1","0","1","0"
"17782348","559","337","9","2023-09-09 06:34:02","2","1","0","1"
"17786527","886","336","8","","0","0","0","0"
"17786978","994","336","9","2023-10-30 10:53:18","54","27","19","8"
"17787605","1345","336","33","2023-09-03 15:29:57","22","15","6","1"
"17795006","1023","335","27","","0","0","0","0"
"17797290","694","335","15","","0","0","0","0"
"17797849","931","335","8","2023-04-09 07:50:51","3","3","0","0"
"17797907","724","335","50","2023-05-17 19:03:50","1","0","1","0"
"17798537","965","335","32","2023-12-14 01:04:22","15","4","6","5"
"17799032","589","335","39","2023-03-26 12:10:26","13","13","0","0"
"17799125","502","335","17","2023-04-06 21:16:33","1","1","0","0"
"17800066","820","335","11","2023-09-18 18:26:48","18","12","2","4"
"17802928","770","334","67","","0","0","0","0"
"17805287","945","334","34","2023-04-10 11:18:38","1","1","0","0"
"17811563","653","333","16","2023-12-16 09:13:13","10","4","1","5"
"17812607","609","332","43","2023-10-17 09:59:36","7","3","3","1"
"17815629","526","332","22","","0","0","0","0"
"17815960","616","332","33","","0","0","0","0"
"17816634","1234","332","100","2023-06-26 06:01:47","2","0","2","0"
"17817329","1064","332","54","","0","0","0","0"
"17821261","859","331","25","2023-03-05 19:05:49","3","3","0","0"
"17825220","586","331","14","","0","0","0","0"
"17825554","529","331","9","2023-11-17 23:43:01","2","0","0","2"
"17831171","718","330","21","","0","0","0","0"
"17831351","757","330","5","2023-09-18 05:19:39","3","0","0","3"
"17834001","600","330","11","","0","0","0","0"
"17835092","1065","330","42","","0","0","0","0"
"17835656","731","330","13","2024-01-15 13:10:51","14","3","1","10"
"17836238","788","329","21","","0","0","0","0"
"17836531","564","329","6","2023-07-15 15:36:48","3","2","1","0"
"17839041","734","329","65","","0","0","0","0"
"17839690","707","329","15","2023-11-27 08:58:55","19","12","5","2"
"17843903","572","329","14","2023-10-23 16:39:44","5","0","1","4"
"17850568","508","328","25","","0","0","0","0"
"17851130","887","328","33","2023-07-19 19:30:46","3","0","3","0"
"17860991","663","327","16","2023-12-08 07:17:18","4","0","0","4"
"17867413","1273","327","9","2023-05-18 01:58:48","1","0","1","0"
"17871774","532","326","33","2023-05-25 08:27:25","7","5","2","0"
"17882674","805","325","40","","0","0","0","0"
"17884397","736","325","15","","0","0","0","0"
"17884414","808","325","25","","0","0","0","0"
"17885357","535","325","21","","0","0","0","0"
"17885513","839","325","26","","0","0","0","0"
"17886849","633","324","10","2023-07-15 07:57:23","2","0","2","0"
"17887975","858","324","16","","0","0","0","0"
"17889492","526","324","11","2023-11-22 10:06:56","2","0","0","2"
"17892216","755","324","16","2023-12-12 16:21:18","3","1","1","1"
"17893197","788","324","42","","0","0","0","0"
"17894104","1031","324","58","","0","0","0","0"
"17897456","710","323","25","2023-02-10 14:48:14","1","1","0","0"
"17898569","665","323","33","","0","0","0","0"
"17898592","589","323","6","","0","0","0","0"
"17898801","1497","323","82","2023-07-03 09:10:34","3","2","1","0"
"17901132","1374","323","87","","0","0","0","0"
"17903567","634","323","14","","0","0","0","0"
"17904373","611","323","7","2023-09-26 19:56:12","12","3","5","4"
"17905764","524","323","34","2023-04-03 20:06:25","1","1","0","0"
"17907084","747","323","65","","0","0","0","0"
"17915481","512","322","11","2023-07-04 11:52:59","2","1","1","0"
"17917955","1105","322","18","2023-08-21 19:57:46","1","0","0","1"
"17926477","1067","321","72","2023-02-28 00:05:04","6","6","0","0"
"17929465","777","320","23","","0","0","0","0"
"17936326","1190","320","53","","0","0","0","0"
"17939220","697","319","11","","0","0","0","0"
"17939454","527","319","45","","0","0","0","0"
"17942871","760","319","29","","0","0","0","0"
"17948948","1568","318","90","","0","0","0","0"
"17961431","621","316","5","2023-06-14 10:44:15","1","0","1","0"
"17963017","726","316","15","2023-10-06 06:37:29","1","0","0","1"
"17965313","1264","316","62","2023-04-15 15:21:47","1","1","0","0"
"17966065","695","316","6","2023-11-08 00:51:24","3","1","1","1"
"17966737","584","316","8","2023-04-21 15:58:35","1","1","0","0"
"17966745","547","316","43","","0","0","0","0"
"17972542","603","315","6","","0","0","0","0"
"17976599","1233","315","83","","0","0","0","0"
"17982436","679","314","79","2023-07-11 10:29:26","53","37","16","0"
"17991758","792","313","128","","0","0","0","0"
"17992129","644","313","24","","0","0","0","0"
"17994624","513","313","19","2023-07-10 17:03:46","1","0","1","0"
"17995563","872","313","63","2023-08-24 12:48:55","2","0","0","2"
"17997552","1526","313","8","2024-01-24 16:17:43","34","7","13","14"
"18000388","608","312","16","","0","0","0","0"
"18001301","902","312","59","2023-12-21 19:28:52","2","0","0","2"
"18001693","634","312","29","2023-07-07 09:59:56","4","0","4","0"
"18007266","578","311","6","","0","0","0","0"
"18011270","710","311","32","","0","0","0","0"
"18012302","1500","311","66","2023-11-04 14:57:45","2","0","0","2"
"18014805","585","310","43","2023-04-10 13:24:57","1","1","0","0"
"18020941","1925","310","88","2024-01-24 19:24:30","25","3","2","20"
"18022759","976","309","51","","0","0","0","0"
"18027197","578","309","6","2023-08-03 06:30:44","2","0","1","1"
"18028757","1526","309","97","2023-09-19 12:17:28","8","0","7","1"
"18029062","555","309","21","","0","0","0","0"
"18029145","620","309","8","","0","0","0","0"
"18030502","846","309","15","","0","0","0","0"
"18031894","1644","309","67","2023-10-26 21:40:24","17","7","4","6"
"18032364","775","309","10","2024-01-17 17:31:51","23","0","9","14"
"18040640","504","308","42","2024-01-31 00:05:31","57","27","10","20"
"18047369","1560","307","26","2023-10-14 11:01:57","15","2","12","1"
"18050436","556","307","8","2023-12-19 14:03:59","5","2","0","3"
"18056527","500","306","11","","0","0","0","0"
"18057881","553","306","20","2023-08-30 11:46:07","10","8","0","2"
"18057908","1181","306","50","","0","0","0","0"
"18059879","1938","306","76","","0","0","0","0"
"18059901","883","306","8","","0","0","0","0"
"18065128","614","305","13","2023-06-09 16:44:06","2","1","1","0"
"18066399","1697","305","22","","0","0","0","0"
"18068398","519","305","10","2023-11-23 00:03:35","6","2","0","4"
"18074007","946","304","28","","0","0","0","0"
"18081244","1620","303","102","2023-09-05 09:41:15","2","0","0","2"
"18082610","577","303","28","","0","0","0","0"
"18089995","595","302","34","2023-12-19 06:47:33","9","3","4","2"
"18091040","640","302","7","2023-07-05 07:18:33","4","0","4","0"
"18098502","953","301","49","2023-09-27 10:08:53","8","4","0","4"
"18099076","1151","301","68","2023-02-10 11:02:58","2","2","0","0"
"18099647","644","301","29","2024-01-03 17:11:05","8","1","6","1"
"18101070","535","301","16","2023-05-26 13:27:08","1","0","1","0"
"18101820","718","301","12","2023-08-04 09:33:15","5","2","2","1"
"18102423","684","301","20","2024-01-31 22:14:31","10","2","2","6"
"18102554","544","301","11","2023-06-13 06:33:41","1","0","1","0"
"18103012","1227","301","130","2023-10-30 18:55:37","5","3","1","1"
"18104248","1088","301","24","2023-02-14 18:33:31","3","3","0","0"
"18104806","694","301","31","","0","0","0","0"
"18106498","539","300","5","","0","0","0","0"
"18106676","776","300","133","","0","0","0","0"
"18108222","949","300","28","","0","0","0","0"
"18112609","609","300","11","2023-05-07 18:53:59","2","1","1","0"
"18116417","1362","299","106","","0","0","0","0"
"18118585","537","299","20","2024-01-01 11:20:32","2","0","0","2"
"18118915","758","299","29","2023-11-16 01:46:38","3","0","1","2"
"18123272","548","299","13","2023-08-17 01:19:15","1","0","0","1"
"18127542","626","298","33","","0","0","0","0"
"18127602","525","298","15","","0","0","0","0"
"18130041","549","298","23","2023-03-09 19:56:12","1","1","0","0"
"18131146","724","297","40","2023-04-17 10:52:34","2","2","0","0"
"18143306","573","296","6","2023-08-30 12:35:35","6","2","1","3"
"18143450","632","296","31","","0","0","0","0"
"18159334","700","294","37","","0","0","0","0"
"18159572","1209","294","15","","0","0","0","0"
"18159603","1036","294","40","2023-12-06 10:23:45","3","0","0","3"
"18160216","560","294","6","2023-05-22 05:52:08","2","1","1","0"
"18160754","1432","294","96","","0","0","0","0"
"18161750","624","294","36","2023-08-04 07:21:36","1","0","0","1"
"18166042","646","294","10","2023-11-28 03:52:07","21","4","9","8"
"18175181","640","293","19","","0","0","0","0"
"18178488","1107","292","6","2023-11-27 11:02:44","1","0","0","1"
"18188104","741","291","28","2023-03-16 16:00:54","3","3","0","0"
"18189631","1191","291","39","2023-02-20 09:01:49","1","1","0","0"
"18189817","579","291","5","2023-12-10 11:32:33","18","10","2","6"
"18191094","588","291","14","2023-02-25 20:11:07","2","2","0","0"
"18191667","892","291","89","2024-01-13 22:30:33","6","0","2","4"
"18192997","546","290","24","2023-06-27 22:08:58","3","1","2","0"
"18197654","1016","290","11","","0","0","0","0"
"18198067","547","290","6","2023-07-03 04:33:47","4","1","3","0"
"18200347","537","289","42","","0","0","0","0"
"18200580","1048","289","47","2023-08-13 11:56:28","7","2","4","1"
"18200643","900","289","67","","0","0","0","0"
"18203813","524","289","13","2023-04-10 20:55:32","3","3","0","0"
"18205911","1303","289","67","2024-01-24 21:31:08","6","1","1","4"
"18205996","597","289","12","2023-02-17 08:54:40","1","1","0","0"
"18206100","929","289","65","","0","0","0","0"
"18206501","926","289","26","","0","0","0","0"
"18212724","539","288","27","","0","0","0","0"
"18213063","507","288","29","2023-08-10 12:17:07","18","9","0","9"
"18214330","595","288","7","2023-08-31 08:57:43","5","2","1","2"
"18215498","543","288","6","","0","0","0","0"
"18221704","611","287","42","2023-11-29 11:13:14","15","7","7","1"
"18224096","971","287","5","2023-11-27 12:31:22","11","7","1","3"
"18227814","591","287","18","2024-01-08 20:55:55","22","11","5","6"
"18228290","849","287","41","","0","0","0","0"
"18229792","848","286","33","","0","0","0","0"
"18232031","741","286","17","2023-06-28 13:32:09","3","0","3","0"
"18235939","773","286","34","","0","0","0","0"
"18238422","1580","286","55","","0","0","0","0"
"18241498","674","285","14","","0","0","0","0"
"18241830","598","285","23","2023-11-20 19:06:23","7","1","0","6"
"18243271","575","285","17","2023-09-25 09:53:14","6","0","3","3"
"18248018","736","285","29","2023-12-02 00:06:42","13","0","9","4"
"18251966","615","284","40","","0","0","0","0"
"18254155","682","284","42","","0","0","0","0"
"18254538","1885","284","65","2023-08-03 03:19:37","3","0","0","3"
"18259637","1804","283","40","2023-09-10 07:40:21","2","1","0","1"
"18265188","660","282","5","2023-09-17 08:39:45","3","1","1","1"
"18265702","1740","282","19","2024-01-22 10:09:54","59","20","18","21"
"18270700","766","282","56","2023-08-20 10:01:41","5","0","4","1"
"18275876","709","281","17","2024-01-11 14:32:38","7","1","4","2"
"18278998","877","281","27","2023-10-17 09:58:26","11","5","3","3"
"18281502","541","281","36","","0","0","0","0"
"18290336","543","280","11","","0","0","0","0"
"18295420","505","279","9","2023-07-21 08:12:49","11","0","11","0"
"18297338","775","279","11","2023-04-18 09:49:49","32","32","0","0"
"18299343","556","279","22","2023-09-22 09:35:09","6","1","0","5"
"18299640","653","279","10","2023-09-05 22:47:50","12","2","2","8"
"18300051","561","279","5","2023-11-01 15:38:05","6","0","2","4"
"18309173","818","278","46","","0","0","0","0"
"18311567","806","278","42","","0","0","0","0"
"18312347","707","278","49","2023-05-02 02:09:53","1","0","1","0"
"18313927","717","277","32","2023-11-14 11:47:58","1","0","0","1"
"18317391","1063","277","64","2024-01-18 15:44:34","18","4","4","10"
"18320654","1909","276","148","2023-03-26 04:12:04","3","3","0","0"
"18321042","575","276","14","2024-01-10 17:47:22","1","0","0","1"
"18330436","1834","275","59","","0","0","0","0"
"18330787","551","275","52","","0","0","0","0"
"18333498","580","275","11","","0","0","0","0"
"18340828","954","274","100","2023-12-29 11:13:12","13","4","2","7"
"18341393","631","274","17","","0","0","0","0"
"18342123","897","274","27","2023-04-15 12:00:51","2","2","0","0"
"18343043","1232","274","33","2024-01-30 12:49:11","26","9","4","13"
"18344512","1499","274","159","2023-02-03 10:50:14","1","1","0","0"
"18346591","682","274","14","2024-01-31 22:03:36","4","2","0","2"
"18347141","1295","274","22","2024-01-19 19:10:46","22","6","8","8"
"18349158","783","273","56","","0","0","0","0"
"18349408","765","273","59","2023-02-08 05:42:10","1","1","0","0"
"18353089","816","273","49","","0","0","0","0"
"18361074","1117","272","51","2023-10-09 02:30:44","5","0","0","5"
"18362054","1859","272","42","2024-01-10 02:52:33","71","37","17","17"
"18362930","1944","272","126","2023-12-20 09:38:15","16","5","8","3"
"18364222","868","272","5","","0","0","0","0"
"18364330","755","272","7","","0","0","0","0"
"18366396","841","272","70","2023-12-06 10:30:06","1","0","0","1"
"18371219","793","271","6","2023-11-27 09:02:05","4","1","1","2"
"18376867","1067","271","20","2023-12-20 17:12:50","21","6","9","6"
"18385530","836","270","7","2023-12-19 21:47:19","4","0","2","2"
"18400908","1723","268","77","2023-11-19 19:58:42","48","20","10","18"
"18413363","636","267","13","2023-03-05 17:09:19","4","4","0","0"
"18428148","1699","265","324","","0","0","0","0"
"18431030","611","265","6","","0","0","0","0"
"18436980","1045","264","53","","0","0","0","0"
"18456072","531","262","23","","0","0","0","0"
"18457180","804","262","40","","0","0","0","0"
"18457414","1295","262","33","2023-10-13 12:58:21","6","1","0","5"
"18458353","1074","261","48","2024-01-10 17:18:55","17","16","0","1"
"18460115","645","261","15","","0","0","0","0"
"18461576","1790","261","48","2024-01-15 11:01:04","18","16","0","2"
"18463973","1180","261","30","2024-01-29 23:40:53","4","2","0","2"
"18464383","613","261","44","","0","0","0","0"
"18468857","531","260","6","2023-10-24 10:11:56","4","3","0","1"
"18476325","525","260","39","","0","0","0","0"
"18480635","799","259","52","","0","0","0","0"
"18488955","1679","258","57","2023-07-04 09:12:45","6","4","2","0"
"18492410","710","258","19","2023-06-07 12:31:21","60","29","31","0"
"18497493","655","258","13","2023-09-21 07:01:41","3","0","2","1"
"18504150","1179","257","60","2023-09-07 03:17:00","9","0","0","9"
"18505867","664","257","12","2023-06-27 12:36:02","15","7","8","0"
"18506381","606","257","27","","0","0","0","0"
"18506404","752","257","14","2024-01-30 15:20:00","21","3","9","9"
"18507330","796","257","5","","0","0","0","0"
"18517317","509","255","33","2023-06-07 15:15:28","3","0","3","0"
"18519412","1479","255","6","2024-01-20 17:44:11","10","4","2","4"
"18519906","548","255","10","2023-07-13 09:00:10","1","0","1","0"
"18524196","673","254","28","","0","0","0","0"
"18532711","1674","254","25","","0","0","0","0"
"18541538","518","253","14","","0","0","0","0"
"18541557","568","253","6","2023-07-15 14:21:42","4","1","3","0"
"18545859","553","253","10","2023-08-02 20:35:16","1","0","0","1"
"18547664","869","253","5","2023-12-20 20:52:00","7","1","5","1"
"18552667","514","252","14","2023-05-10 19:02:11","1","0","1","0"
"18554284","789","252","42","2023-03-20 22:18:51","1","1","0","0"
"18558424","736","252","6","2024-01-19 16:00:40","7","3","0","4"
"18569340","568","251","5","2023-09-15 12:58:24","1","0","0","1"
"18570428","554","251","15","","0","0","0","0"
"18571631","826","251","38","2023-04-03 11:13:58","2","2","0","0"
"18572509","764","251","6","2023-10-09 05:18:05","48","0","40","8"
"18573065","1950","251","47","2023-08-04 06:15:35","48","0","44","4"
"18578075","782","250","33","2023-09-06 23:14:30","2","1","0","1"
"18579261","635","250","19","2023-02-16 17:03:34","1","1","0","0"
"18582134","588","250","28","2023-04-15 18:24:53","1","1","0","0"
"18586642","639","249","16","2023-11-07 03:06:53","5","3","0","2"
"18595321","1363","248","47","2024-01-27 19:20:23","12","5","1","6"
"18602881","676","247","36","","0","0","0","0"
"18612308","617","247","33","2023-04-25 18:38:15","1","1","0","0"
"18616461","1086","246","19","","0","0","0","0"
"18620602","974","246","36","2023-09-19 12:49:55","6","1","4","1"
"18620625","639","246","6","","0","0","0","0"
"18624778","599","246","15","","0","0","0","0"
"18627424","575","245","7","2023-04-14 16:43:12","7","7","0","0"
"18632018","665","245","43","2023-09-26 13:23:27","2","0","0","2"
"18635613","1056","245","36","","0","0","0","0"
"18636118","631","245","9","2024-01-09 13:55:32","1","0","0","1"
"18639125","868","244","22","2023-05-08 09:21:56","1","0","1","0"
"18646049","761","244","16","2023-08-11 19:19:26","7","5","1","1"
"18646208","650","244","37","2024-01-28 10:48:30","4","0","0","4"
"18646229","879","244","8","2023-04-04 21:29:54","1","1","0","0"
"18648900","1738","244","78","2024-01-11 17:02:37","29","19","9","1"
"18649495","1508","244","15","2023-02-04 17:52:43","1","1","0","0"
"18656400","547","243","56","2023-11-24 05:24:17","9","7","1","1"
"18657095","632","243","28","","0","0","0","0"
"18662468","601","243","9","2024-01-08 08:21:10","12","0","1","11"
"18673230","582","243","19","2023-02-15 23:35:30","3","3","0","0"
"18677155","586","242","10","","0","0","0","0"
"18681649","772","242","22","","0","0","0","0"
"18697532","666","240","13","2023-12-09 06:48:44","6","0","3","3"
"18703252","1112","240","16","2024-01-27 11:16:04","4","0","0","4"
"18703492","657","240","61","","0","0","0","0"
"18704952","1606","240","73","2023-09-13 11:53:21","1","0","0","1"
"18713637","695","239","39","","0","0","0","0"
"18716297","699","239","20","2024-01-22 23:11:25","4","1","0","3"
"18718761","1330","239","60","","0","0","0","0"
"18721948","1786","238","61","","0","0","0","0"
"18723343","567","238","5","","0","0","0","0"
"18730707","878","237","14","2023-02-04 11:24:19","2","2","0","0"
"18736053","505","237","12","2023-03-15 10:43:41","1","1","0","0"
"18744963","793","236","101","2023-06-16 05:12:05","9","7","2","0"
"18749472","639","236","5","2023-11-11 18:19:11","4","1","1","2"
"18750808","545","236","22","2023-12-12 00:17:57","7","0","1","6"
"18766888","1355","233","5","2024-01-07 16:59:36","4","0","2","2"
"18770572","697","233","48","","0","0","0","0"
"18775765","536","233","46","2023-12-10 19:13:03","8","0","7","1"
"18781246","1022","232","36","2024-01-25 16:30:23","23","1","15","7"
"18781306","1198","232","87","2023-08-17 06:23:58","8","7","0","1"
"18782190","623","974","14","2024-01-11 13:04:00","3","2","0","1"
"18785085","522","232","44","","0","0","0","0"
"18800855","500","230","58","2023-05-11 10:37:38","3","0","3","0"
"18806558","670","230","92","2024-01-04 05:34:41","6","0","0","6"
"18811731","536","229","51","","0","0","0","0"
"18817235","1466","229","25","2024-01-31 10:55:19","14","1","4","9"
"18858169","520","225","44","2023-11-21 11:22:17","2","0","0","2"
"18858864","587","225","17","2024-01-08 10:47:35","11","1","4","6"
"18861247","855","225","62","","0","0","0","0"
"18867913","910","225","8","2024-01-02 10:25:34","6","2","1","3"
"18877953","780","224","19","2023-07-27 11:26:46","17","3","14","0"
"18882226","506","224","16","","0","0","0","0"
"18882806","509","224","7","2023-03-30 19:32:07","6","6","0","0"
"18883443","634","224","6","","0","0","0","0"
"18883822","815","224","26","2023-04-24 20:24:50","2","2","0","0"
"18885543","741","224","41","","0","0","0","0"
"18891587","993","223","49","2023-08-30 13:58:54","8","1","6","1"
"18892749","1025","223","85","","0","0","0","0"
"18897256","763","223","54","","0","0","0","0"
"18907155","545","222","28","","0","0","0","0"
"18909214","1068","222","46","2023-06-19 15:58:49","2","0","2","0"
"18918586","826","221","16","2023-09-27 13:29:15","4","2","0","2"
"18935775","709","219","88","","0","0","0","0"
"18938956","1200","219","69","","0","0","0","0"
"18950910","805","218","57","2023-08-18 13:39:59","5","0","2","3"
"18960736","1754","217","28","2024-01-15 02:35:09","35","15","10","10"
"18961814","1710","217","14","2023-07-11 18:02:02","2","1","1","0"
"18965981","838","217","40","2024-01-04 12:28:52","4","0","3","1"
"18968956","694","217","55","","0","0","0","0"
"18969520","581","217","9","2023-08-23 13:51:33","10","6","2","2"
"18969611","1224","217","59","2023-09-25 18:09:46","5","0","1","4"
"18973005","746","216","25","2023-12-04 07:05:42","8","3","1","4"
"18980756","1467","216","86","","0","0","0","0"
"18981385","688","216","16","2023-09-10 21:12:04","11","4","0","7"
"18994679","523","215","35","2023-07-14 16:24:19","3","0","3","0"
"19004390","533","214","32","2023-03-01 20:18:35","1","1","0","0"
"19010882","535","213","11","2023-05-21 16:24:27","4","1","3","0"
"19017297","503","212","40","","0","0","0","0"
"19022467","562","211","53","2023-05-19 20:00:59","3","1","2","0"
"19027584","1130","211","51","","0","0","0","0"
"19032206","1954","210","93","2023-11-21 05:18:10","3","0","0","3"
"19033492","578","210","5","2024-01-21 10:12:39","10","0","3","7"
"19041437","502","209","40","","0","0","0","0"
"19043534","1616","209","90","2023-10-06 21:02:03","27","19","0","8"
"19046340","1419","209","86","","0","0","0","0"
"19046509","540","209","6","2024-01-16 01:46:25","36","30","2","4"
"19059974","1904","207","81","","0","0","0","0"
"19060284","537","207","22","2023-11-24 06:29:21","1","0","0","1"
"19062779","880","207","25","2023-12-17 20:57:55","7","3","3","1"
"19064525","596","207","64","","0","0","0","0"
"19069334","1176","206","30","2023-09-12 13:08:05","7","4","1","2"
"19070573","1128","206","24","2023-03-11 23:22:14","7","7","0","0"
"19075135","514","205","21","","0","0","0","0"
"19075433","1360","205","86","2023-12-20 14:28:29","7","4","0","3"
"19075465","738","205","23","2023-05-14 14:06:35","9","8","1","0"
"19075771","1529","205","81","","0","0","0","0"
"19080288","601","205","52","","0","0","0","0"
"19092053","527","203","35","","0","0","0","0"
"19094667","517","203","23","2023-05-11 23:47:59","1","0","1","0"
"19098393","720","202","20","","0","0","0","0"
"19099302","1011","202","33","2024-01-23 16:00:01","11","0","0","11"
"19099618","723","202","25","2023-10-16 14:22:39","16","1","6","9"
"19106705","870","201","16","2023-10-11 02:30:02","8","5","1","2"
"19109755","689","201","9","2024-01-11 10:26:40","11","0","0","11"
"19110432","674","201","15","2023-11-02 11:32:00","1","0","0","1"
"19110927","683","201","14","2023-12-22 21:59:14","18","5","12","1"
"19111113","625","201","10","2023-02-10 11:55:03","2","2","0","0"
"19112294","865","201","40","","0","0","0","0"
"19115089","614","200","14","","0","0","0","0"
"19117009","839","200","6","2023-08-30 14:14:17","19","6","10","3"
"19117401","809","200","80","","0","0","0","0"
"19122053","1819","199","60","2024-01-30 23:45:22","8","0","0","8"
"19122402","531","199","19","2024-01-26 15:33:50","2","0","0","2"
"19124959","718","198","6","","0","0","0","0"
"19136437","572","197","8","2023-02-28 10:56:56","4","4","0","0"
"19140003","985","197","84","2023-08-10 21:09:04","3","0","2","1"
"19142123","547","196","16","2023-08-07 19:23:31","6","1","0","5"
"19144006","881","196","53","2023-02-14 23:57:04","1","1","0","0"
"19145368","1058","196","44","2023-09-04 15:28:21","1","0","0","1"
"19149648","1377","195","7","","0","0","0","0"
"19151266","612","195","21","2023-07-03 08:18:01","32","28","4","0"
"19151717","1550","195","57","2023-11-13 09:18:33","50","20","18","12"
"19160227","840","194","55","","0","0","0","0"
"19165706","977","193","66","2023-06-21 16:47:26","2","0","2","0"
"19169296","641","193","8","2023-12-14 06:23:50","22","13","7","2"
"19175002","878","192","7","","0","0","0","0"
"19181173","816","191","13","2023-09-12 07:20:54","4","0","3","1"
"19189183","1368","190","97","","0","0","0","0"
"19198552","742","189","8","2024-01-25 17:13:29","18","8","3","7"
"19201926","534","189","23","2024-01-18 11:40:18","11","1","5","5"
"19206079","1493","188","9","2024-01-24 17:53:33","60","48","3","9"
"19209151","586","188","37","2023-05-06 22:07:09","1","0","1","0"
"19213725","1479","187","107","","0","0","0","0"
"19224040","609","185","6","2023-08-19 18:37:36","31","10","20","1"
"19226936","506","185","19","","0","0","0","0"
"19229284","1722","184","45","2024-01-03 16:32:43","93","39","28","26"
"19229290","589","184","32","","0","0","0","0"
"19232446","868","184","26","2023-03-18 10:53:39","3","3","0","0"
"19234424","501","184","61","2023-02-14 21:22:01","3","3","0","0"
"19235697","593","184","37","2023-09-07 14:52:59","1","0","0","1"
"19238131","1055","183","22","2023-07-19 06:41:06","5","0","5","0"
"19246531","1219","182","76","2024-01-25 13:56:19","21","0","8","13"
"19249364","1080","182","38","2023-03-01 23:07:58","1","1","0","0"
"19261326","1917","180","115","","0","0","0","0"
"19263161","1818","180","95","2023-04-29 08:37:54","1","1","0","0"
"19264249","964","180","67","2024-01-09 12:57:49","55","11","11","33"
"19270168","1194","179","18","2023-10-05 07:31:31","8","0","7","1"
"19276472","720","178","7","2023-11-16 13:52:17","6","3","1","2"
"19290739","1044","176","5","2023-06-16 09:55:33","2","1","1","0"
"19292778","1077","176","62","2023-12-19 10:07:03","54","25","21","8"
"19295948","691","175","45","","0","0","0","0"
"19298921","1323","175","82","","0","0","0","0"
"19299323","646","175","39","","0","0","0","0"
"19301214","962","175","38","","0","0","0","0"
"19303836","1218","174","86","2023-05-17 13:25:37","21","17","4","0"
"19314284","1023","173","34","2024-01-28 14:56:35","12","0","2","10"
"19317939","1664","172","30","2024-01-26 17:20:27","5","0","1","4"
"19322069","562","171","24","","0","0","0","0"
"19322223","1294","171","60","2023-05-01 03:15:08","2","1","1","0"
"19326039","516","171","17","","0","0","0","0"
"19330634","676","170","43","2023-05-05 12:24:05","3","0","3","0"
"19330762","705","170","23","2023-10-03 14:05:06","3","2","0","1"
"19346101","916","168","41","2024-01-03 16:57:49","56","0","13","43"
"19349390","634","167","15","","0","0","0","0"
"19349670","863","1133","44","2023-02-26 16:38:53","1","1","0","0"
"19350100","583","167","54","2023-02-06 16:12:17","1","1","0","0"
"19352997","605","167","20","","0","0","0","0"
"19354807","546","167","13","2023-06-23 08:33:01","41","2","39","0"
"19355951","638","166","12","2023-02-16 03:54:43","1","1","0","0"
"19356117","1115","166","7","2023-09-17 07:52:25","1","0","0","1"
"19361853","507","166","5","2023-06-10 14:52:11","2","1","1","0"
"19361936","1191","166","33","2023-05-20 03:31:23","3","2","1","0"
"19365821","1325","165","144","2023-09-11 16:33:11","2","1","0","1"
"19368926","652","164","51","","0","0","0","0"
"19371698","1585","163","26","2023-06-30 21:29:02","74","38","36","0"
"19371701","729","163","27","","0","0","0","0"
"19371728","842","163","15","2023-07-20 19:40:33","77","34","43","0"
"19372058","1333","163","18","2024-01-24 17:51:19","61","16","14","31"
"19373759","725","163","39","","0","0","0","0"
"19378437","836","163","9","2024-01-30 23:12:18","90","15","20","55"
"19378826","1375","162","32","2024-01-23 15:29:53","124","26","44","54"
"19380738","1081","162","14","","0","0","0","0"
"19381612","1124","162","6","2023-03-02 15:01:00","1","1","0","0"
"19386398","655","162","14","2023-10-13 22:15:59","6","2","3","1"
"19386576","608","162","10","","0","0","0","0"
"19392194","593","161","15","2023-03-27 09:56:56","7","7","0","0"
"19397457","1450","160","99","","0","0","0","0"
"19399896","737","160","39","2023-10-22 22:33:04","4","2","1","1"
"19405704","580","159","6","2023-02-14 19:19:49","2","2","0","0"
"19408037","1449","159","46","2024-01-17 08:54:09","28","19","6","3"
"19413118","1018","158","53","2023-03-12 00:52:13","1","1","0","0"
"19413610","774","158","7","2023-12-26 06:13:02","6","1","1","4"
"19415920","612","158","37","2024-01-13 19:39:18","4","0","0","4"
"19416209","900","158","17","2023-12-29 08:32:21","10","0","0","10"
"19417933","1502","157","5","2023-09-21 08:49:43","5","3","1","1"
"19423158","600","156","39","2023-08-18 05:41:01","34","1","32","1"
"19424491","640","156","29","2023-03-05 10:17:08","1","1","0","0"
"19426778","890","156","67","2024-01-25 12:30:02","39","2","32","5"
"19430638","1364","155","22","2023-06-26 22:13:07","41","16","25","0"
"19431815","1165","155","44","2023-05-01 12:47:35","8","7","1","0"
"19432804","1378","155","106","","0","0","0","0"
"19438577","542","155","10","2023-09-15 20:12:50","13","12","0","1"
"19439029","771","155","5","","0","0","0","0"
"19440771","832","154","56","2023-03-31 06:39:52","1","1","0","0"
"19443941","1233","154","26","2024-01-15 10:37:50","33","9","9","15"
"19446851","1129","154","35","2024-01-16 20:15:54","15","1","9","5"
"19450576","1347","153","43","2024-01-16 09:31:21","7","0","2","5"
"19451633","1738","153","55","2023-10-18 10:57:39","4","0","1","3"
"19454183","502","153","13","","0","0","0","0"
"19456724","878","152","154","","0","0","0","0"
"19461620","1686","152","21","","0","0","0","0"
"19464809","552","151","24","","0","0","0","0"
"19471648","506","150","21","2023-08-08 11:11:07","4","0","3","1"
"19477982","596","149","27","2023-08-24 13:22:13","1","0","0","1"
"19483429","701","148","8","2023-04-02 17:59:26","1","1","0","0"
"19487551","874","148","11","2024-01-30 21:29:44","35","9","3","23"
"19490330","510","148","28","2024-01-02 16:55:22","27","8","8","11"
"19493508","1539","147","29","2023-11-25 15:47:28","36","11","12","13"
"19493651","587","147","24","","0","0","0","0"
"19498660","1216","146","22","2024-01-22 23:06:01","19","6","5","8"
"19499461","578","146","35","2023-02-22 21:07:41","2","2","0","0"
"19499808","1191","146","43","2023-11-20 08:12:30","23","18","4","1"
"19500804","1603","146","6","2023-09-20 10:09:54","1","0","0","1"
"19502363","1746","146","8","2023-10-27 13:03:02","28","26","1","1"
"19508712","673","145","53","2023-11-23 02:07:07","9","0","2","7"
"19508866","526","145","38","","0","0","0","0"
"19514458","1420","144","72","2024-01-11 09:25:24","15","7","6","2"
"19518065","636","144","26","","0","0","0","0"
"19521838","657","143","40","2023-10-24 17:26:05","14","7","3","4"
"19522034","582","143","25","2023-03-15 13:36:11","1","1","0","0"
"19523897","603","142","65","","0","0","0","0"
"19526570","898","142","20","","0","0","0","0"
"19527228","832","142","7","2023-06-30 15:08:33","3","1","2","0"
"19529102","1319","142","50","2023-12-18 09:10:12","35","8","19","8"
"19532847","650","141","43","","0","0","0","0"
"19533532","528","141","20","2023-05-01 21:52:43","2","1","1","0"
"19533962","779","141","26","","0","0","0","0"
"19540111","1044","140","33","","0","0","0","0"
"19540575","707","140","28","2023-08-10 08:23:25","11","0","0","11"
"19546048","1248","139","14","2024-01-31 06:12:37","70","5","0","65"
"19546301","669","139","47","","0","0","0","0"
"19562526","869","137","6","","0","0","0","0"
"19563384","509","137","15","2023-10-26 01:32:32","2","0","0","2"
"19563468","530","137","23","","0","0","0","0"
"19572222","1936","135","5","2023-08-18 04:43:25","11","5","0","6"
"19574157","1017","135","123","2023-10-23 18:55:34","34","3","2","29"
"19574336","849","135","16","2023-09-18 11:17:28","5","3","0","2"
"19580297","1532","134","66","2024-01-10 11:04:11","64","32","20","12"
"19580355","953","134","31","2023-12-21 22:41:41","2","1","0","1"
"19587288","1189","133","38","2023-09-22 11:23:13","12","8","2","2"
"19589534","1182","133","49","2023-03-16 21:30:02","1","1","0","0"
"19593035","738","132","12","2023-09-07 08:50:52","31","0","23","8"
"19593797","1122","132","10","","0","0","0","0"
"19595490","559","132","38","2023-03-22 08:22:33","1","1","0","0"
"19602586","563","131","11","2023-04-03 20:59:30","3","3","0","0"
"19602805","1480","131","23","2023-07-26 12:23:46","61","34","27","0"
"19617075","1145","128","45","","0","0","0","0"
"19618315","505","128","25","2023-04-02 13:56:47","3","3","0","0"
"19622195","592","127","12","2023-11-13 05:16:49","19","9","1","9"
"19625365","819","127","18","2023-03-09 14:29:52","3","3","0","0"
"19625832","1621","127","58","2023-07-18 13:14:20","18","3","15","0"
"19625920","628","127","9","2023-12-04 14:11:20","1","0","0","1"
"19633045","1007","126","13","2023-05-24 13:23:04","3","2","1","0"
"19641151","763","125","12","2023-07-12 12:42:05","5","1","4","0"
"19643588","501","125","13","","0","0","0","0"
"19646183","532","124","34","2023-05-10 12:22:23","6","5","1","0"
"19656174","534","123","17","2023-02-14 21:43:13","2","2","0","0"
"19661530","664","122","59","2023-11-27 16:25:25","8","0","3","5"
"19662289","858","121","40","2023-05-06 18:58:55","8","7","1","0"
"19665498","657","121","12","2023-07-28 07:33:00","18","0","18","0"
"19667973","734","121","25","","0","0","0","0"
"19674402","551","120","10","2023-05-12 08:39:03","1","0","1","0"
"19679063","507","119","9","2023-11-15 17:36:54","7","2","1","4"
"19716678","580","114","53","","0","0","0","0"
"19720935","931","114","9","","0","0","0","0"
"19727901","781","113","29","2024-01-26 18:04:43","7","0","0","7"
"19730031","1252","113","34","2023-08-14 03:30:38","17","13","3","1"
"19733965","514","112","11","2023-11-30 20:03:49","5","1","0","4"
"19734178","752","112","5","2024-01-04 14:54:55","2","0","0","2"
"19742146","1234","111","45","2024-01-31 10:13:26","12","6","1","5"
"19749525","505","110","14","2023-12-18 10:18:52","8","0","1","7"
"19756585","564","109","32","","0","0","0","0"
"19757319","875","109","34","2023-04-29 07:28:35","11","11","0","0"
"19758138","518","109","36","2023-05-07 18:49:50","3","2","1","0"
"19760971","857","108","6","2023-12-23 15:46:25","4","0","0","4"
"19768317","723","107","43","","0","0","0","0"
"19772221","816","106","30","2023-10-10 09:15:09","21","7","12","2"
"19787626","754","105","17","2024-01-09 21:20:20","52","21","19","12"
"19787814","515","105","14","2023-02-04 22:36:09","13","13","0","0"
"19794255","558","104","7","","0","0","0","0"
"19801869","862","103","41","2023-03-28 09:21:30","4","4","0","0"
"19818461","1922","100","15","2023-10-10 12:32:49","63","38","17","8"
"19825642","945","99","28","2023-12-05 06:04:40","6","3","1","2"
"19826605","572","99","44","","0","0","0","0"
"19827373","598","99","5","","0","0","0","0"
"19838445","780","98","5","2023-04-18 09:33:45","1","1","0","0"
"19840875","718","98","22","2023-05-09 18:23:29","5","3","2","0"
"19850415","507","96","10","","0","0","0","0"
"19853802","587","96","23","2023-04-13 15:36:02","10","10","0","0"
"19867375","723","93","50","","0","0","0","0"
"19873077","574","93","7","2024-01-29 06:24:27","20","4","7","9"
"19875838","812","92","8","2024-01-31 01:43:03","53","0","0","53"
"20260285","1420","2130","6","2023-04-30 11:17:09","1","1","0","0"
"21183551","641","255","19","2023-11-30 17:53:20","4","1","2","1"
"22006434","922","893","22","2023-12-31 14:37:49","13","0","3","10"