UserId,Reputation,AccountAgeDays,PreAnsCount,LastAnswerAfter,PostAnsTotal,Ans_0_3,Ans_3_6,Ans_6_12
"202","8375","5232","16","","0","0","0","0"
"548","2465","5229","5","2023-05-22 18:55:52","1","0","1","0"
"1013","7203","5224","6","2024-01-11 14:32:35","4","2","1","1"
"1024","2416","5224","45","2023-04-09 00:03:06","5","5","0","0"
"1346","3246","5221","5","2023-04-11 22:13:05","2","2","0","0"
"2266","6278","5214","6","2023-08-29 12:01:13","1","0","0","1"
"2420","5006","5213","7","2023-03-06 18:13:45","1","1","0","0"
"2785","5368","5210","8","2023-10-16 21:42:20","2","1","0","1"
"3121","8609","5209","5","","0","0","0","0"
"3234","3241","5208","16","","0","0","0","0"
"4322","7158","5202","7","2024-01-20 18:05:13","2","0","1","1"
"4372","2843","5201","20","2023-04-19 06:20:36","2","2","0","0"
"4389","2664","5201","7","2023-11-30 15:30:38","2","1","0","1"
"6206","3220","5192","7","2023-11-10 20:52:02","15","9","3","3"
"6713","8153","5189","5","2023-02-26 14:55:26","1","1","0","0"
"7141","8442","5189","14","2023-04-12 20:09:16","1","1","0","0"
"7453","9660","5189","10","2023-04-28 19:51:11","2","2","0","0"
"8831","5887","5189","7","2023-11-08 12:26:10","4","1","0","3"
"10161","3284","5189","5","2023-11-28 20:31:13","5","1","3","1"
"10474","9648","5189","21","2023-05-09 16:28:53","5","4","1","0"
"10562","4789","5189","13","2023-09-24 09:23:25","1","0","0","1"
"11414","7056","5188","5","2023-08-28 23:06:13","1","0","0","1"
"11451","4223","5188","14","2023-07-07 14:53:28","1","0","1","0"
"11461","5981","5188","5","","0","0","0","0"
"12679","4294","5188","18","2023-08-29 11:41:11","2","0","1","1"
"13338","8196","5188","5","","0","0","0","0"
"13562","2681","5188","17","","0","0","0","0"
"13729","9044","5188","5","2023-02-28 14:35:29","1","1","0","0"
"14692","2931","5187","22","2023-06-10 23:00:30","1","0","1","0"
"15127","8740","5187","24","2024-01-15 07:34:52","7","1","3","3"
"15366","2644","5187","6","","0","0","0","0"
"15647","8414","5187","6","2023-12-13 08:43:29","1","0","0","1"
"17419","6199","5186","6","2023-10-02 18:37:20","2","0","1","1"
"17487","6953","5186","11","2023-12-11 10:47:41","11","4","5","2"
"18177","4004","5186","20","2024-01-31 18:19:13","18","6","4","8"
"18603","2920","5185","5","2024-01-22 02:40:21","2","0","0","2"
"18735","3971","5185","5","2023-05-24 23:21:02","1","0","1","0"
"19038","7369","5185","7","2023-10-09 21:40:03","7","1","3","3"
"19317","3635","5185","7","2023-10-22 18:53:50","15","10","1","4"
"19450","9751","5184","6","2023-09-30 18:23:31","1","0","0","1"
"19520","5813","5184","5","2023-09-17 13:53:10","2","0","0","2"
"19816","4131","5183","6","2024-01-23 00:09:49","1","0","0","1"
"19880","7840","5183","50","2024-01-07 23:59:00","23","8","5","10"
"20195","2530","5182","5","2023-04-18 14:46:22","2","2","0","0"
"20444","6116","5182","28","","0","0","0","0"
"22917","3312","5177","5","2023-09-29 14:57:24","2","0","1","1"
"23054","5906","5177","10","2023-05-05 07:45:31","7","6","1","0"
"23607","7743","5175","6","2023-05-11 07:08:40","1","0","1","0"
"23850","9678","5174","5","","0","0","0","0"
"24447","6294","5172","24","2024-01-31 15:59:10","10","1","2","7"
"25406","4715","5168","5","","0","0","0","0"
"25466","2819","5168","15","2023-10-03 07:07:21","9","5","0","4"
"26877","6868","5164","5","2024-01-22 17:45:47","4","2","0","2"
"27922","5594","5160","7","","0","0","0","0"
"28106","4314","5159","5","","0","0","0","0"
"28190","8353","5159","6","2024-01-03 16:56:00","9","3","0","6"
"29467","7939","5154","10","2023-04-18 03:46:53","7","7","0","0"
"29470","9558","5154","58","2023-09-26 02:40:06","38","14","13","11"
"30383","6371","5152","16","2024-01-05 20:15:06","6","2","0","4"
"30933","7496","5151","8","2023-07-07 15:48:18","2","0","2","0"
"31045","3332","5150","5","2023-10-13 06:23:37","3","1","1","1"
"31319","3914","5150","5","","0","0","0","0"
"32352","5469","5145","31","2023-12-17 07:06:56","21","8","7","6"
"32458","8130","5145","5","2023-12-12 20:31:44","1","0","0","1"
"33905","4469","5139","17","2023-06-01 22:14:04","11","5","6","0"
"34170","9288","5139","7","","0","0","0","0"
"34369","3344","5139","5","2023-02-24 14:46:26","2","2","0","0"
"34989","7222","5137","19","2023-12-12 17:59:26","8","2","3","3"
"35323","2353","5136","6","2023-05-24 13:46:36","3","2","1","0"
"35696","8148","5135","5","","0","0","0","0"
"35812","6697","5135","9","2023-11-16 16:12:48","9","2","4","3"
"37083","2700","5131","8","","0","0","0","0"
"37706","4814","5129","5","2023-11-03 02:19:09","1","0","0","1"
"38729","4973","5125","6","2023-09-12 11:56:23","2","0","1","1"
"39296","4334","5123","31","2024-01-18 21:48:56","21","6","4","11"
"39827","6213","5122","22","","0","0","0","0"
"40952","7357","5117","10","2023-08-30 10:59:33","5","3","0","2"
"41169","8949","5117","16","2023-08-21 07:56:45","11","4","6","1"
"42580","4505","5111","12","","0","0","0","0"
"42809","6579","5110","5","2024-01-05 12:28:41","3","1","0","2"
"42962","5005","5110","7","2024-01-05 18:56:15","2","0","1","1"
"45687","3188","5101","11","2023-02-01 08:04:25","1","1","0","0"
"46616","5719","5097","6","2024-01-15 21:10:21","2","0","0","2"
"50003","4325","5084","15","2023-07-14 14:36:58","1","0","1","0"
"50911","2329","5080","8","2023-06-06 14:17:47","5","3","2","0"
"51127","7541","5079","5","2024-01-19 10:32:21","4","2","0","2"
"51560","5821","5077","13","2023-02-01 10:51:00","1","1","0","0"
"54783","5024","5069","5","2023-12-21 01:43:43","3","0","0","3"
"55350","5571","5067","8","2023-03-27 20:26:33","1","1","0","0"
"55870","7452","5066","5","2023-04-26 03:05:54","1","1","0","0"
"57091","9808","5062","5","2023-04-11 12:10:45","3","3","0","0"
"58001","5512","5060","5","","0","0","0","0"
"58678","5195","5058","5","2023-11-14 03:37:06","4","0","0","4"
"58962","8162","5056","7","2023-11-28 17:46:52","4","3","0","1"
"59081","5563","5056","17","2023-06-07 08:20:40","6","5","1","0"
"60340","9208","5053","8","2023-12-13 11:37:10","33","0","15","18"
"60593","8039","5052","6","","0","0","0","0"
"61779","4774","5048","15","2023-03-24 19:31:19","2","2","0","0"
"61818","8868","5048","5","","0","0","0","0"
"62838","4233","5046","5","2023-04-18 14:18:09","1","1","0","0"
"63286","3638","5045","5","2023-08-18 16:17:42","6","3","1","2"
"63437","5472","5045","37","2023-12-11 17:03:23","10","6","0","4"
"63965","2347","5043","8","2023-04-20 11:15:10","5","5","0","0"
"65681","8709","5039","20","2024-01-31 17:51:50","38","14","6","18"
"66766","2156","5035","25","","0","0","0","0"
"67167","4150","5034","108","2023-12-10 14:02:17","13","2","9","2"
"68534","8036","5032","6","","0","0","0","0"
"69358","6822","5030","8","2023-10-18 16:58:10","2","1","0","1"
"69663","4923","5029","6","2023-11-22 13:10:01","2","0","1","1"
"69798","2168","5028","5","2024-01-19 22:53:21","3","0","0","3"
"69966","5661","5028","7","","0","0","0","0"
"73764","6815","5019","110","2023-12-07 14:24:32","27","5","16","6"
"74057","4582","5018","7","2023-05-25 19:39:35","2","1","1","0"
"74435","6887","5018","6","2024-01-18 19:22:55","5","0","1","4"
"74890","4070","5017","7","","0","0","0","0"
"75028","4879","5016","9","","0","0","0","0"
"75129","9125","5016","6","2024-01-04 19:18:00","2","0","0","2"
"75838","7793","5014","27","2023-12-11 14:46:23","33","15","4","14"
"77249","2865","5011","6","2024-01-16 08:04:08","2","0","1","1"
"80075","7380","5196","19","2023-09-16 00:57:31","6","3","1","2"
"80544","5161","5003","6","","0","0","0","0"
"81444","8183","5000","8","2024-01-25 14:17:20","9","6","0","3"
"82303","8968","4999","6","2023-09-12 14:57:49","3","2","0","1"
"82681","3559","4998","18","2023-12-27 06:10:05","10","2","3","5"
"82708","3903","4998","6","2023-03-13 22:59:02","3","3","0","0"
"83037","2288","4997","10","2024-01-05 19:33:16","5","3","1","1"
"83839","7108","4996","10","2023-06-07 14:48:15","5","2","3","0"
"83938","9540","4995","5","2023-11-08 15:57:48","2","1","0","1"
"84538","9457","4993","6","2024-01-20 10:21:03","38","12","18","8"
"84540","9791","4993","5","2023-09-28 00:55:44","1","0","0","1"
"85269","3440","4992","5","2023-08-18 22:16:05","3","1","0","2"
"85696","3480","4991","19","2023-02-27 12:12:30","1","1","0","0"
"85927","7060","4991","18","2024-01-30 21:20:40","19","8","2","9"
"87043","7471","4988","15","2023-11-13 12:20:41","7","2","3","2"
"87713","4780","4986","246","2023-03-05 19:54:44","1","1","0","0"
"90096","7513","4979","6","","0","0","0","0"
"90802","6989","4978","7","2023-10-27 22:15:41","12","3","3","6"
"93105","2250","4972","7","","0","0","0","0"
"93745","4376","4971","5","","0","0","0","0"
"93812","9937","4971","10","","0","0","0","0"
"96201","8399","4966","27","2024-01-25 12:35:18","15","7","5","3"
"96313","5570","4966","6","2023-12-25 09:53:59","10","3","2","5"
"97524","6612","4963","5","2023-10-28 17:52:39","1","0","0","1"
"97803","2290","4963","7","2023-11-29 22:47:56","4","0","1","3"
"98044","8469","4963","12","","0","0","0","0"
"100214","8205","4959","41","2024-01-06 00:35:36","4","1","0","3"
"100856","4817","4958","7","2023-11-22 00:02:36","3","1","1","1"
"101909","6954","4957","5","2023-08-30 00:03:13","3","1","0","2"
"102238","9249","4956","45","2023-12-05 13:52:36","11","0","7","4"
"102792","8396","4955","5","2023-09-05 11:21:49","1","0","0","1"
"104237","7091","4952","5","","0","0","0","0"
"105101","2665","4950","6","2023-11-02 16:21:54","2","0","0","2"
"105886","6688","4949","30","2023-11-16 19:24:26","6","1","0","5"
"106528","8977","4949","7","2023-02-15 12:24:39","1","1","0","0"
"106865","2460","4948","7","2024-01-21 09:44:43","8","2","1","5"
"107626","4422","4947","46","2024-01-13 09:53:04","25","10","5","10"
"108326","6736","4945","17","","0","0","0","0"
"108538","8085","4945","36","2024-01-15 10:26:54","34","14","9","11"
"108574","5829","4944","5","","0","0","0","0"
"108797","7804","4944","18","2023-11-01 20:48:08","14","5","4","5"
"109219","4933","4943","6","2024-01-05 21:06:48","5","1","2","2"
"110570","6032","4941","15","","0","0","0","0"
"111604","6924","4939","7","","0","0","0","0"
"112818","6822","4936","25","","0","0","0","0"
"113659","7171","4934","7","","0","0","0","0"
"114558","9303","4933","12","2023-02-25 01:04:54","1","1","0","0"
"117284","4558","4927","6","","0","0","0","0"
"118608","6163","4925","5","2023-08-21 12:54:56","1","0","0","1"
"118862","6566","4924","7","2024-01-25 10:53:45","3","0","0","3"
"119314","5873","4923","34","2023-09-20 17:30:28","22","8","8","6"
"120290","2759","4921","6","2023-09-01 15:28:09","1","0","0","1"
"120603","5463","4921","9","2023-12-07 13:01:13","31","15","7","9"
"121626","2860","4920","8","","0","0","0","0"
"121676","4105","4920","6","2023-08-03 15:40:45","3","0","2","1"
"121956","5638","4919","51","2024-01-30 11:05:31","10","2","0","8"
"122230","3058","4919","5","2023-02-14 20:42:09","2","2","0","0"
"123545","6425","4915","11","2024-01-03 21:04:46","4","0","0","4"
"123623","3131","4915","11","2023-04-28 10:41:17","1","1","0","0"
"123802","6887","4915","16","2023-12-08 20:28:19","6","1","0","5"
"125032","6069","4913","12","","0","0","0","0"
"125938","7423","4912","5","2023-10-27 14:35:41","5","0","4","1"
"126537","5134","4910","7","","0","0","0","0"
"126833","4361","4909","10","2023-04-21 11:34:56","1","1","0","0"
"127259","2587","4908","9","","0","0","0","0"
"127427","3095","4913","5","2023-06-09 11:16:12","1","0","1","0"
"127497","6737","4908","56","2023-11-07 21:52:40","1","0","0","1"
"127508","8944","4908","6","2024-01-08 11:46:35","14","4","0","10"
"127670","6264","4908","7","2023-07-14 11:05:02","2","0","2","0"
"127839","2222","4908","24","2023-07-10 08:53:18","3","2","1","0"
"127928","5447","4908","5","","0","0","0","0"
"128761","4815","4906","64","2024-01-19 03:52:37","2","0","0","2"
"130230","3882","4902","5","","0","0","0","0"
"130304","4750","4902","9","","0","0","0","0"
"131552","4645","4900","5","","0","0","0","0"
"132319","2265","4899","5","2023-12-04 23:58:38","2","0","0","2"
"133330","2595","4896","7","2023-10-24 12:36:25","5","1","2","2"
"134044","4114","4894","7","2023-12-01 11:02:54","14","9","2","3"
"134120","3291","4894","8","2024-01-18 12:54:30","7","2","2","3"
"134850","5403","4893","29","2023-11-03 14:14:01","8","2","3","3"
"135114","5185","4893","5","2023-03-22 14:19:22","1","1","0","0"
"135160","3857","4893","5","2024-01-14 11:19:06","1","0","0","1"
"135701","4492","4892","5","","0","0","0","0"
"135807","5407","4892","5","2023-08-08 18:11:18","2","1","0","1"
"137071","7420","4889","13","2023-09-12 12:13:50","6","3","2","1"
"139794","6344","4885","5","2023-11-22 16:30:56","4","2","0","2"
"140358","2803","4884","6","2024-01-18 19:32:39","8","1","1","6"
"140927","2026","4882","5","","0","0","0","0"
"141801","7528","4880","5","2023-06-23 08:41:32","2","1","1","0"
"142182","4700","4880","5","","0","0","0","0"
"142233","6156","4880","6","2023-12-30 08:42:13","3","1","0","2"
"142237","6586","4880","5","","0","0","0","0"
"143931","8482","4878","7","2023-02-14 10:46:37","1","1","0","0"
"144578","6429","4877","16","2023-11-30 05:41:35","8","0","5","3"
"145364","5309","4875","9","2023-08-23 18:25:54","3","2","0","1"
"145504","4503","4874","20","2024-01-13 23:48:07","8","4","1","3"
"145537","6375","4874","16","","0","0","0","0"
"147380","6331","4872","5","","0","0","0","0"
"147637","7084","4871","11","","0","0","0","0"
"148298","9664","4870","5","2023-07-18 18:19:32","1","0","1","0"
"149900","7041","4867","14","2023-12-15 02:27:44","4","1","1","2"
"150015","4696","4867","11","2023-02-09 16:00:25","1","1","0","0"
"151150","4471","4865","8","","0","0","0","0"
"151453","3881","4864","5","2023-06-05 07:41:47","3","1","2","0"
"152711","7555","4863","5","2024-01-08 13:52:13","4","2","1","1"
"153610","4631","4860","5","2024-01-05 22:06:30","1","0","0","1"
"154603","6034","4859","6","2023-03-03 19:17:05","1","1","0","0"
"154978","2037","4858","6","2024-01-12 08:13:20","1","0","0","1"
"155035","3188","4858","22","2023-02-18 12:22:25","1","1","0","0"
"155687","2093","4857","5","2023-11-08 16:18:33","5","1","2","2"
"155791","2349","4857","6","2023-11-24 08:50:50","2","1","0","1"
"157045","4308","4855","16","2023-03-08 22:18:45","1","1","0","0"
"157675","2557","4853","6","2023-05-18 03:46:13","3","1","2","0"
"158069","2975","4853","6","2023-11-30 23:56:19","2","0","0","2"
"159365","5041","4851","32","2024-01-15 19:07:22","17","8","1","8"
"159548","8272","4851","69","2024-01-30 14:07:27","45","18","7","20"
"160774","8661","4849","8","","0","0","0","0"
"160829","6264","4849","6","2023-07-30 11:22:29","2","0","2","0"
"163640","9256","4844","21","2023-08-29 13:58:31","5","0","1","4"
"164864","2823","4842","31","2024-01-19 14:19:10","17","3","1","13"
"164925","9411","4842","13","2023-10-21 14:04:27","11","6","1","4"
"165292","8738","4841","6","","0","0","0","0"
"165494","2265","4840","5","2023-04-15 14:15:26","2","2","0","0"
"165806","7064","4839","42","2024-01-19 13:30:28","11","4","1","6"
"167813","5846","4836","24","2023-12-12 09:42:31","21","9","4","8"
"169012","4643","4834","8","","0","0","0","0"
"169274","6930","4833","7","","0","0","0","0"
"170339","6470","4831","14","","0","0","0","0"
"171846","7585","4828","6","","0","0","0","0"
"172272","4886","4828","5","2023-07-02 08:40:53","2","0","2","0"
"172690","7756","4826","10","2024-01-12 16:31:25","7","3","1","3"
"173322","8423","4825","7","","0","0","0","0"
"173623","8526","4824","5","2023-05-03 09:02:31","3","2","1","0"
"173852","8278","4824","11","2024-01-28 19:05:22","28","5","3","20"
"174445","5898","4823","7","2023-04-26 19:31:58","1","1","0","0"
"174843","9296","4822","68","2023-09-29 18:42:52","6","3","2","1"
"174921","2583","4822","6","2023-11-09 21:13:15","2","0","1","1"
"174955","2927","4822","8","","0","0","0","0"
"175554","5015","4821","19","2024-01-29 15:44:38","59","21","9","29"
"177154","5456","4817","7","2023-08-08 03:06:31","5","1","2","2"
"177819","4647","4816","42","","0","0","0","0"
"179545","7420","4813","5","2023-03-20 06:26:29","1","1","0","0"
"180697","3801","4811","7","","0","0","0","0"
"180962","5352","4810","5","2023-06-09 17:56:42","2","0","2","0"
"181174","7681","4810","7","","0","0","0","0"
"181556","7970","4809","19","2023-11-08 18:32:48","11","0","6","5"
"183005","2080","4807","7","","0","0","0","0"
"183763","2603","4806","7","2023-10-21 18:10:06","3","1","1","1"
"184201","5695","4804","9","2023-09-27 13:49:42","15","7","5","3"
"185055","2592","4803","27","","0","0","0","0"
"185510","3856","4802","5","2024-01-05 17:21:43","5","0","0","5"
"186046","3898","4801","9","2024-01-18 21:38:27","11","2","2","7"
"186580","6397","4801","11","2023-02-16 14:10:40","1","1","0","0"
"187223","3436","4800","6","2023-05-17 08:48:09","1","0","1","0"
"188138","2557","4798","5","2023-09-01 17:36:45","1","0","0","1"
"188473","5107","4797","15","2023-09-06 17:47:32","2","0","0","2"
"189018","2355","4796","5","","0","0","0","0"
"189090","4360","4796","9","","0","0","0","0"
"189418","8446","4796","9","2023-10-30 21:34:54","10","1","2","7"
"190042","5029","4795","19","2023-11-29 22:49:44","1","0","0","1"
"191275","2326","4793","16","","0","0","0","0"
"191761","6159","4792","16","2023-12-13 15:41:21","6","0","3","3"
"192798","6127","4789","5","2023-09-13 01:58:12","2","0","1","1"
"195124","2175","4786","5","","0","0","0","0"
"195636","6874","4786","21","2023-09-06 17:22:53","6","0","4","2"
"195787","5161","4785","8","2023-11-27 12:36:33","16","0","2","14"
"195812","2270","4785","8","2024-01-11 14:15:55","1","0","0","1"
"197141","4276","4782","5","","0","0","0","0"
"197962","3778","4781","5","2024-01-10 09:24:20","3","1","1","1"
"198040","4873","4781","10","","0","0","0","0"
"198301","8802","4781","5","","0","0","0","0"
"200794","2251","4776","5","2023-07-03 08:22:34","4","3","1","0"
"200985","7944","4776","17","2023-08-30 15:51:51","2","1","0","1"
"201042","8364","4776","5","2023-07-07 23:00:22","2","0","2","0"
"201990","2109","4775","5","2024-01-29 23:38:38","6","3","1","2"
"202553","9483","4774","6","2023-09-15 09:46:58","11","6","4","1"
"202914","4929","4774","5","","0","0","0","0"
"202969","2258","4774","8","2023-11-09 17:40:13","6","2","2","2"
"204620","2363","4772","8","2023-11-12 07:28:08","3","1","1","1"
"204968","2099","4772","5","2024-01-09 03:03:35","6","1","0","5"
"205546","4338","4771","5","2023-08-24 15:42:21","5","2","2","1"
"206404","8038","4770","19","2023-11-21 19:18:54","2","0","1","1"
"208013","8073","4768","16","","0","0","0","0"
"208581","4091","4767","6","","0","0","0","0"
"209129","2711","4767","8","2023-11-30 03:28:29","4","2","1","1"
"209288","7597","4766","17","2023-12-20 04:13:06","15","2","0","13"
"209942","2279","4766","5","","0","0","0","0"
"210085","5462","4765","9","2023-05-15 00:25:09","1","0","1","0"
"210867","8636","4764","6","2023-10-27 13:45:48","5","1","0","4"
"212264","6321","4762","6","2023-05-26 21:13:35","1","0","1","0"
"212435","4424","4762","36","2023-10-30 15:49:51","2","0","1","1"
"212649","4752","4761","11","2023-06-09 22:10:15","3","1","2","0"
"212774","3954","4761","8","2023-12-19 16:58:12","16","2","11","3"
"212869","5239","4761","32","2023-11-19 20:01:34","13","7","4","2"
"212889","7347","4761","13","2023-05-28 17:01:03","3","1","2","0"
"213050","3834","4761","5","","0","0","0","0"
"213114","5728","4761","9","2024-01-19 10:46:31","5","1","1","3"
"213371","5436","4761","5","2023-05-21 17:54:08","2","0","2","0"
"216248","2637","4757","20","2023-11-06 12:55:28","9","0","2","7"
"217666","5725","4754","15","2024-01-21 19:24:40","12","7","2","3"
"217844","9968","4754","6","2023-11-26 15:06:59","2","0","1","1"
"217909","2256","4754","8","","0","0","0","0"
"218408","3276","4753","7","2023-10-23 22:16:21","2","0","0","2"
"219072","5229","4752","5","2023-04-24 06:55:03","1","1","0","0"
"219153","8744","4752","5","2024-01-04 03:45:29","6","0","2","4"
"219222","2467","4752","5","2023-06-06 04:50:25","1","0","1","0"
"219519","5704","4752","7","2024-01-04 16:51:31","7","1","1","5"
"220040","2619","4751","32","2024-01-22 14:30:46","8","0","0","8"
"220765","8327","4749","30","2024-01-28 10:50:07","58","8","20","30"
"220997","6422","4749","16","2024-01-26 18:30:39","22","9","3","10"
"221007","2016","4749","7","","0","0","0","0"
"221166","3203","4748","10","","0","0","0","0"
"221631","8457","4748","46","","0","0","0","0"
"221794","9094","4747","5","2023-06-15 16:51:21","2","0","2","0"
"222189","2142","4747","5","2023-12-04 12:35:11","1","0","0","1"
"223752","7798","4745","33","2023-08-10 11:24:48","23","22","0","1"
"223960","8280","4745","10","2023-12-05 18:26:09","3","0","0","3"
"224254","5843","4745","24","2023-12-25 07:05:56","13","8","0","5"
"224734","4880","4744","8","2023-03-17 07:57:07","3","3","0","0"
"226118","2918","4741","8","2023-10-05 17:01:46","4","1","1","2"
"226513","2766","4741","9","2023-05-09 13:36:46","1","0","1","0"
"227294","5358","4766","10","","0","0","0","0"
"227711","2875","4739","10","2023-09-18 19:12:50","4","2","0","2"
"228371","8825","4739","6","2023-05-24 20:18:31","2","0","2","0"
"228738","2688","4738","5","2023-07-07 17:48:38","1","0","1","0"
"229250","4232","4738","5","2023-06-16 18:26:00","1","0","1","0"
"229326","2836","4737","23","2024-01-30 15:13:58","138","2","2","134"
"229743","4075","4737","15","2023-08-11 13:52:43","1","0","0","1"
"229864","2632","4737","6","2024-01-05 14:02:09","5","2","0","3"
"230055","9622","4736","26","2024-01-31 17:03:40","13","1","3","9"
"230833","2277","4735","48","","0","0","0","0"
"231125","4077","4734","18","2023-08-23 15:26:38","2","0","0","2"
"231238","3384","4734","13","2023-12-28 18:38:35","17","2","3","12"
"231740","5127","4733","5","2023-08-30 16:49:34","1","0","0","1"
"231762","9590","4733","37","2024-01-27 16:35:03","91","39","21","31"
"231839","4942","4733","6","2023-04-11 21:43:19","1","1","0","0"
"232519","2283","4733","15","2023-05-14 08:00:37","3","2","1","0"
"232649","5558","4732","6","2023-11-21 17:59:20","2","0","0","2"
"232710","4578","4732","12","2023-10-20 04:44:38","1","0","0","1"
"233347","5160","4732","11","","0","0","0","0"
"233365","3184","4732","5","2023-11-15 14:40:52","3","0","0","3"
"233382","2537","4732","15","","0","0","0","0"
"234110","6728","4742","15","2023-11-08 06:31:07","9","2","4","3"
"234440","2959","4730","15","2024-01-18 12:17:06","36","8","14","14"
"235019","9433","4729","7","2023-10-01 22:54:10","3","0","0","3"
"235146","7397","4729","6","2023-03-06 22:42:43","1","1","0","0"
"235548","5567","4728","14","2024-01-18 17:38:37","14","1","3","10"
"236062","9992","4727","15","2024-01-11 17:49:27","14","2","2","10"
"237012","4773","4726","5","","0","0","0","0"
"237222","2011","4726","8","2023-07-24 18:08:33","4","1","3","0"
"237740","3476","4997","7","2024-01-25 19:59:28","8","0","2","6"
"238074","2942","4724","6","2023-08-11 21:44:08","4","2","1","1"
"239101","9404","4721","18","2024-01-03 19:41:12","12","0","3","9"
"240385","3635","4719","5","2023-10-24 12:46:27","2","0","0","2"
"240845","4333","4718","5","","0","0","0","0"
"241153","8159","4718","9","2024-01-22 13:56:56","6","1","1","4"
"241164","9534","4718","10","2024-01-31 16:29:41","6","0","1","5"
"241211","9651","4718","5","2023-12-09 22:10:41","9","1","0","8"
"241552","9850","4717","8","2023-06-01 10:44:38","1","0","1","0"
"241740","2674","4717","14","2023-05-04 09:26:13","1","0","1","0"
"241899","3567","4716","14","","0","0","0","0"
"242021","6006","4716","7","2024-01-11 22:34:03","6","5","0","1"
"242189","9875","4715","6","2023-03-13 15:25:13","1","1","0","0"
"242278","8914","4715","6","2024-01-06 16:27:01","2","0","0","2"
"242365","8043","4715","9","2023-12-30 00:48:31","5","1","1","3"
"243303","2354","4713","5","","0","0","0","0"
"243493","3210","4713","8","2023-11-02 11:55:34","1","0","0","1"
"244136","4446","4712","21","2024-01-27 00:01:10","1","0","0","1"
"244930","2360","4711","9","2023-04-27 14:53:05","1","1","0","0"
"245790","6217","4710","6","2023-09-09 17:44:08","5","0","3","2"
"245858","5768","4710","5","","0","0","0","0"
"245915","3053","4710","5","","0","0","0","0"
"247245","6756","4708","5","","0","0","0","0"
"247451","4550","4707","9","2024-01-30 11:43:46","4","2","0","2"
"247869","9711","4706","9","2023-09-08 15:50:13","1","0","0","1"
"248567","9893","4705","12","2023-03-01 03:26:47","1","1","0","0"
"249097","3863","4705","7","2024-01-18 06:11:14","3","1","1","1"
"250517","6267","4703","5","2024-01-23 16:23:35","4","1","2","1"
"250975","4633","4703","10","2023-10-27 00:32:08","1","0","0","1"
"251267","8209","4704","12","2024-01-25 20:34:18","5","1","1","3"
"251859","4540","4702","29","","0","0","0","0"
"252025","7306","4701","7","2024-01-25 10:09:24","21","1","4","16"
"252858","4029","4699","15","","0","0","0","0"
"253065","2395","4699","19","2024-01-29 15:44:13","6","0","1","5"
"253127","2219","4699","12","2023-05-04 08:38:41","4","3","1","0"
"253961","9039","4698","11","2023-06-20 06:41:58","4","3","1","0"
"254343","9298","4698","9","2023-11-24 17:07:21","3","2","0","1"
"254915","3936","4697","5","2023-02-09 18:21:36","1","1","0","0"
"255243","9325","4697","20","2024-01-26 21:51:19","24","5","6","13"
"255966","9990","4696","21","2023-12-05 17:54:31","5","0","2","3"
"256170","2510","4696","6","","0","0","0","0"
"257470","8097","4694","12","2024-01-25 10:40:19","10","4","1","5"
"257561","9443","4694","11","2023-02-03 15:06:52","1","1","0","0"
"258986","6491","4691","7","2023-09-28 13:57:09","2","1","0","1"
"259538","7959","4691","6","2023-06-07 17:00:28","1","0","1","0"
"259592","3947","4691","6","2023-12-19 21:25:49","4","1","1","2"
"259686","2406","4690","6","2023-11-01 15:40:17","1","0","0","1"
"260313","8239","4690","181","2023-12-27 19:39:24","9","7","0","2"
"260516","6945","4690","15","2023-07-21 21:23:14","4","2","2","0"
"260675","5737","4689","6","","0","0","0","0"
"261010","8673","4689","24","2023-08-21 08:13:34","3","2","0","1"
"262748","5335","4686","5","2023-06-03 23:51:24","2","1","1","0"
"263801","5601","4685","6","2023-12-09 21:02:56","7","3","0","4"
"263858","7346","4685","5","2023-12-31 05:54:57","8","0","4","4"
"264022","4459","4684","6","2023-12-13 03:32:29","6","1","3","2"
"264031","9638","4684","5","2024-01-10 17:26:30","2","0","1","1"
"264294","4107","4684","7","2023-11-20 05:41:59","11","2","7","2"
"264822","9327","4684","9","2023-09-21 00:25:47","12","0","9","3"
"265954","4901","4682","7","2023-09-10 07:01:21","7","5","0","2"
"266254","5056","4682","19","2023-12-11 08:46:52","15","8","3","4"
"267280","4645","4681","5","","0","0","0","0"
"267455","2490","4681","6","2023-04-18 06:59:29","1","1","0","0"
"267693","3597","4680","5","2023-09-20 09:08:20","2","1","0","1"
"267874","2768","4680","6","2023-05-06 20:24:43","1","0","1","0"
"268581","9725","4678","9","2023-11-04 03:30:42","8","2","3","3"
"269931","2729","4676","9","","0","0","0","0"
"270155","6789","4676","9","2023-08-08 13:54:10","5","1","3","1"
"270592","9827","4676","27","2023-08-21 10:45:28","6","4","0","2"
"271450","4145","4675","13","2023-12-24 06:57:48","6","1","4","1"
"272478","3245","4673","5","2023-06-12 13:22:01","1","0","1","0"
"272689","4195","4672","5","","0","0","0","0"
"274030","9814","4670","46","2023-12-18 16:05:06","17","9","3","5"
"274460","8231","4670","9","2023-10-11 14:30:09","3","1","1","1"
"276168","3425","4668","23","2023-11-24 17:38:11","6","2","0","4"
"277128","9115","4667","15","2023-10-16 14:12:34","20","7","9","4"
"277332","2384","4667","15","2023-03-29 21:18:48","1","1","0","0"
"277700","2898","4666","10","","0","0","0","0"
"278403","2279","4664","5","2023-12-17 22:34:23","3","0","0","3"
"279147","4817","4663","8","2023-03-17 11:26:40","1","1","0","0"
"279236","5659","4663","11","2023-12-29 05:13:48","13","4","6","3"
"279738","8947","4663","13","2023-10-19 21:01:32","4","3","0","1"
"279806","5345","4663","21","2023-11-08 16:46:17","5","0","4","1"
"280473","4600","4662","12","2023-09-09 06:14:31","7","6","0","1"
"281221","7354","4661","18","2023-05-08 05:53:47","6","5","1","0"
"281274","2286","4661","5","","0","0","0","0"
"281657","4989","4661","6","2023-11-14 22:52:25","6","1","4","1"
"281965","8239","4660","30","2023-11-19 13:33:32","30","14","10","6"
"282694","6727","4659","10","2024-01-23 21:29:55","8","1","3","4"
"282901","4524","4658","6","","0","0","0","0"
"283787","5203","4657","5","2023-06-06 09:21:33","1","0","1","0"
"283895","6784","4657","10","2023-09-06 17:14:20","7","3","1","3"
"284013","2399","4656","11","2023-04-29 18:34:54","1","1","0","0"
"284285","7439","4656","6","2024-01-12 15:52:00","5","3","0","2"
"284895","5287","4655","6","2023-07-10 07:16:27","7","4","3","0"
"285678","8904","4655","9","2024-01-18 21:16:24","9","0","3","6"
"286807","4679","4653","50","2023-12-01 19:57:13","14","4","3","7"
"287476","7474","4653","69","2023-04-24 00:23:00","11","11","0","0"
"287812","2066","4652","16","2023-06-07 16:07:03","4","2","2","0"
"288096","7742","4651","29","2024-01-21 13:33:09","16","14","1","1"
"288201","8308","4651","7","2023-05-14 00:41:13","1","0","1","0"
"288564","5483","4650","15","","0","0","0","0"
"289784","4734","4649","23","2023-07-22 10:11:47","1","0","1","0"
"290460","9989","4648","9","2023-12-20 10:06:22","4","1","0","3"
"290580","3966","4648","7","2023-10-26 18:04:35","2","0","0","2"
"290910","7717","4648","106","2023-06-29 19:58:19","32","27","5","0"
"293147","9759","4645","10","2023-12-11 10:01:22","5","0","1","4"
"294552","6550","4642","6","","0","0","0","0"
"294836","2639","4642","10","2023-07-22 22:09:04","3","1","2","0"
"294884","9902","4642","63","2024-01-29 13:15:15","80","32","16","32"
"296555","3773","4640","23","2023-10-11 15:13:15","5","1","1","3"
"298103","2448","4638","22","2023-10-27 10:02:42","21","8","6","7"
"298182","6432","4855","11","2023-08-22 19:15:09","7","3","3","1"
"299774","6801","4635","17","2023-10-24 12:02:56","14","0","3","11"
"300664","2862","4634","27","2023-11-03 01:03:41","7","6","0","1"
"300741","8231","4634","15","2023-12-21 10:29:59","4","1","2","1"
"301166","8513","4634","10","2023-05-16 20:26:14","4","3","1","0"
"301514","5174","4633","7","2023-11-02 10:51:23","2","0","0","2"
"302003","5482","4707","22","","0","0","0","0"
"303484","3457","4630","19","2024-01-30 04:07:54","24","6","9","9"
"303723","5290","4630","6","2023-08-30 13:23:47","4","1","1","2"
"304090","6518","4629","17","2023-07-09 10:06:32","6","2","4","0"
"304266","4067","4629","8","2023-11-16 17:01:53","1","0","0","1"
"304645","4441","4629","11","2023-12-09 12:52:09","3","0","0","3"
"304955","5147","4628","7","2023-11-21 04:16:25","1","0","0","1"
"305020","9164","4628","37","2023-11-06 08:58:18","15","7","2","6"
"306323","3139","4627","5","","0","0","0","0"
"306351","2174","4627","9","2023-11-29 17:53:47","2","1","0","1"
"306999","9607","4649","5","","0","0","0","0"
"307944","4319","4625","6","2023-12-15 20:18:35","3","0","0","3"
"307968","2508","4625","14","2023-05-11 22:35:35","2","1","1","0"
"308451","6954","4624","12","2024-01-17 09:51:23","2","0","1","1"
"308523","3357","4623","6","2023-05-31 08:36:10","3","0","3","0"
"308578","5015","4623","9","2024-01-30 12:42:51","19","9","5","5"
"308630","3496","4623","6","2023-12-15 17:30:10","5","0","1","4"
"309031","8861","4622","5","2023-12-06 19:46:48","3","1","0","2"
"309960","2859","4621","56","2024-01-24 19:29:47","10","1","0","9"
"310852","5613","4620","10","2023-12-27 14:59:02","2","0","0","2"
"311168","4173","4620","8","2023-10-13 16:08:29","1","0","0","1"
"311255","2125","4620","7","","0","0","0","0"
"312771","4274","4618","5","","0","0","0","0"
"313265","3549","4617","28","2024-01-05 03:52:20","8","1","0","7"
"313414","5481","4617","13","2023-06-26 15:03:51","12","8","4","0"
"313663","3191","4617","33","2023-07-28 12:54:53","1","0","1","0"
"314193","9200","4615","10","2023-09-18 13:46:36","4","1","1","2"
"314334","9276","4615","5","2023-07-18 08:24:11","5","4","1","0"
"315024","9516","4615","9","2024-01-19 02:58:34","7","1","2","4"
"315702","5388","4614","5","2023-07-02 15:46:26","2","1","1","0"
"316847","9017","4613","6","2023-03-04 13:07:32","1","1","0","0"
"317832","8609","4612","5","2023-10-10 22:40:56","3","1","1","1"
"318414","4695","4611","5","2023-11-06 14:02:03","7","1","4","2"
"318765","6248","4611","12","2023-06-12 20:59:56","5","3","2","0"
"319542","7207","4609","5","2023-10-06 17:41:02","1","0","0","1"
"319826","8248","4609","10","2023-12-15 14:13:59","7","3","1","3"
"320121","5623","4608","10","2023-09-19 23:31:39","6","2","3","1"
"321302","3270","4607","8","2023-12-27 12:06:29","7","0","1","6"
"321542","6192","4607","6","2023-11-28 12:20:10","4","2","0","2"
"323015","4978","4605","9","2024-01-11 01:38:33","6","1","1","4"
"323316","9970","4605","5","","0","0","0","0"
"323631","2581","4605","10","2023-11-23 20:11:56","1","0","0","1"
"323720","6802","4605","5","","0","0","0","0"
"324407","4422","4604","63","2023-11-29 16:30:38","1","0","0","1"
"325868","5441","4601","7","2024-01-20 11:17:37","2","0","1","1"
"326807","3934","4600","20","2023-07-27 11:14:26","3","1","2","0"
"327038","9486","4600","9","2023-07-22 12:38:10","2","1","1","0"
"327598","3233","4599","94","2023-11-03 17:22:13","2","1","0","1"
"327786","3946","4599","5","2023-07-06 09:15:33","1","0","1","0"
"328115","8930","4599","7","","0","0","0","0"
"328730","6918","4598","6","2023-03-15 16:27:21","1","1","0","0"
"329496","6957","4597","8","2023-12-07 10:06:52","4","2","0","2"
"331325","5154","4594","9","2024-01-06 10:55:07","15","2","6","7"
"331655","2112","4594","10","","0","0","0","0"
"333153","2318","4592","8","","0","0","0","0"
"333276","3059","4592","6","2023-04-06 08:59:49","2","2","0","0"
"333403","2632","4592","28","2023-10-22 06:15:07","2","1","0","1"
"333599","8049","4592","18","2023-09-25 12:24:40","9","1","7","1"
"333638","2177","4592","85","2024-01-30 01:59:59","70","12","21","37"
"334357","3289","4591","6","","0","0","0","0"
"336311","4533","4589","12","2024-01-25 14:14:28","6","3","1","2"
"337772","3325","4587","5","2023-08-28 15:10:57","2","0","1","1"
"337934","3463","4586","5","2023-08-14 17:24:17","2","1","0","1"
"338059","4508","4586","27","","0","0","0","0"
"338265","2371","4586","7","2023-11-20 11:27:57","4","0","1","3"
"338560","7311","4586","18","2024-01-31 18:46:48","29","6","3","20"
"339144","2585","4585","5","2023-09-29 08:46:14","2","1","0","1"
"341062","7007","4583","6","","0","0","0","0"
"341744","7566","4582","26","2023-11-18 02:50:26","6","0","0","6"
"341980","2381","4582","8","","0","0","0","0"
"341998","3657","4582","9","","0","0","0","0"
"343452","4274","4580","14","2023-06-08 14:49:12","1","0","1","0"
"344141","2775","4579","5","","0","0","0","0"
"344159","2991","4579","5","2023-12-12 09:51:35","5","3","0","2"
"345350","3414","4578","8","","0","0","0","0"
"347549","8872","4576","9","2023-09-16 00:22:17","1","0","0","1"
"348193","3125","4574","11","2023-07-03 20:18:51","1","0","1","0"
"348851","3383","4573","10","2023-07-03 16:42:39","1","0","1","0"
"349169","4708","4573","5","2023-12-18 14:53:42","5","3","0","2"
"349708","9258","4572","6","2024-01-01 20:45:05","2","1","0","1"
"350937","2699","4571","5","2023-10-15 11:57:32","3","1","1","1"
"351049","3125","4571","24","","0","0","0","0"
"351154","7974","4571","13","2023-12-22 15:40:02","19","5","10","4"
"351708","6653","4570","5","","0","0","0","0"
"351758","9331","4885","7","2023-11-25 14:31:14","7","2","1","4"
"351826","3663","4570","13","2023-03-15 19:49:50","1","1","0","0"
"351836","8020","4570","6","2024-01-26 08:44:06","2","1","0","1"
"352640","4466","4569","5","","0","0","0","0"
"352826","2867","4569","17","2023-10-27 11:15:06","1","0","0","1"
"353714","5973","4568","19","2023-04-11 19:10:21","5","5","0","0"
"353878","7623","4567","5","","0","0","0","0"
"353911","3501","4567","9","2023-10-12 11:05:44","11","4","4","3"
"354473","5618","4566","6","2023-05-29 08:33:45","3","2","1","0"
"356506","3964","4564","15","2023-07-18 09:55:49","2","1","1","0"
"356579","4463","4564","9","2024-01-30 10:05:23","13","6","4","3"
"357222","2640","4563","5","","0","0","0","0"
"357313","8262","4563","7","2023-11-01 17:01:52","9","5","2","2"
"357429","6044","4563","17","2023-06-26 10:30:52","1","0","1","0"
"358006","3505","4563","10","2023-12-20 01:38:55","10","0","5","5"
"359253","2338","4561","34","2023-07-23 06:23:08","15","10","5","0"
"359765","2220","4560","6","2024-01-15 12:29:49","4","0","1","3"
"360362","9810","4613","6","2023-08-30 10:08:35","6","3","0","3"
"360365","4035","4559","7","2023-06-08 02:28:32","2","1","1","0"
"361177","8427","4558","55","2023-09-05 07:06:20","7","6","0","1"
"361413","3086","4558","5","2023-12-16 08:40:19","6","1","3","2"
"361714","6905","4558","6","2024-01-09 22:27:38","6","0","1","5"
"362792","3077","4557","9","2023-07-14 13:14:01","1","0","1","0"
"364157","2349","4555","5","2023-12-23 08:56:51","1","0","0","1"
"364183","2251","4555","14","","0","0","0","0"
"364568","4902","4555","5","2024-01-20 07:43:57","2","0","0","2"
"364595","9227","4555","29","2024-01-01 20:11:21","29","11","11","7"
"364966","5194","4555","8","2023-07-28 18:50:34","5","2","3","0"
"365107","2263","4554","10","","0","0","0","0"
"366749","4339","4552","11","","0","0","0","0"
"367381","2150","4551","5","2023-12-18 22:19:16","28","0","11","17"
"367433","4156","4551","7","","0","0","0","0"
"368034","3323","4550","9","2023-07-26 09:57:05","5","1","4","0"
"369001","3452","4549","5","","0","0","0","0"
"370238","3941","4548","8","2023-08-17 17:50:45","1","0","0","1"
"370594","2500","4548","10","2023-10-12 21:08:46","47","0","23","24"
"371908","4564","4773","6","2023-10-20 07:16:38","3","1","1","1"
"372172","8063","4545","17","2023-10-10 03:26:56","35","16","11","8"
"373438","3045","4544","6","2023-11-22 14:31:12","5","1","1","3"
"373815","7077","4543","16","2023-09-28 07:27:04","4","3","0","1"
"374835","4810","4542","7","","0","0","0","0"
"375148","8503","4542","12","","0","0","0","0"
"376445","5047","4541","18","2023-07-10 03:37:32","3","2","1","0"
"376967","4597","4540","40","2023-03-07 19:39:45","2","2","0","0"
"377476","8409","4539","12","2023-12-21 14:15:28","8","6","1","1"
"377960","4495","4538","5","2024-01-06 05:50:10","2","1","0","1"
"378360","5050","4538","10","2023-07-18 18:00:07","6","2","4","0"
"378506","2744","4538","7","2023-10-31 16:02:14","3","2","0","1"
"378779","9359","4537","133","2024-01-07 16:37:54","9","1","2","6"
"379279","2424","4537","7","2023-04-13 12:48:06","1","1","0","0"
"379779","8601","4536","13","2023-10-24 09:15:46","2","0","0","2"
"379902","2257","4536","9","2023-09-15 15:58:41","1","0","0","1"
"381179","9743","4535","12","2024-01-05 16:59:21","36","27","1","8"
"382177","4384","4534","5","","0","0","0","0"
"383426","5099","4531","21","2023-11-23 08:33:06","27","9","10","8"
"383568","3151","4531","7","2023-12-09 23:14:33","3","0","0","3"
"384309","5215","4530","6","","0","0","0","0"
"385132","7358","4529","9","2023-04-18 02:47:51","2","2","0","0"
"387408","4871","4527","19","2023-12-27 23:37:18","11","1","4","6"
"388158","4462","4527","31","2024-01-26 17:04:20","21","1","9","11"
"388716","3400","4525","13","2023-06-18 19:12:25","1","0","1","0"
"389023","3718","4525","5","2023-06-08 06:37:28","7","5","2","0"
"389976","3238","4524","21","2023-05-29 18:56:10","1","0","1","0"
"390122","8962","4523","82","2024-01-29 21:37:50","17","11","3","3"
"390462","2128","4523","37","2023-09-30 11:26:39","20","5","14","1"
"390513","8192","4523","5","2023-08-24 01:57:06","1","0","0","1"
"391691","3573","4522","6","2024-01-15 23:28:51","8","1","3","4"
"391715","8602","4522","12","2023-12-14 05:22:28","11","7","0","4"
"393021","6102","4521","8","2023-07-20 14:46:14","3","1","2","0"
"393652","2202","4520","8","","0","0","0","0"
"394253","7286","4520","7","2023-11-04 22:21:35","7","3","1","3"
"395416","2131","4517","6","","0","0","0","0"
"395693","2547","4590","8","2023-09-20 08:38:11","1","0","0","1"
"395879","3279","4517","5","2023-04-06 11:02:09","2","2","0","0"
"396005","6034","4517","51","2023-07-25 15:06:59","18","5","13","0"
"396483","6703","4516","9","2024-01-08 17:26:51","10","5","3","2"
"396573","2938","4516","29","2023-08-10 14:00:23","5","4","0","1"
"396862","3948","4516","7","2023-09-15 07:34:58","6","0","0","6"
"397671","4815","4515","7","2023-09-04 06:55:44","7","1","4","2"
"397807","9748","4515","31","2023-08-01 07:15:27","3","1","1","1"
"398844","6897","4514","6","2023-11-22 20:22:18","3","1","0","2"
"399584","6116","4514","6","","0","0","0","0"
"401059","8780","4512","109","2023-12-14 00:35:02","57","22","9","26"
"401096","9902","4512","26","2023-09-08 17:22:33","16","11","4","1"
"401226","7381","4512","8","2024-01-06 22:30:57","3","0","0","3"
"401278","2427","4512","70","2023-11-14 19:07:35","21","5","1","15"
"401712","4719","4511","8","2024-01-27 18:37:07","6","0","0","6"
"403425","5878","4509","8","2023-11-05 10:02:09","9","2","4","3"
"404861","3628","4508","7","2023-12-25 15:56:02","10","2","4","4"
"405454","2922","4507","9","2023-10-17 11:33:23","2","0","0","2"
"406290","2631","4507","11","","0","0","0","0"
"406642","6755","4506","5","2023-09-02 11:40:25","3","2","0","1"
"408556","5463","4503","13","2023-11-10 17:07:52","2","1","0","1"
"409508","5497","4502","8","","0","0","0","0"
"409533","3811","4502","50","2023-05-31 13:46:45","2","1","1","0"
"410439","5690","4501","6","2023-08-25 10:17:21","2","0","0","2"
"410996","4582","4501","8","2023-04-28 18:12:16","3","3","0","0"
"411262","3717","4501","36","2023-08-21 22:58:09","4","2","1","1"
"411282","5422","4501","12","2023-10-30 15:37:05","6","2","0","4"
"412024","2499","4500","5","2023-03-14 14:26:25","1","1","0","0"
"412528","4646","4499","5","2023-09-07 15:13:02","2","0","1","1"
"412529","4615","4499","7","2024-01-15 23:52:49","8","3","0","5"
"412772","4743","4499","11","2024-01-01 19:46:54","6","2","2","2"
"414415","5477","4497","5","","0","0","0","0"
"415157","3378","4496","5","2023-07-05 13:58:28","1","0","1","0"
"415251","4875","4496","53","2024-01-29 20:40:38","25","6","8","11"
"415334","4797","4496","5","","0","0","0","0"
"415982","4739","4495","11","2024-01-24 15:11:45","22","10","3","9"
"416549","6892","4495","7","","0","0","0","0"
"417513","9489","4494","10","2023-05-02 22:45:51","3","2","1","0"
"417899","5918","4493","5","2023-12-28 05:48:53","4","1","0","3"
"418057","3784","4493","6","2024-01-12 05:31:06","9","7","1","1"
"418332","4289","4493","6","2023-05-01 13:34:51","3","2","1","0"
"418950","2272","4493","20","2023-12-19 20:34:29","8","5","1","2"
"420096","3700","4491","13","2024-01-08 21:07:09","23","5","4","14"
"421467","3603","4489","9","","0","0","0","0"
"421602","4158","4489","6","2024-01-17 22:15:01","3","0","1","2"
"421642","8979","4489","7","2023-11-27 14:12:16","2","0","1","1"
"422663","2950","4488","11","2024-01-23 23:04:56","2","1","0","1"
"422957","5839","4488","33","2023-12-07 13:50:01","5","4","0","1"
"423033","4881","4488","5","2023-06-15 07:19:47","3","0","3","0"
"423199","5802","4488","6","2023-11-06 09:41:33","2","0","1","1"
"423411","4481","4492","9","2023-09-10 14:24:41","5","2","1","2"
"423703","2285","4487","6","2023-06-21 06:41:43","1","0","1","0"
"425722","5336","4486","5","","0","0","0","0"
"426320","2967","4485","52","2024-01-21 17:29:00","7","3","2","2"
"427525","2347","4483","6","","0","0","0","0"
"428586","7549","4482","19","","0","0","0","0"
"429071","5300","4481","8","2023-06-01 13:22:01","1","0","1","0"
"429091","8421","4481","8","","0","0","0","0"
"429100","8760","4481","69","2023-10-01 00:55:54","13","3","7","3"
"429476","6360","4481","27","2023-10-19 10:29:06","14","7","3","4"
"429555","3998","4481","6","","0","0","0","0"
"430151","3885","4480","7","2023-12-03 20:44:05","2","1","0","1"
"430615","9431","4480","8","2023-11-18 05:49:00","2","0","0","2"
"431246","2322","4480","10","2024-01-16 14:27:27","12","3","2","7"
"431698","8120","4479","5","2023-06-17 06:12:43","1","0","1","0"
"432987","3569","4887","5","","0","0","0","0"
"433202","3705","4478","14","2023-09-26 13:57:06","6","2","1","3"
"435682","9906","4474","18","","0","0","0","0"
"436422","2322","4474","5","2023-12-16 18:45:58","5","1","2","2"
"436794","8458","4473","18","2023-10-19 13:10:30","6","1","0","5"
"437054","4172","4473","5","2023-10-05 22:54:39","3","1","0","2"
"438157","3537","4472","5","2023-09-01 15:50:39","5","4","0","1"
"438249","3450","4472","5","2023-08-03 18:55:04","1","0","0","1"
"438267","5701","4472","13","2024-01-10 20:19:14","15","1","5","9"
"438780","3803","4471","11","2023-12-18 11:56:56","3","0","0","3"
"440172","5706","4469","14","2024-01-10 22:47:02","9","8","0","1"
"440472","5246","4468","33","2024-01-07 21:16:58","1","0","0","1"
"440657","2533","4468","6","2023-10-24 06:15:00","4","3","0","1"
"440696","4732","4468","8","2023-10-10 06:09:21","4","0","0","4"
"441197","2767","4467","10","","0","0","0","0"
"441878","6886","4467","10","2024-01-03 17:48:11","9","3","0","6"
"441914","5370","4467","27","2023-12-03 22:12:37","8","3","2","3"
"442041","4488","4466","16","","0","0","0","0"
"443297","6714","4465","6","","0","0","0","0"
"443431","4195","4465","8","2023-08-15 13:29:23","2","1","0","1"
"446039","2804","4461","5","","0","0","0","0"
"446610","5673","4461","24","2023-10-11 18:49:52","5","2","1","2"
"446792","7363","4461","15","2023-07-25 21:08:58","3","2","1","0"
"447599","3799","4460","9","","0","0","0","0"
"448145","4541","4459","9","","0","0","0","0"
"448551","9414","4459","11","2023-08-12 10:25:16","2","0","1","1"
"449007","5114","4458","11","","0","0","0","0"
"449193","8814","4458","5","2023-09-19 08:38:19","7","1","4","2"
"449688","8733","4496","5","2023-07-19 01:51:59","1","0","1","0"
"450356","4098","4457","8","","0","0","0","0"
"451601","7855","4528","26","2023-07-27 15:23:26","2","0","2","0"
"451893","6174","4455","91","2024-01-20 17:25:17","46","0","35","11"
"452414","3794","4454","7","2023-04-30 07:46:21","1","1","0","0"
"452486","3327","4454","9","2024-01-19 05:35:23","8","3","1","4"
"453463","9437","4453","6","2023-12-21 00:29:01","7","3","1","3"
"453623","2265","4453","5","2023-07-06 11:44:09","1","0","1","0"
"454012","2760","4453","10","2023-04-06 04:49:25","1","1","0","0"
"454615","5316","4452","5","2023-12-21 00:02:44","11","6","2","3"
"454827","3601","4452","11","2023-03-23 13:34:16","1","1","0","0"
"455535","4129","4452","7","","0","0","0","0"
"456669","6368","5188","18","2023-02-07 16:22:52","1","1","0","0"
"456791","2224","4450","6","2023-12-23 19:48:54","2","0","1","1"
"458157","4294","4449","8","2024-01-09 10:21:26","10","4","2","4"
"459082","7057","4447","5","2023-10-01 20:55:56","1","0","0","1"
"459345","2382","4447","10","2023-10-30 21:45:48","2","0","1","1"
"459565","7776","4447","14","2023-10-09 19:52:19","11","2","5","4"
"459750","9730","4447","35","2023-10-25 23:33:53","6","3","2","1"
"460147","9002","4446","8","","0","0","0","0"
"461444","9838","4445","8","2023-11-24 10:42:47","5","1","2","2"
"461982","4685","4445","7","","0","0","0","0"
"462162","9153","4445","7","2023-11-28 23:36:09","1","0","0","1"
"462639","5859","4444","7","2023-06-23 11:28:50","2","1","1","0"
"462669","3836","4444","35","2024-01-22 15:09:04","10","8","1","1"
"463206","5131","4444","7","2023-06-23 18:54:49","1","0","1","0"
"463439","6077","4443","7","2023-11-22 06:30:13","5","2","0","3"
"464435","3071","4442","7","","0","0","0","0"
"465100","2598","4441","7","","0","0","0","0"
"465139","9820","4441","7","2024-01-26 18:13:50","10","2","0","8"
"465446","3095","4440","12","2023-02-24 17:55:50","1","1","0","0"
"466048","7277","4440","7","2023-12-15 09:36:48","7","4","0","3"
"466363","4657","4439","7","2023-05-08 23:17:58","4","3","1","0"
"467851","6034","4438","13","2023-09-08 13:02:17","4","2","1","1"
"468384","7870","4438","5","","0","0","0","0"
"468910","5712","4437","7","2023-12-14 14:36:25","13","4","2","7"
"469294","5217","4437","7","2024-01-08 21:33:47","11","2","0","9"
"469491","6632","4437","8","2024-01-10 12:13:59","6","1","0","5"
"469755","4669","4436","44","2023-08-11 21:39:11","11","5","3","3"
"470225","3880","4436","5","","0","0","0","0"
"471376","7461","4434","20","2024-01-01 01:42:25","6","2","0","4"
"471614","4752","4434","5","","0","0","0","0"
"472987","2157","4432","5","2023-08-11 06:57:37","2","0","0","2"
"473481","3619","4432","12","","0","0","0","0"
"474411","9412","4431","7","2023-06-30 06:32:39","1","0","1","0"
"475766","8297","4430","9","","0","0","0","0"
"476266","2990","4430","12","2023-11-08 05:07:49","6","1","2","3"
"476759","4274","4429","20","2023-12-10 05:37:08","6","3","0","3"
"477008","2560","4429","8","","0","0","0","0"
"477496","4904","4429","6","","0","0","0","0"
"477902","2680","4428","5","","0","0","0","0"
"478018","7132","4428","6","2023-07-30 07:05:29","4","0","4","0"
"478162","2260","4428","5","2023-06-08 10:33:07","7","5","2","0"
"479156","6999","4426","18","2023-05-24 07:50:49","2","1","1","0"
"479654","2065","4426","9","2023-06-21 13:08:29","2","1","1","0"
"480118","6214","4425","11","2023-12-20 20:00:37","8","1","2","5"
"481656","5112","4424","7","","0","0","0","0"
"481812","3831","4424","5","2023-09-29 14:10:22","1","0","0","1"
"481816","3494","4424","10","2023-12-07 14:00:29","4","0","0","4"
"482270","3164","4424","7","2024-01-20 00:49:49","58","12","1","45"
"482519","3705","4423","8","2023-06-30 02:30:09","5","3","2","0"
"482682","4805","4423","19","2023-05-10 06:37:06","2","1","1","0"
"483536","4888","4423","9","","0","0","0","0"
"484499","3784","4422","5","","0","0","0","0"
"485674","6101","4420","20","2023-11-07 17:06:22","7","0","1","6"
"486233","9947","4419","5","2023-10-10 19:36:44","7","1","4","2"
"486595","8799","4419","13","2024-01-02 18:36:57","15","7","3","5"
"487056","2132","4418","6","2024-01-23 02:07:51","2","0","0","2"
"488012","4538","4418","5","2023-09-27 19:06:37","6","2","0","4"
"488609","3107","4417","5","2024-01-31 04:20:03","6","1","3","2"
"488905","2064","4417","21","","0","0","0","0"
"489088","6306","4417","5","","0","0","0","0"
"490188","7392","4416","6","2023-09-15 09:51:19","7","1","5","1"
"490953","4123","4415","6","","0","0","0","0"
"491754","3618","4415","19","2023-10-11 04:34:17","3","1","0","2"
"492132","2216","4414","6","2023-09-08 23:29:02","3","0","2","1"
"492158","9416","4414","5","","0","0","0","0"
"492482","7024","4414","11","2023-07-19 17:55:50","5","2","3","0"
"493521","7695","4412","5","2023-11-29 11:00:21","7","3","1","3"
"493566","6104","4412","6","2023-08-03 13:35:34","2","1","0","1"
"493804","6860","4412","10","","0","0","0","0"
"495244","5714","4411","5","2023-12-26 17:45:28","1","0","0","1"
"495995","6445","4410","15","","0","0","0","0"
"496038","4898","4410","106","2023-10-18 12:20:46","2","0","0","2"
"496562","3241","4410","6","2023-04-17 13:21:04","4","4","0","0"
"496854","6869","4409","105","2023-09-21 14:56:49","7","1","3","3"
"497127","7784","4421","47","2023-09-09 07:19:59","4","0","2","2"
"497648","5498","4409","5","2023-11-12 11:13:32","2","0","0","2"
"497719","2209","4409","5","2023-06-15 21:00:05","1","0","1","0"
"498227","2748","4408","6","2023-02-09 15:47:18","1","1","0","0"
"498391","3654","4408","6","2023-06-20 15:48:16","1","0","1","0"
"499131","3381","4407","22","2023-08-27 10:32:35","3","1","1","1"
"499839","4097","4406","17","2023-04-12 14:29:32","1","1","0","0"
"500936","2024","4405","14","2023-11-02 03:17:58","11","8","1","2"
"501017","4654","4405","5","2023-12-04 11:11:46","1","0","0","1"
"501113","6006","4405","5","2023-10-29 17:31:13","9","4","2","3"
"501439","7588","4404","6","2024-01-16 12:17:42","1","0","0","1"
"501827","5537","4404","7","2024-01-01 11:50:45","7","0","1","6"
"502214","3073","4404","16","","0","0","0","0"
"502846","2379","4403","6","2023-03-28 05:35:02","2","2","0","0"
"503246","3544","4403","5","2024-01-10 21:25:29","3","0","1","2"
"503510","2993","4403","29","","0","0","0","0"
"504474","2889","4402","20","2023-03-11 19:06:56","2","2","0","0"
"504685","7387","4402","6","2023-09-02 21:15:08","3","0","2","1"
"504717","8846","4402","6","2023-10-23 01:40:58","3","1","1","1"
"505191","7974","4402","5","2023-12-21 15:36:55","7","0","1","6"
"505984","2776","4401","5","2023-04-06 17:19:08","2","2","0","0"
"507028","8249","4400","7","2024-01-15 15:51:51","12","3","3","6"
"507761","2035","4398","5","2023-12-23 23:16:56","13","2","5","6"
"508134","3201","4398","7","2023-09-18 14:27:46","3","0","2","1"
"508382","3948","4398","16","","0","0","0","0"
"508681","3636","4398","5","","0","0","0","0"
"509940","3510","4397","51","2023-09-03 19:03:54","7","3","1","3"
"509977","8723","4397","9","2023-10-17 19:23:53","1","0","0","1"
"510423","4734","4396","5","","0","0","0","0"
"511012","7987","4396","13","2023-10-14 19:43:46","3","0","2","1"
"511804","9544","4395","5","2023-07-26 09:44:59","2","0","2","0"
"513710","4472","4394","58","2024-01-11 15:33:14","70","25","20","25"
"513729","3154","4394","11","2023-03-20 11:23:30","1","1","0","0"
"514069","2115","4394","8","2023-10-30 21:36:05","2","1","0","1"
"514485","5066","4393","5","","0","0","0","0"
"515310","3116","4392","11","2023-11-30 13:39:18","2","0","0","2"
"516126","7158","4391","7","2023-04-03 15:54:17","2","2","0","0"
"518879","3353","4389","10","2024-01-03 16:05:50","8","3","3","2"
"519348","5406","4389","11","2023-04-13 08:47:40","1","1","0","0"
"521554","7852","4387","16","2023-12-29 09:20:47","5","0","0","5"
"521624","5539","4387","88","2023-12-31 21:00:35","30","24","3","3"
"522330","4852","4386","28","2024-01-30 16:07:13","9","7","1","1"
"522607","2959","4386","6","2024-01-02 13:52:14","4","1","0","3"
"523079","3050","4385","5","2023-12-25 14:33:23","3","1","1","1"
"524324","2863","4384","13","2023-03-05 16:36:16","1","1","0","0"
"524504","2836","4384","5","2023-11-18 03:44:47","1","0","0","1"
"525038","3999","4383","26","2024-01-29 15:39:38","52","29","14","9"
"525203","5904","4383","5","2023-11-20 21:10:41","2","1","0","1"
"525578","4806","4383","7","2023-10-19 14:42:07","7","4","2","1"
"527513","5140","4381","12","2023-12-13 06:08:46","8","1","4","3"
"527516","9490","4381","6","2023-08-03 21:22:41","1","0","0","1"
"528020","2657","4381","5","2023-08-24 16:44:45","2","0","0","2"
"528481","5860","4381","15","2024-01-30 07:54:01","12","3","2","7"
"529282","5877","4380","12","2023-12-11 12:27:26","12","0","7","5"
"529403","6103","4380","19","2023-12-13 07:55:19","10","2","4","4"
"529829","4632","4380","8","2023-10-09 01:58:51","8","3","3","2"
"530545","4557","4379","7","","0","0","0","0"
"530884","3293","4378","14","2023-10-11 22:40:36","2","0","0","2"
"531679","4297","4377","5","2023-12-24 16:46:54","2","0","0","2"
"534056","9644","4376","9","2023-02-01 21:25:40","1","1","0","0"
"534238","4170","4376","5","2024-01-24 13:47:37","12","1","0","11"
"534858","4204","4375","30","2023-12-06 07:21:09","5","2","2","1"
"535884","5628","4374","8","","0","0","0","0"
"536262","3841","4374","23","2024-01-26 15:04:09","24","7","6","11"
"536538","4801","4374","7","2023-11-10 21:51:00","1","0","0","1"
"536590","2516","4374","5","2023-08-31 12:58:47","1","0","0","1"
"537503","6198","4626","5","2023-02-06 14:15:00","1","1","0","0"
"537682","8246","4373","26","2023-12-24 01:03:40","15","9","1","5"
"537980","7765","4373","22","2023-08-28 10:29:20","12","6","3","3"
"538160","3311","4373","5","","0","0","0","0"
"538697","7290","4372","177","2024-01-31 09:45:58","35","6","9","20"
"539048","5324","4372","5","2024-01-12 21:20:18","7","1","2","4"
"540144","7282","4370","5","","0","0","0","0"
"541065","5724","4370","6","","0","0","0","0"
"541917","7863","4498","9","2023-08-20 12:10:55","2","0","1","1"
"543136","4814","4368","6","2023-06-08 21:53:32","2","1","1","0"
"543770","7256","4368","12","2024-01-24 20:50:42","5","2","0","3"
"543913","2478","4368","10","","0","0","0","0"
"544963","6576","4570","32","2023-05-07 21:30:36","16","15","1","0"
"545637","9304","4366","5","2023-12-11 15:37:05","6","1","0","5"
"546634","4489","4366","15","2023-11-11 23:02:51","9","6","0","3"
"547239","2790","4365","13","2023-12-14 17:36:28","2","0","1","1"
"548655","2585","4363","5","2023-12-01 13:21:10","8","5","0","3"
"548997","7293","4363","12","2023-07-18 14:52:06","8","4","4","0"
"550235","2740","4362","6","2023-09-05 14:01:53","7","3","3","1"
"551269","7145","4361","8","2023-08-15 15:39:20","2","1","0","1"
"551357","8245","4361","8","2024-01-20 14:41:43","3","1","0","2"
"552185","2382","4360","9","","0","0","0","0"
"552510","7803","4360","11","","0","0","0","0"
"553663","4363","4358","8","2023-05-18 19:54:46","1","0","1","0"
"553865","8543","4358","14","2024-01-29 00:28:36","28","16","3","9"
"555451","2543","4356","10","2024-01-10 13:13:41","9","0","4","5"
"559079","8720","4352","12","2023-04-06 21:59:48","3","3","0","0"
"561380","2862","4349","40","2024-01-19 12:44:16","1","0","0","1"
"561541","4596","4349","8","","0","0","0","0"
"561710","2986","4349","5","2023-06-28 15:11:02","1","0","1","0"
"562644","8040","4348","5","2023-03-20 18:27:18","1","1","0","0"
"563979","6259","4347","11","2023-12-13 15:08:18","10","5","3","2"
"564092","4805","4347","5","2023-10-01 19:14:06","1","0","0","1"
"565487","2338","4346","5","2023-02-14 17:05:23","1","1","0","0"
"565782","5881","4346","6","2024-01-24 12:31:22","18","2","2","14"
"567595","9877","4345","113","2023-07-01 17:41:53","24","11","13","0"
"569711","9759","4342","19","2023-09-21 10:49:56","2","0","0","2"
"571380","3328","4341","6","","0","0","0","0"
"571517","6938","4341","15","2024-01-16 07:56:39","16","2","6","8"
"572747","6265","4340","7","","0","0","0","0"
"573220","3108","4340","17","2023-03-30 16:02:02","1","1","0","0"
"573505","3239","4339","8","2023-03-21 02:12:45","5","5","0","0"
"573976","7695","4339","8","2023-05-31 12:09:25","4","3","1","0"
"574263","2536","4339","8","2023-02-07 17:40:08","1","1","0","0"
"574379","3355","4339","6","2023-09-27 08:54:25","2","1","0","1"
"574722","4361","4339","14","","0","0","0","0"
"575338","7735","4338","5","","0","0","0","0"
"576153","7543","4338","5","2024-01-03 22:13:47","4","2","1","1"
"576860","6597","4337","35","2023-10-08 20:33:04","11","7","1","3"
"577167","5792","4336","51","2023-08-11 08:06:45","13","9","3","1"
"578552","2330","4335","6","2023-08-08 10:48:53","2","1","0","1"
"579019","4357","4335","9","2023-09-30 09:51:13","2","0","0","2"
"579580","8278","4334","6","","0","0","0","0"
"580937","2778","4333","9","2024-01-09 15:13:02","15","1","1","13"
"582333","5114","4332","88","2023-09-01 16:34:17","5","4","0","1"
"583044","6651","4332","5","2023-11-30 13:34:23","5","1","1","3"
"583301","5275","4332","8","","0","0","0","0"
"583875","2803","4331","12","2023-06-30 05:42:40","3","2","1","0"
"584262","7442","4331","7","","0","0","0","0"
"584670","8998","4331","10","2024-01-10 13:01:11","4","0","0","4"
"584940","3064","4331","5","2024-01-24 20:49:30","6","3","2","1"
"585080","3340","4331","9","","0","0","0","0"
"585495","6696","4330","23","2024-01-25 01:51:34","16","0","6","10"
"586652","7026","4329","7","2024-01-28 21:14:37","9","1","0","8"
"587026","3871","4328","5","2023-11-13 10:12:51","3","0","0","3"
"587370","2732","4328","7","","0","0","0","0"
"588003","4286","4328","8","2023-11-19 21:14:49","2","0","1","1"
"588437","7230","4327","6","2023-04-16 19:12:08","3","3","0","0"
"588492","5722","4327","15","2023-09-26 10:04:36","5","3","0","2"
"589823","3482","4327","11","2024-01-23 12:28:13","4","2","0","2"
"589921","3275","4326","6","2023-11-29 00:22:55","5","3","1","1"
"591234","2485","4326","6","","0","0","0","0"
"591285","5161","4335","44","2023-12-08 22:40:04","27","17","4","6"
"592868","2747","4325","8","2023-07-02 19:04:02","3","1","2","0"
"593146","3458","4324","16","2023-10-11 13:33:12","3","1","1","1"
"593425","9618","4324","10","2023-10-30 21:58:46","6","4","0","2"
"594763","9844","4323","5","2024-01-16 00:10:25","6","0","3","3"
"594832","6130","4323","9","2023-09-12 18:02:03","4","1","1","2"
"595152","2920","4323","5","2023-11-16 09:54:52","2","0","0","2"
"595990","4141","4322","15","2024-01-03 19:08:31","13","7","3","3"
"597065","4806","4321","7","","0","0","0","0"
"597609","8843","4321","6","2023-10-12 22:45:39","5","2","0","3"
"598141","4924","4320","42","2023-09-22 23:27:10","8","5","0","3"
"599390","3200","4319","16","2023-06-29 05:18:54","1","0","1","0"
"599743","2688","4319","10","2023-12-13 07:22:18","5","0","0","5"
"599765","4784","4319","5","2023-10-13 07:27:57","4","0","2","2"
"599884","5662","4319","6","2023-06-06 12:10:58","3","2","1","0"
"599971","2505","4319","5","2023-12-02 20:39:11","3","0","0","3"
"600339","2994","4319","23","","0","0","0","0"
"600360","3609","4319","7","2023-09-07 14:53:49","2","1","0","1"
"601245","9463","4318","6","2023-11-29 13:13:29","5","1","1","3"
"601622","5582","4318","8","2023-10-17 09:21:36","7","3","1","3"
"603036","6243","4317","38","2023-11-08 12:54:49","18","9","7","2"
"603541","3607","4317","15","2023-07-04 18:39:31","1","0","1","0"
"603962","3205","4316","14","2023-09-16 17:31:21","4","0","3","1"
"604048","9535","4316","5","2023-06-14 13:35:38","2","0","2","0"
"604382","4195","4316","6","2024-01-02 22:30:27","4","0","2","2"
"604608","2289","4316","17","2023-10-28 16:06:00","2","1","0","1"
"604990","2761","4315","7","2023-08-10 06:33:07","4","2","1","1"
"606496","6556","4367","6","","0","0","0","0"
"606662","7411","4314","9","2023-03-28 11:27:56","1","1","0","0"
"608042","6479","4313","116","2024-01-19 14:21:01","37","10","13","14"
"609176","8079","4312","6","","0","0","0","0"
"609285","2214","4312","11","2024-01-22 15:17:17","12","3","4","5"
"611819","9078","4311","20","2023-12-05 04:10:50","13","2","6","5"
"612580","4670","4310","12","","0","0","0","0"
"612704","2351","4310","5","2023-07-05 05:48:15","3","2","1","0"
"615030","2714","4308","5","2023-09-13 22:07:05","1","0","0","1"
"615274","5004","4308","9","2023-08-19 04:55:36","2","0","1","1"
"616971","8827","4307","24","","0","0","0","0"
"618099","9920","4306","17","2023-11-27 08:09:34","4","1","0","3"
"618794","2937","4305","5","","0","0","0","0"
"620192","2849","4305","5","2023-11-20 17:14:22","2","1","0","1"
"620723","3409","4304","10","","0","0","0","0"
"621401","7428","4304","10","2023-11-16 12:29:32","5","2","2","1"
"621827","5855","4304","17","2023-10-19 19:34:28","5","1","2","2"
"622145","2966","4304","9","2023-12-04 15:28:43","8","4","0","4"
"624368","6878","4302","9","","0","0","0","0"
"624597","4364","4302","7","2023-10-24 15:31:20","3","2","0","1"
"624624","4363","4302","5","","0","0","0","0"
"625919","8857","4300","8","2023-11-20 14:31:24","8","4","0","4"
"626533","2365","4300","5","2023-06-05 10:44:15","2","1","1","0"
"626601","6283","4300","5","","0","0","0","0"
"626639","3499","4300","6","","0","0","0","0"
"628006","5643","4732","18","2023-11-03 07:36:31","5","1","0","4"
"628318","3179","4299","8","2023-02-06 14:04:33","1","1","0","0"
"628418","3640","4299","5","2024-01-24 11:51:50","8","0","0","8"
"628532","2264","4299","6","2023-10-17 18:04:12","5","1","2","2"
"628981","7908","4299","28","2023-02-08 02:47:38","1","1","0","0"
"629530","6204","4298","7","2023-06-28 19:19:15","1","0","1","0"
"630203","9459","4298","18","2024-01-31 11:26:06","7","2","0","5"
"630780","9733","4298","41","2023-11-13 12:14:10","5","1","1","3"
"631266","2318","4298","6","2023-05-25 21:50:07","2","1","1","0"
"631549","2021","4297","13","2023-11-01 04:02:55","3","2","0","1"
"631764","9547","4297","5","2023-05-06 06:47:08","2","0","2","0"
"632445","7476","4297","25","2024-01-27 05:34:05","21","6","7","8"
"632537","3383","4297","32","2024-01-11 13:51:55","10","2","2","6"
"632555","3433","4297","8","","0","0","0","0"
"633000","9320","4297","6","2023-11-10 22:17:24","9","4","3","2"
"633864","7694","4296","8","2024-01-13 15:20:49","6","2","3","1"
"634336","9736","4296","5","2024-01-30 12:45:52","2","0","0","2"
"634698","2611","4296","15","2023-04-15 06:57:09","2","2","0","0"
"634914","2491","4296","5","","0","0","0","0"
"635364","2464","4295","8","2023-08-07 15:43:40","6","1","4","1"
"635822","2707","4295","6","2024-01-29 21:09:34","26","10","6","10"
"636849","2072","4294","6","2024-01-31 22:47:13","2","0","0","2"
"637208","4853","4293","5","2023-11-24 17:55:15","4","0","2","2"
"637718","2743","4293","9","","0","0","0","0"
"638413","2217","4293","8","2023-11-05 11:29:17","3","2","0","1"
"638764","9590","4292","33","2023-11-27 17:10:03","13","1","4","8"
"639040","5074","4292","6","","0","0","0","0"
"639153","2680","4506","26","2023-02-26 23:08:07","4","4","0","0"
"639441","8073","4292","5","","0","0","0","0"
"639676","4163","4292","5","","0","0","0","0"
"639722","3827","4292","15","2023-09-04 10:38:18","3","2","0","1"
"639829","6217","4292","10","","0","0","0","0"
"640224","6216","4292","9","2023-10-09 18:49:30","2","0","1","1"
"640588","3205","4291","5","2023-09-15 05:48:30","1","0","0","1"
"640746","5659","4291","6","","0","0","0","0"
"641135","3771","4291","42","2023-08-10 08:28:02","16","4","11","1"
"641470","2559","4291","6","2023-06-07 22:18:35","2","1","1","0"
"643208","5996","4290","11","2023-02-21 13:20:57","3","3","0","0"
"643716","4703","4290","11","2024-01-09 22:01:22","11","2","4","5"
"644326","3682","4289","5","2023-09-24 00:49:21","2","0","1","1"
"644511","2383","4289","6","2023-12-08 17:36:31","4","3","0","1"
"645016","2698","4289","5","2024-01-10 09:41:34","4","0","0","4"
"646056","2392","4288","7","2023-09-20 07:41:54","2","0","1","1"
"646173","8404","4288","15","2024-01-11 16:56:04","10","3","0","7"
"647380","7080","4287","7","2023-09-15 19:37:04","1","0","0","1"
"648368","3423","4286","7","","0","0","0","0"
"648499","9143","4286","8","","0","0","0","0"
"648741","3970","4286","11","","0","0","0","0"
"649497","7202","4285","6","2023-02-17 13:26:21","1","1","0","0"
"649922","8876","4285","5","2023-08-01 19:51:29","1","0","0","1"
"650004","2019","4285","5","2023-11-10 15:58:25","6","0","2","4"
"650133","7230","4285","6","","0","0","0","0"
"650158","2583","4285","5","","0","0","0","0"
"650839","2594","4284","6","","0","0","0","0"
"651827","4700","4284","8","2024-01-18 11:47:08","5","0","0","5"
"651887","4037","4284","9","2023-09-11 10:43:36","1","0","0","1"
"652497","9216","4600","39","2023-09-14 16:14:26","24","5","15","4"
"652528","6519","4284","6","2023-08-08 19:58:42","3","2","0","1"
"652728","4265","4283","9","2023-09-08 23:34:07","8","6","0","2"
"653069","3194","4283","9","2023-02-28 12:33:22","1","1","0","0"
"653182","4560","4283","49","2024-01-30 13:34:09","67","17","18","32"
"653473","5047","4283","6","2023-04-30 14:26:12","1","1","0","0"
"654928","7532","4282","5","2024-01-04 13:53:51","1","0","0","1"
"655275","9836","4282","9","2024-01-31 10:05:49","10","0","0","10"
"657703","7977","4280","9","2023-08-13 12:17:37","2","0","1","1"
"658182","2410","4279","8","2023-03-07 19:30:20","1","1","0","0"
"658976","3735","4340","12","2023-09-25 13:26:27","5","1","2","2"
"659077","2544","4279","5","2024-01-20 10:54:56","5","2","1","2"
"659149","5240","4279","30","2023-08-12 13:38:57","3","2","0","1"
"659188","3166","4279","13","2023-11-27 15:45:07","4","1","1","2"
"659466","4247","4279","10","2023-06-10 17:50:00","13","3","10","0"
"659732","5304","4279","7","2023-09-11 19:44:46","4","3","0","1"
"659988","8096","4278","11","2023-02-25 06:17:14","1","1","0","0"
"660896","6900","4278","6","2023-12-12 13:58:00","7","1","2","4"
"661140","9210","4278","15","2023-02-28 15:05:21","1","1","0","0"
"661424","4073","4278","11","2023-11-07 20:35:04","2","1","0","1"
"662345","7078","4277","6","","0","0","0","0"
"664456","2796","4276","9","2023-12-27 13:58:32","5","3","1","1"
"666416","2930","4275","5","","0","0","0","0"
"666887","2422","4274","6","2023-08-03 22:47:41","1","0","0","1"
"668455","9201","4273","6","2023-06-01 08:46:32","7","1","6","0"
"669294","5252","4272","17","2023-03-24 19:00:19","1","1","0","0"
"671282","3384","4271","5","","0","0","0","0"
"671509","6266","4271","8","2023-12-06 13:11:10","3","1","0","2"
"672833","6406","4270","31","2024-01-26 15:22:20","10","3","3","4"
"672958","3545","4270","40","2024-01-31 08:15:28","36","9","14","13"
"673271","6826","4270","37","2024-01-07 16:38:34","18","4","7","7"
"673463","2658","4270","16","2024-01-24 14:25:25","9","1","2","6"
"676439","3393","4268","6","2023-11-01 16:21:15","1","0","0","1"
"677173","2905","4268","6","","0","0","0","0"
"677983","2653","4267","13","","0","0","0","0"
"678412","2781","4267","7","2023-06-19 06:28:39","1","0","1","0"
"679240","7323","4266","15","2023-10-05 19:50:19","6","1","3","2"
"680318","2274","4265","5","2023-08-15 08:01:28","2","1","0","1"
"680583","6554","4265","6","2024-01-05 17:41:42","3","2","0","1"
"681444","5044","4264","10","2023-08-05 22:36:16","1","0","0","1"
"681586","2012","4264","9","","0","0","0","0"
"683319","3013","4263","6","2024-01-13 14:51:08","9","1","2","6"
"683329","6988","4263","57","2023-12-05 23:44:11","4","0","1","3"
"683501","2720","4263","58","2023-05-22 19:14:27","2","1","1","0"
"684776","8392","4263","33","2024-01-18 15:12:08","7","1","3","3"
"685746","7505","4262","18","2023-12-16 17:09:23","16","1","10","5"
"685806","9603","4262","6","2024-01-10 16:32:03","75","2","3","70"
"686184","6671","4262","6","2023-07-27 22:17:45","4","3","1","0"
"686534","2071","4262","7","","0","0","0","0"
"687137","5030","4261","13","2023-11-05 13:38:39","67","3","24","40"
"687896","5739","4261","30","2024-01-26 13:23:33","5","2","0","3"
"689923","5917","4259","7","2023-10-26 22:06:45","2","0","0","2"
"690188","5471","4259","6","2023-10-14 05:10:59","4","0","2","2"
"690374","3499","4258","18","2023-09-20 10:04:44","5","2","2","1"
"691105","5717","4258","33","2024-01-22 03:33:15","45","15","11","19"
"692167","7951","4257","6","2024-01-10 21:26:57","9","3","1","5"
"694162","5198","4256","7","2023-05-24 06:57:29","1","0","1","0"
"694360","5764","4256","7","2023-10-27 22:53:44","2","0","1","1"
"696836","2848","4255","6","2023-10-01 04:15:50","3","2","0","1"
"697031","2656","4255","6","","0","0","0","0"
"698678","6117","4254","11","2024-01-12 16:23:21","9","5","0","4"
"698984","2675","4254","7","","0","0","0","0"
"700170","5967","4253","8","2023-12-26 11:30:07","4","0","1","3"
"700390","2359","4253","12","2023-03-08 15:47:20","2","2","0","0"
"700827","4964","4596","8","2023-09-11 20:25:16","32","9","20","3"
"701263","4024","4252","20","2023-11-13 18:24:21","2","0","1","1"
"701449","4764","4251","5","2023-09-07 17:53:37","2","0","0","2"
"701666","3602","4251","6","","0","0","0","0"
"701869","8546","4251","5","","0","0","0","0"
"702846","6182","4311","7","2023-11-21 09:37:01","6","4","1","1"
"703161","3067","4250","29","2023-05-02 18:08:18","1","0","1","0"
"704132","2592","4250","7","2023-09-25 20:59:05","2","1","0","1"
"704532","3178","4250","5","2024-01-17 18:52:43","2","1","0","1"
"704681","2477","4250","5","2023-10-07 12:33:16","5","0","3","2"
"704808","4801","4250","5","","0","0","0","0"
"706346","9752","4249","39","2024-01-02 15:34:25","4","1","2","1"
"706363","9901","4249","5","","0","0","0","0"
"706983","4690","4249","7","2023-05-23 19:26:34","2","1","1","0"
"709234","6706","4247","35","2024-01-27 18:30:57","21","4","8","9"
"709711","8119","4247","8","2023-06-20 05:59:03","1","0","1","0"
"710286","4180","4247","16","2023-12-08 02:07:53","5","1","2","2"
"710530","4192","4247","6","2023-08-03 18:38:05","4","2","1","1"
"712700","2172","4244","5","2023-06-27 07:17:15","1","0","1","0"
"713861","3587","4244","12","2024-01-22 19:22:46","17","0","15","2"
"714707","3755","4243","11","2024-01-24 16:00:52","30","12","13","5"
"715363","2293","4243","16","","0","0","0","0"
"715458","5708","4243","5","2023-11-16 14:28:14","5","1","0","4"
"717508","4570","4242","6","2023-12-07 21:04:55","4","2","1","1"
"718349","6552","4241","8","2023-06-26 20:33:51","4","2","2","0"
"718960","3151","4241","41","2024-01-25 13:19:47","37","9","5","23"
"721666","4977","4239","7","2023-12-14 12:20:33","4","1","2","1"
"721758","2489","4239","5","","0","0","0","0"
"722393","6617","4238","12","2024-01-21 01:41:45","18","11","4","3"
"722796","3771","4238","6","2024-01-28 02:43:07","10","5","3","2"
"726730","2433","4235","11","2024-01-15 21:29:57","16","2","4","10"
"728815","3255","4234","8","2024-01-09 08:48:58","7","1","3","3"
"729282","4403","4234","5","2023-07-28 07:11:45","1","0","1","0"
"729819","5579","4234","8","2023-09-28 13:43:32","1","0","0","1"
"731178","8496","4233","12","2023-08-06 19:10:37","7","3","0","4"
"732570","4747","4232","10","2023-06-28 11:21:37","2","1","1","0"
"733092","6654","4231","22","2023-12-03 13:06:05","25","8","9","8"
"733637","9590","4231","15","2023-12-28 12:08:12","5","1","1","3"
"733889","8307","4230","12","2023-11-30 11:32:28","10","4","3","3"
"734861","3864","4230","6","2023-11-08 07:40:12","5","2","1","2"
"735897","5510","4229","30","2023-03-06 15:10:58","1","1","0","0"
"736987","2586","4229","5","","0","0","0","0"
"737453","2662","4228","9","2023-12-29 10:29:26","11","1","4","6"
"738287","3164","4228","10","2023-08-30 16:32:13","1","0","0","1"
"738662","2579","4228","5","2023-08-07 16:20:56","1","0","0","1"
"738708","4966","4242","5","2023-10-17 06:25:37","5","1","2","2"
"738953","2386","4228","9","2023-11-06 17:36:01","3","0","0","3"
"740233","7958","4227","27","2023-10-31 11:35:20","6","4","1","1"
"740639","7795","4227","7","2023-12-11 16:04:46","1","0","0","1"
"740888","2173","4227","44","2023-12-19 04:24:04","9","2","4","3"
"741136","5433","4226","8","2024-01-03 21:33:52","46","8","12","26"
"741156","9048","4226","5","","0","0","0","0"
"741368","4055","4226","20","2024-01-13 21:32:15","25","4","6","15"
"742081","6772","4226","18","2023-11-03 10:31:45","11","2","1","8"
"744133","9505","4224","6","2023-04-07 21:34:48","2","2","0","0"
"744680","8259","4223","9","2023-05-25 10:27:37","1","0","1","0"
"746100","8387","4484","12","2024-01-10 06:11:40","10","7","0","3"
"748102","4917","4221","6","","0","0","0","0"
"748503","8154","4221","10","2023-06-25 13:07:49","2","1","1","0"
"749509","3136","4221","5","2023-09-06 02:17:45","3","1","1","1"
"750250","8971","4220","9","","0","0","0","0"
"750376","7341","4220","5","2023-07-26 11:20:09","5","0","5","0"
"751200","4328","4220","6","2023-08-21 08:40:15","7","4","2","1"
"752142","6655","4219","7","","0","0","0","0"
"752920","7030","4219","10","","0","0","0","0"
"753739","5771","4218","5","2023-12-23 21:12:02","4","0","2","2"
"754060","8433","4218","5","2023-03-09 04:23:24","2","2","0","0"
"754250","2006","4217","8","2023-07-26 05:33:48","9","6","3","0"
"754494","9055","4217","6","2023-10-22 16:00:37","5","1","3","1"
"754536","2724","4217","9","2023-12-21 15:38:40","6","3","1","2"
"757071","3920","4215","33","2023-03-31 10:34:09","1","1","0","0"
"757661","3052","4215","7","2024-01-24 16:42:57","2","0","0","2"
"757714","5927","4215","29","2024-01-31 11:47:05","34","10","13","11"
"758288","2027","4215","5","2023-12-05 08:52:52","3","0","1","2"
"758765","5404","4214","12","2024-01-14 06:48:26","10","2","1","7"
"761100","2327","4213","6","2024-01-02 18:15:43","7","3","2","2"
"761388","6419","4213","5","2023-10-21 09:13:00","2","0","0","2"
"761468","2717","4213","7","2024-01-16 20:46:25","10","4","2","4"
"761963","6726","4212","8","2024-01-03 23:20:03","2","1","0","1"
"762028","6790","4212","30","2023-07-05 06:42:07","4","1","3","0"
"762747","7654","4212","6","","0","0","0","0"
"764624","4331","4210","21","2024-01-29 08:03:41","7","1","2","4"
"765076","8016","4210","8","2023-10-06 09:41:23","1","0","0","1"
"765091","5688","4210","43","2024-01-17 17:47:55","83","15","47","21"
"765955","5567","4209","15","2024-01-30 18:14:57","6","1","2","3"
"765971","8557","4209","6","2023-10-18 14:42:53","8","4","2","2"
"766952","2948","4208","7","2023-12-26 15:53:20","2","0","0","2"
"767632","9328","4208","9","2023-11-21 09:06:23","9","1","4","4"
"767664","5314","4208","5","","0","0","0","0"
"767903","3600","4208","18","","0","0","0","0"
"768439","6472","4208","6","","0","0","0","0"
"768656","3793","4208","6","","0","0","0","0"
"769326","4606","4207","6","2023-02-17 01:36:16","1","1","0","0"
"769900","5965","4207","11","2023-10-05 12:13:45","7","2","1","4"
"771066","8895","4206","8","2023-12-25 22:41:43","3","2","0","1"
"771431","2564","4206","8","2023-08-25 22:22:16","2","1","0","1"
"771469","6174","4206","12","2023-11-04 06:17:36","4","1","1","2"
"771768","7287","4206","10","2024-01-27 00:41:30","22","7","4","11"
"772810","8794","4205","13","2023-10-04 15:38:20","15","12","1","2"
"772992","2533","4205","9","2023-04-08 22:01:17","2","2","0","0"
"773173","6965","4205","6","","0","0","0","0"
"774432","5920","4204","28","2023-11-04 09:27:51","7","2","3","2"
"774575","7858","4204","12","2024-01-04 12:05:59","20","9","4","7"
"775163","2116","4203","10","2023-11-26 11:05:02","3","1","1","1"
"776348","4153","4202","7","","0","0","0","0"
"776953","2166","4201","9","2023-05-22 11:33:57","2","0","2","0"
"777689","8379","4201","13","2023-03-07 19:14:15","3","3","0","0"
"777745","5008","4201","14","2023-11-04 07:43:17","3","0","0","3"
"777775","5251","4201","7","","0","0","0","0"
"777985","9025","4201","22","2023-02-03 22:05:43","2","2","0","0"
"778117","4930","4201","34","","0","0","0","0"
"778234","9368","4201","6","","0","0","0","0"
"778430","7680","4201","11","2023-08-15 02:12:01","3","0","1","2"
"778508","8054","4201","7","2024-01-20 10:18:25","11","0","4","7"
"778517","7387","4201","5","2024-01-14 08:09:16","9","3","1","5"
"779340","9349","4200","23","2023-12-10 13:12:00","4","3","0","1"
"780291","2604","4200","16","2024-01-24 09:14:53","3","0","0","3"
"781938","6156","4199","10","2023-10-04 21:17:51","7","3","1","3"
"782013","2015","4198","6","2023-06-09 10:17:52","4","1","3","0"
"784771","2101","4196","9","2023-07-19 15:25:01","1","0","1","0"
"785213","2047","4196","9","2023-12-01 17:45:29","9","4","2","3"
"785523","6994","4195","6","2024-01-19 07:06:58","14","3","5","6"
"785593","6114","4195","8","","0","0","0","0"
"786376","5375","4195","15","2023-10-20 21:41:18","5","0","0","5"
"786389","3814","4195","5","2024-01-23 16:13:17","10","6","0","4"
"786559","4070","4195","5","2023-12-20 12:14:14","4","2","0","2"
"786593","9669","4195","45","2024-01-18 06:08:37","3","0","0","3"
"786644","9713","4195","7","2023-11-01 06:40:38","2","1","0","1"
"787182","2124","4467","18","2023-11-06 10:58:23","12","8","1","3"
"787399","2054","4194","5","2023-03-01 11:42:27","2","2","0","0"
"787796","5711","4194","5","","0","0","0","0"
"787958","8378","4194","5","2023-07-30 17:17:27","4","2","2","0"
"788168","6482","4194","6","2024-01-17 19:32:20","26","7","4","15"
"789380","4917","4193","13","2023-10-24 19:49:11","2","1","0","1"
"790737","2202","4192","11","2023-11-08 11:22:40","2","0","1","1"
"792888","9768","4191","5","2024-01-27 14:57:21","3","1","0","2"
"793896","2861","4190","14","2024-01-04 12:29:19","10","4","2","4"
"794128","3044","4190","9","2023-11-26 05:30:49","6","0","1","5"
"794450","2437","4189","77","2024-01-31 23:48:28","25","2","2","21"
"794749","6634","4189","43","2024-01-06 00:13:41","17","9","0","8"
"795131","2300","4189","5","2023-07-20 12:29:36","2","0","2","0"
"795683","3133","4188","7","2023-08-16 10:33:34","7","3","2","2"
"795705","2643","4188","7","","0","0","0","0"
"796761","5165","4188","7","2023-10-24 19:00:08","10","4","4","2"
"796999","2492","4187","6","2023-07-07 19:30:51","1","0","1","0"
"797133","2765","4336","19","2023-07-19 05:28:25","3","0","3","0"
"797223","3481","4187","14","2023-09-12 17:34:59","6","1","4","1"
"798346","5122","4187","13","2023-03-11 16:17:29","3","3","0","0"
"798371","2582","4187","7","2023-12-26 17:47:33","2","0","0","2"
"799379","2650","4186","5","","0","0","0","0"
"800093","2324","4186","15","","0","0","0","0"
"803194","5284","4184","10","2024-01-10 09:45:36","2","1","0","1"
"803359","4083","4184","28","2023-11-22 10:50:22","5","2","0","3"
"805007","7990","4182","52","2023-12-26 16:49:30","5","1","1","3"
"805031","7900","4182","6","2023-12-04 18:11:51","2","0","0","2"
"806430","2674","4181","10","","0","0","0","0"
"806876","7434","4181","23","","0","0","0","0"
"809671","3202","4179","7","2023-08-30 00:47:40","1","0","0","1"
"810007","3211","4179","5","","0","0","0","0"
"811799","2006","4178","16","2024-01-03 12:05:48","23","6","9","8"
"812053","7194","4178","6","2023-09-18 12:23:36","3","0","2","1"
"812102","7930","4178","7","2024-01-18 11:07:31","12","5","2","5"
"812369","5631","4178","15","","0","0","0","0"
"812660","5405","4178","5","2023-06-06 18:47:01","3","2","1","0"
"812915","8172","4178","5","2023-12-17 07:56:51","3","1","0","2"
"813981","2387","4177","9","2023-07-21 23:50:26","1","0","1","0"
"814463","9219","4177","70","2023-09-18 22:30:37","1","0","0","1"
"815371","6077","4176","39","","0","0","0","0"
"815612","6684","4176","5","2023-09-30 23:38:22","3","0","1","2"
"816017","5544","4175","6","2023-11-11 13:25:00","3","1","1","1"
"816116","8061","4175","7","","0","0","0","0"
"816536","2790","4175","7","2023-03-18 01:04:42","1","1","0","0"
"818824","2373","4173","12","2023-10-19 14:46:03","3","2","0","1"
"819007","6803","4173","10","2023-10-10 06:42:11","4","2","1","1"
"819887","6066","4173","7","2024-01-31 22:19:07","27","11","2","14"
"820795","4485","4172","10","2023-03-08 09:09:29","3","3","0","0"
"821497","7108","4172","14","2023-05-04 16:59:15","4","3","1","0"
"821674","8075","4172","5","2023-10-10 19:14:37","3","2","0","1"
"821918","2748","4172","10","2023-12-27 22:47:57","10","3","5","2"
"823368","3122","4171","5","2024-01-29 21:53:14","4","2","0","2"
"823371","7130","4171","5","","0","0","0","0"
"824434","4294","4170","18","2024-01-12 11:30:28","7","6","0","1"
"824904","6326","4227","12","","0","0","0","0"
"825860","3629","4169","5","","0","0","0","0"
"826308","2596","4699","6","2024-01-28 16:55:09","10","4","2","4"
"826511","3939","4168","7","","0","0","0","0"
"827129","6742","4168","31","2023-04-13 14:40:30","2","2","0","0"
"828184","8834","4167","13","2024-01-18 22:57:45","5","2","1","2"
"830841","6448","4165","7","2023-07-22 14:28:15","2","1","1","0"
"830905","8237","4165","12","2024-01-16 22:01:56","13","2","7","4"
"830988","5001","4165","5","2024-01-01 16:01:05","4","1","1","2"
"831460","3687","4165","18","2023-11-14 09:41:25","13","3","3","7"
"832009","3067","4165","9","2023-03-15 00:22:56","2","2","0","0"
"832573","2435","4165","7","2024-01-15 06:47:54","8","1","2","5"
"832859","3240","4450","7","","0","0","0","0"
"833960","6533","4164","7","2023-09-28 01:46:56","2","1","0","1"
"834114","8723","4164","9","2024-01-31 21:22:11","4","0","1","3"
"835145","3081","4163","87","","0","0","0","0"
"836215","5346","4163","16","2024-01-30 16:40:06","20","2","8","10"
"836450","7681","4162","5","","0","0","0","0"
"836748","6860","4162","12","2023-09-08 20:45:40","9","2","4","3"
"836850","2571","4162","5","2023-03-11 16:03:57","1","1","0","0"
"836982","2476","4162","5","2024-01-16 11:45:42","2","0","1","1"
"836995","2483","4162","5","2023-06-06 12:37:17","1","0","1","0"
"837299","2617","4161","7","2023-04-23 01:11:53","1","1","0","0"
"837451","4688","4161","25","","0","0","0","0"
"837717","6176","4161","60","2023-12-04 13:26:47","22","6","3","13"
"839128","9230","4160","16","2023-11-06 12:52:40","8","1","2","5"
"839338","9608","4160","8","2023-12-18 18:45:26","4","3","0","1"
"839513","6031","4160","6","2023-08-08 10:31:06","4","3","0","1"
"841424","3129","4159","5","2023-09-13 02:17:32","2","0","0","2"
"843943","2192","4157","33","2024-01-12 10:29:17","27","1","12","14"
"844177","4305","4157","6","2023-12-18 21:28:33","6","2","1","3"
"844976","2269","4157","5","2023-09-12 11:49:00","6","3","2","1"
"845356","5307","4157","43","2023-08-03 22:32:58","4","0","3","1"
"846117","4465","4156","6","2023-04-11 09:39:17","1","1","0","0"
"846163","7803","4156","9","2023-06-29 12:11:35","1","0","1","0"
"846348","7500","4156","5","2023-11-16 14:52:20","10","2","2","6"
"846504","6248","4156","5","","0","0","0","0"
"847962","9713","4155","38","2024-01-26 13:11:29","30","6","8","16"
"848668","9804","4154","5","2023-12-04 22:57:02","5","0","3","2"
"850138","5525","4153","5","2023-11-01 03:16:09","1","0","0","1"
"850347","3504","4153","8","","0","0","0","0"
"850380","2262","4153","7","","0","0","0","0"
"850980","8304","4153","13","2023-03-16 12:27:09","1","1","0","0"
"851200","4009","4152","5","","0","0","0","0"
"854342","7457","4151","6","2023-09-15 19:30:46","11","4","4","3"
"854694","2252","4151","14","","0","0","0","0"
"857727","9848","4149","33","2024-01-24 12:45:26","31","4","8","19"
"857731","4186","4149","5","2023-11-24 21:02:18","2","0","0","2"
"859485","7748","4148","5","2023-11-11 23:10:29","3","2","0","1"
"859591","9463","4148","5","","0","0","0","0"
"860488","7856","4147","5","2023-02-07 10:23:26","1","1","0","0"
"861594","5918","4146","28","2024-01-20 18:49:39","18","5","2","11"
"861615","4689","4146","12","2023-11-21 09:06:38","7","2","3","2"
"861704","3311","4146","14","2023-11-29 11:03:16","3","2","0","1"
"862382","3831","4146","12","2023-07-26 01:37:15","4","1","3","0"
"863311","3326","4145","13","2024-01-31 13:33:40","7","1","1","5"
"863521","6378","4145","14","2023-10-23 06:58:29","9","5","2","2"
"863651","4366","4145","6","2024-01-18 16:41:24","9","0","2","7"
"864233","6533","4145","42","2023-10-05 15:46:33","11","4","5","2"
"864406","3409","4145","10","2023-06-13 16:30:13","5","3","2","0"
"864696","6338","4521","9","2023-02-03 18:39:31","1","1","0","0"
"865481","7864","4144","6","2023-12-14 18:49:21","3","0","0","3"
"866333","6806","4144","12","2024-01-18 23:18:08","7","3","1","3"
"866527","2103","4143","82","2023-08-09 11:04:10","2","0","1","1"
"866670","2252","4143","5","2023-11-12 10:17:35","2","0","1","1"
"867681","2244","4143","6","2023-02-10 09:29:53","1","1","0","0"
"868247","3631","4143","10","2023-10-31 02:40:11","3","0","2","1"
"869809","3616","4142","6","","0","0","0","0"
"869942","2403","4317","10","2024-01-18 13:10:20","9","1","2","6"
"870207","6843","4141","8","2024-01-30 13:24:12","4","0","0","4"
"871364","2819","4140","110","2023-02-02 19:56:21","2","2","0","0"
"871410","2354","4140","51","2024-01-24 11:18:39","41","12","3","26"
"873003","5468","4139","6","","0","0","0","0"
"874660","9983","4138","21","2023-11-15 03:40:48","6","3","1","2"
"874814","7686","4138","7","","0","0","0","0"
"875083","6040","4138","8","2024-01-17 07:57:56","10","3","1","6"
"876038","3273","4137","16","2023-08-17 12:53:47","5","4","0","1"
"878469","5998","4136","9","2024-01-04 08:04:28","9","2","2","5"
"878700","2690","4136","5","2024-01-10 14:04:06","5","2","1","2"
"878701","8631","4136","43","2024-01-26 10:02:04","54","17","18","19"
"879365","5392","4136","5","2023-02-06 16:37:40","1","1","0","0"
"879601","8710","4136","27","2023-12-14 15:51:58","10","7","1","2"
"879977","8531","4135","11","2023-04-17 12:20:36","3","3","0","0"
"880783","6371","4135","11","2024-01-09 12:43:43","5","2","1","2"
"882102","5768","4134","6","","0","0","0","0"
"882371","3998","4133","7","","0","0","0","0"
"882638","3569","4133","10","2023-07-29 04:54:32","3","0","3","0"
"884101","6931","4132","8","2023-02-12 07:15:14","1","1","0","0"
"884143","3977","4132","5","","0","0","0","0"
"884931","8861","4132","75","2023-09-18 13:55:18","15","9","4","2"
"885098","2715","4131","10","2023-02-28 16:42:44","1","1","0","0"
"885922","7722","4131","15","2023-02-27 06:04:06","1","1","0","0"
"886432","2266","4131","12","2023-12-09 00:14:40","19","1","4","14"
"886945","2286","4130","18","2024-01-31 16:13:31","3","0","2","1"
"887074","5368","4130","7","2023-07-23 19:47:42","3","2","1","0"
"888525","4313","4130","8","2024-01-10 01:28:23","9","2","5","2"
"888580","6010","4130","72","2024-01-25 22:31:59","66","28","17","21"
"888894","5246","4130","30","2023-12-29 02:37:47","22","0","10","12"
"889030","4853","4129","8","","0","0","0","0"
"889126","2305","4129","5","2023-02-28 08:58:23","1","1","0","0"
"889742","6217","4129","9","","0","0","0","0"
"890809","2754","4129","6","2023-07-07 02:28:38","3","1","2","0"
"891715","5403","4128","5","2023-07-18 10:23:20","2","0","2","0"
"891772","3885","4128","5","2023-11-02 18:11:02","1","0","0","1"
"893099","9049","4203","22","","0","0","0","0"
"893231","2195","4127","14","","0","0","0","0"
"893898","9738","4126","27","2023-12-30 03:14:51","26","6","3","17"
"893952","2817","4126","48","2023-11-25 02:10:06","24","20","3","1"
"893991","2424","4126","16","2023-09-04 05:36:00","40","26","13","1"
"895279","5325","4125","7","2023-10-30 02:29:07","8","4","1","3"
"895640","6813","4125","10","","0","0","0","0"
"896012","8504","4124","17","2024-01-23 10:19:23","4","0","2","2"
"896631","7028","4124","5","2023-12-04 13:38:39","5","4","0","1"
"896657","3059","4124","5","","0","0","0","0"
"896886","7341","4124","7","2024-01-09 17:42:48","4","1","1","2"
"897007","5997","4124","9","2023-12-02 19:08:54","3","0","0","3"
"898142","6890","4123","6","","0","0","0","0"
"898678","3393","4123","31","2024-01-12 06:21:33","16","0","4","12"
"899365","6544","4123","6","2023-10-11 21:57:09","1","0","0","1"
"899862","2685","4122","46","2024-01-30 13:58:45","60","21","12","27"
"899863","4101","4122","8","2023-05-26 13:52:11","4","3","1","0"
"899918","8406","4122","6","2023-11-12 00:15:16","3","1","0","2"
"900394","5378","4122","6","2024-01-21 18:54:11","1","0","0","1"
"901290","2943","4122","5","","0","0","0","0"
"901311","2387","4122","5","2023-04-17 18:40:21","1","1","0","0"
"901597","3919","4121","6","2023-11-18 00:49:23","5","2","1","2"
"901899","4336","4121","5","2023-02-27 16:14:10","1","1","0","0"
"902036","6033","4121","14","2024-01-12 06:11:32","2","0","0","2"
"903014","2253","4121","11","2023-04-17 22:00:22","1","1","0","0"
"903783","2988","4120","12","2023-06-22 16:10:13","2","1","1","0"
"904148","3765","4120","8","2023-09-27 08:49:18","6","5","0","1"
"904156","5329","4120","13","2024-01-27 10:21:59","5","1","0","4"
"904178","6534","4120","25","2023-05-31 16:43:48","7","6","1","0"
"904375","2091","4119","9","2023-03-09 00:08:31","1","1","0","0"
"904679","3813","4119","10","","0","0","0","0"
"905374","4152","4118","6","2023-07-09 14:40:40","2","0","2","0"
"905959","2477","4118","6","","0","0","0","0"
"907186","7180","4117","5","2024-01-24 22:44:38","8","0","0","8"
"907480","3584","4117","11","","0","0","0","0"
"907986","6342","4117","6","2023-12-19 12:58:19","12","0","0","12"
"908121","2716","4117","5","","0","0","0","0"
"908624","4034","4117","5","2023-08-20 20:25:13","4","3","0","1"
"909180","4896","4116","6","2023-11-16 09:43:41","3","2","0","1"
"910074","3734","4116","15","2023-12-19 16:00:25","7","2","0","5"
"913347","6875","4114","7","2023-11-08 09:57:57","6","3","1","2"
"913569","7157","4114","5","","0","0","0","0"
"913761","6568","4114","5","2024-01-31 18:02:02","4","0","1","3"
"916225","8813","4112","23","2024-01-08 09:25:42","16","9","3","4"
"916236","6558","4112","6","","0","0","0","0"
"916491","4291","4112","7","2024-01-11 07:42:18","5","0","0","5"
"916826","3205","4112","5","2023-08-01 16:10:08","3","1","0","2"
"916937","5142","4112","53","2023-03-02 10:08:36","1","1","0","0"
"917492","2472","4111","17","2023-04-05 12:15:27","1","1","0","0"
"917885","2070","4111","6","2023-11-10 12:04:29","3","0","2","1"
"918602","3673","4111","5","2023-05-16 14:38:05","2","1","1","0"
"918626","7097","4111","11","2024-01-03 22:02:30","1","0","0","1"
"918858","3342","4110","11","2023-03-09 14:42:20","1","1","0","0"
"919264","2337","4110","6","2024-01-25 16:52:43","4","0","1","3"
"920069","4925","4110","11","2023-09-18 03:15:42","3","0","1","2"
"921496","2304","4109","20","2023-10-27 23:17:26","10","1","4","5"
"921573","8847","4109","24","2024-01-09 17:25:25","8","2","2","4"
"922723","3465","4108","5","","0","0","0","0"
"923557","3923","4108","7","2023-06-28 10:10:48","1","0","1","0"
"924677","7365","4107","6","2023-12-06 16:17:11","3","0","1","2"
"924820","6913","4107","5","","0","0","0","0"
"925135","6522","4107","43","2023-08-05 12:19:26","9","3","5","1"
"925196","5643","4107","6","2023-07-14 09:34:31","4","0","4","0"
"925592","4175","4107","30","2024-01-31 17:20:28","7","3","1","3"
"925649","5907","4107","5","","0","0","0","0"
"927172","6775","4105","9","","0","0","0","0"
"928532","4176","4104","6","2023-12-29 21:47:59","12","0","2","10"
"929026","2036","4104","5","","0","0","0","0"
"929321","3454","4104","8","2024-01-21 05:03:23","2","0","1","1"
"929437","5348","4104","5","2023-12-08 23:47:12","3","0","0","3"
"931247","8590","4103","10","2023-10-12 09:32:54","5","2","2","1"
"931625","4140","4103","6","2024-01-26 02:05:04","12","3","4","5"
"932052","5945","4102","8","2023-08-08 20:53:31","11","6","4","1"
"933198","8002","4102","56","2023-11-08 09:21:16","2","0","1","1"
"934719","6970","4101","14","2023-07-25 20:06:47","2","1","1","0"
"934829","3523","4101","5","","0","0","0","0"
"935330","9683","4101","5","2024-01-01 23:20:47","17","5","7","5"
"935715","2118","4101","9","2023-12-14 17:37:54","3","0","0","3"
"936269","2208","4100","7","2023-12-12 09:38:03","6","1","1","4"
"936284","3389","4100","6","2023-08-14 19:28:52","4","3","0","1"
"936494","6588","4100","5","2023-11-03 15:20:01","2","0","0","2"
"937938","2669","4099","7","2023-02-17 00:47:48","2","2","0","0"
"938227","3430","4099","30","","0","0","0","0"
"938436","6598","4099","7","2023-09-11 19:15:52","5","4","0","1"
"938956","3539","4098","7","","0","0","0","0"
"939133","5336","4098","38","","0","0","0","0"
"939630","7081","4098","6","2023-05-01 12:24:01","1","0","1","0"
"940637","2816","4097","5","2023-05-08 14:31:37","2","1","1","0"
"941548","2616","4097","6","2023-08-22 14:43:00","2","1","0","1"
"942261","3143","4096","6","","0","0","0","0"
"942774","5340","4096","5","2023-09-27 10:26:22","2","0","1","1"
"943435","7579","4096","80","2023-12-15 13:07:18","22","11","3","8"
"944070","6550","4095","7","","0","0","0","0"
"944190","5062","4095","6","2023-04-18 19:11:33","4","4","0","0"
"944474","4896","4095","8","","0","0","0","0"
"944911","6833","4095","8","2024-01-31 20:45:38","54","9","7","38"
"945226","6705","4095","5","2023-09-14 18:51:05","5","1","1","3"
"945871","6484","4094","15","2024-01-20 03:01:09","14","2","4","8"
"946478","7428","4094","9","2023-11-28 10:52:00","7","2","3","2"
"946500","6944","4094","12","2023-02-22 10:24:57","1","1","0","0"
"946904","5916","4094","5","","0","0","0","0"
"947012","3264","4094","5","2023-02-06 05:23:49","2","2","0","0"
"947229","2518","4094","9","2023-10-31 01:54:51","1","0","0","1"
"947386","6279","4094","5","2023-09-07 15:17:48","1","0","0","1"
"947473","4730","4094","7","","0","0","0","0"
"948359","3929","4093","13","2024-01-17 15:45:45","8","2","0","6"
"948397","4506","4093","14","2023-11-29 12:40:02","4","2","0","2"
"949255","6197","4093","5","","0","0","0","0"
"949280","2199","4093","5","2023-02-17 18:05:25","2","2","0","0"
"949327","6033","4093","41","2023-10-02 14:32:09","3","0","1","2"
"950762","7098","4092","5","","0","0","0","0"
"952480","3253","4090","12","2024-01-16 13:28:45","4","0","0","4"
"953496","6710","4090","5","","0","0","0","0"
"954643","8084","4089","21","2024-01-26 13:47:36","4","2","0","2"
"955594","6439","4089","29","2023-11-19 05:28:51","5","0","2","3"
"957185","2379","4088","24","2024-01-17 16:54:25","4","2","1","1"
"957186","8566","4088","8","2023-05-19 14:35:18","3","1","2","0"
"957841","3507","4088","19","2024-01-24 11:12:14","7","0","0","7"
"959060","4163","4087","5","2023-02-23 14:09:18","1","1","0","0"
"959329","4407","4087","8","2023-03-28 17:57:46","9","9","0","0"
"960819","3250","4086","5","2023-12-20 14:33:00","4","1","0","3"
"960875","9426","4086","19","2024-01-30 18:18:56","18","5","7","6"
"963195","8475","4084","5","2023-12-23 04:33:02","3","0","2","1"
"965666","2573","4083","5","","0","0","0","0"
"966179","2631","4082","7","2023-10-24 06:46:28","4","0","2","2"
"966656","3027","4082","5","2023-08-29 19:12:49","3","2","0","1"
"966940","2448","4321","7","","0","0","0","0"
"967885","4620","4082","12","2023-10-09 21:32:30","6","0","3","3"
"968003","9144","4082","8","2023-08-11 01:05:03","2","0","1","1"
"968671","2082","4081","8","2023-10-09 12:37:26","1","0","0","1"
"970422","3156","4080","100","","0","0","0","0"
"970998","6489","4080","5","","0","0","0","0"
"971695","2650","4080","8","2023-07-30 15:08:00","4","3","1","0"
"971735","7453","4080","46","2024-01-30 23:32:20","83","26","21","36"
"972828","6161","4079","6","2023-04-11 12:57:53","1","1","0","0"
"973402","2087","4079","6","","0","0","0","0"
"974369","9038","4078","7","2023-09-21 19:48:07","4","0","1","3"
"974531","7281","4222","9","","0","0","0","0"
"974700","3853","4078","6","2024-01-11 20:30:54","3","0","1","2"
"975164","3930","4077","80","2023-09-27 12:17:23","3","0","1","2"
"975887","7488","4077","9","2023-10-25 09:12:49","3","0","1","2"
"976470","7689","4076","5","","0","0","0","0"
"977177","6011","4076","5","2023-03-03 12:13:55","1","1","0","0"
"978057","8243","4075","39","2024-01-21 22:51:48","18","3","9","6"
"978302","2112","4075","6","2023-12-25 05:15:32","10","2","0","8"
"979052","7462","4075","86","2023-07-22 12:17:53","4","3","1","0"
"979474","5574","4075","5","2023-03-03 14:07:00","2","2","0","0"
"979898","3634","4074","6","2023-06-14 08:51:59","1","0","1","0"
"980059","8417","4074","5","","0","0","0","0"
"980439","2261","4074","8","","0","0","0","0"
"980521","4010","4074","8","","0","0","0","0"
"982364","2943","4073","6","2023-02-17 16:33:08","1","1","0","0"
"983178","2542","4073","15","","0","0","0","0"
"983559","5188","4072","13","2024-01-18 16:02:15","8","2","2","4"
"984422","9398","4072","59","2023-12-07 19:50:42","59","56","0","3"
"984975","8034","4071","7","2023-11-04 07:29:49","2","1","0","1"
"988260","9910","4069","8","","0","0","0","0"
"989185","6110","4068","8","","0","0","0","0"
"989697","7983","4068","5","","0","0","0","0"
"989920","4142","4068","21","2023-02-17 17:12:24","1","1","0","0"
"990129","5780","4068","8","","0","0","0","0"
"990193","4893","4068","5","2023-10-16 13:39:55","2","1","0","1"
"991710","3754","4067","10","2023-10-26 16:48:42","6","2","3","1"
"992165","8459","4067","7","2023-10-07 07:02:52","4","2","1","1"
"992401","4164","4067","21","2023-10-25 16:10:30","2","1","0","1"
"992964","5681","4066","8","2023-07-17 05:35:51","3","1","2","0"
"995018","4531","4065","11","2024-01-29 06:30:35","7","1","2","4"
"995052","8908","4581","127","","0","0","0","0"
"995935","3760","4065","10","2024-01-26 16:40:47","6","3","1","2"
"996787","6733","4064","20","2023-09-28 11:31:24","4","0","3","1"
"996815","7928","4064","33","2024-01-30 17:43:03","22","5","4","13"
"996946","3370","4064","10","","0","0","0","0"
"997251","8142","4064","9","2024-01-25 09:44:26","5","1","1","3"
"997378","6367","4064","5","2023-08-31 21:01:48","2","1","0","1"
"997977","3796","4063","11","2023-07-05 17:50:34","4","1","3","0"
"997979","3296","4063","10","2023-12-28 10:21:08","2","0","1","1"
"998126","2239","4063","5","2023-11-30 19:24:48","6","2","0","4"
"998829","3693","4062","13","","0","0","0","0"
"999223","2122","4062","9","","0","0","0","0"
"999270","3678","4062","6","2023-09-06 19:39:37","1","0","0","1"
"1000939","3686","4061","7","","0","0","0","0"
"1001199","2858","4061","10","2023-05-19 22:14:04","2","0","2","0"
"1002613","3857","4060","11","2023-10-06 03:58:09","5","4","0","1"
"1003059","9715","4060","11","","0","0","0","0"
"1005136","2204","4059","6","2023-11-10 10:10:32","1","0","0","1"
"1006854","7441","4058","9","2023-04-26 21:17:48","1","1","0","0"
"1006936","2528","4058","6","","0","0","0","0"
"1007074","2726","4058","6","2024-01-11 09:33:44","9","0","2","7"
"1008012","2255","4057","7","2023-10-26 14:42:03","4","0","2","2"
"1008142","2226","4057","21","2023-10-29 14:58:26","3","0","2","1"
"1008162","7461","4057","5","2023-10-19 13:37:57","2","0","0","2"
"1008361","4294","4057","14","2024-01-18 13:42:43","14","5","4","5"
"1008568","4125","4057","40","2024-01-24 09:16:24","31","7","6","18"
"1008588","2774","4057","9","2023-11-28 08:14:52","13","0","1","12"
"1008596","4659","4057","30","2023-06-29 20:11:13","5","4","1","0"
"1008762","5701","4057","5","2023-08-27 11:15:40","1","0","0","1"
"1008794","4941","4057","33","2024-01-22 08:17:28","16","5","3","8"
"1008957","7195","4057","5","2023-06-28 13:50:41","3","1","2","0"
"1009270","2736","4056","6","2024-01-12 23:30:42","3","2","0","1"
"1009442","8993","4056","44","2023-08-29 03:22:56","1","0","0","1"
"1009546","6358","4056","49","2023-09-15 08:56:52","6","0","0","6"
"1009823","7707","4056","102","2024-01-31 18:00:32","23","0","0","23"
"1012914","3964","4054","12","2023-03-29 17:21:41","3","3","0","0"
"1013079","2091","4054","5","2023-04-28 11:00:07","2","2","0","0"
"1013183","7084","4054","5","2023-08-28 10:26:36","5","1","0","4"
"1015181","2050","4053","7","2023-08-13 19:10:10","7","4","2","1"
"1015258","5924","4053","5","2023-12-10 19:40:20","3","1","0","2"
"1015273","4002","4053","10","","0","0","0","0"
"1015385","7596","4053","6","2023-08-05 13:26:12","2","0","1","1"
"1015571","8120","4053","8","2023-02-08 00:29:39","2","2","0","0"
"1015820","2206","4052","14","2024-01-02 20:00:11","11","4","2","5"
"1016004","6564","4052","19","2024-01-08 12:49:59","12","2","3","7"
"1016065","3922","4052","5","2023-06-06 08:55:55","2","0","2","0"
"1017722","3276","4051","8","2023-03-31 20:18:56","1","1","0","0"
"1018154","4279","4051","27","2024-01-05 09:05:02","13","4","4","5"
"1018790","6314","4051","11","2024-01-28 09:19:24","5","1","0","4"
"1019129","7566","4051","7","2023-08-05 23:47:23","1","0","0","1"
"1019307","9737","4050","5","","0","0","0","0"
"1019455","9714","4050","8","2023-12-29 04:18:18","7","1","2","4"
"1019850","6114","4050","81","2023-11-23 05:15:49","14","2","5","7"
"1021504","6444","4048","21","2023-10-10 06:51:21","2","0","0","2"
"1021720","9476","4048","25","2023-07-18 09:39:33","2","0","2","0"
"1021819","8595","4048","23","2023-10-19 19:57:42","8","2","4","2"
"1022333","8922","4048","12","2024-01-31 03:45:04","18","4","0","14"
"1022919","6526","4047","5","","0","0","0","0"
"1023110","3823","4047","5","2023-10-10 00:33:48","2","1","0","1"
"1025379","3796","4046","5","2023-11-14 11:30:13","1","0","0","1"
"1025430","6256","4046","7","2023-09-08 12:43:02","4","1","2","1"
"1026619","3429","4046","17","2023-12-14 10:44:39","4","0","0","4"
"1028256","4178","4045","8","","0","0","0","0"
"1030099","4140","4044","7","2023-03-07 11:01:17","1","1","0","0"
"1030410","8544","4044","55","2023-11-14 15:07:31","1","0","0","1"
"1030413","2191","4044","11","2023-12-02 00:50:20","6","0","0","6"
"1031296","3722","4043","6","","0","0","0","0"
"1031454","6211","4043","5","","0","0","0","0"
"1032655","2681","4042","17","","0","0","0","0"
"1032658","4903","4042","8","","0","0","0","0"
"1032663","7918","4042","20","","0","0","0","0"
"1033326","2074","4041","9","2023-03-24 08:55:12","18","18","0","0"
"1034248","2708","4041","10","2023-02-14 11:32:11","2","2","0","0"
"1036843","7130","4039","10","2023-12-04 11:54:13","3","0","0","3"
"1037345","6393","4039","10","2023-09-20 20:53:24","3","2","0","1"
"1037613","3536","4039","7","2023-10-24 07:53:44","4","0","1","3"
"1038034","6408","4039","11","2024-01-31 18:36:04","2","0","0","2"
"1039774","5381","4038","10","2023-10-12 23:04:45","7","4","0","3"
"1040035","4169","4038","44","2023-12-01 08:17:39","1","0","0","1"
"1040092","7922","4038","6","2023-03-20 18:52:46","1","1","0","0"
"1041205","6832","4037","5","2023-07-03 08:08:25","1","0","1","0"
"1041631","3625","4037","53","","0","0","0","0"
"1043137","6814","4036","20","2023-10-05 15:23:47","3","0","2","1"
"1043231","6333","4036","7","","0","0","0","0"
"1045004","9248","4034","6","2023-07-16 18:17:49","3","1","2","0"
"1045211","4799","4034","9","2023-11-03 14:42:58","2","0","0","2"
"1045510","5167","4034","8","","0","0","0","0"
"1047213","2045","4033","10","2024-01-29 16:06:08","35","9","22","4"
"1047418","3983","4033","5","2024-01-03 07:27:57","8","3","3","2"
"1047713","7206","4033","5","","0","0","0","0"
"1048186","3936","4033","5","2023-12-18 16:40:19","3","1","1","1"
"1048433","6237","4033","8","2023-11-10 18:56:44","1","0","0","1"
"1048799","3758","4032","14","","0","0","0","0"
"1049542","3262","4032","7","2023-12-05 13:10:28","14","8","1","5"
"1049685","4792","4032","10","","0","0","0","0"
"1049710","2745","4032","5","2024-01-19 08:48:37","4","1","0","3"
"1051244","4285","4031","5","2023-06-26 09:37:02","1","0","1","0"
"1051677","5367","4031","13","2023-11-10 05:50:47","12","3","2","7"
"1052130","9145","4031","53","2024-01-31 10:54:29","72","29","14","29"
"1052284","9643","4031","5","2023-11-18 16:14:29","2","0","0","2"
"1052622","2526","4031","6","","0","0","0","0"
"1054154","6264","4030","21","2023-10-16 23:58:25","1","0","0","1"
"1054268","8248","4030","9","2023-06-30 10:37:02","1","0","1","0"
"1054484","8534","4030","6","2023-08-01 22:52:37","3","2","0","1"
"1055015","5449","4029","5","2023-10-25 11:07:51","2","0","0","2"
"1055144","2352","4029","5","2023-05-04 04:11:18","6","0","6","0"
"1055200","8870","4029","12","2023-04-20 11:42:28","1","1","0","0"
"1055809","2498","4029","5","2023-06-12 12:38:11","2","1","1","0"
"1056118","8040","4147","7","2023-11-29 13:16:02","2","0","0","2"
"1056174","6661","4028","5","2023-03-20 18:55:10","1","1","0","0"
"1056460","4159","4028","28","2024-01-28 14:45:42","11","2","3","6"
"1056632","8522","4028","35","2024-01-09 17:19:35","24","6","3","15"
"1057157","5962","4027","29","2023-12-17 00:27:01","7","0","2","5"
"1058166","5119","4027","5","2023-12-01 22:03:18","3","2","0","1"
"1058262","2126","4027","25","2023-10-19 22:13:48","13","10","1","2"
"1058302","8264","4027","7","","0","0","0","0"
"1059969","5542","4026","24","2023-12-08 11:27:22","16","8","3","5"
"1061193","5711","4181","5","2023-12-14 02:42:34","9","2","0","7"
"1062189","3613","4025","6","2023-08-17 10:44:34","15","5","8","2"
"1062225","4668","4025","19","","0","0","0","0"
"1065780","5904","4023","10","2023-07-31 20:22:56","1","0","1","0"
"1066424","6490","4022","7","2023-10-01 16:43:11","1","0","0","1"
"1067120","2037","4022","5","2023-09-21 10:40:54","2","1","0","1"
"1071698","2486","4019","12","2024-01-09 10:28:15","1","0","0","1"
"1072091","6980","4019","12","2024-01-13 21:12:50","22","9","5","8"
"1073696","2774","4018","5","2023-03-21 13:49:24","2","2","0","0"
"1073742","2762","4018","10","2024-01-30 11:08:43","4","3","0","1"
"1074135","2014","4018","13","2024-01-09 12:53:44","10","8","1","1"
"1074621","2387","4017","16","","0","0","0","0"
"1074799","5306","4017","7","2023-09-02 05:59:54","5","2","2","1"
"1075247","7325","4017","16","2023-11-14 15:01:24","7","2","2","3"
"1075282","9153","4017","18","2024-01-29 09:50:10","23","2","5","16"
"1075459","4852","4017","8","2023-11-03 11:32:40","2","0","1","1"
"1075466","3363","4017","22","2023-10-05 09:53:17","10","2","4","4"
"1076113","2805","4017","7","2023-11-16 10:27:47","3","2","0","1"
"1076264","2862","4017","59","","0","0","0","0"
"1076562","6580","4016","30","2023-12-15 23:48:33","9","5","2","2"
"1076965","6641","4016","9","2023-11-15 11:35:15","9","1","2","6"
"1077272","3083","4016","5","","0","0","0","0"
"1077539","4400","4016","6","2023-08-22 06:30:47","2","0","1","1"
"1077633","3891","4016","9","2023-10-10 07:10:43","3","0","1","2"
"1078986","2598","4015","16","2023-02-22 10:04:37","1","1","0","0"
"1079430","2052","4015","6","2023-11-30 20:02:21","8","3","1","4"
"1080523","8733","4014","71","2023-04-24 14:30:33","1","1","0","0"
"1081418","2584","4013","7","2023-11-23 13:45:49","4","2","0","2"
"1081918","4218","4013","8","2023-08-15 16:01:06","2","1","0","1"
"1081936","3399","4013","7","","0","0","0","0"
"1081942","5166","4013","5","","0","0","0","0"
"1082004","7875","4013","6","2023-10-31 10:20:34","2","0","1","1"
"1082434","3973","4013","15","2023-10-25 22:27:02","8","2","3","3"
"1082435","5327","4013","18","2023-05-18 17:34:54","4","3","1","0"
"1083855","4596","4012","8","2024-01-18 23:39:49","5","0","0","5"
"1083921","6214","4012","14","2023-09-25 17:49:35","4","0","3","1"
"1084168","5883","4012","6","2024-01-05 16:49:29","8","3","3","2"
"1084684","7251","4011","5","2024-01-18 15:45:04","3","1","0","2"
"1084742","5543","4288","5","2023-05-11 13:25:43","2","0","2","0"
"1085264","5058","4011","8","2023-02-13 06:07:54","1","1","0","0"
"1085483","8954","4011","7","2023-05-02 17:07:07","2","1","1","0"
"1085736","8711","4011","10","2024-01-17 17:17:44","3","0","2","1"
"1085958","5592","4011","5","2023-03-04 20:06:15","1","1","0","0"
"1086346","2273","4011","5","2023-09-19 03:45:04","3","1","1","1"
"1087623","2588","4010","11","","0","0","0","0"
"1087627","2656","4010","9","2023-07-27 08:08:41","5","2","3","0"
"1087978","3850","4010","18","2024-01-06 17:53:14","8","2","1","5"
"1088345","6764","4010","5","","0","0","0","0"
"1088866","8021","4009","11","2024-01-20 21:44:40","2","1","0","1"
"1089267","2943","4009","6","2023-11-27 01:23:07","4","1","1","2"
"1089494","3382","4009","6","2023-02-24 10:21:09","1","1","0","0"
"1090360","4234","4009","5","2023-10-17 16:47:11","5","1","2","2"
"1090455","7129","4009","5","2023-12-07 01:20:14","2","0","0","2"
"1094616","6278","4006","6","","0","0","0","0"
"1095495","6347","4005","10","","0","0","0","0"
"1096967","2102","4004","5","2023-04-11 17:16:59","4","4","0","0"
"1097104","9752","4803","9","2023-09-15 11:20:10","2","1","0","1"
"1098303","2167","4004","11","","0","0","0","0"
"1098603","3166","4004","5","2023-10-30 16:17:07","4","1","1","2"
"1099314","8833","4003","5","2023-10-09 08:31:40","3","1","1","1"
"1099823","6046","4003","10","2023-09-01 23:15:03","6","2","3","1"
"1100301","3180","4003","7","2023-12-04 18:02:51","1","0","0","1"
"1100654","4396","4003","5","2023-05-31 04:05:03","1","0","1","0"
"1101570","2590","4002","9","2023-09-21 06:21:48","4","2","1","1"
"1101692","6618","4002","11","2023-07-25 12:06:30","5","1","4","0"
"1101713","6342","4002","41","2024-01-10 18:59:22","10","0","4","6"
"1103700","3342","4001","5","2023-06-15 19:18:04","2","1","1","0"
"1104534","2354","4000","7","2023-08-12 13:13:36","4","3","0","1"
"1104885","3305","4000","8","2023-07-03 06:20:32","2","0","2","0"
"1105564","3467","3999","14","2023-08-01 12:34:57","11","8","2","1"
"1106540","2158","3999","12","2023-05-26 15:34:48","1","0","1","0"
"1106835","2044","3999","9","2023-11-15 03:01:18","23","2","9","12"
"1107013","2110","3998","10","2023-12-10 00:43:04","3","2","0","1"
"1107226","8939","3998","6","2023-10-04 21:47:43","9","7","0","2"
"1108697","3761","3998","13","2023-11-15 15:23:37","6","0","0","6"
"1109179","6889","3997","7","2023-09-20 08:27:52","1","0","0","1"
"1109583","5018","3997","8","2023-05-16 12:24:16","4","3","1","0"
"1109858","2664","3997","15","2023-12-01 15:02:48","4","2","0","2"
"1110291","4474","3997","20","2023-02-12 23:18:48","1","1","0","0"
"1110305","3789","3997","9","2024-01-05 10:05:25","4","1","1","2"
"1111169","5094","3996","20","2023-08-11 09:10:46","6","0","4","2"
"1112325","3047","3996","5","","0","0","0","0"
"1112631","3041","3996","21","2023-10-07 18:21:19","55","26","20","9"
"1113766","5081","3995","12","2023-03-06 03:46:44","1","1","0","0"
"1114453","9132","3994","63","2024-01-21 13:26:07","35","13","8","14"
"1114530","7079","3994","6","2023-02-08 13:28:52","1","1","0","0"
"1115090","4030","3993","6","","0","0","0","0"
"1115951","3843","3992","79","2023-09-27 09:58:24","20","14","2","4"
"1116431","2841","3992","6","2023-07-21 17:02:14","4","1","3","0"
"1116434","2088","3992","8","2023-09-28 09:53:59","2","0","1","1"
"1116508","8472","3992","8","2023-07-25 12:50:29","3","1","2","0"
"1119161","2123","3990","7","2023-07-19 15:26:42","11","10","1","0"
"1119381","6958","3990","5","2024-01-09 18:39:59","1","0","0","1"
"1119550","3521","3990","9","","0","0","0","0"
"1119601","7369","3990","5","2023-11-15 14:23:59","10","3","3","4"
"1119602","2493","3990","7","2023-10-28 21:39:55","6","3","2","1"
"1121864","2388","3989","6","","0","0","0","0"
"1121883","6125","3989","7","","0","0","0","0"
"1123206","7512","3988","16","","0","0","0","0"
"1123717","2414","3987","8","2023-07-02 18:49:23","4","2","2","0"
"1123905","5071","3987","5","","0","0","0","0"
"1124509","5964","3987","14","2023-10-10 10:21:59","6","1","0","5"
"1124565","2448","3987","5","","0","0","0","0"
"1125062","4631","3986","12","","0","0","0","0"
"1127516","4478","3984","5","","0","0","0","0"
"1127920","2988","3984","5","2024-01-02 12:02:54","1","0","0","1"
"1127924","2709","3984","13","2023-11-07 20:09:33","7","2","2","3"
"1127933","5767","3984","12","2024-01-18 21:09:28","3","0","2","1"
"1128632","4718","3984","8","2023-06-21 15:36:59","3","1","2","0"
"1128705","5982","3984","6","2023-08-22 10:36:24","2","1","0","1"
"1129564","9883","3983","17","","0","0","0","0"
"1130097","5562","5219","5","","0","0","0","0"
"1130270","3333","3983","7","2023-03-19 06:29:28","1","1","0","0"
"1132334","8758","3982","7","2023-12-20 15:19:05","9","2","4","3"
"1133021","4965","3982","10","","0","0","0","0"
"1134192","7506","3981","7","2023-12-30 16:00:18","5","3","1","1"
"1134885","5405","3981","7","2023-04-18 19:36:04","1","1","0","0"
"1134902","4906","3981","17","","0","0","0","0"
"1135440","2746","3980","25","2023-12-31 11:48:25","6","0","0","6"
"1135971","8771","3980","6","2023-12-29 08:26:52","17","2","2","13"
"1136195","6191","3980","13","2024-01-17 14:31:32","22","4","2","16"
"1136807","2119","3979","5","2023-08-12 05:17:25","7","2","4","1"
"1137713","2465","3979","10","2023-02-26 18:15:05","3","3","0","0"
"1137796","4336","3978","7","2023-02-26 15:17:53","7","7","0","0"
"1138311","2841","3978","17","2023-11-03 14:39:55","20","5","5","10"
"1138498","5150","3978","5","2023-08-18 11:50:34","2","1","0","1"
"1139500","2307","3978","6","2023-07-13 12:26:21","3","0","3","0"
"1140065","7315","3977","21","2024-01-27 01:42:33","9","0","4","5"
"1141805","2569","3977","8","2023-06-27 20:28:12","16","2","14","0"
"1143349","4310","3976","17","2024-01-18 20:20:09","10","1","3","6"
"1143387","5304","3976","25","","0","0","0","0"
"1143681","4946","3976","25","2024-01-20 16:45:47","11","1","6","4"
"1144248","7346","3976","9","","0","0","0","0"
"1144952","3569","3975","6","2023-11-15 20:21:28","1","0","0","1"
"1148194","4671","3974","50","2023-12-12 22:53:14","1","0","0","1"
"1148411","6457","3974","28","2023-09-11 07:38:46","15","10","3","2"
"1148770","2709","3973","9","","0","0","0","0"
"1149398","6189","3973","5","2023-09-19 16:39:45","1","0","0","1"
"1149632","4285","3973","8","","0","0","0","0"
"1149933","3313","3972","5","2023-04-23 20:52:39","1","1","0","0"
"1150961","9937","3972","5","2023-07-18 19:48:33","3","2","1","0"
"1151983","2139","3971","39","2023-12-08 10:46:01","12","8","2","2"
"1153022","7041","3970","15","2023-11-13 22:45:58","2","0","0","2"
"1153290","6898","3970","23","2023-11-24 05:43:04","6","0","2","4"
"1153988","5549","3970","10","","0","0","0","0"
"1154447","5865","3970","10","2023-07-31 19:13:37","3","0","3","0"
"1154773","8108","3970","25","2024-01-14 15:18:10","16","0","1","15"
"1155514","5074","3969","14","2023-11-07 03:54:48","3","1","0","2"
"1156199","5618","3969","16","2023-08-31 22:12:11","12","5","4","3"
"1157173","3751","3969","14","2023-12-13 13:23:27","4","0","1","3"
"1157557","2589","3968","9","2023-10-29 08:07:51","1","0","0","1"
"1159167","4458","3968","11","2023-06-14 00:16:00","7","5","2","0"
"1159604","9851","3968","17","2023-06-02 16:47:54","2","0","2","0"
"1159735","3365","3967","5","","0","0","0","0"
"1159783","2769","3967","21","","0","0","0","0"
"1161484","9415","3967","52","2023-12-19 06:31:45","21","6","6","9"
"1162077","6826","3966","15","2023-12-13 12:09:27","8","0","3","5"
"1163485","2934","3965","28","2023-04-19 09:00:54","2","2","0","0"
"1165643","2056","3964","8","2023-10-10 23:00:37","4","1","1","2"
"1165724","4499","3964","49","2024-01-03 16:23:38","8","4","1","3"
"1166087","4435","3963","29","2023-12-11 18:54:46","38","24","8","6"
"1166593","2167","3963","29","2023-07-27 05:23:14","3","0","3","0"
"1166774","5707","3963","5","2023-12-13 14:00:07","2","1","0","1"
"1166877","3567","3963","12","2023-11-28 09:00:51","18","6","3","9"
"1167428","3648","3963","12","","0","0","0","0"
"1167890","9357","4212","14","2023-11-18 06:43:11","8","1","1","6"
"1168223","2764","3963","21","2023-12-12 02:02:34","8","7","0","1"
"1168403","4605","3962","8","2023-10-03 02:19:01","2","0","0","2"
"1168524","8124","4207","5","2023-02-22 21:29:28","1","1","0","0"
"1168802","6322","3962","6","2023-11-03 13:53:42","4","1","1","2"
"1169968","2000","3962","7","2023-12-07 08:26:26","2","1","0","1"
"1170207","6003","3962","15","2023-10-11 15:26:03","1","0","0","1"
"1170451","3278","3961","11","2023-03-02 17:03:49","7","7","0","0"
"1171116","2878","3961","6","","0","0","0","0"
"1171702","5084","3961","7","2024-01-15 04:08:26","2","0","0","2"
"1171899","3503","3961","5","2024-01-29 03:44:10","4","1","1","2"
"1172194","2265","3961","6","","0","0","0","0"
"1172363","2434","3961","16","2023-07-13 14:21:27","3","2","1","0"
"1172996","2203","3960","8","2023-11-26 20:30:17","4","1","1","2"
"1173674","9488","3960","14","","0","0","0","0"
"1174076","7579","3960","20","","0","0","0","0"
"1174102","3003","3960","15","2023-09-05 00:44:42","5","0","4","1"
"1174378","8393","3960","6","2023-12-18 03:09:14","6","3","0","3"
"1174405","6711","3960","5","2023-09-19 18:13:41","5","0","3","2"
"1175065","6358","3959","5","","0","0","0","0"
"1175739","2837","3959","6","2023-06-23 07:43:37","4","1","3","0"
"1176037","2115","3958","7","","0","0","0","0"
"1176162","4628","3958","18","2023-04-13 19:08:12","1","1","0","0"
"1176987","3625","3958","5","2023-10-25 19:14:41","4","0","2","2"
"1178016","8400","3957","20","","0","0","0","0"
"1178416","2871","3957","5","","0","0","0","0"
"1178759","4503","3957","7","2023-12-08 08:38:17","5","2","2","1"
"1178806","7794","3957","24","2023-07-15 14:13:01","16","4","12","0"
"1178971","2554","3957","8","2023-08-17 11:14:48","2","0","0","2"
"1179689","2718","3956","5","","0","0","0","0"
"1179828","5308","3956","21","2023-12-21 09:51:35","8","1","0","7"
"1180365","9806","3956","6","2023-02-01 10:18:43","1","1","0","0"
"1180397","2363","3956","8","2024-01-09 19:29:18","2","0","0","2"
"1181067","2635","3956","16","2023-08-11 18:13:47","1","0","0","1"
"1181353","6089","3956","14","2023-09-01 17:50:50","2","0","1","1"
"1183010","8230","3955","5","2023-07-06 07:01:50","1","0","1","0"
"1184154","3601","3954","5","","0","0","0","0"
"1184181","2154","3954","23","","0","0","0","0"
"1184752","4465","3954","27","2023-11-09 07:01:56","8","1","2","5"
"1184933","5657","3954","5","2023-10-03 15:17:35","1","0","0","1"
"1185169","8525","3954","16","2023-10-11 13:55:39","4","1","0","3"
"1186624","5261","3953","90","2024-01-08 04:08:20","110","60","35","15"
"1187067","3001","3953","5","","0","0","0","0"
"1187211","5769","3953","12","2024-01-06 04:46:51","3","1","1","1"
"1188074","3443","3953","48","2023-12-04 20:56:14","26","20","1","5"
"1188729","3227","3952","5","2023-12-14 14:38:40","5","1","0","4"
"1190051","2111","3951","5","2023-07-12 09:47:18","5","2","3","0"
"1190077","3206","3951","6","2023-04-21 22:36:02","3","3","0","0"
"1191147","6669","3951","39","2024-01-01 20:56:39","63","17","8","38"
"1191749","4596","3950","29","2023-09-14 03:52:22","12","7","4","1"
"1191830","6069","3950","5","2023-10-24 02:00:55","3","0","0","3"
"1193622","4586","3949","10","2023-04-12 14:57:58","1","1","0","0"
"1194525","2825","3949","7","2023-05-18 10:51:33","2","1","1","0"
"1195050","6193","3949","6","2023-05-10 14:22:08","1","0","1","0"
"1195207","2959","3949","7","2023-11-14 15:21:01","6","3","2","1"
"1195266","3547","3949","7","2023-02-07 12:21:55","1","1","0","0"
"1197405","2092","3948","7","","0","0","0","0"
"1198379","4862","3948","23","2023-08-15 13:57:39","18","3","14","1"
"1198813","2001","3947","15","2023-10-13 20:55:35","3","1","1","1"
"1199594","6183","3947","6","2023-07-05 14:24:59","1","0","1","0"
"1200914","3092","3947","13","2023-08-10 14:58:46","3","2","0","1"
"1200984","2309","3946","5","2023-05-04 20:53:07","5","4","1","0"
"1201612","2200","3946","6","","0","0","0","0"
"1201787","2290","3946","18","2023-04-12 09:41:13","1","1","0","0"
"1201863","6322","3946","7","2024-01-13 21:26:51","10","2","3","5"
"1202172","8724","3946","23","","0","0","0","0"
"1202674","2810","3946","5","","0","0","0","0"
"1203580","4162","3945","18","2023-07-03 10:07:58","5","2","3","0"
"1203738","3646","3945","49","2023-10-06 22:09:11","12","2","4","6"
"1204665","2718","3944","28","2024-01-25 12:56:37","29","5","3","21"
"1205448","8358","3944","111","2023-12-14 17:37:43","52","21","19","12"
"1207193","7922","3943","18","2023-11-28 22:31:56","2","0","0","2"
"1207289","3313","3943","9","2023-11-29 19:58:11","15","3","6","6"
"1208218","2246","3942","5","2023-10-12 10:18:12","1","0","0","1"
"1209198","2614","3942","8","2023-09-29 17:38:39","4","2","1","1"
"1209486","6935","3942","33","2023-10-12 14:22:23","13","6","4","3"
"1209832","2172","3942","18","2023-07-28 15:54:30","2","0","2","0"
"1209842","3788","3942","15","2023-07-02 05:19:20","2","1","1","0"
"1211981","3794","3941","5","","0","0","0","0"
"1212547","6997","3941","11","2023-03-02 15:34:16","1","1","0","0"
"1215136","5861","5172","86","","0","0","0","0"
"1215913","5307","3939","18","2023-12-23 15:43:47","8","0","0","8"
"1216166","2301","3939","10","","0","0","0","0"
"1217269","4097","3939","20","2023-10-06 03:51:01","1","0","0","1"
"1217468","3869","3938","5","2024-01-04 07:29:39","2","1","0","1"
"1217558","3414","3938","6","","0","0","0","0"
"1217989","6093","3938","7","2023-10-01 18:27:51","3","0","0","3"
"1219012","3926","3937","7","","0","0","0","0"
"1219052","3427","3937","6","2023-02-23 16:17:20","8","8","0","0"
"1219598","5561","3937","7","2023-10-18 16:50:38","2","0","1","1"
"1221137","2290","3936","5","","0","0","0","0"
"1221208","8469","3936","245","2024-01-23 09:14:12","54","10","0","44"
"1221252","5346","3936","13","2023-08-15 15:07:33","1","0","0","1"
"1221355","2893","3936","15","2023-02-17 06:49:19","3","3","0","0"
"1222026","2040","3936","7","","0","0","0","0"
"1223728","5265","3935","5","2023-06-30 13:25:27","1","0","1","0"
"1223767","2219","3935","5","2023-11-07 19:17:10","12","1","3","8"
"1224963","2715","3934","16","","0","0","0","0"
"1225007","3439","3934","7","2023-12-19 09:33:23","3","0","0","3"
"1226020","9425","3934","7","2023-05-10 20:35:32","5","3","2","0"
"1226072","6162","3934","11","","0","0","0","0"
"1226605","5526","3934","6","","0","0","0","0"
"1226799","2335","3934","7","","0","0","0","0"
"1226807","6343","3934","9","2023-12-01 07:28:57","7","2","2","3"
"1226915","5283","3934","6","2023-05-09 18:46:34","1","0","1","0"
"1228771","4246","3933","21","2023-10-19 09:14:53","5","1","2","2"
"1228807","3903","3933","10","","0","0","0","0"
"1229969","3586","3932","11","2024-01-11 03:48:34","2","0","1","1"
"1230086","8452","3932","12","2023-02-22 17:39:44","1","1","0","0"
"1230621","2080","3932","6","2023-06-12 21:17:03","1","0","1","0"
"1230864","2220","3932","5","","0","0","0","0"
"1231036","3483","3932","6","2023-03-01 00:44:59","1","1","0","0"
"1231484","3287","3932","33","2024-01-10 07:31:32","19","5","11","3"
"1231619","6163","3932","9","2023-02-15 06:52:27","1","1","0","0"
"1232660","3606","3931","7","2023-11-24 13:21:01","4","0","0","4"
"1232937","7965","3931","7","2023-06-03 21:25:44","5","4","1","0"
"1232982","2466","3931","10","2023-03-13 03:43:49","2","2","0","0"
"1233305","7524","3930","20","2023-07-25 15:46:48","3","1","2","0"
"1234478","5431","3930","5","2023-03-04 19:23:23","1","1","0","0"
"1234909","3266","3929","12","2023-06-09 09:58:20","3","1","2","0"
"1235675","4685","3929","7","2023-09-04 17:27:36","3","1","0","2"
"1236401","9275","3929","9","2023-12-24 09:54:19","2","0","0","2"
"1238244","3341","3928","10","2023-11-19 13:50:09","10","2","1","7"
"1240001","8057","3927","6","2023-12-16 03:25:58","5","0","1","4"
"1242317","8859","3926","21","2024-01-22 09:32:34","10","4","1","5"
"1244910","2347","3925","9","2023-07-19 10:52:04","4","1","3","0"
"1245380","4996","3925","5","2023-04-05 18:53:34","5","5","0","0"
"1245756","5978","3925","10","","0","0","0","0"
"1246011","2800","4321","8","2023-07-07 15:11:37","4","2","2","0"
"1246547","4825","3924","12","2024-01-04 07:45:12","17","0","0","17"
"1246764","8428","3924","12","","0","0","0","0"
"1247274","2225","3924","8","","0","0","0","0"
"1247301","4662","3924","29","2023-11-15 18:28:39","2","1","0","1"
"1247890","3438","3923","5","","0","0","0","0"
"1248536","5322","3923","6","2023-06-16 12:03:09","4","2","2","0"
"1248563","2765","3923","6","2023-10-28 15:40:07","6","3","1","2"
"1249994","5076","3922","13","2023-06-30 05:56:22","3","2","1","0"
"1250319","9669","3922","14","2024-01-28 07:54:18","4","0","0","4"
"1250463","3038","3922","43","","0","0","0","0"
"1250929","8469","3922","10","2023-11-08 15:23:15","25","4","4","17"
"1251127","9474","3921","8","2023-09-21 23:37:58","8","1","4","3"
"1253482","2117","3921","5","2023-06-28 19:50:26","3","2","1","0"
"1253609","3371","3920","5","2023-03-23 01:39:40","1","1","0","0"
"1254208","9093","3920","14","2023-10-30 05:27:36","5","1","2","2"
"1254707","3421","3920","9","2024-01-03 22:08:21","4","1","0","3"
"1254996","7109","3920","14","2023-03-25 18:26:15","1","1","0","0"
"1255016","4462","3920","5","2023-05-03 09:04:42","1","0","1","0"
"1255136","3055","3920","5","","0","0","0","0"
"1256347","2615","3919","11","2023-12-07 14:21:31","25","18","0","7"
"1257035","8747","3919","5","2023-08-11 18:43:40","3","0","1","2"
"1257094","7311","3919","20","2023-06-21 11:04:32","1","0","1","0"
"1257607","2750","3919","7","2023-09-11 15:14:47","3","0","2","1"
"1257916","3288","3919","6","2023-02-16 08:38:25","1","1","0","0"
"1258111","3412","3919","19","2024-01-11 18:42:11","8","0","4","4"
"1258319","4163","3918","7","2023-11-13 19:07:19","26","2","3","21"
"1258838","2719","3918","53","2023-09-07 09:45:21","8","5","2","1"
"1259815","5550","3918","9","","0","0","0","0"
"1259842","4836","3918","5","2023-05-19 08:31:31","2","1","1","0"
"1260751","2097","3917","6","2023-11-20 10:06:03","4","1","0","3"
"1260896","4778","3917","5","","0","0","0","0"
"1260976","7188","3917","5","2023-12-06 02:10:22","2","0","1","1"
"1261166","4514","3917","6","2023-05-15 09:40:30","1","0","1","0"
"1261764","2065","3916","5","2023-03-02 16:22:15","1","1","0","0"
"1261766","3734","3916","6","2024-01-03 12:58:14","18","7","2","9"
"1262265","2655","3916","9","","0","0","0","0"
"1262357","2358","3916","5","2023-11-21 01:02:44","4","2","1","1"
"1263889","4366","3915","9","2023-12-03 17:33:22","9","3","0","6"
"1263921","3739","3915","13","2023-09-10 11:59:04","4","2","0","2"
"1264917","2296","3915","7","2024-01-10 21:16:19","3","0","0","3"
"1264920","4949","3915","6","2023-07-21 09:27:49","1","0","1","0"
"1266190","4784","3914","5","","0","0","0","0"
"1267728","2167","3914","6","","0","0","0","0"
"1268652","3160","3913","10","2023-06-16 17:50:53","8","7","1","0"
"1270000","6467","3913","56","2023-03-12 10:49:39","1","1","0","0"
"1273413","7856","3911","6","","0","0","0","0"
"1273882","7263","3911","15","2023-12-20 12:23:01","56","13","25","18"
"1274820","8179","3911","10","2023-12-22 22:53:55","4","1","1","2"
"1274894","3102","3911","5","","0","0","0","0"
"1275087","2699","3911","11","2024-01-24 21:32:44","1","0","0","1"
"1275160","2320","3910","6","2023-07-13 17:22:53","1","0","1","0"
"1275774","2305","3910","18","","0","0","0","0"
"1275975","5145","3910","12","","0","0","0","0"
"1276467","2502","3909","7","2023-05-17 10:42:26","1","0","1","0"
"1276816","6072","3909","22","2023-07-02 17:41:59","2","1","1","0"
"1276883","2997","3909","14","2024-01-10 13:06:13","15","1","0","14"
"1277048","8269","3909","5","2023-04-20 05:05:47","1","1","0","0"
"1277159","3715","3909","10","2023-06-11 10:17:25","6","0","6","0"
"1277865","2227","3908","7","2023-12-19 10:27:07","3","0","0","3"
"1279298","6943","3908","5","2023-02-14 08:59:50","1","1","0","0"
"1280439","7748","3907","15","2024-01-23 10:05:24","11","1","2","8"
"1280520","4724","3907","10","2023-10-31 11:04:14","3","1","1","1"
"1280867","6295","3907","17","2024-01-18 09:27:32","17","3","10","4"
"1281180","5092","3907","12","","0","0","0","0"
"1281548","4640","3907","6","2023-02-17 12:01:42","4","4","0","0"
"1281901","3857","3907","5","2024-01-22 15:25:59","2","0","1","1"
"1282799","2413","3906","5","","0","0","0","0"
"1282835","2179","3906","9","2024-01-18 08:50:35","5","1","2","2"
"1282923","5856","3906","16","2024-01-31 12:23:44","10","2","3","5"
"1282931","5271","3906","5","","0","0","0","0"
"1283345","6871","3906","77","2023-06-20 10:49:55","15","8","7","0"
"1284415","6038","3906","6","","0","0","0","0"
"1284927","3095","3905","7","2023-04-22 14:58:45","5","5","0","0"
"1285360","2513","3905","5","","0","0","0","0"
"1288109","3697","3904","8","2023-10-25 14:47:45","7","2","1","4"
"1288473","4804","3904","19","2023-05-31 00:16:19","2","0","2","0"
"1288545","6346","3904","14","2023-07-03 16:44:31","2","1","1","0"
"1288818","5404","3904","8","","0","0","0","0"
"1289476","3047","3903","5","2023-02-21 17:10:01","1","1","0","0"
"1289675","4632","3903","6","2023-12-30 14:44:20","2","0","1","1"
"1289713","3133","3903","17","","0","0","0","0"
"1290457","6046","3903","9","2023-09-12 06:06:59","3","2","0","1"
"1290485","6902","3903","7","2023-12-18 23:56:33","10","2","4","4"
"1291879","9148","3902","6","","0","0","0","0"
"1292663","2907","3901","5","2023-04-27 12:37:18","4","4","0","0"
"1292745","2911","3901","11","2023-06-01 17:20:40","5","3","2","0"
"1293013","6913","3901","5","2023-05-08 18:00:24","1","0","1","0"
"1293087","4617","3901","6","","0","0","0","0"
"1293501","3704","3901","12","2023-09-14 04:03:05","2","1","0","1"
"1293800","2546","3901","6","2023-10-11 05:33:54","4","0","3","1"
"1293827","2620","3901","5","","0","0","0","0"
"1294283","4063","3900","24","2023-11-08 17:52:29","20","12","6","2"
"1294391","5158","3900","5","2023-05-29 06:11:58","2","1","1","0"
"1294681","3837","3900","7","2024-01-25 02:52:19","3","0","1","2"
"1297792","5078","3899","33","2023-12-27 13:24:09","8","2","1","5"
"1298289","4765","3899","14","2023-11-30 11:15:16","1","0","0","1"
"1298553","3627","3899","8","2023-07-28 15:26:38","2","1","1","0"
"1299533","5429","3898","9","2024-01-08 17:06:42","20","4","10","6"
"1301011","2437","3898","5","2023-07-08 16:13:44","1","0","1","0"
"1302888","3854","3897","19","2023-11-26 21:47:41","31","5","8","18"
"1303158","2386","3897","7","2023-08-15 22:57:55","5","2","2","1"
"1303323","2041","3897","5","2023-11-17 18:12:51","2","0","0","2"
"1303868","7093","3897","5","","0","0","0","0"
"1303952","3209","3897","13","2023-08-07 09:54:22","6","4","1","1"
"1305227","2584","3896","5","","0","0","0","0"
"1305699","7114","3895","10","2023-11-02 12:42:58","3","1","1","1"
"1306655","4341","3895","12","2023-10-12 05:03:44","10","1","0","9"
"1306720","2488","3895","9","2023-03-08 13:56:20","1","1","0","0"
"1306836","2432","3895","5","2023-11-11 14:41:49","7","3","2","2"
"1307778","3161","3894","7","2023-07-10 19:40:17","5","0","5","0"
"1308435","4829","4211","5","2023-08-22 14:49:24","1","0","0","1"
"1308589","9949","3894","43","2023-05-01 09:28:18","2","1","1","0"
"1308685","3646","3894","11","2024-01-15 01:16:55","6","1","0","5"
"1308850","3620","3894","8","2023-12-17 11:32:50","7","1","5","1"
"1308967","6522","3894","11","2024-01-27 08:30:30","5","0","1","4"
"1308990","6051","3894","5","","0","0","0","0"
"1309027","5552","3894","13","2023-07-18 10:49:52","20","15","5","0"
"1309377","5506","3893","8","","0","0","0","0"
"1309986","4951","3893","6","2023-07-16 16:22:19","3","2","1","0"
"1310846","6209","3893","6","","0","0","0","0"
"1311999","5380","3892","6","","0","0","0","0"
"1315110","4289","3891","5","2024-01-31 05:18:34","3","1","0","2"
"1315621","3412","3891","9","2024-01-19 15:17:30","2","1","0","1"
"1315787","2096","3891","7","2023-08-01 13:20:54","1","0","0","1"
"1317127","9131","3890","5","2023-07-03 11:34:17","8","6","2","0"
"1317406","2471","3890","12","2023-07-07 15:45:07","3","0","3","0"
"1318266","4728","3890","5","2023-12-20 16:54:10","3","1","0","2"
"1318479","9783","3889","24","","0","0","0","0"
"1319284","8312","3889","32","2024-01-29 10:27:58","11","3","1","7"
"1319623","5406","3889","48","2024-01-20 07:31:22","67","34","6","27"
"1322962","8618","3886","5","2023-08-09 22:30:57","2","1","0","1"
"1324802","4689","3886","7","2023-02-12 16:23:36","1","1","0","0"
"1325575","5850","3885","6","2023-10-18 07:01:01","1","0","0","1"
"1325621","3099","3885","6","2023-08-15 21:10:06","5","2","2","1"
"1328355","3741","3884","9","2023-11-21 17:38:17","6","0","2","4"
"1328466","9606","3884","5","","0","0","0","0"
"1328737","4543","3884","6","2023-12-05 11:01:25","7","1","0","6"
"1329739","2454","3884","5","","0","0","0","0"
"1330355","4811","3884","24","2023-12-07 17:18:24","2","0","0","2"
"1330381","8594","3884","10","2024-01-26 04:10:50","8","1","3","4"
"1331040","8589","3883","13","","0","0","0","0"
"1331446","5372","3883","11","2024-01-24 05:32:10","14","4","1","9"
"1331672","4178","3883","9","2024-01-23 19:27:07","10","3","1","6"
"1332034","7696","3883","21","2023-12-06 21:15:27","6","3","2","1"
"1332468","3361","3883","10","2023-07-20 03:36:20","2","0","2","0"
"1332870","7436","4008","7","2023-12-13 19:12:55","20","1","17","2"
"1333012","5202","3882","9","2023-09-30 07:25:51","3","0","0","3"
"1333479","7395","3882","55","2023-05-22 16:59:34","3","1","2","0"
"1333724","3687","3882","13","2023-10-18 21:15:49","8","2","2","4"
"1333997","2163","3881","6","2023-06-26 17:08:45","1","0","1","0"
"1334695","9326","3881","8","2023-12-17 20:26:45","2","0","0","2"
"1335237","3577","3881","16","2023-04-14 10:54:44","1","1","0","0"
"1335492","2700","3880","16","2023-12-18 10:15:45","8","1","2","5"
"1336174","6722","3880","9","2023-11-29 09:53:17","16","9","4","3"
"1336841","7838","3880","33","2023-07-30 19:24:40","1","0","1","0"
"1338888","2425","3879","36","2023-11-20 06:34:49","11","4","4","3"
"1340183","6276","3878","6","2023-11-28 18:57:29","3","0","2","1"
"1340552","2052","3878","9","2023-04-17 23:38:54","1","1","0","0"
"1340742","5090","3878","5","2024-01-11 09:49:56","7","1","3","3"
"1341289","2129","3878","8","","0","0","0","0"
"1341599","2926","3878","6","2023-09-13 08:21:54","1","0","0","1"
"1341806","7347","3878","11","2023-05-01 13:39:07","1","0","1","0"
"1342232","4748","3878","6","2023-06-25 23:21:56","3","2","1","0"
"1343140","3297","3877","9","","0","0","0","0"
"1343553","2961","3877","5","2023-12-14 10:54:28","2","0","0","2"
"1343788","6662","3877","9","","0","0","0","0"
"1344487","9038","3877","6","","0","0","0","0"
"1345089","2787","3877","12","2024-01-21 11:08:22","10","5","0","5"
"1346367","7806","3876","37","2023-05-26 16:24:38","11","7","4","0"
"1347572","2526","3876","10","2023-12-22 19:34:07","16","1","1","14"
"1349673","8134","3874","8","2023-10-08 05:52:57","7","3","2","2"
"1350091","2755","3874","7","2023-12-07 10:08:50","3","0","1","2"
"1350162","4131","3874","7","2023-12-05 10:09:59","10","3","5","2"
"1351103","3486","3873","6","2023-02-15 12:10:07","1","1","0","0"
"1351465","6674","4395","23","","0","0","0","0"
"1351597","5876","3873","5","2023-11-26 09:09:30","10","2","2","6"
"1352919","4117","3872","13","2024-01-03 06:25:36","2","0","0","2"
"1353914","2769","3872","9","2023-02-06 00:31:02","1","1","0","0"
"1354580","2278","3872","5","2023-11-24 21:24:30","2","0","0","2"
"1354854","6550","3872","5","","0","0","0","0"
"1356141","5523","3871","19","2023-06-18 15:52:54","33","11","22","0"
"1356980","4681","3871","7","2023-10-25 17:56:22","2","1","0","1"
"1357061","3685","3871","8","2024-01-03 19:08:43","3","1","0","2"
"1357094","4548","3871","5","2024-01-27 18:39:00","15","4","7","4"
"1358543","2370","3870","8","2023-05-18 17:02:25","5","4","1","0"
"1361901","9120","3869","103","2023-11-30 19:37:27","30","11","4","15"
"1363087","9976","3868","13","2023-12-09 20:04:17","2","0","1","1"
"1363190","2166","3868","11","","0","0","0","0"
"1364007","8872","3867","8","","0","0","0","0"
"1364056","2598","3867","7","2023-07-28 11:47:54","4","1","3","0"
"1364242","4522","3867","22","2024-01-10 21:31:39","7","4","2","1"
"1364747","4373","3867","15","2024-01-23 15:22:42","7","0","3","4"
"1364793","8771","3867","5","","0","0","0","0"
"1365028","8806","3866","5","2023-08-30 03:11:32","2","1","0","1"
"1365265","2462","3866","18","","0","0","0","0"
"1367569","3805","3865","12","2023-07-29 05:56:12","2","1","1","0"
"1368342","8163","3865","18","2023-11-06 23:58:15","3","0","2","1"
"1368703","3694","3865","5","2024-01-12 18:12:20","2","0","1","1"
"1369400","7618","3864","29","2023-11-17 05:39:33","272","97","152","23"
"1370984","4296","3864","13","","0","0","0","0"
"1371489","2486","3863","6","","0","0","0","0"
"1371962","2520","3863","5","2023-08-25 07:36:16","8","5","1","2"
"1371995","5562","3863","18","2023-03-05 21:16:18","2","2","0","0"
"1372195","2260","3863","7","","0","0","0","0"
"1372577","3501","3863","14","2024-01-23 01:04:44","27","6","4","17"
"1373708","2969","3863","6","2023-11-23 19:49:25","4","2","0","2"
"1374322","2136","3862","16","2023-12-18 23:53:30","1","0","0","1"
"1375876","2362","3862","7","","0","0","0","0"
"1375882","3394","3862","6","2023-11-07 08:27:57","5","2","0","3"
"1377350","2570","3861","7","","0","0","0","0"
"1377587","3996","3860","8","2024-01-15 01:09:36","23","6","10","7"
"1377706","4173","3860","5","2023-09-13 00:46:05","1","0","0","1"
"1378307","5780","3860","22","2024-01-25 12:21:03","3","1","0","2"
"1378564","2443","3860","7","2023-11-07 16:52:19","4","0","1","3"
"1378868","6795","3859","12","2023-06-28 10:30:30","14","8","6","0"
"1379184","2758","3859","29","2023-10-31 13:26:50","9","3","4","2"
"1380933","4880","3858","23","2023-08-25 22:29:48","6","2","2","2"
"1381529","3725","3858","8","2023-02-13 15:05:51","1","1","0","0"
"1381737","8848","3858","12","2024-01-04 22:42:02","3","1","1","1"
"1383029","2155","3858","7","2023-12-22 13:47:12","3","0","0","3"
"1383268","6765","3858","8","","0","0","0","0"
"1383356","7682","3857","62","","0","0","0","0"
"1383932","4607","3857","5","","0","0","0","0"
"1384352","3152","3857","6","2023-05-29 16:22:35","1","0","1","0"
"1385292","5806","3857","7","2023-04-12 06:28:40","2","2","0","0"
"1385774","4834","3857","5","","0","0","0","0"
"1386434","4067","3856","5","2023-03-22 11:28:00","1","1","0","0"
"1386658","2460","3856","22","2023-06-19 17:49:38","2","1","1","0"
"1386873","6095","3856","38","2024-01-25 19:43:43","18","6","2","10"
"1387666","3034","3856","25","2023-12-06 22:18:44","45","19","18","8"
"1388233","4770","3856","9","","0","0","0","0"
"1389057","3143","3855","6","","0","0","0","0"
"1389358","4219","3855","6","2023-12-11 14:01:30","10","2","1","7"
"1390251","4120","3855","5","2023-10-17 14:23:12","1","0","0","1"
"1390502","3563","3854","14","2024-01-13 12:58:08","8","2","0","6"
"1391685","7338","3853","22","2023-10-24 18:53:19","5","4","0","1"
"1392604","2374","3853","15","2023-11-28 09:51:27","14","8","0","6"
"1393498","4881","3852","5","","0","0","0","0"
"1394731","3137","3852","5","","0","0","0","0"
"1394827","9707","3852","11","2023-12-01 18:21:38","8","4","3","1"
"1395758","7500","3851","21","2023-12-01 11:53:19","5","1","1","3"
"1395922","3668","3851","9","2023-12-30 07:43:47","4","0","0","4"
"1396516","3577","3851","11","2023-12-06 23:17:25","3","2","0","1"
"1396822","9707","3851","12","2023-08-21 12:25:28","5","2","2","1"
"1397618","2290","4398","6","2023-09-16 22:20:22","7","4","2","1"
"1398228","3607","3850","36","2024-01-25 11:34:10","27","4","7","16"
"1399272","3181","3850","8","2023-11-08 16:36:59","3","1","0","2"
"1400198","5065","3849","19","2023-07-25 15:38:41","1","0","1","0"
"1401213","7108","3849","11","2023-12-01 14:09:26","10","3","5","2"
"1406532","5533","3846","7","2023-10-25 23:48:26","2","1","0","1"
"1408339","2705","3845","8","2023-08-26 14:47:44","3","1","0","2"
"1409707","6908","3844","6","","0","0","0","0"
"1410246","6153","3844","12","2023-04-13 08:50:03","4","4","0","0"
"1410465","9884","3844","8","2023-02-06 13:45:57","1","1","0","0"
"1410567","3648","3844","8","2023-03-07 17:45:11","2","2","0","0"
"1412534","3169","3843","102","2023-09-17 13:48:21","4","2","1","1"
"1412564","3361","3843","6","","0","0","0","0"
"1412620","7377","3843","8","2023-11-15 10:34:28","5","2","0","3"
"1413201","2902","3843","11","","0","0","0","0"
"1413222","3281","3843","6","2024-01-15 17:59:04","6","1","2","3"
"1416144","8711","3842","7","2023-08-03 21:03:56","1","0","0","1"
"1416672","7480","3841","26","2023-04-08 17:30:34","1","1","0","0"
"1418750","3917","3840","15","2023-09-19 19:42:06","3","0","1","2"
"1420080","4254","3839","23","2024-01-03 19:31:09","25","7","7","11"
"1420159","3318","3839","12","2023-05-24 10:01:03","1","0","1","0"
"1420332","6088","3839","31","2023-07-09 00:21:44","4","0","4","0"
"1421194","4140","3838","6","2023-12-15 15:27:33","1","0","0","1"
"1421332","9454","3838","5","2024-01-13 23:38:50","1","0","0","1"
"1421435","3234","3838","5","","0","0","0","0"
"1422818","6736","3837","5","2023-09-07 12:39:30","2","0","1","1"
"1423507","4248","3837","5","","0","0","0","0"
"1426683","7012","3836","10","2023-09-01 03:00:43","4","0","2","2"
"1426685","4920","3836","9","2023-08-02 17:08:59","2","1","0","1"
"1427345","3608","4328","57","2023-11-27 10:28:04","10","0","7","3"
"1428261","7247","3835","28","2024-01-31 11:28:01","17","8","4","5"
"1429618","2551","3835","5","2023-06-19 08:38:03","3","0","3","0"
"1430420","8153","3834","16","2023-09-26 06:57:26","2","0","0","2"
"1431647","2265","3834","8","2023-05-25 20:54:03","1","0","1","0"
"1431720","9212","3834","40","2023-11-28 03:44:40","28","9","7","12"
"1431734","7531","3834","20","2024-01-23 21:17:37","27","4","10","13"
"1431979","3588","3833","13","2023-09-12 20:33:45","5","1","3","1"
"1432047","4833","3833","8","","0","0","0","0"
"1432782","2722","3833","5","","0","0","0","0"
"1432808","2852","3833","15","2023-10-01 22:12:57","1","0","0","1"
"1433066","3796","3832","13","2023-06-04 02:10:26","6","5","1","0"
"1434047","2231","3832","6","2023-09-25 22:56:13","3","1","1","1"
"1434861","5247","3831","19","2023-05-15 08:26:58","3","1","2","0"
"1435475","5406","3831","24","2024-01-05 20:52:30","22","7","8","7"
"1436031","2661","3831","44","","0","0","0","0"
"1436932","4477","3830","8","2024-01-23 10:15:42","3","0","1","2"
"1437043","2877","3830","7","2024-01-02 11:05:04","4","1","2","1"
"1438103","2724","3830","5","","0","0","0","0"
"1439560","2071","3829","32","","0","0","0","0"
"1439771","8046","3829","12","","0","0","0","0"
"1440005","4607","3829","102","2023-10-05 11:59:49","6","3","1","2"
"1440240","6088","3928","15","2024-01-30 00:30:39","24","4","5","15"
"1440932","2243","3829","5","2023-04-18 19:53:17","1","1","0","0"
"1441917","2040","3828","5","","0","0","0","0"
"1443038","3416","3828","12","2023-04-28 03:51:23","3","3","0","0"
"1443084","9130","3828","17","","0","0","0","0"
"1443324","6565","3828","11","","0","0","0","0"
"1443386","2164","3828","5","2023-09-25 20:57:25","1","0","0","1"
"1444246","3762","3827","6","2023-11-03 06:18:19","6","1","2","3"
"1445296","2252","3827","7","2023-04-26 21:31:26","3","3","0","0"
"1447071","3723","3825","6","2024-01-26 08:24:24","2","1","0","1"
"1447267","6046","3825","11","2023-09-08 19:18:20","8","6","1","1"
"1449683","5558","3824","8","","0","0","0","0"
"1450420","6524","3823","5","2024-01-10 14:37:55","4","0","1","3"
"1450890","6235","3823","9","2023-12-13 10:25:11","2","1","0","1"
"1451296","3043","3823","6","2023-08-24 19:18:29","2","0","1","1"
"1451346","3557","3823","32","2023-10-15 19:21:44","3","0","1","2"
"1452007","2473","3823","28","2024-01-13 18:45:41","6","1","2","3"
"1452382","3955","3823","8","2023-09-13 08:24:21","2","0","0","2"
"1453425","4442","3822","5","2023-12-18 10:58:56","5","0","1","4"
"1456201","3726","3821","23","2024-01-30 00:59:51","30","12","10","8"
"1456401","2691","3821","25","2023-12-21 19:29:56","4","1","1","2"
"1457258","4860","3821","5","","0","0","0","0"
"1457269","8942","3821","8","2024-01-30 00:02:59","4","2","1","1"
"1458097","2684","3820","13","2024-01-23 11:00:45","9","0","2","7"
"1458201","3138","3820","6","2024-01-25 13:40:43","5","0","1","4"
"1459036","3725","3820","5","2024-01-31 14:54:17","15","7","3","5"
"1460422","6278","3819","9","","0","0","0","0"
"1460461","7802","3819","6","2023-09-23 19:42:49","5","2","1","2"
"1460591","5161","3819","5","2023-06-29 20:09:19","8","1","7","0"
"1461181","4990","3819","12","2023-11-29 17:29:25","6","0","0","6"
"1461484","2326","3818","5","","0","0","0","0"
"1462295","5039","3818","34","2023-09-21 21:19:59","2","0","0","2"
"1463174","4406","3817","6","2023-02-21 07:30:39","1","1","0","0"
"1463595","2665","3817","17","2023-05-03 08:20:08","4","3","1","0"
"1463931","3131","3817","5","","0","0","0","0"
"1464957","2284","3817","5","2023-09-22 14:25:30","2","1","0","1"
"1465881","2009","3816","5","2023-10-24 11:07:05","4","2","1","1"
"1466825","9825","3816","39","2023-12-22 13:40:33","32","16","10","6"
"1467342","4013","3816","5","2023-06-05 12:51:45","3","2","1","0"
"1467365","3462","3816","5","2023-05-24 21:37:46","2","1","1","0"
"1467600","3315","3816","7","2023-08-03 07:35:41","4","2","1","1"
"1467914","3211","3815","86","2024-01-23 00:18:53","44","11","19","14"
"1469457","9354","3815","5","2024-01-11 15:12:51","3","1","0","2"
"1469465","6978","3815","10","2023-03-25 10:08:43","7","7","0","0"
"1469494","7042","3815","8","2023-11-21 13:42:59","7","0","2","5"
"1469714","3682","3815","7","2023-08-01 12:03:41","5","1","3","1"
"1470581","3720","3815","7","2023-10-20 01:43:02","4","1","1","2"
"1470749","9077","3814","7","2024-01-12 11:32:05","2","1","0","1"
"1471604","5542","3814","7","","0","0","0","0"
"1472690","5069","3814","13","2023-07-16 01:43:16","4","2","2","0"
"1472806","5827","3814","6","2024-01-31 15:25:04","2","0","0","2"
"1473412","3090","3814","17","2023-09-26 16:25:20","12","10","1","1"
"1474751","4653","3813","13","2023-11-26 15:27:53","6","4","1","1"
"1476829","4299","3812","5","2023-09-17 16:04:17","3","0","2","1"
"1477064","4869","3812","5","2023-12-14 18:38:31","7","3","2","2"
"1478706","2540","3811","13","2023-09-13 21:31:23","2","1","0","1"
"1480324","2994","3810","14","2023-10-04 21:13:42","8","2","4","2"
"1480397","4141","3810","5","2023-03-04 14:55:52","1","1","0","0"
"1480946","2732","3810","10","2024-01-12 05:04:01","8","1","1","6"
"1481986","6241","3809","6","2024-01-25 11:22:19","9","2","5","2"
"1482055","5122","3809","13","2024-01-17 09:01:53","22","0","0","22"
"1483190","4820","3809","9","2023-03-16 23:40:59","2","2","0","0"
"1483390","2661","3809","6","","0","0","0","0"
"1483903","2839","3809","6","2023-08-29 03:07:21","7","0","0","7"
"1483981","9010","3809","6","2024-01-28 20:24:12","1","0","0","1"
"1484969","2383","3808","5","2023-11-15 08:54:21","4","2","1","1"
"1485447","5865","3808","5","2023-10-29 09:01:59","1","0","0","1"
"1485877","9942","3808","5","2023-07-05 16:43:37","5","1","4","0"
"1485984","4576","3808","6","2023-12-11 17:15:11","6","2","0","4"
"1486848","2380","3808","6","","0","0","0","0"
"1487025","8056","3808","6","2023-06-16 17:17:52","1","0","1","0"
"1487069","7165","3808","11","2023-10-30 21:40:24","4","0","1","3"
"1487529","8352","3807","7","2023-12-29 21:17:01","4","0","1","3"
"1487875","4723","3807","5","2023-09-21 09:33:55","2","1","0","1"
"1488055","5896","3807","5","2023-03-31 07:28:07","1","1","0","0"
"1488799","9082","3807","11","2023-11-18 17:29:55","10","4","4","2"
"1489487","8169","3807","15","2023-04-05 05:30:34","1","1","0","0"
"1489538","3635","3807","6","2023-09-26 15:03:35","1","0","0","1"
"1490220","2707","3806","5","","0","0","0","0"
"1490783","5382","3806","5","2023-12-06 12:38:53","4","0","3","1"
"1490882","8846","3806","13","","0","0","0","0"
"1491378","3876","3806","10","","0","0","0","0"
"1491439","7658","3806","90","2024-01-02 07:23:45","38","16","11","11"
"1492947","5943","3805","7","","0","0","0","0"
"1492969","4344","3805","10","2023-03-21 18:57:36","3","3","0","0"
"1493116","6082","3805","5","2023-08-08 13:11:54","2","1","0","1"
"1493294","7594","3805","6","2023-05-13 23:54:38","2","1","1","0"
"1494135","2342","3804","6","","0","0","0","0"
"1495198","9789","3803","5","","0","0","0","0"
"1495323","4315","3803","11","2023-08-08 22:14:18","3","2","0","1"
"1495627","8197","3803","9","2023-12-31 17:42:01","2","0","0","2"
"1496974","2703","3803","16","2023-11-09 05:45:01","12","5","2","5"
"1497199","8264","3803","10","2023-11-17 01:35:28","1","0","0","1"
"1497385","6886","3803","11","","0","0","0","0"
"1497418","2578","3802","24","2023-06-15 16:07:31","3","1","2","0"
"1497597","3784","3802","17","2023-06-07 05:00:53","2","0","2","0"
"1498178","8773","3802","5","2024-01-11 01:57:52","25","9","2","14"
"1498389","5140","3802","7","2023-03-28 09:38:14","2","2","0","0"
"1498652","2202","3802","5","","0","0","0","0"
"1499713","2390","3802","5","","0","0","0","0"
"1499766","5370","3802","6","2023-11-25 15:23:31","24","7","7","10"
"1499803","7874","3802","5","2023-09-19 01:10:38","1","0","0","1"
"1499877","5335","3802","37","2023-11-08 19:14:20","13","4","4","5"
"1500241","5041","3801","38","2023-05-22 13:18:40","2","1","1","0"
"1501191","8424","4089","7","2024-01-12 10:54:30","10","2","4","4"
"1501285","7698","3801","9","2023-09-26 12:06:01","4","1","1","2"
"1502439","3737","3801","7","2024-01-08 23:07:55","1","0","0","1"
"1503163","5327","3800","48","2024-01-17 09:18:11","35","6","9","20"
"1503606","4336","3800","16","2024-01-04 18:46:52","1","0","0","1"
"1505074","4671","3800","13","2023-07-20 05:05:46","3","1","2","0"
"1505146","4154","3800","15","2023-11-20 15:27:44","2","1","0","1"
"1506104","7136","3799","6","2023-08-03 09:02:47","8","6","1","1"
"1506462","3098","3799","8","2023-07-28 17:21:33","3","1","2","0"
"1506715","2397","3799","10","2023-11-16 21:18:24","3","0","1","2"
"1507124","4571","3799","34","2023-12-27 11:18:14","16","4","5","7"
"1507691","7631","3799","55","2024-01-30 18:08:10","42","10","12","20"
"1508147","3803","3798","6","2023-12-07 11:16:41","6","0","4","2"
"1508724","7739","3798","5","2024-01-08 22:52:34","1","0","0","1"
"1509124","3712","3798","104","2023-06-14 08:10:32","2","1","1","0"
"1509834","6359","3797","31","2024-01-17 09:34:03","16","1","4","11"
"1511337","6217","3796","15","2023-11-29 13:48:04","8","1","5","2"
"1512168","2454","3964","10","2023-06-20 11:46:27","2","0","2","0"
"1512175","5593","3796","6","","0","0","0","0"
"1512250","3149","3796","6","2023-09-25 19:59:27","1","0","0","1"
"1513187","4274","3796","8","2024-01-13 20:44:11","4","1","0","3"
"1514029","2699","3795","5","2023-09-07 11:05:09","2","1","0","1"
"1514049","4054","3795","19","2023-11-17 06:29:25","6","0","3","3"
"1514066","2180","3795","6","","0","0","0","0"
"1516297","3711","3794","5","","0","0","0","0"
"1518100","4445","3794","56","2023-05-09 02:48:31","2","1","1","0"
"1519574","3610","3793","9","2023-08-23 13:59:18","8","6","0","2"
"1520083","5847","3793","6","2023-11-07 09:54:43","28","6","20","2"
"1520211","8121","3793","13","","0","0","0","0"
"1520278","7110","3793","10","2024-01-24 11:07:42","11","4","6","1"
"1520850","2199","3793","6","2023-10-22 05:47:27","3","1","1","1"
"1520991","3145","3793","24","2023-08-21 08:00:12","3","1","0","2"
"1522117","8810","3793","5","2023-04-05 04:18:31","1","1","0","0"
"1522548","7005","3792","7","","0","0","0","0"
"1523120","2496","3792","17","2023-06-28 20:43:09","4","2","2","0"
"1524702","2733","3792","10","2023-03-26 14:05:10","1","1","0","0"
"1526321","3270","3790","16","","0","0","0","0"
"1526396","2291","3790","37","2024-01-31 08:26:01","20","7","6","7"
"1526406","7035","3790","13","2023-04-21 22:12:41","1","1","0","0"
"1529246","7662","3789","16","2023-12-03 22:51:32","12","5","5","2"
"1529324","2545","3789","28","","0","0","0","0"
"1529843","3179","3949","43","2024-01-25 22:00:32","13","1","3","9"
"1531040","2311","3788","6","2023-12-01 14:47:44","1","0","0","1"
"1531280","2711","3788","7","2024-01-17 09:38:50","6","1","1","4"
"1532919","3163","3788","5","2023-12-05 23:30:21","3","1","1","1"
"1533068","2505","3788","6","2023-11-30 23:42:52","1","0","0","1"
"1533592","8660","3787","64","2023-09-12 00:59:52","11","9","1","1"
"1534084","3339","3787","10","2023-12-06 19:32:19","7","0","2","5"
"1534182","8985","3787","15","2023-11-26 22:22:12","5","2","0","3"
"1534218","5796","3787","9","","0","0","0","0"
"1534925","3894","3787","6","2023-11-20 14:49:50","3","0","0","3"
"1536197","2056","3787","6","2023-10-30 20:59:52","2","1","0","1"
"1537154","2040","3786","6","","0","0","0","0"
"1538042","3165","3786","7","2023-08-24 06:30:30","1","0","0","1"
"1538604","2184","3786","8","","0","0","0","0"
"1539100","3089","3786","8","2023-11-10 09:55:39","16","3","3","10"
"1540019","3357","3785","5","2023-05-10 12:05:16","2","1","1","0"
"1540177","3806","3785","73","2024-01-23 15:11:54","64","12","12","40"
"1540264","7996","3785","6","2023-12-13 12:13:42","4","0","1","3"
"1540501","3774","3785","5","2023-10-11 13:49:28","4","1","0","3"
"1540563","2044","3785","14","","0","0","0","0"
"1540749","9646","3785","11","","0","0","0","0"
"1541397","5968","3785","9","2023-07-27 03:47:23","6","3","3","0"
"1542982","9134","3784","5","2023-03-31 18:09:07","1","1","0","0"
"1543163","4455","3784","13","2024-01-29 12:42:00","1","0","0","1"
"1543502","3481","3783","30","2024-01-13 19:17:47","15","7","5","3"
"1543596","5549","3783","11","2023-11-30 17:43:49","2","0","0","2"
"1543677","2148","3783","9","2023-09-28 15:02:18","12","6","2","4"
"1544278","2321","3783","5","","0","0","0","0"
"1545014","5470","3782","5","2023-04-26 19:06:23","1","1","0","0"
"1546137","5451","3782","8","2023-02-18 21:41:08","2","2","0","0"
"1547335","5444","3781","5","2024-01-23 20:52:59","2","1","0","1"
"1547872","2915","3781","5","2023-04-14 18:03:21","1","1","0","0"
"1549818","6143","3781","5","2023-12-18 19:44:36","16","3","5","8"
"1551027","3383","3780","6","","0","0","0","0"
"1551102","4821","4285","16","2023-09-21 14:42:16","26","6","14","6"
"1554195","4140","3779","67","2024-01-16 13:51:26","42","10","15","17"
"1555190","3409","3779","5","2023-11-23 18:42:08","8","4","2","2"
"1555261","3006","3779","9","","0","0","0","0"
"1555405","2282","3779","6","2023-11-09 22:33:27","8","1","3","4"
"1556106","2371","3779","5","2023-12-13 04:44:54","6","1","1","4"
"1556746","4507","3778","40","2024-01-12 16:50:30","44","13","1","30"
"1557060","5623","3778","79","2023-06-01 22:15:23","38","37","1","0"
"1559116","3219","3777","24","2023-08-07 18:52:38","1","0","0","1"
"1559401","9919","3777","11","2024-01-25 10:10:34","6","2","1","3"
"1560953","5897","3776","17","2023-12-16 11:12:28","3","0","2","1"
"1561146","2132","4261","10","2023-10-05 22:13:00","1","0","0","1"
"1564935","2135","3774","5","","0","0","0","0"
"1564947","2899","3774","8","2024-01-29 05:49:45","6","1","0","5"
"1565971","3377","3774","6","2023-04-28 19:32:45","1","1","0","0"
"1566899","5436","3774","8","2024-01-15 10:36:44","3","0","0","3"
"1569204","5849","3773","16","2023-04-13 11:45:53","2","2","0","0"
"1569675","8298","3773","8","2023-08-16 06:56:00","1","0","0","1"
"1570415","6991","3772","11","2023-10-20 04:13:27","9","1","5","3"
"1570972","2973","3772","12","","0","0","0","0"
"1571407","9305","3772","113","2024-01-26 03:06:29","52","21","6","25"
"1571950","2479","3772","84","2024-01-30 18:13:53","25","2","12","11"
"1572330","3700","3772","7","2023-08-19 06:28:22","6","4","1","1"
"1575416","3408","3770","5","2023-11-06 21:24:43","2","1","0","1"
"1576196","2077","3770","7","2023-08-30 09:37:28","1","0","0","1"
"1576254","3583","3770","5","2023-03-09 12:59:48","1","1","0","0"
"1576822","3057","3769","22","2023-12-06 04:47:14","1","0","0","1"
"1577058","7454","3769","21","2023-06-29 03:23:43","1","0","1","0"
"1578867","4451","3768","5","2023-08-12 11:54:42","6","4","1","1"
"1578898","6101","3768","17","2023-11-01 09:00:47","6","2","0","4"
"1580348","6099","3768","10","","0","0","0","0"
"1580941","8784","3767","5","","0","0","0","0"
"1583877","9927","3766","6","2023-11-28 22:05:56","5","1","2","2"
"1584167","8038","3766","8","2023-02-03 12:14:02","1","1","0","0"
"1585218","2128","3766","36","2024-01-10 08:44:26","13","0","0","13"
"1586498","4620","3765","12","2023-11-02 02:23:10","2","0","0","2"
"1586731","3709","3765","6","2024-01-18 08:17:50","10","5","1","4"
"1586860","6523","3765","22","2024-01-23 21:01:02","10","2","2","6"
"1589542","2612","3764","6","","0","0","0","0"
"1591819","2151","3763","6","","0","0","0","0"
"1592639","4332","3763","7","2024-01-30 19:03:42","13","1","3","9"
"1592756","2164","3763","8","","0","0","0","0"
"1594263","2056","3761","14","2024-01-27 16:03:24","9","4","0","5"
"1594286","9567","3761","9","2023-08-08 06:28:31","1","0","0","1"
"1594359","8145","3761","22","2024-01-23 06:58:44","1","0","0","1"
"1597964","4500","3760","8","2023-05-26 12:13:27","1","0","1","0"
"1598163","3823","3760","5","2023-02-01 12:07:26","1","1","0","0"
"1601122","3085","3759","5","","0","0","0","0"
"1601580","6374","3814","85","2024-01-22 02:01:20","42","21","5","16"
"1601849","5345","3759","17","2023-11-13 18:07:49","1","0","0","1"
"1602014","5547","3758","5","2023-09-21 14:45:33","2","1","0","1"
"1604261","6971","3758","5","","0","0","0","0"
"1604311","3535","3758","10","2023-02-28 09:17:18","1","1","0","0"
"1606231","3405","3757","6","2024-01-10 05:14:34","5","1","0","4"
"1606689","9168","3757","13","2023-09-05 05:23:58","3","2","0","1"
"1606853","5278","3757","5","2023-07-06 21:28:13","1","0","1","0"
"1607249","2042","3757","8","2023-04-14 13:58:56","1","1","0","0"
"1607937","2613","3757","10","2023-08-24 08:12:59","3","2","0","1"
"1608226","5394","3756","6","2023-10-29 07:30:46","12","0","8","4"
"1609614","6000","3755","6","2023-05-11 02:16:34","2","1","1","0"
"1609952","4036","3755","12","2023-11-08 05:22:42","1","0","0","1"
"1611620","2138","3754","5","","0","0","0","0"
"1611714","6146","3754","25","2023-08-22 11:09:33","1","0","0","1"
"1612142","5162","3754","7","","0","0","0","0"
"1612190","2911","3754","6","2023-11-23 15:28:35","4","2","1","1"
"1612369","2710","3754","26","2023-09-20 16:09:10","21","18","2","1"
"1612383","2334","3754","11","2024-01-24 08:57:32","12","2","6","4"
"1613005","3907","3753","8","2023-11-07 15:22:19","5","1","1","3"
"1614319","2362","3753","36","2024-01-30 16:53:35","12","3","2","7"
"1615594","6025","3752","7","2023-06-12 09:24:18","4","2","2","0"
"1615838","4792","3752","32","2024-01-07 03:48:35","5","3","0","2"
"1617550","2499","3752","8","","0","0","0","0"
"1617563","2313","3752","10","2023-09-11 07:54:46","2","1","0","1"
"1618513","6809","3751","9","2024-01-27 18:09:33","12","0","3","9"
"1618630","7515","3751","19","2023-05-04 13:42:12","7","6","1","0"
"1619193","5303","3751","160","2023-10-13 07:31:57","1","0","0","1"
"1619432","6570","3751","10","2023-07-08 14:16:21","1","0","1","0"
"1620380","5539","3751","14","2023-12-04 20:32:11","9","8","0","1"
"1621111","5461","3751","9","2023-09-06 15:31:04","4","1","2","1"
"1621444","5934","4696","13","2023-12-19 04:34:43","4","3","0","1"
"1623023","3113","3750","6","2024-01-31 17:29:09","12","5","1","6"
"1623645","6089","3750","12","2024-01-25 13:28:55","9","1","3","5"
"1625339","8928","3748","6","2023-11-21 03:35:42","6","0","2","4"
"1627296","6369","3747","5","2023-12-25 18:16:26","1","0","0","1"
"1627904","6343","3747","5","","0","0","0","0"
"1628812","3535","3747","10","2024-01-11 16:53:17","12","5","1","6"
"1630244","4522","3746","11","2024-01-25 14:05:32","7","4","1","2"
"1632305","3629","3745","7","","0","0","0","0"
"1633985","2093","3745","5","2023-12-20 12:52:46","4","2","0","2"
"1635450","4370","3744","20","2024-01-16 07:45:55","8","3","2","3"
"1636173","3094","3744","6","","0","0","0","0"
"1636377","2985","3744","12","","0","0","0","0"
"1639189","4050","3743","7","","0","0","0","0"
"1639359","7894","3743","35","2023-12-22 20:36:18","18","9","5","4"
"1639675","2714","3743","5","2023-09-22 07:00:42","3","0","2","1"
"1639918","2289","3742","5","2024-01-17 18:22:54","5","0","1","4"
"1640578","5416","3742","11","2024-01-15 15:50:25","9","1","5","3"
"1641112","7693","3742","27","2023-08-06 07:15:28","6","2","3","1"
"1641220","9063","3741","19","2023-10-20 11:20:29","10","1","3","6"
"1641381","3421","3741","10","2023-11-13 14:40:05","5","0","3","2"
"1641443","5103","3741","7","2024-01-11 12:41:26","5","1","1","3"
"1644618","3539","4378","9","2023-07-23 19:06:00","6","4","2","0"
"1649043","2047","3738","6","2023-08-22 14:56:34","1","0","0","1"
"1652219","3952","3737","13","2024-01-23 08:33:52","9","0","0","9"
"1653187","5828","3737","14","2023-02-21 23:13:24","1","1","0","0"
"1654143","7037","3736","23","2024-01-15 13:08:51","35","15","4","16"
"1654631","4210","3736","5","2023-11-03 09:22:55","5","1","1","3"
"1655064","7272","3736","5","2023-05-01 20:17:48","6","5","1","0"
"1655245","6577","3736","16","2023-08-16 21:37:02","5","2","0","3"
"1655674","6630","3736","5","2023-06-16 21:46:17","4","2","2","0"
"1656813","2757","3735","9","","0","0","0","0"
"1657465","6574","3734","18","2024-01-31 22:49:00","14","3","2","9"
"1657610","6964","3734","12","2023-02-19 18:30:03","1","1","0","0"
"1657639","3260","3734","20","","0","0","0","0"
"1657886","9256","3734","33","2023-11-21 12:37:31","20","10","5","5"
"1658168","2318","3734","14","2024-01-10 05:41:02","42","0","25","17"
"1660013","2589","3733","10","","0","0","0","0"
"1660757","4374","3733","10","2023-08-03 13:26:45","16","15","0","1"
"1662619","3051","3732","11","2024-01-10 08:22:56","2","0","1","1"
"1662766","3897","3732","5","2023-08-06 11:01:58","1","0","0","1"
"1662997","2063","3732","31","2023-12-18 18:57:29","11","5","5","1"
"1664318","6980","3732","34","2023-11-30 20:44:25","14","11","1","2"
"1664624","5976","3731","5","","0","0","0","0"
"1667351","2483","3730","31","2024-01-31 19:48:46","25","6","9","10"
"1667822","7190","3730","5","2023-10-13 15:51:51","6","4","0","2"
"1672318","3360","3729","7","2023-03-02 17:21:05","3","3","0","0"
"1672598","2782","3729","15","2023-08-15 05:20:11","1","0","0","1"
"1674992","4645","3728","6","2023-07-08 03:44:51","2","0","2","0"
"1675168","2213","3727","7","","0","0","0","0"
"1677285","4152","3726","7","2023-10-03 21:12:22","2","1","0","1"
"1679220","4796","3725","109","2024-01-31 22:04:17","81","15","34","32"
"1679754","7255","3725","11","","0","0","0","0"
"1679903","6518","3725","5","2023-03-09 09:01:47","1","1","0","0"
"1680826","5204","3725","20","2024-01-12 11:03:57","8","3","1","4"
"1681903","6335","3724","10","2023-11-01 06:44:13","4","1","0","3"
"1682146","6803","3724","7","","0","0","0","0"
"1682353","2703","3724","9","2023-09-17 08:50:05","21","1","17","3"
"1682525","3895","3724","23","2023-09-07 08:09:46","4","1","2","1"
"1685196","4155","3723","15","2024-01-13 15:10:33","5","0","4","1"
"1687766","3842","3722","11","2023-11-20 16:22:03","4","1","0","3"
"1688590","7473","3722","8","2024-01-25 08:47:54","7","0","2","5"
"1688785","7387","3722","5","","0","0","0","0"
"1689180","6830","3722","15","","0","0","0","0"
"1689261","8994","3722","5","2023-05-09 06:18:55","1","0","1","0"
"1689698","4344","3722","8","","0","0","0","0"
"1689770","7186","3722","9","2023-03-31 15:35:52","2","2","0","0"
"1690199","2864","3721","12","","0","0","0","0"
"1691152","2388","3721","21","2023-05-25 23:10:44","1","0","1","0"
"1692179","3708","3720","5","2023-10-10 16:42:47","5","0","2","3"
"1692651","2650","3720","8","","0","0","0","0"
"1692709","2623","3720","11","","0","0","0","0"
"1693057","2877","3720","7","2023-03-13 10:57:55","2","2","0","0"
"1695049","2711","3719","6","2023-06-13 14:09:01","4","3","1","0"
"1695062","2809","3719","8","2023-12-20 09:42:44","3","1","0","2"
"1695078","2214","3719","16","2023-04-28 17:48:09","6","6","0","0"
"1698723","2238","3718","11","2023-11-20 16:01:17","7","0","5","2"
"1698736","9377","3718","7","2023-11-16 19:26:32","4","0","1","3"
"1701388","4416","3717","8","2024-01-31 19:55:15","6","0","1","5"
"1701415","2548","3717","6","","0","0","0","0"
"1701776","8227","3717","11","2023-11-09 12:28:36","12","3","4","5"
"1702413","7652","3716","5","2023-06-23 11:58:41","2","0","2","0"
"1703491","4114","3716","16","2024-01-19 18:19:32","3","0","0","3"
"1703730","7658","3716","9","2023-02-02 15:40:20","1","1","0","0"
"1704411","4394","3716","5","2023-02-18 09:43:39","1","1","0","0"
"1704634","3451","3716","7","","0","0","0","0"
"1705829","3283","3715","16","2024-01-18 09:00:04","1","0","0","1"
"1706744","2135","3715","10","2023-09-26 14:17:58","10","8","1","1"
"1707353","3273","3715","7","2024-01-23 23:48:36","2","0","0","2"
"1707427","2516","3715","80","2023-11-30 20:41:44","8","3","1","4"
"1708626","3343","3714","10","2024-01-09 14:38:00","10","3","4","3"
"1709337","2178","3713","10","2023-03-29 07:20:31","1","1","0","0"
"1710523","4165","3713","28","2023-11-17 23:13:10","53","2","31","20"
"1712345","2113","3712","39","2023-09-16 07:08:28","14","8","2","4"
"1713519","4334","3711","6","2023-03-28 19:25:24","1","1","0","0"
"1714171","6135","3711","10","2023-03-14 14:57:24","1","1","0","0"
"1716574","4190","3710","12","2023-08-21 18:33:35","3","1","0","2"
"1716859","9030","3710","6","2023-02-20 15:56:03","1","1","0","0"
"1717210","3929","3710","65","2023-10-13 09:42:38","15","9","4","2"
"1717259","2913","3710","5","","0","0","0","0"
"1717535","5769","3710","7","2023-10-04 07:43:49","2","1","0","1"
"1717729","6891","3710","8","","0","0","0","0"
"1717828","7291","3710","11","2023-12-26 01:57:08","4","3","0","1"
"1718575","4744","3710","6","2023-03-30 19:51:54","1","1","0","0"
"1718633","2136","3710","6","2023-09-12 05:03:21","2","0","0","2"
"1718722","3102","3709","7","2024-01-30 13:59:28","6","0","1","5"
"1719569","2424","3709","10","2023-12-12 12:45:08","4","1","0","3"
"1719926","2993","3709","70","2023-12-03 20:59:52","10","1","8","1"
"1719931","6289","3709","11","2024-01-15 23:20:26","19","4","2","13"
"1720085","2446","3709","6","2023-10-16 13:55:43","3","0","1","2"
"1723372","2683","3708","8","2024-01-29 09:27:19","5","1","1","3"
"1723944","3028","3708","6","2023-06-30 19:12:23","3","1","2","0"
"1723954","5230","3708","6","2023-12-04 13:35:16","10","4","0","6"
"1724128","2360","3708","5","","0","0","0","0"
"1725177","6821","3707","15","2023-08-18 07:08:50","6","4","1","1"
"1725871","3482","3707","10","2024-01-28 15:34:31","18","7","3","8"
"1728790","4272","3705","16","2023-04-14 11:10:46","3","3","0","0"
"1729094","8447","4371","9","2023-07-20 09:39:28","2","0","2","0"
"1731460","6679","3704","21","2024-01-19 10:58:36","20","3","4","13"
"1731532","8490","3704","5","","0","0","0","0"
"1732775","2684","3704","6","2023-08-28 09:04:01","1","0","0","1"
"1734439","8017","3703","7","2023-08-16 19:15:40","2","1","0","1"
"1734722","4119","3703","127","2024-01-29 16:05:58","110","27","41","42"
"1734815","7331","3703","10","2023-12-04 17:27:38","5","1","2","2"
"1734996","5405","3703","98","2023-12-13 15:31:40","6","0","3","3"
"1735603","2131","3703","6","2023-06-13 14:56:45","4","2","2","0"
"1735672","3480","3703","5","2023-08-25 20:50:04","4","0","3","1"
"1736679","4997","3702","16","2023-10-25 05:05:08","5","1","2","2"
"1737913","3735","3702","9","2024-01-18 18:25:50","8","1","0","7"
"1738003","2155","3702","29","2023-02-27 11:38:43","2","2","0","0"
"1738579","4695","3702","7","2024-01-29 17:22:26","3","0","2","1"
"1739949","2415","3701","10","2024-01-12 06:48:56","3","0","0","3"
"1740154","3971","3701","7","","0","0","0","0"
"1741346","8460","3701","15","2023-10-24 15:18:38","3","1","1","1"
"1741690","7624","3701","11","2024-01-29 10:32:16","3","0","0","3"
"1744230","4536","3699","9","2023-08-29 08:04:12","4","1","2","1"
"1744743","6188","3699","6","2024-01-23 12:52:42","6","1","2","3"
"1744873","3710","3699","40","2023-03-29 09:00:24","1","1","0","0"
"1744914","7289","3699","9","","0","0","0","0"
"1745616","3128","3699","17","2023-06-28 12:34:12","2","1","1","0"
"1746685","3017","3698","5","","0","0","0","0"
"1747583","2411","3698","32","2023-05-18 18:58:36","6","5","1","0"
"1748754","7935","3697","6","","0","0","0","0"
"1749551","4827","3697","45","2023-09-28 23:07:22","17","6","7","4"
"1750282","8367","3697","21","2024-01-21 02:37:21","3","0","0","3"
"1750324","7823","3697","10","","0","0","0","0"
"1750509","2450","3697","5","2023-08-15 21:09:38","3","0","2","1"
"1751266","2187","3697","7","2023-08-20 14:01:58","2","1","0","1"
"1751321","6428","3697","8","2024-01-30 08:50:17","14","1","0","13"
"1751977","2376","3696","6","2023-08-26 03:34:52","2","1","0","1"
"1752366","7043","3696","18","2023-10-28 10:21:28","3","0","2","1"
"1753435","4778","3696","6","","0","0","0","0"
"1753903","2265","4361","13","2023-07-06 00:06:47","2","1","1","0"
"1754322","4278","3696","12","2023-11-06 08:56:02","9","6","1","2"
"1756721","6385","3695","7","2023-02-28 21:14:12","1","1","0","0"
"1757980","2442","3694","5","","0","0","0","0"
"1758051","5680","3694","13","2023-09-25 17:05:03","3","0","2","1"
"1758082","2841","3694","5","2023-10-02 09:40:57","3","2","0","1"
"1758701","4863","3694","5","2024-01-04 09:16:45","13","0","3","10"
"1759063","5483","3694","38","2024-01-22 00:17:56","28","8","6","14"
"1759443","8498","3694","23","2024-01-13 22:18:56","25","4","7","14"
"1759499","5704","3694","9","","0","0","0","0"
"1761307","8060","3693","7","2023-03-16 16:04:55","3","3","0","0"
"1761806","7667","3693","5","2023-10-15 16:10:48","5","0","3","2"
"1762295","4001","3693","5","2023-03-16 03:51:32","1","1","0","0"
"1763012","5156","3692","8","2023-12-05 03:00:36","5","1","1","3"
"1764442","7267","3691","12","","0","0","0","0"
"1764528","2119","3691","27","","0","0","0","0"
"1764696","2054","3691","7","","0","0","0","0"
"1766219","2882","3691","24","2023-11-16 19:15:26","5","2","1","2"
"1766544","6011","3691","18","2024-01-28 05:54:39","17","8","1","8"
"1767316","3773","3690","5","2023-11-11 20:42:00","5","1","1","3"
"1767482","9970","4353","6","2023-07-06 08:47:17","3","0","3","0"
"1768179","3784","3690","8","2024-01-26 10:42:21","9","0","1","8"
"1768565","6755","3690","16","2024-01-24 14:48:39","25","4","12","9"
"1771155","4906","3689","5","2023-10-15 14:25:44","2","0","1","1"
"1771766","4667","3689","6","2023-06-23 08:53:35","1","0","1","0"
"1772990","5491","3688","13","2023-11-04 08:41:11","2","1","0","1"
"1773592","3421","3688","10","2023-02-03 09:47:26","1","1","0","0"
"1773841","7675","3688","6","2023-10-30 13:02:58","2","1","0","1"
"1774081","3626","3688","10","2023-10-30 00:02:38","2","0","0","2"
"1774332","3025","3688","9","","0","0","0","0"
"1778275","6983","3687","20","2023-09-22 10:45:39","6","1","2","3"
"1779091","9955","3686","12","","0","0","0","0"
"1779532","2534","3686","107","","0","0","0","0"
"1781318","2966","3685","5","","0","0","0","0"
"1782782","6178","3684","16","2023-05-30 08:24:17","4","2","2","0"
"1783632","6297","3684","6","2023-10-25 15:35:32","4","2","0","2"
"1785729","2093","3683","5","2023-11-14 14:54:08","17","13","3","1"
"1788771","4117","3682","5","2023-05-02 23:48:50","3","1","2","0"
"1788961","5583","3682","28","2023-04-04 13:21:28","2","2","0","0"
"1789202","9535","3682","5","","0","0","0","0"
"1790728","6721","3681","12","2023-03-29 07:31:47","3","3","0","0"
"1790864","6248","3681","9","2024-01-23 09:46:20","4","1","0","3"
"1790912","2978","3681","6","2023-09-19 02:36:01","4","1","0","3"
"1791546","7424","3681","27","2023-04-21 09:40:21","1","1","0","0"
"1793968","2536","3680","12","2024-01-26 11:07:29","5","1","1","3"
"1794000","2710","3680","33","2023-12-22 13:02:15","1","0","0","1"
"1795357","2199","3680","9","2023-02-09 19:50:07","1","1","0","0"
"1795483","3245","3680","10","2023-10-04 21:36:53","2","0","1","1"
"1797000","8167","4125","7","2023-11-12 03:36:35","4","1","0","3"
"1798328","7295","3678","19","2023-11-08 13:40:57","4","1","0","3"
"1799219","2903","3677","7","2023-08-05 10:19:17","3","2","0","1"
"1800369","3077","3677","30","","0","0","0","0"
"1801403","7605","3677","22","2023-12-18 18:02:00","3","0","0","3"
"1802179","8928","3676","14","2023-11-15 04:42:12","10","1","2","7"
"1806763","8236","3675","8","","0","0","0","0"
"1807452","8407","3675","110","2023-12-21 10:38:33","18","14","3","1"
"1808417","3413","3674","7","","0","0","0","0"
"1808924","4966","3674","14","2024-01-18 07:31:29","37","16","9","12"
"1809211","4308","3674","9","2024-01-26 07:02:11","8","3","1","4"
"1809268","5477","3674","5","2023-08-23 00:10:01","2","0","0","2"
"1810810","3648","3674","23","2023-12-24 20:14:58","6","4","1","1"
"1810962","2922","3673","10","2023-08-21 01:59:54","2","0","1","1"
"1811348","2145","3673","41","2023-11-03 06:02:56","2","1","0","1"
"1811700","3515","3673","24","2024-01-27 08:34:42","7","1","0","6"
"1811775","4195","3673","5","2024-01-08 11:33:22","4","1","0","3"
"1812942","2343","3673","7","","0","0","0","0"
"1814268","2298","3672","5","2024-01-31 20:23:12","3","0","1","2"
"1814970","2581","3672","13","","0","0","0","0"
"1815028","3825","3672","7","2024-01-05 11:38:20","1","0","0","1"
"1815449","2123","3671","7","2024-01-16 19:01:54","2","0","0","2"
"1816112","5017","3671","8","2024-01-29 16:29:52","5","0","1","4"
"1816667","6157","3671","12","2023-06-10 20:14:01","18","15","3","0"
"1817031","9890","3670","13","2023-10-14 20:25:59","2","1","0","1"
"1817640","8921","3670","5","","0","0","0","0"
"1818279","3680","3670","5","","0","0","0","0"
"1819452","2948","3670","19","2023-09-18 16:42:20","2","1","0","1"
"1820340","2350","3669","11","2023-12-27 18:21:34","6","1","2","3"
"1820553","5714","3669","14","2023-12-14 15:47:46","7","2","4","1"
"1823705","5680","3668","25","2024-01-29 14:59:22","14","2","4","8"
"1823740","7012","3668","18","2024-01-12 14:42:03","1","0","0","1"
"1824828","2180","3668","7","2023-12-01 20:24:50","1","0","0","1"
"1825390","5292","3667","10","","0","0","0","0"
"1827642","2231","3667","6","2023-03-10 19:14:53","2","2","0","0"
"1829045","6004","3666","6","2023-03-30 10:13:56","2","2","0","0"
"1829048","2537","3666","13","2023-04-18 06:59:34","2","2","0","0"
"1829772","3628","3666","6","","0","0","0","0"
"1830549","3527","4195","6","2023-07-21 17:30:09","5","0","5","0"
"1830563","3704","3666","44","2024-01-17 23:29:26","6","3","2","1"
"1834212","3678","3664","5","2023-12-30 18:53:32","7","2","1","4"
"1834941","6796","3663","24","2023-05-12 09:36:11","8","5","3","0"
"1836461","2525","3663","18","2023-06-15 23:42:45","5","1","4","0"
"1837006","2802","3663","44","","0","0","0","0"
"1837080","9569","3663","16","2023-12-01 04:30:22","10","0","3","7"
"1838233","3648","3662","6","2023-11-13 16:19:15","3","0","0","3"
"1838547","2874","3662","5","2023-11-22 22:35:14","5","1","1","3"
"1838726","6700","3662","5","2023-09-10 12:25:49","1","0","0","1"
"1842273","2515","3661","15","2023-10-05 02:01:40","5","1","0","4"
"1842350","2951","3661","7","","0","0","0","0"
"1842599","3057","3661","26","2024-01-26 15:17:02","46","5","24","17"
"1843175","2835","3661","17","2023-09-18 17:11:17","4","1","1","2"
"1843329","2937","3661","5","2024-01-24 14:28:01","4","0","1","3"
"1843737","3214","3660","8","2023-07-19 09:18:26","1","0","1","0"
"1844376","4520","3660","5","2023-09-23 08:44:06","1","0","0","1"
"1845672","5308","3660","11","2023-12-11 19:05:42","9","5","2","2"
"1846040","3332","3660","10","","0","0","0","0"
"1846993","5253","3659","14","2024-01-16 05:42:55","6","4","1","1"
"1847378","3735","3659","28","2024-01-30 00:25:41","92","27","25","40"
"1847960","5200","3659","8","2023-09-15 07:23:41","5","0","2","3"
"1848953","2002","3658","22","2024-01-08 12:41:51","2","0","1","1"
"1849261","2184","3658","13","2023-11-21 09:08:27","9","1","1","7"
"1849358","9681","3658","33","2023-11-16 19:49:33","4","1","1","2"
"1850978","5893","3657","7","","0","0","0","0"
"1851678","3503","3657","5","2023-03-17 13:05:15","1","1","0","0"
"1853243","2417","3656","10","2023-07-11 22:21:55","6","0","6","0"
"1853479","9704","3656","5","2023-11-30 00:52:38","1","0","0","1"
"1854124","6548","3656","22","2023-12-18 08:07:52","12","4","2","6"
"1854793","6451","3656","5","","0","0","0","0"
"1855177","2217","3655","17","2023-10-07 23:34:36","7","4","2","1"
"1855801","2562","3655","12","2023-12-06 14:36:48","5","0","0","5"
"1856338","3782","3655","12","2023-09-20 06:30:08","2","0","1","1"
"1856429","6674","3655","8","","0","0","0","0"
"1856451","5706","3655","8","2023-04-14 07:50:21","1","1","0","0"
"1856861","3020","3655","5","2023-09-17 09:05:12","5","2","1","2"
"1857909","2319","3655","41","2023-05-05 19:20:45","14","13","1","0"
"1858327","7974","3654","6","2023-03-30 23:08:47","6","6","0","0"
"1858466","3290","3654","10","","0","0","0","0"
"1859027","2532","3654","100","2023-08-27 08:44:20","5","0","4","1"
"1860517","4186","3654","6","","0","0","0","0"
"1860868","3227","3654","14","2023-10-10 11:43:54","12","5","1","6"
"1861044","2315","3654","6","2023-07-31 12:57:13","3","1","2","0"
"1861328","4515","3654","20","2023-03-28 08:22:23","2","2","0","0"
"1861864","5376","3653","5","2024-01-18 08:28:16","3","1","0","2"
"1861935","9024","3653","5","2023-11-12 22:42:44","2","0","0","2"
"1862658","3854","3653","9","","0","0","0","0"
"1862808","3482","3653","5","","0","0","0","0"
"1862861","7544","3653","28","2024-01-31 12:16:41","149","49","26","74"
"1863775","3087","3653","23","2024-01-22 16:50:48","34","11","9","14"
"1863938","4179","3653","15","","0","0","0","0"
"1866009","2331","3652","7","","0","0","0","0"
"1866752","2437","3652","10","2023-05-30 13:00:47","2","1","1","0"
"1867549","6699","3652","5","2023-12-09 10:47:56","4","3","0","1"
"1867854","6720","3651","7","2023-03-17 01:46:54","1","1","0","0"
"1870054","7768","3650","7","2023-06-16 13:34:55","1","0","1","0"
"1870254","9874","3650","5","2024-01-25 09:30:00","28","3","7","18"
"1870799","3188","3650","5","2024-01-13 19:08:08","2","1","0","1"
"1870832","9186","3650","5","2023-05-10 21:43:30","2","1","1","0"
"1870873","2522","3650","11","2023-11-07 13:10:29","6","2","3","1"
"1871207","8510","3650","9","2024-01-04 09:56:23","21","8","3","10"
"1873521","4162","3649","9","2023-03-29 15:08:10","4","4","0","0"
"1874113","5023","3649","6","2023-03-06 10:09:25","2","2","0","0"
"1876355","9170","3648","13","2024-01-29 05:14:32","16","5","1","10"
"1878141","7870","3647","12","2024-01-06 21:32:24","7","4","2","1"
"1878728","2884","3647","14","2024-01-09 20:03:00","3","0","0","3"
"1879822","4469","3647","5","","0","0","0","0"
"1880203","4766","3647","83","2023-11-02 15:00:52","29","0","27","2"
"1882497","4393","3646","5","","0","0","0","0"
"1882699","9702","3646","16","2024-01-31 16:07:18","12","2","5","5"
"1883479","4528","3646","8","2024-01-21 17:47:01","2","0","0","2"
"1883707","3826","3646","9","","0","0","0","0"
"1883876","2574","3646","6","2023-03-27 03:47:38","2","2","0","0"
"1884363","5860","3645","5","","0","0","0","0"
"1885713","2795","3645","14","2023-09-01 18:55:46","3","2","0","1"
"1885921","7024","3645","6","","0","0","0","0"
"1886357","8311","3645","10","2023-12-13 14:02:11","2","0","1","1"
"1887603","4565","3644","6","","0","0","0","0"
"1887645","8089","3644","14","2023-10-20 20:14:45","5","0","4","1"
"1889607","7727","3643","15","2023-12-28 18:18:18","6","1","1","4"
"1890396","2604","3642","6","2023-12-26 03:38:19","4","2","1","1"
"1891133","7150","3642","13","2023-07-03 12:29:19","6","1","5","0"
"1892256","5095","3642","6","2023-08-28 09:17:23","1","0","0","1"
"1892584","2007","3642","13","2023-06-04 14:32:55","3","2","1","0"
"1893976","2721","3641","19","","0","0","0","0"
"1894908","4290","3641","5","2023-11-23 20:12:41","1","0","0","1"
"1896107","6000","3641","11","2023-11-12 09:16:02","3","2","0","1"
"1896134","3716","3641","21","2023-08-30 18:56:30","12","2","7","3"
"1896554","9162","3640","24","2023-12-20 23:27:31","4","0","3","1"
"1897466","8311","3640","6","","0","0","0","0"
"1898527","3965","3640","9","2023-08-21 19:46:56","2","0","1","1"
"1898538","2777","3640","11","2024-01-12 11:05:05","15","5","2","8"
"1898992","3175","3640","5","2023-12-24 09:21:19","3","1","0","2"
"1899628","8579","3639","6","2023-08-24 14:46:37","2","0","1","1"
"1900441","2999","3639","10","2023-12-06 08:55:30","7","0","1","6"
"1901574","6478","3639","5","2023-12-01 11:01:41","2","1","0","1"
"1901658","7383","3639","9","2023-02-19 18:36:39","1","1","0","0"
"1902910","2274","3638","5","2023-11-17 18:56:17","8","2","2","4"
"1903793","7118","3638","11","2023-12-15 20:37:24","2","0","0","2"
"1904146","3585","3638","16","2023-12-17 11:49:53","7","0","1","6"
"1905491","3088","3637","5","2023-11-22 02:15:08","7","0","2","5"
"1906094","3065","3637","11","2023-05-18 07:15:19","2","1","1","0"
"1906322","4141","3637","8","","0","0","0","0"
"1907755","9037","3636","7","","0","0","0","0"
"1907888","5544","3636","13","2023-05-18 16:02:44","2","0","2","0"
"1909132","4924","3635","18","2023-06-20 06:45:33","1","0","1","0"
"1909499","2556","3635","18","2024-01-30 00:06:59","8","1","1","6"
"1909864","2007","3635","5","2024-01-22 11:26:04","3","0","1","2"
"1910735","7427","3635","8","2023-10-23 10:02:18","7","4","2","1"
"1911619","4324","3634","7","2023-10-16 07:06:34","1","0","0","1"
"1911652","4583","3634","17","","0","0","0","0"
"1912127","3341","3634","8","2023-08-01 08:10:19","1","0","0","1"
"1913367","2090","3634","16","2023-08-25 06:49:09","5","2","2","1"
"1915920","4851","3633","17","2023-08-09 18:32:15","1","0","0","1"
"1916449","9759","3633","7","2023-04-04 11:38:02","2","2","0","0"
"1916917","7577","3633","30","2023-12-02 10:26:25","16","5","2","9"
"1917187","5485","3633","16","2024-01-02 19:09:42","3","0","1","2"
"1918193","8124","3632","10","2023-06-18 07:52:23","2","0","2","0"
"1918962","3144","3632","8","2023-05-16 06:11:43","5","4","1","0"
"1919821","8469","3632","9","","0","0","0","0"
"1920035","6252","3632","94","2023-10-09 22:45:31","19","15","2","2"
"1921541","2940","3631","24","","0","0","0","0"
"1921546","2931","3631","8","","0","0","0","0"
"1922763","3600","3630","5","","0","0","0","0"
"1923095","5148","3630","7","2023-05-02 21:10:10","1","0","1","0"
"1923139","4259","3630","24","2023-11-21 05:45:33","11","10","0","1"
"1924798","4343","3629","6","2023-11-20 09:37:50","2","0","0","2"
"1925272","4505","3629","5","","0","0","0","0"
"1925616","2432","3629","7","2023-11-10 16:16:44","11","6","1","4"
"1926806","3602","3628","7","","0","0","0","0"
"1927444","3625","3628","12","2023-05-10 07:05:05","2","1","1","0"
"1927991","7985","3627","9","","0","0","0","0"
"1928380","4561","3627","7","2023-07-24 19:18:35","2","0","2","0"
"1928691","3302","3627","7","2023-04-26 09:18:45","1","1","0","0"
"1930496","2794","3626","5","2023-06-06 12:06:20","2","0","2","0"
"1932011","2707","3625","67","2024-01-07 00:13:28","10","0","1","9"
"1934484","3878","3624","29","2024-01-12 07:58:13","11","4","3","4"
"1934750","4664","3624","11","2024-01-29 16:16:54","20","7","4","9"
"1934800","4823","3624","7","2023-11-10 01:14:21","3","0","0","3"
"1935338","5641","3624","5","2023-11-30 04:56:18","2","0","1","1"
"1936841","2149","3623","5","","0","0","0","0"
"1936966","4804","3623","14","2023-10-19 17:30:05","10","0","0","10"
"1937507","2023","3622","5","","0","0","0","0"
"1940850","5996","3620","24","2023-09-28 10:33:23","4","2","1","1"
"1940851","2517","3620","6","2023-06-01 08:00:11","3","2","1","0"
"1941545","4379","3620","52","2023-12-22 10:44:55","6","0","0","6"
"1942463","2538","3619","13","2023-10-06 07:56:50","2","1","0","1"
"1943525","3459","3619","7","2023-11-11 03:17:30","3","0","2","1"
"1943849","9748","3619","8","2023-12-17 20:29:00","8","2","4","2"
"1946412","8301","3618","28","2023-12-20 13:15:35","13","4","6","3"
"1946679","9762","3618","19","2024-01-17 13:09:10","12","2","3","7"
"1947330","2686","3617","5","2023-03-11 03:01:43","1","1","0","0"
"1947482","2145","3617","7","2023-10-29 14:17:21","6","1","4","1"
"1948252","2261","3617","12","2024-01-22 11:14:49","10","4","3","3"
"1948511","7687","3617","6","","0","0","0","0"
"1950503","3361","3616","11","2023-10-12 01:16:01","3","1","0","2"
"1951448","2729","3616","5","2024-01-02 23:45:16","3","0","0","3"
"1951485","5003","3616","6","","0","0","0","0"
"1951885","2442","3616","6","2023-02-10 15:42:52","1","1","0","0"
"1952287","9116","3754","55","2024-01-10 14:49:44","6","2","0","4"
"1952626","5034","3615","6","2023-12-20 17:08:11","5","0","0","5"
"1953718","9788","3614","5","2023-11-11 08:11:15","22","21","0","1"
"1955044","2071","3614","36","2024-01-12 12:20:32","77","20","26","31"
"1956072","7440","3614","13","2023-12-11 14:58:38","14","5","1","8"
"1956540","8969","3614","8","2023-12-11 20:26:44","6","0","2","4"
"1958726","4990","3613","5","2023-04-05 12:52:27","1","1","0","0"
"1961413","3019","3612","8","2023-08-20 03:08:12","4","0","2","2"
"1964277","3368","3612","21","2024-01-03 14:23:43","16","3","2","11"
"1964969","5389","3612","17","2023-11-20 14:44:12","1","0","0","1"
"1965599","2015","3611","5","","0","0","0","0"
"1965774","8488","3611","12","","0","0","0","0"
"1967571","6464","3611","20","2023-12-28 15:16:56","34","8","9","17"
"1967800","6257","3611","5","2023-05-08 23:06:27","2","1","1","0"
"1967864","3515","3611","10","2023-09-22 17:35:19","6","3","2","1"
"1971062","2512","3610","8","2023-11-20 13:42:59","5","3","1","1"
"1971438","4591","3610","86","2023-12-20 22:37:55","2","0","0","2"
"1972372","3299","3609","7","2023-05-13 20:34:49","1","0","1","0"
"1972388","3709","3609","8","","0","0","0","0"
"1973651","2004","3608","5","2023-11-12 06:09:19","6","1","4","1"
"1973735","6055","3608","105","","0","0","0","0"
"1973861","2871","3608","29","2024-01-04 21:53:09","10","3","4","3"
"1974021","6168","3608","16","2023-11-12 15:52:54","10","2","4","4"
"1974681","3741","3608","7","2023-04-19 09:30:57","1","1","0","0"
"1976597","4944","3607","10","2023-11-02 01:09:22","7","3","1","3"
"1976617","3015","3607","5","2023-09-05 07:36:45","1","0","0","1"
"1977053","5328","3607","7","2024-01-22 15:16:44","2","0","0","2"
"1977143","6503","3607","6","2023-11-11 04:06:24","9","4","2","3"
"1977773","3328","3607","6","2023-11-24 14:40:06","1","0","0","1"
"1978311","3774","3607","6","2023-07-04 13:45:52","2","0","2","0"
"1978840","4541","3606","6","2023-04-28 14:42:45","4","4","0","0"
"1980105","6531","3606","5","","0","0","0","0"
"1980863","3759","3606","9","2023-10-27 17:23:05","4","2","1","1"
"1981088","7460","3606","22","2024-01-18 15:38:52","17","10","4","3"
"1983409","4918","3605","13","2023-10-27 06:42:30","4","2","1","1"
"1986532","2592","3604","35","2023-05-22 11:50:54","4","3","1","0"
"1987437","3732","3604","22","2023-03-09 16:10:30","2","2","0","0"
"1988798","3779","3604","24","2023-08-29 12:27:04","3","0","0","3"
"1988874","2481","3604","13","2023-07-24 16:06:15","1","0","1","0"
"1990522","2997","3603","7","","0","0","0","0"
"1992773","3925","3602","48","2024-01-31 20:53:22","23","1","7","15"
"1992811","2269","3602","10","2023-03-22 06:38:58","2","2","0","0"
"1992866","3993","3602","15","2024-01-18 02:45:02","4","0","1","3"
"1994646","2650","3601","5","2023-10-01 07:41:07","1","0","0","1"
"1996066","8214","3600","7","2023-11-29 23:47:39","2","0","1","1"
"1996443","2599","3600","5","","0","0","0","0"
"1998801","8200","3599","52","2024-01-10 08:25:22","77","32","31","14"
"1999873","2682","3599","6","2024-01-11 11:02:51","3","0","0","3"
"2002514","2376","3598","8","","0","0","0","0"
"2004073","2758","3598","11","2023-09-15 06:23:12","20","0","7","13"
"2004532","7132","3598","10","2023-10-16 16:40:25","1","0","0","1"
"2005038","7296","3598","38","2023-10-20 18:31:46","26","12","4","10"
"2005232","2382","3598","14","2023-09-28 10:06:13","15","3","1","11"
"2005490","5248","3598","6","","0","0","0","0"
"2005666","2707","3598","161","2023-07-02 00:21:54","15","11","4","0"
"2007153","3559","3597","18","2024-01-25 15:15:06","9","4","2","3"
"2011071","4841","3596","42","2023-12-31 18:48:52","42","16","12","14"
"2011622","4361","3596","6","2023-08-07 12:09:16","2","1","0","1"
"2011679","4137","3596","9","2023-10-18 04:20:49","1","0","0","1"
"2012487","7819","3596","8","","0","0","0","0"
"2012715","5239","3596","7","2023-04-18 18:38:46","2","2","0","0"
"2015452","7048","3594","14","2023-05-19 21:06:44","1","0","1","0"
"2015909","5431","3594","46","2023-11-20 00:11:13","51","37","10","4"
"2016436","6099","3594","8","","0","0","0","0"
"2017567","2941","3593","12","2023-11-14 08:40:58","25","0","6","19"
"2017590","5903","3593","137","2023-12-05 10:30:22","25","15","4","6"
"2018278","3852","3593","49","2023-12-05 01:09:25","49","13","21","15"
"2019542","2599","3593","16","2023-10-27 15:57:10","10","3","2","5"
"2019965","2288","3592","7","2023-09-06 12:25:36","4","1","2","1"
"2020002","7185","3592","5","2023-12-01 23:17:00","2","0","1","1"
"2020886","2766","3592","6","","0","0","0","0"
"2022115","2068","3592","10","2023-05-09 08:37:21","1","0","1","0"
"2023941","5814","3591","20","2024-01-25 02:13:19","16","3","5","8"
"2024469","5828","3591","8","2024-01-17 06:43:22","4","0","0","4"
"2024527","9407","3591","6","2023-08-17 14:17:52","2","1","0","1"
"2026065","5989","3591","7","2024-01-30 06:38:17","4","0","0","4"
"2026277","2469","3591","5","2023-07-27 09:41:06","1","0","1","0"
"2026659","2691","3591","6","2023-07-17 19:09:54","2","1","1","0"
"2026768","8942","3591","10","2023-03-20 21:10:54","1","1","0","0"
"2027196","4318","3591","16","2023-08-21 20:19:58","5","3","0","2"
"2027839","3936","3590","13","2023-12-19 07:15:25","10","3","1","6"
"2028066","5170","3590","11","2023-10-25 06:43:36","4","2","1","1"
"2028741","2531","3590","14","","0","0","0","0"
"2030808","3787","3590","16","2023-12-30 13:01:10","24","10","6","8"
"2032777","2315","3589","8","2024-01-04 20:16:41","20","4","5","11"
"2033675","2692","3589","5","2023-10-27 15:32:54","8","4","2","2"
"2033800","2317","3589","8","2023-10-18 15:34:27","2","0","1","1"
"2034048","2579","3589","6","2023-10-04 20:57:30","1","0","0","1"
"2036070","9409","3588","61","2024-01-30 20:20:25","83","6","40","37"
"2036221","3216","3588","9","2023-12-15 12:12:32","18","4","1","13"
"2036859","3959","3587","6","2023-11-03 11:43:34","8","1","0","7"
"2038383","8852","3586","7","2024-01-05 04:20:41","5","1","3","1"
"2039546","3995","3586","40","2023-12-24 13:40:45","14","3","4","7"
"2041077","9189","3586","50","2024-01-17 15:50:20","91","15","34","42"
"2041317","8616","3586","22","2024-01-29 23:29:23","16","3","3","10"
"2042827","5512","3585","7","2023-05-17 12:27:44","1","0","1","0"
"2044454","6052","5189","164","2024-01-03 16:33:06","59","21","14","24"
"2044706","3878","3585","15","2023-08-06 02:23:59","3","1","0","2"
"2046428","3090","3584","5","2023-06-16 13:54:53","1","0","1","0"
"2047614","7004","3584","22","2023-11-19 14:18:32","12","1","5","6"
"2049208","7189","5186","15","2023-11-23 17:07:10","10","2","2","6"
"2049986","9707","3583","8","2023-12-29 14:09:32","6","2","1","3"
"2050306","6198","3583","8","2023-03-24 01:23:51","6","6","0","0"
"2050652","2857","3583","6","2023-12-18 14:20:36","4","1","0","3"
"2050745","2634","3583","7","","0","0","0","0"
"2051392","9875","3583","6","","0","0","0","0"
"2051938","4083","3583","5","2023-10-11 13:33:30","1","0","0","1"
"2052097","7826","3583","15","2023-10-15 03:20:17","8","1","0","7"
"2052575","7696","3583","16","2024-01-26 17:30:19","3","0","0","3"
"2053617","4999","3582","12","","0","0","0","0"
"2055187","5120","3582","5","2023-10-03 14:21:46","3","1","0","2"
"2057463","3018","3581","5","2024-01-22 15:45:16","7","0","1","6"
"2057925","2703","3580","86","2023-07-20 10:33:35","47","31","16","0"
"2057955","9590","3580","7","2023-09-15 05:16:23","4","1","2","1"
"2058131","6470","3580","6","2024-01-20 19:12:22","11","6","0","5"
"2065080","7548","3578","5","","0","0","0","0"
"2065587","8567","3578","7","","0","0","0","0"
"2066474","2183","3578","14","2023-02-08 12:19:07","1","1","0","0"
"2066546","6307","3578","5","","0","0","0","0"
"2067157","6599","3577","7","2023-11-10 18:37:02","3","1","0","2"
"2067264","8091","3577","12","2023-06-01 06:08:09","1","0","1","0"
"2067631","2540","3577","11","2023-09-28 10:43:19","7","4","0","3"
"2067667","3095","3577","5","","0","0","0","0"
"2068732","4313","3577","9","2023-04-20 08:33:36","5","5","0","0"
"2068766","6628","3577","13","2024-01-29 05:48:33","7","0","2","5"
"2070111","5225","3577","22","2023-12-26 22:13:06","12","3","3","6"
"2070861","5952","3576","31","2024-01-25 23:45:02","24","4","6","14"
"2072165","4372","3576","10","2023-11-07 11:35:26","1","0","0","1"
"2072882","6111","3576","5","2023-08-30 12:13:27","2","0","1","1"
"2073920","6320","3576","7","2024-01-30 13:56:41","1","0","0","1"
"2074736","4541","3575","10","2024-01-31 07:19:16","6","2","1","3"
"2074794","2166","3575","5","","0","0","0","0"
"2074831","3984","3575","36","2023-06-24 11:54:16","3","2","1","0"
"2076049","2860","3575","6","","0","0","0","0"
"2076973","3619","3575","10","2023-07-29 02:19:37","3","0","3","0"
"2077270","5400","3575","41","","0","0","0","0"
"2077386","7203","3574","5","2024-01-16 22:01:11","6","0","3","3"
"2078975","4230","3574","6","2023-10-24 19:55:10","1","0","0","1"
"2079189","4979","3574","89","2023-12-07 17:18:31","33","9","13","11"
"2080486","2007","3573","10","","0","0","0","0"
"2081835","7638","3572","142","2023-11-10 02:55:28","26","10","9","7"
"2082439","2373","3572","5","","0","0","0","0"
"2082723","8660","3572","12","2023-12-07 12:25:26","4","0","0","4"
"2084798","4439","3572","5","2023-06-02 04:13:31","3","2","1","0"
"2084960","2552","3572","7","","0","0","0","0"
"2086966","5571","3571","30","2023-07-04 10:51:38","1","0","1","0"
"2087198","3304","3571","8","2023-09-11 10:50:52","2","1","0","1"
"2087551","4473","3571","6","2023-08-27 10:45:32","2","1","0","1"
"2088029","2915","3571","21","2024-01-21 15:53:38","20","6","5","9"
"2088053","4558","3571","8","2023-08-31 11:25:01","3","1","1","1"
"2089182","3427","3571","9","","0","0","0","0"
"2091803","2520","3570","8","2023-06-17 14:13:55","1","0","1","0"
"2091951","2481","3570","5","2023-12-10 04:41:25","5","0","1","4"
"2092781","3854","3570","5","2023-10-04 09:35:42","2","1","0","1"
"2092927","4463","3570","6","2023-10-27 09:59:59","12","1","2","9"
"2093029","2628","3570","5","2023-09-06 10:42:14","1","0","0","1"
"2093371","3821","3570","5","2023-10-25 05:13:00","1","0","0","1"
"2094893","4733","3569","108","2024-01-26 09:51:06","58","21","11","26"
"2095383","5131","3569","5","2024-01-30 10:49:43","4","1","1","2"
"2096986","7803","3782","20","2023-09-25 10:08:09","3","1","1","1"
"2097036","2151","3569","8","2023-12-04 12:56:33","7","4","0","3"
"2099704","2877","3568","5","","0","0","0","0"
"2100372","3016","3568","8","2024-01-09 09:32:14","18","1","4","13"
"2101117","4244","3568","12","","0","0","0","0"
"2101290","8346","3567","5","","0","0","0","0"
"2101808","3654","3567","7","2023-11-25 09:09:50","7","2","2","3"
"2102379","2314","4360","5","","0","0","0","0"
"2103218","2380","3567","5","2023-11-01 16:43:21","1","0","0","1"
"2103602","7523","3566","7","2023-09-15 02:49:26","6","1","3","2"
"2104280","3963","3566","8","","0","0","0","0"
"2105670","2517","3565","30","2023-12-20 09:38:11","1","0","0","1"
"2107657","2448","3565","5","","0","0","0","0"
"2108433","2092","3565","14","2023-09-20 19:02:43","5","0","1","4"
"2109620","2388","3564","8","2023-12-22 08:57:15","6","2","3","1"
"2109769","2065","3564","7","2023-03-20 07:28:37","1","1","0","0"
"2110865","2854","3564","5","","0","0","0","0"
"2111430","3880","3564","14","","0","0","0","0"
"2111584","3240","3564","7","2023-04-18 14:29:03","2","2","0","0"
"2112512","5959","3564","7","","0","0","0","0"
"2112722","4143","3564","43","2023-09-08 22:08:54","11","9","1","1"
"2113451","2494","3563","21","2023-02-17 18:06:21","1","1","0","0"
"2113612","3556","3563","6","2023-09-29 14:17:06","3","0","2","1"
"2114313","3315","3563","5","","0","0","0","0"
"2114786","3221","3563","5","","0","0","0","0"
"2115836","2038","3563","6","","0","0","0","0"
"2115971","5284","3563","5","","0","0","0","0"
"2117872","2910","3562","22","2023-11-22 17:33:48","8","0","2","6"
"2118777","5211","3562","7","2023-11-23 15:24:03","7","2","3","2"
"2119562","7928","3562","5","2023-06-13 14:20:34","2","0","2","0"
"2119863","6629","3562","6","2023-02-24 15:05:43","17","17","0","0"
"2119960","5885","3562","7","2023-11-17 09:16:55","1","0","0","1"
"2120073","2123","3562","6","","0","0","0","0"
"2123547","2385","3561","63","2023-06-04 07:39:38","2","1","1","0"
"2123706","3824","3561","11","2023-05-09 09:14:23","3","2","1","0"
"2124529","3721","3561","20","","0","0","0","0"
"2125351","5840","3561","12","2023-09-10 16:58:54","2","1","0","1"
"2126077","3707","3560","28","2024-01-31 14:05:44","18","3","8","7"
"2126254","4496","3560","22","2024-01-27 00:29:59","9","5","1","3"
"2127008","4501","3560","5","2023-10-29 20:37:03","5","1","1","3"
"2127354","2141","3560","13","","0","0","0","0"
"2127950","7926","4237","7","","0","0","0","0"
"2128265","5678","3559","6","2024-01-10 23:30:21","2","0","1","1"
"2129097","2774","3559","5","","0","0","0","0"
"2129219","3199","3559","6","2024-01-29 20:44:09","3","1","0","2"
"2129937","2696","3559","24","2023-02-03 19:47:42","1","1","0","0"
"2131039","4728","3558","18","2023-05-06 09:38:04","3","2","1","0"
"2131212","3360","3558","5","2023-02-08 20:02:53","8","8","0","0"
"2131717","2549","3558","6","2023-08-23 15:26:40","10","5","2","3"
"2131957","2664","3558","6","2024-01-28 15:56:04","1","0","0","1"
"2132005","2421","3558","7","2023-10-18 05:09:19","2","0","1","1"
"2132421","6372","3558","5","2023-09-06 20:00:07","4","3","0","1"
"2133111","6154","3558","8","2024-01-12 01:53:39","1","0","0","1"
"2133271","3476","3558","11","2023-08-11 20:21:48","3","0","2","1"
"2133695","9283","3558","21","2023-12-06 20:33:44","21","9","5","7"
"2134604","6593","3557","9","","0","0","0","0"
"2135504","2789","3557","9","2023-11-23 18:17:46","9","4","2","3"
"2137382","6885","3557","8","2023-09-20 15:15:24","6","2","2","2"
"2137458","7012","3557","5","2023-05-25 11:48:49","1","0","1","0"
"2140747","2868","3556","7","","0","0","0","0"
"2141469","2050","3556","5","2024-01-10 21:50:41","3","0","1","2"
"2143128","8107","3555","20","2024-01-03 09:04:31","8","1","2","5"
"2145097","5458","3555","31","2023-07-04 06:00:08","2","1","1","0"
"2146491","5214","3555","7","2023-02-13 20:00:11","1","1","0","0"
"2146803","4014","3554","7","2023-03-16 02:20:45","2","2","0","0"
"2147204","5639","3554","17","2024-01-17 00:35:20","16","6","8","2"
"2147218","8625","3554","41","2024-01-21 17:06:39","42","13","8","21"
"2147814","4381","3554","9","2024-01-18 15:08:38","11","3","2","6"
"2148365","3664","3554","7","2023-12-20 11:07:48","3","1","0","2"
"2148416","3467","3554","32","2024-01-11 10:09:31","14","1","2","11"
"2149093","2040","3554","15","2023-03-02 17:15:05","1","1","0","0"
"2150879","2167","3553","8","2024-01-17 03:34:18","8","0","2","6"
"2153636","3316","3552","60","2023-06-14 05:01:06","16","15","1","0"
"2154661","4798","3552","7","2023-08-13 04:41:25","1","0","0","1"
"2156952","7870","3551","6","2023-12-21 21:39:00","3","0","1","2"
"2157862","6745","3551","11","2023-05-16 22:47:11","9","8","1","0"
"2158271","2717","3551","10","","0","0","0","0"
"2160695","2606","3550","6","2023-09-15 02:43:13","4","3","0","1"
"2163927","3651","3549","9","","0","0","0","0"
"2164736","2074","3549","11","2024-01-10 14:05:46","13","3","3","7"
"2166856","6914","3549","6","2023-02-07 06:06:44","2","2","0","0"
"2166947","3963","3549","5","","0","0","0","0"
"2169853","9478","3548","5","","0","0","0","0"
"2170368","7630","3548","7","2024-01-30 19:31:21","5","2","2","1"
"2171928","9754","3548","6","","0","0","0","0"
"2173392","4099","3547","5","2023-10-19 13:43:07","2","0","0","2"
"2173890","3663","3547","34","2024-01-27 06:09:08","14","4","3","7"
"2174741","7463","3547","5","2023-10-24 18:22:40","1","0","0","1"
"2175704","2068","3547","9","2023-12-18 04:10:08","3","0","1","2"
"2177047","2156","3546","8","2023-12-18 16:29:28","6","4","1","1"
"2178112","8748","3546","8","2023-10-04 19:27:09","3","0","1","2"
"2180570","2074","3545","9","2024-01-12 22:14:10","4","1","0","3"
"2181188","5005","3544","28","2023-12-20 03:45:29","9","3","1","5"
"2182349","9838","3544","29","2023-11-24 23:34:53","13","3","5","5"
"2183035","2974","3544","5","2024-01-25 15:59:00","10","2","2","6"
"2183547","4475","3544","16","","0","0","0","0"
"2188186","7174","3543","17","2023-10-26 20:55:53","20","11","5","4"
"2188587","6294","3543","71","2023-05-17 08:12:14","6","5","1","0"
"2189500","7630","3542","8","2023-11-26 23:54:51","2","0","0","2"
"2189544","2030","3542","8","2023-08-30 09:30:17","8","2","1","5"
"2189922","8051","3542","13","2023-02-20 14:25:45","1","1","0","0"
"2190488","2527","3542","16","2023-12-14 11:40:33","4","2","0","2"
"2191065","2209","3542","14","2023-12-20 14:58:41","3","2","0","1"
"2191652","6585","3542","10","2023-12-15 10:22:01","3","2","0","1"
"2191979","2031","3542","8","","0","0","0","0"
"2193968","9723","3541","27","2023-09-26 22:30:17","14","5","2","7"
"2194843","2317","3541","8","","0","0","0","0"
"2195440","3733","3541","12","","0","0","0","0"
"2195555","7958","3541","5","","0","0","0","0"
"2196220","9139","3541","23","2023-10-27 13:25:46","10","3","4","3"
"2196456","3529","3541","12","2024-01-24 23:05:36","3","1","0","2"
"2198470","4612","3540","7","","0","0","0","0"
"2199001","5341","3540","11","2024-01-04 19:10:54","7","4","1","2"
"2199525","5433","3540","5","2024-01-18 17:11:21","3","0","0","3"
"2199687","4887","3540","5","2023-04-16 12:50:30","1","1","0","0"
"2200711","2090","3540","5","2023-07-14 16:56:46","3","1","2","0"
"2202018","5505","3539","41","2024-01-27 08:53:07","23","6","7","10"
"2203038","4513","3539","64","2023-09-25 22:08:44","3","0","2","1"
"2203890","6619","3538","15","2023-11-08 08:30:00","17","5","7","5"
"2204040","3080","3538","5","2024-01-19 18:46:59","1","0","0","1"
"2205080","2610","3538","9","","0","0","0","0"
"2205089","2688","3538","99","","0","0","0","0"
"2205785","4620","3538","7","2024-01-13 21:36:19","5","1","0","4"
"2206209","8394","3537","7","2023-12-21 10:06:10","4","0","2","2"
"2207154","5261","3537","5","2023-09-05 14:38:40","3","2","0","1"
"2207924","4272","3537","43","2023-08-24 13:34:57","1","0","0","1"
"2208372","2624","3537","8","","0","0","0","0"
"2208909","2000","3537","6","2023-12-12 14:13:08","7","1","3","3"
"2211268","2122","3536","5","2023-12-07 10:17:45","13","7","3","3"
"2212770","5535","3536","5","2023-09-25 10:26:07","2","1","0","1"
"2213309","2259","3536","24","2024-01-13 21:36:03","11","1","4","6"
"2214440","4807","3535","17","2024-01-25 11:20:28","16","5","1","10"
"2214597","2667","3535","6","","0","0","0","0"
"2215241","5171","3535","20","2023-11-28 09:08:42","9","3","4","2"
"2215649","7445","3535","26","2024-01-08 10:31:50","8","3","2","3"
"2217859","5211","3535","10","2023-07-30 09:25:33","5","0","5","0"
"2218838","2858","3534","6","2024-01-05 03:14:46","2","0","0","2"
"2219237","6827","3534","30","2023-02-19 03:39:53","1","1","0","0"
"2220997","3256","3534","5","2023-04-18 08:43:51","1","1","0","0"
"2223027","5380","3533","9","2023-10-16 16:06:34","2","0","1","1"
"2223566","2060","3533","23","","0","0","0","0"
"2223706","4735","3533","6","2023-11-25 20:17:23","3","0","1","2"
"2224047","7647","3533","44","2024-01-17 06:57:15","14","7","3","4"
"2225087","3465","3533","5","2023-03-17 05:39:26","1","1","0","0"
"2227070","2390","3532","9","","0","0","0","0"
"2228638","3362","3531","12","2023-12-05 01:06:14","5","2","0","3"
"2229234","2085","3531","8","2023-12-04 11:40:31","3","0","0","3"
"2230249","2835","3531","7","","0","0","0","0"
"2231814","3763","3530","6","","0","0","0","0"
"2233706","7437","3530","35","2024-01-11 03:43:42","12","3","0","9"
"2235274","6453","3529","9","2023-09-25 02:05:20","2","1","0","1"
"2236855","4739","3529","9","2024-01-07 19:23:31","4","0","0","4"
"2236921","7530","3529","5","2023-05-29 21:04:42","3","2","1","0"
"2239318","2826","3528","6","2023-08-30 13:39:37","4","1","2","1"
"2240406","3147","3528","7","2023-03-04 18:09:47","1","1","0","0"
"2241145","3615","3528","6","2024-01-07 09:24:13","8","4","1","3"
"2241766","2786","3528","5","2023-10-13 08:26:37","3","1","1","1"
"2242359","9985","3528","5","2023-12-01 16:43:37","1","0","0","1"
"2242705","2175","3528","5","","0","0","0","0"
"2243104","9837","3527","9","","0","0","0","0"
"2243324","7852","3527","25","2024-01-08 18:12:48","4","1","0","3"
"2244284","2415","3527","8","2023-12-23 13:53:13","7","2","4","1"
"2245256","3065","3527","11","2023-09-01 13:43:46","3","1","1","1"
"2246272","3363","3527","50","2023-07-04 04:19:52","6","0","6","0"
"2246559","3874","3527","7","","0","0","0","0"
"2246849","4457","3527","162","","0","0","0","0"
"2247541","3310","3526","8","","0","0","0","0"
"2248943","3317","3526","5","","0","0","0","0"
"2249175","9792","3526","14","","0","0","0","0"
"2251058","3285","3525","5","2023-11-27 06:16:24","4","0","2","2"
"2251303","3718","3525","6","2023-05-15 18:14:32","1","0","1","0"
"2251840","8247","4610","5","2023-03-07 12:23:31","1","1","0","0"
"2251990","2196","3525","6","2023-03-29 19:11:14","1","1","0","0"
"2255764","8308","3524","16","2024-01-29 11:51:28","44","10","2","32"
"2256407","2903","3523","6","","0","0","0","0"
"2257198","3432","3523","12","2024-01-20 20:12:53","26","20","2","4"
"2258077","2260","3523","9","2023-11-24 04:08:13","12","6","0","6"
"2258611","6209","3523","33","2023-12-15 07:58:04","26","13","7","6"
"2259432","2639","3523","9","","0","0","0","0"
"2259878","6932","3522","8","2024-01-09 05:50:15","4","1","0","3"
"2260604","6367","3522","13","","0","0","0","0"
"2262856","4499","3522","7","2023-07-09 09:58:37","3","2","1","0"
"2263152","3968","3522","51","2024-01-30 21:25:29","23","6","6","11"
"2265190","8736","3521","5","2023-04-18 05:55:01","1","1","0","0"
"2265283","2318","3521","9","2023-06-17 12:33:27","1","0","1","0"
"2265446","3530","3521","10","2023-12-13 19:19:23","3","0","0","3"
"2266583","3781","3521","5","2023-02-02 11:26:40","1","1","0","0"
"2266682","2225","3521","13","2023-09-21 14:00:08","7","2","0","5"
"2267308","4976","3521","10","2023-08-22 11:44:38","3","1","1","1"
"2267817","2808","3521","9","","0","0","0","0"
"2269574","2142","4384","11","2023-03-09 08:42:50","4","4","0","0"
"2269826","2020","3520","10","","0","0","0","0"
"2272326","5844","3520","7","2023-09-26 21:55:36","2","0","0","2"
"2275286","5792","3519","6","2023-10-05 14:36:08","1","0","0","1"
"2275490","7970","3519","21","2023-12-05 01:05:39","4","0","0","4"
"2280890","3255","3516","51","2024-01-25 05:53:19","15","4","6","5"
"2280961","2215","3516","6","2023-09-28 18:56:44","6","2","1","3"
"2281257","3943","3516","17","2023-04-28 20:57:12","2","2","0","0"
"2281274","8085","3516","15","2023-10-15 08:31:35","2","0","0","2"
"2281472","7753","3516","7","","0","0","0","0"
"2281853","2956","3516","18","2023-03-08 08:16:41","20","20","0","0"
"2282575","3330","4231","5","2023-12-15 04:48:12","3","1","0","2"
"2282880","3790","3516","15","2024-01-25 13:18:02","2","1","0","1"
"2284136","4785","3516","49","2023-07-07 12:10:51","6","0","6","0"
"2284490","4457","3516","6","2023-10-03 19:05:41","2","0","0","2"
"2284676","5403","3515","5","2023-05-18 00:13:06","2","1","1","0"
"2286415","7488","3515","6","","0","0","0","0"
"2288476","2893","3515","11","2024-01-28 15:01:35","24","2","12","10"
"2288986","4702","3514","5","2024-01-17 20:33:46","4","1","1","2"
"2290151","2264","3514","6","","0","0","0","0"
"2291328","6840","3514","49","2023-12-04 02:22:14","50","27","15","8"
"2291357","6493","3514","23","2024-01-28 09:21:03","14","7","2","5"
"2291935","5482","3514","12","2023-07-13 21:05:38","1","0","1","0"
"2292276","3412","3514","24","2023-12-14 07:20:04","10","4","2","4"
"2293666","3263","3513","6","2023-07-11 11:20:57","1","0","1","0"
"2295549","3724","3513","19","","0","0","0","0"
"2295592","6558","3513","12","2023-03-28 08:48:14","3","3","0","0"
"2298251","2791","3512","28","2023-09-18 06:59:42","1","0","0","1"
"2299087","2586","3512","50","2023-11-21 06:33:55","4","0","3","1"
"2299978","2393","3512","22","","0","0","0","0"
"2300177","2319","3512","6","","0","0","0","0"
"2301185","2694","3511","5","2023-04-06 19:03:41","2","2","0","0"
"2301186","5710","3511","45","2023-12-14 20:50:18","21","10","7","4"
"2302262","2294","3511","6","2023-05-15 08:21:34","2","0","2","0"
"2303235","3364","3511","18","2023-06-01 14:33:42","23","1","22","0"
"2303348","3116","3511","31","","0","0","0","0"
"2303693","2851","3510","7","2023-12-19 06:29:05","5","2","0","3"
"2304204","2779","3510","9","2023-05-03 21:16:50","1","0","1","0"
"2304751","5425","3510","6","","0","0","0","0"
"2306102","2498","3509","11","2024-01-29 09:30:46","10","0","1","9"
"2306481","6972","3509","11","2023-09-01 21:32:29","14","9","4","1"
"2307873","7997","3509","22","2024-01-30 15:54:35","6","0","0","6"
"2308473","6456","3509","40","2023-03-31 23:12:10","1","1","0","0"
"2309862","6744","3508","8","","0","0","0","0"
"2310450","4030","3508","5","","0","0","0","0"
"2311167","5177","3508","6","2023-09-12 17:01:51","4","1","1","2"
"2311559","3912","3508","5","","0","0","0","0"
"2311619","2099","3508","9","","0","0","0","0"
"2314443","8120","3507","5","2023-07-28 12:19:34","3","1","2","0"
"2315162","2859","3507","8","2023-07-11 13:22:04","2","1","1","0"
"2316540","8359","3507","76","2023-11-23 20:32:47","1","0","0","1"
"2318162","2905","3506","7","2023-06-15 13:58:18","1","0","1","0"
"2320127","4896","3506","53","2023-08-31 06:48:53","4","3","0","1"
"2320445","3069","3506","33","","0","0","0","0"
"2320961","8714","3506","140","2023-07-10 00:21:49","30","16","14","0"
"2322099","3569","3505","19","2023-10-06 15:14:22","4","0","0","4"
"2323393","7071","3505","38","2023-09-01 07:43:36","10","5","4","1"
"2323607","2458","3505","8","","0","0","0","0"
"2323934","2978","3505","5","2023-09-27 23:59:53","2","1","0","1"
"2324154","4438","3505","44","2023-04-24 03:09:38","24","24","0","0"
"2326640","3550","3504","16","2023-09-09 22:33:57","2","0","0","2"
"2326961","8504","3504","25","2024-01-19 17:07:49","23","9","3","11"
"2329060","2955","3503","7","2023-09-17 18:51:38","3","1","0","2"
"2330666","2214","3502","51","2023-05-27 09:32:36","1","0","1","0"
"2331956","9902","3502","5","2023-11-28 14:58:47","7","0","2","5"
"2332337","3332","3502","7","2023-11-18 20:14:30","10","2","6","2"
"2332852","3276","3502","6","","0","0","0","0"
"2333663","6916","3502","11","2023-12-04 22:39:59","5","0","4","1"
"2333754","2684","3502","28","2024-01-22 14:12:18","20","8","5","7"
"2334352","6605","3501","9","2024-01-04 10:17:58","8","1","4","3"
"2334932","3254","3501","5","2023-08-03 12:18:24","1","0","0","1"
"2335020","8482","3501","8","2023-10-28 12:12:35","4","1","1","2"
"2338477","5378","3500","23","2023-10-26 12:28:57","5","3","0","2"
"2340939","2031","3500","5","","0","0","0","0"
"2342529","6468","3499","9","2023-11-17 08:28:46","2","0","1","1"
"2342537","2101","3499","15","2023-10-25 07:37:07","7","2","3","2"
"2343011","8248","3499","14","2023-10-12 08:33:53","2","1","0","1"
"2344011","4712","3499","6","2023-10-04 21:26:10","1","0","0","1"
"2345158","8312","3498","10","2023-08-14 15:55:29","5","1","3","1"
"2347210","2038","3498","21","2023-11-22 17:57:06","2","0","0","2"
"2347716","5025","3498","49","","0","0","0","0"
"2350083","9993","3497","6","","0","0","0","0"
"2350808","2190","3497","63","2023-12-27 16:17:01","4","2","0","2"
"2350941","3217","3496","19","","0","0","0","0"
"2351246","3634","3496","6","2023-07-03 19:57:37","1","0","1","0"
"2352507","9073","3496","13","2023-10-09 01:30:47","8","4","2","2"
"2353713","6599","3495","7","","0","0","0","0"
"2355006","9309","3495","59","2024-01-23 04:32:50","45","15","10","20"
"2355088","2025","3495","6","2023-11-16 08:49:34","10","9","0","1"
"2355176","2758","3495","46","2023-04-14 07:47:19","3","3","0","0"
"2355482","2693","3495","5","","0","0","0","0"
"2358794","2335","3494","8","","0","0","0","0"
"2359679","8368","3494","7","2024-01-31 11:03:49","15","1","1","13"
"2361131","2352","3493","6","2024-01-20 02:18:41","2","0","1","1"
"2362852","2715","3503","5","","0","0","0","0"
"2363967","8731","3493","21","2023-11-01 21:20:41","14","3","7","4"
"2367950","4291","3492","7","2024-01-28 20:22:05","9","4","2","3"
"2370015","4332","3491","5","2023-03-14 18:06:40","1","1","0","0"
"2371031","2758","3491","6","2023-10-18 16:38:35","4","0","2","2"
"2373748","6159","3490","6","","0","0","0","0"
"2375855","9205","3489","9","2023-10-28 21:37:33","4","1","1","2"
"2376954","8011","3488","44","2023-11-06 12:17:22","20","9","7","4"
"2377399","6904","3488","16","2023-12-04 18:07:03","12","5","4","3"
"2377961","5085","3488","5","2023-06-30 11:59:12","3","1","2","0"
"2379009","2183","3488","8","2023-10-09 20:39:35","6","2","2","2"
"2380702","5664","3487","7","2023-04-02 19:49:21","1","1","0","0"
"2381321","4833","3487","5","","0","0","0","0"
"2381942","5278","3487","24","2023-11-20 10:07:23","4","2","1","1"
"2382420","6933","3487","39","2024-01-31 21:52:08","26","4","8","14"
"2383408","4456","3487","10","2023-04-06 13:59:17","1","1","0","0"
"2384066","2333","3486","6","2023-10-31 19:30:41","2","0","1","1"
"2385218","8435","4750","6","2023-09-05 20:03:47","5","0","2","3"
"2387970","8992","3485","5","2023-12-06 14:22:44","6","3","1","2"
"2388257","5955","3485","5","2024-01-05 16:05:34","11","1","3","7"
"2388943","6183","3485","6","2023-03-30 13:35:47","1","1","0","0"
"2389552","7969","3485","18","2023-07-29 07:00:05","13","9","4","0"
"2389923","5932","3485","12","2023-11-06 13:01:23","3","1","1","1"
"2391859","2338","3485","11","2023-06-17 12:41:10","3","0","3","0"
"2391964","5502","3485","5","","0","0","0","0"
"2392087","3714","3484","5","2023-06-25 06:17:05","18","0","18","0"
"2394542","2074","3484","18","","0","0","0","0"
"2395282","5901","3484","6","2023-12-20 15:26:48","26","14","6","6"
"2395376","2126","3484","7","","0","0","0","0"
"2395382","2461","3484","8","2023-06-08 09:21:46","5","4","1","0"
"2397118","2604","3483","9","2023-08-15 19:10:08","3","1","0","2"
"2397162","2683","3483","8","","0","0","0","0"
"2397613","4837","3483","8","2023-12-07 13:08:28","4","1","0","3"
"2397684","2621","3483","33","2024-01-28 00:15:08","7","2","1","4"
"2398000","2360","3482","74","2024-01-16 06:16:42","3","0","0","3"
"2401535","9186","3481","6","2023-10-23 07:21:19","2","0","0","2"
"2403000","3553","3481","27","2023-10-27 14:06:56","12","6","2","4"
"2403570","2940","3481","5","2023-12-28 12:01:19","1","0","0","1"
"2403836","2352","3480","8","2023-12-12 12:22:18","13","3","2","8"
"2404683","8441","3480","152","2023-12-07 12:42:51","15","4","8","3"
"2407212","9192","3773","10","2023-06-12 21:59:56","1","0","1","0"
"2407363","7031","3480","6","2023-12-08 17:28:06","3","1","0","2"
"2407681","2286","3479","6","","0","0","0","0"
"2408342","8884","3479","5","2023-02-01 14:52:12","1","1","0","0"
"2408634","4256","3479","11","2023-07-05 01:30:11","5","4","1","0"
"2413722","6922","3478","17","2023-08-14 14:34:14","1","0","0","1"
"2415524","4431","3643","5","2024-01-15 22:44:56","10","2","0","8"
"2417459","6526","3477","6","2023-06-15 11:59:16","9","7","2","0"
"2418642","4687","3477","12","2023-10-30 11:24:24","10","3","3","4"
"2419128","5406","3477","44","2023-06-26 15:40:30","2","1","1","0"
"2419628","3393","3476","83","","0","0","0","0"
"2419892","6752","3476","16","2024-01-27 20:25:22","6","1","2","3"
"2419960","3713","3476","5","2023-06-30 21:32:12","1","0","1","0"
"2420718","3692","3476","9","2023-12-19 04:09:19","4","2","1","1"
"2422224","6657","3475","137","2023-10-03 05:16:34","9","4","2","3"
"2423278","5011","3475","9","2024-01-07 20:07:21","1","0","0","1"
"2425942","2871","3474","25","2024-01-04 10:16:23","6","4","1","1"
"2426679","4007","3473","5","2023-12-02 22:52:33","6","0","3","3"
"2427596","9611","3473","7","2023-12-10 01:38:20","7","2","1","4"
"2428235","4251","3473","6","","0","0","0","0"
"2428887","6104","3473","24","2023-08-25 16:15:38","4","0","0","4"
"2430414","6849","3473","5","2023-08-04 15:17:36","1","0","0","1"
"2430657","4387","3472","7","","0","0","0","0"
"2430669","6604","3472","16","2024-01-27 11:21:21","13","7","0","6"
"2431018","4369","3472","9","2023-06-06 07:29:02","3","1","2","0"
"2431627","2023","3472","5","","0","0","0","0"
"2434784","3499","3471","16","","0","0","0","0"
"2435020","9327","3471","11","2023-06-16 12:43:02","5","2","3","0"
"2435820","8587","3471","19","2023-11-10 18:43:59","3","2","0","1"
"2436109","8118","3471","15","2023-12-19 16:16:44","12","3","6","3"
"2438446","7298","3471","5","2023-09-19 09:15:33","2","0","1","1"
"2438933","5178","3470","5","","0","0","0","0"
"2439989","2444","3470","11","2023-12-14 09:17:42","2","0","0","2"
"2440114","2019","3470","22","","0","0","0","0"
"2442526","4689","3469","9","","0","0","0","0"
"2443226","2528","3469","33","2023-05-08 21:26:17","3","2","1","0"
"2444812","3362","3468","11","2024-01-18 14:02:46","9","5","0","4"
"2445629","4744","3468","79","2023-10-07 17:22:26","3","1","1","1"
"2445898","2233","3468","6","2023-08-08 10:27:15","1","0","0","1"
"2446460","3127","3467","9","","0","0","0","0"
"2446679","3678","3467","5","","0","0","0","0"
"2446698","7014","3467","9","2023-02-23 05:48:19","4","4","0","0"
"2448829","9537","3467","30","2024-01-23 18:55:33","35","9","10","16"
"2449199","8798","3467","11","2024-01-29 15:03:43","5","1","0","4"
"2449857","3520","3466","78","2023-11-19 17:58:22","3","2","0","1"
"2453089","5325","3466","23","","0","0","0","0"
"2458149","5916","3464","14","2023-12-22 13:52:44","9","7","0","2"
"2460419","2142","3464","6","2023-07-27 14:47:39","1","0","1","0"
"2461748","2069","3463","33","2024-01-19 10:02:53","37","8","14","15"
"2462437","4489","3463","10","2023-05-09 05:02:09","3","2","1","0"
"2463156","3259","3463","8","2023-12-31 12:25:59","9","5","1","3"
"2463800","2929","3463","8","2023-06-01 07:51:56","2","0","2","0"
"2464381","6170","3463","7","2023-05-12 13:30:48","3","2","1","0"
"2464865","3208","3463","31","","0","0","0","0"
"2465134","9971","3463","6","2024-01-11 22:02:44","4","3","0","1"
"2468508","2847","3461","11","","0","0","0","0"
"2468608","2963","3461","71","","0","0","0","0"
"2469528","4551","3460","5","","0","0","0","0"
"2469776","3103","3460","5","2023-12-26 14:35:03","2","0","0","2"
"2470765","9837","3460","37","2024-01-31 17:11:51","23","3","13","7"
"2470782","9939","3460","10","2023-12-21 13:29:58","8","0","5","3"
"2472350","3975","3460","5","2023-05-07 09:43:40","3","2","1","0"
"2472398","3229","3460","89","2023-03-23 09:36:40","1","1","0","0"
"2473891","9131","3459","14","2023-10-31 10:01:53","5","1","1","3"
"2475129","3054","3459","5","2023-02-21 02:23:56","1","1","0","0"
"2475470","3279","3459","10","2024-01-25 21:15:48","31","16","2","13"
"2476977","5085","3458","225","2023-12-21 17:18:14","22","9","8","5"
"2477084","3570","3458","6","2024-01-25 13:42:03","6","1","2","3"
"2477327","4694","3458","8","2023-12-17 19:14:47","7","1","0","6"
"2479282","2485","3458","6","2023-07-20 15:29:22","1","0","1","0"
"2479786","2931","3458","7","2023-03-11 21:40:06","1","1","0","0"
"2480362","4160","3458","8","2023-10-19 22:54:37","4","1","0","3"
"2480965","2270","3457","6","2023-11-03 06:09:52","5","4","0","1"
"2481006","7772","3457","92","2024-01-15 09:36:46","93","26","19","48"
"2481153","3475","3457","6","2023-09-06 11:44:45","1","0","0","1"
"2481696","5505","3457","5","","0","0","0","0"
"2483329","6084","3457","17","2024-01-27 19:21:20","3","0","2","1"
"2484327","3359","3456","5","","0","0","0","0"
"2487336","4896","3456","5","","0","0","0","0"
"2487517","4632","3456","41","2023-04-29 21:47:35","2","2","0","0"
"2487565","5219","3456","24","2023-08-18 07:13:50","197","174","22","1"
"2487730","4037","3456","8","","0","0","0","0"
"2489480","5525","3455","6","2023-11-07 08:40:39","2","0","0","2"
"2489922","2452","3454","5","","0","0","0","0"
"2490286","5796","3454","11","2023-07-09 00:41:33","2","0","2","0"
"2490343","6893","3454","5","2023-11-09 21:55:44","6","3","0","3"
"2491227","8916","3454","10","2023-12-21 02:03:47","5","2","2","1"
"2491541","6901","3454","29","2023-06-20 05:24:19","5","3","2","0"
"2492669","4990","3453","19","2023-07-18 09:13:04","4","2","2","0"
"2493556","2284","3453","9","","0","0","0","0"
"2495619","5211","3452","13","2023-05-25 05:34:27","1","0","1","0"
"2497278","8003","3452","5","2023-06-23 07:00:33","4","2","2","0"
"2498085","2544","3452","22","2023-06-16 14:34:02","16","11","5","0"
"2502126","7643","3451","127","2024-01-30 20:25:38","45","4","15","26"
"2503592","2265","3450","27","2024-01-16 05:13:20","8","1","4","3"
"2505186","3607","3450","6","2023-02-06 13:36:21","1","1","0","0"
"2510347","7266","3449","34","2023-12-05 14:30:09","16","4","3","9"
"2511384","4005","3448","5","2024-01-10 21:30:21","3","0","0","3"
"2511775","7384","3448","11","2023-11-17 20:24:59","5","0","2","3"
"2513200","6591","3447","15","2024-01-22 22:14:18","12","5","4","3"
"2514936","2850","3446","8","2023-11-22 23:26:52","1","0","0","1"
"2516260","2121","3446","34","","0","0","0","0"
"2516673","3712","3446","13","2023-11-22 01:17:43","5","2","0","3"
"2516916","6666","3446","8","2023-08-02 17:53:44","7","3","3","1"
"2517730","7636","3446","5","","0","0","0","0"
"2517849","3232","3446","6","","0","0","0","0"
"2519059","4402","3445","46","2024-01-31 14:05:34","23","7","9","7"
"2519368","2555","3445","5","","0","0","0","0"
"2520818","3908","3445","15","","0","0","0","0"
"2521680","3422","3445","5","","0","0","0","0"
"2522264","2085","3444","6","","0","0","0","0"
"2523531","2681","3444","165","","0","0","0","0"
"2523968","2667","3444","5","2023-09-12 10:39:47","1","0","0","1"
"2524202","4388","3444","7","","0","0","0","0"
"2525872","2183","3444","12","2024-01-31 17:02:21","42","3","1","38"
"2526120","2278","3444","5","","0","0","0","0"
"2527458","3300","3443","24","2023-08-20 13:53:34","5","2","2","1"
"2530951","2480","3442","5","","0","0","0","0"
"2531209","2369","3442","11","","0","0","0","0"
"2531402","3930","3442","6","2023-11-27 10:34:02","3","0","1","2"
"2531957","4186","3442","10","","0","0","0","0"
"2532190","5390","3442","5","2023-06-23 05:52:04","1","0","1","0"
"2532408","4605","3442","14","2024-01-25 20:54:30","9","1","1","7"
"2532621","5174","3442","7","2023-11-29 18:05:04","11","0","1","10"
"2532763","2972","3442","7","2023-12-10 15:05:27","2","1","0","1"
"2533443","4674","3442","18","2023-11-24 02:09:45","6","2","0","4"
"2534090","9527","3441","20","","0","0","0","0"
"2534191","6381","3441","13","2023-11-10 18:44:35","63","15","36","12"
"2534472","2526","3441","7","2024-01-02 20:18:51","5","4","0","1"
"2534876","2324","3441","11","","0","0","0","0"
"2535315","2977","3441","8","2023-10-17 14:57:01","2","0","1","1"
"2537867","3556","3563","6","2023-10-07 14:41:51","10","4","4","2"
"2538180","5189","3439","10","2023-10-26 05:38:52","4","1","0","3"
"2540235","4457","3439","5","2023-08-27 03:30:15","4","1","2","1"
"2540962","7308","3438","13","2023-08-08 13:42:33","11","4","5","2"
"2541809","4037","3438","5","2024-01-25 09:45:20","6","0","1","5"
"2542516","2937","3438","12","","0","0","0","0"
"2543240","5734","3438","28","2023-12-10 07:23:18","4","0","0","4"
"2543510","4317","3438","7","","0","0","0","0"
"2544810","2234","3437","29","2024-01-23 13:10:07","8","1","0","7"
"2545980","2330","3437","6","2023-08-25 15:01:01","1","0","0","1"
"2546381","3758","3437","13","2023-02-15 07:47:32","1","1","0","0"
"2546759","2122","3437","6","2023-11-15 15:33:34","3","0","1","2"
"2548914","5293","3436","12","2024-01-25 21:33:48","13","4","4","5"
"2549001","2943","3436","5","2023-11-24 20:05:49","3","0","1","2"
"2549110","6638","3436","18","2023-06-08 05:12:38","11","4","7","0"
"2550406","6580","3436","15","2023-11-07 00:11:26","7","2","4","1"
"2550766","2664","3436","11","2023-09-19 09:06:11","4","2","1","1"
"2550987","9054","3436","9","","0","0","0","0"
"2551290","3536","3436","6","2023-04-03 03:12:14","1","1","0","0"
"2551591","3237","3436","18","2023-08-18 03:27:46","6","0","0","6"
"2551705","2823","3436","12","","0","0","0","0"
"2556034","6165","3434","65","2023-11-13 00:15:44","19","6","5","8"
"2557030","2715","3434","6","2023-04-13 13:45:55","1","1","0","0"
"2557263","7927","3433","8","2023-12-05 12:43:30","12","2","4","6"
"2557855","5670","3433","18","2023-11-29 14:27:31","15","3","8","4"
"2558108","6681","3433","6","","0","0","0","0"
"2558442","5353","3433","28","2023-08-23 06:10:00","24","21","2","1"
"2558739","5328","3433","7","2023-07-15 21:15:56","4","2","2","0"
"2559449","3840","3432","5","","0","0","0","0"
"2560391","3558","3432","16","2023-12-05 19:46:08","10","7","0","3"
"2560938","3054","3432","10","2023-06-26 14:31:10","1","0","1","0"
"2561714","6560","3432","12","2024-01-26 01:26:42","2","0","0","2"
"2564673","2660","3431","22","2023-03-06 12:26:20","2","2","0","0"
"2565086","2629","3431","6","2024-01-14 18:09:40","5","2","1","2"
"2568521","4487","3430","46","2023-03-07 21:44:48","8","8","0","0"
"2570277","3888","3430","20","2023-07-26 09:09:57","3","1","2","0"
"2570353","8622","3430","5","","0","0","0","0"
"2570866","3311","3429","5","2023-11-03 09:53:00","1","0","0","1"
"2571455","5600","3429","17","","0","0","0","0"
"2573309","2222","3429","10","2023-11-19 22:03:02","9","1","0","8"
"2573697","6452","3429","19","2023-12-09 21:14:40","9","5","3","1"
"2574407","4165","3429","9","2023-08-16 12:39:01","2","0","0","2"
"2574965","2136","3428","6","2023-04-07 12:48:39","2","2","0","0"
"2578037","9603","3428","6","2023-10-24 18:55:07","8","1","0","7"
"2578125","2459","3428","18","2023-12-05 11:43:11","8","1","3","4"
"2579733","6721","3427","7","","0","0","0","0"
"2580773","3529","3426","9","","0","0","0","0"
"2581396","4461","3426","7","","0","0","0","0"
"2581418","6097","3426","50","2024-01-04 09:28:11","16","5","6","5"
"2581912","6455","3425","7","2023-03-11 06:31:30","3","3","0","0"
"2582581","2225","3425","6","","0","0","0","0"
"2583175","4838","3425","18","2023-02-10 14:03:10","1","1","0","0"
"2583765","5240","3425","6","2023-11-08 13:20:54","2","1","0","1"
"2584475","6276","3425","24","2023-10-20 13:55:13","3","0","0","3"
"2590119","2209","3423","5","2023-08-16 09:14:56","3","0","1","2"
"2590616","2628","3423","13","2023-11-07 16:27:13","8","5","2","1"
"2592309","4351","3423","8","2023-07-04 12:27:52","3","2","1","0"
"2592369","3258","3423","7","","0","0","0","0"
"2594725","5773","3422","9","","0","0","0","0"
"2595183","6127","3422","5","","0","0","0","0"
"2595538","2333","3422","6","","0","0","0","0"
"2598037","6837","3421","9","2023-02-21 05:22:16","1","1","0","0"
"2598770","7497","3421","25","2023-12-04 16:02:05","20","2","12","6"
"2599657","3179","3421","5","2023-12-07 16:27:15","2","1","0","1"
"2599709","4358","3421","13","2023-09-13 16:28:40","1","0","0","1"
"2600812","2331","3421","17","2023-12-23 00:29:43","10","3","2","5"
"2601293","3936","3531","8","2023-05-11 15:18:51","3","2","1","0"
"2601521","6232","3420","11","2023-09-14 14:53:52","4","0","3","1"
"2602054","2765","3420","5","2023-04-04 13:00:14","2","2","0","0"
"2605742","2863","4089","8","2024-01-31 19:09:03","2","1","0","1"
"2605781","3342","3418","11","2023-04-23 12:07:18","4","4","0","0"
"2606914","3428","3418","23","2023-07-01 11:31:54","1","0","1","0"
"2607372","3807","3418","7","2023-02-25 09:58:51","2","2","0","0"
"2611237","6377","3417","6","2023-02-27 08:47:14","1","1","0","0"
"2611798","2437","3417","6","2023-08-11 07:07:58","1","0","0","1"
"2612030","6328","3417","16","2024-01-11 13:14:24","2","1","0","1"
"2615367","3505","3416","19","2023-12-10 19:47:58","15","3","3","9"
"2616753","2083","3415","5","","0","0","0","0"
"2618319","5449","3415","10","2023-11-30 17:15:14","7","0","2","5"
"2619537","3014","3415","8","2023-10-26 15:31:18","1","0","0","1"
"2624380","3246","3414","12","2024-01-04 06:37:00","2","0","0","2"
"2624770","2293","3413","16","2023-11-01 13:43:26","5","1","0","4"
"2624876","4346","3413","11","2023-04-10 18:34:15","1","1","0","0"
"2625478","4251","3413","11","2024-01-28 11:17:50","3","1","0","2"
"2626737","7001","3412","35","2023-07-06 04:26:20","10","0","10","0"
"2627160","4114","3412","6","2023-09-21 20:26:53","8","0","5","3"
"2627338","3307","3412","102","2023-11-16 05:39:07","29","19","8","2"
"2628903","2840","3411","15","2023-09-07 05:09:20","5","0","4","1"
"2630427","4412","3411","7","","0","0","0","0"
"2630666","2874","3411","9","2024-01-03 20:19:25","7","0","0","7"
"2630668","3347","3411","23","2023-10-11 21:18:17","12","7","3","2"
"2635209","6110","3410","8","2023-07-29 19:56:30","3","1","2","0"
"2635443","3066","3410","21","2024-01-03 17:28:09","7","1","1","5"
"2636929","9469","3409","14","2023-09-27 05:53:28","9","5","2","2"
"2638227","3302","3409","8","2024-01-30 20:56:24","101","15","30","56"
"2639772","2304","3409","12","2024-01-09 13:14:37","9","1","0","8"
"2640045","3643","3409","17","2024-01-20 13:55:13","4","0","0","4"
"2641038","2035","3408","8","2024-01-12 09:34:35","3","1","0","2"
"2641242","4027","3408","60","2024-01-15 23:03:12","61","34","6","21"
"2641632","2657","3408","29","2023-02-09 17:04:33","1","1","0","0"
"2642226","2140","3408","5","","0","0","0","0"
"2643582","7297","3408","20","2023-12-10 15:53:06","8","4","2","2"
"2645080","5553","3407","5","","0","0","0","0"
"2645713","9254","3885","150","2024-01-15 11:17:24","40","9","9","22"
"2647342","8006","3407","19","","0","0","0","0"
"2648551","5260","3406","6","2024-01-31 12:26:59","13","1","9","3"
"2650436","8297","3405","23","2024-01-31 09:25:50","11","5","1","5"
"2651073","9886","3405","30","2024-01-17 06:57:01","11","3","1","7"
"2651521","3671","3404","6","","0","0","0","0"
"2652785","2784","3404","7","2024-01-12 00:18:56","1","0","0","1"
"2652875","6106","3404","6","2023-12-29 18:21:08","9","2","3","4"
"2654470","2274","3404","25","2023-06-26 20:41:00","1","0","1","0"
"2657155","2125","3403","5","2023-10-06 13:42:53","2","0","0","2"
"2658357","2078","3403","6","","0","0","0","0"
"2658697","9459","3403","55","2023-12-03 00:30:31","28","7","10","11"
"2659161","2609","3402","26","2023-12-12 15:02:02","13","5","0","8"
"2663813","4214","3401","13","2024-01-28 07:59:52","11","5","4","2"
"2666378","3458","3400","38","2023-07-29 20:08:33","3","1","2","0"
"2667173","9995","3400","21","2023-11-12 07:44:22","57","37","18","2"
"2667343","7217","3400","12","2023-12-26 18:36:21","36","0","0","36"
"2668564","5547","3400","37","2023-12-01 11:50:43","3","1","0","2"
"2669042","2528","3400","10","","0","0","0","0"
"2670348","7288","3399","53","2023-12-31 21:03:19","30","17","5","8"
"2670571","4082","3399","18","2023-04-22 10:47:39","5","5","0","0"
"2670585","2353","3399","5","2023-12-12 08:11:06","5","1","1","3"
"2671470","8378","3398","31","2023-12-30 07:41:00","35","14","10","11"
"2672125","2877","3398","22","2024-01-24 12:33:03","19","4","4","11"
"2672566","2452","3398","5","2023-02-04 19:16:04","1","1","0","0"
"2674553","7537","3397","8","2023-12-11 15:30:16","11","4","0","7"
"2674682","4686","3397","9","2024-01-15 12:09:13","8","4","1","3"
"2674937","4217","3397","12","2023-09-26 09:10:19","1","0","0","1"
"2675670","2376","3397","74","2023-07-11 18:51:03","7","6","1","0"
"2676108","2093","3397","21","2023-05-12 16:18:34","4","3","1","0"
"2676598","2184","3397","6","2023-08-20 05:57:26","3","0","2","1"
"2678097","4337","3396","14","2024-01-28 11:01:39","24","3","7","14"
"2678603","4296","3396","11","2023-09-13 10:41:32","4","1","1","2"
"2680864","7693","3395","5","","0","0","0","0"
"2681662","2669","3395","34","2023-09-11 19:11:21","8","3","2","3"
"2683501","2125","3395","8","","0","0","0","0"
"2685914","8316","3394","39","2023-12-16 15:46:54","9","0","5","4"
"2688699","7289","3393","10","2023-08-09 16:46:24","2","1","0","1"
"2689469","2719","3393","11","","0","0","0","0"
"2690257","3373","3393","13","2023-12-13 20:07:13","13","3","9","1"
"2691058","9198","3392","16","2023-09-02 20:56:20","12","6","2","4"
"2691759","3484","3392","11","2023-06-04 03:59:43","21","18","3","0"
"2691879","3903","3392","5","","0","0","0","0"
"2692027","2482","3392","10","2024-01-05 08:02:37","4","1","2","1"
"2692683","2414","3392","57","2023-12-18 04:10:37","60","27","18","15"
"2692914","3270","3392","8","2024-01-03 16:35:39","3","0","0","3"
"2693674","3359","3391","7","2023-05-29 18:36:39","16","7","9","0"
"2693875","7179","3391","6","2023-11-15 13:57:28","11","5","2","4"
"2696626","2375","3390","5","","0","0","0","0"
"2697183","7829","3390","5","2023-10-04 05:56:10","3","1","1","1"
"2697895","3182","3390","5","2023-06-12 17:39:39","2","1","1","0"
"2699178","4414","3389","16","2024-01-24 09:42:30","7","5","0","2"
"2701156","2046","3389","5","","0","0","0","0"
"2701198","5278","3389","35","2024-01-16 11:48:21","20","11","7","2"
"2702249","7751","3388","12","2023-05-18 00:59:56","3","2","1","0"
"2703456","3500","3388","43","2024-01-28 23:02:31","16","13","0","3"
"2703673","7702","3388","64","2024-01-04 11:04:39","43","6","18","19"
"2705757","9276","3387","10","2023-10-19 05:14:23","8","2","3","3"
"2705777","8842","3387","9","2023-11-26 04:20:26","2","1","0","1"
"2707363","7263","3387","6","2023-07-11 09:05:15","1","0","1","0"
"2708759","2598","3387","15","2023-12-11 20:04:41","1","0","0","1"
"2708895","7469","3387","7","","0","0","0","0"
"2710165","2292","3386","11","2023-12-20 02:53:11","6","1","4","1"
"2711945","2046","3386","6","","0","0","0","0"
"2712553","2807","3386","25","2023-07-24 09:42:06","2","0","2","0"
"2715083","2892","3384","5","","0","0","0","0"
"2715384","9083","3384","6","2023-06-16 20:48:42","2","0","2","0"
"2715490","2236","3384","5","2023-07-10 08:16:16","1","0","1","0"
"2716059","2475","3384","14","2023-09-26 00:01:19","3","0","0","3"
"2716095","3102","3384","14","2023-08-28 22:10:47","3","0","1","2"
"2716142","2001","3384","5","2023-11-02 09:58:12","4","0","0","4"
"2717951","2930","3383","41","2023-08-27 14:57:43","25","1","22","2"
"2717958","5986","3383","7","2023-04-05 06:50:28","3","3","0","0"
"2718163","2982","3383","28","2024-01-29 01:16:45","33","9","7","17"
"2718939","3428","3383","5","2023-05-23 16:18:49","60","48","12","0"
"2720402","2603","3382","5","","0","0","0","0"
"2720554","5137","3382","13","2023-10-22 12:22:34","5","2","1","2"
"2721160","2701","3382","5","2023-02-14 21:52:49","2","2","0","0"
"2723520","3816","3381","5","2023-06-01 02:01:48","3","2","1","0"
"2725810","8211","3381","5","2023-12-14 13:23:22","10","0","6","4"
"2727267","6501","3381","12","2024-01-22 00:14:38","15","9","0","6"
"2727317","5194","3381","14","2023-10-27 13:37:32","21","10","7","4"
"2727401","5341","3380","13","2023-08-02 03:12:27","22","0","20","2"
"2727750","4108","3380","8","2023-12-10 10:50:32","7","3","0","4"
"2729605","2948","3380","29","2023-02-07 12:25:35","1","1","0","0"
"2730233","2444","3380","6","2023-04-27 14:35:50","5","5","0","0"
"2733244","3418","3733","5","2023-09-11 14:19:18","1","0","0","1"
"2733445","2239","3379","6","2023-10-01 11:30:24","5","3","0","2"
"2733555","5508","3379","5","2023-11-29 07:02:01","1","0","0","1"
"2735344","2128","3378","33","2024-01-18 08:11:19","21","4","7","10"
"2736017","3007","3378","12","2023-11-11 06:25:03","5","0","2","3"
"2736039","4907","3378","6","2023-05-08 14:59:08","2","1","1","0"
"2736233","7010","3378","5","","0","0","0","0"
"2736817","4719","3377","25","2023-10-05 15:45:56","5","4","0","1"
"2738151","4251","3377","29","","0","0","0","0"
"2738164","2926","3377","5","2023-04-03 19:27:53","2","2","0","0"
"2738695","5602","3376","22","2023-04-13 20:54:21","1","1","0","0"
"2739334","2017","3376","5","2023-11-24 10:00:02","5","0","2","3"
"2739795","2693","3376","6","2023-03-14 15:42:40","2","2","0","0"
"2740367","2135","3376","12","2023-02-06 11:49:15","1","1","0","0"
"2740928","2488","3376","35","2023-06-27 12:45:50","1","0","1","0"
"2741091","5419","3376","28","2023-10-26 04:15:44","34","15","5","14"
"2741678","2405","3375","6","2023-06-21 15:30:52","1","0","1","0"
"2741831","2502","3375","5","2023-11-16 12:51:27","5","1","2","2"
"2741954","2104","3375","5","","0","0","0","0"
"2744722","5407","3375","61","2024-01-31 15:37:55","8","4","0","4"
"2745755","4533","3374","5","2023-08-16 05:19:33","3","0","2","1"
"2745944","2490","3374","5","2024-01-13 04:18:20","6","1","0","5"
"2746872","2466","3374","11","","0","0","0","0"
"2747642","2295","3374","20","2023-12-26 06:19:18","12","0","0","12"
"2748004","5578","3374","5","2023-08-02 23:07:17","1","0","0","1"
"2748412","4450","3374","6","2023-08-01 11:18:56","2","1","0","1"
"2750816","4019","3373","6","2023-08-17 10:18:35","1","0","0","1"
"2751573","8877","3373","39","2023-10-25 16:40:25","15","6","7","2"
"2754599","9498","3372","25","2023-02-02 14:38:17","1","1","0","0"
"2754871","5666","3372","5","2023-11-20 22:01:46","7","0","2","5"
"2755480","8848","3372","5","2023-02-25 14:06:23","1","1","0","0"
"2755690","2766","3372","5","2023-10-29 12:41:37","2","0","1","1"
"2755698","6639","3372","23","2024-01-24 23:34:07","19","5","7","7"
"2756471","9400","3371","7","2024-01-21 08:46:15","10","1","5","4"
"2757347","3788","3371","8","2023-10-24 12:45:57","3","2","0","1"
"2757925","8176","3371","91","2024-01-03 10:52:21","15","7","6","2"
"2758414","2737","3370","7","2023-03-28 21:20:12","1","1","0","0"
"2758823","9721","3370","21","2024-01-08 08:53:40","20","4","7","9"
"2759255","2004","3370","5","","0","0","0","0"
"2759473","3503","3370","5","2023-09-14 11:16:59","6","4","0","2"
"2761887","2904","3369","10","2023-12-04 07:42:45","8","3","2","3"
"2761985","2413","3369","13","","0","0","0","0"
"2763915","4754","3368","27","2023-09-29 00:04:20","9","3","3","3"
"2764206","2351","3368","29","","0","0","0","0"
"2770641","3122","3367","18","2023-07-31 14:50:38","6","3","3","0"
"2771717","3807","3366","14","2023-11-20 11:27:33","14","0","0","14"
"2773184","4941","3366","36","2024-01-07 18:57:03","3","0","1","2"
"2774284","6438","3366","7","2023-02-08 17:23:01","1","1","0","0"
"2774842","5226","3365","9","2023-06-24 05:53:23","4","2","2","0"
"2774914","7959","3365","11","2024-01-31 19:20:48","8","3","0","5"
"2776727","2251","3365","11","2023-11-09 15:41:06","8","3","0","5"
"2777988","3840","3365","51","2023-10-24 20:56:27","7","5","0","2"
"2778027","2968","3365","12","","0","0","0","0"
"2778422","3167","3364","25","","0","0","0","0"
"2778502","2689","3364","6","","0","0","0","0"
"2778710","6792","3364","104","2024-01-18 14:10:59","60","13","32","15"
"2780300","2631","3363","14","2023-11-20 03:35:46","1","0","0","1"
"2780480","4792","3363","23","2024-01-19 23:31:36","1","0","0","1"
"2780711","8793","3363","13","2023-12-01 10:37:22","7","2","2","3"
"2780744","2548","3363","7","","0","0","0","0"
"2783245","2628","3362","6","2024-01-15 01:54:10","14","6","2","6"
"2784039","3415","3362","12","2023-12-01 16:09:57","3","0","1","2"
"2784493","4680","3362","27","2023-10-25 09:59:10","1","0","0","1"
"2785080","2626","3362","8","2023-12-18 23:17:00","3","0","1","2"
"2785280","2998","3362","6","2023-12-05 07:11:13","3","2","0","1"
"2786955","2092","3361","92","2023-10-31 16:27:40","1","0","0","1"
"2787185","8946","3361","27","2023-07-27 09:36:18","10","6","4","0"
"2787364","4105","3361","20","2023-11-03 11:44:35","8","0","2","6"
"2788206","9115","3361","16","2023-07-27 06:55:05","2","0","2","0"
"2788542","2920","3361","5","2023-06-02 04:42:44","2","1","1","0"
"2788674","7329","3361","5","2024-01-09 14:19:33","11","3","3","5"
"2789815","4164","3360","6","2023-10-01 18:11:24","1","0","0","1"
"2791142","3245","3360","43","2023-11-08 14:31:19","3","1","1","1"
"2793036","3200","3360","5","","0","0","0","0"
"2796593","5912","3359","13","2023-12-22 16:28:22","3","0","0","3"
"2797269","3887","3359","9","2024-01-22 16:06:44","13","5","2","6"
"2797765","3384","3358","5","","0","0","0","0"
"2800058","8086","3358","20","2023-12-14 21:02:53","3","0","2","1"
"2800111","2422","3358","6","2023-08-19 01:42:18","4","1","1","2"
"2800218","3228","3358","5","2023-10-06 09:34:35","7","6","0","1"
"2800222","3090","3358","9","2024-01-23 00:59:30","6","1","2","3"
"2800402","2121","3358","17","2023-10-16 17:55:23","2","1","0","1"
"2801187","2487","3357","5","2023-12-18 22:26:57","13","0","2","11"
"2801588","6129","3357","13","","0","0","0","0"
"2801938","8016","3357","53","2024-01-29 20:15:26","85","10","29","46"
"2802665","2628","3357","18","2024-01-25 11:33:24","6","2","1","3"
"2803060","2030","3357","5","2023-11-08 05:49:12","2","0","0","2"
"2803743","6047","3356","7","2023-04-11 10:47:06","4","4","0","0"
"2803788","5010","3356","13","2024-01-19 10:17:53","5","0","1","4"
"2804722","2654","3356","5","2023-04-26 09:15:06","2","2","0","0"
"2804731","2310","3356","5","2023-09-09 18:47:16","2","0","0","2"
"2805121","2853","3356","16","2024-01-10 13:52:16","4","2","1","1"
"2807130","5761","3355","10","2023-12-30 00:53:16","6","2","0","4"
"2807741","3094","3355","24","2023-12-22 14:09:45","11","4","2","5"
"2810099","2636","3354","5","2023-11-03 15:24:33","2","0","1","1"
"2813263","6917","3353","16","2023-12-19 00:13:35","5","1","1","3"
"2814025","2688","3353","21","2024-01-10 14:39:37","26","10","7","9"
"2814716","2363","3353","6","2023-04-14 20:34:59","1","1","0","0"
"2815227","4080","3353","5","","0","0","0","0"
"2815264","2068","3353","7","2023-06-04 18:58:25","4","3","1","0"
"2816703","5627","3353","6","","0","0","0","0"
"2816728","2105","3353","6","","0","0","0","0"
"2817442","3009","3352","37","2024-01-19 13:10:09","78","25","8","45"
"2817457","6283","3352","9","2024-01-01 05:19:28","9","1","3","5"
"2818631","2457","3352","8","2023-08-29 16:36:42","3","2","0","1"
"2819581","2959","3352","12","2023-09-15 13:21:37","2","0","1","1"
"2821420","3837","3352","16","2024-01-09 19:14:28","4","0","1","3"
"2823074","4135","3351","6","2024-01-25 14:48:48","6","1","0","5"
"2824289","2529","3351","7","2023-02-20 21:01:38","2","2","0","0"
"2824791","5116","3351","15","2023-11-24 16:24:49","13","2","5","6"
"2825403","4489","3350","24","2024-01-11 04:27:49","26","13","6","7"
"2825570","8661","3350","50","2024-01-14 12:26:17","22","0","0","22"
"2826417","2513","3350","5","","0","0","0","0"
"2826614","2021","3350","8","2023-03-22 12:42:31","2","2","0","0"
"2827181","3685","3350","10","2024-01-28 16:20:40","37","3","13","21"
"2827300","4569","3350","6","","0","0","0","0"
"2827397","2093","3349","8","2023-11-26 00:13:29","3","1","0","2"
"2828651","4422","3349","32","2024-01-12 21:27:52","16","2","4","10"
"2830116","6020","3348","5","2024-01-18 07:40:37","5","0","1","4"
"2832011","4709","3348","7","","0","0","0","0"
"2834065","3388","3347","47","2024-01-26 17:35:10","38","16","11","11"
"2835286","4169","3347","7","","0","0","0","0"
"2837219","2731","3346","7","2023-06-01 14:01:37","2","1","1","0"
"2837359","3591","3346","6","","0","0","0","0"
"2838586","3007","3346","15","2023-09-16 08:57:48","5","1","3","1"
"2840436","7597","3346","11","2023-11-11 15:17:22","20","6","9","5"
"2840531","3765","3346","6","","0","0","0","0"
"2840542","2846","3346","15","2023-12-12 19:08:27","5","2","0","3"
"2841091","3012","3345","108","2023-12-29 17:47:03","41","18","10","13"
"2841538","4965","3345","8","2023-10-21 00:10:07","18","9","4","5"
"2846138","5350","3344","169","2024-01-18 20:21:58","95","33","21","41"
"2846711","5366","3344","7","","0","0","0","0"
"2847159","5787","3344","32","2023-12-11 09:58:20","16","1","4","11"
"2847330","4158","3344","177","2023-02-01 06:50:59","1","1","0","0"
"2847946","2334","3344","7","2023-12-22 20:30:37","1","0","0","1"
"2849346","9076","3343","17","2023-12-29 14:57:50","1","0","0","1"
"2850026","9947","3343","51","2023-10-11 15:33:18","5","3","0","2"
"2850120","2106","3343","6","2024-01-18 14:23:09","5","1","0","4"
"2850180","2219","3343","40","2024-01-29 17:28:35","22","5","5","12"
"2851311","6208","3342","195","2024-01-20 17:16:17","14","2","3","9"
"2854001","3874","3341","6","2023-12-22 08:39:31","19","4","3","12"
"2854608","4246","3341","13","2023-05-02 15:48:14","6","4","2","0"
"2854993","3323","3341","7","","0","0","0","0"
"2856202","4692","3341","7","","0","0","0","0"
"2857135","2679","3340","5","2023-08-03 14:45:16","1","0","0","1"
"2858268","8618","3340","6","2023-03-15 13:13:18","5","5","0","0"
"2860267","7340","3340","114","2024-01-27 20:32:07","57","24","20","13"
"2860931","2745","3339","7","2023-08-30 10:51:41","3","0","1","2"
"2862341","2618","3339","7","2023-12-30 11:47:59","2","1","0","1"
"2862406","2195","3339","8","2023-07-13 06:59:52","2","1","1","0"
"2863011","2386","3339","5","","0","0","0","0"
"2863995","3434","3339","11","","0","0","0","0"
"2864160","3087","3339","52","2024-01-26 17:02:48","27","8","9","10"
"2868899","2776","3338","68","2024-01-30 20:42:34","41","4","21","16"
"2871922","5104","3337","5","2023-11-23 07:30:13","1","0","0","1"
"2873896","3779","3336","10","","0","0","0","0"
"2874789","7724","3336","12","2023-03-29 16:45:46","2","2","0","0"
"2876271","2232","3335","6","","0","0","0","0"
"2877427","6424","3334","25","2023-10-23 00:16:26","24","15","6","3"
"2877982","6338","3334","7","2023-02-07 15:14:22","1","1","0","0"
"2878438","2636","3334","7","","0","0","0","0"
"2878796","4106","3334","8","2023-10-30 10:33:53","4","1","2","1"
"2878835","2068","3334","8","","0","0","0","0"
"2879716","3300","3334","6","2023-11-28 16:58:07","1","0","0","1"
"2879771","2000","3334","5","2023-06-27 10:01:26","2","1","1","0"
"2879838","2668","3334","7","2023-09-14 03:35:58","2","0","0","2"
"2882516","3026","3333","6","2023-10-27 07:36:42","5","3","1","1"
"2883319","3313","3333","15","2023-08-22 15:03:17","5","1","3","1"
"2884309","5581","3333","10","2023-07-20 15:06:31","2","1","1","0"
"2888244","2485","3332","9","2023-10-13 10:58:17","3","0","0","3"
"2891692","2650","3331","12","2023-08-10 11:06:14","1","0","0","1"
"2892254","4724","3331","48","2023-12-28 06:14:29","3","0","0","3"
"2894324","4001","3330","12","2024-01-31 07:21:50","38","15","3","20"
"2894770","8571","3330","10","","0","0","0","0"
"2894879","4111","4264","8","2023-06-01 14:20:45","2","1","1","0"
"2895087","2048","3330","11","2023-06-02 12:46:53","1","0","1","0"
"2895480","2242","3330","5","","0","0","0","0"
"2896799","6469","3329","5","2023-06-21 13:37:19","3","2","1","0"
"2896976","2535","3329","10","","0","0","0","0"
"2897573","2425","3329","11","2023-04-30 07:21:44","1","1","0","0"
"2902063","4348","3327","22","2024-01-03 10:44:41","1","0","0","1"
"2902996","6286","3327","15","","0","0","0","0"
"2906189","2326","3326","6","2023-08-06 19:15:40","3","1","1","1"
"2907606","3072","3326","6","2023-06-06 08:09:56","2","0","2","0"
"2908576","4082","3326","5","2023-04-25 00:48:23","1","1","0","0"
"2908599","7439","3326","77","2024-01-18 10:16:50","34","2","5","27"
"2909253","2150","3326","5","","0","0","0","0"
"2911020","2347","3325","30","2023-09-27 09:06:41","1","0","0","1"
"2912665","9619","3325","10","2023-11-24 03:38:37","2","0","1","1"
"2915423","2757","3324","9","2023-10-13 13:29:10","2","1","0","1"
"2916756","2325","3324","5","2023-09-01 15:14:48","1","0","0","1"
"2919731","7284","3323","49","2023-05-12 19:51:33","25","20","5","0"
"2920343","9252","3323","18","2023-10-09 15:40:55","4","2","1","1"
"2920381","8178","3323","11","2023-07-01 01:17:31","2","1","1","0"
"2921691","6650","3323","7","2024-01-10 21:21:37","3","0","1","2"
"2921914","2763","3322","25","2023-12-21 08:56:25","16","9","2","5"
"2922515","5283","3322","8","","0","0","0","0"
"2924323","5145","3321","8","2023-05-26 10:20:59","1","0","1","0"
"2924393","2978","3401","13","2023-03-30 08:00:37","3","3","0","0"
"2924577","6681","3321","5","2023-02-20 09:22:49","1","1","0","0"
"2925962","5643","3321","10","","0","0","0","0"
"2926992","3229","3320","12","2023-11-23 11:00:33","7","1","1","5"
"2929110","2562","3320","5","","0","0","0","0"
"2930417","4327","3319","9","2023-03-03 20:30:11","1","1","0","0"
"2930812","2320","3319","31","","0","0","0","0"
"2931197","5971","3319","13","2023-12-18 11:28:48","4","1","1","2"
"2931925","4373","3319","15","2024-01-02 17:05:22","17","0","8","9"
"2935174","4736","3318","8","","0","0","0","0"
"2936204","9515","3318","95","2023-12-29 00:58:57","51","7","16","28"
"2936486","6312","3318","5","2023-11-09 16:30:57","3","0","0","3"
"2938526","8683","3318","102","2023-10-23 09:14:08","38","28","6","4"
"2939594","2073","3317","5","2023-12-18 15:42:21","3","0","1","2"
"2940802","3024","3317","7","2023-10-05 07:51:32","5","3","1","1"
"2941906","3000","3317","8","2023-04-22 03:44:37","1","1","0","0"
"2942765","6220","3317","9","","0","0","0","0"
"2945815","5937","3316","18","","0","0","0","0"
"2945958","9297","3419","9","","0","0","0","0"
"2946563","3361","3316","9","2023-08-31 21:52:27","3","1","0","2"
"2947415","3016","3315","7","2023-12-21 07:57:14","1","0","0","1"
"2948891","2112","3314","5","2023-08-09 23:12:00","8","2","4","2"
"2951051","3600","3313","5","","0","0","0","0"
"2952011","3469","3313","6","2023-11-14 18:41:36","4","1","1","2"
"2954288","5327","3313","7","","0","0","0","0"
"2955861","4241","3312","14","2023-12-05 16:48:23","7","1","3","3"
"2956135","9648","3312","184","2024-01-24 16:09:14","74","30","25","19"
"2958752","5406","3311","11","2023-12-20 05:49:36","5","3","1","1"
"2960034","6204","3311","11","2023-12-11 17:55:26","9","3","4","2"
"2960695","2351","3311","31","2023-08-11 15:10:30","10","6","3","1"
"2961540","4264","3311","12","2023-04-05 22:00:21","1","1","0","0"
"2962794","4859","3310","6","","0","0","0","0"
"2965665","3310","3310","16","2024-01-12 09:44:45","21","6","4","11"
"2965993","6348","3310","6","2023-10-02 06:06:00","6","5","0","1"
"2966246","3562","3310","8","2023-05-25 19:54:47","1","0","1","0"
"2967377","4348","3309","7","","0","0","0","0"
"2967965","7567","3309","6","","0","0","0","0"
"2968650","2155","3309","5","2023-04-26 07:43:31","1","1","0","0"
"2969320","3651","3309","20","2023-06-20 14:20:20","3","2","1","0"
"2970789","4987","3309","19","2023-09-13 23:08:36","13","1","6","6"
"2971851","2385","3308","8","2023-12-20 02:13:17","6","1","0","5"
"2972273","3119","3308","31","2023-11-10 17:48:32","1","0","0","1"
"2974621","2456","3308","7","2023-06-08 14:40:55","3","0","3","0"
"2975589","2184","3307","7","2023-12-23 17:27:52","4","2","0","2"
"2976879","4859","3307","67","2024-01-26 05:05:08","35","13","3","19"
"2977175","3673","3307","12","2024-01-15 11:18:10","12","3","3","6"
"2977256","4902","3307","7","2023-02-19 04:20:27","1","1","0","0"
"2979473","2076","3306","6","2023-03-19 13:29:50","2","2","0","0"
"2979955","3710","3306","6","2024-01-22 19:07:50","3","1","0","2"
"2981639","2983","3305","11","2024-01-12 01:26:55","18","6","4","8"
"2983568","4685","3305","48","2023-08-28 08:55:44","8","4","2","2"
"2983609","4196","3305","6","2023-04-13 22:34:46","2","2","0","0"
"2984551","3447","3305","45","2024-01-30 17:05:50","12","3","5","4"
"2985066","2163","3305","8","2023-12-01 16:37:05","3","1","1","1"
"2986153","3866","3304","7","2024-01-31 15:45:42","5","1","1","3"
"2986279","4106","3304","7","2024-01-23 09:29:58","3","0","0","3"
"2987253","6511","3304","11","2023-11-14 02:43:36","9","1","1","7"
"2987689","7633","3304","7","2023-12-22 10:11:27","25","8","4","13"
"2989330","3353","3304","36","2024-01-16 09:33:39","8","3","2","3"
"2990344","3128","3303","7","2023-12-29 16:53:37","3","0","1","2"
"2991319","5189","3303","31","2024-01-22 12:48:41","19","9","6","4"
"2991872","4338","3303","16","2023-08-25 08:09:20","1","0","0","1"
"2992192","5259","3303","6","2023-12-28 13:31:56","3","0","1","2"
"2992199","3283","3303","11","2023-11-29 09:57:18","4","1","0","3"
"2993960","8924","3303","14","2024-01-29 21:35:34","5","0","0","5"
"2994920","3065","3302","24","2024-01-13 07:27:05","11","1","5","5"
"2995061","2751","3302","21","2024-01-17 17:15:10","17","3","13","1"
"2996101","9846","3302","8","2023-11-03 15:08:21","2","0","1","1"
"2996867","3398","3302","11","2023-10-04 14:26:19","7","0","1","6"
"2997179","6426","3302","5","","0","0","0","0"
"2998222","2516","3302","8","","0","0","0","0"
"2998447","2305","3301","42","","0","0","0","0"
"2999096","2329","3301","10","2023-12-20 13:03:00","11","0","6","5"
"3000068","7459","3301","8","2023-11-05 02:30:45","1","0","0","1"
"3000629","5893","3300","7","2024-01-10 14:07:19","5","2","0","3"
"3001970","2351","3300","7","2023-11-15 14:55:19","4","2","0","2"
"3002336","2101","3300","6","2023-06-28 19:18:27","1","0","1","0"
"3004881","9236","3299","21","2024-01-30 02:12:14","4","1","1","2"
"3007184","4231","3298","12","","0","0","0","0"
"3007402","2878","3298","5","2023-09-05 03:59:04","3","0","2","1"
"3009562","5435","3298","33","","0","0","0","0"
"3012473","2622","3297","7","2023-04-26 08:07:49","1","1","0","0"
"3012916","3806","3297","6","2023-09-28 20:13:06","1","0","0","1"
"3013479","3115","3297","7","","0","0","0","0"
"3013803","3507","3297","6","2023-10-09 11:15:01","5","2","2","1"
"3013992","8794","3297","6","2023-12-12 16:36:32","5","0","1","4"
"3014322","7369","3297","8","2023-06-07 12:56:50","2","1","1","0"
"3015268","3837","3297","6","2023-04-27 09:00:04","1","1","0","0"
"3016293","2999","3296","13","2023-12-12 10:04:01","5","1","0","4"
"3016654","8375","3296","16","2023-03-10 17:46:49","1","1","0","0"
"3018068","6017","3296","5","2024-01-05 17:57:11","3","0","0","3"
"3018229","4481","3296","77","2024-01-05 07:40:13","6","1","2","3"
"3018627","6579","3296","14","2024-01-27 14:50:50","10","2","4","4"
"3020903","4171","3295","24","2023-10-20 07:17:15","11","9","1","1"
"3025856","7797","3294","13","2024-01-14 23:48:42","1","0","0","1"
"3025981","8197","3294","5","","0","0","0","0"
"3026105","3746","3294","9","2023-08-15 15:50:05","2","1","0","1"
"3030495","6734","3292","14","","0","0","0","0"
"3030926","3054","3292","6","2023-10-05 09:30:08","10","7","2","1"
"3033386","2142","3292","9","","0","0","0","0"
"3033649","7063","3292","18","2024-01-19 18:44:52","20","12","2","6"
"3034273","5398","3292","53","2023-10-02 11:35:12","18","4","5","9"
"3035595","3747","3291","20","2023-12-18 15:27:56","21","5","5","11"
"3035921","3699","3291","16","2024-01-18 13:09:54","9","2","1","6"
"3036129","5135","3291","28","2023-12-30 21:10:31","2","0","0","2"
"3036320","4664","3291","5","2023-09-13 06:58:12","4","2","1","1"
"3036876","2414","3291","8","","0","0","0","0"
"3040893","3521","3290","5","2023-05-12 05:46:42","3","2","1","0"
"3040948","2143","3290","5","","0","0","0","0"
"3041129","2267","3290","5","2023-12-20 13:07:36","4","0","2","2"
"3042154","2279","3290","10","2024-01-31 13:37:01","8","2","1","5"
"3043248","4932","3290","8","2023-10-27 21:20:15","1","0","0","1"
"3044825","5979","3289","70","","0","0","0","0"
"3047038","3025","3289","16","2023-05-26 10:44:39","1","0","1","0"
"3047200","2412","3289","6","2023-08-21 20:13:42","5","4","0","1"
"3047318","5154","3289","8","2023-08-25 21:24:10","1","0","0","1"
"3049127","8599","3288","5","","0","0","0","0"
"3050293","9860","3288","18","2023-11-26 13:45:07","28","0","0","28"
"3051503","3160","3287","6","2023-05-16 15:02:52","1","0","1","0"
"3051627","2213","3287","10","2024-01-14 12:42:53","5","1","3","1"
"3052438","5275","3287","34","2024-01-09 17:50:46","16","4","4","8"
"3053430","2399","3286","8","","0","0","0","0"
"3054722","6906","3286","238","2023-07-27 13:50:47","10","5","5","0"
"3055724","2741","3285","18","2023-12-31 11:52:44","5","2","0","3"
"3056783","2755","3285","10","2023-02-14 12:18:20","1","1","0","0"
"3057246","4344","3285","11","2023-11-16 20:03:54","29","14","1","14"
"3057983","2223","3285","10","","0","0","0","0"
"3058254","7155","3285","9","2023-07-29 16:25:09","3","2","1","0"
"3059685","3030","3284","8","2024-01-16 02:11:47","7","2","3","2"
"3061047","6454","3284","5","2023-10-23 09:03:31","4","1","1","2"
"3061852","9141","3284","36","2023-12-12 15:02:33","9","0","4","5"
"3062525","6678","3284","5","2023-09-06 07:01:45","2","1","0","1"
"3063273","5864","3284","21","2023-09-14 02:49:37","4","1","1","2"
"3064870","2174","3283","7","2023-07-14 04:45:14","2","0","2","0"
"3066081","4774","3283","41","2023-11-16 16:54:36","12","5","2","5"
"3066428","3154","3283","45","2024-01-23 11:59:35","24","12","3","9"
"3067542","7523","3283","15","2024-01-30 21:56:19","7","4","1","2"
"3069232","8965","3282","15","2023-06-26 12:15:21","3","2","1","0"
"3070060","6813","3282","8","2023-08-29 16:07:40","1","0","0","1"
"3070181","3881","3282","23","2023-12-19 07:24:23","9","4","0","5"
"3070421","2179","3282","7","2023-12-15 00:36:45","2","1","0","1"
"3070830","3140","3282","10","","0","0","0","0"
"3071346","4334","3282","14","2023-11-07 15:18:27","2","0","1","1"
"3071728","3858","3282","6","2023-09-12 19:12:51","3","1","0","2"
"3072442","2121","3282","12","2023-03-18 04:24:03","8","8","0","0"
"3073340","2852","3281","18","2023-02-08 13:38:29","1","1","0","0"
"3076866","9725","3280","23","2023-10-26 16:05:11","17","0","0","17"
"3078330","2406","3280","6","","0","0","0","0"
"3079541","2310","3279","8","2023-09-29 07:57:24","12","1","7","4"
"3080848","6856","3279","93","2023-08-16 17:50:00","7","2","3","2"
"3080908","7559","3279","17","","0","0","0","0"
"3081578","4313","3278","51","","0","0","0","0"
"3081630","4489","3278","6","","0","0","0","0"
"3083470","4217","3278","43","2024-01-16 13:00:53","10","3","3","4"
"3084135","4275","3278","6","2023-07-13 06:38:04","3","1","2","0"
"3084205","6285","3278","10","","0","0","0","0"
"3084820","5333","3278","6","2024-01-17 17:58:31","6","4","1","1"
"3086836","2408","3277","6","","0","0","0","0"
"3089271","2484","3276","11","2023-12-28 01:21:55","1","0","0","1"
"3091013","2837","3276","10","2023-10-01 06:00:53","4","2","1","1"
"3091196","2824","3276","7","2023-02-20 01:23:16","3","3","0","0"
"3092847","2295","3276","115","2023-09-10 21:01:24","3","2","0","1"
"3094805","5329","3275","12","2023-12-08 12:16:52","6","2","0","4"
"3097425","2383","3275","6","2023-10-19 01:55:33","6","3","0","3"
"3098404","5891","3274","11","2023-09-29 21:23:32","1","0","0","1"
"3098783","8481","3274","17","2024-01-17 07:51:00","13","6","2","5"
"3099449","3558","3274","5","2023-09-04 12:14:17","1","0","0","1"
"3099733","2035","3274","12","2024-01-02 03:27:11","22","3","8","11"
"3100523","8038","3274","7","","0","0","0","0"
"3102325","2632","3273","5","2024-01-08 03:00:10","7","1","2","4"
"3103891","5158","3272","11","2023-06-23 10:26:11","1","0","1","0"
"3104399","4701","3272","24","2023-04-04 12:47:35","3","3","0","0"
"3105145","5592","3272","5","2023-04-26 21:47:42","2","2","0","0"
"3105485","6771","3272","9","2023-12-25 18:14:52","87","67","15","5"
"3106565","2880","3271","8","","0","0","0","0"
"3106816","4710","3271","8","","0","0","0","0"
"3107689","2260","3271","12","2024-01-18 16:50:04","7","3","0","4"
"3107926","6358","3271","13","2024-01-26 09:24:23","6","1","0","5"
"3109248","3961","3270","16","2023-03-08 06:24:54","2","2","0","0"
"3111651","2910","3270","5","","0","0","0","0"
"3111870","2073","3270","6","2023-05-21 00:23:37","2","0","2","0"
"3112848","2548","3270","30","","0","0","0","0"
"3113342","3378","3269","10","2024-01-26 22:28:16","2","1","0","1"
"3113767","8595","3269","9","2023-10-26 17:53:34","11","5","2","4"
"3120219","3105","3268","11","2023-05-08 18:46:39","1","0","1","0"
"3120884","5726","3268","17","2024-01-28 03:59:49","22","1","9","12"
"3121023","8448","3268","34","","0","0","0","0"
"3121975","8242","3267","88","2024-01-16 09:42:19","18","9","4","5"
"3122921","3659","3267","53","2023-10-23 20:06:07","8","3","4","1"
"3123109","9364","3267","6","2023-10-31 20:43:26","4","2","1","1"
"3124208","2431","3267","14","","0","0","0","0"
"3124812","2024","3303","6","2023-05-24 06:52:49","3","2","1","0"
"3125477","2060","3266","7","","0","0","0","0"
"3125800","2046","3266","5","","0","0","0","0"
"3126477","4012","3265","6","","0","0","0","0"
"3126760","2539","3265","6","","0","0","0","0"
"3127477","3704","3265","5","","0","0","0","0"
"3127650","2654","3265","5","2023-06-14 08:57:26","2","0","2","0"
"3129604","2761","3264","5","2023-08-10 17:49:07","9","6","2","1"
"3130281","6044","3264","5","2024-01-07 05:18:06","11","3","0","8"
"3131085","5933","3263","16","2023-04-15 23:40:26","2","2","0","0"
"3131253","8628","3263","23","2023-03-12 17:47:09","1","1","0","0"
"3131411","2766","3263","6","","0","0","0","0"
"3131706","2105","3263","10","2023-12-25 07:23:23","4","0","1","3"
"3131939","7200","3263","9","2023-10-09 14:30:46","10","5","2","3"
"3133418","6673","3263","8","2023-09-11 13:32:51","8","0","5","3"
"3134543","2110","3262","7","","0","0","0","0"
"3135460","5413","3261","7","","0","0","0","0"
"3137337","3666","3261","66","2023-12-11 00:45:24","44","12","10","22"
"3138238","7329","3260","8","2024-01-06 00:02:06","7","0","0","7"
"3140992","5412","3259","7","2024-01-02 20:24:54","1","0","0","1"
"3143823","7743","3258","12","2024-01-05 19:08:02","18","2","2","14"
"3144500","2812","3258","5","2023-09-07 14:28:53","1","0","0","1"
"3145360","3528","3257","56","2024-01-11 16:15:17","8","2","4","2"
"3146354","2134","3257","11","2024-01-11 13:58:46","2","0","0","2"
"3146741","6193","3257","17","2023-05-11 09:47:55","1","0","1","0"
"3146818","2188","3257","21","2024-01-25 02:09:35","1","0","0","1"
"3149249","2456","3256","22","2023-06-12 08:46:59","2","1","1","0"
"3149528","8760","3256","26","2024-01-31 17:15:02","33","5","14","14"
"3150726","3410","3255","6","","0","0","0","0"
"3151518","3450","3255","9","2023-09-02 19:23:12","3","1","0","2"
"3155240","2391","3254","48","2023-11-04 23:37:31","6","2","1","3"
"3155323","5865","3254","8","","0","0","0","0"
"3157428","2831","3253","13","2023-07-13 13:54:30","1","0","1","0"
"3158594","3949","3253","27","2024-01-14 17:14:54","16","12","3","1"
"3159059","5737","3253","30","2023-02-01 15:58:22","2","2","0","0"
"3159529","2629","3252","17","2023-11-19 00:30:56","2","1","0","1"
"3160089","5564","3252","52","2023-10-20 16:44:01","11","6","4","1"
"3160967","4103","3252","10","2023-12-05 19:41:05","3","0","0","3"
"3161924","2627","3251","7","2024-01-18 01:06:40","24","4","15","5"
"3163120","4516","3251","10","2023-07-21 18:50:35","5","0","5","0"
"3163495","4104","3251","13","2023-12-15 06:45:46","26","9","0","17"
"3163663","6112","3251","11","2023-08-17 22:27:51","7","4","2","1"
"3163824","3304","3250","6","2024-01-20 19:12:53","12","3","5","4"
"3164070","3786","3250","9","2024-01-22 11:30:33","5","1","2","2"
"3165737","8635","3250","26","2023-05-15 07:59:01","1","0","1","0"
"3166209","5229","3250","6","2023-11-02 15:49:51","1","0","0","1"
"3166846","4870","3250","45","","0","0","0","0"
"3167221","6358","3250","10","2023-04-24 20:40:46","2","2","0","0"
"3167379","3260","3249","8","2023-12-04 07:56:14","3","1","0","2"
"3167751","4763","3249","13","2024-01-02 21:31:43","6","0","0","6"
"3168185","2724","3249","7","","0","0","0","0"
"3169136","2851","3249","18","","0","0","0","0"
"3169669","6987","3249","5","2023-12-08 14:29:04","3","1","0","2"
"3170628","4794","3249","9","","0","0","0","0"
"3174766","4034","3248","15","2024-01-11 17:10:38","12","2","3","7"
"3176125","4021","3247","60","2024-01-26 04:38:55","10","7","0","3"
"3177115","8792","3247","10","2023-11-21 11:56:53","12","1","2","9"
"3179492","5369","3247","5","2023-12-11 12:44:38","4","0","2","2"
"3182456","3383","3246","24","","0","0","0","0"
"3183588","2519","3246","6","2024-01-25 15:06:28","1","0","0","1"
"3185847","3437","3245","6","","0","0","0","0"
"3187033","7278","3244","6","2023-12-26 19:50:53","3","2","0","1"
"3187127","6780","3244","5","","0","0","0","0"
"3187183","2115","3244","13","2023-10-12 10:08:54","2","0","0","2"
"3188049","3557","3244","6","2023-08-04 09:30:37","3","2","0","1"
"3188445","5196","3244","36","","0","0","0","0"
"3190732","8014","3243","36","2023-10-10 12:57:17","23","13","4","6"
"3192693","2119","3242","6","2023-02-01 04:51:53","1","1","0","0"
"3193030","7221","3242","13","2023-08-31 13:38:30","5","4","0","1"
"3193876","2927","3242","21","2023-12-15 14:56:08","5","1","0","4"
"3194005","5050","3242","24","2023-04-17 11:52:16","2","2","0","0"
"3196360","8212","3241","6","2023-12-08 17:31:47","8","0","1","7"
"3196753","8142","3241","31","2023-12-23 03:25:53","19","1","5","13"
"3197244","2101","3241","10","","0","0","0","0"
"3197387","5548","3241","10","","0","0","0","0"
"3199927","7740","3241","23","2023-10-24 17:36:10","2","1","0","1"
"3202440","2381","3240","29","","0","0","0","0"
"3203213","6271","3240","7","","0","0","0","0"
"3203584","2416","3240","44","","0","0","0","0"
"3204484","5686","3240","35","2023-10-31 20:06:26","5","0","3","2"
"3207222","3464","3239","18","2023-11-21 23:39:55","11","4","1","6"
"3207509","3202","3239","124","2023-11-09 11:47:42","13","12","0","1"
"3209381","2193","3238","13","","0","0","0","0"
"3209505","2511","3238","8","","0","0","0","0"
"3209523","3948","3238","14","2023-06-21 06:26:58","1","0","1","0"
"3210677","6281","3238","10","2023-08-31 11:32:45","1","0","0","1"
"3211046","9346","3238","48","2024-01-29 12:44:34","47","13","8","26"
"3212698","4203","3237","35","2023-11-28 10:55:24","13","6","2","5"
"3214029","2411","3236","15","","0","0","0","0"
"3215383","6272","3236","12","2024-01-21 21:49:09","20","3","5","12"
"3215485","7815","3236","35","2023-12-15 09:09:12","21","12","3","6"
"3215856","4963","3236","30","2023-10-04 08:13:48","9","5","3","1"
"3215940","4270","3236","5","2023-10-10 12:20:14","7","3","3","1"
"3216980","9078","3236","9","2023-12-13 14:25:27","17","11","3","3"
"3218273","4260","3235","55","2023-11-28 01:15:39","26","5","9","12"
"3219919","4585","3235","19","2023-04-23 15:39:06","1","1","0","0"
"3220554","2744","3235","34","2023-07-21 08:58:50","6","2","4","0"
"3221094","4716","3235","6","","0","0","0","0"
"3221380","2810","3235","24","2023-07-18 18:28:39","1","0","1","0"
"3222782","2610","3234","6","","0","0","0","0"
"3222971","2706","3234","5","","0","0","0","0"
"3223785","2615","3234","15","2023-10-29 20:37:30","11","0","4","7"
"3224967","6360","3234","9","","0","0","0","0"
"3227693","4465","3233","13","2024-01-25 06:47:06","15","6","4","5"
"3228483","2565","3233","14","","0","0","0","0"
"3228495","5100","3233","36","2024-01-31 09:36:51","21","6","3","12"
"3228591","3663","3233","11","","0","0","0","0"
"3231884","8963","3232","6","2024-01-30 11:28:47","4","1","0","3"
"3232170","3468","3232","8","2023-08-25 15:56:48","1","0","0","1"
"3232370","6268","3232","26","2023-10-20 15:33:28","10","2","6","2"
"3232646","2242","3232","8","2023-09-11 16:48:39","4","1","2","1"
"3233363","6819","3232","75","2023-10-31 13:34:31","1","0","0","1"
"3233722","4447","3232","7","2024-01-22 05:18:43","5","3","1","1"
"3233803","2102","3232","6","2023-04-03 02:12:11","2","2","0","0"
"3234163","7462","3231","5","2023-08-23 20:05:30","14","7","5","2"
"3235404","4169","3231","7","2023-12-13 16:44:32","1","0","0","1"
"3237438","4876","3230","14","2023-08-27 18:29:19","2","1","0","1"
"3238046","3307","3230","8","2023-07-16 16:44:00","6","5","1","0"
"3239341","3847","3229","7","2023-06-16 12:37:27","1","0","1","0"
"3242146","8567","3229","33","2024-01-14 18:36:45","13","2","5","6"
"3244464","2029","3228","7","2023-11-26 22:38:42","2","0","0","2"
"3244618","2789","3228","14","2023-03-23 09:37:32","2","2","0","0"
"3246362","5741","3228","26","2024-01-17 07:43:35","31","12","2","17"
"3246449","5027","3228","5","2024-01-26 00:22:04","7","0","0","7"
"3248158","6406","3227","10","2024-01-22 20:53:25","4","0","2","2"
"3249641","3726","3227","153","2024-01-18 03:37:05","70","23","18","29"
"3252861","4839","3226","7","2023-08-01 09:03:27","1","0","0","1"
"3253896","7959","3226","8","2023-10-09 22:06:57","3","0","1","2"
"3254585","2189","3226","11","2023-10-02 11:25:03","6","3","0","3"
"3257622","6575","3225","30","2024-01-29 12:34:32","19","5","7","7"
"3258544","5092","3225","9","","0","0","0","0"
"3258708","2283","3225","6","","0","0","0","0"
"3259896","6377","3224","7","","0","0","0","0"
"3260548","2060","3224","9","2024-01-31 09:21:18","5","0","1","4"
"3260695","4623","3224","12","2024-01-24 16:24:55","6","1","0","5"
"3261161","7908","3224","9","2023-11-05 12:37:09","9","6","2","1"
"3261292","5547","3224","11","2023-04-08 01:31:50","1","1","0","0"
"3262787","2165","3223","9","","0","0","0","0"
"3263650","2167","3223","6","","0","0","0","0"
"3263659","8078","3223","19","2023-12-03 16:18:53","3","1","0","2"
"3265253","2380","3222","58","","0","0","0","0"
"3268228","2526","3221","88","2023-10-25 16:25:19","20","19","0","1"
"3271600","2672","3221","6","","0","0","0","0"
"3271687","9607","3221","11","2023-06-08 14:50:33","5","3","2","0"
"3275253","5811","3220","5","2023-11-06 09:59:59","2","1","0","1"
"3275464","8317","3220","103","2024-01-25 10:43:39","107","0","64","43"
"3276027","4289","3220","6","2023-03-21 15:17:15","1","1","0","0"
"3276518","6418","3220","13","2023-11-06 19:27:58","3","0","1","2"
"3276902","2722","3220","6","2024-01-03 22:01:37","5","4","0","1"
"3277064","2012","3220","16","2023-07-06 19:28:09","11","2","9","0"
"3279603","5320","3219","18","","0","0","0","0"
"3279716","7195","3219","9","2023-03-13 18:36:29","2","2","0","0"
"3279876","2130","3219","12","","0","0","0","0"
"3281097","3892","3219","206","2023-02-14 14:07:12","1","1","0","0"
"3281886","2153","3218","43","2024-01-01 19:27:33","11","3","5","3"
"3282434","9832","3218","10","","0","0","0","0"
"3284114","6596","3218","15","","0","0","0","0"
"3284355","5714","3218","23","2024-01-05 06:51:22","4","2","0","2"
"3284713","6533","3218","10","2023-03-17 10:04:53","2","2","0","0"
"3286903","3876","3217","17","2023-03-10 11:01:03","2","2","0","0"
"3287250","6405","3217","20","2023-12-07 17:40:06","3","0","1","2"
"3290062","3758","3216","5","","0","0","0","0"
"3291390","2463","3215","11","","0","0","0","0"
"3293110","2412","3215","7","2023-08-01 11:05:26","4","0","3","1"
"3293726","2004","3215","5","2023-11-18 01:37:20","2","1","0","1"
"3294944","3801","3215","9","2023-06-13 05:16:14","1","0","1","0"
"3298338","3778","3214","6","2023-09-21 13:37:46","12","11","0","1"
"3298964","4714","3214","5","2024-01-03 21:29:14","5","3","0","2"
"3300205","2350","3213","10","","0","0","0","0"
"3302263","2475","3213","28","2023-11-23 17:02:52","34","1","22","11"
"3302747","3813","3213","5","","0","0","0","0"
"3306020","4080","3212","5","2023-11-24 20:15:33","2","1","0","1"
"3306099","2252","3212","7","2024-01-18 18:13:32","11","5","1","5"
"3307233","2501","3212","9","2023-03-15 09:17:55","3","3","0","0"
"3312025","7237","3211","8","2024-01-23 22:06:29","5","1","1","3"
"3312425","3043","3210","10","2023-06-24 16:32:22","2","1","1","0"
"3315731","2154","3209","5","","0","0","0","0"
"3315779","3488","3209","6","2024-01-14 11:25:04","3","0","0","3"
"3318335","7368","3208","28","","0","0","0","0"
"3319132","6623","3208","12","2023-10-22 12:58:47","4","0","0","4"
"3319298","3991","3208","6","2023-04-21 09:23:47","1","1","0","0"
"3324095","3981","3207","17","2023-11-24 16:05:39","16","9","5","2"
"3324348","2593","3207","9","2023-12-07 13:06:44","1","0","0","1"
"3325290","5619","3207","53","2023-08-23 18:46:58","8","3","4","1"
"3325375","5108","3207","5","2023-12-07 08:16:54","5","2","2","1"
"3329561","2351","3206","21","2023-12-08 13:35:52","17","4","7","6"
"3330437","8365","3206","5","2023-06-16 16:45:02","4","0","4","0"
"3330981","7592","3205","81","","0","0","0","0"
"3336514","2363","3204","11","2024-01-15 11:05:34","9","2","0","7"
"3339058","2796","3204","8","2023-12-12 18:58:58","3","0","2","1"
"3341769","4592","3203","12","2024-01-16 12:03:19","6","3","1","2"
"3348264","2234","3201","12","2023-07-28 19:44:20","1","0","1","0"
"3348994","2453","3200","23","2023-06-08 12:56:08","3","1","2","0"
"3349358","3780","3200","5","2023-10-13 13:05:07","1","0","0","1"
"3351288","7101","3200","15","2023-12-22 07:00:17","7","3","2","2"
"3351474","6533","3200","49","2023-12-30 01:36:55","23","5","9","9"
"3355243","6041","3199","11","2023-12-14 18:08:07","14","2","7","5"
"3355860","2121","3199","17","2023-10-12 11:36:33","7","5","0","2"
"3356053","2125","3199","21","","0","0","0","0"
"3357270","4544","3199","10","2023-12-19 15:20:05","12","1","3","8"
"3357352","7360","3199","45","2023-12-19 12:37:03","12","5","5","2"
"3357677","3184","3199","12","","0","0","0","0"
"3358499","5729","3198","20","2023-08-10 19:02:37","6","5","0","1"
"3359577","3282","3198","20","","0","0","0","0"
"3359635","3346","3198","21","2023-10-26 09:06:00","26","2","16","8"
"3361462","7330","3198","223","2023-12-05 13:56:17","28","17","10","1"
"3362720","4066","3198","27","2024-01-20 12:56:47","15","0","2","13"
"3362993","3469","3197","6","","0","0","0","0"
"3365033","3036","3197","5","2023-02-01 09:46:25","1","1","0","0"
"3365403","2093","3197","36","2023-10-24 13:34:08","19","3","9","7"
"3367340","3520","3196","6","","0","0","0","0"
"3367818","3124","3196","25","2023-08-27 14:18:31","1","0","0","1"
"3368558","2575","3196","5","2023-06-04 07:22:02","3","2","1","0"
"3368818","4582","3196","17","2023-05-21 20:16:31","18","14","4","0"
"3370568","4306","3195","5","2023-02-23 04:25:34","1","1","0","0"
"3373626","2162","3194","22","","0","0","0","0"
"3373786","3019","3194","5","2023-12-12 11:56:25","1","0","0","1"
"3373942","4882","3194","17","2023-02-15 02:25:02","1","1","0","0"
"3374593","3176","3194","7","2023-03-30 10:27:36","4","4","0","0"
"3379437","9933","3193","6","","0","0","0","0"
"3379675","7986","3193","37","2024-01-26 10:32:32","15","10","2","3"
"3383640","5148","3192","6","2023-04-02 00:31:04","1","1","0","0"
"3385948","5728","3191","6","2023-12-21 00:26:13","7","0","1","6"
"3388954","5492","3191","17","2023-11-10 00:52:31","11","2","3","6"
"3390200","7691","3647","7","","0","0","0","0"
"3390279","5947","3191","5","2023-10-04 13:52:03","2","1","0","1"
"3390417","8071","3191","32","2023-11-13 19:03:25","21","12","3","6"
"3392762","7479","3190","10","","0","0","0","0"
"3393058","5542","3190","6","2023-08-21 18:53:55","5","1","3","1"
"3393663","6144","3190","6","2023-12-30 17:15:36","2","0","1","1"
"3394386","6187","3190","40","2024-01-15 02:23:21","25","15","1","9"
"3394654","3894","3190","6","2024-01-29 17:43:54","4","0","0","4"
"3396327","3286","3189","11","2023-07-24 15:44:56","4","1","3","0"
"3396785","2657","3189","16","2023-03-21 16:13:00","2","2","0","0"
"3397771","8991","3188","30","2024-01-29 12:05:02","112","79","20","13"
"3397819","3380","3188","8","2024-01-18 06:58:42","7","2","2","3"
"3403834","8068","3187","21","2023-12-15 18:40:56","8","5","1","2"
"3405291","8261","3186","9","2024-01-29 04:25:34","24","3","10","11"
"3405980","3982","3186","47","2023-12-16 18:47:39","13","0","0","13"
"3410396","8845","3185","11","2023-04-19 15:21:29","1","1","0","0"
"3410584","2354","3185","29","2023-09-05 16:49:01","4","1","1","2"
"3410989","2704","3185","14","2023-06-07 14:38:37","2","1","1","0"
"3411556","2204","3185","5","2024-01-17 23:36:47","2","0","0","2"
"3412316","2235","3185","14","2024-01-22 13:51:16","6","0","2","4"
"3412660","3244","3185","16","2024-01-22 02:55:36","7","1","0","6"
"3414466","2255","3184","17","2023-03-13 19:55:57","1","1","0","0"
"3415398","2376","3184","7","2023-08-29 16:02:41","4","1","2","1"
"3415984","4947","3184","17","2023-02-01 11:07:15","2","2","0","0"
"3415993","2615","3184","19","","0","0","0","0"
"3416135","4925","3184","21","2023-05-12 15:30:09","2","1","1","0"
"3416648","2470","3184","7","2024-01-11 16:45:42","7","0","5","2"
"3416774","3419","3184","6","2024-01-31 09:12:00","27","2","6","19"
"3422470","5164","3182","6","","0","0","0","0"
"3423639","2637","3182","10","2023-11-12 16:51:45","2","0","0","2"
"3425152","2151","3181","5","2023-10-16 05:11:18","8","0","2","6"
"3425324","3154","3181","8","2023-10-23 13:21:53","1","0","0","1"
"3426201","3263","3181","6","","0","0","0","0"
"3426309","6288","3181","131","2024-01-30 01:30:03","72","24","25","23"
"3426328","6191","3181","18","2024-01-26 16:38:23","15","6","3","6"
"3427299","2631","3180","6","2023-09-23 05:38:37","6","1","3","2"
"3427520","4995","3180","7","2023-10-21 05:42:41","4","3","0","1"
"3429015","3025","3180","8","2024-01-22 12:36:27","10","3","3","4"
"3429430","7845","3180","6","2024-01-05 12:42:19","7","0","6","1"
"3430184","2971","3180","8","2023-11-29 19:32:50","7","0","2","5"
"3430412","3053","3180","26","","0","0","0","0"
"3433178","4345","3179","43","2024-01-16 12:47:04","18","6","4","8"
"3433538","4540","3179","9","2023-03-15 10:31:22","2","2","0","0"
"3434388","3690","3179","18","2023-12-12 20:19:28","17","10","2","5"
"3436535","6622","3178","14","2023-11-22 14:56:58","5","1","1","3"
"3437454","2065","3178","7","","0","0","0","0"
"3437504","8533","3178","26","","0","0","0","0"
"3438001","4159","3178","17","2023-09-15 21:13:27","9","6","1","2"
"3438111","9531","3178","124","2024-01-30 09:47:54","79","19","24","36"
"3439894","7635","3178","9","","0","0","0","0"
"3439993","2373","3177","12","","0","0","0","0"
"3440582","2921","3177","8","2023-03-23 05:53:19","3","3","0","0"
"3441510","6065","3177","156","2023-11-22 22:21:33","1","0","0","1"
"3442409","2743","3177","7","2023-07-27 10:46:05","4","3","1","0"
"3443386","4075","3177","7","2023-10-13 17:38:40","5","0","4","1"
"3444376","2874","3177","9","","0","0","0","0"
"3446201","7375","3176","13","2023-07-26 09:29:16","1","0","1","0"
"3450755","3729","3175","7","","0","0","0","0"
"3450914","5970","3175","7","2023-12-13 15:13:41","7","6","0","1"
"3451427","2858","3174","18","2023-03-21 18:46:48","2","2","0","0"
"3457761","7288","3172","34","2024-01-16 08:41:52","7","3","2","2"
"3458871","2960","3172","6","","0","0","0","0"
"3461055","5059","3172","5","2023-02-13 05:59:52","2","2","0","0"
"3461617","2837","3172","6","2023-03-12 21:19:51","2","2","0","0"
"3462321","7564","3171","8","","0","0","0","0"
"3462615","7246","3171","8","2023-05-08 14:33:34","9","8","1","0"
"3462686","2031","3171","16","2023-03-05 03:48:57","1","1","0","0"
"3464919","3172","3171","6","2023-12-13 09:32:19","11","1","5","5"
"3466464","3140","3171","6","2023-12-01 20:21:16","1","0","0","1"
"3466729","2263","3170","7","2023-07-16 07:13:48","6","3","3","0"
"3466808","9218","3170","41","","0","0","0","0"
"3466907","3181","3170","6","2023-09-27 21:19:33","4","0","2","2"
"3468171","2133","3170","10","2023-04-12 14:07:19","1","1","0","0"
"3469273","3255","3533","13","2023-04-21 16:42:11","1","1","0","0"
"3469391","9130","3170","11","","0","0","0","0"
"3470414","5623","3170","21","2023-10-19 09:34:11","1","0","0","1"
"3474146","7636","3169","6","2024-01-17 18:00:54","3","0","1","2"
"3474677","2702","3168","9","2023-06-09 19:04:11","2","1","1","0"
"3475381","7497","3168","7","","0","0","0","0"
"3476780","5405","3168","51","2023-11-29 03:44:43","14","9","3","2"
"3479489","3924","3166","7","2023-11-23 13:42:45","2","1","0","1"
"3480193","2787","3166","8","2024-01-29 12:22:44","5","1","0","4"
"3480808","7113","3166","6","2024-01-22 12:05:35","1","0","0","1"
"3482793","4163","3166","7","","0","0","0","0"
"3484498","4006","3165","11","","0","0","0","0"
"3485877","2709","3165","13","2023-07-28 18:55:53","5","3","2","0"
"3486720","5098","3165","8","2023-10-16 18:25:21","15","2","11","2"
"3487579","5895","3164","90","2023-06-27 18:44:19","10","5","5","0"
"3489429","5557","3164","13","2023-12-03 16:09:25","18","5","10","3"
"3491994","3816","3163","6","2023-12-08 06:51:51","9","4","1","4"
"3498962","8131","3162","5","2023-10-04 19:30:25","3","2","0","1"
"3501205","3412","3161","5","","0","0","0","0"
"3503521","4858","3160","8","2023-11-18 20:00:20","22","20","1","1"
"3503711","2206","3160","20","2023-08-04 21:41:24","5","3","1","1"
"3506022","3273","3159","7","","0","0","0","0"
"3508516","3274","3159","9","2024-01-24 10:47:30","3","1","1","1"
"3508719","6514","3159","12","2024-01-30 11:40:47","6","0","3","3"
"3512524","2966","3158","9","2023-12-01 15:01:06","5","0","2","3"
"3513171","2259","3157","11","2023-05-22 17:26:46","1","0","1","0"
"3515885","2494","3157","6","2023-10-31 10:36:20","1","0","0","1"
"3515969","3059","3157","12","2024-01-31 15:29:43","11","1","0","10"
"3516026","2112","3157","74","2024-01-30 21:07:25","37","18","3","16"
"3518383","3789","3156","34","2023-11-23 10:15:47","7","3","0","4"
"3518815","3736","3156","5","2023-09-09 21:20:03","2","1","0","1"
"3521243","3981","3156","6","2024-01-29 12:46:22","2","1","0","1"
"3521253","2169","3156","10","","0","0","0","0"
"3521515","5623","3156","8","2024-01-07 20:02:49","10","2","2","6"
"3522957","4170","3155","9","2023-11-28 09:18:17","9","1","2","6"
"3525475","6176","3155","21","2024-01-16 16:14:02","17","5","6","6"
"3527024","3740","3154","7","2023-10-04 12:07:55","11","4","2","5"
"3528321","2482","3153","32","","0","0","0","0"
"3528590","9414","3153","6","2023-10-04 09:43:03","3","2","0","1"
"3529323","2937","3153","5","2024-01-22 18:44:16","1","0","0","1"
"3529456","7851","3153","12","2024-01-25 16:39:27","18","3","12","3"
"3532758","2281","3152","16","","0","0","0","0"
"3534690","3362","3151","13","2023-12-05 05:16:28","7","1","2","4"
"3535045","2316","3151","18","2023-07-20 02:34:37","4","1","3","0"
"3538258","3463","3150","16","2023-11-07 18:38:48","11","5","3","3"
"3540782","2539","3150","7","2023-03-19 13:35:05","1","1","0","0"
"3541320","8597","3150","9","2023-12-13 17:30:58","2","0","1","1"
"3543233","7701","3150","22","2023-12-28 17:35:12","13","2","6","5"
"3544438","5945","3149","12","2023-12-07 10:03:01","17","4","5","8"
"3546760","3827","3149","5","2023-07-06 22:35:08","11","10","1","0"
"3547212","5639","3149","19","2024-01-28 15:23:09","28","1","5","22"
"3548640","4189","3148","14","2023-11-13 21:53:40","53","2","26","25"
"3548833","2411","3148","6","","0","0","0","0"
"3550318","2928","3148","6","2024-01-15 16:49:09","3","1","0","2"
"3550678","2932","3147","7","2023-10-26 04:40:17","9","0","0","9"
"3552141","4072","3147","11","2023-10-09 13:15:33","3","0","2","1"
"3552305","8326","3147","64","2024-01-27 09:47:49","61","16","14","31"
"3552975","7298","3146","19","2023-12-22 08:05:19","19","9","2","8"
"3553432","3769","3146","10","","0","0","0","0"
"3554391","3473","3146","17","2024-01-29 16:59:20","8","1","2","5"
"3556110","5609","3145","7","2024-01-15 13:26:02","6","1","2","3"
"3556515","3797","3145","14","","0","0","0","0"
"3556531","4474","3145","7","2023-07-20 10:32:24","4","0","4","0"
"3558355","2914","3145","12","2023-11-12 20:40:35","19","17","0","2"
"3558874","4447","3144","42","","0","0","0","0"
"3561607","3241","3144","10","2023-09-02 13:26:34","4","2","1","1"
"3561889","3116","3144","6","2023-09-22 14:12:50","3","1","1","1"
"3565132","2586","3143","65","2023-03-24 14:26:09","9","9","0","0"
"3565182","3304","3143","15","","0","0","0","0"
"3565291","2246","3143","6","2023-08-31 19:54:23","5","0","4","1"
"3566606","6475","3143","7","2024-01-21 23:43:08","2","0","0","2"
"3569246","3806","3142","10","2023-11-21 21:29:51","4","0","3","1"
"3569545","5725","3142","12","2023-08-22 15:03:34","4","2","1","1"
"3569612","2146","3142","5","","0","0","0","0"
"3569627","3398","3142","6","2023-12-08 04:23:54","1","0","0","1"
"3570009","4227","3142","7","2023-12-12 18:28:22","3","1","1","1"
"3572156","2169","3141","11","2023-04-25 10:10:42","5","5","0","0"
"3573340","2332","3141","22","2024-01-24 09:30:18","2","0","0","2"
"3573512","2238","3141","21","","0","0","0","0"
"3573553","2498","3141","5","2023-07-26 02:29:19","7","2","5","0"
"3574156","2311","3141","24","2023-10-11 15:15:31","18","10","6","2"
"3574628","5658","3141","21","2023-12-09 16:27:20","5","2","1","2"
"3577257","3252","3139","12","","0","0","0","0"
"3577695","9497","3139","12","","0","0","0","0"
"3577922","2309","3139","17","","0","0","0","0"
"3580498","2275","3138","8","2023-11-03 09:57:27","1","0","0","1"
"3581466","2079","3138","9","","0","0","0","0"
"3581539","8448","3138","8","2023-12-28 14:05:16","9","4","3","2"
"3581976","6530","3138","8","2023-10-24 08:46:00","4","1","1","2"
"3582831","4867","3369","25","2023-07-17 00:29:05","2","1","1","0"
"3583589","2111","3137","5","2023-05-29 14:11:13","1","0","1","0"
"3584765","5747","3137","5","2023-11-01 08:56:24","2","1","0","1"
"3584881","2683","3137","13","2023-05-01 10:29:02","1","0","1","0"
"3586594","4563","3137","12","2023-11-01 12:36:00","1","0","0","1"
"3586851","4648","3137","10","2023-10-25 13:23:28","6","4","1","1"
"3586940","2463","3137","7","2023-02-08 19:01:35","1","1","0","0"
"3588161","5371","3136","8","","0","0","0","0"
"3588993","8448","3136","81","2023-02-21 12:51:17","13","13","0","0"
"3589122","4920","3136","94","2023-07-14 08:53:43","18","11","7","0"
"3589983","5382","3136","24","2023-12-27 15:31:28","3","0","0","3"
"3590237","2689","3136","7","","0","0","0","0"
"3591014","3953","3136","20","2023-07-06 18:22:14","2","1","1","0"
"3592211","2421","3135","6","","0","0","0","0"
"3592396","7211","3135","66","2024-01-09 06:24:16","15","9","2","4"
"3592827","3470","3135","7","2023-03-16 17:23:15","2","2","0","0"
"3593084","4614","3135","7","","0","0","0","0"
"3593498","4564","3135","16","2023-11-30 05:45:20","14","9","4","1"
"3593889","2269","3135","6","2023-03-26 04:25:02","2","2","0","0"
"3593896","5720","3135","15","2023-08-26 18:07:57","4","1","2","1"
"3593970","3128","3135","7","2024-01-22 06:54:50","7","0","1","6"
"3595907","3715","3134","10","2023-04-19 15:27:04","2","2","0","0"
"3596441","4736","3134","5","2023-09-19 14:01:58","4","1","0","3"
"3596672","2390","3134","6","2024-01-20 08:06:48","17","0","9","8"
"3597730","3303","3134","10","","0","0","0","0"
"3599151","5855","3133","7","2023-05-03 15:54:56","4","2","2","0"
"3601654","6373","3132","5","2023-05-30 10:52:57","2","0","2","0"
"3601660","9452","3132","7","2023-11-30 16:09:46","17","2","3","12"
"3603660","5622","3131","5","2023-10-27 09:16:29","2","0","1","1"
"3605190","2653","3131","5","","0","0","0","0"
"3605497","5489","3131","5","2023-09-12 20:24:57","3","0","0","3"
"3608089","4340","3130","45","2024-01-29 14:06:15","22","11","2","9"
"3608449","3781","3130","9","2023-04-15 11:25:27","2","2","0","0"
"3612903","2972","3129","6","","0","0","0","0"
"3613208","9759","3129","6","2023-07-13 14:24:30","1","0","1","0"
"3613702","3425","3129","18","2024-01-04 14:31:03","12","4","0","8"
"3614648","4357","3128","101","","0","0","0","0"
"3615605","2925","3128","5","2024-01-22 10:53:18","2","1","0","1"
"3615862","3442","3128","16","2023-12-19 04:41:33","17","8","2","7"
"3616686","3360","3128","10","2024-01-10 15:33:45","9","0","7","2"
"3621464","4522","3127","11","2023-09-19 09:49:00","4","3","0","1"
"3622415","6329","3126","9","","0","0","0","0"
"3622813","9157","3126","14","2024-01-10 18:31:35","3","0","1","2"
"3623224","4125","3126","9","","0","0","0","0"
"3623608","2473","3126","7","2023-12-15 20:11:44","1","0","0","1"
"3625228","2496","3125","5","2023-11-03 16:40:09","3","1","0","2"
"3625298","2450","3125","12","2023-10-30 19:33:52","6","4","0","2"
"3625843","4499","3125","8","","0","0","0","0"
"3626353","3491","3125","9","2024-01-31 17:44:43","12","2","3","7"
"3628806","2744","3124","5","2023-12-20 22:15:54","2","0","0","2"
"3631795","2054","3123","82","2024-01-29 02:29:10","45","16","9","20"
"3633696","2780","3123","16","2023-02-09 17:25:00","1","1","0","0"
"3634032","7056","3123","11","2023-10-28 14:21:47","2","1","0","1"
"3636071","8719","3122","21","2023-06-27 09:49:11","2","0","2","0"
"3636228","8778","3122","39","2024-01-31 19:48:56","31","10","5","16"
"3636621","2052","3122","6","","0","0","0","0"
"3638081","3334","3122","49","","0","0","0","0"
"3640844","2617","3121","10","","0","0","0","0"
"3645370","9771","3120","22","","0","0","0","0"
"3645375","2228","3120","9","","0","0","0","0"
"3645650","5559","3120","68","","0","0","0","0"
"3646920","6388","3119","13","2024-01-02 23:11:47","8","1","2","5"
"3648453","3040","3119","6","2023-06-29 11:23:23","1","0","1","0"
"3649496","4209","3118","9","2023-09-08 12:51:17","9","2","4","3"
"3651739","2063","3117","19","","0","0","0","0"
"3653343","4667","3117","5","2023-05-02 14:57:47","9","7","2","0"
"3654352","3414","3117","6","","0","0","0","0"
"3654605","7708","3117","8","2023-12-01 22:10:40","4","2","0","2"
"3656739","8634","3116","345","2024-01-30 15:16:02","165","65","31","69"
"3656912","3563","3116","5","2023-03-02 09:56:49","3","3","0","0"
"3657747","2841","3116","10","2023-12-29 17:32:47","5","0","2","3"
"3659361","2227","3115","5","2023-10-13 14:09:35","1","0","0","1"
"3660991","2629","3115","8","","0","0","0","0"
"3662111","8510","3115","6","2023-06-07 18:48:29","1","0","1","0"
"3665698","4305","3114","5","2023-07-19 16:47:41","1","0","1","0"
"3665707","3659","3114","11","2024-01-18 16:54:04","12","0","7","5"
"3667264","8616","3113","8","2023-11-21 16:04:22","6","0","1","5"
"3667967","2028","3113","7","","0","0","0","0"
"3668031","3425","3113","13","2024-01-30 10:34:43","10","2","2","6"
"3668462","3881","3113","5","2023-05-17 17:11:23","1","0","1","0"
"3670132","7167","3113","12","2023-08-28 13:24:26","5","2","2","1"
"3670607","2503","3113","7","2023-12-07 10:25:51","8","2","2","4"
"3671801","3105","3112","11","2023-11-20 22:54:25","2","1","0","1"
"3672883","5374","3111","22","2024-01-11 20:42:35","4","2","1","1"
"3673659","2323","3111","7","2023-11-21 08:53:28","7","3","2","2"
"3677576","5858","3110","55","2023-11-23 16:35:57","25","16","5","4"
"3678363","5391","3109","7","2023-07-10 13:02:53","2","1","1","0"
"3679147","8187","3109","5","2023-08-14 11:06:18","4","2","0","2"
"3680119","2977","3109","9","2024-01-15 20:41:46","15","0","0","15"
"3681607","3498","3109","5","2023-09-11 08:31:31","2","0","1","1"
"3682535","2878","3108","5","","0","0","0","0"
"3684343","9824","3108","26","2023-09-01 12:25:45","8","6","1","1"
"3686898","5490","3107","24","2023-11-28 17:54:05","3","2","0","1"
"3688861","3689","3107","28","2023-08-11 12:54:44","2","1","0","1"
"3688864","4879","3107","22","","0","0","0","0"
"3689364","8192","3107","6","2023-11-25 19:28:19","4","1","0","3"
"3691488","3278","3106","7","2023-12-20 16:46:22","2","0","1","1"
"3692034","2338","3106","11","","0","0","0","0"
"3692110","3171","3106","5","2023-08-11 06:46:59","5","2","2","1"
"3692447","2589","3106","39","2023-03-12 23:54:59","2","2","0","0"
"3697441","2153","3104","5","","0","0","0","0"
"3697686","2227","3104","5","","0","0","0","0"
"3697870","4436","3103","12","2023-09-04 06:52:08","5","3","1","1"
"3700119","3009","3103","5","2023-12-12 22:49:19","4","0","1","3"
"3700738","5606","3103","6","","0","0","0","0"
"3700993","8238","3103","181","2024-01-28 04:12:13","149","71","32","46"
"3701393","6778","3102","58","2024-01-10 06:58:18","26","11","7","8"
"3703534","5916","3102","14","2023-12-25 04:49:22","7","1","2","4"
"3703783","3755","3102","5","2023-08-31 13:50:09","13","4","5","4"
"3703819","3130","3102","7","2023-03-25 18:20:38","13","13","0","0"
"3704549","5921","3102","5","2023-08-29 18:16:20","4","2","1","1"
"3704831","9561","3102","9","","0","0","0","0"
"3705183","2435","3101","13","2023-10-01 18:53:43","5","1","1","3"
"3705348","4889","3101","5","","0","0","0","0"
"3705861","2364","3101","5","2023-10-20 07:49:30","2","0","0","2"
"3706345","3083","3101","5","2023-05-08 08:49:36","4","3","1","0"
"3706717","2451","3101","26","2023-07-23 07:39:17","1","0","1","0"
"3708153","5805","3101","5","2023-02-28 09:52:22","1","1","0","0"
"3708208","4874","3101","10","","0","0","0","0"
"3709537","3038","3100","57","","0","0","0","0"
"3710053","4925","3100","101","2024-01-30 16:01:37","92","1","27","64"
"3711266","4884","3100","8","","0","0","0","0"
"3712531","2894","3100","10","2023-09-07 10:28:33","3","1","1","1"
"3712577","2135","3100","17","2024-01-22 15:35:13","6","3","2","1"
"3714181","5546","3099","8","2024-01-14 11:03:20","12","4","1","7"
"3715819","3350","3099","18","2023-11-11 05:33:47","22","12","9","1"
"3716552","9354","3099","30","2023-08-15 16:54:51","5","4","0","1"
"3716664","7472","3099","5","2023-12-10 18:24:14","5","2","1","2"
"3717691","2360","3098","10","2024-01-02 15:28:07","17","3","1","13"
"3718246","2321","3098","5","","0","0","0","0"
"3719845","4852","3097","6","2023-10-05 09:00:27","2","0","0","2"
"3721822","3597","3096","8","","0","0","0","0"
"3722635","6453","3096","10","2023-03-07 10:48:33","1","1","0","0"
"3723707","4530","3096","8","2024-01-05 09:26:11","7","4","1","2"
"3725142","3928","3095","9","2024-01-30 05:13:09","6","2","2","2"
"3729184","4045","3094","28","2023-07-14 18:03:35","1","0","1","0"
"3730077","2853","3094","85","2023-07-26 12:21:12","5","2","3","0"
"3730626","3501","3094","146","2024-01-23 05:28:32","119","43","31","45"
"3731622","5167","3094","5","2023-11-09 20:37:53","3","1","1","1"
"3733295","2365","3093","11","2023-10-25 16:02:37","5","0","3","2"
"3734059","7037","3093","6","2023-11-16 06:41:16","2","0","0","2"
"3736051","3285","3092","10","2023-09-08 02:40:51","19","0","13","6"
"3737177","7290","3092","15","2023-04-20 07:52:17","3","3","0","0"
"3737186","3508","3092","5","2023-12-04 15:12:16","1","0","0","1"
"3738831","4882","3092","6","2023-06-29 05:49:07","1","0","1","0"
"3739756","2418","3091","7","","0","0","0","0"
"3740047","6363","3091","58","2023-11-12 14:03:10","5","0","1","4"
"3740545","7480","3091","19","","0","0","0","0"
"3741571","7033","3090","7","2023-10-04 03:21:48","9","4","4","1"
"3741900","3089","3090","26","2024-01-02 23:48:01","13","2","5","6"
"3743091","6706","4755","8","2023-10-11 19:11:33","9","2","0","7"
"3745413","6551","3089","18","2023-04-11 13:05:18","2","2","0","0"
"3748275","2283","3088","18","","0","0","0","0"
"3749576","3251","3088","8","2023-09-12 10:32:35","1","0","0","1"
"3750381","5250","3088","5","2023-02-08 17:32:23","1","1","0","0"
"3758264","7753","3086","5","2023-05-10 15:19:23","1","0","1","0"
"3758439","7286","3085","10","2023-05-03 18:37:12","1","0","1","0"
"3760216","2968","3085","5","2023-12-22 13:38:04","6","1","0","5"
"3760875","2569","3085","46","2023-02-08 12:52:51","1","1","0","0"
"3761687","2590","3085","6","2023-11-29 16:56:07","3","1","0","2"
"3764048","4919","3083","13","2023-05-08 21:05:51","3","2","1","0"
"3768239","2242","3082","26","2023-02-08 14:22:24","2","2","0","0"
"3771196","5068","3081","6","2024-01-10 12:08:20","4","0","2","2"
"3775493","5444","3080","6","2023-09-26 17:03:39","4","2","1","1"
"3776014","2085","3080","20","2023-07-25 13:11:56","9","6","3","0"
"3778283","2866","3079","24","","0","0","0","0"
"3780372","4306","3079","11","","0","0","0","0"
"3781728","2159","3078","5","2024-01-17 15:34:19","8","4","1","3"
"3783002","6135","3078","16","2023-12-08 04:40:31","6","3","0","3"
"3783243","5200","3078","44","2023-07-13 16:25:11","7","5","2","0"
"3787144","2061","3076","6","","0","0","0","0"
"3787750","2566","3076","12","2023-07-25 14:58:41","1","0","1","0"
"3788470","2484","3076","10","2023-02-23 12:53:11","2","2","0","0"
"3789481","2114","3075","9","2023-12-12 20:53:33","12","0","4","8"
"3789665","2704","3075","23","2024-01-13 08:10:59","24","3","7","14"
"3789686","4659","3075","6","2023-07-29 03:25:41","1","0","1","0"
"3794110","3861","3074","12","","0","0","0","0"
"3797799","2109","3073","8","2023-12-18 15:51:02","20","9","10","1"
"3798964","4505","3073","5","","0","0","0","0"
"3799923","2886","3072","8","","0","0","0","0"
"3800552","2614","3072","56","2023-06-13 18:23:02","12","7","5","0"
"3800782","8921","3072","11","2023-07-10 13:09:35","3","1","2","0"
"3800865","2717","3072","10","2023-12-11 09:26:25","3","1","1","1"
"3804924","3704","3071","31","2023-03-22 16:51:03","6","6","0","0"
"3805458","3541","3071","5","","0","0","0","0"
"3808667","6392","3069","18","2023-04-15 08:45:20","8","8","0","0"
"3810748","6186","3068","6","2024-01-21 11:11:50","6","3","1","2"
"3813064","2731","3068","11","2024-01-09 16:59:12","6","1","0","5"
"3813411","5643","3068","8","","0","0","0","0"
"3813605","5689","3068","154","2023-02-08 00:32:25","2","2","0","0"
"3813732","6619","3068","22","2024-01-28 01:48:17","11","6","2","3"
"3819421","2613","3066","10","2023-02-08 10:09:00","1","1","0","0"
"3820189","2506","3066","20","2023-11-18 14:33:41","14","1","2","11"
"3821022","4009","3066","72","2024-01-23 09:00:25","140","32","37","71"
"3821425","3117","3066","19","2023-03-09 17:41:19","1","1","0","0"
"3821467","5709","3066","80","2023-10-05 10:13:02","4","1","2","1"
"3825084","5801","3065","9","2023-08-30 09:48:30","4","3","0","1"
"3825533","2117","3065","5","","0","0","0","0"
"3826175","7596","3065","9","2023-12-05 10:25:26","30","10","7","13"
"3827575","3541","3064","14","2023-06-18 14:06:09","3","0","3","0"
"3829557","2218","3064","5","2024-01-10 11:04:39","30","8","10","12"
"3833111","2072","3063","26","2024-01-19 12:52:40","21","3","1","17"
"3833773","6795","3062","14","2023-10-13 19:47:37","4","2","1","1"
"3834139","9738","3062","29","2023-05-13 07:49:27","2","0","2","0"
"3834413","6145","3062","138","","0","0","0","0"
"3834841","3875","3062","7","2023-12-01 19:33:50","3","0","1","2"
"3834899","5352","3062","6","2023-04-10 08:25:52","1","1","0","0"
"3836142","2875","3061","5","2023-02-12 13:50:51","1","1","0","0"
"3836562","2389","3061","35","2024-01-23 10:07:46","20","2","5","13"
"3840401","3439","3060","16","2023-09-22 08:57:45","1","0","0","1"
"3840700","2510","3060","21","2023-11-13 08:28:00","12","1","5","6"
"3841161","5135","3060","7","","0","0","0","0"
"3842263","2253","3060","7","2023-04-30 03:45:37","2","2","0","0"
"3842598","5720","3060","118","2023-09-13 02:46:51","38","15","18","5"
"3842610","4081","3060","7","","0","0","0","0"
"3842788","7017","3060","13","2023-11-10 19:15:25","18","5","6","7"
"3844270","2120","3059","15","","0","0","0","0"
"3844458","5492","3059","7","2023-11-28 04:26:43","3","1","0","2"
"3846032","6553","3059","17","2023-11-24 15:46:08","17","7","4","6"
"3847117","8681","3058","9","","0","0","0","0"
"3848207","5447","3058","8","2023-11-20 07:54:59","6","0","2","4"
"3849158","2149","3058","8","2023-03-02 10:02:44","4","4","0","0"
"3849167","7716","3058","16","2024-01-30 17:04:37","6","2","2","2"
"3857002","2073","3055","32","","0","0","0","0"
"3858761","2250","3055","21","2023-10-25 18:49:47","13","4","0","9"
"3864176","2447","3053","54","2023-12-29 09:46:38","22","0","7","15"
"3866856","2776","3052","11","2023-03-16 16:10:10","2","2","0","0"
"3870547","8246","3052","8","2023-12-01 02:25:38","7","1","0","6"
"3872998","3119","3051","7","2023-08-08 10:08:05","3","1","0","2"
"3873799","3308","3051","11","2024-01-24 17:15:54","16","10","0","6"
"3876565","6241","3050","10","","0","0","0","0"
"3877746","4913","3050","13","2024-01-30 09:59:21","10","1","2","7"
"3878760","2332","3049","9","2024-01-20 16:53:08","3","2","0","1"
"3879644","2539","3049","34","","0","0","0","0"
"3880516","4588","3049","13","2023-11-22 21:26:57","1","0","0","1"
"3881406","8515","3048","7","","0","0","0","0"
"3882241","3293","3048","6","2023-10-10 17:16:04","1","0","0","1"
"3883475","3857","3047","37","2023-11-28 12:20:05","11","2","4","5"
"3887835","3276","3046","5","2023-12-08 20:35:58","1","0","0","1"
"3888000","8617","3046","17","2023-11-17 12:42:00","4","1","2","1"
"3889100","8906","3046","19","2023-10-30 11:49:45","10","2","5","3"
"3892213","6804","3045","12","2024-01-18 10:07:27","20","4","4","12"
"3894599","6754","3044","11","2023-04-22 19:10:05","3","3","0","0"
"3896300","5590","3044","32","2023-09-30 14:37:27","1","0","0","1"
"3897214","4462","3044","28","2024-01-18 09:28:44","18","7","6","5"
"3898404","2643","3043","6","","0","0","0","0"
"3901746","2876","3042","7","","0","0","0","0"
"3902339","5035","3042","8","2023-08-16 13:44:46","2","0","1","1"
"3902603","3003","3042","10","2023-05-28 16:41:11","1","0","1","0"
"3902663","2324","3042","11","","0","0","0","0"
"3904109","4122","3041","26","2023-02-06 22:17:06","1","1","0","0"
"3905529","2195","3040","6","2023-12-07 01:13:45","5","2","0","3"
"3907364","3668","3040","8","2023-10-27 08:01:29","3","0","1","2"
"3909896","3013","3039","17","2024-01-19 07:41:41","7","3","1","3"
"3915410","3262","3038","9","2023-09-05 14:56:38","1","0","0","1"
"3916621","4667","3037","8","2023-11-21 02:14:43","4","0","0","4"
"3917091","5558","3037","18","2023-12-12 20:42:00","6","3","1","2"
"3917161","3213","3037","6","","0","0","0","0"
"3917465","4520","3037","5","","0","0","0","0"
"3918095","2905","3037","6","","0","0","0","0"
"3919052","2112","3037","14","2023-04-22 20:53:54","1","1","0","0"
"3920102","2340","3037","13","2023-09-24 08:51:25","8","0","0","8"
"3925232","7817","3035","11","2024-01-09 05:19:33","9","3","1","5"
"3925977","3841","3035","17","2023-06-01 17:46:30","2","1","1","0"
"3926461","4106","3034","6","2023-02-17 07:18:11","2","2","0","0"
"3926995","9277","3034","6","2023-08-27 01:26:00","1","0","0","1"
"3930172","3052","3033","7","2024-01-30 19:47:15","9","1","2","6"
"3930247","9408","3033","40","2023-09-01 20:24:52","48","0","23","25"
"3931225","3950","3033","19","2023-11-29 16:43:36","10","1","3","6"
"3934374","4760","3032","6","2023-05-05 15:56:40","1","0","1","0"
"3934894","2332","3072","6","2024-01-17 11:11:08","6","0","0","6"
"3936044","3098","3031","37","","0","0","0","0"
"3937811","2068","3031","9","","0","0","0","0"
"3940406","3090","3030","7","2023-02-28 15:54:51","2","2","0","0"
"3943170","5589","3030","216","2023-12-09 18:55:19","44","38","3","3"
"3943588","4495","3029","29","2023-09-18 17:14:58","11","7","2","2"
"3943632","8712","3029","20","2023-10-24 06:04:50","29","13","11","5"
"3943954","2456","3029","7","","0","0","0","0"
"3944285","2084","3029","8","2023-12-15 17:58:18","16","2","10","4"
"3944673","3093","3029","45","2024-01-15 15:25:21","14","5","6","3"
"3946047","3916","3029","18","2024-01-05 10:26:29","19","7","7","5"
"3946728","9428","3028","18","2024-01-24 03:37:54","17","3","6","8"
"3948697","3497","3028","13","2024-01-06 05:45:50","18","1","5","12"
"3948747","3038","3028","6","","0","0","0","0"
"3950052","2349","3027","6","2024-01-30 21:34:19","4","0","0","4"
"3950982","9350","3027","9","2024-01-13 04:42:24","15","8","2","5"
"3952180","4962","3026","9","2023-11-11 15:21:17","1","0","0","1"
"3952885","2790","3026","6","2023-11-16 15:51:29","1","0","0","1"
"3955557","8475","3025","25","2023-07-29 22:25:20","9","3","6","0"
"3955972","2052","3025","25","","0","0","0","0"
"3956205","4724","3025","22","2023-10-26 21:26:55","4","1","1","2"
"3956676","2898","3025","11","","0","0","0","0"
"3957794","2180","3025","66","2024-01-09 09:07:45","21","16","2","3"
"3959259","3545","3024","9","2023-03-20 08:39:14","1","1","0","0"
"3959708","2075","3024","11","2023-03-24 12:13:57","6","6","0","0"
"3960200","4182","3024","11","2023-03-18 23:19:00","2","2","0","0"
"3960296","2926","3024","50","2024-01-11 16:20:42","13","3","1","9"
"3961271","9195","3024","5","2023-05-16 17:57:20","1","0","1","0"
"3961566","7165","3024","43","2024-01-17 23:14:17","20","6","3","11"
"3962636","6487","3023","30","2023-11-08 02:13:57","6","2","1","3"
"3962849","5259","3023","12","2023-08-13 03:44:51","1","0","0","1"
"3963478","2226","3023","13","2024-01-08 09:49:41","1","0","0","1"
"3968276","5650","3022","6","2023-09-22 10:47:04","1","0","0","1"
"3968761","3800","3022","212","","0","0","0","0"
"3969362","3138","3022","7","2024-01-23 13:25:23","10","6","3","1"
"3970387","2255","3021","7","2023-09-28 16:12:57","23","2","0","21"
"3975480","7333","3019","19","2023-07-26 16:01:54","4","3","1","0"
"3979823","3841","3018","24","","0","0","0","0"
"3980331","7406","3018","9","","0","0","0","0"
"3980968","2334","3018","5","2023-09-20 18:04:41","1","0","0","1"
"3982755","9826","3017","9","2024-01-11 19:47:59","5","3","0","2"
"3982898","3700","3017","5","2024-01-19 11:28:17","24","11","3","10"
"3984158","2399","3017","22","2023-07-11 07:37:13","2","1","1","0"
"3985071","8157","3016","8","2024-01-25 20:21:53","7","3","0","4"
"3986677","2976","3016","17","2023-12-29 15:33:57","17","3","2","12"
"3986879","8688","3016","5","","0","0","0","0"
"3991125","8721","3015","6","","0","0","0","0"
"3991211","9021","3015","35","2024-01-31 01:27:13","34","4","16","14"
"3994249","6520","3147","11","2023-09-04 06:11:33","2","0","0","2"
"3994797","5310","3013","9","","0","0","0","0"
"3995261","8460","3013","8","2024-01-31 12:56:38","4","1","2","1"
"3995346","2171","3013","15","2023-06-13 17:43:00","2","0","2","0"
"4001177","4351","3011","224","2024-01-02 20:22:09","58","42","8","8"
"4005379","4187","3010","10","2023-10-11 19:07:12","3","0","1","2"
"4009972","4997","3008","17","2024-01-17 01:36:23","11","2","1","8"
"4011485","2008","3008","7","2023-03-30 06:57:29","1","1","0","0"
"4015372","2997","3007","7","","0","0","0","0"
"4015749","2052","3006","7","2023-08-09 12:11:18","5","2","2","1"
"4017881","6085","3005","13","2023-12-24 18:26:13","15","7","5","3"
"4018180","2371","3005","25","2023-03-19 06:44:15","2","2","0","0"
"4019094","4025","3005","111","","0","0","0","0"
"4019404","9596","3005","32","2023-04-23 00:06:38","4","4","0","0"
"4020238","2247","3005","13","","0","0","0","0"
"4021308","2002","3004","6","2023-11-28 18:21:43","4","1","1","2"
"4021802","6327","3004","37","2023-11-13 12:30:04","18","7","5","6"
"4023764","4694","3004","53","2024-01-03 20:42:44","15","0","5","10"
"4024146","6457","3004","5","","0","0","0","0"
"4024628","2409","3004","13","2024-01-30 09:55:33","11","1","0","10"
"4027438","2986","3003","32","2023-11-29 17:04:12","2","0","0","2"
"4031083","5603","3002","37","2023-05-24 13:26:29","3","2","1","0"
"4031358","2859","3002","8","2023-09-26 05:07:35","2","0","1","1"
"4033292","8227","3001","11","2023-03-10 05:17:41","1","1","0","0"
"4034025","5025","3001","8","2024-01-16 09:06:29","2","0","1","1"
"4034825","2790","3001","12","","0","0","0","0"
"4035472","4234","3001","7","2023-12-13 19:46:50","2","0","0","2"
"4035845","9274","3001","97","2023-06-30 01:12:38","18","15","3","0"
"4036754","2372","3000","17","2024-01-24 09:20:08","9","2","2","5"
"4037019","3958","3000","5","","0","0","0","0"
"4037927","2665","3000","9","2023-10-23 14:23:11","4","1","0","3"
"4038191","7902","3000","10","2023-10-19 02:24:37","5","2","1","2"
"4040817","8873","2999","9","2024-01-03 22:32:59","1","0","0","1"
"4041992","4309","2998","14","2023-02-15 10:00:15","1","1","0","0"
"4042083","7534","2998","17","2024-01-23 04:46:54","10","4","2","4"
"4042213","2310","2998","6","2023-03-13 13:20:41","3","3","0","0"
"4044241","3925","2998","21","2023-07-28 16:23:33","8","7","1","0"
"4044936","4967","2997","82","2024-01-02 12:33:55","48","11","1","36"
"4046274","3113","2997","5","","0","0","0","0"
"4050261","8275","2996","10","2023-10-25 13:21:32","8","3","4","1"
"4050510","5001","2996","11","2023-05-23 09:19:49","2","1","1","0"
"4051181","5933","2996","8","2023-02-22 15:52:55","1","1","0","0"
"4052193","6765","2996","8","","0","0","0","0"
"4052858","4202","2995","42","2024-01-22 00:36:38","14","2","2","10"
"4055329","5393","2995","6","2023-06-28 14:25:52","2","1","1","0"
"4056146","3927","2995","22","2023-12-12 17:10:46","7","2","4","1"
"4058737","3880","2994","10","","0","0","0","0"
"4062197","6964","2993","62","2023-09-30 21:15:58","6","0","2","4"
"4064749","2167","2991","10","2023-10-25 03:09:30","6","2","0","4"
"4067232","2136","2991","33","","0","0","0","0"
"4067676","3869","2991","7","","0","0","0","0"
"4068123","2518","2991","16","2023-11-13 22:45:19","8","5","2","1"
"4068476","4045","2991","30","2023-10-27 14:12:03","32","12","10","10"
"4072371","4194","2990","21","2023-09-27 23:43:57","6","2","1","3"
"4075162","6145","2989","7","","0","0","0","0"
"4075726","2303","2989","31","","0","0","0","0"
"4079915","2526","2988","8","2024-01-19 23:24:02","5","1","1","3"
"4080306","2217","2988","9","2023-07-21 15:47:12","1","0","1","0"
"4080319","2996","2988","14","","0","0","0","0"
"4081597","5103","2987","34","2023-05-07 13:35:06","9","6","3","0"
"4082344","6660","2987","133","2024-01-31 18:15:37","5","0","0","5"
"4082814","2010","2987","16","2023-06-19 10:59:43","1","0","1","0"
"4083743","4921","2987","21","2023-11-20 18:27:49","4","0","2","2"
"4085331","9030","2986","32","2023-12-13 09:55:13","21","5","6","10"
"4088472","6139","2985","73","2024-01-16 04:21:10","49","30","5","14"
"4089212","4335","2985","11","","0","0","0","0"
"4089350","3388","2985","14","2023-03-10 18:01:35","2","2","0","0"
"4089351","4849","2985","5","2023-09-20 18:23:42","2","0","1","1"
"4090550","3046","2984","7","2023-08-06 06:09:53","4","0","3","1"
"4092205","8198","2984","35","2024-01-22 11:12:55","35","12","7","16"
"4094312","5139","2983","5","","0","0","0","0"
"4094987","5745","2983","6","","0","0","0","0"
"4095235","3719","2983","6","","0","0","0","0"
"4095444","8674","2983","6","2023-07-07 13:22:21","1","0","1","0"
"4098013","9091","2982","12","","0","0","0","0"
"4105619","2906","2980","22","","0","0","0","0"
"4108016","2641","2979","125","2024-01-22 17:27:37","12","1","1","10"
"4109326","2202","3111","10","","0","0","0","0"
"4110122","3051","2978","13","2023-12-17 21:57:35","4","0","0","4"
"4112892","2484","2977","12","2023-02-20 10:13:30","1","1","0","0"
"4113027","3730","2977","6","2023-10-30 11:44:53","3","2","0","1"
"4115245","3976","2976","5","","0","0","0","0"
"4120518","2211","2975","7","2023-09-25 05:02:46","1","0","0","1"
"4122889","7898","2975","41","2023-11-29 10:48:24","17","6","6","5"
"4122894","5125","2975","14","","0","0","0","0"
"4123372","3546","2974","6","2024-01-19 04:10:35","6","5","0","1"
"4123400","3618","2974","77","2023-03-20 01:29:50","2","2","0","0"
"4123703","2726","2974","22","2024-01-03 10:47:30","6","1","0","5"
"4124574","5654","2974","5","2023-05-29 11:46:22","2","1","1","0"
"4124601","3657","2974","10","2023-11-17 14:42:40","12","3","5","4"
"4126167","7071","2974","10","","0","0","0","0"
"4127569","5699","2973","20","2024-01-21 14:22:54","8","3","2","3"
"4127646","6524","2973","6","2023-12-18 11:28:16","1","0","0","1"
"4128453","2968","2973","13","2023-04-27 08:31:17","8","8","0","0"
"4131590","3121","2972","20","2023-12-23 00:42:49","17","8","2","7"
"4131673","4560","2972","6","","0","0","0","0"
"4132144","4530","2972","13","2023-08-18 14:46:47","3","0","0","3"
"4135063","4363","2971","7","2023-04-11 03:32:14","1","1","0","0"
"4135670","7806","2970","5","","0","0","0","0"
"4137497","8210","2970","23","2023-10-09 10:18:13","5","2","0","3"
"4138919","7064","2970","20","2023-12-05 20:07:03","7","2","0","5"
"4139780","2457","2969","22","2023-12-11 01:46:20","7","4","1","2"
"4141049","6456","2969","5","2023-07-17 11:05:04","2","0","2","0"
"4142459","2122","2969","21","2024-01-19 18:44:31","2","0","0","2"
"4142480","3817","2969","21","","0","0","0","0"
"4143022","3784","2969","15","2024-01-29 19:55:40","16","4","4","8"
"4143312","3099","2969","77","2023-04-13 09:19:45","1","1","0","0"
"4145420","8759","2968","11","2024-01-24 18:10:57","11","1","3","7"
"4145941","3416","2968","27","","0","0","0","0"
"4146351","2760","2968","68","2024-01-20 21:23:53","7","3","0","4"
"4147181","2994","3065","6","2023-10-27 16:55:36","3","0","2","1"
"4148384","3457","2967","6","2023-07-13 12:17:15","4","1","3","0"
"4150337","2060","2967","9","2024-01-05 09:50:50","8","7","0","1"
"4151137","2119","2967","14","","0","0","0","0"
"4151175","2990","2967","25","2023-12-03 13:41:57","18","10","0","8"
"4151233","2904","2967","64","2024-01-30 21:36:54","83","35","15","33"
"4152976","3139","2966","12","2024-01-11 07:40:02","3","0","1","2"
"4152992","4682","2966","5","","0","0","0","0"
"4153863","2157","2966","16","2023-09-12 00:22:28","3","2","0","1"
"4154062","7948","2966","153","2023-11-01 17:31:57","45","15","22","8"
"4154375","8483","2966","112","2024-01-20 19:37:23","116","50","27","39"
"4157124","3004","2965","11","2023-09-26 22:32:36","6","0","3","3"
"4161385","2516","2963","5","2023-06-13 08:36:33","1","0","1","0"
"4161471","7676","2963","73","2023-08-11 14:18:53","19","11","7","1"
"4163254","6898","2963","5","2023-07-18 21:05:26","2","0","2","0"
"4163879","3946","2963","12","2023-07-14 22:32:38","2","0","2","0"
"4165552","9684","2962","30","2024-01-19 13:13:14","49","12","7","30"
"4166459","2664","2962","11","","0","0","0","0"
"4166522","9505","2962","16","2023-10-22 21:53:57","5","3","1","1"
"4168972","2838","2961","7","2024-01-15 11:31:12","4","0","2","2"
"4172685","6089","2960","12","2023-07-17 16:22:49","7","4","3","0"
"4174789","3945","2960","8","2023-06-25 07:50:09","2","0","2","0"
"4175515","3273","2960","5","2023-07-31 10:45:29","3","2","1","0"
"4175647","4320","2960","7","2023-10-30 14:39:32","1","0","0","1"
"4175822","2861","2960","17","2023-12-21 21:29:30","15","4","6","5"
"4177009","7107","2959","81","2024-01-10 13:49:10","27","14","3","10"
"4177828","3985","2959","227","2024-01-08 07:10:12","163","47","47","69"
"4177926","2281","2959","15","2023-05-16 18:00:49","14","13","1","0"
"4180276","2950","2958","6","2023-10-19 20:26:39","1","0","0","1"
"4181011","5740","2958","7","","0","0","0","0"
"4181222","2188","2958","15","2023-10-17 10:55:55","2","1","0","1"
"4182029","5194","2957","5","2023-02-08 15:50:47","1","1","0","0"
"4184203","2830","3010","16","2023-11-15 20:34:57","7","6","0","1"
"4185785","6342","2956","9","2023-09-06 08:07:49","2","1","0","1"
"4185994","3007","2956","17","2024-01-27 21:33:47","11","4","3","4"
"4186830","3696","2956","7","2023-07-28 15:09:34","7","4","3","0"
"4190402","7992","2955","18","2023-10-03 17:28:52","20","14","5","1"
"4190564","2478","2955","106","2024-01-30 03:08:22","35","17","1","17"
"4190565","4923","2955","34","","0","0","0","0"
"4190933","2766","2955","5","2023-06-21 21:04:08","2","1","1","0"
"4191716","5997","2955","5","2023-11-29 04:53:15","8","0","4","4"
"4192097","2344","2954","14","2023-11-25 03:44:28","6","3","2","1"
"4194079","6715","2954","23","2024-01-24 00:39:13","6","1","0","5"
"4194514","2440","2954","9","2023-05-30 20:26:57","2","0","2","0"
"4195981","4550","2954","6","2023-12-12 17:33:17","8","5","2","1"
"4197293","2585","2953","9","2023-12-23 18:23:27","1","0","0","1"
"4198099","6554","2953","5","2023-12-18 20:06:10","4","2","1","1"
"4198180","4106","2953","8","2024-01-25 07:50:47","11","2","6","3"
"4206951","3468","2950","7","2023-11-28 10:14:47","6","1","0","5"
"4207394","6448","2950","16","2023-11-30 11:04:00","2","1","0","1"
"4207704","3305","2950","28","2024-01-04 14:59:03","2","0","0","2"
"4208174","5998","2950","72","2024-01-25 22:49:50","102","37","39","26"
"4209657","4467","2949","27","2023-06-20 04:36:56","9","0","9","0"
"4211947","2873","2949","8","2024-01-24 18:02:45","11","6","3","2"
"4213662","8655","2948","62","2024-01-27 12:29:03","3","0","1","2"
"4213803","2724","2948","5","2023-12-05 22:42:47","4","2","0","2"
"4214241","7231","2948","9","2023-09-30 04:39:40","4","0","1","3"
"4215651","4458","2948","11","2023-08-23 07:44:53","3","1","1","1"
"4217232","3986","2947","6","2023-02-01 05:14:51","1","1","0","0"
"4217452","2915","2947","60","","0","0","0","0"
"4218046","2529","2947","13","","0","0","0","0"
"4218245","4228","2947","7","2023-05-11 06:38:50","2","1","1","0"
"4224575","5978","2946","5","2023-11-30 13:46:07","5","1","2","2"
"4224718","3843","2946","6","2023-05-31 14:39:07","1","0","1","0"
"4225229","9048","2945","28","","0","0","0","0"
"4225384","2992","2945","81","2024-01-16 06:37:17","28","20","5","3"
"4230093","2155","2944","13","","0","0","0","0"
"4230409","5792","2944","16","2024-01-30 10:38:38","3","1","0","2"
"4230970","2005","2944","6","2023-06-02 22:07:36","3","0","3","0"
"4233342","6221","2943","15","2023-11-20 15:15:22","11","2","7","2"
"4233951","4215","2942","6","2023-03-30 10:40:31","2","2","0","0"
"4235636","3348","2942","5","2023-02-23 15:48:38","1","1","0","0"
"4237254","2831","2942","13","2023-08-05 08:08:57","2","1","0","1"
"4237591","2231","2942","16","2023-04-19 15:41:47","2","2","0","0"
"4238323","3858","2941","7","2023-09-04 11:43:10","4","1","1","2"
"4240413","6039","2941","6","2023-11-05 17:52:33","2","1","0","1"
"4241624","6078","2941","8","2023-08-30 00:35:44","4","2","1","1"
"4241780","3973","2940","5","2023-10-30 23:51:38","6","1","3","2"
"4242086","7863","2940","13","2023-12-13 08:47:13","11","0","1","10"
"4242097","2450","2940","18","2023-10-23 05:36:28","1","0","0","1"
"4243635","3321","2940","10","2023-10-18 19:10:02","4","1","0","3"
"4243912","3749","2940","6","2023-02-20 11:19:32","1","1","0","0"
"4244684","2512","2940","5","2023-05-11 14:15:37","1","0","1","0"
"4245525","7949","2940","5","","0","0","0","0"
"4247268","3318","2939","7","2023-12-18 12:47:54","5","0","1","4"
"4247599","4365","2939","6","2024-01-13 15:41:05","2","1","0","1"
"4248842","4969","2939","200","2023-11-09 09:07:38","6","4","1","1"
"4251829","3019","2938","9","","0","0","0","0"
"4253183","4028","2938","5","2023-12-03 07:52:46","9","6","2","1"
"4254681","8964","2937","40","2023-06-26 03:12:57","16","10","6","0"
"4255107","5408","2937","6","","0","0","0","0"
"4255978","3044","2937","5","2024-01-16 10:13:50","1","0","0","1"
"4256260","3512","2937","15","","0","0","0","0"
"4256346","8287","2937","47","2023-10-05 22:19:15","6","4","1","1"
"4256419","4288","2937","20","2023-12-11 19:57:28","59","14","30","15"
"4256749","8460","2937","6","2023-04-10 00:52:13","1","1","0","0"
"4264864","5667","2934","8","2023-07-14 13:34:03","4","1","3","0"
"4267015","5747","2934","31","2023-12-19 07:24:55","5","3","0","2"
"4267439","2825","2934","17","2023-11-06 12:25:19","3","1","1","1"
"4269730","2606","2933","7","","0","0","0","0"
"4271375","3423","2933","5","2023-09-03 16:04:33","2","0","1","1"
"4272651","4766","2932","8","2023-12-11 15:39:12","5","1","2","2"
"4274933","4462","2932","22","2023-04-05 21:43:10","6","6","0","0"
"4275413","8394","2932","7","2023-11-23 17:37:52","7","1","1","5"
"4275660","6153","2932","26","2024-01-31 15:56:31","8","1","4","3"
"4276647","7576","2931","17","2024-01-27 02:19:46","41","0","25","16"
"4276951","2677","2931","24","2023-11-07 11:00:12","7","4","0","3"
"4279006","3502","2931","12","2023-09-02 23:01:06","4","2","1","1"
"4279704","3344","2931","7","2024-01-19 22:44:03","6","0","0","6"
"4280620","2072","2930","9","2023-12-14 17:01:20","4","2","0","2"
"4282026","4554","2930","24","2023-03-03 18:32:50","18","18","0","0"
"4282081","3228","2930","56","2024-01-15 20:26:51","8","2","0","6"
"4282847","6248","2930","76","2024-01-12 04:11:41","30","6","11","13"
"4287943","2110","2928","10","2023-12-12 23:09:49","5","0","0","5"
"4288506","7317","2928","78","2024-01-21 21:21:58","70","29","19","22"
"4290768","2765","2927","19","","0","0","0","0"
"4291272","4197","2927","8","2024-01-24 15:31:47","3","0","0","3"
"4294399","5140","2926","24","2023-10-24 13:51:04","1","0","0","1"
"4298200","6154","2925","10","2024-01-18 02:59:42","4","3","0","1"
"4298208","2640","2925","5","2023-02-09 19:58:01","1","1","0","0"
"4298218","2300","2925","7","2024-01-27 11:56:22","4","1","0","3"
"4299358","6478","2925","52","2024-01-25 15:32:04","23","7","3","13"
"4300608","5748","2925","18","2024-01-25 11:01:27","7","1","2","4"
"4301195","3563","2925","101","2023-08-26 06:42:25","69","56","3","10"
"4302070","6615","2924","5","2023-03-16 16:51:07","1","1","0","0"
"4303352","5470","2924","11","","0","0","0","0"
"4303758","2406","2924","27","","0","0","0","0"
"4305676","3422","2923","9","2023-11-07 01:19:54","9","2","6","1"
"4307534","2229","2923","12","2024-01-25 19:12:58","7","2","2","3"
"4308032","6423","2922","6","","0","0","0","0"
"4308286","4773","2922","18","2023-12-28 09:00:32","9","1","4","4"
"4308455","9493","2922","64","2024-01-23 12:56:06","147","51","45","51"
"4309038","2332","2922","5","2024-01-28 19:00:29","1","0","0","1"
"4311135","4708","2921","5","","0","0","0","0"
"4313775","2230","2920","8","2023-03-31 12:55:35","4","4","0","0"
"4314902","6128","2920","8","2023-10-11 09:19:54","4","0","3","1"
"4316405","6664","2920","8","2023-02-25 14:34:57","2","2","0","0"
"4316681","2840","2920","35","","0","0","0","0"
"4317297","5280","2920","29","2023-12-07 09:20:23","2","0","1","1"
"4317797","2274","2920","41","2023-06-15 10:57:20","6","5","1","0"
"4322318","5707","2919","13","","0","0","0","0"
"4322884","2188","2918","6","","0","0","0","0"
"4324496","2982","2918","12","2023-11-30 06:48:39","105","0","10","95"
"4326715","3785","2918","28","2023-12-31 05:59:32","7","3","1","3"
"4326922","5224","2917","30","","0","0","0","0"
"4327668","2523","2917","8","","0","0","0","0"
"4331637","7554","2916","18","2023-12-08 07:49:29","3","1","0","2"
"4331750","4001","2916","5","2023-10-24 15:13:51","5","2","0","3"
"4332316","5373","2916","6","2023-02-05 07:46:59","1","1","0","0"
"4332585","2385","2916","6","2023-04-28 13:56:26","1","1","0","0"
"4333490","4407","2915","6","","0","0","0","0"
"4334120","2553","2915","13","2023-11-11 00:05:40","7","2","2","3"
"4335168","2140","2915","5","","0","0","0","0"
"4335939","2983","2914","5","","0","0","0","0"
"4340578","6175","2913","7","2023-04-13 20:28:26","3","3","0","0"
"4341733","4118","2913","42","2023-02-02 16:57:38","2","2","0","0"
"4343332","5872","2913","5","2023-12-06 03:33:01","8","2","1","5"
"4346453","3384","2912","23","","0","0","0","0"
"4348570","2334","2911","10","2024-01-26 04:34:49","6","0","5","1"
"4348824","8003","2911","7","2023-02-24 20:54:36","8","8","0","0"
"4350586","3243","2911","6","2023-08-17 11:33:20","5","2","2","1"
"4353606","4540","2910","6","2023-06-27 11:18:20","2","1","1","0"
"4355695","6272","2910","8","2023-10-15 11:36:05","2","0","0","2"
"4356188","3018","2909","13","","0","0","0","0"
"4356299","4209","2909","8","2023-06-23 22:14:52","1","0","1","0"
"4357017","7815","2909","7","2023-02-20 19:30:54","2","2","0","0"
"4357650","6965","2909","73","2023-02-15 08:50:59","1","1","0","0"
"4358570","6518","2908","10","2024-01-13 20:50:57","5","1","1","3"
"4359029","7997","2908","6","2023-10-05 06:39:09","3","0","0","3"
"4359699","2265","2908","6","2023-12-24 02:54:53","8","1","1","6"
"4360419","3022","2908","5","","0","0","0","0"
"4360557","4988","2908","7","2023-04-19 15:50:27","3","3","0","0"
"4361999","4674","2907","56","2023-08-08 09:27:58","38","24","11","3"
"4364057","2884","2907","10","2023-08-08 21:04:13","8","3","1","4"
"4364635","2369","2906","16","2023-11-30 21:29:05","16","8","7","1"
"4366445","2245","2906","18","2023-07-18 02:19:37","2","1","1","0"
"4366470","2433","2906","7","","0","0","0","0"
"4370629","4081","2905","7","2023-09-14 13:25:45","1","0","0","1"
"4372452","3894","2904","20","2024-01-30 03:09:28","13","4","7","2"
"4373583","7032","2904","16","","0","0","0","0"
"4373661","2473","2904","156","2023-11-30 12:21:06","5","2","0","3"
"4375751","2056","2904","6","","0","0","0","0"
"4375983","2871","2904","14","2023-03-17 10:30:05","2","2","0","0"
"4376643","2698","2903","12","2023-12-10 23:03:31","31","3","14","14"
"4379130","2716","2903","5","2023-12-15 00:05:02","1","0","0","1"
"4381062","3135","2902","9","2023-08-25 14:36:27","2","0","1","1"
"4382305","2151","2901","24","","0","0","0","0"
"4383032","3582","2901","36","2023-02-07 11:05:07","1","1","0","0"
"4383512","6842","2901","5","","0","0","0","0"
"4384513","4989","2900","5","","0","0","0","0"
"4385647","3853","2900","37","2023-11-03 14:49:58","16","11","2","3"
"4385889","7585","2900","23","2024-01-10 23:49:42","7","3","0","4"
"4386643","2174","2900","6","2024-01-16 22:04:50","7","0","1","6"
"4389763","8968","2899","32","2024-01-19 09:51:01","13","1","1","11"
"4391743","9379","2898","22","2024-01-03 15:40:12","5","0","2","3"
"4393351","5072","2897","35","2023-12-07 13:24:22","30","5","4","21"
"4394120","4998","2897","32","2023-10-19 17:41:28","17","8","7","2"
"4396113","5123","2896","7","","0","0","0","0"
"4398005","2190","2895","9","2023-12-26 11:21:47","8","3","0","5"
"4399576","2539","2894","9","2024-01-27 21:56:58","2","0","0","2"
"4400060","7445","2894","28","2023-10-25 14:39:15","3","1","0","2"
"4401349","3009","2893","7","2023-05-23 05:55:35","1","0","1","0"
"4402431","2625","2893","6","2024-01-16 13:12:22","3","0","0","3"
"4406793","5543","2892","17","2023-11-17 17:44:14","4","1","2","1"
"4406995","3016","2891","12","2023-07-03 04:23:07","2","0","2","0"
"4407063","2014","2891","6","2023-11-10 03:11:55","6","2","1","3"
"4407597","2729","2891","5","","0","0","0","0"
"4408364","4168","2891","6","2023-08-08 18:15:39","2","0","1","1"
"4408538","7643","2891","7","2023-11-24 02:50:09","8","5","0","3"
"4410674","3200","2890","66","","0","0","0","0"
"4412032","9480","2889","199","2024-01-31 11:28:08","263","89","79","95"
"4412979","2568","2889","6","2023-12-30 11:51:12","15","2","7","6"
"4415493","8865","2888","12","2023-07-19 17:20:30","1","0","1","0"
"4415625","9054","2888","165","2023-11-28 15:42:05","5","0","0","5"
"4417567","2273","2887","51","","0","0","0","0"
"4419695","2361","2886","7","2023-03-02 11:58:28","1","1","0","0"
"4420355","7594","2886","6","2023-11-07 15:05:39","4","2","1","1"
"4420532","4645","2886","8","2023-11-02 19:18:29","3","1","1","1"
"4420543","3705","2886","5","2023-02-08 13:27:01","1","1","0","0"
"4420649","2383","2886","24","2024-01-28 14:30:42","20","4","4","12"
"4420797","2974","2886","6","2023-12-11 08:12:32","15","14","0","1"
"4421870","7322","2886","10","2024-01-06 22:39:17","7","1","0","6"
"4421944","2454","2886","15","2023-06-04 23:20:44","5","4","1","0"
"4422957","3923","2885","11","2024-01-05 21:36:13","5","1","0","4"
"4424024","5753","2885","14","2023-08-03 16:05:01","3","1","1","1"
"4424657","4784","2885","6","2024-01-18 18:36:51","3","0","1","2"
"4425643","2207","2885","20","2023-10-05 23:38:16","14","0","0","14"
"4426072","6325","2884","22","2023-08-10 18:19:23","7","4","1","2"
"4426075","4322","2884","6","2023-03-04 00:08:42","1","1","0","0"
"4427457","3715","2884","9","2024-01-22 14:49:52","4","1","0","3"
"4428236","3982","2884","13","2023-08-23 12:45:11","3","1","0","2"
"4432541","2091","2883","15","","0","0","0","0"
"4432648","6212","2883","25","2023-07-21 09:01:25","4","3","1","0"
"4432671","3737","2883","8","2023-03-10 17:21:37","1","1","0","0"
"4433536","2599","2883","16","2023-12-04 08:36:48","14","1","1","12"
"4434072","5064","2883","10","2024-01-05 13:37:22","12","6","2","4"
"4438061","5156","2882","5","2023-03-30 15:29:40","1","1","0","0"
"4438168","3714","2882","23","2024-01-20 23:36:18","18","7","0","11"
"4441404","5200","2880","10","2023-02-02 13:54:45","2","2","0","0"
"4441547","4412","2880","5","2023-07-19 23:52:17","1","0","1","0"
"4442337","2219","2880","7","2023-10-26 08:08:43","9","3","4","2"
"4445625","2377","2879","38","2023-08-21 09:29:51","5","0","2","3"
"4448195","3402","2878","31","2024-01-30 07:31:05","23","10","3","10"
"4448416","3837","2878","24","2024-01-04 19:50:36","6","0","5","1"
"4449862","4440","2878","6","","0","0","0","0"
"4450090","2738","2878","21","2023-09-27 09:57:09","3","2","0","1"
"4452222","5891","2877","9","","0","0","0","0"
"4452265","8381","2877","56","2023-12-04 09:55:53","45","23","19","3"
"4452289","3003","2877","6","","0","0","0","0"
"4453351","2343","2877","6","","0","0","0","0"
"4454732","6492","2877","23","2023-11-17 19:08:16","10","3","3","4"
"4458369","3148","2876","139","2023-08-04 17:38:31","14","0","6","8"
"4458510","5321","2876","7","2023-07-20 03:24:56","5","0","5","0"
"4458531","2478","2876","16","2023-10-12 19:12:01","1","0","0","1"
"4461271","4188","2875","12","","0","0","0","0"
"4461537","7308","2875","5","2023-10-11 20:07:14","14","9","4","1"
"4463445","3121","2875","5","","0","0","0","0"
"4465464","2539","2874","6","","0","0","0","0"
"4466962","2567","2873","5","","0","0","0","0"
"4467670","3806","2873","6","2024-01-17 17:48:11","48","34","11","3"
"4467741","6037","2873","10","2024-01-24 00:19:02","8","0","5","3"
"4468423","2674","2872","11","2024-01-03 15:00:39","3","0","1","2"
"4470126","3211","2872","8","2023-09-13 06:20:33","2","1","0","1"
"4470964","2694","2872","22","","0","0","0","0"
"4472048","4245","2871","6","2024-01-02 22:09:01","3","1","1","1"
"4472932","3342","2871","25","2023-10-04 06:49:55","96","55","9","32"
"4473386","3711","2871","6","2023-04-25 13:07:56","1","1","0","0"
"4473406","4583","2871","27","2024-01-17 13:46:21","27","2","11","14"
"4473615","5251","2871","10","2024-01-31 13:54:47","20","5","1","14"
"4474869","3313","2871","19","2024-01-26 13:23:53","63","32","14","17"
"4475206","4088","2871","7","2023-12-21 12:00:17","3","2","0","1"
"4475952","4135","2871","9","2023-04-24 19:11:02","1","1","0","0"
"4476484","2807","2870","17","2023-12-05 16:08:41","38","31","2","5"
"4477336","6285","2870","5","2024-01-31 09:40:13","7","0","0","7"
"4479004","4030","2870","5","2023-08-22 16:37:21","4","3","0","1"
"4480394","2523","2870","8","","0","0","0","0"
"4481312","6586","2869","10","2023-04-16 09:41:47","5","5","0","0"
"4484994","2034","2868","13","","0","0","0","0"
"4487790","2131","2868","6","","0","0","0","0"
"4487858","7770","2868","14","","0","0","0","0"
"4488332","3352","2868","6","2023-10-30 22:01:30","1","0","0","1"
"4489164","4094","2867","18","2023-07-11 03:19:18","14","9","5","0"
"4489263","2165","3573","36","2023-10-05 18:37:01","7","3","2","2"
"4491743","5969","2866","10","2023-11-30 09:25:45","4","3","0","1"
"4491768","3056","2866","20","2023-04-20 14:12:32","1","1","0","0"
"4494515","2996","2865","8","2023-11-10 15:29:42","4","0","1","3"
"4494577","5296","2865","10","","0","0","0","0"
"4496560","2110","2865","14","","0","0","0","0"
"4500798","2956","2864","5","2023-10-17 07:42:47","2","1","0","1"
"4501068","3060","2863","7","","0","0","0","0"
"4501354","9678","2863","31","2024-01-28 20:47:57","26","11","6","9"
"4503373","4325","2863","6","2023-11-30 15:18:44","9","2","2","5"
"4503491","2654","2863","5","2024-01-08 10:31:33","6","0","1","5"
"4505749","2114","2862","5","2023-09-08 13:36:34","1","0","0","1"
"4506678","5785","2862","12","2023-12-09 07:47:14","4","1","1","2"
"4507580","3722","2862","6","","0","0","0","0"
"4508758","5591","2862","9","2023-12-08 13:44:30","12","1","1","10"
"4512005","4800","2861","16","2023-11-12 12:42:28","8","0","3","5"
"4516027","5843","2859","273","","0","0","0","0"
"4522512","3117","2857","8","","0","0","0","0"
"4522780","9350","2857","16","2023-02-08 18:48:47","1","1","0","0"
"4523896","4096","2857","21","2023-11-07 16:21:24","5","0","2","3"
"4526012","3088","2857","64","2023-12-21 14:53:24","3","0","0","3"
"4526479","3740","2856","9","2023-04-21 14:12:52","1","1","0","0"
"4527645","2114","2856","109","","0","0","0","0"
"4527878","4373","2856","8","2023-12-20 11:50:42","2","0","1","1"
"4528159","8073","2856","8","2023-10-26 06:22:08","8","0","2","6"
"4529168","3777","2856","28","","0","0","0","0"
"4529555","2343","2856","57","2024-01-20 13:35:09","46","42","1","3"
"4530440","5604","2856","7","2024-01-23 13:53:26","3","2","0","1"
"4536543","4218","2854","12","2023-11-23 22:26:24","13","6","3","4"
"4536811","4608","2854","5","","0","0","0","0"
"4537906","3491","2854","7","2024-01-17 13:30:11","3","2","0","1"
"4540020","9348","2853","15","2023-11-05 08:51:13","4","0","1","3"
"4541097","2047","2853","5","2024-01-01 06:56:18","4","1","0","3"
"4541731","2493","2853","21","2023-09-12 09:28:36","3","1","1","1"
"4546511","2890","2851","10","2023-08-11 14:23:40","3","1","1","1"
"4549220","2793","2850","5","","0","0","0","0"
"4550158","4920","2850","47","2024-01-12 08:36:33","30","11","7","12"
"4551984","3976","2850","5","2023-06-28 12:35:26","1","0","1","0"
"4552651","3263","2850","6","2023-09-22 05:59:42","1","0","0","1"
"4552819","2047","2849","11","","0","0","0","0"
"4552842","3395","2849","7","2023-02-27 14:04:19","2","2","0","0"
"4556479","3611","2849","8","2024-01-16 07:22:03","11","2","2","7"
"4557899","2125","2848","19","2023-03-13 02:41:30","2","2","0","0"
"4560509","2907","2848","14","","0","0","0","0"
"4565439","2054","2847","22","2023-11-27 15:28:17","8","3","1","4"
"4566480","6997","2846","8","2023-12-22 15:01:46","8","4","1","3"
"4566794","6024","2846","11","","0","0","0","0"
"4567755","2978","2845","6","2023-05-02 13:54:36","7","6","1","0"
"4568320","8947","2845","13","2023-09-07 12:57:50","10","3","6","1"
"4569045","5649","2845","6","2023-08-20 18:56:14","3","1","0","2"
"4570466","2536","2844","5","2023-08-18 06:20:26","1","0","0","1"
"4571544","7774","2844","90","2023-09-21 17:43:04","15","9","0","6"
"4572068","2580","2844","13","2023-11-30 18:16:18","1","0","0","1"
"4572396","3686","2844","20","2024-01-12 12:02:00","5","0","2","3"
"4573108","6143","2844","11","2023-10-17 04:05:16","8","4","3","1"
"4573839","7313","2843","12","2023-07-12 05:00:26","15","7","8","0"
"4574633","5384","2843","65","","0","0","0","0"
"4575172","2039","2843","13","2023-11-14 08:20:30","3","1","1","1"
"4575331","5428","2843","23","2023-11-12 10:27:57","7","0","2","5"
"4576519","6844","2843","6","2023-07-17 13:34:23","27","2","25","0"
"4581336","4252","2842","17","2023-09-01 13:12:11","6","0","4","2"
"4581384","2597","2842","5","","0","0","0","0"
"4582132","6426","2841","38","2023-05-17 03:10:16","2","1","1","0"
"4582273","5578","2841","6","","0","0","0","0"
"4582948","2433","2841","12","2024-01-16 16:08:44","13","5","1","7"
"4583620","3564","2841","29","2023-10-30 13:46:46","14","3","3","8"
"4583726","4493","2841","49","2024-01-25 09:53:20","22","9","7","6"
"4584212","4058","2841","10","2023-10-27 00:50:33","3","2","0","1"
"4585457","2845","2841","6","","0","0","0","0"
"4588756","3123","2840","7","","0","0","0","0"
"4589618","3473","2840","14","2023-10-17 10:19:30","8","4","0","4"
"4589729","2079","2840","12","2024-01-08 09:51:51","7","3","1","3"
"4590057","2312","2840","6","","0","0","0","0"
"4590385","4122","2839","5","2023-12-22 14:56:27","17","5","7","5"
"4592796","2069","2838","6","","0","0","0","0"
"4593315","5794","2838","30","","0","0","0","0"
"4593376","8839","2838","6","2024-01-23 15:34:38","12","7","1","4"
"4593433","8948","2838","29","2024-01-21 18:12:01","40","10","14","16"
"4601890","4206","2836","41","2024-01-29 11:17:10","37","13","8","16"
"4602592","3129","2836","10","2023-06-04 10:30:11","1","0","1","0"
"4603507","2511","2836","15","2023-03-17 20:53:24","1","1","0","0"
"4604645","6445","2835","106","2023-12-07 02:18:15","24","0","3","21"
"4605105","7780","2835","65","2023-09-26 16:45:23","10","3","6","1"
"4607733","7909","2835","20","2023-12-07 09:56:11","37","3","22","12"
"4608364","2196","2834","11","","0","0","0","0"
"4610514","2752","2834","19","2023-08-02 14:07:53","1","0","0","1"
"4610740","6458","2834","13","2023-11-07 06:44:52","1","0","0","1"
"4612476","7590","2834","10","2023-07-06 22:14:24","4","3","1","0"
"4612653","2049","2833","5","2023-05-04 00:17:43","2","1","1","0"
"4613236","4256","2833","7","","0","0","0","0"
"4614419","2633","2833","14","2024-01-24 07:36:30","9","3","2","4"
"4615178","5698","2833","5","2023-03-08 23:29:00","2","2","0","0"
"4615179","4444","2833","7","2023-07-11 00:29:19","3","0","3","0"
"4615540","7653","2833","20","","0","0","0","0"
"4617121","3392","2832","62","2024-01-18 13:31:56","1","0","0","1"
"4619784","2975","2831","5","2023-12-24 07:24:01","8","4","0","4"
"4620822","5436","2831","15","2023-05-10 10:38:46","3","2","1","0"
"4622065","2394","2830","19","2023-12-21 04:59:21","4","0","0","4"
"4623495","4200","2830","16","","0","0","0","0"
"4623526","6260","2830","6","","0","0","0","0"
"4625475","2396","2830","9","2023-12-04 11:39:52","3","1","1","1"
"4625526","6104","2830","15","","0","0","0","0"
"4626254","5294","2829","5","2023-09-17 12:37:00","2","0","0","2"
"4629442","4525","2829","5","2023-10-13 21:55:17","1","0","0","1"
"4629491","3108","2829","14","2023-12-18 21:44:45","3","1","1","1"
"4629950","5174","2829","5","2023-08-02 12:41:48","3","0","2","1"
"4630325","4889","2828","38","2023-05-28 19:27:31","6","3","3","0"
"4632627","6857","2828","14","2023-08-29 22:26:27","2","1","0","1"
"4633197","4727","2828","16","2023-07-21 13:56:15","3","2","1","0"
"4635080","4393","2827","7","2023-06-29 04:15:55","1","0","1","0"
"4635560","3319","2827","5","2023-10-20 03:24:10","2","1","0","1"
"4637638","3455","2827","8","","0","0","0","0"
"4639894","4787","2826","115","2023-12-20 10:55:29","57","15","30","12"
"4640346","3762","2826","19","2023-12-03 20:51:38","14","5","4","5"
"4641116","5530","2826","30","2024-01-18 00:18:55","18","7","4","7"
"4641455","5197","2826","12","2023-10-30 18:53:08","6","0","0","6"
"4641680","5472","2826","63","2024-01-20 22:07:12","13","2","2","9"
"4641928","6068","2826","98","","0","0","0","0"
"4642485","8267","2826","11","","0","0","0","0"
"4644332","2290","2825","5","","0","0","0","0"
"4644908","2408","2825","6","2023-08-23 15:29:40","2","0","0","2"
"4645291","7759","2825","42","2023-09-25 17:59:52","10","1","0","9"
"4650866","3314","2823","6","2023-09-08 17:30:49","4","1","1","2"
"4650934","3326","2823","12","2023-08-28 13:07:47","3","0","1","2"
"4650975","5263","2823","10","2023-11-30 17:38:44","5","3","0","2"
"4652201","2521","2822","7","","0","0","0","0"
"4653172","7097","2822","41","2024-01-24 22:04:13","40","14","11","15"
"4653517","3163","2822","15","2023-12-20 09:30:28","8","2","0","6"
"4654120","2109","2822","8","","0","0","0","0"
"4654233","2258","2822","19","2023-12-14 09:40:29","31","12","4","15"
"4654957","6085","2822","6","2023-11-06 10:51:24","9","5","0","4"
"4655217","2432","2822","12","","0","0","0","0"
"4655324","3498","2822","18","","0","0","0","0"
"4655830","3948","2822","7","2023-06-30 22:17:12","1","0","1","0"
"4656601","2776","2821","46","2023-12-01 18:17:40","17","3","5","9"
"4657053","2206","2821","16","2024-01-30 14:55:53","1","0","0","1"
"4659530","2405","2821","38","","0","0","0","0"
"4660481","4932","2821","6","2024-01-09 07:24:20","3","0","0","3"
"4661771","6335","2820","23","","0","0","0","0"
"4664094","4768","2820","13","2023-06-22 10:30:53","1","0","1","0"
"4668136","4919","2819","6","2023-09-03 08:59:31","2","1","0","1"
"4669135","4386","2819","24","2024-01-03 16:39:23","14","4","4","6"
"4669748","9241","2818","59","2024-01-09 15:29:22","17","4","0","13"
"4670639","3899","2818","6","2023-06-15 19:23:28","1","0","1","0"
"4671717","3890","2818","9","","0","0","0","0"
"4672460","7016","2817","8","2024-01-29 08:56:12","185","3","51","131"
"4672474","3314","2817","21","2023-12-24 03:34:36","6","4","0","2"
"4674760","2599","2816","16","2023-10-16 23:13:31","3","2","0","1"
"4676560","3407","2816","40","2024-01-23 12:00:39","23","3","9","11"
"4679143","4686","2815","5","","0","0","0","0"
"4679505","2266","2815","5","","0","0","0","0"
"4681060","6435","2815","22","2023-04-12 21:54:22","4","4","0","0"
"4681265","3811","2815","14","2023-10-25 13:09:54","6","3","1","2"
"4682839","2106","2815","11","2023-03-23 02:59:30","1","1","0","0"
"4684597","2362","2814","11","2023-07-17 11:42:12","5","4","1","0"
"4685664","2427","2814","13","2023-09-11 00:02:08","1","0","0","1"
"4687048","2892","2814","11","2023-02-03 09:09:57","1","1","0","0"
"4687633","7381","2814","12","2023-11-07 22:10:36","10","4","2","4"
"4687844","4514","2813","5","2024-01-24 05:41:24","1","0","0","1"
"4688321","4843","2813","52","2024-01-10 08:27:13","47","27","0","20"
"4689036","4833","2813","109","2023-12-28 20:22:26","47","11","12","24"
"4689391","3157","2813","5","2023-09-04 08:45:12","1","0","0","1"
"4691224","6827","2813","20","2023-11-23 10:32:11","16","9","3","4"
"4691830","4163","2813","28","2024-01-29 11:45:07","17","8","5","4"
"4694757","4188","2812","27","2024-01-04 06:42:13","14","0","9","5"
"4696015","2084","2812","47","2023-09-27 16:28:01","1","0","0","1"
"4697273","2871","2811","33","","0","0","0","0"
"4698227","2608","2811","83","2024-01-26 22:50:14","25","11","2","12"
"4698501","2689","2811","11","2023-05-03 18:09:17","1","0","1","0"
"4700327","3706","2810","40","2023-06-13 20:18:51","4","1","3","0"
"4700841","5048","2810","16","2023-10-31 11:23:11","11","5","4","2"
"4705262","8643","2809","11","2023-11-15 15:30:49","12","2","3","7"
"4707703","6943","2808","11","2024-01-22 11:58:55","1","0","0","1"
"4708150","3852","2808","23","2024-01-31 20:27:09","13","5","4","4"
"4709400","5692","2808","14","","0","0","0","0"
"4711030","2737","2807","7","2023-09-08 16:59:41","3","1","1","1"
"4711754","8211","2807","52","2024-01-23 08:18:16","39","17","4","18"
"4717427","6620","2806","12","","0","0","0","0"
"4717533","6920","2806","5","2023-06-23 10:06:19","2","0","2","0"
"4717755","8597","2806","45","2023-12-05 15:35:26","13","1","2","10"
"4718406","6055","2806","8","2023-12-07 19:10:38","11","3","1","7"
"4718434","8341","2806","11","","0","0","0","0"
"4721232","2233","2805","6","","0","0","0","0"
"4721265","2142","2805","12","2023-12-04 13:20:36","5","0","2","3"
"4721734","2365","2805","5","2024-01-29 13:15:36","11","2","0","9"
"4721937","2985","2805","5","2023-08-28 13:49:14","1","0","0","1"
"4722577","3302","2805","5","2023-12-21 15:26:14","14","1","6","7"
"4723732","8354","2804","19","2023-09-17 08:27:19","20","5","11","4"
"4725074","5892","2804","19","2024-01-29 11:35:58","13","4","1","8"
"4725875","9192","2803","159","2024-01-30 06:55:04","53","17","3","33"
"4727717","4233","2803","13","2023-10-06 10:20:22","6","3","0","3"
"4728060","6443","2802","10","2024-01-03 07:47:24","7","1","2","4"
"4728913","3756","2802","25","2023-03-15 14:25:08","4","4","0","0"
"4729721","8289","2802","19","2023-12-14 15:00:45","2","0","0","2"
"4729822","2752","2802","23","2024-01-25 13:01:36","5","2","1","2"
"4732620","2685","2801","5","2023-11-27 18:56:33","7","3","0","4"
"4733161","6917","2801","48","2023-12-18 15:55:02","8","4","0","4"
"4734673","5111","2801","6","2023-12-10 19:52:24","2","1","0","1"
"4735043","2212","2801","24","2023-11-10 20:55:26","7","0","1","6"
"4736703","2095","2800","5","","0","0","0","0"
"4737924","4002","2800","9","","0","0","0","0"
"4739488","7191","2800","60","2024-01-11 21:58:50","26","8","9","9"
"4739687","3817","2800","27","2024-01-22 20:47:18","3","0","0","3"
"4740921","3535","2799","7","2023-02-08 17:05:59","1","1","0","0"
"4741746","3855","2799","12","","0","0","0","0"
"4742570","3037","2799","22","","0","0","0","0"
"4742889","4212","2799","14","2023-10-31 15:22:38","3","1","0","2"
"4743096","2361","2799","13","","0","0","0","0"
"4743275","5367","2799","6","2023-07-12 16:45:39","4","1","3","0"
"4743730","2675","2799","5","2023-11-12 14:57:53","2","1","0","1"
"4745529","7207","2798","81","2023-10-15 14:01:33","12","9","2","1"
"4747043","3078","2798","10","2023-11-28 15:04:32","1","0","0","1"
"4749264","7147","2797","8","","0","0","0","0"
"4751073","2053","2796","7","2023-12-09 19:26:54","3","1","0","2"
"4752223","2966","2796","42","2024-01-25 20:14:23","3","1","1","1"
"4755075","2439","2795","5","2023-10-09 19:14:42","13","7","5","1"
"4756173","7903","2795","16","2024-01-13 15:00:24","12","6","0","6"
"4759176","5261","2794","10","2023-12-30 10:20:16","11","5","5","1"
"4759433","7366","2794","47","2023-12-29 20:08:02","72","26","23","23"
"4759619","2914","2794","5","2023-02-05 07:55:59","1","1","0","0"
"4759726","5505","2794","9","2023-10-12 16:35:35","7","1","1","5"
"4763053","2334","2793","5","","0","0","0","0"
"4763270","2682","2793","11","","0","0","0","0"
"4767343","8184","2792","10","2023-03-20 12:59:57","1","1","0","0"
"4768820","2813","2792","6","","0","0","0","0"
"4769440","3142","2792","5","","0","0","0","0"
"4771277","2531","2792","7","2023-11-15 12:42:54","1","0","0","1"
"4773610","3887","2791","87","","0","0","0","0"
"4774045","6094","2791","54","2023-06-19 15:12:51","1","0","1","0"
"4775350","7902","2791","10","","0","0","0","0"
"4775645","9135","2791","16","2023-05-02 23:41:49","2","1","1","0"
"4777670","3720","2790","5","","0","0","0","0"
"4778545","7275","2789","6","2023-08-19 06:14:58","1","0","0","1"
"4779472","4287","2789","141","2023-07-19 13:43:20","15","11","4","0"
"4779904","8551","2789","6","","0","0","0","0"
"4781067","9961","2788","7","2024-01-09 19:21:36","5","1","2","2"
"4781312","3391","2788","12","","0","0","0","0"
"4781940","2588","2788","15","2023-08-28 13:55:58","8","6","1","1"
"4782169","8246","2788","28","","0","0","0","0"
"4785110","9637","2788","33","2023-12-11 12:37:34","8","6","0","2"
"4785859","4404","2787","6","","0","0","0","0"
"4786273","3255","2787","12","2023-11-30 08:58:11","25","2","20","3"
"4786466","7347","2787","243","2023-05-29 11:37:40","39","35","4","0"
"4786620","6320","2787","23","","0","0","0","0"
"4790497","2620","2786","5","","0","0","0","0"
"4793951","4697","2786","7","2023-06-20 17:18:57","2","0","2","0"
"4796214","3147","2785","7","2024-01-23 12:23:05","8","3","0","5"
"4800789","3824","2784","76","2023-07-24 19:05:34","2","1","1","0"
"4801289","4547","2784","5","2023-04-06 13:27:26","1","1","0","0"
"4802021","5467","2784","6","2024-01-16 09:13:20","6","0","2","4"
"4802259","2904","2784","9","2023-09-27 00:26:47","4","3","0","1"
"4803842","7275","2783","28","2023-12-25 14:41:17","7","0","4","3"
"4804091","2919","2783","37","2024-01-22 08:30:57","22","8","10","4"
"4807532","3480","2782","6","2023-02-23 11:31:25","3","3","0","0"
"4807875","2648","2782","5","2024-01-09 16:27:00","1","0","0","1"
"4810109","3468","2781","9","2023-07-04 08:30:11","1","0","1","0"
"4811873","9073","2781","11","","0","0","0","0"
"4814891","3122","2780","7","2024-01-06 12:39:09","3","0","1","2"
"4816918","2510","2780","5","2023-05-23 13:48:03","3","0","3","0"
"4818212","2249","2779","9","2023-03-09 17:05:22","1","1","0","0"
"4818540","2423","2908","42","2023-10-16 20:27:31","4","0","3","1"
"4821142","6721","2779","16","2024-01-30 18:14:39","192","0","57","135"
"4821621","6465","2779","5","2023-07-11 08:14:07","61","53","8","0"
"4823604","2588","2778","16","2023-04-02 06:38:22","1","1","0","0"
"4823653","2117","2778","16","2023-12-07 11:54:50","2","1","0","1"
"4828060","7328","2777","11","2023-07-07 09:24:34","3","0","3","0"
"4828524","4878","2777","40","2024-01-29 05:39:46","8","7","0","1"
"4829177","3338","2777","17","2024-01-24 16:18:30","5","3","0","2"
"4829704","2001","2777","5","2023-12-07 10:30:16","4","1","0","3"
"4829725","2582","2777","60","","0","0","0","0"
"4831083","3593","2776","12","2023-12-27 19:49:53","1","0","0","1"
"4831427","3822","2776","30","2023-10-17 13:29:09","31","23","6","2"
"4831822","5444","2776","11","2023-04-05 11:09:02","4","4","0","0"
"4831923","2369","2776","6","2023-11-17 05:18:18","3","0","1","2"
"4832634","4256","2776","6","2023-09-30 07:32:04","8","1","3","4"
"4834103","3956","2775","6","2023-05-23 21:16:57","1","0","1","0"
"4834117","5112","2775","5","2023-12-19 15:32:08","4","1","1","2"
"4834431","5934","2775","40","2024-01-20 11:50:30","34","15","5","14"
"4835122","2619","2775","9","","0","0","0","0"
"4838205","8604","2774","14","2023-03-06 20:04:16","3","3","0","0"
"4838216","2346","2774","5","2023-07-31 19:54:19","1","0","1","0"
"4840338","6373","2773","33","2023-11-06 07:09:38","3","1","1","1"
"4840661","2986","2773","8","2023-12-15 09:26:02","5","1","0","4"
"4841248","2473","2773","5","2024-01-04 15:13:58","2","1","0","1"
"4843624","3996","2773","8","","0","0","0","0"
"4845566","7755","2772","6","","0","0","0","0"
"4845808","5428","2772","5","","0","0","0","0"
"4846859","4674","2772","7","2023-08-15 15:26:35","3","0","2","1"
"4847250","5207","2772","67","2023-06-23 13:07:45","2","1","1","0"
"4847251","3487","2772","8","2023-12-22 13:38:06","1","0","0","1"
"4850431","3418","2771","13","2024-01-24 09:01:23","41","20","4","17"
"4850553","4095","2771","6","","0","0","0","0"
"4850646","8343","2771","10","2024-01-04 17:14:34","14","2","3","9"
"4850949","4570","2771","26","2024-01-31 20:34:57","20","9","4","7"
"4854821","3116","2770","77","2023-05-19 01:23:14","12","6","6","0"
"4854931","3324","2770","7","2023-07-31 18:48:54","1","0","1","0"
"4856020","4716","2769","6","2023-04-24 21:17:13","4","4","0","0"
"4856814","3952","2769","8","2023-10-14 03:02:54","3","0","0","3"
"4858133","4274","2769","14","2023-12-13 10:48:44","8","2","0","6"
"4859885","4416","2768","7","2023-03-08 00:47:19","1","1","0","0"
"4861760","5682","2767","51","2024-01-25 14:06:08","57","32","18","7"
"4862133","7909","2767","13","","0","0","0","0"
"4862564","3875","2767","5","","0","0","0","0"
"4862911","4127","2767","17","2023-04-27 14:48:16","6","6","0","0"
"4870785","7010","2765","59","2024-01-19 20:51:48","45","36","4","5"
"4870915","2080","2765","7","2023-08-18 15:12:02","10","1","7","2"
"4871001","2056","2765","7","2023-02-23 19:58:46","3","3","0","0"
"4871247","2949","2765","9","2023-10-30 22:06:43","7","1","1","5"
"4873972","7380","2764","6","","0","0","0","0"
"4876561","7379","2764","11","2023-07-05 14:28:18","31","24","7","0"
"4878848","3076","2763","12","2024-01-12 09:54:33","3","0","0","3"
"4878850","6078","2763","8","","0","0","0","0"
"4880379","2468","2763","8","2023-10-07 23:54:47","1","0","0","1"
"4882692","8765","2762","218","2024-01-18 23:40:22","4","3","0","1"
"4882696","2330","2762","10","2024-01-30 22:43:30","7","3","0","4"
"4883754","3835","2761","19","2023-12-18 06:02:49","6","3","2","1"
"4884334","5723","2761","15","","0","0","0","0"
"4885169","3100","2761","74","","0","0","0","0"
"4885321","4419","2761","49","2023-10-23 15:56:06","31","10","10","11"
"4885784","9915","3316","8","","0","0","0","0"
"4886202","2750","2760","19","2024-01-24 02:58:34","7","1","0","6"
"4886722","3346","2760","26","2023-05-14 15:10:31","1","0","1","0"
"4887423","8383","2760","13","2023-09-20 01:54:25","6","4","1","1"
"4891717","9762","2759","6","","0","0","0","0"
"4891815","3362","2759","144","2023-07-24 14:41:06","4","3","1","0"
"4891904","2203","2759","5","2023-12-16 08:59:41","4","0","1","3"
"4893747","8221","2758","5","2024-01-17 22:55:43","17","7","4","6"
"4895359","4383","2758","5","2024-01-25 10:34:47","8","0","0","8"
"4896468","2802","2758","24","2024-01-29 18:52:42","17","9","7","1"
"4896852","2429","2758","12","2023-10-03 17:04:44","1","0","0","1"
"4898562","2904","2757","7","2023-09-02 10:21:47","3","1","1","1"
"4902099","4455","2756","37","2024-01-31 02:02:02","27","11","6","10"
"4906130","2058","2755","8","2023-04-07 08:26:13","1","1","0","0"
"4908847","2425","2754","45","2023-03-13 16:44:55","4","4","0","0"
"4908900","3761","2754","32","","0","0","0","0"
"4909228","3480","2754","6","2023-12-24 22:20:13","2","1","0","1"
"4911665","5521","2753","11","2023-12-21 22:16:16","4","2","1","1"
"4911775","3394","2753","6","2023-08-04 18:34:48","2","1","0","1"
"4912080","3195","2753","24","2024-01-14 04:34:32","30","11","11","8"
"4912329","8501","2753","25","2023-04-13 12:54:04","1","1","0","0"
"4913153","4390","2753","7","","0","0","0","0"
"4913276","2026","2753","13","2023-09-01 18:55:31","6","1","2","3"
"4915707","5527","2752","22","2023-02-09 05:58:11","1","1","0","0"
"4916868","2793","2752","7","2024-01-12 10:46:10","19","7","0","12"
"4919526","5749","2751","97","2024-01-31 12:53:23","30","3","20","7"
"4921317","2673","2751","6","2023-10-13 14:45:11","3","0","1","2"
"4925548","3441","2750","52","2023-08-22 15:32:39","8","7","0","1"
"4926605","9870","2750","7","","0","0","0","0"
"4927236","2393","2749","6","2024-01-22 02:53:09","7","1","2","4"
"4929295","2001","2749","5","","0","0","0","0"
"4930913","3211","2748","35","2024-01-18 16:22:19","11","2","0","9"
"4931630","4694","2748","17","2023-11-28 19:43:31","13","6","5","2"
"4934150","5575","2747","6","2023-03-07 17:38:43","2","2","0","0"
"4934446","7068","2747","16","2023-06-02 06:29:59","3","2","1","0"
"4934640","9661","2747","13","2023-12-29 14:30:02","1","0","0","1"
"4934937","6808","2747","17","2024-01-08 16:08:59","5","2","1","2"
"4935140","2162","2747","9","","0","0","0","0"
"4937475","2343","2746","5","","0","0","0","0"
"4940126","2543","2745","5","2024-01-31 11:31:40","31","12","10","9"
"4945535","8260","2744","6","","0","0","0","0"
"4946896","7352","2743","5","2024-01-18 12:41:37","3","0","1","2"
"4947644","4161","2743","15","2023-11-07 06:10:43","9","3","0","6"
"4948483","5096","2743","6","2023-11-20 04:39:53","5","0","0","5"
"4948798","2198","2743","11","","0","0","0","0"
"4951187","2911","2743","10","2024-01-11 15:44:05","11","2","2","7"
"4952537","2081","2742","5","","0","0","0","0"
"4952549","2092","2742","98","2023-03-22 14:26:33","6","6","0","0"
"4955498","8530","2741","14","2023-10-24 19:47:57","1","0","0","1"
"4956078","2096","2741","13","2023-11-21 19:53:55","9","0","0","9"
"4956336","5541","2741","102","2024-01-29 16:10:18","129","34","42","53"
"4957508","2715","2740","31","2023-09-07 20:51:29","3","2","0","1"
"4957620","2892","2740","28","2023-09-08 10:04:51","1","0","0","1"
"4957915","3344","2740","6","2023-06-18 18:28:45","4","2","2","0"
"4959716","3312","2739","6","2023-05-26 17:24:20","2","0","2","0"
"4960784","3873","2739","18","2024-01-05 02:04:42","3","0","1","2"
"4961158","3323","2739","55","2023-11-14 15:01:00","4","0","2","2"
"4961700","8423","2739","191","2024-01-23 10:01:09","156","45","38","73"
"4962130","8757","2739","51","","0","0","0","0"
"4962355","3398","2739","9","2023-12-21 16:12:28","11","3","3","5"
"4962858","2236","2739","5","2023-04-09 07:30:56","1","1","0","0"
"4964791","5003","2738","24","2023-08-04 18:02:15","1","0","0","1"
"4970442","2188","2737","7","2023-12-01 21:58:46","3","0","2","1"
"4970679","2147","2737","23","2023-12-15 21:42:05","3","1","0","2"
"4971065","3208","2737","20","","0","0","0","0"
"4973076","2856","2736","15","","0","0","0","0"
"4974784","2144","2736","6","","0","0","0","0"
"4975772","6309","2736","7","2023-07-31 00:34:06","5","3","2","0"
"4978865","2151","2735","7","2023-07-25 18:15:53","1","0","1","0"
"4979159","8221","2735","43","2023-08-31 19:11:05","9","1","6","2"
"4981515","6928","2734","5","2023-12-29 08:43:21","4","0","2","2"
"4982691","8181","2733","41","2024-01-31 06:10:43","28","7","8","13"
"4983082","2134","2733","40","","0","0","0","0"
"4983752","5942","2733","14","2023-10-04 22:18:06","6","3","0","3"
"4984564","7124","2732","6","","0","0","0","0"
"4985099","8292","2732","15","2023-04-07 14:24:50","1","1","0","0"
"4986557","2597","2732","7","2023-10-24 20:28:28","3","1","1","1"
"4987648","2726","2732","11","2023-12-11 14:34:39","7","0","3","4"
"4987673","5148","2732","10","2024-01-23 17:51:08","5","1","2","2"
"4990392","6860","2731","18","2023-09-28 13:57:25","4","3","0","1"
"4992248","5264","2731","6","2023-10-10 17:17:53","1","0","0","1"
"4993045","5443","2730","14","2023-07-11 16:59:55","2","0","2","0"
"4997879","2620","2729","5","","0","0","0","0"
"5000776","3522","2729","6","2023-08-08 00:41:05","4","1","1","2"
"5004011","3063","2728","31","2023-03-13 21:49:06","3","3","0","0"
"5004822","7762","2728","5","2023-10-07 03:41:08","1","0","0","1"
"5006866","6870","2727","17","2023-03-15 15:43:50","1","1","0","0"
"5009293","7227","2726","5","2023-10-12 18:03:06","6","2","3","1"
"5010285","2555","2725","11","2023-11-15 10:55:52","7","0","3","4"
"5011469","6504","2725","16","2023-05-25 11:04:27","3","0","3","0"
"5014221","4642","2724","266","2023-12-01 21:42:47","3","1","1","1"
"5015758","3798","2724","5","2023-12-01 06:48:56","4","1","0","3"
"5020294","2085","2723","21","2023-12-08 11:05:30","1","0","0","1"
"5021151","3731","2723","5","","0","0","0","0"
"5021687","5989","2723","7","2023-07-31 13:11:46","3","1","2","0"
"5021963","3721","2722","6","","0","0","0","0"
"5022605","2173","2722","9","2023-10-20 03:41:49","2","1","0","1"
"5023438","7229","2722","5","","0","0","0","0"
"5024514","2965","2722","35","","0","0","0","0"
"5026136","4402","2722","9","2023-08-08 03:12:17","3","1","1","1"
"5027456","7644","2721","21","2024-01-31 20:31:50","27","8","6","13"
"5031337","4894","2720","6","2023-02-24 06:47:01","1","1","0","0"
"5033247","6115","2719","16","2024-01-13 12:34:45","3","0","1","2"
"5033303","3853","2719","5","2023-11-01 10:59:44","2","0","0","2"
"5036171","2735","2718","17","2023-11-20 08:32:37","22","21","0","1"
"5037430","8362","2718","7","2023-11-11 17:00:40","41","38","0","3"
"5038157","5986","2718","6","2023-10-02 14:52:17","4","0","3","1"
"5039333","2181","2717","23","2023-10-26 19:36:00","11","1","0","10"
"5042987","3091","2716","6","2023-06-27 12:20:17","5","2","3","0"
"5043356","5753","2716","6","","0","0","0","0"
"5043424","5280","2716","45","2024-01-31 14:22:18","86","9","2","75"
"5044294","5746","2716","43","2023-12-12 10:15:39","23","1","8","14"
"5045467","2525","2716","6","2023-10-30 20:15:27","3","2","0","1"
"5049799","2469","2715","19","2023-10-11 11:33:46","2","1","0","1"
"5049813","5250","2715","11","2024-01-28 21:36:34","8","1","1","6"
"5053266","2480","2714","5","2023-09-07 13:07:14","2","1","0","1"
"5055190","5713","2713","8","","0","0","0","0"
"5057350","4505","2712","5","2023-03-03 19:23:02","1","1","0","0"
"5059031","2424","2712","9","","0","0","0","0"
"5060151","3041","2711","31","2024-01-22 09:32:02","2","1","0","1"
"5063031","7157","2711","22","2023-11-16 00:47:13","3","0","0","3"
"5065796","4634","2710","6","2024-01-16 08:20:21","4","1","0","3"
"5068914","2486","2709","5","","0","0","0","0"
"5069951","4356","3130","25","2024-01-15 12:49:15","11","3","6","2"
"5075755","7535","2708","11","2024-01-13 22:39:30","8","1","1","6"
"5078765","3484","2707","8","2023-10-24 07:22:16","6","1","4","1"
"5079799","2929","2706","36","2024-01-19 20:51:42","26","7","8","11"
"5081063","2724","2706","9","2024-01-15 15:00:51","5","0","1","4"
"5082504","4728","2705","5","","0","0","0","0"
"5082978","4156","2705","11","2023-12-08 21:17:36","12","7","3","2"
"5083043","2591","2705","65","2023-08-24 17:06:56","1","0","0","1"
"5084841","2885","2704","5","","0","0","0","0"
"5086631","6947","2704","6","2023-08-09 14:00:46","1","0","0","1"
"5086732","2713","2704","5","2023-08-19 17:28:44","1","0","0","1"
"5088165","3865","2703","31","","0","0","0","0"
"5090928","2758","2703","16","2023-04-23 04:05:57","2","2","0","0"
"5091720","2383","2702","37","2024-01-17 05:49:17","23","15","1","7"
"5091874","4128","2702","9","2023-09-16 20:40:27","4","1","1","2"
"5092978","2754","2702","5","","0","0","0","0"
"5094044","6656","2702","37","2023-02-20 16:08:39","3","3","0","0"
"5095128","5096","2702","5","","0","0","0","0"
"5097539","4903","2701","7","2023-03-13 10:09:00","1","1","0","0"
"5103577","2176","2700","9","2023-10-29 22:47:59","6","2","1","3"
"5104777","5168","2699","6","2023-12-28 02:00:45","9","4","1","4"
"5105383","8598","2699","35","2024-01-30 05:11:24","18","11","5","2"
"5106317","3416","2699","106","","0","0","0","0"
"5108631","5558","2698","9","2023-10-30 17:59:16","16","5","2","9"
"5108673","4603","2698","5","","0","0","0","0"
"5108695","7819","2698","5","2024-01-03 14:06:51","3","1","0","2"
"5108777","2154","2698","7","2023-12-12 18:38:10","7","0","1","6"
"5109043","2166","2698","5","","0","0","0","0"
"5113030","3047","2697","13","2024-01-12 16:51:51","7","1","1","5"
"5114465","2437","2696","9","2023-07-20 12:53:35","1","0","1","0"
"5118861","2649","2695","46","","0","0","0","0"
"5122581","6293","2694","14","2023-05-16 09:21:01","3","2","1","0"
"5122615","8548","2694","18","2023-02-26 15:10:40","3","3","0","0"
"5124383","2343","2694","6","","0","0","0","0"
"5127330","5007","2693","12","2023-03-28 10:12:44","6","6","0","0"
"5127346","2350","2693","12","2023-06-08 12:09:26","1","0","1","0"
"5128464","8214","2693","16","","0","0","0","0"
"5128466","2654","2693","54","2023-08-10 22:59:49","10","9","0","1"
"5128755","2447","2693","5","","0","0","0","0"
"5128826","2881","2693","12","","0","0","0","0"
"5128831","3173","2693","16","2024-01-28 06:47:25","41","2","9","30"
"5131026","9314","2692","34","2024-01-31 12:05:19","25","8","10","7"
"5131255","3215","2692","25","2023-12-13 11:36:07","14","8","4","2"
"5131640","9630","2691","6","2023-09-22 06:16:05","4","0","2","2"
"5132456","2906","2691","5","2023-12-11 15:13:55","1","0","0","1"
"5132804","7746","2691","9","","0","0","0","0"
"5132823","2150","2691","8","","0","0","0","0"
"5132860","3114","2691","9","2024-01-31 05:22:06","7","1","2","4"
"5134722","3921","2690","27","","0","0","0","0"
"5135157","3421","2690","17","2024-01-19 14:57:24","10","2","2","6"
"5141328","6390","2689","28","2024-01-25 02:25:19","20","6","5","9"
"5146848","6127","2687","10","2023-07-08 14:26:28","2","1","1","0"
"5148738","7514","2687","5","2023-08-15 15:03:30","2","0","1","1"
"5148795","5738","2687","7","2023-03-22 16:09:18","2","2","0","0"
"5151202","3481","2686","16","2023-12-12 11:23:55","31","24","2","5"
"5151355","3059","2686","8","2023-07-03 07:37:49","3","0","3","0"
"5154683","7592","2685","10","2023-10-23 21:04:27","4","1","0","3"
"5155422","3994","2685","5","2023-05-25 06:45:51","6","5","1","0"
"5156054","5373","2685","14","2023-03-15 12:30:12","2","2","0","0"
"5158636","3336","2683","17","2024-01-10 06:40:14","9","2","1","6"
"5159431","6073","2683","5","2024-01-25 01:35:07","2","0","0","2"
"5160077","3925","2683","10","2023-06-07 12:49:04","2","1","1","0"
"5162073","8963","2683","29","2024-01-02 13:11:31","20","4","7","9"
"5163085","2989","2682","6","","0","0","0","0"
"5164318","2766","2682","36","2024-01-12 13:31:39","16","0","4","12"
"5164462","4928","2682","8","2023-12-03 11:54:24","6","1","2","3"
"5167831","6119","2681","15","","0","0","0","0"
"5167909","7685","2681","5","","0","0","0","0"
"5168782","2079","2681","11","2023-03-31 23:26:28","2","2","0","0"
"5169186","2421","2681","40","2023-04-28 19:22:56","1","1","0","0"
"5171120","2132","2681","123","2023-06-27 13:16:56","5","4","1","0"
"5171169","5716","2681","47","2023-10-09 09:16:42","32","0","0","32"
"5175802","3626","2680","15","2023-12-20 17:44:20","1","0","0","1"
"5179478","4721","2679","5","","0","0","0","0"
"5179748","7882","2768","32","2023-10-11 20:20:20","20","7","6","7"
"5181464","2318","2678","8","","0","0","0","0"
"5186159","2541","2676","8","2024-01-04 19:28:15","3","1","0","2"
"5189472","4077","2675","29","2023-12-17 08:03:17","9","6","2","1"
"5192105","2576","2674","8","2023-12-29 05:27:26","10","3","5","2"
"5192528","4598","2674","7","2023-02-02 02:53:12","1","1","0","0"
"5193915","4074","2674","9","2023-10-13 07:56:29","14","2","10","2"
"5194348","4461","2674","24","","0","0","0","0"
"5196093","2161","2673","5","2023-07-06 18:51:03","2","1","1","0"
"5196286","4493","2673","7","","0","0","0","0"
"5197712","6192","2673","244","2024-01-30 13:14:03","39","13","8","18"
"5198805","2147","2673","8","2023-08-27 22:51:50","4","0","0","4"
"5199418","3239","2673","16","2023-10-20 15:55:43","19","1","14","4"
"5203563","3874","2672","13","2023-02-11 06:20:40","1","1","0","0"
"5204318","2629","2671","5","","0","0","0","0"
"5204833","9177","2671","13","2024-01-02 12:47:26","2","0","1","1"
"5206464","2718","2671","28","2023-09-28 14:09:39","17","3","9","5"
"5211514","2798","2669","5","2023-10-03 21:26:39","1","0","0","1"
"5211752","7935","2669","86","2024-01-27 11:48:39","31","9","13","9"
"5215131","7598","2668","21","2024-01-27 16:07:04","17","7","6","4"
"5220489","4332","2667","6","","0","0","0","0"
"5221626","8172","2666","56","2024-01-20 03:08:23","49","16","10","23"
"5223757","6531","2666","14","2023-12-30 00:14:15","4","0","2","2"
"5224236","6068","2666","119","2024-01-24 15:34:55","8","2","1","5"
"5225272","3292","2666","13","2023-07-31 05:53:56","13","7","6","0"
"5226491","3008","2665","198","","0","0","0","0"
"5228202","9930","2665","50","2023-12-13 20:00:26","4","0","0","4"
"5229463","2659","2664","10","2023-08-13 08:14:56","3","1","1","1"
"5230311","9943","2664","9","2023-06-12 07:09:50","1","0","1","0"
"5231110","3173","2664","9","2024-01-13 19:01:07","10","0","3","7"
"5232323","2491","2663","7","2024-01-03 13:46:21","10","3","1","6"
"5234334","8161","2662","7","","0","0","0","0"
"5240198","2631","2661","5","2023-04-22 23:38:17","1","1","0","0"
"5243272","8886","2660","13","2023-10-09 14:06:31","5","1","3","1"
"5243472","2587","2660","5","2024-01-31 16:12:13","51","4","1","46"
"5246906","8352","2659","185","2024-01-26 10:33:48","66","20","24","22"
"5248391","2508","2659","6","2024-01-28 22:18:28","3","0","1","2"
"5250468","2275","2658","5","","0","0","0","0"
"5251059","6968","2658","23","2023-07-03 20:01:35","2","0","2","0"
"5251061","2388","2658","8","2023-05-26 13:01:59","1","0","1","0"
"5251507","3167","2658","11","","0","0","0","0"
"5252192","4184","2658","5","2023-10-04 19:59:35","18","0","0","18"
"5253279","2697","2658","6","2023-10-22 11:26:42","14","7","2","5"
"5254103","4865","2657","66","2023-12-28 09:10:31","15","7","3","5"
"5254458","4911","2657","5","","0","0","0","0"
"5254746","2057","2657","5","2023-05-26 06:28:00","2","0","2","0"
"5256337","3421","2656","19","2023-08-02 18:03:23","3","0","2","1"
"5256759","2823","2656","16","","0","0","0","0"
"5258200","2093","2656","22","","0","0","0","0"
"5260051","2146","2655","13","2023-07-11 09:28:12","1","0","1","0"
"5260872","4599","2655","9","2024-01-31 05:18:44","11","4","1","6"
"5262452","5610","2654","7","2023-12-21 01:59:35","2","0","0","2"
"5262941","2444","2654","5","2024-01-17 12:38:45","2","1","0","1"
"5264501","2787","2654","6","2024-01-04 15:20:30","1","0","0","1"
"5266998","2607","2653","13","","0","0","0","0"
"5267751","4493","2653","11","2023-12-31 13:37:16","10","3","1","6"
"5269205","6753","2653","100","2024-01-04 22:04:09","48","22","12","14"
"5270581","6576","2653","11","","0","0","0","0"
"5271927","3734","2652","8","2023-12-10 20:21:59","8","1","2","5"
"5272061","2022","2652","7","","0","0","0","0"
"5272567","4420","2652","27","2024-01-15 13:15:34","28","13","6","9"
"5273580","3442","2652","6","2024-01-30 20:38:41","12","9","0","3"
"5274205","6689","2652","40","2024-01-30 19:59:45","14","3","5","6"
"5275959","2880","2651","32","2023-09-12 14:33:53","9","5","1","3"
"5276188","6135","2651","8","2023-06-02 13:08:44","3","2","1","0"
"5279080","2663","2650","21","2023-02-16 20:02:24","1","1","0","0"
"5279156","8632","2650","6","2023-04-04 04:53:05","1","1","0","0"
"5282154","4329","2649","33","2024-01-08 02:49:11","19","6","6","7"
"5287638","6292","2647","46","2023-09-30 08:46:13","6","3","1","2"
"5288560","5978","2647","7","2023-03-15 22:53:19","1","1","0","0"
"5290447","6896","2647","94","2024-01-30 15:28:15","55","17","15","23"
"5290519","3031","2646","33","2023-04-22 06:48:18","5","5","0","0"
"5292374","2278","2646","8","","0","0","0","0"
"5292951","4722","2646","7","2023-11-07 15:55:50","3","0","0","3"
"5293112","3246","2646","14","2023-03-04 09:05:51","2","2","0","0"
"5294422","2064","2646","8","2023-03-15 16:06:36","4","4","0","0"
"5295617","2795","2645","5","","0","0","0","0"
"5296462","4448","2645","5","2023-09-12 12:07:04","2","0","0","2"
"5298696","7613","2645","31","2023-10-06 01:50:20","3","1","0","2"
"5299417","3428","2644","7","2023-10-03 05:37:23","2","0","1","1"
"5304366","2209","2643","20","2023-12-11 09:21:01","4","3","0","1"
"5305430","9066","2642","9","2023-03-23 03:28:36","8","8","0","0"
"5306507","7907","2642","17","2024-01-25 06:10:01","31","4","14","13"
"5308259","3414","2641","14","2023-08-16 08:33:53","2","0","1","1"
"5309486","2776","2641","61","2023-10-31 17:16:08","5","0","0","5"
"5309984","8992","2641","10","2024-01-06 10:12:49","23","2","1","20"
"5314742","2561","2640","5","2023-10-16 15:02:16","1","0","0","1"
"5316326","4177","2639","16","2024-01-23 10:11:47","4","0","1","3"
"5316879","2262","2639","7","2023-07-12 08:35:27","2","1","1","0"
"5317332","2941","2639","24","2023-09-07 07:43:32","103","2","70","31"
"5318986","2777","2639","5","2024-01-20 21:02:24","2","1","0","1"
"5319738","2572","2638","5","","0","0","0","0"
"5320618","4021","2638","11","","0","0","0","0"
"5320902","2459","2638","9","2023-06-21 07:35:47","3","1","2","0"
"5329717","5623","2635","13","2023-12-29 06:46:44","2","0","1","1"
"5329722","2254","2635","5","2023-06-19 14:55:35","1","0","1","0"
"5330333","2411","2635","13","2024-01-03 11:29:57","28","10","9","9"
"5330895","2164","2635","8","","0","0","0","0"
"5331834","4077","2635","25","","0","0","0","0"
"5332500","2733","2634","11","2023-12-09 08:54:51","2","1","0","1"
"5332914","2046","2634","31","2023-02-16 15:36:39","1","1","0","0"
"5333340","2966","2634","11","","0","0","0","0"
"5334486","3365","2634","100","2023-09-17 09:41:38","8","0","0","8"
"5335565","3245","2634","8","2023-11-19 05:44:58","3","2","0","1"
"5336948","9984","2633","11","2023-12-15 21:33:41","5","0","2","3"
"5338073","2567","2633","5","2023-09-02 14:29:25","2","1","0","1"
"5338708","4153","2633","6","2023-11-14 18:08:05","56","27","12","17"
"5338829","2872","2633","29","2024-01-21 19:50:59","19","4","4","11"
"5339857","3803","2633","5","2023-10-03 13:14:11","6","3","0","3"
"5339978","2171","2633","19","2023-09-29 07:06:51","8","5","0","3"
"5342297","7061","2632","7","2023-12-01 18:26:39","4","1","0","3"
"5343790","7186","2632","16","","0","0","0","0"
"5345715","8865","2631","12","2023-04-11 10:23:24","3","3","0","0"
"5347939","3037","2631","8","2024-01-31 20:18:11","5","0","2","3"
"5348875","7820","2630","13","2024-01-10 05:11:30","6","2","0","4"
"5349917","2324","2630","8","2023-10-01 04:53:29","7","1","4","2"
"5351721","8399","2630","51","2024-01-26 15:23:09","37","6","3","28"
"5353589","2965","2629","8","","0","0","0","0"
"5354341","7910","2629","6","2023-08-18 12:15:44","1","0","0","1"
"5355567","6513","2628","6","","0","0","0","0"
"5356229","3169","2628","6","","0","0","0","0"
"5356349","3429","2628","13","2023-10-08 06:43:57","5","2","0","3"
"5357951","2445","2627","20","2023-03-17 06:54:47","2","2","0","0"
"5359340","3634","2627","8","","0","0","0","0"
"5359797","3639","2627","39","","0","0","0","0"
"5360898","2891","2627","8","2023-09-13 20:36:50","1","0","0","1"
"5361964","9904","2626","8","2024-01-03 21:59:11","1","0","0","1"
"5362583","9088","2626","7","2023-04-26 18:12:05","8","8","0","0"
"5363197","2827","2626","11","2023-09-30 22:34:47","7","2","0","5"
"5367106","2135","2625","7","2023-08-23 17:03:26","1","0","0","1"
"5368626","2145","2625","5","2023-10-20 14:42:57","5","2","2","1"
"5369706","3271","2625","7","2023-12-27 20:40:21","2","0","0","2"
"5371505","6423","2624","8","2024-01-20 07:58:06","3","1","0","2"
"5371590","2675","2624","6","2023-03-01 17:22:07","1","1","0","0"
"5372008","9435","2624","57","2023-03-31 02:15:30","1","1","0","0"
"5372462","4769","2624","13","2023-11-26 12:17:50","5","0","3","2"
"5375291","2712","2623","6","","0","0","0","0"
"5376404","2362","2623","105","2023-08-18 13:44:57","2","1","0","1"
"5377805","9858","2623","5","2023-10-29 14:49:33","1","0","0","1"
"5378187","3517","2622","7","2023-07-12 13:33:34","7","5","2","0"
"5379437","2387","2622","9","","0","0","0","0"
"5379479","2138","2622","6","2023-09-13 14:26:09","1","0","0","1"
"5379668","2124","2622","7","","0","0","0","0"
"5380897","2315","2621","6","2023-04-13 12:13:33","2","2","0","0"
"5381023","2400","2621","41","2023-09-20 18:52:44","8","4","1","3"
"5389414","3524","2619","7","2023-02-04 07:13:42","1","1","0","0"
"5390254","2254","2619","8","","0","0","0","0"
"5394786","5942","2618","7","","0","0","0","0"
"5400362","2810","2616","22","","0","0","0","0"
"5400385","2122","2616","14","2023-12-14 00:28:33","13","3","3","7"
"5400793","2556","2616","8","2023-12-19 07:51:29","1","0","0","1"
"5400881","4329","2616","10","2023-03-07 17:14:53","1","1","0","0"
"5403987","2224","2615","10","2023-10-14 20:35:22","9","3","4","2"
"5404186","8842","2615","7","2023-12-07 08:02:48","3","1","0","2"
"5404226","8129","2615","19","","0","0","0","0"
"5405086","7808","2615","6","","0","0","0","0"
"5405298","2660","2615","6","2023-02-25 22:26:19","2","2","0","0"
"5411494","3348","2613","5","2023-12-24 01:46:12","2","0","0","2"
"5412074","3213","2612","7","2023-09-16 10:39:35","4","1","2","1"
"5412273","5526","2612","6","2024-01-30 13:15:16","2","0","0","2"
"5413283","9551","2612","15","2023-09-30 13:47:48","7","0","0","7"
"5414798","8566","2612","43","","0","0","0","0"
"5416044","2659","2612","5","","0","0","0","0"
"5418514","3554","2611","10","2023-10-12 09:21:41","14","9","3","2"
"5423811","2352","2610","5","","0","0","0","0"
"5424426","4908","2610","11","2023-09-21 18:55:42","1","0","0","1"
"5425562","2326","2609","6","","0","0","0","0"
"5425860","7496","2609","5","2023-02-03 17:04:46","1","1","0","0"
"5426703","2625","2609","18","","0","0","0","0"
"5427200","3340","2609","7","","0","0","0","0"
"5427402","2448","2609","5","","0","0","0","0"
"5430306","5578","2608","19","2023-12-01 16:53:54","8","1","0","7"
"5436259","2195","2606","28","2023-11-12 14:36:08","9","0","3","6"
"5436880","5559","2606","109","2023-07-11 08:24:51","1","0","1","0"
"5436889","2747","2606","10","2023-09-07 03:41:59","1","0","0","1"
"5437864","2025","2606","13","2024-01-03 12:02:23","2","0","0","2"
"5438626","9686","2606","148","2024-01-23 14:11:10","131","58","0","73"
"5439669","2532","2605","6","2023-04-05 21:00:24","4","4","0","0"
"5440638","4124","2605","8","2023-02-08 05:49:56","1","1","0","0"
"5440883","3012","2605","50","2024-01-13 05:10:08","37","19","6","12"
"5442187","4479","2605","7","","0","0","0","0"
"5442527","4224","2605","32","2024-01-13 20:08:59","26","18","2","6"
"5442972","2084","2605","6","","0","0","0","0"
"5443319","2424","2604","7","2023-08-16 02:17:34","2","1","0","1"
"5443482","5119","2604","10","2024-01-03 08:02:48","2","0","0","2"
"5444273","2378","2604","5","","0","0","0","0"
"5445078","2309","2604","11","2024-01-09 21:28:22","18","4","6","8"
"5445670","6220","2604","48","2023-11-09 22:02:53","59","49","8","2"
"5446285","2621","2604","15","2023-05-19 15:01:55","9","8","1","0"
"5447906","9482","2603","7","","0","0","0","0"
"5449364","7033","4223","11","","0","0","0","0"
"5449431","4542","2603","7","2023-10-19 10:29:04","4","0","0","4"
"5451344","8829","2603","6","2023-04-03 20:49:33","2","2","0","0"
"5451849","2456","2603","18","2023-11-21 07:17:53","124","1","0","123"
"5452008","9365","2602","13","2023-08-09 17:26:50","3","2","0","1"
"5452371","3300","2602","24","2023-09-06 17:03:55","3","2","0","1"
"5454842","6508","2602","78","2024-01-27 16:21:53","17","10","4","3"
"5456906","2307","2601","6","2023-10-17 14:17:45","3","1","0","2"
"5457220","3229","2601","13","2024-01-18 12:47:55","4","3","0","1"
"5457643","2260","2601","7","2023-05-02 06:53:04","1","0","1","0"
"5458086","4530","2601","8","2023-12-10 16:18:23","4","1","1","2"
"5459467","5488","2600","8","2023-12-25 12:11:32","8","3","4","1"
"5459640","5804","2600","6","","0","0","0","0"
"5459729","2659","2600","24","2023-05-01 07:06:05","5","4","1","0"
"5462372","3693","2599","25","2024-01-10 05:52:35","38","4","26","8"
"5463169","8219","2599","6","2023-07-05 03:08:01","1","0","1","0"
"5471218","6222","2597","7","2023-06-07 08:38:10","2","1","1","0"
"5472819","4312","2597","22","2023-06-27 16:38:02","3","1","2","0"
"5473725","2965","2597","6","2023-12-01 22:41:40","6","0","4","2"
"5477561","2911","2596","6","2024-01-24 20:32:16","4","3","0","1"
"5480147","2236","2595","7","2023-12-31 13:46:34","6","1","2","3"
"5480409","3207","2595","5","2023-11-04 16:15:23","1","0","0","1"
"5481471","8069","2595","28","2023-10-30 13:15:08","6","1","3","2"
"5483079","6133","2594","29","2023-12-28 12:34:18","11","5","4","2"
"5483580","3952","2594","7","2023-12-29 14:51:40","10","0","0","10"
"5484737","2533","2593","22","2023-09-23 18:13:25","2","0","1","1"
"5489276","5526","2592","250","2024-01-26 20:29:17","13","3","4","6"
"5490782","7203","2592","9","","0","0","0","0"
"5491375","3831","2592","6","2023-07-05 10:24:13","1","0","1","0"
"5494721","4810","2591","16","2023-11-02 17:43:27","2","0","0","2"
"5496808","9123","2590","8","2023-04-14 03:12:10","2","2","0","0"
"5497874","4177","2590","5","2023-02-28 18:23:50","1","1","0","0"
"5498542","2595","2590","7","2023-03-02 08:29:14","1","1","0","0"
"5500690","3503","2589","7","2023-10-18 00:44:15","10","4","3","3"
"5501242","2628","2589","8","2023-02-28 06:42:03","1","1","0","0"
"5501699","4450","2589","8","2023-10-28 01:28:31","2","0","0","2"
"5502306","4786","2589","38","2024-01-11 11:02:54","27","7","9","11"
"5503940","3115","2589","5","2024-01-03 08:40:01","2","0","0","2"
"5504922","3606","2589","61","2023-09-27 23:13:05","34","25","3","6"
"5506400","2550","2588","46","2023-11-19 18:07:01","10","6","0","4"
"5506730","6801","2588","14","2023-07-14 03:47:59","4","0","4","0"
"5506988","2143","2588","18","2023-10-06 19:29:04","6","3","2","1"
"5507055","2853","2588","5","2024-01-31 12:07:22","5","0","0","5"
"5509738","5325","2587","153","2024-01-16 15:59:45","40","15","7","18"
"5511315","4851","2587","6","2023-09-02 09:34:54","12","3","7","2"
"5512455","8086","2586","6","2023-10-28 15:10:54","2","1","0","1"
"5513788","8253","2586","41","2024-01-21 09:35:50","28","12","7","9"
"5515155","5619","2585","35","2023-06-23 07:01:29","9","7","2","0"
"5515287","3123","2585","14","2023-10-21 04:41:48","5","0","1","4"
"5516339","6310","2585","51","2023-11-30 14:07:55","32","9","15","8"
"5517161","6477","2585","22","2024-01-15 00:33:46","22","5","4","13"
"5518817","2766","2584","15","2023-05-11 10:27:46","3","1","2","0"
"5519026","5817","2584","10","2023-09-18 06:12:32","1","0","0","1"
"5519709","5388","2584","13","","0","0","0","0"
"5519872","5488","2584","10","2023-09-10 08:27:17","4","1","2","1"
"5520680","2480","2584","5","","0","0","0","0"
"5521857","2334","2584","9","2023-10-27 21:07:15","9","2","4","3"
"5522303","7404","2584","8","2024-01-07 14:51:18","6","3","0","3"
"5526624","7695","2583","63","2024-01-19 10:04:15","13","3","1","9"
"5527075","2601","2582","6","2023-07-31 13:34:36","6","5","1","0"
"5528355","2973","2582","16","","0","0","0","0"
"5529197","9240","2582","31","2023-09-08 08:27:53","2","0","1","1"
"5529263","5467","2582","6","2024-01-22 15:09:45","5","1","1","3"
"5530076","3326","2582","12","2023-10-18 15:00:17","8","1","4","3"
"5530965","6310","2582","6","2023-11-08 21:23:51","7","4","2","1"
"5535604","4110","2580","24","","0","0","0","0"
"5536695","2426","2580","9","2023-02-28 06:55:34","1","1","0","0"
"5545458","2884","2577","5","","0","0","0","0"
"5546267","5894","2577","5","2023-06-28 08:22:44","2","1","1","0"
"5547573","2122","2577","11","2024-01-22 02:02:02","1","0","0","1"
"5548239","3108","2577","13","2023-09-22 14:49:39","1","0","0","1"
"5549301","2553","2576","7","2023-09-24 04:25:13","5","2","0","3"
"5551938","2420","2576","17","2023-09-23 20:50:10","3","0","1","2"
"5552874","2483","2575","7","2024-01-25 20:56:47","13","5","2","6"
"5553768","5211","2575","18","","0","0","0","0"
"5559590","3114","2574","8","2023-12-21 04:54:28","3","0","0","3"
"5559775","3961","2574","13","2023-11-07 19:34:15","5","2","1","2"
"5559867","2059","2574","6","2023-08-11 11:51:14","1","0","0","1"
"5560898","3590","2573","6","2024-01-21 02:27:15","5","2","1","2"
"5562041","2239","2573","9","2023-10-27 10:47:15","1","0","0","1"
"5562045","4295","2573","16","2023-09-19 14:12:00","3","1","0","2"
"5562372","3555","2573","91","2023-12-31 22:15:39","24","14","1","9"
"5564578","9004","2572","6","","0","0","0","0"
"5565544","5260","2572","6","2024-01-16 19:19:29","6","3","2","1"
"5567382","5266","2571","13","2023-12-14 11:36:33","1","0","0","1"
"5568646","2014","2571","19","2023-12-18 11:28:55","4","1","0","3"
"5571686","2917","2570","5","2023-06-22 22:11:50","3","1","2","0"
"5575382","4033","2569","7","2023-08-30 06:29:32","2","0","1","1"
"5575595","6048","2569","29","","0","0","0","0"
"5575955","5658","2569","48","2023-11-02 07:04:51","16","5","10","1"
"5577076","6560","2569","52","2024-01-11 11:07:32","31","6","1","24"
"5578773","3335","2569","13","2024-01-23 11:28:53","26","7","8","11"
"5581893","8789","2568","6","2023-12-13 13:06:09","4","1","0","3"
"5582028","4597","2568","21","","0","0","0","0"
"5582655","4299","2568","36","2024-01-20 07:26:36","3","1","0","2"
"5585069","2198","2567","6","2023-07-17 17:50:41","3","1","2","0"
"5587356","6614","2567","8","2023-08-15 04:23:47","8","4","3","1"
"5587393","6226","2567","37","2023-08-20 10:24:10","5","2","2","1"
"5588077","2867","2566","8","2023-06-27 14:11:49","1","0","1","0"
"5589073","3334","2566","5","","0","0","0","0"
"5589405","4362","2566","8","2023-10-05 16:13:53","1","0","0","1"
"5593150","4094","2565","27","2023-10-23 14:06:28","19","12","4","3"
"5595264","2893","2564","7","2023-03-01 12:01:43","2","2","0","0"
"5597017","8864","2564","51","2023-09-29 17:19:46","4","3","0","1"
"5600363","3442","2563","63","2023-09-30 12:13:42","6","0","1","5"
"5600452","5846","2563","30","2023-12-27 11:35:34","10","1","8","1"
"5601591","5612","2563","5","2024-01-27 02:55:07","3","0","0","3"
"5601899","2242","2563","7","","0","0","0","0"
"5602149","3065","2562","5","","0","0","0","0"
"5602871","2651","2562","10","","0","0","0","0"
"5604852","3303","2562","11","","0","0","0","0"
"5605822","2085","2562","9","","0","0","0","0"
"5605919","5969","2562","40","2023-07-04 07:02:52","6","1","5","0"
"5607207","5121","2561","98","2023-07-17 20:29:03","17","15","2","0"
"5607457","5514","2561","9","2023-05-06 19:39:00","2","1","1","0"
"5608694","3879","2561","13","2023-11-30 19:12:48","2","1","0","1"
"5609501","2174","2561","17","","0","0","0","0"
"5614268","3194","2559","6","2023-06-09 09:50:01","8","6","2","0"
"5614800","2011","2559","16","2023-11-07 11:20:31","3","0","1","2"
"5615038","6245","2559","8","2023-04-25 11:07:27","1","1","0","0"
"5618326","3193","2558","30","2024-01-06 11:25:37","9","2","1","6"
"5619133","2051","2558","31","","0","0","0","0"
"5620913","5664","2557","6","2024-01-31 23:09:38","34","18","3","13"
"5623232","4240","2557","15","2024-01-24 03:23:31","12","1","0","11"
"5623474","2033","2556","6","2023-04-27 04:02:50","1","1","0","0"
"5625089","2250","2556","50","2023-02-14 17:31:28","2","2","0","0"
"5625696","3817","2556","57","2023-06-27 10:37:20","1","0","1","0"
"5626568","5496","2556","24","2023-12-16 10:07:19","13","5","7","1"
"5629339","5304","2555","6","","0","0","0","0"
"5632252","2116","2555","5","2023-06-24 19:20:00","1","0","1","0"
"5632255","2824","2555","44","2023-09-16 07:18:25","9","4","3","2"
"5632412","6819","2555","21","2023-10-30 20:21:20","4","2","1","1"
"5633063","2858","2554","18","2023-10-18 10:49:05","2","0","1","1"
"5634841","2078","2554","6","2023-12-11 09:40:50","3","0","0","3"
"5635880","3033","2554","5","2023-03-31 19:44:01","1","1","0","0"
"5637701","4123","2553","6","2023-12-23 14:27:07","14","6","3","5"
"5638943","2001","2553","5","2024-01-20 11:23:03","20","5","6","9"
"5639688","7626","2553","20","2023-12-20 22:17:29","18","7","4","7"
"5640737","5995","2553","33","2023-06-05 15:09:38","1","0","1","0"
"5641674","3921","2552","8","","0","0","0","0"
"5644961","8630","2552","46","2023-04-10 22:48:21","11","11","0","0"
"5645583","3015","2551","7","","0","0","0","0"
"5645656","3624","2551","8","2024-01-16 14:58:18","23","6","0","17"
"5647513","2334","2551","9","2023-12-27 11:53:27","32","12","2","18"
"5649639","5023","2550","6","2023-12-20 10:48:35","2","0","1","1"
"5651109","4632","2550","22","","0","0","0","0"
"5657783","3887","2548","8","2023-07-25 03:41:28","3","2","1","0"
"5658778","3036","2548","6","2023-11-30 13:53:01","3","1","0","2"
"5659521","4724","2548","11","2023-06-03 00:43:00","2","1","1","0"
"5660284","6758","2548","11","2024-01-21 03:16:23","14","4","5","5"
"5661396","3130","2548","34","2023-05-20 07:32:59","1","0","1","0"
"5662005","3899","2547","10","2024-01-31 16:09:07","67","1","3","63"
"5662805","4095","2547","12","2023-08-30 08:16:18","2","1","0","1"
"5663381","3512","2547","5","","0","0","0","0"
"5668956","3588","2546","11","2023-09-30 13:31:57","6","1","1","4"
"5670752","6349","2546","6","2023-05-01 23:56:11","2","0","2","0"
"5670773","2103","2546","6","2024-01-02 22:07:59","8","4","1","3"
"5671180","3797","2545","15","2023-06-15 22:15:02","3","1","2","0"
"5671919","3890","2545","6","2023-06-24 17:33:46","4","2","2","0"
"5674223","5698","2544","9","","0","0","0","0"
"5674721","4306","2544","14","2024-01-23 15:10:49","2","1","0","1"
"5678653","2248","2543","14","2023-12-05 17:26:36","6","2","3","1"
"5680348","6762","2542","39","","0","0","0","0"
"5681468","3062","2542","5","","0","0","0","0"
"5686794","5157","2541","14","2023-02-15 11:16:18","2","2","0","0"
"5689074","2086","2540","56","2024-01-26 12:16:55","3","1","1","1"
"5692012","5734","2540","25","","0","0","0","0"
"5694847","5498","2539","5","","0","0","0","0"
"5695953","5469","2539","48","2023-07-11 16:22:43","2","1","1","0"
"5698738","6424","2538","11","","0","0","0","0"
"5704347","2090","2536","15","","0","0","0","0"
"5704664","2018","2536","6","2023-08-30 10:18:27","1","0","0","1"
"5704863","8809","2536","11","2023-02-12 18:22:02","1","1","0","0"
"5705408","3631","2535","21","2023-12-19 09:11:58","1","0","0","1"
"5708566","3649","2535","106","","0","0","0","0"
"5709159","5293","2535","10","2024-01-28 18:13:49","5","2","0","3"
"5710233","9549","2534","42","2024-01-22 15:21:41","16","3","4","9"
"5710382","2064","2534","6","2024-01-23 05:18:38","6","0","3","3"
"5710637","7462","2534","27","2023-06-16 10:17:59","2","0","2","0"
"5717640","7773","2531","12","2024-01-12 00:15:20","5","0","1","4"
"5718868","6016","2531","18","2023-09-23 07:16:12","2","0","1","1"
"5719229","3006","2531","26","2023-10-09 18:41:19","36","12","12","12"
"5721620","2370","2530","8","2023-09-27 17:05:02","2","0","0","2"
"5722010","5736","2529","7","2024-01-22 03:35:44","1","0","0","1"
"5722359","8659","2529","6","2023-08-25 08:04:36","11","4","5","2"
"5722465","3419","2529","6","","0","0","0","0"
"5724147","2789","2529","5","2023-07-31 13:56:38","3","2","1","0"
"5724889","7978","2529","6","","0","0","0","0"
"5727643","2534","2528","5","2023-10-11 10:39:00","4","1","2","1"
"5729661","2610","2527","14","2023-11-08 07:25:53","1","0","0","1"
"5730279","9701","2527","248","2024-01-23 00:00:44","28","14","10","4"
"5731101","2991","2527","7","2023-12-13 12:58:43","7","2","4","1"
"5731587","3695","2527","29","2023-12-02 09:29:43","26","15","3","8"
"5732537","3930","2526","15","","0","0","0","0"
"5733059","2452","2526","6","","0","0","0","0"
"5734097","3145","2526","18","2023-10-27 14:36:07","1","0","0","1"
"5736633","3215","2525","7","2024-01-30 17:47:37","31","7","4","20"
"5736671","6781","2525","33","2024-01-21 17:29:37","18","5","0","13"
"5737562","3859","2524","7","2024-01-28 11:19:45","9","2","2","5"
"5738112","3975","2524","89","2023-05-11 03:04:24","4","0","4","0"
"5739443","2529","2523","27","2023-12-31 11:28:03","37","1","2","34"
"5739514","6141","2523","19","2023-07-03 23:51:15","5","3","2","0"
"5740243","4266","2523","244","2023-09-30 08:23:03","59","55","1","3"
"5744858","2170","2522","7","2024-01-02 02:42:58","5","1","0","4"
"5746996","2069","2521","10","2023-12-16 16:06:22","10","0","6","4"
"5747415","6027","2521","6","2024-01-11 09:11:35","1","0","0","1"
"5748537","4133","2521","7","2023-07-11 09:20:17","6","2","4","0"
"5749217","2610","2521","6","2023-11-02 01:18:22","2","1","0","1"
"5750078","4314","2520","9","2023-10-09 08:25:12","2","0","1","1"
"5752730","7007","2520","6","2023-03-30 21:41:41","1","1","0","0"
"5752737","5319","2520","12","2023-03-18 20:08:33","3","3","0","0"
"5756976","2302","2519","16","2023-11-21 15:49:03","7","3","1","3"
"5759723","3150","2519","41","2023-11-06 09:04:09","8","0","5","3"
"5761011","3263","2518","43","2023-09-02 14:55:31","9","1","7","1"
"5762332","8883","2518","6","2023-05-03 12:54:50","11","10","1","0"
"5763413","2123","2518","18","2023-03-29 13:14:28","2","2","0","0"
"5765795","8274","2517","10","","0","0","0","0"
"5767484","2622","2517","17","2024-01-26 10:14:52","23","3","9","11"
"5767872","4650","2517","159","2023-10-10 16:39:35","19","13","1","5"
"5770501","6978","2516","10","2023-04-20 15:06:43","2","2","0","0"
"5771474","2029","2515","9","2023-08-30 14:17:19","4","0","3","1"
"5771669","3651","2515","5","2023-08-15 22:12:51","2","0","0","2"
"5771750","7345","2515","24","2023-07-25 18:32:57","6","1","5","0"
"5772498","2405","2515","7","2023-09-15 08:27:35","1","0","0","1"
"5775358","2406","2515","90","2024-01-22 11:07:08","18","4","4","10"
"5778099","6773","2514","9","2023-07-12 13:00:34","2","0","2","0"
"5779083","4822","2514","10","2024-01-19 09:40:20","4","1","0","3"
"5780020","3484","2514","10","2023-12-20 14:54:15","3","1","0","2"
"5781499","3947","2514","12","2024-01-07 22:25:22","11","6","2","3"
"5784543","3033","2513","5","","0","0","0","0"
"5784757","6317","2513","82","2023-12-12 20:40:17","12","1","6","5"
"5784831","7297","2513","8","2023-05-08 09:19:42","3","2","1","0"
"5784924","8746","2513","12","2024-01-14 15:15:17","14","0","3","11"
"5784939","3546","2513","6","2023-12-27 14:30:19","10","0","0","10"
"5785362","6112","2513","7","2023-10-16 12:37:30","3","1","0","2"
"5790498","4349","2512","7","","0","0","0","0"
"5790653","4185","2512","13","2023-08-21 07:44:07","1","0","0","1"
"5791702","3852","2512","29","","0","0","0","0"
"5792519","3785","2511","44","2023-10-11 06:46:13","74","48","16","10"
"5793132","2264","2511","10","2023-05-02 17:49:52","4","3","1","0"
"5793905","5099","2511","9","2024-01-13 15:26:50","4","1","2","1"
"5795592","2598","2511","8","2023-03-31 07:34:12","1","1","0","0"
"5797400","2204","2510","15","2023-11-28 14:59:08","8","4","0","4"
"5800846","2238","2509","17","2024-01-17 01:54:09","1","0","0","1"
"5802417","7878","2509","169","2024-01-07 13:24:38","93","24","32","37"
"5804509","2805","2508","6","","0","0","0","0"
"5804723","2209","2508","8","","0","0","0","0"
"5808504","3830","2507","42","2024-01-30 23:04:28","12","2","5","5"
"5808897","3430","2507","7","2023-09-04 13:01:24","3","2","0","1"
"5809511","7739","2507","8","","0","0","0","0"
"5809597","3206","2507","7","2023-03-02 18:19:21","1","1","0","0"
"5810378","2029","2507","19","","0","0","0","0"
"5810852","4311","2507","10","","0","0","0","0"
"5811874","2670","2507","75","2024-01-20 04:20:09","1","0","0","1"
"5812524","3677","2507","123","2024-01-26 16:37:10","109","43","32","34"
"5812981","2043","2507","36","2023-08-01 10:25:19","7","3","3","1"
"5815054","4095","2506","5","2023-09-18 07:24:43","10","5","2","3"
"5817313","7312","2506","23","","0","0","0","0"
"5819072","2196","2505","6","2024-01-19 19:40:17","4","2","0","2"
"5819157","2518","2505","5","2023-12-19 08:06:34","2","0","1","1"
"5820440","3504","2505","9","2023-03-04 04:07:30","1","1","0","0"
"5822952","2446","2505","16","2023-11-09 23:47:40","6","1","0","5"
"5824563","4174","2504","7","2023-06-09 17:58:30","3","2","1","0"
"5825963","7310","2504","69","2023-12-12 22:19:46","22","6","7","9"
"5827565","5643","2504","8","2023-07-05 12:54:42","3","1","2","0"
"5828883","4446","2503","13","2023-05-07 22:22:02","1","0","1","0"
"5829526","5098","2503","6","","0","0","0","0"
"5831220","3983","2503","5","2023-04-30 12:06:17","7","7","0","0"
"5833429","6309","2502","8","2023-10-13 12:06:24","6","3","2","1"
"5833816","4404","2502","18","","0","0","0","0"
"5835002","3999","2501","9","2024-01-10 18:28:37","7","0","3","4"
"5836577","2869","2501","18","2023-10-11 12:37:27","2","1","0","1"
"5836700","2703","2501","10","2023-08-02 09:25:36","2","0","0","2"
"5837689","4460","2501","44","2023-12-13 20:55:15","30","8","14","8"
"5838180","2062","2501","9","2024-01-31 23:20:51","9","0","4","5"
"5840062","2265","2500","17","","0","0","0","0"
"5841297","2597","2500","5","","0","0","0","0"
"5844572","3189","2499","14","2023-07-15 04:37:13","1","0","1","0"
"5844686","4603","2499","6","","0","0","0","0"
"5845802","2444","2499","44","2023-10-21 04:51:06","4","1","0","3"
"5846565","2569","2499","6","","0","0","0","0"
"5848185","4693","2499","15","2023-12-24 18:47:25","1","0","0","1"
"5851905","3216","2498","7","2023-06-13 12:33:15","3","0","3","0"
"5852281","3616","2498","6","2023-03-02 18:24:57","1","1","0","0"
"5852550","5055","2498","5","2023-06-24 17:33:39","2","1","1","0"
"5853235","2064","2498","7","2023-12-25 11:39:25","5","1","2","2"
"5853262","2527","2498","18","2023-05-28 23:28:49","2","1","1","0"
"5859654","3769","2496","122","2024-01-23 12:42:37","3","0","2","1"
"5861244","4831","2496","5","2023-09-06 20:19:35","2","1","0","1"
"5862900","4445","2495","7","","0","0","0","0"
"5864582","5746","2495","5","","0","0","0","0"
"5868088","2682","2494","17","2023-06-23 13:25:50","1","0","1","0"
"5869217","4850","2494","8","2023-08-11 01:32:50","4","0","3","1"
"5869304","7246","2494","34","2023-11-13 04:05:36","7","0","3","4"
"5875416","8597","2492","7","","0","0","0","0"
"5876267","4163","2492","18","2023-12-03 11:27:39","7","2","3","2"
"5876803","2479","2492","138","","0","0","0","0"
"5877879","3530","2492","7","","0","0","0","0"
"5882307","6327","2491","52","2023-09-07 11:32:57","5","2","0","3"
"5882375","3293","2491","17","2023-06-07 08:44:12","1","0","1","0"
"5886238","2054","2490","6","","0","0","0","0"
"5887772","7949","2490","7","2023-03-31 11:08:43","3","3","0","0"
"5889853","3797","2490","58","2024-01-30 19:15:59","21","10","8","3"
"5891747","9245","2489","30","","0","0","0","0"
"5897602","6747","2487","24","2023-10-07 12:16:03","5","4","0","1"
"5898421","8217","2487","98","2024-01-29 19:56:52","194","127","35","32"
"5899585","2390","2487","6","2023-06-23 14:44:09","1","0","1","0"
"5899776","2565","2487","10","2023-10-18 15:36:15","9","0","6","3"
"5904821","2404","2486","5","2023-05-05 20:13:12","2","1","1","0"
"5905466","3707","2486","34","2024-01-24 15:12:55","79","20","11","48"
"5909026","3441","2485","24","2024-01-02 07:52:09","6","0","0","6"
"5909388","3507","2485","6","","0","0","0","0"
"5909839","3290","2485","25","2023-12-18 04:06:08","6","4","1","1"
"5911978","2395","2484","8","","0","0","0","0"
"5912896","2052","2484","7","2023-07-07 06:32:07","1","0","1","0"
"5916535","6254","2483","5","","0","0","0","0"
"5919934","7431","2483","113","2024-01-03 18:09:36","32","9","11","12"
"5921826","9377","2482","14","2024-01-31 15:22:47","27","7","7","13"
"5923666","3940","2482","7","2023-10-15 19:01:26","5","0","0","5"
"5924738","4045","2481","5","","0","0","0","0"
"5927442","2397","2481","10","2023-10-20 12:52:11","2","0","0","2"
"5928111","2340","2480","8","2023-10-10 12:41:31","1","0","0","1"
"5929559","8262","2480","19","2023-11-15 16:00:32","6","1","0","5"
"5931672","4212","2480","8","2024-01-29 14:56:10","22","5","7","10"
"5932611","2072","2479","6","2023-09-15 07:24:37","3","0","0","3"
"5934567","2248","2479","15","2023-10-18 22:25:50","2","1","0","1"
"5938276","2464","2478","5","2024-01-18 06:43:48","11","1","3","7"
"5938759","2507","2478","6","2023-08-30 12:01:09","3","0","1","2"
"5939058","7222","2478","16","2023-06-12 13:01:52","2","1","1","0"
"5941620","6237","2478","10","2023-11-30 14:30:19","5","2","1","2"
"5942579","5053","2478","6","2023-03-16 11:24:59","2","2","0","0"
"5948056","2779","2477","20","2023-10-20 07:03:54","11","8","2","1"
"5951420","4544","2476","6","","0","0","0","0"
"5952279","4650","2476","6","2023-06-22 08:59:36","3","2","1","0"
"5953351","2248","2476","6","2023-08-28 06:50:40","6","4","1","1"
"5953610","5488","2476","24","2024-01-14 07:00:23","12","7","3","2"
"5955911","4937","2475","6","","0","0","0","0"
"5956261","8943","2475","191","2023-12-27 21:32:16","49","7","18","24"
"5958708","3853","2474","7","2023-09-03 12:25:42","4","0","2","2"
"5958842","4423","2474","17","2024-01-20 21:55:31","51","11","29","11"
"5959372","2342","2474","13","2023-12-14 12:25:33","4","1","1","2"
"5959625","4035","2474","5","2024-01-27 14:36:39","24","12","2","10"
"5964023","6643","2473","5","","0","0","0","0"
"5966448","2701","2472","6","","0","0","0","0"
"5967807","2280","2472","6","2024-01-29 10:34:56","5","0","2","3"
"5967828","9115","2472","5","","0","0","0","0"
"5967872","4093","2472","56","2023-12-15 17:27:14","10","1","7","2"
"5971498","2203","2472","21","2023-08-17 09:41:47","12","2","8","2"
"5972985","3581","2471","13","2023-09-01 13:00:06","4","3","0","1"
"5976033","4486","2471","43","2023-06-21 01:15:33","2","0","2","0"
"5980143","4379","2470","6","2023-06-22 19:03:02","2","0","2","0"
"5980413","2290","2470","143","","0","0","0","0"
"5982920","2986","3598","5","2024-01-22 18:45:09","2","1","0","1"
"5983596","5428","2469","9","2023-03-03 19:28:36","1","1","0","0"
"5983841","7735","2469","25","2023-06-02 04:32:40","1","0","1","0"
"5986907","8217","2469","47","2024-01-04 21:46:44","12","2","0","10"
"5987669","9177","2469","140","2024-01-23 01:40:26","12","2","1","9"
"5987698","8667","2469","32","2024-01-25 07:53:40","2","1","0","1"
"5989199","2491","2468","8","2023-09-10 13:02:43","2","0","1","1"
"5990938","2725","2468","15","","0","0","0","0"
"5993410","4901","2467","22","","0","0","0","0"
"5993518","2359","2467","17","2023-03-24 17:38:52","5","5","0","0"
"5996031","3636","2466","69","2023-02-01 13:40:11","1","1","0","0"
"5996276","2284","2466","28","2023-12-05 13:12:48","5","2","0","3"
"5997555","7103","2466","6","","0","0","0","0"
"5999372","4056","2466","10","","0","0","0","0"
"6005451","5490","2464","29","","0","0","0","0"
"6010343","2888","2464","9","2023-08-21 12:40:11","11","6","4","1"
"6011193","4245","2463","9","2024-01-23 02:22:37","11","4","2","5"
"6012939","7505","2463","8","2024-01-25 20:53:41","14","1","5","8"
"6013016","5986","2463","6","2023-12-27 04:59:36","18","15","0","3"
"6014330","2640","2463","66","2023-08-04 10:11:18","4","0","2","2"
"6016064","4336","2462","47","2024-01-29 19:44:10","2","0","1","1"
"6016470","4781","2462","8","2024-01-05 17:05:40","2","0","1","1"
"6019903","8838","2462","6","2023-03-21 22:04:33","1","1","0","0"
"6021469","7011","2461","5","2023-12-21 06:18:34","2","1","0","1"
"6022243","8190","2461","8","2023-04-19 19:59:25","1","1","0","0"
"6023173","5250","2461","73","2024-01-29 07:06:17","30","11","11","8"
"6026237","3280","2460","19","2023-12-20 15:40:17","9","0","0","9"
"6026385","2448","2460","9","2024-01-24 15:50:34","4","0","3","1"
"6027872","4973","2459","5","2023-09-19 08:31:43","8","4","3","1"
"6028807","4288","2459","9","2023-04-25 15:56:04","4","4","0","0"
"6029001","2651","2459","5","","0","0","0","0"
"6032177","5407","2458","308","2024-01-30 02:53:33","137","44","1","92"
"6032547","4247","2458","11","2023-02-19 06:26:55","3","3","0","0"
"6033601","4169","2458","52","2023-09-20 20:26:22","6","5","0","1"
"6034955","2179","2458","10","","0","0","0","0"
"6035312","2241","2458","14","","0","0","0","0"
"6036169","8313","2458","12","2023-06-08 23:41:21","5","3","2","0"
"6036546","4603","2458","71","","0","0","0","0"
"6037118","2882","2457","21","2023-09-26 19:03:02","1","0","0","1"
"6037956","2104","2457","11","2024-01-30 12:59:54","26","14","0","12"
"6038180","3097","2457","8","2023-06-02 03:31:15","2","0","2","0"
"6038796","2207","2457","11","","0","0","0","0"
"6039301","4160","2457","47","2024-01-29 16:48:28","21","12","1","8"
"6039830","3629","2457","10","2023-04-12 02:17:09","1","1","0","0"
"6039995","8386","2457","51","","0","0","0","0"
"6040515","2264","2457","14","","0","0","0","0"
"6044312","5173","2456","14","","0","0","0","0"
"6044997","3417","2456","5","","0","0","0","0"
"6046607","2183","2456","8","2023-10-21 21:34:05","7","0","1","6"
"6050364","2691","2455","18","2023-04-06 13:32:20","2","2","0","0"
"6051596","3302","2455","7","2024-01-04 15:02:59","6","1","0","5"
"6052427","2341","2454","10","2023-11-02 12:59:06","3","0","0","3"
"6053084","5114","2454","20","2024-01-03 11:42:52","10","4","0","6"
"6056624","4207","2453","5","2023-03-31 18:10:48","4","4","0","0"
"6060723","2446","2452","9","2023-07-29 08:58:27","3","1","2","0"
"6060964","4995","2452","20","2023-02-10 14:10:50","1","1","0","0"
"6064073","3533","2451","15","2023-10-25 21:34:36","8","4","3","1"
"6064543","3169","2451","6","2023-07-28 18:06:38","2","1","1","0"
"6064728","7722","2451","25","2023-09-06 16:55:44","2","1","0","1"
"6066470","4001","2451","15","2023-11-11 10:02:28","3","1","0","2"
"6066528","4234","2451","12","2023-06-22 13:52:32","6","4","2","0"
"6067774","2570","2451","70","2024-01-09 15:08:11","10","3","0","7"
"6068294","8206","2451","36","2023-12-06 17:27:46","22","9","6","7"
"6069964","2087","2450","8","","0","0","0","0"
"6070341","3660","2450","24","2024-01-01 10:36:43","18","7","1","10"
"6071729","4958","2450","15","2023-11-26 08:11:56","3","1","0","2"
"6072570","3051","2450","22","2023-12-22 10:53:36","4","0","1","3"
"6073141","2755","2450","40","2023-08-24 07:16:09","12","7","4","1"
"6073148","3405","2450","20","2024-01-21 16:18:04","20","3","4","13"
"6075996","2418","2449","29","","0","0","0","0"
"6076861","2065","2449","5","","0","0","0","0"
"6077549","7403","2449","6","","0","0","0","0"
"6077683","6026","2449","17","2024-01-02 18:14:10","12","5","0","7"
"6079144","2994","2449","14","","0","0","0","0"
"6079412","5766","2449","29","","0","0","0","0"
"6080536","7444","2448","32","2024-01-31 21:16:48","23","9","7","7"
"6081445","3976","2448","7","","0","0","0","0"
"6082084","2593","2448","9","2023-09-06 21:27:23","4","1","1","2"
"6082280","3549","2448","5","","0","0","0","0"
"6083675","6266","2448","7","2024-01-02 16:29:59","2","0","0","2"
"6084517","2582","2448","8","2023-11-08 08:06:13","4","0","3","1"
"6084589","4346","2448","41","2023-12-14 18:00:54","30","10","8","12"
"6085193","7519","2447","43","2023-08-14 18:49:31","2","1","0","1"
"6085521","3198","2447","5","2023-05-30 12:59:22","2","1","1","0"
"6085864","2041","2447","97","2023-07-16 09:48:27","1","0","1","0"
"6089443","2072","2446","6","2023-08-26 02:51:03","1","0","0","1"
"6091308","3458","2445","38","2023-03-16 00:09:11","2","2","0","0"
"6092788","3393","2445","10","","0","0","0","0"
"6095092","2148","2445","66","2024-01-16 16:45:37","22","14","3","5"
"6095508","7782","2445","9","","0","0","0","0"
"6095662","2814","2445","8","2023-03-21 12:42:00","2","2","0","0"
"6097503","4343","2444","7","2023-05-20 19:44:31","1","0","1","0"
"6103001","4425","2443","12","","0","0","0","0"
"6105259","4323","2443","9","","0","0","0","0"
"6108283","5723","2442","63","2023-10-24 12:41:18","4","1","0","3"
"6108947","3484","2442","41","2023-09-19 08:56:02","5","0","0","5"
"6109034","2713","2442","17","2024-01-23 10:29:18","5","0","2","3"
"6110783","3824","2442","9","2023-10-03 19:07:53","2","1","0","1"
"6112457","5583","2441","5","2023-11-16 05:30:24","5","2","0","3"
"6112586","2963","2441","10","2024-01-06 10:35:24","7","3","0","4"
"6113363","2541","2441","11","2023-08-30 05:03:06","12","0","5","7"
"6113627","4108","2441","5","","0","0","0","0"
"6117311","2294","2440","9","2023-12-05 13:28:10","5","1","3","1"
"6119582","5298","2439","38","2024-01-26 20:58:23","18","11","1","6"
"6121044","5343","2439","33","2023-08-01 16:33:39","7","5","1","1"
"6121430","2999","2439","19","2024-01-16 15:44:44","2","0","0","2"
"6123824","8358","2438","23","2024-01-30 07:49:32","37","5","14","18"
"6124824","3232","2438","6","2023-10-18 10:25:46","6","3","1","2"
"6128573","2852","2437","11","2023-10-09 06:18:22","8","3","4","1"
"6130753","8430","2437","5","2023-12-21 07:48:38","1","0","0","1"
"6131368","2800","2437","11","2023-08-21 15:34:56","4","2","1","1"
"6131452","2104","2437","10","2024-01-24 19:27:08","12","0","2","10"
"6131611","5986","2437","11","2024-01-17 23:02:19","4","3","0","1"
"6133426","2323","2436","6","2024-01-26 19:12:10","16","11","1","4"
"6136235","2820","2436","17","2024-01-31 21:35:31","18","14","0","4"
"6139163","2292","2435","8","2023-11-17 16:19:07","3","1","0","2"
"6140314","4681","2435","6","","0","0","0","0"
"6140888","2338","2435","6","2023-12-09 21:53:51","1","0","0","1"
"6141587","9033","2435","18","2024-01-29 06:47:11","12","0","1","11"
"6141797","2151","2435","15","","0","0","0","0"
"6143954","5912","2434","7","2023-12-22 14:15:14","1","0","0","1"
"6144118","6328","2434","13","2023-06-12 07:18:17","5","3","2","0"
"6144626","3555","2434","36","2023-07-14 08:28:41","7","0","7","0"
"6146136","4790","2434","162","2023-09-22 22:59:21","168","133","25","10"
"6147653","4553","2433","7","","0","0","0","0"
"6151549","2366","2432","11","2023-11-20 20:33:40","7","0","1","6"
"6156647","4535","2431","7","","0","0","0","0"
"6156726","2580","2431","5","2023-09-04 04:09:13","3","2","0","1"
"6157848","4229","2431","14","2023-04-25 06:45:39","1","1","0","0"
"6158341","2578","2431","22","2024-01-25 07:50:04","16","2","7","7"
"6159698","3483","2430","5","","0","0","0","0"
"6160172","4454","2430","6","2023-10-18 09:35:42","3","0","1","2"
"6160951","2772","2430","12","","0","0","0","0"
"6162011","5478","2430","21","2023-06-28 12:49:36","1","0","1","0"
"6162864","2269","2430","10","2023-12-25 08:29:00","10","4","2","4"
"6163066","2642","2430","9","2023-10-09 18:58:16","4","0","2","2"
"6163756","3776","2430","5","","0","0","0","0"
"6167296","2354","2429","8","","0","0","0","0"
"6167440","4197","2429","5","","0","0","0","0"
"6168323","7654","2429","22","2023-06-13 15:55:19","12","3","9","0"
"6170191","5578","2428","20","2024-01-31 11:27:00","36","7","3","26"
"6170711","2128","2428","9","2023-03-02 08:11:30","1","1","0","0"
"6170890","7115","2428","13","","0","0","0","0"
"6172657","3647","2428","5","2024-01-06 20:03:54","6","4","0","2"
"6175174","2637","2427","12","2023-11-11 19:49:37","6","5","0","1"
"6186333","2924","2424","5","2023-11-08 17:37:39","6","2","0","4"
"6190031","9943","2424","62","2024-01-04 23:39:05","46","16","11","19"
"6191255","5142","2423","45","2023-07-15 10:01:00","1","0","1","0"
"6192332","2131","2423","5","","0","0","0","0"
"6194097","8734","2423","15","2023-07-29 09:32:46","3","2","1","0"
"6197439","6020","2422","26","2024-01-25 13:02:34","22","8","2","12"
"6200354","2114","2422","31","2024-01-05 13:09:46","34","5","4","25"
"6200728","2898","2422","58","2023-02-06 07:28:59","1","1","0","0"
"6202210","3159","2421","8","2023-12-05 20:11:12","1","0","0","1"
"6203113","3943","2421","24","2023-06-12 14:37:09","11","10","1","0"
"6203226","7173","2421","55","","0","0","0","0"
"6203472","6484","2421","5","","0","0","0","0"
"6204542","2816","2421","11","2023-11-03 23:34:52","1","0","0","1"
"6204612","4614","2421","31","2023-06-01 23:02:28","1","0","1","0"
"6208915","3336","2420","23","2023-12-17 22:31:16","15","5","1","9"
"6209382","2834","2420","7","2023-06-10 20:53:01","4","3","1","0"
"6210699","2601","2420","12","","0","0","0","0"
"6212294","4309","2419","17","","0","0","0","0"
"6214210","6521","2419","236","2023-12-28 19:27:20","27","26","0","1"
"6216983","2244","2418","31","2023-12-18 17:19:39","115","38","36","41"
"6220377","6607","2417","5","2024-01-11 10:02:10","7","0","5","2"
"6221024","7778","2417","71","2024-01-15 22:37:36","34","18","3","13"
"6221931","2516","2417","6","","0","0","0","0"
"6222152","3522","2417","7","2024-01-22 18:45:24","5","2","1","2"
"6224228","4051","2416","14","","0","0","0","0"
"6224823","6900","2416","23","","0","0","0","0"
"6224975","5574","2416","18","2024-01-31 13:42:47","8","5","2","1"
"6236042","2728","2414","8","2023-12-23 00:54:19","17","0","3","14"
"6237026","4818","2414","7","","0","0","0","0"
"6237093","6848","2414","133","2024-01-27 01:47:52","150","87","50","13"
"6238009","2812","2414","11","2024-01-09 19:50:43","5","3","1","1"
"6240879","2732","2413","39","2023-03-07 13:02:09","3","3","0","0"
"6241184","6942","2413","5","","0","0","0","0"
"6241429","2514","2413","5","","0","0","0","0"
"6244201","3537","2412","16","2023-04-24 10:30:49","4","4","0","0"
"6245535","7598","2412","5","","0","0","0","0"
"6246818","5781","2411","7","2023-07-07 11:09:08","4","3","1","0"
"6249483","3517","2410","5","","0","0","0","0"
"6250649","2318","2410","6","2023-02-10 17:21:17","1","1","0","0"
"6251742","4161","2410","10","2023-11-17 21:40:09","63","52","5","6"
"6252111","2019","2410","8","","0","0","0","0"
"6252525","6498","2410","5","2024-01-29 19:46:02","3","1","1","1"
"6255000","2795","2409","27","2023-11-30 12:27:22","8","5","1","2"
"6255757","2425","2409","38","2024-01-27 10:14:49","13","6","1","6"
"6255978","4356","2409","5","","0","0","0","0"
"6258859","4991","2409","26","2024-01-25 23:10:03","22","11","2","9"
"6261890","7684","2408","258","2024-01-30 07:28:06","148","41","34","73"
"6263015","4374","2408","13","2023-10-21 11:15:14","5","1","2","2"
"6267288","3352","2407","5","2024-01-15 10:29:02","6","1","2","3"
"6269559","3085","2406","8","2023-10-16 14:36:29","3","1","0","2"
"6270118","2518","2406","51","","0","0","0","0"
"6271180","5422","2406","5","2023-06-07 16:12:34","1","0","1","0"
"6271889","2039","2406","10","2023-11-15 16:46:56","4","2","0","2"
"6272102","4523","2406","10","","0","0","0","0"
"6273251","6907","2406","57","2023-12-28 16:12:43","20","11","4","5"
"6275174","8883","2405","7","2023-12-12 08:23:50","2","1","0","1"
"6276596","3199","2404","7","2023-08-19 23:58:01","5","0","1","4"
"6276704","3972","2404","5","","0","0","0","0"
"6277831","5310","2404","9","2024-01-26 21:42:19","5","1","0","4"
"6280156","2004","2403","6","2023-12-26 05:55:16","10","0","3","7"
"6284025","2045","2402","31","2023-12-28 18:28:28","8","3","4","1"
"6284785","4722","2402","8","2023-03-25 18:55:12","1","1","0","0"
"6285600","3998","2402","41","2023-11-17 11:36:02","11","0","1","10"
"6295712","7168","2400","9","","0","0","0","0"
"6296268","4857","2400","5","","0","0","0","0"
"6296435","6532","2400","5","2023-10-03 10:07:07","2","1","0","1"
"6296759","5377","2400","15","2024-01-21 09:13:33","8","1","4","3"
"6296931","2254","2400","7","2023-06-12 13:47:32","2","1","1","0"
"6298712","9004","2399","208","2023-12-20 23:29:54","3","2","0","1"
"6301394","2631","2399","14","2023-11-22 04:42:28","3","1","1","1"
"6302131","2954","2399","5","2024-01-16 19:44:08","5","1","1","3"
"6303541","4470","2398","12","","0","0","0","0"
"6305294","5237","2398","16","2024-01-31 01:21:46","18","3","7","8"
"6308685","3321","2396","10","2023-09-15 13:03:27","13","1","7","5"
"6309457","5317","2396","8","","0","0","0","0"
"6310260","4643","2396","98","2023-04-13 09:03:06","14","14","0","0"
"6310593","5831","2396","7","2023-09-16 20:53:17","2","0","1","1"
"6312338","7967","2396","8","2023-08-14 20:42:35","5","3","0","2"
"6315242","5125","2395","24","2024-01-05 14:31:20","1","0","0","1"
"6316044","2606","2395","18","2023-04-24 08:22:04","1","1","0","0"
"6319901","2041","2394","5","2023-08-04 08:43:33","8","3","4","1"
"6324055","6626","2393","37","2024-01-08 09:59:57","49","30","11","8"
"6324775","4335","2393","5","2023-10-03 13:52:35","3","2","0","1"
"6325119","4230","2393","9","2024-01-09 11:02:49","1","0","0","1"
"6325822","4308","2393","7","","0","0","0","0"
"6326565","3414","2393","13","","0","0","0","0"
"6327086","3949","2393","13","2023-10-03 18:46:18","4","1","2","1"
"6327445","5106","2393","49","2024-01-31 22:35:33","11","1","1","9"
"6327658","3853","2393","5","2023-11-17 05:51:27","2","1","0","1"
"6329629","3110","2392","31","2023-05-23 06:25:18","8","7","1","0"
"6329727","4678","2392","6","2023-09-07 13:38:34","4","2","1","1"
"6331353","2365","2392","18","","0","0","0","0"
"6331372","5501","2392","7","2023-09-20 13:24:01","9","3","3","3"
"6331985","4725","2392","9","2023-12-05 06:18:19","1","0","0","1"
"6333444","8209","2391","69","2024-01-23 11:01:01","28","6","7","15"
"6335363","2121","2391","49","2023-11-18 05:47:39","23","9","8","6"
"6337523","4116","2390","15","2023-08-21 16:07:17","1","0","0","1"
"6337545","7634","2390","11","2023-12-01 17:55:48","4","1","0","3"
"6338179","2637","2390","5","","0","0","0","0"
"6340496","9929","2389","77","2024-01-09 12:25:26","6","2","0","4"
"6340775","2321","2389","6","","0","0","0","0"
"6340948","6408","2389","5","2023-12-12 10:47:30","6","0","2","4"
"6341943","3696","2389","9","2023-10-07 07:43:34","4","1","1","2"
"6346531","2609","2388","11","2023-04-27 07:59:06","1","1","0","0"
"6346698","7315","2388","7","","0","0","0","0"
"6346825","2183","2388","10","2023-09-28 16:05:14","6","0","2","4"
"6348551","4549","2387","41","2024-01-30 19:31:34","18","6","3","9"
"6349751","7763","2387","29","2023-11-03 10:43:07","21","9","4","8"
"6351733","7508","2387","24","2023-12-21 20:52:52","3","2","0","1"
"6352160","2895","2387","10","2023-09-20 18:13:31","7","4","2","1"
"6352677","2096","2387","7","","0","0","0","0"
"6356430","5573","2386","37","2024-01-24 16:11:22","5","0","0","5"
"6367213","4344","2383","16","2023-11-26 01:11:26","4","1","0","3"
"6367424","2953","2383","84","2023-11-20 16:25:34","13","2","6","5"
"6368363","4154","2383","26","2023-12-05 19:55:51","12","3","4","5"
"6369276","3726","2382","12","","0","0","0","0"
"6373435","2589","2382","10","2023-09-01 18:26:11","9","8","0","1"
"6378557","9152","2381","42","2023-11-01 13:12:00","24","11","7","6"
"6378949","7991","2380","10","","0","0","0","0"
"6381711","7856","2380","6","","0","0","0","0"
"6383171","5031","2380","20","","0","0","0","0"
"6384423","6966","2379","7","2024-01-23 02:01:15","5","1","1","3"
"6384776","2290","2379","54","","0","0","0","0"
"6385640","4823","2379","40","2023-12-17 13:00:52","81","35","11","35"
"6386632","2054","2379","11","2023-07-04 17:56:26","7","6","1","0"
"6387370","3732","2379","5","","0","0","0","0"
"6387618","5300","2379","7","2023-09-30 09:37:37","4","0","0","4"
"6388552","4823","2379","100","2023-11-08 14:12:03","8","5","2","1"
"6390152","5184","2378","5","2023-10-16 08:56:56","2","0","1","1"
"6394404","3614","2377","8","2023-04-08 06:36:17","1","1","0","0"
"6396174","3086","2376","5","2024-01-10 06:50:10","3","0","2","1"
"6398044","8775","2376","11","2024-01-30 08:07:05","18","6","4","8"
"6398263","3488","2376","14","2023-10-07 01:23:04","1","0","0","1"
"6409000","3727","2373","5","","0","0","0","0"
"6410450","2245","2373","11","2023-12-09 05:00:56","7","0","0","7"
"6412823","2061","2372","11","2024-01-12 06:01:31","4","2","0","2"
"6412847","4413","2372","8","2023-11-29 15:37:12","2","0","0","2"
"6414203","3062","2372","9","2023-09-18 11:25:06","4","1","1","2"
"6415199","2119","2372","10","2023-05-23 14:45:36","2","1","1","0"
"6415828","2695","2372","6","2023-11-07 20:13:17","4","2","1","1"
"6416660","5172","2372","7","2023-02-17 00:18:13","2","2","0","0"
"6423456","2784","2370","5","2023-04-09 22:54:36","2","2","0","0"
"6425936","4408","2496","17","2023-12-12 01:01:07","6","2","3","1"
"6429674","3474","2368","40","2023-12-15 09:05:07","10","6","3","1"
"6430523","7437","2368","256","2024-01-25 18:36:13","109","38","37","34"
"6433166","9477","2367","7","","0","0","0","0"
"6438430","2392","2366","13","2023-10-11 14:35:00","2","0","0","2"
"6440372","2821","2366","12","","0","0","0","0"
"6440589","4800","2366","48","2023-10-18 10:41:39","25","15","4","6"
"6441048","3902","2366","33","2023-12-14 17:16:24","23","13","3","7"
"6442841","2964","2366","14","2023-11-09 14:05:24","1","0","0","1"
"6444705","2753","2365","5","","0","0","0","0"
"6446053","3305","2365","18","2023-03-29 13:07:04","2","2","0","0"
"6449292","7321","2364","5","2024-01-28 10:42:26","3","0","1","2"
"6452829","3011","2363","6","2023-09-19 07:38:47","3","1","0","2"
"6456163","2383","2362","61","2023-12-16 20:13:10","28","7","7","14"
"6461882","2875","2361","8","2023-11-30 18:05:21","6","2","1","3"
"6465591","3467","2360","7","2023-05-29 17:12:49","1","0","1","0"
"6468580","5099","2359","15","2023-07-13 09:14:31","4","3","1","0"
"6468625","9181","2359","5","2024-01-12 14:43:19","8","0","0","8"
"6469690","3249","2359","34","","0","0","0","0"
"6469772","4078","2359","10","","0","0","0","0"
"6471284","2815","2359","12","2023-07-31 09:18:21","3","0","3","0"
"6474744","2032","2358","6","2024-01-10 12:49:55","4","1","1","2"
"6475652","2386","2358","12","2023-06-13 13:02:15","6","2","4","0"
"6476488","3741","2358","7","","0","0","0","0"
"6476496","3564","2358","10","2023-09-26 20:20:09","1","0","0","1"
"6478085","2662","2357","12","2024-01-18 07:20:34","10","1","1","8"
"6480658","5373","2357","8","2023-03-23 19:28:31","2","2","0","0"
"6482931","2314","2356","30","2024-01-17 15:04:46","15","2","3","10"
"6486738","9837","2355","12","2024-01-14 03:58:49","5","0","3","2"
"6488361","5183","2354","8","2023-08-10 11:58:41","2","0","0","2"
"6489012","7512","2354","7","2023-08-25 20:14:50","2","1","0","1"
"6498650","9543","2352","16","2023-09-25 08:42:34","1","0","0","1"
"6501190","4347","2352","7","2023-02-21 15:16:09","1","1","0","0"
"6503141","4437","2351","31","2023-11-01 15:18:10","2","0","0","2"
"6509519","3345","2350","33","2023-12-28 15:05:33","36","17","6","13"
"6510138","2090","2350","9","2024-01-19 04:38:17","18","2","5","11"
"6510144","2226","2350","21","2024-01-18 07:40:31","12","3","4","5"
"6510273","2179","2350","6","2024-01-30 08:26:25","1","0","0","1"
"6512057","7963","4019","10","2023-09-22 09:42:31","5","1","2","2"
"6512565","5247","2349","5","2023-09-23 15:26:59","5","1","0","4"
"6512681","3272","2349","21","2023-04-02 15:39:37","1","1","0","0"
"6512693","2781","2349","5","2023-11-18 11:00:45","6","3","1","2"
"6513723","5428","2348","6","2023-05-20 06:58:17","1","0","1","0"
"6516699","4579","2347","11","2024-01-09 10:35:53","2","0","0","2"
"6517320","3415","2347","5","2023-05-26 12:42:04","6","0","6","0"
"6519981","2389","2347","27","2023-06-08 19:35:13","1","0","1","0"
"6523474","2159","2346","7","2023-07-26 13:56:48","2","0","2","0"
"6530134","9997","2345","82","2024-01-23 16:42:35","55","18","16","21"
"6530454","2131","2345","6","2023-03-06 05:21:41","1","1","0","0"
"6532549","7137","2344","9","2023-06-05 06:25:04","1","0","1","0"
"6532822","4756","2344","13","2024-01-21 13:48:04","12","0","1","11"
"6533855","2591","2344","13","2023-03-03 18:03:20","1","1","0","0"
"6535324","2544","2344","8","","0","0","0","0"
"6537157","8128","2343","42","2023-11-20 06:14:41","24","8","5","11"
"6537892","2128","2343","5","2023-09-17 09:03:34","10","2","2","6"
"6541659","7465","2342","12","","0","0","0","0"
"6544083","3962","2341","7","2023-06-01 08:18:25","4","0","4","0"
"6546440","6912","2340","45","2023-06-19 11:03:44","1","0","1","0"
"6546694","5881","2971","7","2023-06-26 10:23:18","6","1","5","0"
"6548223","3069","2340","11","2023-09-26 05:35:17","5","2","0","3"
"6552016","3694","2339","6","2023-12-13 08:16:05","2","0","0","2"
"6561930","3993","2337","22","2023-07-23 19:00:45","8","7","1","0"
"6562458","6615","2337","38","2023-07-06 07:39:55","18","17","1","0"
"6563567","9472","2336","59","2023-06-26 05:39:21","13","9","4","0"
"6564620","2887","2336","20","2023-05-19 06:26:35","1","0","1","0"
"6565038","9103","2336","78","","0","0","0","0"
"6575139","4330","2333","28","2023-08-05 13:24:09","13","2","10","1"
"6576315","3900","2333","17","2023-10-14 06:19:25","4","2","1","1"
"6579116","3207","2332","19","2023-12-19 15:56:24","4","1","0","3"
"6579295","9173","2332","16","","0","0","0","0"
"6580543","4608","2332","108","2023-02-23 18:14:19","9","9","0","0"
"6583204","2552","2331","22","2023-09-25 12:05:10","10","1","1","8"
"6583529","2046","2331","34","2023-02-09 09:26:52","1","1","0","0"
"6586255","9075","2331","15","2023-10-19 13:44:30","5","0","2","3"
"6588512","2148","2330","8","2023-06-10 07:43:00","6","3","3","0"
"6591688","4161","2330","11","2024-01-01 08:42:44","5","4","0","1"
"6592058","5176","2329","10","2023-02-24 15:58:38","3","3","0","0"
"6592293","2238","2329","6","2023-08-24 16:12:52","2","0","1","1"
"6592881","2395","2329","11","2024-01-24 15:46:03","4","2","1","1"
"6594467","2556","2329","28","2023-11-08 22:03:09","29","18","3","8"
"6594576","7494","2329","43","2024-01-28 07:15:59","62","23","15","24"
"6595663","3291","2329","5","2023-03-29 16:55:55","1","1","0","0"
"6596606","2728","2328","8","2023-12-05 21:51:59","1","0","0","1"
"6597265","8149","2328","12","2023-09-22 10:57:32","6","1","1","4"
"6597851","2695","2328","19","2023-03-18 00:27:02","5","5","0","0"
"6598275","2845","2328","7","","0","0","0","0"
"6602599","3151","2326","8","2023-05-30 05:21:41","2","1","1","0"
"6607497","4928","2325","23","2024-01-30 08:14:11","39","6","3","30"
"6608222","2126","2325","14","2023-08-11 21:41:06","1","0","0","1"
"6609599","4126","2325","6","2023-07-17 22:34:16","1","0","1","0"
"6609896","5685","2325","12","2023-10-01 13:48:32","9","3","2","4"
"6611487","3277","2324","7","","0","0","0","0"
"6613333","2093","2324","8","2023-12-11 11:45:59","4","0","1","3"
"6614155","2548","2324","10","2024-01-23 14:36:46","15","3","6","6"
"6617152","4948","2323","43","2023-10-09 06:37:10","6","3","2","1"
"6618996","6139","2323","8","2023-02-17 11:14:14","1","1","0","0"
"6623265","2088","2322","16","2023-07-19 04:36:15","13","5","8","0"
"6624509","3090","2322","12","2023-03-10 09:54:03","3","3","0","0"
"6625548","3397","2322","5","2023-10-26 07:48:16","1","0","0","1"
"6629515","6579","2321","6","2024-01-27 18:28:46","7","1","3","3"
"6630012","2210","2321","6","","0","0","0","0"
"6630084","9089","2321","110","2024-01-24 17:12:46","60","20","11","29"
"6630397","8461","2320","8","2024-01-10 10:53:12","5","2","0","3"
"6630644","4970","2320","7","2023-12-25 19:44:10","4","3","0","1"
"6631280","2920","2320","25","2023-09-04 12:12:40","3","2","0","1"
"6632214","2821","2320","5","2023-06-29 07:03:28","6","1","5","0"
"6632736","4748","2320","20","2024-01-30 15:49:44","8","1","1","6"
"6632744","7870","2320","63","2024-01-09 20:37:12","5","0","0","5"
"6638583","3397","2318","5","2023-03-29 10:13:58","2","2","0","0"
"6641198","3997","2318","49","2023-11-03 18:35:20","4","0","0","4"
"6643803","4731","2317","6","2023-07-06 16:12:17","5","2","3","0"
"6643940","4390","2317","36","2024-01-09 13:21:41","113","40","28","45"
"6646421","3538","2317","25","","0","0","0","0"
"6649786","6250","2316","26","2023-09-29 06:01:32","3","1","0","2"
"6650475","2861","2316","6","2024-01-25 21:36:34","11","0","1","10"
"6651763","2130","2316","5","2023-11-07 14:25:07","1","0","0","1"
"6651824","6807","2316","12","","0","0","0","0"
"6651840","6425","2745","136","2024-01-26 19:34:32","121","8","33","80"
"6651984","2418","2316","12","","0","0","0","0"
"6653426","3750","2315","34","2023-02-01 02:01:12","2","2","0","0"
"6654475","4276","2315","20","2023-10-01 03:55:21","3","1","1","1"
"6655004","2246","2315","9","2024-01-18 17:37:22","12","5","3","4"
"6655126","3644","2315","8","","0","0","0","0"
"6656062","4719","2315","9","2023-08-07 08:15:00","4","2","0","2"
"6656081","2612","2315","5","2023-11-23 18:04:16","2","1","0","1"
"6658422","2368","2314","5","","0","0","0","0"
"6660638","9107","2313","28","2023-04-14 18:33:04","6","6","0","0"
"6663375","2498","2312","5","2023-02-02 17:12:43","1","1","0","0"
"6667442","5981","2311","5","2023-04-06 07:56:02","1","1","0","0"
"6674599","2035","2310","7","2023-05-22 19:56:32","2","1","1","0"
"6676101","4755","2309","22","2023-11-30 00:09:05","20","15","4","1"
"6676781","3503","2309","10","2023-10-10 17:48:53","4","3","0","1"
"6677639","2815","2309","7","2023-10-15 13:05:34","4","2","0","2"
"6679321","2378","2309","5","2023-08-09 08:53:36","2","0","1","1"
"6682076","3706","2308","6","","0","0","0","0"
"6682406","2325","2308","66","2024-01-02 10:46:56","6","2","1","3"
"6683217","6145","2308","6","2023-11-05 15:00:40","3","1","1","1"
"6688493","4470","2306","5","2023-11-10 15:07:34","15","4","5","6"
"6689725","8068","2305","15","2023-10-08 01:24:39","2","1","0","1"
"6690002","5114","2305","7","2023-10-26 09:39:42","4","1","0","3"
"6691539","2716","2305","8","2023-02-17 05:42:28","1","1","0","0"
"6692895","6574","2305","77","2023-07-03 07:29:21","8","7","1","0"
"6696684","2945","2304","7","","0","0","0","0"
"6698642","3010","2303","56","","0","0","0","0"
"6700081","2995","2303","11","2024-01-04 17:14:13","8","3","3","2"
"6702598","3747","2303","28","2023-11-18 18:32:39","7","1","1","5"
"6703530","2328","2302","12","2024-01-30 10:16:36","8","0","6","2"
"6704033","2832","2302","30","2023-09-08 12:50:01","11","3","6","2"
"6705684","3282","2302","5","2023-05-09 10:26:38","2","1","1","0"
"6706167","3369","2302","8","2023-10-19 08:03:50","2","1","0","1"
"6707985","5944","2301","18","2023-10-28 16:24:11","4","0","1","3"
"6708274","2641","2301","22","","0","0","0","0"
"6710876","2373","2301","6","2023-07-28 09:37:44","7","5","2","0"
"6711360","2877","2300","6","","0","0","0","0"
"6713327","3089","2300","152","","0","0","0","0"
"6715606","6694","2299","6","2023-09-25 21:01:39","1","0","0","1"
"6715629","2453","2299","5","","0","0","0","0"
"6717610","3410","2298","7","2024-01-16 18:39:39","7","5","1","1"
"6722075","2594","2297","29","2023-11-17 15:55:06","13","6","3","4"
"6723250","3060","2297","6","","0","0","0","0"
"6724175","4649","2296","13","2023-09-25 12:41:52","4","1","1","2"
"6729397","2688","2295","9","","0","0","0","0"
"6730686","2735","2295","5","","0","0","0","0"
"6730803","5097","2295","7","2023-07-30 10:34:02","7","3","4","0"
"6733315","2558","2294","7","2023-02-01 05:52:20","1","1","0","0"
"6733403","2918","2294","14","","0","0","0","0"
"6733426","2279","2294","5","2023-09-08 04:46:20","2","1","0","1"
"6734243","2718","2294","5","2024-01-29 15:24:19","26","5","8","13"
"6737245","3247","2293","8","","0","0","0","0"
"6737860","5489","2293","7","","0","0","0","0"
"6744133","2622","2291","20","","0","0","0","0"
"6746785","3551","2290","11","2023-12-12 09:59:25","7","1","1","5"
"6748758","6025","2290","7","","0","0","0","0"
"6749874","2729","2290","17","2024-01-29 16:08:21","16","8","3","5"
"6750422","4426","2289","15","2023-05-04 17:24:06","2","1","1","0"
"6753182","3310","2289","27","2024-01-22 18:11:47","10","6","1","3"
"6754706","4109","2289","5","2023-05-31 16:04:03","2","0","2","0"
"6758654","3673","2288","11","2023-11-12 21:59:35","3","0","1","2"
"6759368","3213","2287","70","2023-09-13 22:22:11","2","0","0","2"
"6760372","3930","2287","26","","0","0","0","0"
"6761698","2397","2287","5","2023-03-20 08:55:13","1","1","0","0"
"6763278","2358","2287","9","2023-03-01 20:12:45","6","6","0","0"
"6764079","3727","2286","13","","0","0","0","0"
"6764298","3141","2286","33","2023-04-28 06:15:17","1","1","0","0"
"6766457","3648","2285","10","2023-10-01 18:36:28","1","0","0","1"
"6767625","3575","2285","6","2023-02-09 18:14:07","1","1","0","0"
"6769119","3537","2284","5","2024-01-10 13:19:47","10","2","0","8"
"6769331","3320","2284","20","","0","0","0","0"
"6769349","2717","2284","5","2023-07-28 09:54:26","5","0","5","0"
"6770305","5217","2284","36","2023-12-02 00:41:28","7","3","1","3"
"6770343","3988","2284","9","2023-07-17 12:45:31","1","0","1","0"
"6770614","4501","2284","7","2023-08-03 15:53:06","1","0","0","1"
"6771152","2081","2284","8","","0","0","0","0"
"6775884","2828","2283","11","2024-01-24 00:01:06","8","5","1","2"
"6777695","4144","2282","10","2024-01-21 23:10:59","15","2","5","8"
"6778826","2792","2282","23","2023-05-09 23:32:08","3","2","1","0"
"6783328","2735","2281","66","2024-01-30 08:53:40","26","6","9","11"
"6783663","4290","2281","10","","0","0","0","0"
"6783666","3879","2281","7","2023-12-11 10:57:43","2","0","0","2"
"6783775","4078","2281","19","2024-01-18 15:48:19","18","9","4","5"
"6786634","2368","2280","18","2023-05-13 07:43:32","2","0","2","0"
"6786876","3532","2280","17","2023-12-23 10:30:19","2","0","0","2"
"6788255","6852","2280","115","2024-01-16 02:41:48","70","34","14","22"
"6789321","5352","2280","42","","0","0","0","0"
"6789816","7502","2279","20","2023-12-20 15:25:26","4","3","0","1"
"6789999","3206","2279","5","","0","0","0","0"
"6791254","5413","2279","10","2023-10-17 09:29:03","9","1","5","3"
"6791677","8492","2279","6","","0","0","0","0"
"6791970","3024","2279","12","2023-11-15 04:06:55","14","8","5","1"
"6794063","5817","2278","75","2024-01-23 15:51:07","87","18","21","48"
"6796524","2561","2277","8","2023-12-04 15:41:49","3","0","0","3"
"6797250","3871","2277","31","2023-08-02 02:00:31","1","0","0","1"
"6801443","4625","2276","41","2023-08-10 00:32:05","4","1","0","3"
"6801926","2361","2276","6","","0","0","0","0"
"6802156","4143","2276","35","2023-07-26 13:29:13","5","2","3","0"
"6802917","2400","2275","11","2024-01-21 17:13:53","2","1","0","1"
"6803492","3535","2275","25","2024-01-22 12:25:40","25","10","8","7"
"6805190","5152","2275","10","2023-07-04 10:55:58","2","0","2","0"
"6805392","4394","2275","22","2024-01-28 21:53:02","18","1","1","16"
"6807769","5188","2274","34","2024-01-12 14:29:36","8","0","5","3"
"6808474","4058","2274","6","","0","0","0","0"
"6810689","2490","2274","7","","0","0","0","0"
"6812035","2293","2273","7","2023-02-19 18:10:34","2","2","0","0"
"6812182","2210","2273","11","2024-01-07 08:59:37","4","1","1","2"
"6812729","6582","2273","15","2024-01-23 07:52:52","8","0","2","6"
"6813271","2293","2273","5","2023-09-22 12:43:26","3","2","0","1"
"6813506","3964","2273","7","","0","0","0","0"
"6813907","3308","2273","17","2024-01-22 11:56:57","4","1","0","3"
"6815267","4174","2273","7","2023-10-05 18:11:37","3","2","0","1"
"6817245","9675","2272","51","2023-10-19 19:57:01","4","0","3","1"
"6819340","4628","2271","60","2023-06-18 18:21:28","7","0","7","0"
"6826479","3023","2269","22","","0","0","0","0"
"6827367","2465","2269","6","2023-09-07 12:43:22","2","1","0","1"
"6834114","3100","2267","9","","0","0","0","0"
"6835732","2406","2267","32","2023-10-01 08:29:06","3","1","0","2"
"6836495","5168","2267","5","2024-01-10 10:16:26","2","0","1","1"
"6836871","3407","2267","5","2023-12-01 08:32:40","5","1","0","4"
"6841224","2310","2266","20","2023-02-12 08:49:41","2","2","0","0"
"6842292","3412","2265","8","2023-12-14 08:02:56","4","2","1","1"
"6842716","9454","2265","70","","0","0","0","0"
"6843077","3165","2265","7","2023-07-11 14:18:53","2","0","2","0"
"6843153","5525","2265","15","2023-09-24 14:52:58","4","0","3","1"
"6844169","3152","2264","17","2023-09-14 17:27:52","7","4","1","2"
"6844481","8950","2264","6","2024-01-31 07:03:00","20","6","1","13"
"6846682","3589","2264","9","2023-07-31 17:27:23","2","1","1","0"
"6846888","9671","2263","6","2023-03-27 20:14:47","1","1","0","0"
"6848161","2290","2263","7","2023-08-22 12:22:49","2","1","0","1"
"6850554","2190","2263","5","","0","0","0","0"
"6854407","5051","2262","36","2023-12-05 18:44:33","25","9","8","8"
"6854859","2832","2262","6","2023-11-19 20:26:44","3","0","2","1"
"6855531","3252","2262","26","2023-06-25 14:41:17","7","3","4","0"
"6862530","2107","2260","8","2023-04-24 08:35:01","5","5","0","0"
"6865787","4725","2260","115","2023-07-05 21:33:32","17","12","5","0"
"6866811","6551","2260","11","","0","0","0","0"
"6867048","8893","2260","12","2023-08-30 18:34:46","11","0","3","8"
"6874359","3053","2258","42","2023-10-04 18:39:29","2","1","0","1"
"6886501","4147","2255","97","2023-11-16 10:37:08","17","12","3","2"
"6888239","2467","2255","20","2023-02-16 06:12:55","1","1","0","0"
"6889416","3275","2255","51","2024-01-31 08:29:09","26","11","7","8"
"6893709","3517","2254","11","2024-01-16 06:37:29","8","1","3","4"
"6895166","3184","2254","17","2023-09-05 11:30:18","19","17","0","2"
"6896760","2039","2253","7","2023-10-12 20:49:49","2","0","1","1"
"6898849","7277","2253","6","2023-08-09 21:17:54","4","2","1","1"
"6901690","5105","2253","31","2023-12-20 22:00:25","11","4","2","5"
"6901876","4548","2253","34","","0","0","0","0"
"6903298","2072","2252","15","","0","0","0","0"
"6907424","2994","2251","10","2024-01-25 03:09:00","7","0","1","6"
"6908282","7928","2251","51","2023-12-26 10:30:38","29","3","10","16"
"6908895","5019","2251","36","2023-11-12 13:40:13","49","18","17","14"
"6910868","4991","2250","9","2024-01-06 01:29:44","9","3","1","5"
"6911703","2579","2250","49","2023-11-01 20:49:34","46","44","0","2"
"6912817","5741","2250","140","2023-07-25 20:05:06","41","35","6","0"
"6913021","2065","2250","5","","0","0","0","0"
"6916890","2108","2249","23","","0","0","0","0"
"6917446","3105","2249","25","2023-07-20 07:03:21","13","2","11","0"
"6923555","8456","2248","9","2023-12-11 17:36:05","6","1","0","5"
"6929343","2034","2246","5","2023-09-03 07:00:00","3","0","1","2"
"6930719","5010","2246","30","2023-12-28 12:33:07","7","1","2","4"
"6931862","2918","2246","12","2023-11-14 22:59:52","2","0","0","2"
"6936582","2273","2245","16","2023-11-16 17:53:06","19","2","8","9"
"6938969","8280","2245","21","2023-11-14 07:37:18","10","0","3","7"
"6941447","4540","2244","18","","0","0","0","0"
"6943197","3836","2243","12","2024-01-11 13:31:18","14","4","1","9"
"6943587","4687","2243","18","2024-01-26 19:56:31","8","0","1","7"
"6949852","5406","2242","15","2023-08-08 03:51:39","4","0","3","1"
"6950415","7878","2242","240","2024-01-29 09:52:50","22","7","1","14"
"6952359","5566","2241","17","2023-12-20 03:14:38","3","0","0","3"
"6982270","2444","2241","23","2024-01-25 13:21:26","13","4","5","4"
"6986533","2103","2241","5","2023-12-18 13:36:05","8","0","0","8"
"6997335","6661","2919","8","","0","0","0","0"
"7002281","4155","4347","5","","0","0","0","0"
"7003331","3382","2241","22","2023-04-04 20:37:10","1","1","0","0"
"7003720","4453","2241","7","2023-12-30 01:42:52","3","2","0","1"
"7004324","2738","2241","9","2024-01-09 12:44:32","2","0","0","2"
"7010554","4288","2240","5","2023-11-28 09:55:43","2","0","1","1"
"7013576","3048","2239","29","","0","0","0","0"
"7016052","2513","2239","51","2024-01-29 07:05:12","21","4","3","14"
"7019069","2328","2238","13","2023-11-15 09:56:16","13","9","1","3"
"7025699","8813","2236","146","2023-12-20 08:02:10","6","0","0","6"
"7026163","2358","2236","6","","0","0","0","0"
"7031900","2800","2235","16","2023-09-14 23:01:03","9","7","0","2"
"7032701","3078","2235","23","2023-12-28 22:58:24","5","1","1","3"
"7036419","9709","2234","63","2024-01-25 12:49:41","41","11","13","17"
"7040601","2737","2233","9","2023-11-09 04:06:59","3","0","1","2"
"7041871","6066","2233","8","2023-07-28 09:35:41","2","0","2","0"
"7043908","2917","2233","6","","0","0","0","0"
"7048025","2061","2232","16","2024-01-31 19:22:55","15","4","2","9"
"7052826","4155","2231","13","2023-05-02 11:00:43","1","0","1","0"
"7052927","3495","2231","31","","0","0","0","0"
"7054628","6873","2231","8","2023-12-16 16:14:41","4","2","0","2"
"7058363","3493","2230","10","2023-10-03 17:27:51","9","1","6","2"
"7063375","3650","2228","5","2023-06-05 12:34:48","1","0","1","0"
"7064030","2145","2228","7","2023-04-28 14:01:45","2","2","0","0"
"7064454","3684","2228","15","2023-11-13 12:52:24","17","3","4","10"
"7064617","8698","2228","104","2023-11-20 11:22:52","14","5","4","5"
"7066252","2673","2228","6","2023-10-17 14:36:13","3","0","1","2"
"7073944","9611","2226","23","2024-01-26 14:58:10","18","6","3","9"
"7076819","4979","2226","16","2023-08-18 14:09:48","2","0","0","2"
"7077117","7116","2226","17","2023-02-17 22:03:11","1","1","0","0"
"7078614","2003","2225","10","2023-12-23 22:41:02","5","0","2","3"
"7078805","2265","2225","6","2023-12-23 14:23:31","3","1","0","2"
"7080548","8525","2225","6","2024-01-15 22:19:51","30","10","0","20"
"7082956","2945","2225","93","2024-01-24 12:56:10","41","6","8","27"
"7085070","6140","2224","6","2023-05-24 14:53:53","3","1","2","0"
"7086678","5929","2224","14","2023-12-28 19:27:45","6","3","2","1"
"7088290","4090","2223","6","","0","0","0","0"
"7088596","3860","2223","20","2024-01-13 13:54:13","9","0","1","8"
"7095751","3343","2221","8","2023-08-10 14:49:10","4","0","2","2"
"7098758","3521","2220","25","2023-09-28 17:15:34","5","1","1","3"
"7098806","2086","2220","29","2024-01-11 07:23:06","3","0","0","3"
"7099148","2660","2220","7","","0","0","0","0"
"7100120","3815","2220","37","2023-12-11 12:53:59","123","51","51","21"
"7100628","3507","2220","23","2023-12-14 16:49:30","16","3","5","8"
"7102356","5630","2219","5","","0","0","0","0"
"7103430","2086","2219","31","2024-01-15 04:58:12","2","0","0","2"
"7106915","3007","2219","10","2023-10-14 23:37:27","6","2","1","3"
"7107094","4134","2219","10","2023-09-25 21:43:01","3","1","1","1"
"7107236","4882","2219","6","2023-11-27 07:31:43","7","4","0","3"
"7109162","6455","2218","28","","0","0","0","0"
"7109362","2554","2218","11","2023-07-11 11:21:57","1","0","1","0"
"7110099","6134","2218","100","2024-01-16 16:28:24","4","2","0","2"
"7110714","2123","2218","5","","0","0","0","0"
"7118084","2810","2216","7","2023-04-26 03:35:28","1","1","0","0"
"7119904","5888","2216","11","2023-06-16 18:39:21","2","1","1","0"
"7121507","2604","2215","22","2024-01-19 10:06:30","16","5","4","7"
"7121619","3254","2215","9","2023-12-05 07:59:41","11","7","3","1"
"7122272","7735","2215","7","2023-12-07 18:43:51","1","0","0","1"
"7123519","4299","2215","8","2023-11-26 12:46:07","2","1","0","1"
"7123641","3127","2215","13","2024-01-19 22:03:58","7","4","0","3"
"7123660","5780","2215","150","2023-09-17 17:16:13","25","18","6","1"
"7125938","2525","2214","5","2023-02-27 18:46:45","1","1","0","0"
"7126113","2866","2214","9","2023-10-23 10:46:05","3","0","2","1"
"7126139","5084","2214","5","","0","0","0","0"
"7127182","4509","2214","6","2023-09-25 20:03:27","2","0","0","2"
"7129076","2951","2213","10","2024-01-23 20:41:55","8","4","0","4"
"7129318","9960","2213","205","2023-10-21 13:48:52","31","7","18","6"
"7130855","2507","2213","15","2023-05-30 10:45:41","2","1","1","0"
"7133482","5340","2213","5","2023-09-21 19:44:45","3","0","0","3"
"7137090","5922","2212","35","2023-05-09 00:31:22","4","3","1","0"
"7137658","6243","2212","5","2023-12-15 07:47:22","1","0","0","1"
"7138366","2449","2212","19","2023-06-16 12:47:42","4","3","1","0"
"7138814","2060","2212","27","","0","0","0","0"
"7142322","8646","2211","6","2023-05-26 16:58:16","1","0","1","0"
"7146596","6227","2210","25","","0","0","0","0"
"7147231","2303","2210","7","2023-12-19 07:03:27","8","1","2","5"
"7149454","6762","2209","31","2023-12-13 08:23:12","14","3","6","5"
"7149882","2290","2209","20","2023-04-12 03:14:21","4","4","0","0"
"7153055","3336","2208","8","2023-09-05 08:58:28","2","0","0","2"
"7153764","2053","2208","14","2023-11-10 21:14:25","2","0","0","2"
"7153928","4046","2208","33","2023-08-15 13:13:51","14","10","3","1"
"7158380","2555","2207","107","2024-01-31 22:07:27","70","12","30","28"
"7158959","6510","2207","6","","0","0","0","0"
"7161215","2571","2206","5","","0","0","0","0"
"7162232","2042","2206","5","2023-12-20 13:52:26","4","0","1","3"
"7165279","4519","2205","49","","0","0","0","0"
"7174241","3627","2204","16","2023-12-10 23:31:24","2","0","0","2"
"7177346","4385","2203","62","2024-01-09 18:37:52","17","7","3","7"
"7177558","3588","2203","6","2023-09-19 11:59:59","2","0","0","2"
"7180349","2574","2203","5","2024-01-21 16:48:00","12","0","3","9"
"7182381","3276","2202","7","2023-12-03 16:49:20","4","1","0","3"
"7186598","9402","2201","10","2024-01-25 14:40:06","5","1","1","3"
"7186739","3094","2201","27","2023-12-20 20:07:28","9","7","1","1"
"7194773","4842","2199","11","2023-05-08 14:17:03","1","0","1","0"
"7195666","2246","2199","17","2023-02-22 23:06:35","2","2","0","0"
"7196540","2509","2199","5","2023-12-08 08:07:53","6","1","2","3"
"7199966","4190","2198","15","2023-07-27 18:18:47","1","0","1","0"
"7200018","3190","2198","8","","0","0","0","0"
"7200133","7106","2198","20","2023-11-08 14:08:56","6","3","0","3"
"7204912","4206","2197","6","2024-01-29 06:26:02","57","22","7","28"
"7206632","3208","2197","49","2023-06-29 10:24:30","178","142","36","0"
"7210250","8227","2196","19","2024-01-04 10:28:33","7","1","0","6"
"7211548","3973","2196","19","2023-05-04 01:43:10","3","1","2","0"
"7212665","2021","2195","7","2023-12-01 10:15:54","3","1","0","2"
"7212929","6155","2195","35","2023-12-23 22:51:14","2","0","0","2"
"7214142","2608","2195","7","2024-01-18 20:09:29","6","0","0","6"
"7214815","2297","2194","5","2023-05-04 00:22:49","1","0","1","0"
"7216508","2353","2194","57","2024-01-08 03:39:37","16","11","0","5"
"7217896","3778","2194","7","2023-07-30 08:14:03","1","0","1","0"
"7218656","2413","2193","9","2023-12-22 07:12:26","19","4","8","7"
"7221362","3339","2193","30","2024-01-17 12:57:20","22","6","2","14"
"7222588","2957","2193","6","2023-09-22 12:09:05","3","0","1","2"
"7224354","3753","2192","25","","0","0","0","0"
"7227627","2006","2192","6","2023-11-21 20:24:13","3","1","1","1"
"7227834","4820","2192","28","2023-11-26 07:59:13","4","1","2","1"
"7228140","2046","2192","7","","0","0","0","0"
"7232295","7702","2191","9","2023-08-06 18:32:53","10","2","7","1"
"7233155","4831","2191","18","2023-12-03 21:08:58","8","2","4","2"
"7236077","2498","2190","7","2024-01-17 19:08:14","2","0","0","2"
"7237062","3367","2190","18","2023-04-25 09:25:20","3","3","0","0"
"7241513","2375","2189","6","","0","0","0","0"
"7245379","3312","2188","5","2023-06-05 05:39:09","1","0","1","0"
"7247051","2045","2187","15","2023-11-25 04:57:30","25","2","13","10"
"7252805","6089","2186","10","","0","0","0","0"
"7253775","2691","2186","10","2023-12-20 16:22:19","3","0","1","2"
"7263027","3050","3462","8","","0","0","0","0"
"7268901","2988","2183","5","2023-12-23 18:01:32","3","1","1","1"
"7270649","2493","2182","26","2024-01-09 19:46:53","16","3","6","7"
"7271221","7832","2182","132","2023-07-24 18:25:56","11","10","1","0"
"7274380","6512","2182","5","2023-09-05 23:10:18","2","0","0","2"
"7275319","2164","2181","6","","0","0","0","0"
"7281675","4623","2180","263","2023-12-05 09:28:27","7","2","2","3"
"7283600","2006","2179","7","","0","0","0","0"
"7291317","6989","2178","28","2024-01-31 14:16:34","11","4","0","7"
"7300865","3808","2176","6","","0","0","0","0"
"7301455","5669","2176","12","2023-09-13 15:40:38","3","1","0","2"
"7303303","4495","2176","13","2023-07-23 17:56:25","2","1","1","0"
"7305183","5357","2175","5","","0","0","0","0"
"7306511","2019","2175","5","","0","0","0","0"
"7306868","2918","2175","23","2023-10-16 11:16:48","1","0","0","1"
"7309962","3455","2174","25","2023-11-24 22:17:08","30","21","1","8"
"7310077","6897","2174","11","2024-01-30 23:17:27","13","1","7","5"
"7312335","3775","2173","22","2023-11-29 21:25:51","4","0","0","4"
"7313094","6226","2173","8","2023-12-19 11:37:49","42","4","18","20"
"7314155","2583","2173","8","2023-08-13 06:15:31","1","0","0","1"
"7314871","2312","2172","20","2023-03-15 14:45:05","3","3","0","0"
"7316365","5051","2172","7","2024-01-18 17:28:36","105","4","12","89"
"7317408","3436","2172","9","2023-03-18 22:23:08","1","1","0","0"
"7317816","3232","2172","5","","0","0","0","0"
"7318120","6167","2172","302","2024-01-25 19:33:43","139","21","41","77"
"7319046","5101","2171","13","2023-07-14 20:45:46","71","22","49","0"
"7321462","2642","2171","5","","0","0","0","0"
"7321942","6590","2171","25","2024-01-15 18:38:03","22","3","6","13"
"7323010","2598","2171","5","2023-11-10 12:17:23","5","0","1","4"
"7326058","3309","2170","42","","0","0","0","0"
"7327058","7600","2170","247","2023-06-24 10:34:07","2","0","2","0"
"7327483","3116","2170","79","","0","0","0","0"
"7330316","2483","2169","21","2024-01-22 11:16:05","8","2","2","4"
"7331107","2675","2169","5","","0","0","0","0"
"7331538","2387","2169","6","2024-01-27 22:21:38","2","0","1","1"
"7332147","4757","2169","12","2023-12-25 05:59:38","8","0","5","3"
"7333403","3791","2168","8","","0","0","0","0"
"7335848","2342","2168","11","2023-03-11 19:52:08","1","1","0","0"
"7339171","2711","2166","26","","0","0","0","0"
"7339624","4337","2166","7","2023-10-15 22:29:16","16","3","6","7"
"7340289","3594","2166","7","","0","0","0","0"
"7340948","3987","2165","38","2023-07-02 18:53:35","2","1","1","0"
"7344445","6105","2164","10","","0","0","0","0"
"7345298","8577","2164","5","","0","0","0","0"
"7346922","5222","2164","27","","0","0","0","0"
"7347631","6256","2164","20","2023-08-23 20:10:08","8","1","1","6"
"7350147","3385","2163","29","2024-01-28 16:04:18","15","0","3","12"
"7350788","3868","2163","51","2023-04-25 16:58:36","3","3","0","0"
"7353562","5281","2162","34","2023-10-03 02:05:07","6","1","1","4"
"7355637","2936","2162","22","2024-01-17 16:56:12","33","11","11","11"
"7355859","4442","2162","5","2023-12-01 18:36:32","8","2","0","6"
"7358866","2598","2161","8","","0","0","0","0"
"7359176","2716","2161","11","","0","0","0","0"
"7360275","3072","2160","15","2023-12-07 09:00:32","13","7","1","5"
"7363404","2156","2159","8","2023-05-03 18:31:18","1","0","1","0"
"7364894","3658","2158","8","","0","0","0","0"
"7366526","4346","2158","25","","0","0","0","0"
"7368965","2861","2157","6","2023-03-07 07:23:42","1","1","0","0"
"7368985","5313","2157","9","2023-08-21 16:44:01","12","2","7","3"
"7372462","3333","2156","160","2023-07-31 06:24:40","58","51","7","0"
"7375347","5355","2156","61","2024-01-19 03:16:31","54","4","3","47"
"7375929","2441","2156","17","2023-03-03 16:17:15","1","1","0","0"
"7376041","3110","2156","18","2023-11-24 12:49:16","2","0","1","1"
"7376238","8349","2156","14","2023-02-01 20:41:41","1","1","0","0"
"7376590","6898","2156","152","2023-11-25 10:47:39","24","10","6","8"
"7383520","4282","2154","51","2023-11-24 09:35:17","15","12","1","2"
"7387089","5477","2153","18","2023-11-14 09:14:38","3","0","0","3"
"7389293","2691","2152","31","2023-12-16 23:48:01","24","13","5","6"
"7394743","3100","2151","34","2024-01-29 15:29:37","17","14","0","3"
"7396148","5051","2151","19","2024-01-05 16:26:55","2","0","0","2"
"7398653","2038","2150","33","2024-01-12 15:30:11","12","4","3","5"
"7399478","7081","2150","105","2023-05-05 16:55:52","8","7","1","0"
"7401037","3284","2150","11","","0","0","0","0"
"7404235","6628","2149","9","2023-11-17 12:51:45","6","0","1","5"
"7406582","3038","2149","7","2023-12-23 10:48:25","4","1","1","2"
"7411885","5421","2148","81","2024-01-25 22:05:19","18","13","2","3"
"7413066","2325","2147","8","","0","0","0","0"
"7414237","2019","2147","5","2023-12-21 05:34:48","1","0","0","1"
"7417433","9852","2146","5","2023-09-24 15:54:18","2","1","0","1"
"7421086","4060","2145","25","2023-08-11 10:54:40","12","1","0","11"
"7422249","7115","2145","6","2023-11-17 16:13:24","8","2","1","5"
"7422352","5421","2145","11","2023-06-01 07:54:48","5","1","4","0"
"7422838","5326","2145","6","2023-10-30 13:53:47","9","1","5","3"
"7424948","2981","2144","13","2024-01-09 10:23:14","12","5","0","7"
"7426932","3930","2144","12","2024-01-05 15:16:45","16","2","10","4"
"7427152","8455","2144","73","2024-01-25 16:30:29","22","3","6","13"
"7429425","3286","2143","5","2024-01-17 08:18:00","4","0","1","3"
"7430269","2258","2143","10","2023-03-03 10:19:41","1","1","0","0"
"7434090","3342","2142","26","2023-08-24 22:32:26","3","1","1","1"
"7436566","4389","2142","6","","0","0","0","0"
"7437143","2945","2142","31","2023-12-10 16:31:45","20","10","3","7"
"7437737","2453","2142","7","","0","0","0","0"
"7440006","5262","2141","9","","0","0","0","0"
"7444273","3127","2140","7","2023-06-16 01:29:20","1","0","1","0"
"7444507","4933","2140","14","2023-07-16 13:12:16","8","5","3","0"
"7450780","2061","2139","8","2024-01-25 20:00:12","48","0","0","48"
"7451109","5773","2139","62","2024-01-22 10:54:11","8","2","0","6"
"7451566","3201","2139","11","2023-09-05 13:36:33","11","3","4","4"
"7460927","2890","2136","6","","0","0","0","0"
"7462275","2609","2136","5","","0","0","0","0"
"7462933","2265","2136","15","2023-08-22 14:25:36","2","1","0","1"
"7465462","9316","2136","35","2023-09-21 12:48:11","5","1","2","2"
"7465516","2847","2136","10","2024-01-30 11:18:36","51","3","8","40"
"7467428","4559","2135","8","2023-11-16 23:22:52","7","6","0","1"
"7470360","6368","2210","8","2023-06-16 16:41:35","1","0","1","0"
"7472819","2894","2134","5","2023-03-24 16:57:00","4","4","0","0"
"7473793","2791","2134","40","2023-11-28 09:03:27","16","5","7","4"
"7475450","7658","2134","98","2023-10-06 22:50:14","52","45","4","3"
"7475615","4452","2134","5","","0","0","0","0"
"7475838","4899","2134","129","2023-05-24 17:00:25","7","6","1","0"
"7479376","3353","2133","11","2023-11-21 09:14:06","17","7","1","9"
"7481094","2212","2133","20","2024-01-21 23:07:22","17","6","2","9"
"7481448","2649","2132","9","2023-10-16 18:27:10","1","0","0","1"
"7482427","3662","2132","86","","0","0","0","0"
"7484259","2821","2132","13","2023-07-31 21:46:31","2","0","2","0"
"7484766","5542","4361","7","2023-09-08 04:10:26","9","1","6","2"
"7486447","2055","2131","7","2023-12-28 07:50:04","6","1","2","3"
"7487335","4430","2131","7","2023-12-15 21:36:28","3","1","1","1"
"7488171","4071","2130","6","2023-11-05 00:32:05","5","1","0","4"
"7488868","2367","2130","7","2023-11-26 16:33:37","4","1","1","2"
"7490871","9090","2130","10","2024-01-23 12:24:47","5","3","0","2"
"7493840","4153","2129","7","2023-12-18 18:48:42","20","9","3","8"
"7499069","6333","2128","11","2023-09-20 11:39:37","2","0","0","2"
"7500028","5316","2128","7","2023-02-03 13:18:35","2","2","0","0"
"7502800","2597","2128","39","2023-04-12 07:21:34","1","1","0","0"
"7503887","2354","2127","41","","0","0","0","0"
"7504558","2245","2127","18","2023-11-23 14:36:17","2","1","0","1"
"7506820","5202","2127","10","2023-08-31 13:41:22","1","0","0","1"
"7508077","2755","2127","6","2023-12-03 16:20:36","4","0","2","2"
"7508700","3887","2127","5","","0","0","0","0"
"7509168","7736","2126","16","","0","0","0","0"
"7512114","2873","2126","7","2023-09-29 17:40:15","2","0","1","1"
"7512201","2600","2126","32","2023-12-06 18:14:53","9","6","0","3"
"7512742","3889","2126","17","2024-01-12 12:45:04","11","0","3","8"
"7519434","3989","2124","46","2024-01-24 13:18:36","34","11","5","18"
"7522764","2429","2123","29","","0","0","0","0"
"7523979","7648","2123","6","","0","0","0","0"
"7525132","2306","2123","12","2023-12-06 08:05:26","3","0","2","1"
"7534790","2447","2121","12","2023-08-23 06:49:05","2","0","0","2"
"7535014","2422","2121","7","2024-01-14 06:12:55","1","0","0","1"
"7540911","4284","2120","26","2023-08-28 13:20:02","2","1","0","1"
"7545555","8372","2119","9","2023-12-03 15:16:52","15","9","1","5"
"7547327","5639","2119","43","2023-05-25 10:38:58","8","6","2","0"
"7549483","9425","2118","17","2024-01-17 22:13:12","321","319","1","1"
"7551712","3808","2118","15","2023-07-27 01:00:15","5","3","2","0"
"7551807","4510","2118","6","","0","0","0","0"
"7553693","4542","2117","9","2023-03-26 22:51:45","1","1","0","0"
"7553704","4484","2117","73","2023-10-28 10:32:49","24","5","0","19"
"7553746","3346","2117","23","2023-08-25 07:34:46","3","1","1","1"
"7556457","6380","2116","58","2024-01-19 11:40:45","91","60","16","15"
"7558682","5174","2116","6","","0","0","0","0"
"7561290","2185","2115","12","2024-01-10 06:30:05","14","1","0","13"
"7562853","2596","2115","8","","0","0","0","0"
"7567579","4352","2241","37","2023-06-02 12:20:34","2","1","1","0"
"7568175","2399","2114","9","","0","0","0","0"
"7570817","4591","2114","5","","0","0","0","0"
"7571171","5165","2114","5","","0","0","0","0"
"7572539","2259","2113","31","2023-03-07 07:14:05","3","3","0","0"
"7574023","2129","2113","15","2023-04-15 05:29:47","1","1","0","0"
"7574461","5927","2113","108","2023-11-22 07:52:30","51","16","25","10"
"7575111","7438","2113","5","2023-12-08 18:07:10","13","5","7","1"
"7581078","5868","2112","33","2023-10-17 07:44:39","7","3","3","1"
"7583953","9803","2111","11","2023-11-19 14:09:23","5","4","0","1"
"7584240","3662","2111","20","2023-11-24 12:34:21","4","0","0","4"
"7585388","7242","2111","10","","0","0","0","0"
"7587451","2589","2110","43","2023-10-06 02:09:30","10","3","5","2"
"7588048","2708","2110","10","2024-01-24 08:49:22","8","0","1","7"
"7589775","4391","2110","71","2023-11-18 01:43:26","7","3","1","3"
"7592064","3847","2109","5","","0","0","0","0"
"7597595","2345","2108","6","2023-12-20 13:01:48","2","0","1","1"
"7598461","5151","2108","8","","0","0","0","0"
"7615623","2817","2105","32","","0","0","0","0"
"7615922","4650","2105","11","2023-04-07 06:24:34","1","1","0","0"
"7617957","3557","2105","25","2024-01-29 10:24:09","32","13","4","15"
"7618742","5558","2105","48","2023-06-23 11:24:18","2","0","2","0"
"7621577","2347","2104","8","2023-09-23 09:23:48","3","1","1","1"
"7624566","3730","2103","33","2024-01-28 16:13:24","11","4","0","7"
"7629020","2916","2102","17","","0","0","0","0"
"7633996","2672","2101","10","2023-12-21 13:37:12","9","3","2","4"
"7639296","3047","2100","13","2023-09-02 04:47:25","1","0","0","1"
"7643517","4797","2241","10","2023-12-22 08:58:43","10","0","0","10"
"7644018","5060","2100","48","2023-12-02 20:20:53","9","3","1","5"
"7644371","2895","2099","34","2024-01-14 23:25:27","13","4","2","7"
"7648578","2551","2099","10","2023-09-18 14:53:12","5","0","1","4"
"7650339","2690","2099","10","","0","0","0","0"
"7656367","3388","2097","8","2023-08-28 03:35:11","2","0","1","1"
"7657180","9636","2097","17","2023-08-06 16:16:44","4","1","2","1"
"7657915","8526","2097","20","2023-08-02 22:52:29","10","9","0","1"
"7658051","4440","2097","12","2024-01-30 17:14:00","29","5","10","14"
"7662085","8927","2096","5","2023-02-12 13:01:13","1","1","0","0"
"7663410","2536","2096","9","2023-04-03 22:14:47","1","1","0","0"
"7665972","4888","2095","60","","0","0","0","0"
"7668778","2664","2095","6","2023-05-10 17:17:00","3","2","1","0"
"7671727","2698","2094","120","2023-02-13 11:51:26","4","4","0","0"
"7674438","2132","2094","6","2023-12-04 08:40:08","13","2","6","5"
"7674708","2418","2094","8","2024-01-16 13:35:12","8","3","2","3"
"7676971","2927","2093","13","2023-11-27 22:11:30","4","0","0","4"
"7677598","8533","2093","5","2023-10-22 13:43:23","1","0","0","1"
"7679903","3951","2093","32","2024-01-10 04:44:08","26","5","7","14"
"7681839","2244","2092","20","2023-11-22 08:47:02","3","0","1","2"
"7682925","2080","2092","6","","0","0","0","0"
"7686256","2020","2092","9","2024-01-29 21:23:21","17","4","3","10"
"7689607","3295","2091","12","2023-09-15 08:17:51","4","1","0","3"
"7690376","4147","2091","7","","0","0","0","0"
"7691891","3305","2091","16","2023-12-05 12:32:17","8","1","0","7"
"7692859","7042","2091","13","2023-06-25 19:59:44","2","0","2","0"
"7693185","2892","2090","8","","0","0","0","0"
"7694263","3379","2090","154","2023-06-11 22:42:29","3","1","2","0"
"7695859","5656","2090","9","","0","0","0","0"
"7696155","4222","2090","25","2023-04-01 15:12:23","3","3","0","0"
"7696162","3809","2090","37","","0","0","0","0"
"7699859","7657","2089","14","2023-10-11 07:12:59","1","0","0","1"
"7706354","7676","2087","157","","0","0","0","0"
"7706936","2558","2087","8","2023-09-05 06:30:41","4","1","2","1"
"7710739","4240","2087","6","2023-11-22 09:42:46","8","4","3","1"
"7711148","3026","2087","27","2023-12-20 14:20:14","41","15","22","4"
"7712755","2857","2086","17","","0","0","0","0"
"7713056","2170","2086","11","2023-03-16 13:31:53","1","1","0","0"
"7713562","2753","2086","45","2024-01-30 19:54:24","41","14","8","19"
"7713750","7392","2086","17","2023-09-27 12:14:00","28","20","6","2"
"7713770","4001","2086","11","2024-01-11 11:25:52","6","3","1","2"
"7717185","4338","2086","6","","0","0","0","0"
"7720976","4805","2085","9","2023-12-25 03:32:45","7","1","3","3"
"7721752","8224","2085","103","2024-01-19 07:28:41","32","21","6","5"
"7727563","3659","2084","15","2023-12-03 20:41:35","6","2","3","1"
"7728887","5776","2084","12","2023-09-04 04:58:15","9","1","4","4"
"7730554","4049","2083","22","2023-07-27 18:01:04","2","1","1","0"
"7731623","2972","2083","21","2023-12-16 06:48:37","5","2","0","3"
"7732200","8279","2083","5","2023-04-18 10:01:10","7","7","0","0"
"7732282","2263","2083","6","","0","0","0","0"
"7732434","2338","2083","15","2023-10-10 01:35:02","12","2","3","7"
"7734100","2456","2082","14","2023-12-26 12:59:11","1","0","0","1"
"7734732","2133","2082","8","2023-11-28 15:18:37","5","4","0","1"
"7735112","2826","2082","9","2023-12-17 16:13:22","9","2","1","6"
"7736228","2063","2082","22","2023-08-30 07:24:11","138","51","86","1"
"7739083","3219","2081","14","2023-03-02 15:31:38","2","2","0","0"
"7740888","3246","2081","6","2023-05-18 08:32:01","1","0","1","0"
"7742981","7062","2080","70","2024-01-03 22:09:14","16","6","3","7"
"7744106","2073","2080","17","2023-10-09 14:18:59","4","1","1","2"
"7745011","3050","2080","14","2023-12-24 09:51:49","10","4","5","1"
"7745569","7466","2080","129","2024-01-30 09:42:29","66","6","22","38"
"7747942","7319","2080","5","2023-07-10 18:57:27","2","0","2","0"
"7752049","2471","2079","11","","0","0","0","0"
"7755665","6978","2078","108","","0","0","0","0"
"7756251","2009","2078","66","2023-06-14 23:19:11","41","32","9","0"
"7756492","5601","2078","25","2024-01-27 23:06:24","27","3","1","23"
"7756864","2047","2078","38","","0","0","0","0"
"7756889","8909","2078","60","2023-10-25 06:20:38","39","20","18","1"
"7757976","3196","2078","12","","0","0","0","0"
"7758318","2156","2078","11","2024-01-17 09:38:53","5","4","0","1"
"7758872","3468","2078","22","2023-12-06 11:43:35","43","18","9","16"
"7760245","4473","2077","24","2023-08-06 06:36:36","3","2","0","1"
"7760910","2187","2077","9","2023-10-04 17:27:42","6","3","1","2"
"7761106","2013","2077","5","2023-02-07 11:35:17","1","1","0","0"
"7764014","3792","2077","19","2023-12-27 16:58:34","6","0","3","3"
"7765900","5354","2076","8","2023-10-16 17:53:05","6","0","1","5"
"7768490","2820","2075","6","2024-01-25 07:12:10","1","0","0","1"
"7769052","5310","2075","9","2024-01-29 03:05:59","30","3","5","22"
"7769076","7481","2075","12","2023-10-21 04:50:37","5","2","0","3"
"7770919","2322","2075","27","2023-10-06 15:09:14","8","5","1","2"
"7772483","6158","2074","6","2023-11-27 06:43:52","1","0","0","1"
"7781164","3688","2073","5","","0","0","0","0"
"7785337","9124","2072","40","","0","0","0","0"
"7786358","3349","2072","15","2023-11-03 07:56:17","6","0","3","3"
"7788333","2897","2072","11","2024-01-31 09:19:58","3","0","0","3"
"7789242","2473","2071","10","2024-01-25 08:31:41","5","0","3","2"
"7789963","2341","2071","65","2024-01-25 13:01:36","5","0","0","5"
"7795731","3358","2070","7","","0","0","0","0"
"7798548","4796","2070","105","2023-12-20 14:54:01","63","33","16","14"
"7799462","3378","2070","38","2024-01-13 14:39:35","27","16","9","2"
"7803527","4741","2068","8","2024-01-17 07:20:10","5","0","1","4"
"7803650","9625","2068","12","","0","0","0","0"
"7803797","3654","2068","19","2023-06-22 20:46:46","5","3","2","0"
"7804477","5202","2068","15","","0","0","0","0"
"7804595","2934","2068","8","2023-11-12 14:58:52","10","5","2","3"
"7804896","3864","2068","21","2023-11-25 00:53:16","11","2","6","3"
"7811940","3723","2066","43","","0","0","0","0"
"7812912","2290","2066","5","","0","0","0","0"
"7813005","3389","2066","12","2024-01-02 11:33:22","3","2","0","1"
"7820216","2218","2065","6","2023-09-25 12:41:53","2","0","0","2"
"7821823","3802","2065","11","2023-10-28 05:23:35","6","1","3","2"
"7822301","2735","2065","11","2023-03-28 08:06:45","9","9","0","0"
"7823836","2481","2064","26","2023-02-16 20:01:27","2","2","0","0"
"7826511","6223","2064","53","2024-01-11 15:22:59","11","5","3","3"
"7826774","2529","2064","43","2024-01-04 17:59:31","14","2","2","10"
"7829525","2052","2064","14","2023-05-11 22:20:38","1","0","1","0"
"7831383","4570","2063","11","2024-01-05 15:55:24","8","5","2","1"
"7833077","3285","2063","20","","0","0","0","0"
"7833793","2635","2063","7","2024-01-19 22:22:05","7","2","3","2"
"7835267","5995","2063","24","2023-07-26 18:01:56","3","1","2","0"
"7835435","2101","2062","37","2023-09-12 18:12:34","17","9","4","4"
"7836833","5650","2062","11","2023-04-18 02:07:02","3","3","0","0"
"7836976","7604","2062","16","2023-03-16 15:41:49","5","5","0","0"
"7837370","3504","2062","10","2024-01-24 16:19:35","14","0","6","8"
"7838169","3317","2062","28","2023-12-17 20:04:00","9","2","1","6"
"7838249","2142","2062","11","2023-12-25 19:39:48","7","2","0","5"
"7839518","8710","2061","45","2024-01-21 19:28:16","25","4","4","17"
"7839658","5090","2061","35","2024-01-14 16:24:39","21","8","5","8"
"7846071","2430","2060","45","2023-09-22 08:57:13","15","8","2","5"
"7849549","9279","2059","21","2023-12-11 10:45:40","6","1","1","4"
"7854387","2118","2058","5","","0","0","0","0"
"7859515","5395","2057","12","","0","0","0","0"
"7861581","4973","2057","8","","0","0","0","0"
"7865368","6262","2056","10","2024-01-09 21:41:34","2","0","1","1"
"7869175","3336","2056","6","2023-10-27 13:37:56","1","0","0","1"
"7869582","6138","2056","16","2023-12-06 20:55:07","15","8","1","6"
"7871601","2157","2055","10","2024-01-14 15:19:50","2","0","0","2"
"7871685","4839","2055","7","2023-04-29 06:31:27","5","5","0","0"
"7874193","2580","2054","10","2024-01-31 22:42:28","2","0","0","2"
"7877391","4228","2053","16","2024-01-26 05:09:49","8","4","0","4"
"7877917","3642","2053","57","2024-01-04 07:58:36","26","12","8","6"
"7878320","4323","2053","9","2023-06-15 16:51:28","7","6","1","0"
"7879938","2432","2053","26","2024-01-29 17:48:35","3","2","0","1"
"7882685","2807","2052","8","2023-08-31 09:31:35","1","0","0","1"
"7882886","4324","2052","7","2023-12-20 04:13:44","2","0","0","2"
"7885229","2328","2052","5","","0","0","0","0"
"7885772","5346","2052","41","2024-01-30 18:59:00","56","10","13","33"
"7894334","4467","2050","10","2023-05-10 15:02:20","6","4","2","0"
"7898913","2388","2049","9","2023-11-05 07:57:19","2","0","0","2"
"7903159","2105","2049","21","","0","0","0","0"
"7904315","2881","2048","12","2024-01-30 12:18:15","6","2","2","2"
"7906279","3357","2048","5","2023-12-05 06:50:37","7","5","0","2"
"7910299","2129","2047","20","2024-01-18 05:21:10","5","1","2","2"
"7914637","4562","2046","6","2023-03-22 16:31:12","6","6","0","0"
"7915759","5580","2046","10","2024-01-17 21:20:15","3","0","0","3"
"7923463","8540","2044","43","2023-11-08 16:38:25","16","10","3","3"
"7926183","2893","2044","46","","0","0","0","0"
"7927036","2808","2044","9","2023-07-17 14:58:45","2","0","2","0"
"7928721","8314","2043","47","2024-01-31 16:14:53","34","14","6","14"
"7933477","2252","2043","5","","0","0","0","0"
"7933689","3259","2043","9","2023-04-26 16:55:25","9","9","0","0"
"7935057","3590","2042","9","2023-03-29 08:34:00","2","2","0","0"
"7935244","2171","2042","6","","0","0","0","0"
"7939593","2470","2041","16","2023-02-15 18:29:07","1","1","0","0"
"7941251","5528","2041","43","2023-09-03 19:58:35","6","3","2","1"
"7942242","4596","2041","9","2023-04-26 06:08:22","3","3","0","0"
"7942856","5766","2040","6","2023-08-28 13:40:20","2","0","0","2"
"7943474","2280","2040","6","","0","0","0","0"
"7943893","2151","2040","16","2023-09-11 11:16:16","3","2","0","1"
"7944027","4079","2040","19","2023-09-29 09:51:03","4","0","2","2"
"7946823","2752","2039","6","2023-03-24 05:55:33","2","2","0","0"
"7947225","3254","2039","5","","0","0","0","0"
"7947994","3106","2039","144","","0","0","0","0"
"7952244","2186","2038","6","2023-02-07 17:09:49","3","3","0","0"
"7954021","4840","2038","55","2024-01-25 11:49:05","3","0","1","2"
"7962825","2100","2036","5","2023-09-21 15:42:41","1","0","0","1"
"7964098","4037","2036","6","2023-06-01 14:37:52","3","0","3","0"
"7965567","2529","2036","31","2023-11-30 06:17:19","2","0","0","2"
"7965770","2149","2036","19","","0","0","0","0"
"7967164","3239","2035","8","","0","0","0","0"
"7970787","3309","2035","11","2023-06-27 23:38:25","4","0","4","0"
"7972989","2505","2034","27","2023-09-14 14:53:15","14","6","7","1"
"7974082","6791","2034","5","2023-11-28 10:20:23","6","4","1","1"
"7975771","8930","2033","21","","0","0","0","0"
"7977288","2062","2033","10","2024-01-22 09:14:14","16","1","3","12"
"7978627","2435","2032","57","2023-12-21 02:27:01","21","11","1","9"
"7984318","4114","2031","5","2023-04-19 16:53:32","1","1","0","0"
"7987502","4798","2031","7","","0","0","0","0"
"7988287","2950","2031","23","2023-09-02 09:38:36","3","1","1","1"
"7989581","3257","2030","105","","0","0","0","0"
"7990032","5550","2030","34","2023-12-29 14:19:48","30","11","10","9"
"7992070","3253","2030","10","2023-10-19 19:49:28","21","13","4","4"
"7992600","4239","2030","18","","0","0","0","0"
"7994192","5002","2030","42","2024-01-24 21:04:37","19","1","6","12"
"8000382","4551","2028","27","2023-12-12 09:11:25","15","6","2","7"
"8003058","2939","2028","12","2024-01-26 14:05:48","122","0","63","59"
"8006854","2179","2027","16","2023-12-11 12:32:47","3","0","2","1"
"8007403","2172","2027","12","2023-06-15 16:52:18","20","19","1","0"
"8008340","3069","2027","56","","0","0","0","0"
"8008396","2744","2027","12","2023-11-28 02:44:58","5","0","2","3"
"8009006","4546","2026","32","2024-01-08 08:30:03","13","4","4","5"
"8010568","2406","2026","44","2023-08-24 13:35:23","3","2","0","1"
"8012192","3631","2025","11","","0","0","0","0"
"8014824","2155","2025","25","2024-01-31 21:41:30","49","8","18","23"
"8017666","3006","2024","10","2023-09-17 13:08:26","25","15","7","3"
"8018879","3053","2024","6","2023-11-24 12:16:13","12","4","2","6"
"8020009","3615","2024","7","","0","0","0","0"
"8023022","2809","2023","7","2023-05-25 11:11:53","12","0","12","0"
"8023701","2202","2023","50","","0","0","0","0"
"8030651","4644","2022","12","2024-01-30 16:45:54","12","2","2","8"
"8031784","3216","2022","8","2023-12-19 09:39:41","5","0","1","4"
"8031980","2435","2022","11","2024-01-04 09:10:58","2","0","0","2"
"8033585","8438","2022","6","2023-10-28 15:54:12","2","0","1","1"
"8034986","2103","2021","11","2023-11-29 07:46:10","6","4","0","2"
"8035582","7077","2021","8","2023-02-15 08:31:56","1","1","0","0"
"8035711","2702","2021","49","2023-09-25 07:57:13","2","0","0","2"
"8035759","2410","2021","126","2024-01-01 11:52:54","33","1","20","12"
"8036360","2460","2021","7","2023-07-04 18:53:26","2","1","1","0"
"8039858","3029","2189","5","2023-05-06 12:11:19","1","0","1","0"
"8041634","2522","2020","11","","0","0","0","0"
"8043806","4776","2019","11","","0","0","0","0"
"8047262","3501","2018","5","2023-11-10 09:31:52","3","1","0","2"
"8049950","3507","2018","28","2023-11-25 16:41:12","10","2","6","2"
"8050514","4380","2018","5","2024-01-07 22:24:34","1","0","0","1"
"8051819","4094","2017","69","2023-02-28 02:38:18","6","6","0","0"
"8053714","9572","2017","28","","0","0","0","0"
"8053817","5731","2017","24","2023-06-21 09:05:08","1","0","1","0"
"8055025","2103","2017","7","2023-07-01 16:18:32","23","14","9","0"
"8060017","7154","2016","278","2023-02-02 21:50:19","1","1","0","0"
"8062491","8481","2015","7","2023-05-27 21:45:21","1","0","1","0"
"8065832","3512","2015","11","2024-01-13 19:28:57","12","3","0","9"
"8068675","6217","2014","26","2024-01-08 07:57:10","4","1","2","1"
"8070948","5226","2014","38","2024-01-06 06:19:54","14","7","5","2"
"8075540","7068","2013","61","2024-01-12 17:48:43","11","5","0","6"
"8076879","2438","2012","11","2023-02-27 17:46:29","2","2","0","0"
"8080648","3746","2011","26","2023-04-18 20:11:48","3","3","0","0"
"8084828","8265","2010","37","2024-01-23 16:09:17","11","5","2","4"
"8085668","3481","2010","13","","0","0","0","0"
"8086424","3455","2010","6","2023-08-13 07:43:04","2","1","0","1"
"8089660","2315","2009","20","","0","0","0","0"
"8089674","3581","2009","10","2023-10-16 21:29:40","2","1","0","1"
"8091093","3769","2009","54","2023-12-17 13:25:38","25","0","3","22"
"8093394","5324","2009","6","2023-07-12 20:04:25","2","1","1","0"
"8103819","2595","2007","11","2023-10-21 20:06:52","3","1","0","2"
"8107362","7024","2006","35","2023-12-13 20:51:10","10","2","1","7"
"8108312","3529","2006","94","2023-10-24 19:59:32","9","2","1","6"
"8110255","2812","2005","5","2023-04-18 15:56:10","2","2","0","0"
"8111755","7528","2005","21","2023-10-10 07:49:49","4","2","0","2"
"8118147","2706","2003","12","","0","0","0","0"
"8124931","3587","2002","7","","0","0","0","0"
"8126219","2310","2002","9","2024-01-26 12:23:53","4","0","1","3"
"8126784","2502","2002","90","2023-11-07 13:11:55","8","1","2","5"
"8129670","2236","2001","5","","0","0","0","0"
"8130251","2269","2001","34","2024-01-30 09:49:22","29","5","8","16"
"8130690","8304","2001","13","2023-12-05 17:31:02","3","2","0","1"
"8135721","4006","2000","6","2024-01-29 06:39:47","4","1","0","3"
"8136803","4534","2000","7","2023-02-20 15:21:24","3","3","0","0"
"8138192","2097","2000","50","2024-01-03 06:53:06","16","0","5","11"
"8144311","2910","1998","15","2024-01-17 06:51:07","15","3","6","6"
"8144405","7692","1998","13","2023-12-26 18:57:25","12","7","3","2"
"8145128","2071","1998","6","","0","0","0","0"
"8147165","3425","1997","30","2024-01-26 09:56:01","30","4","2","24"
"8152775","2262","1996","12","2023-03-15 17:42:43","1","1","0","0"
"8153147","4747","1996","102","","0","0","0","0"
"8155208","2069","1996","16","","0","0","0","0"
"8157304","3577","1996","64","2023-03-28 14:34:16","70","70","0","0"
"8158692","2156","1995","6","2023-12-12 13:52:53","4","0","2","2"
"8160613","4349","1995","17","2023-03-03 20:17:19","1","1","0","0"
"8162252","4624","1995","18","","0","0","0","0"
"8163071","3719","1995","30","2023-05-05 06:41:27","1","0","1","0"
"8164333","4767","1994","10","2023-09-18 18:34:14","5","1","0","4"
"8165986","7235","1994","26","2023-05-04 06:40:18","13","6","7","0"
"8166854","6532","1994","6","2023-11-06 21:33:08","8","3","1","4"
"8170390","2959","1993","38","2023-06-29 14:40:58","3","2","1","0"
"8172933","7204","1993","28","2023-11-28 12:29:12","14","6","3","5"
"8173870","6086","1993","55","2024-01-22 22:48:55","38","3","12","23"
"8174223","4159","1992","80","2023-06-25 15:36:49","3","2","1","0"
"8174768","5482","1992","17","2024-01-30 06:09:03","17","3","4","10"
"8175467","5254","1992","17","","0","0","0","0"
"8176451","5227","1992","19","2024-01-24 08:53:24","7","2","1","4"
"8177355","8723","1992","7","2023-12-12 18:11:17","6","1","3","2"
"8178842","2575","1991","23","2023-04-11 05:57:23","4","4","0","0"
"8179939","2129","1991","82","","0","0","0","0"
"8185995","9939","1989","35","2023-09-08 00:57:00","33","7","21","5"
"8187400","5045","1989","7","","0","0","0","0"
"8189867","2409","1989","26","2023-12-08 02:57:06","15","9","3","3"
"8193706","2455","1988","134","2023-02-03 17:38:06","3","3","0","0"
"8194089","3946","1988","22","2023-05-16 09:14:42","1","0","1","0"
"8194837","3154","1988","26","2024-01-30 04:05:10","32","10","10","12"
"8195987","3261","1988","9","2023-12-26 01:51:31","40","2","33","5"
"8198873","2785","1987","75","2024-01-23 08:21:49","10","4","0","6"
"8200791","2137","1987","9","2023-11-22 06:44:56","4","0","0","4"
"8203357","9107","1986","11","2023-10-26 12:22:54","1","0","0","1"
"8205919","2573","1986","8","2023-04-10 13:36:51","2","2","0","0"
"8207228","7328","1986","32","2023-12-12 08:00:23","3","0","1","2"
"8211613","5140","1984","13","","0","0","0","0"
"8212173","5481","1984","6","2023-09-15 04:03:32","1","0","0","1"
"8213277","3389","1984","12","","0","0","0","0"
"8218203","2907","1982","24","2023-05-11 03:33:53","2","1","1","0"
"8221703","2327","1982","5","","0","0","0","0"
"8223070","4250","1982","26","2023-05-09 03:44:44","1","0","1","0"
"8223954","2218","1981","6","2023-07-22 19:35:35","1","0","1","0"
"8225569","2514","1981","20","2023-09-11 01:10:54","33","21","3","9"
"8230810","3492","1980","7","","0","0","0","0"
"8233548","2189","1980","5","","0","0","0","0"
"8235053","3353","1979","5","2024-01-04 07:54:24","3","1","0","2"
"8236642","5149","1979","7","2023-09-08 13:59:42","1","0","0","1"
"8237683","2843","1979","13","2023-03-30 08:22:15","2","2","0","0"
"8237877","2096","1979","9","2023-10-23 13:29:06","9","5","2","2"
"8243241","2341","1977","34","2024-01-28 10:39:22","33","5","7","21"
"8244632","6449","1977","41","2023-06-13 13:47:02","1","0","1","0"
"8248570","9000","1976","52","2023-12-20 10:34:12","30","5","14","11"
"8252267","3357","1975","10","2023-06-12 07:36:36","4","2","2","0"
"8258079","6619","1974","24","2023-11-25 16:17:19","17","2","1","14"
"8260484","6626","1974","25","2024-01-16 19:38:09","18","12","5","1"
"8264778","2310","1973","8","2023-08-23 14:04:13","3","0","0","3"
"8266651","8008","1973","7","2023-09-04 08:55:55","10","8","1","1"
"8267304","2840","1973","6","2023-11-15 20:54:01","5","1","0","4"
"8272698","2045","1972","15","2023-06-12 20:53:37","2","0","2","0"
"8274756","7651","1971","12","2024-01-17 17:09:04","20","1","3","16"
"8278075","3475","1970","9","2024-01-26 04:52:30","10","3","2","5"
"8279585","6717","1970","242","2024-01-30 17:48:59","57","19","20","18"
"8279879","2121","1970","7","","0","0","0","0"
"8280112","2076","1970","70","2023-11-27 16:04:38","10","2","0","8"
"8281848","3907","1969","22","2023-12-15 09:23:45","14","7","4","3"
"8281994","7061","1969","6","2023-07-18 17:32:05","4","3","1","0"
"8283737","3650","1969","5","2023-11-08 06:01:12","6","2","0","4"
"8285811","6992","1969","34","2024-01-19 17:55:32","54","2","9","43"
"8291686","2128","1968","9","2023-11-11 19:22:40","1","0","0","1"
"8291840","3042","1968","20","","0","0","0","0"
"8293585","2325","2015","6","2024-01-10 06:55:01","2","0","0","2"
"8294118","2051","1967","8","2023-10-18 07:20:40","12","3","3","6"
"8300620","4262","1966","5","2023-12-16 06:12:31","19","6","7","6"
"8302373","2732","1966","18","2023-12-27 08:58:13","3","2","0","1"
"8304176","4496","1966","19","2023-05-02 01:37:55","2","1","1","0"
"8308743","3589","1965","28","2023-07-17 14:23:52","16","13","3","0"
"8309113","2082","1965","83","","0","0","0","0"
"8309643","2143","1965","11","2023-03-22 16:00:48","2","2","0","0"
"8309701","6161","1965","18","2023-04-10 13:07:54","3","3","0","0"
"8314394","2108","1963","7","2023-09-19 23:35:07","2","0","0","2"
"8315843","2020","1963","12","2024-01-19 06:52:14","8","1","2","5"
"8316183","2555","1963","25","2023-11-10 14:39:22","6","2","1","3"
"8316900","3898","1962","85","","0","0","0","0"
"8318088","2605","1962","10","","0","0","0","0"
"8318731","6307","1962","8","2024-01-23 04:15:28","25","7","9","9"
"8323969","2472","1961","5","","0","0","0","0"
"8326080","5072","1961","7","2023-04-04 07:20:02","1","1","0","0"
"8327458","2943","1961","7","","0","0","0","0"
"8334991","4869","1959","7","2023-04-24 17:33:43","4","4","0","0"
"8338100","4685","1959","24","2023-09-07 13:34:28","9","1","4","4"
"8339172","2380","1959","11","2023-12-21 15:40:30","4","0","0","4"
"8342742","6813","1958","94","2023-12-20 15:56:25","45","14","16","15"
"8343843","8736","1958","103","2023-11-23 08:53:13","36","16","13","7"
"8350647","3604","1957","23","2023-07-16 15:23:09","7","3","4","0"
"8353711","5598","1956","14","2023-10-28 08:02:44","46","0","12","34"
"8356224","2042","1955","36","2024-01-22 08:34:10","33","2","17","14"
"8358501","3845","1955","11","2023-08-31 10:22:12","4","1","0","3"
"8362448","2334","1954","25","2024-01-24 08:22:13","10","6","1","3"
"8367943","8580","1953","7","2023-10-23 01:57:20","2","0","1","1"
"8368871","4567","1953","5","2024-01-03 09:17:56","5","1","0","4"
"8369565","2276","1953","8","","0","0","0","0"
"8370334","5699","1953","48","2024-01-16 18:55:17","18","8","0","10"
"8370915","6678","1953","32","2024-01-12 13:04:24","6","4","0","2"
"8371825","3667","1953","27","2023-11-24 08:04:02","11","7","1","3"
"8372455","3560","1953","22","2023-09-29 14:59:15","10","5","1","4"
"8382028","3090","1951","8","2024-01-11 20:31:01","12","3","3","6"
"8382067","2099","1951","13","","0","0","0","0"
"8382203","4380","1951","61","2024-01-24 10:11:45","61","12","23","26"
"8382929","3605","1951","6","2023-06-19 21:07:55","1","0","1","0"
"8384910","9510","1950","29","2024-01-01 09:53:28","3","1","0","2"
"8385666","2894","3547","7","2023-08-29 16:11:39","1","0","0","1"
"8387516","2486","1950","12","","0","0","0","0"
"8389583","2422","1949","27","2023-07-25 09:41:23","1","0","1","0"
"8392648","2781","1948","9","2024-01-10 09:36:53","5","3","1","1"
"8394877","5368","1948","10","2023-03-07 10:02:26","1","1","0","0"
"8394915","2659","1948","5","2023-02-22 10:35:58","2","2","0","0"
"8397835","3619","1947","6","","0","0","0","0"
"8400446","2143","1947","26","2023-10-10 08:32:55","1","0","0","1"
"8400475","3086","1947","9","2023-05-23 21:47:23","2","1","1","0"
"8403689","5630","1946","10","2024-01-14 11:42:49","2","1","0","1"
"8405122","2120","1946","8","2023-12-20 08:22:58","1","0","0","1"
"8409922","6439","1945","24","2024-01-23 08:29:11","46","4","3","39"
"8410290","5326","1945","54","2024-01-28 04:27:55","38","19","5","14"
"8412676","2751","1945","22","","0","0","0","0"
"8412959","5825","1945","6","2024-01-17 16:46:09","2","1","0","1"
"8417783","2715","1944","32","2023-09-23 13:52:22","10","3","5","2"
"8419650","2953","1944","13","2023-05-17 06:01:09","2","1","1","0"
"8422820","2252","1943","9","2023-04-06 04:11:36","1","1","0","0"
"8425824","4496","1942","47","2023-12-03 19:47:54","6","2","3","1"
"8428397","2739","1941","17","2023-06-14 10:06:38","57","40","17","0"
"8430155","6037","1941","10","2023-08-26 23:53:28","8","1","5","2"
"8430649","4031","1941","5","2024-01-30 07:00:11","17","3","2","12"
"8437740","4431","1939","7","2023-08-09 04:24:46","2","1","0","1"
"8439435","2353","1939","15","2024-01-23 17:07:16","15","6","0","9"
"8440598","4627","1939","14","","0","0","0","0"
"8442410","3291","1939","11","2024-01-10 14:19:57","8","3","1","4"
"8442437","3333","1939","10","2023-12-19 06:00:20","14","0","0","14"
"8442868","2094","1938","9","2023-08-22 02:06:40","2","1","0","1"
"8443430","8709","1938","181","2024-01-01 01:43:28","84","42","25","17"
"8446413","3026","1938","11","2023-10-16 20:20:17","35","4","30","1"
"8451814","4480","1937","41","2024-01-29 19:16:59","36","8","7","21"
"8458083","2037","1935","18","2023-07-25 12:18:05","5","0","5","0"
"8459521","2211","1935","7","","0","0","0","0"
"8463053","2900","1934","11","2024-01-10 16:47:48","16","5","6","5"
"8466523","7868","1933","39","2023-08-14 14:24:36","2","0","1","1"
"8468264","5397","1933","5","2023-02-01 20:45:43","1","1","0","0"
"8471798","7874","1932","9","2024-01-30 22:13:47","8","4","2","2"
"8473031","3011","1932","15","","0","0","0","0"
"8474894","7403","1932","8","2023-06-20 08:55:20","3","1","2","0"
"8475638","2346","1931","29","2023-04-04 00:29:55","2","2","0","0"
"8477999","5793","1931","12","2023-07-10 19:42:03","4","1","3","0"
"8479387","3463","1931","45","2023-08-04 00:49:08","6","0","3","3"
"8480069","4810","1931","201","2023-12-03 09:34:29","21","13","3","5"
"8485403","2561","1930","5","2023-11-15 13:01:50","1","0","0","1"
"8487424","6370","1929","33","2023-11-30 16:58:19","2","0","0","2"
"8488913","4817","1929","29","2023-11-29 21:44:17","6","3","1","2"
"8493521","3581","1927","51","2023-06-28 07:27:17","7","2","5","0"
"8494588","4725","1927","13","","0","0","0","0"
"8506548","5291","2150","32","","0","0","0","0"
"8508777","5895","1925","5","2023-11-14 14:25:01","6","0","0","6"
"8510370","3128","1924","6","","0","0","0","0"
"8512262","7290","1924","150","2024-01-30 15:57:48","146","60","46","40"
"8516269","2481","1923","5","2023-09-20 09:39:13","5","2","2","1"
"8520923","5432","1922","5","2023-12-07 08:59:59","1","0","0","1"
"8522818","2385","1921","7","","0","0","0","0"
"8524301","3829","1921","6","","0","0","0","0"
"8524584","2494","1921","9","2023-12-05 10:48:46","8","4","2","2"
"8524922","3366","1921","15","2023-08-02 18:34:47","6","3","2","1"
"8532748","4260","1919","12","2023-12-13 13:05:39","8","4","0","4"
"8534285","3372","1919","10","2023-10-26 17:14:17","2","0","0","2"
"8534482","4480","1919","40","2023-09-16 20:21:29","15","5","5","5"
"8539278","3620","1918","25","2023-04-04 18:21:14","1","1","0","0"
"8539736","2263","1918","6","2023-04-25 16:53:40","1","1","0","0"
"8544123","3631","1917","52","2023-07-16 21:11:28","6","4","2","0"
"8546205","6922","1916","10","2023-12-06 07:38:33","30","6","17","7"
"8548160","2969","1916","54","2023-07-19 20:52:59","15","7","8","0"
"8559300","3001","1913","60","","0","0","0","0"
"8560709","2101","1913","8","","0","0","0","0"
"8564999","8045","1912","57","2024-01-29 10:39:54","26","7","4","15"
"8565010","3000","1912","115","2023-08-16 19:23:37","2","0","1","1"
"8565438","8310","1912","26","2024-01-25 15:03:45","2","1","0","1"
"8565521","3817","1912","5","2024-01-05 06:40:58","5","3","1","1"
"8567231","4608","1911","27","2024-01-18 18:07:55","19","6","2","11"
"8568159","3087","1911","15","2023-11-27 07:06:43","7","2","2","3"
"8569928","2277","1911","9","","0","0","0","0"
"8584904","7274","1908","43","2023-11-28 21:09:42","17","0","4","13"
"8584929","2857","1908","25","2024-01-04 15:54:31","36","5","9","22"
"8586803","6236","1907","8","2024-01-05 19:22:05","8","2","4","2"
"8593424","2952","1906","64","2024-01-17 16:34:47","14","4","2","8"
"8593689","5102","1906","24","2023-08-03 19:34:33","1","0","0","1"
"8597510","8946","1905","9","2023-02-27 21:30:30","1","1","0","0"
"8598377","2246","1905","32","2024-01-19 07:38:33","3","0","1","2"
"8607826","4131","1903","18","2023-11-14 13:54:15","15","8","4","3"
"8609330","2446","1903","15","","0","0","0","0"
"8617118","5077","1902","10","2024-01-23 23:30:54","2","1","0","1"
"8618242","4175","1901","19","2024-01-06 08:36:07","26","13","12","1"
"8620332","3902","1901","6","2023-06-08 17:20:03","1","0","1","0"
"8621764","2641","1900","5","","0","0","0","0"
"8622814","2048","1900","28","2023-09-21 07:06:14","2","0","0","2"
"8623159","5896","1900","47","2023-06-24 13:39:04","2","0","2","0"
"8624276","2290","1899","65","2024-01-27 14:13:34","122","17","25","80"
"8626173","2744","1899","5","2023-08-01 18:51:34","3","1","1","1"
"8629960","8511","1898","5","2023-05-24 18:30:33","2","0","2","0"
"8634147","3101","1898","6","","0","0","0","0"
"8635547","2787","1898","15","2023-02-16 22:41:23","2","2","0","0"
"8639723","2472","1897","11","","0","0","0","0"
"8641776","2552","1897","68","2023-08-26 12:57:00","9","7","0","2"
"8644294","4176","1897","22","2024-01-28 22:21:25","27","4","1","22"
"8649091","3622","1896","78","2023-09-20 14:29:51","7","3","2","2"
"8649763","7805","1896","14","2024-01-29 13:00:17","27","6","6","15"
"8656248","2939","1895","16","2023-07-29 14:47:47","9","2","7","0"
"8658157","2775","1895","18","2024-01-12 05:39:48","6","3","0","3"
"8660527","2048","1894","33","2023-09-04 15:18:25","1","0","0","1"
"8661624","3599","1894","6","2023-06-08 08:48:54","2","0","2","0"
"8663643","2016","1893","5","2023-02-17 07:11:07","1","1","0","0"
"8663760","5207","1893","12","","0","0","0","0"
"8665500","2343","1893","9","2023-02-23 15:48:22","1","1","0","0"
"8666197","2797","1893","6","2023-09-20 17:00:20","4","2","1","1"
"8667766","3437","1892","23","2023-10-22 15:08:23","5","2","2","1"
"8671053","2691","1892","10","2024-01-10 18:53:37","8","5","2","1"
"8677015","2604","1891","8","2024-01-29 14:32:25","6","0","0","6"
"8677071","2501","1891","74","2023-04-05 09:58:46","1","1","0","0"
"8679627","5786","1890","6","2023-06-12 14:11:20","2","0","2","0"
"8684551","3102","1890","24","2023-08-22 08:32:31","5","1","3","1"
"8691102","3253","1889","5","","0","0","0","0"
"8692657","2065","1889","8","2023-09-12 16:26:00","2","0","1","1"
"8692914","2269","1888","15","2024-01-11 17:38:24","6","0","3","3"
"8695110","2353","1888","14","2023-03-02 16:08:47","1","1","0","0"
"8698101","7270","1888","20","2023-04-17 01:04:56","1","1","0","0"
"8701024","8357","1887","7","2023-07-13 23:46:37","1","0","1","0"
"8704180","2096","1886","59","2024-01-01 16:34:49","2","0","1","1"
"8709100","2377","1885","34","2023-02-28 11:33:31","3","3","0","0"
"8709603","4930","1885","9","2023-08-03 08:42:26","2","1","0","1"
"8710265","7907","1885","5","2023-11-12 01:28:35","4","1","1","2"
"8710344","6526","1885","25","2024-01-31 17:57:17","26","9","8","9"
"8712494","6868","1884","9","2024-01-26 10:12:49","3","0","0","3"
"8714235","3174","1884","13","2024-01-01 16:47:07","8","1","1","6"
"8715278","5271","1884","7","","0","0","0","0"
"8725275","6911","1882","18","2024-01-16 10:22:56","16","3","2","11"
"8725395","8151","1882","61","","0","0","0","0"
"8726488","3088","1882","21","","0","0","0","0"
"8727490","4730","1882","5","","0","0","0","0"
"8730140","3055","1881","33","2023-11-01 21:00:00","39","22","11","6"
"8731272","5605","1881","5","","0","0","0","0"
"8733427","7036","1881","6","","0","0","0","0"
"8736569","2252","1880","50","2023-05-02 07:47:41","5","4","1","0"
"8737144","3479","1880","5","","0","0","0","0"
"8739330","2629","1879","5","2023-09-07 22:25:07","1","0","0","1"
"8740349","9055","1879","124","2024-01-29 15:35:48","55","25","7","23"
"8740387","7241","1879","14","2023-06-13 04:08:55","2","1","1","0"
"8742505","2296","1879","21","","0","0","0","0"
"8743099","5774","1878","21","2024-01-16 14:03:52","12","2","2","8"
"8746648","2611","1878","19","2023-08-06 13:41:16","1","0","0","1"
"8748308","5961","1878","29","2023-11-04 21:48:52","8","1","2","5"
"8748686","2148","1878","9","2024-01-20 02:35:48","15","4","1","10"
"8750174","4256","1877","5","2023-08-28 06:33:12","2","1","0","1"
"8753991","3804","1877","10","","0","0","0","0"
"8754782","2992","1877","11","2023-11-22 14:57:17","1","0","0","1"
"8757033","2239","1876","15","2023-11-30 11:33:45","1","0","0","1"
"8760805","2274","1876","80","2023-04-06 08:11:59","4","4","0","0"
"8763097","2359","1875","13","2023-02-15 02:36:30","1","1","0","0"
"8766350","2089","1875","7","2023-03-19 20:12:55","1","1","0","0"
"8769985","7627","1874","10","2023-09-20 19:19:53","6","4","1","1"
"8770336","3775","1874","55","2024-01-25 09:12:42","11","10","0","1"
"8772744","3956","1874","68","2023-10-05 13:48:04","5","0","1","4"
"8773309","5482","1874","17","2024-01-05 07:25:10","26","21","3","2"
"8776746","5177","1873","5","2023-11-21 02:54:55","9","3","4","2"
"8779275","2918","1872","6","2024-01-04 22:09:58","2","0","1","1"
"8780258","2869","1872","48","2024-01-31 21:01:09","53","17","13","23"
"8783685","3903","1871","5","2024-01-09 13:39:26","13","0","4","9"
"8783885","3857","1871","10","2023-09-24 18:06:45","11","7","2","2"
"8784402","5918","1871","6","2023-07-28 06:08:59","2","0","2","0"
"8784938","3084","1871","10","2023-11-22 15:08:40","6","1","2","3"
"8791436","2933","1870","7","2023-09-29 06:44:41","4","1","1","2"
"8791491","2399","1870","9","2023-09-07 17:31:31","8","1","0","7"
"8791568","8534","1870","8","2023-12-22 08:18:22","27","10","0","17"
"8795673","3742","1869","22","","0","0","0","0"
"8796806","2692","1869","5","2023-11-04 14:11:36","5","1","2","2"
"8798818","2272","1868","5","2023-10-21 10:39:41","5","0","2","3"
"8800237","4155","1868","44","2023-10-23 06:48:25","22","8","5","9"
"8801599","3471","1868","21","","0","0","0","0"
"8805095","2394","1867","5","2023-02-23 15:54:37","1","1","0","0"
"8805293","3088","1867","13","2023-04-08 17:50:47","4","4","0","0"
"8807231","4634","1867","198","2024-01-28 17:57:57","33","6","10","17"
"8808193","3521","1867","12","2023-07-23 15:04:15","1","0","1","0"
"8810271","3005","1866","9","2024-01-30 07:28:50","1","0","0","1"
"8814131","3270","1865","160","2023-05-30 12:39:40","2","1","1","0"
"8815948","2866","1865","7","2023-12-08 16:43:24","14","2","0","12"
"8819761","4058","1864","9","2023-07-18 08:51:59","1","0","1","0"
"8821969","2094","1864","23","2023-09-21 10:51:18","4","2","0","2"
"8822610","5540","1863","84","2024-01-29 15:32:24","29","9","11","9"
"8825020","3250","1863","5","2024-01-04 12:09:13","4","1","1","2"
"8827624","3364","1863","7","","0","0","0","0"
"8828524","2441","1862","7","2023-09-30 05:01:10","1","0","0","1"
"8829775","5141","1862","16","2023-10-21 15:15:21","7","0","3","4"
"8833279","2442","1862","5","2023-09-27 18:47:21","3","2","0","1"
"8837312","3173","1861","15","2023-04-06 07:37:35","1","1","0","0"
"8838148","6152","1861","35","2024-01-31 09:19:33","1","0","0","1"
"8840359","2040","1861","8","2023-11-08 20:13:20","2","0","0","2"
"8842694","2505","1860","11","2023-10-18 06:17:37","2","1","0","1"
"8842945","2693","1860","27","2023-03-10 06:41:47","1","1","0","0"
"8845480","3510","1860","114","2023-12-12 12:18:27","23","17","2","4"
"8847587","2260","1859","12","","0","0","0","0"
"8849755","3295","1859","15","2023-10-16 18:56:28","6","2","2","2"
"8850735","2471","1858","104","2023-03-15 03:59:42","2","2","0","0"
"8852158","6539","1858","17","","0","0","0","0"
"8854824","3460","1857","10","","0","0","0","0"
"8854921","2381","1857","21","2023-07-08 07:09:41","1","0","1","0"
"8855844","7498","1857","13","","0","0","0","0"
"8864226","6146","1856","241","2023-03-31 23:40:18","30","30","0","0"
"8871569","2435","1854","5","2023-09-27 01:47:27","3","1","0","2"
"8871891","2617","1854","58","2023-11-27 07:16:34","15","5","3","7"
"8874388","4807","1854","7","2023-07-15 04:03:15","4","0","4","0"
"8881420","7251","1853","8","","0","0","0","0"
"8886456","5447","1852","7","2024-01-23 19:45:23","9","2","0","7"
"8888756","2178","1851","6","2023-05-14 22:13:52","4","3","1","0"
"8890345","2299","1851","63","2023-02-27 23:27:29","1","1","0","0"
"8890604","8388","1851","6","","0","0","0","0"
"8893827","5755","1850","8","2024-01-16 14:36:24","3","0","1","2"
"8893847","8329","1850","23","","0","0","0","0"
"8895292","6571","1850","100","","0","0","0","0"
"8896457","4214","1850","6","2023-10-30 21:55:17","1","0","0","1"
"8897909","2422","1849","6","2023-12-27 17:31:19","3","0","1","2"
"8898138","8665","1849","10","2023-06-07 12:36:54","5","4","1","0"
"8899044","3894","1849","6","2023-02-27 14:38:55","7","7","0","0"
"8899386","4990","1849","8","2023-05-05 15:04:25","1","0","1","0"
"8900683","7564","1849","7","2023-12-11 14:29:06","4","2","0","2"
"8909235","6365","1848","61","2023-12-26 17:23:54","3","0","0","3"
"8909353","3546","1848","22","","0","0","0","0"
"8913983","4880","1847","10","","0","0","0","0"
"8921450","3543","1846","103","2024-01-25 11:15:52","15","1","2","12"
"8927098","2685","1844","11","2024-01-14 00:37:05","3","1","0","2"
"8929855","3592","1844","47","2024-01-15 11:11:05","19","10","5","4"
"8930321","2716","1843","5","2023-08-25 17:21:07","1","0","0","1"
"8935380","2995","1843","13","2023-10-27 09:37:20","10","4","5","1"
"8940630","7847","1842","6","","0","0","0","0"
"8941307","3749","1842","68","2024-01-26 06:25:05","19","9","4","6"
"8942566","5509","1841","97","2024-01-23 01:10:13","52","19","16","17"
"8942966","2378","1841","6","2023-02-20 13:11:53","1","1","0","0"
"8946627","3207","1841","6","2023-07-26 20:44:30","3","2","1","0"
"8947430","3272","1841","6","2023-03-14 11:13:37","1","1","0","0"
"8951571","2603","1840","6","","0","0","0","0"
"8965420","2065","1837","12","2023-10-31 13:14:36","3","0","1","2"
"8971773","2590","1836","6","2023-10-30 14:04:03","3","0","1","2"
"8974088","3002","1836","5","","0","0","0","0"
"8978229","2088","1835","6","2023-02-15 09:26:47","1","1","0","0"
"8982034","3174","1835","28","2023-11-16 18:05:41","9","0","4","5"
"8990846","2483","1834","5","2023-11-03 21:36:36","4","1","1","2"
"8994998","4802","1833","32","2023-12-15 04:43:37","6","0","4","2"
"8996211","2034","1833","43","","0","0","0","0"
"8997395","3527","1833","18","2023-11-26 04:46:55","4","1","1","2"
"8997916","3475","1833","17","","0","0","0","0"
"9008140","2194","1831","14","2024-01-15 01:40:28","14","4","8","2"
"9008233","3348","1831","6","","0","0","0","0"
"9009196","5344","1830","18","","0","0","0","0"
"9010134","6050","1830","9","2023-02-23 09:07:03","1","1","0","0"
"9010507","2644","1830","10","2024-01-16 18:46:13","2","1","0","1"
"9014308","4400","1829","29","2023-10-23 10:27:21","7","3","2","2"
"9015942","4923","1829","14","2024-01-28 21:47:16","1","0","0","1"
"9019998","2142","1828","5","2023-12-11 06:43:34","1","0","0","1"
"9021186","2452","1828","6","2023-05-09 08:07:36","1","0","1","0"
"9022665","5795","1828","34","2024-01-26 18:24:45","38","8","12","18"
"9028384","3280","1827","13","2023-12-07 22:34:08","17","0","10","7"
"9031516","2996","1826","10","","0","0","0","0"
"9034195","6375","1826","35","2024-01-25 12:17:39","51","15","11","25"
"9035237","5244","1826","15","2023-09-11 08:48:29","4","3","0","1"
"9038475","3768","1825","13","2023-10-10 07:47:26","34","10","21","3"
"9039646","8594","1825","33","2023-09-12 14:55:49","48","32","6","10"
"9040866","3329","1825","19","2023-05-18 14:43:54","2","1","1","0"
"9041075","4377","1825","11","2023-11-18 18:58:23","1","0","0","1"
"9041632","3925","1824","6","2023-07-24 14:59:58","7","2","5","0"
"9043475","6094","1824","35","2024-01-20 06:33:42","45","20","6","19"
"9044370","2458","1824","36","","0","0","0","0"
"9044720","6198","1824","5","","0","0","0","0"
"9046550","3187","1823","8","2023-04-24 14:00:30","1","1","0","0"
"9047589","3525","1823","44","2024-01-28 17:03:43","4","1","0","3"
"9047701","4305","1823","10","2023-10-16 20:49:12","1","0","0","1"
"9050514","9067","1822","28","2023-06-28 16:44:10","10","3","7","0"
"9051006","6172","1822","23","2023-07-31 08:01:19","7","5","2","0"
"9055350","2154","2256","16","2023-11-17 12:49:55","1","0","0","1"
"9059424","3217","1820","29","2024-01-08 04:44:16","5","2","0","3"
"9059680","3012","1820","19","2023-04-03 18:06:14","8","8","0","0"
"9061224","2898","1820","8","2023-11-16 04:23:16","7","4","2","1"
"9061264","4441","1820","18","2023-12-05 14:58:19","10","5","3","2"
"9063139","3022","1820","7","2023-09-20 11:41:27","4","0","3","1"
"9063935","2704","1820","6","2023-09-07 11:15:59","7","0","1","6"
"9068895","6177","1819","146","2023-10-11 16:52:56","37","33","1","3"
"9074134","2450","1818","6","","0","0","0","0"
"9076175","2311","1817","6","2023-11-29 03:50:57","3","2","0","1"
"9079411","2494","1816","8","2024-01-02 15:24:21","4","2","0","2"
"9096420","2322","1812","5","2024-01-18 02:20:28","20","10","1","9"
"9099261","2469","1812","6","2023-02-14 23:27:07","1","1","0","0"
"9099423","2109","1812","12","2023-12-25 17:08:25","5","2","0","3"
"9103250","2242","1811","9","2023-12-04 15:47:54","2","1","0","1"
"9104189","2281","1811","7","2023-07-25 15:15:46","1","0","1","0"
"9108912","5102","1809","104","2023-06-20 00:28:01","4","2","2","0"
"9109560","2571","1809","11","2023-03-17 09:40:06","1","1","0","0"
"9110909","4804","1809","63","2023-05-11 23:08:52","7","6","1","0"
"9113457","3593","1808","27","2024-01-22 19:51:28","12","1","3","8"
"9113679","2791","1808","20","","0","0","0","0"
"9115195","2837","1808","6","","0","0","0","0"
"9116982","2479","1807","7","2023-05-30 14:03:16","1","0","1","0"
"9129832","3225","1804","20","","0","0","0","0"
"9131961","4008","1804","5","2024-01-21 15:01:45","3","0","0","3"
"9137395","3961","1802","33","2023-12-14 04:38:45","8","4","2","2"
"9139384","6344","1801","12","2023-12-29 09:10:02","10","3","2","5"
"9142279","4277","1800","18","2023-11-17 10:37:59","5","2","0","3"
"9144990","2155","1799","6","2023-09-20 11:41:30","2","0","1","1"
"9146565","7769","1799","26","2023-12-13 17:34:23","12","1","2","9"
"9147721","5466","1798","9","2024-01-18 06:50:58","7","1","1","5"
"9150146","9156","1798","5","","0","0","0","0"
"9150652","6915","1798","12","","0","0","0","0"
"9151084","2870","1798","5","2024-01-08 08:04:08","4","1","0","3"
"9154668","5571","1797","15","2023-12-13 10:31:59","16","2","7","7"
"9161478","8025","1794","28","2023-12-17 07:45:00","2","1","0","1"
"9164015","3271","1793","8","","0","0","0","0"
"9166855","2728","1792","10","2023-10-26 18:45:22","5","2","0","3"
"9167762","3240","1792","7","2023-03-01 12:59:34","2","2","0","0"
"9168390","2791","1792","9","2023-04-15 16:07:33","3","3","0","0"
"9170346","4611","1792","10","2024-01-20 21:12:23","13","5","3","5"
"9175097","2846","1791","117","","0","0","0","0"
"9175247","3152","1790","49","2024-01-11 21:50:00","4","0","1","3"
"9177810","2350","1790","23","2023-11-13 09:09:10","5","3","1","1"
"9178992","5882","1790","72","2024-01-11 18:33:54","26","7","8","11"
"9181204","3095","1789","12","2023-12-09 03:35:05","3","1","1","1"
"9181558","3868","1789","8","2023-03-07 11:39:28","2","2","0","0"
"9193668","3067","1786","5","","0","0","0","0"
"9194639","2330","1786","10","2023-07-07 20:43:58","2","0","2","0"
"9196560","5324","1785","36","2024-01-25 21:24:39","26","4","2","20"
"9198260","8556","1785","5","2023-02-08 11:23:24","1","1","0","0"
"9200941","2510","1785","39","2023-08-02 07:57:34","1","0","0","1"
"9203158","5768","1784","42","2024-01-01 13:59:44","12","0","10","2"
"9209203","3051","1783","14","2023-07-19 05:41:54","1","0","1","0"
"9213345","5907","1782","15","2024-01-19 14:07:38","19","7","1","11"
"9215033","2053","1781","6","","0","0","0","0"
"9216229","2110","1781","12","2024-01-29 12:57:18","12","7","1","4"
"9216512","3412","1781","39","2023-05-23 20:18:52","5","4","1","0"
"9221698","3756","1780","5","2023-06-23 22:14:11","1","0","1","0"
"9224219","4049","1779","10","2023-10-20 18:56:42","7","4","0","3"
"9225733","3061","1779","7","2023-12-01 09:39:48","4","1","0","3"
"9230154","4731","1778","22","2023-10-31 17:35:06","6","0","2","4"
"9231401","7129","1778","16","2023-07-08 14:55:37","4","2","2","0"
"9236525","3144","1777","9","2023-04-16 15:24:10","2","2","0","0"
"9238928","3439","1776","5","","0","0","0","0"
"9239311","3793","1776","103","2024-01-29 06:05:49","107","38","23","46"
"9242225","6892","1776","89","","0","0","0","0"
"9242301","2197","1776","34","","0","0","0","0"
"9244861","5001","1775","28","2024-01-30 21:26:03","13","8","0","5"
"9245623","2379","1775","226","2023-12-30 18:04:20","165","115","32","18"
"9247039","2720","1774","103","","0","0","0","0"
"9248098","3495","1774","120","2024-01-15 20:43:21","2","1","0","1"
"9248718","8595","1774","100","2023-10-12 21:27:27","14","3","4","7"
"9250490","3436","1773","11","2023-12-17 01:49:23","10","3","6","1"
"9251185","5955","1773","9","2024-01-18 13:17:46","4","0","0","4"
"9253414","6692","1773","5","2023-09-23 16:12:45","2","0","1","1"
"9253778","2687","1773","18","2023-12-13 14:24:05","8","0","3","5"
"9255057","3139","1772","21","2023-09-15 04:26:53","4","0","3","1"
"9256189","5124","1772","53","2023-12-25 04:46:49","4","0","2","2"
"9261558","6692","1771","178","2023-12-13 00:41:27","111","90","16","5"
"9262535","5559","1771","7","","0","0","0","0"
"9263083","3138","1771","21","2023-07-24 02:59:45","21","17","4","0"
"9263418","3917","1771","18","2023-02-11 10:13:18","1","1","0","0"
"9267296","4405","1770","117","2023-09-29 10:04:16","5","2","0","3"
"9269177","2738","1770","9","2023-07-13 07:10:42","1","0","1","0"
"9271266","5083","1769","19","2024-01-10 10:08:39","16","7","3","6"
"9272040","2915","1769","24","2023-10-22 10:17:40","5","0","2","3"
"9272654","7048","1769","20","2024-01-18 07:39:12","9","1","1","7"
"9273406","4398","1769","9","2023-12-06 00:54:42","6","4","1","1"
"9275224","3877","1768","49","2023-04-19 04:56:13","2","2","0","0"
"9275568","2598","1768","7","2023-03-22 13:17:32","1","1","0","0"
"9278493","2241","1767","16","2023-08-10 00:42:48","6","2","3","1"
"9279354","9164","1767","82","","0","0","0","0"
"9279682","2458","1767","18","2023-07-25 11:57:51","9","3","6","0"
"9280279","2531","1767","5","2023-05-23 08:38:48","2","1","1","0"
"9280848","2160","1767","8","2023-02-24 15:59:40","1","1","0","0"
"9281109","2372","1767","16","2023-07-15 12:39:21","1","0","1","0"
"9282844","4672","1766","39","2023-10-04 21:40:47","20","17","1","2"
"9283918","2633","1766","5","","0","0","0","0"
"9284962","2812","1766","5","","0","0","0","0"
"9287628","5095","1765","8","2023-11-15 10:20:21","4","0","0","4"
"9288063","2691","1765","32","2024-01-16 12:43:32","27","10","9","8"
"9288580","2072","1765","62","2024-01-17 08:56:47","36","21","0","15"
"9290986","8452","1765","7","2024-01-03 20:57:16","17","2","3","12"
"9291557","7977","1765","29","2023-11-12 12:12:16","4","0","2","2"
"9291851","2813","1764","10","2023-08-22 18:56:11","7","4","1","2"
"9292770","4025","1764","32","2023-12-07 05:48:26","9","2","4","3"
"9294837","2404","1764","60","","0","0","0","0"
"9296093","8256","1764","282","2024-01-31 12:27:54","103","37","17","49"
"9297601","3212","1763","21","2024-01-15 08:21:01","19","5","2","12"
"9302488","4507","1763","21","","0","0","0","0"
"9304616","2943","1762","22","2023-12-08 17:49:42","7","1","4","2"
"9307265","3230","1762","27","2023-12-24 12:24:21","22","10","6","6"
"9307290","2932","1762","29","2024-01-19 15:57:36","3","0","0","3"
"9308731","2078","1761","27","2024-01-31 10:29:45","15","1","0","14"
"9316077","2019","1759","5","2023-11-29 23:41:20","3","1","0","2"
"9324707","3052","1758","10","2023-11-20 19:56:34","7","0","5","2"
"9332875","3267","1756","16","2023-11-18 12:28:36","4","0","2","2"
"9333764","2216","1756","16","2023-03-13 15:30:42","1","1","0","0"
"9334155","7312","1756","7","2024-01-18 00:22:36","11","3","3","5"
"9342544","2111","1754","5","2023-08-08 14:54:20","2","0","1","1"
"9346054","2409","1753","32","2023-09-29 02:32:22","4","2","0","2"
"9346859","6058","1753","13","2023-09-06 11:36:02","4","1","2","1"
"9350720","8236","1752","200","2023-10-12 05:28:11","15","4","6","5"
"9351817","2052","1752","20","2023-04-12 15:21:37","2","2","0","0"
"9361998","3095","1750","12","2023-04-20 21:42:28","3","3","0","0"
"9363441","2207","1749","5","2023-04-27 10:58:05","2","2","0","0"
"9363973","8092","1749","39","","0","0","0","0"
"9363996","4075","1749","38","2023-12-27 20:59:10","6","4","1","1"
"9364415","3382","1749","11","2024-01-28 20:36:25","13","3","3","7"
"9365212","7409","1749","14","","0","0","0","0"
"9365244","3271","1749","12","2024-01-19 20:43:59","10","2","6","2"
"9369606","6458","1748","11","","0","0","0","0"
"9372923","2519","1747","26","","0","0","0","0"
"9377366","3280","1746","49","","0","0","0","0"
"9378077","2079","1746","8","2023-02-08 08:41:24","1","1","0","0"
"9381746","5597","1745","5","2023-06-21 21:30:09","6","5","1","0"
"9385656","3676","1744","28","","0","0","0","0"
"9393213","9509","1743","12","2024-01-26 18:40:04","6","0","1","5"
"9395772","4258","1742","6","2023-10-16 07:04:18","3","0","0","3"
"9399042","3656","1742","48","2024-01-19 17:24:30","45","20","16","9"
"9405238","4546","1740","19","2024-01-25 05:07:35","10","0","3","7"
"9410412","6563","1739","14","2024-01-24 10:44:08","18","2","3","13"
"9412325","3483","1738","39","2023-10-02 12:30:16","2","0","0","2"
"9414803","3585","1738","14","","0","0","0","0"
"9418800","4783","1737","12","2023-08-17 04:23:05","2","1","0","1"
"9422637","3558","1736","5","2023-03-13 19:58:31","1","1","0","0"
"9422871","2781","1736","45","","0","0","0","0"
"9423009","3519","1736","10","2023-06-22 16:15:23","3","1","2","0"
"9424962","5188","1736","5","","0","0","0","0"
"9428538","3508","1735","7","2024-01-03 15:59:46","11","2","6","3"
"9428851","2967","1735","12","2024-01-27 12:48:16","1","0","0","1"
"9430250","3907","1735","31","2024-01-02 13:46:55","22","10","9","3"
"9430588","2860","1735","24","2023-10-30 21:25:41","1","0","0","1"
"9434800","5255","1734","6","","0","0","0","0"
"9439097","3924","1733","11","2023-10-04 21:52:27","7","3","2","2"
"9440709","6897","1732","21","2023-12-19 13:41:11","6","2","1","3"
"9443059","3130","1732","22","2024-01-02 14:49:31","11","7","2","2"
"9447571","9093","1731","8","","0","0","0","0"
"9448377","3798","1731","13","2023-12-11 21:37:01","6","0","3","3"
"9450152","2490","1730","6","","0","0","0","0"
"9453926","3780","1730","20","2023-07-22 13:25:55","2","1","1","0"
"9455518","7298","1729","10","2023-12-05 15:37:51","101","27","24","50"
"9455902","2142","1729","13","2023-08-15 09:57:00","10","0","4","6"
"9456688","3769","1729","10","2024-01-31 09:54:47","7","1","5","1"
"9457900","2652","1729","33","2024-01-27 07:38:37","10","3","3","4"
"9462829","6148","1728","42","2024-01-24 19:55:10","17","4","9","4"
"9468455","5005","1727","20","2023-11-09 10:28:35","20","8","8","4"
"9470099","4995","1727","5","","0","0","0","0"
"9470914","2950","1726","15","2023-11-03 06:48:44","4","1","2","1"
"9471283","3440","1726","13","","0","0","0","0"
"9471852","3231","1726","112","","0","0","0","0"
"9477038","7027","1725","10","2024-01-12 09:19:25","3","0","0","3"
"9477843","2979","1724","8","2023-04-05 08:34:04","2","2","0","0"
"9478425","2205","1724","6","2023-03-23 10:10:32","1","1","0","0"
"9479128","2450","1724","36","2023-11-07 12:56:06","4","3","0","1"
"9480608","5361","1724","59","2023-10-25 12:50:30","24","9","5","10"
"9482050","2995","1724","10","2023-12-20 22:20:49","19","3","9","7"
"9484913","3936","1723","69","2023-11-29 04:57:11","18","5","5","8"
"9489566","2374","1722","7","2023-12-09 19:55:59","6","3","1","2"
"9490769","3345","1722","19","2024-01-30 14:47:02","23","17","4","2"
"9492720","4378","1722","12","","0","0","0","0"
"9492730","4854","1722","66","2024-01-24 12:15:15","54","19","11","24"
"9493369","2165","1722","19","","0","0","0","0"
"9494140","4483","1722","5","2023-06-05 12:52:23","1","0","1","0"
"9497657","5376","1721","7","2023-11-13 08:58:06","3","0","1","2"
"9499196","6593","1721","30","2024-01-24 17:51:07","114","79","13","22"
"9501624","3974","1720","62","2024-01-10 06:21:25","55","9","10","36"
"9504155","2839","1720","11","2023-08-21 14:37:30","6","0","1","5"
"9504406","4761","1720","8","2024-01-21 02:36:09","4","1","2","1"
"9504458","4893","1720","12","","0","0","0","0"
"9506773","3629","1719","75","2024-01-16 10:24:00","29","16","8","5"
"9507402","5002","1719","17","2023-06-26 12:06:32","7","2","5","0"
"9508635","5943","1719","63","","0","0","0","0"
"9510020","5563","1719","72","2024-01-30 20:25:36","78","24","28","26"
"9512475","3194","1718","61","2024-01-14 00:13:19","8","2","2","4"
"9515624","3231","1717","5","2023-06-05 05:10:04","1","0","1","0"
"9522406","6878","1716","7","2023-03-12 13:32:12","1","1","0","0"
"9524409","4535","1716","14","2023-05-29 16:47:23","2","1","1","0"
"9525344","3921","1716","13","2023-07-14 19:05:23","2","1","1","0"
"9529048","3497","1715","11","2023-08-22 11:45:08","3","1","1","1"
"9529842","8522","1715","20","2023-11-15 13:42:23","8","0","3","5"
"9535070","3362","1714","10","2024-01-11 14:43:05","3","1","0","2"
"9538068","5019","1713","8","2024-01-10 03:17:41","9","1","5","3"
"9541448","7806","1713","16","2024-01-13 00:23:50","14","3","3","8"
"9541862","2107","1713","10","2024-01-05 01:24:13","16","6","4","6"
"9542989","2135","1712","21","2023-09-12 17:56:43","6","3","2","1"
"9543830","2705","1712","9","","0","0","0","0"
"9545074","4294","1712","10","2023-12-07 14:03:46","21","0","10","11"
"9547658","7922","1711","5","2024-01-30 16:39:44","1","0","0","1"
"9548002","3211","1711","19","2023-08-29 07:49:31","3","0","1","2"
"9549012","4685","1711","78","2023-12-30 05:59:55","23","10","1","12"
"9549928","4698","1711","15","2023-12-30 18:17:49","14","4","4","6"
"9551405","3657","1710","8","2023-05-12 09:18:03","7","6","1","0"
"9552116","2262","1710","8","","0","0","0","0"
"9560594","5193","1709","200","2023-07-11 21:16:53","36","32","4","0"
"9565139","2668","1708","5","2023-06-29 08:57:31","5","1","4","0"
"9566484","3760","1708","46","2023-09-18 12:00:38","5","4","0","1"
"9568358","5159","1707","31","2024-01-11 14:51:33","47","7","22","18"
"9570734","6493","1707","43","2024-01-10 06:42:10","68","25","26","17"
"9575631","2890","1706","7","2023-09-06 08:17:35","3","1","1","1"
"9583747","2099","1704","64","2023-04-02 14:58:26","5","5","0","0"
"9585016","3724","1703","5","2023-09-06 12:03:18","1","0","0","1"
"9585130","5449","1703","11","2024-01-27 13:09:06","16","11","2","3"
"9585974","4149","1703","5","","0","0","0","0"
"9586073","2552","1703","49","2023-09-29 05:15:27","2","0","0","2"
"9586338","6589","1703","40","2023-12-21 14:19:58","17","1","2","14"
"9595931","3024","1701","25","2023-11-29 11:17:58","18","5","7","6"
"9597296","4611","1701","5","2024-01-29 05:39:54","7","1","1","5"
"9598207","2340","1701","6","2023-11-15 16:40:55","2","1","0","1"
"9599091","2369","1701","63","2023-10-11 01:29:04","14","0","0","14"
"9602863","4997","1700","6","","0","0","0","0"
"9604966","3646","1700","11","2023-12-28 04:55:19","14","2","4","8"
"9616949","2006","1696","13","2024-01-26 07:19:50","17","4","10","3"
"9618378","3096","1696","10","","0","0","0","0"
"9621172","2401","1696","13","2023-08-01 15:06:56","1","0","0","1"
"9625777","3167","1695","5","2023-08-18 02:53:14","3","0","2","1"
"9636526","2100","1693","19","2023-10-17 09:20:40","7","5","1","1"
"9643655","4389","1692","26","2023-09-03 02:50:59","1","0","0","1"
"9658768","2210","1688","5","2023-10-17 13:55:12","7","1","3","3"
"9663497","6740","1687","12","2024-01-22 08:33:12","12","4","2","6"
"9667775","2388","1686","5","2024-01-28 15:04:41","8","5","2","1"
"9670056","7931","1686","15","2023-06-06 07:42:08","1","0","1","0"
"9675721","2871","1685","5","2024-01-03 12:50:58","12","3","1","8"
"9677399","3383","1684","5","2024-01-13 09:48:37","2","0","0","2"
"9681755","7016","1683","26","2024-01-17 17:37:29","24","9","9","6"
"9689193","5121","1681","19","2023-11-27 12:22:08","3","0","1","2"
"9689945","2093","1681","5","2024-01-17 22:21:27","8","5","1","2"
"9696037","8896","1680","32","2023-07-29 19:11:49","2","0","2","0"
"9698467","3059","1680","23","2023-11-07 13:11:31","2","0","0","2"
"9698517","2023","1680","38","2023-12-08 16:05:35","21","5","6","10"
"9702190","2116","1679","9","2023-12-17 10:10:30","6","1","1","4"
"9703451","3198","1679","27","2024-01-26 21:14:06","41","7","18","16"
"9705687","5983","1679","71","2024-01-05 18:27:21","2","0","0","2"
"9708440","5439","1678","7","2023-10-02 23:16:50","6","0","0","6"
"9709785","2095","1678","51","2023-07-19 10:25:16","1","0","1","0"
"9714611","2370","1677","18","2023-11-10 13:23:58","7","0","2","5"
"9715339","9163","1677","34","","0","0","0","0"
"9715816","2037","1677","8","2023-07-21 15:10:54","2","0","2","0"
"9718056","8078","1676","54","2024-01-31 09:31:43","72","15","11","46"
"9722336","3936","1675","5","2023-11-07 17:39:24","3","0","0","3"
"9723036","4359","1675","7","2023-11-29 19:51:37","35","24","1","10"
"9724750","3351","1674","6","2023-05-22 20:15:00","1","0","1","0"
"9730358","2391","2645","10","2023-11-17 10:37:45","17","6","5","6"
"9730862","2071","1673","6","2023-07-06 15:20:13","1","0","1","0"
"9731186","2055","1673","6","2023-05-24 15:17:55","2","1","1","0"
"9733546","2592","1672","17","2023-03-01 19:12:49","1","1","0","0"
"9741769","5113","1671","8","","0","0","0","0"
"9749458","2568","1669","13","2023-09-28 16:53:18","4","3","0","1"
"9753985","7005","1668","6","2023-09-18 13:20:57","1","0","0","1"
"9754169","6121","1668","9","","0","0","0","0"
"9758790","3084","1667","34","2023-10-07 21:46:09","6","1","1","4"
"9764133","6056","1666","5","2023-08-09 07:31:14","3","0","0","3"
"9764507","2777","1666","5","2023-04-09 12:04:12","4","4","0","0"
"9768031","2069","1665","5","2023-12-19 00:49:25","7","0","2","5"
"9768291","5377","1665","6","","0","0","0","0"
"9769731","7376","1665","28","2024-01-23 11:39:13","29","5","9","15"
"9770840","4884","1665","23","2023-11-29 15:33:23","5","1","0","4"
"9774005","4079","1664","10","2024-01-10 02:49:27","8","3","2","3"
"9778513","8180","1664","247","2023-11-24 18:30:19","48","1","32","15"
"9778946","2623","1664","20","2023-02-17 17:48:09","2","2","0","0"
"9779791","5467","1663","17","2024-01-20 17:04:43","6","1","2","3"
"9788072","2750","1661","22","2023-08-11 11:49:13","8","1","5","2"
"9792104","2219","1660","6","","0","0","0","0"
"9792594","4271","1660","8","2024-01-13 17:53:58","3","2","0","1"
"9793532","6478","1660","5","","0","0","0","0"
"9795817","6421","1660","8","2024-01-25 19:40:05","5","1","1","3"
"9808792","3870","1658","6","2024-01-24 17:24:44","7","5","0","2"
"9815708","2409","1656","14","2023-12-18 22:26:21","7","2","0","5"
"9818704","3319","1655","6","2023-04-17 11:18:47","1","1","0","0"
"9820754","2799","1654","9","","0","0","0","0"
"9829662","2124","1653","32","2023-09-22 09:18:43","24","17","5","2"
"9831777","3988","1652","46","2023-08-30 13:33:20","43","26","8","9"
"9833763","5608","1652","8","2023-12-08 13:10:18","3","0","0","3"
"9834603","2320","1652","5","2023-07-16 22:35:07","3","0","3","0"
"9837259","5512","1652","8","","0","0","0","0"
"9850970","4373","1649","42","2023-11-20 15:16:39","7","2","2","3"
"9852082","3334","1649","6","2023-09-07 15:34:29","4","1","1","2"
"9854149","4774","1648","17","2023-03-28 11:21:05","2","2","0","0"
"9856049","3702","1648","8","2023-06-21 11:06:04","2","1","1","0"
"9856176","2346","1647","25","","0","0","0","0"
"9857620","2049","1647","9","2023-12-01 07:44:20","2","0","1","1"
"9858653","2203","1647","14","2023-11-19 12:30:04","3","2","0","1"
"9860374","3534","1647","10","2024-01-25 22:11:33","3","0","2","1"
"9866618","3584","1646","35","","0","0","0","0"
"9868445","4309","1645","23","2023-06-22 09:35:42","6","3","3","0"
"9868549","5017","1645","44","2023-08-06 11:22:22","11","6","1","4"
"9870014","2031","1645","5","2023-10-04 15:46:19","5","0","4","1"
"9870107","4516","1645","26","2024-01-29 11:21:45","23","1","9","13"
"9871012","2723","1645","26","2023-10-16 15:08:19","9","4","2","3"
"9871463","6149","1645","5","2023-09-23 19:45:37","1","0","0","1"
"9874407","2344","1644","7","","0","0","0","0"
"9877065","3371","1644","67","2024-01-31 16:58:02","67","9","30","28"
"9877424","2192","1644","10","2023-11-15 00:24:09","4","1","2","1"
"9877445","2616","1644","5","","0","0","0","0"
"9881903","2061","1643","23","","0","0","0","0"
"9884190","6367","1642","5","2023-06-16 19:16:11","1","0","1","0"
"9884514","3421","1642","50","","0","0","0","0"
"9885611","5109","1642","7","2023-05-31 05:17:01","6","1","5","0"
"9888500","2557","1641","6","","0","0","0","0"
"9889778","2951","1640","7","2023-11-11 12:14:49","4","2","1","1"
"9890873","3504","1640","6","2023-10-16 08:13:32","14","6","6","2"
"9895452","2537","1639","5","2023-04-19 04:54:02","1","1","0","0"
"9897223","3595","1639","11","","0","0","0","0"
"9904275","2157","1638","13","","0","0","0","0"
"9909365","4809","1637","18","2023-04-22 04:22:06","4","4","0","0"
"9909930","3783","1637","9","2024-01-18 09:28:19","2","0","0","2"
"9910298","2570","1637","8","2023-04-15 16:14:26","1","1","0","0"
"9910440","2168","1637","14","2024-01-10 18:54:58","23","8","3","12"
"9912194","4902","1636","12","","0","0","0","0"
"9912714","7814","1636","110","2023-12-06 13:32:00","26","2","17","7"
"9918265","7898","1635","7","2023-05-19 12:43:22","19","13","6","0"
"9920079","3358","1634","9","","0","0","0","0"
"9920947","5175","1634","8","2023-09-22 11:35:20","2","1","0","1"
"9926179","2775","1633","78","2023-03-27 23:48:42","1","1","0","0"
"9929015","8569","1632","16","","0","0","0","0"
"9935654","9158","1631","53","2023-09-26 07:04:57","16","8","4","4"
"9936384","3607","1631","50","2024-01-09 07:23:43","9","3","5","1"
"9936828","2289","1631","28","2023-06-06 19:13:32","9","6","3","0"
"9937026","3163","1631","50","2024-01-30 16:03:20","32","8","10","14"
"9938686","2604","1631","7","","0","0","0","0"
"9940820","2991","1630","24","2023-12-24 13:09:52","2","1","0","1"
"9941595","2019","1630","7","","0","0","0","0"
"9942346","7407","1630","42","2023-11-13 07:13:50","14","4","6","4"
"9942608","2349","1630","12","","0","0","0","0"
"9945307","4507","1629","14","2024-01-04 14:35:43","8","2","2","4"
"9947159","5873","1629","126","2024-01-26 17:56:43","36","13","9","14"
"9948091","2213","1629","6","","0","0","0","0"
"9951570","4272","1628","29","","0","0","0","0"
"9962007","7371","1625","66","2024-01-05 15:00:06","71","18","25","28"
"9967571","6544","1624","7","","0","0","0","0"
"9967831","2339","1624","5","2023-12-21 14:00:05","3","1","1","1"
"9968486","4877","1624","14","","0","0","0","0"
"9971280","3869","1623","5","","0","0","0","0"
"9977151","3277","1622","51","2024-01-25 14:34:52","15","2","7","6"
"9977962","3768","1622","7","","0","0","0","0"
"9978746","5915","1622","10","","0","0","0","0"
"9978945","7924","1622","24","2023-08-03 10:00:50","1","0","0","1"
"9980626","2382","1621","48","","0","0","0","0"
"9986657","2099","1619","9","2023-12-07 07:26:22","5","1","2","2"
"9987623","3011","1619","57","2023-03-29 07:38:49","5","5","0","0"
"9989141","5055","1619","42","2024-01-31 13:25:16","25","11","7","7"
"9994312","6318","1618","32","2023-09-06 08:02:21","15","3","6","6"
"10000772","4028","1617","6","2024-01-12 10:36:57","12","2","1","9"
"10000823","2577","1617","11","2023-11-11 16:36:08","4","1","0","3"
"10004893","5328","1616","15","","0","0","0","0"
"10006183","2311","1616","9","2023-12-22 11:28:32","6","2","0","4"
"10009424","2529","1615","8","2023-10-16 16:55:29","2","1","0","1"
"10009950","4573","1615","34","2024-01-21 18:18:04","2","1","0","1"
"10010688","3878","1615","6","","0","0","0","0"
"10012735","6674","1615","14","2023-09-11 11:32:37","1","0","0","1"
"10016741","3773","1613","6","2023-07-11 07:42:55","10","8","2","0"
"10020283","6792","1612","95","2023-07-07 11:48:15","5","4","1","0"
"10020419","5808","1612","28","2023-11-22 09:06:18","23","6","13","4"
"10021876","4190","1612","103","2023-06-28 12:01:09","1","0","1","0"
"10024425","5189","1611","91","2024-01-22 17:46:43","37","15","15","7"
"10026074","8342","1611","21","2023-09-09 00:38:39","5","3","1","1"
"10027592","4375","1611","28","2024-01-22 04:34:55","14","3","4","7"
"10027828","2572","1611","18","2023-12-20 00:58:55","11","4","4","3"
"10030693","3452","1610","34","2023-11-26 13:07:50","9","1","0","8"
"10035141","2278","1609","10","","0","0","0","0"
"10046897","2267","1607","5","2024-01-17 23:14:24","10","4","3","3"
"10052668","4635","1605","9","2024-01-03 15:35:19","4","1","1","2"
"10053052","5390","1605","12","","0","0","0","0"
"10055162","3202","1605","37","2024-01-20 10:39:31","37","11","6","20"
"10059663","9008","1604","13","2023-11-28 03:28:43","16","5","10","1"
"10064036","3220","1603","43","2024-01-12 07:25:38","38","19","5","14"
"10065473","2492","1603","42","2024-01-26 14:41:16","20","4","8","8"
"10069313","4810","1602","50","2023-10-21 08:49:05","18","7","0","11"
"10071473","2052","1602","47","2023-05-03 12:24:39","4","3","1","0"
"10077371","2106","1601","6","2023-07-31 09:02:15","1","0","1","0"
"10090927","2543","1597","8","","0","0","0","0"
"10093070","2270","1597","11","2024-01-26 13:53:39","4","1","1","2"
"10107454","3353","1595","32","2024-01-23 16:32:30","20","9","7","4"
"10113238","5955","1594","50","","0","0","0","0"
"10115037","2089","1593","6","2023-11-26 17:16:59","2","0","0","2"
"10116440","2186","1593","9","","0","0","0","0"
"10117433","2023","1592","8","","0","0","0","0"
"10118505","8513","1592","43","2023-08-07 12:09:40","2","1","0","1"
"10121512","2390","1591","6","","0","0","0","0"
"10126479","3397","1590","20","2023-12-12 06:28:59","11","4","5","2"
"10126955","3650","1590","156","2023-12-26 21:58:45","49","12","13","24"
"10129053","2076","1590","28","2024-01-23 17:27:22","3","1","0","2"
"10130372","2790","1590","26","2024-01-24 00:59:23","30","17","2","11"
"10136013","2855","1589","30","2023-06-22 12:56:03","2","1","1","0"
"10153945","3778","1584","11","","0","0","0","0"
"10158227","2537","1583","7","2024-01-29 14:22:50","9","0","1","8"
"10158398","2186","1583","10","2024-01-25 09:19:14","12","3","3","6"
"10159898","4025","1583","13","2023-10-24 15:23:30","5","0","2","3"
"10167914","7686","1582","59","2023-06-16 14:31:06","5","3","2","0"
"10167996","2133","1582","6","2023-02-25 16:00:40","1","1","0","0"
"10171966","3489","1581","118","2023-08-29 20:54:15","38","5","22","11"
"10172915","2692","1581","13","","0","0","0","0"
"10173009","9640","1581","23","2023-11-12 20:46:09","5","1","0","4"
"10174651","2379","1580","6","","0","0","0","0"
"10177977","2039","1580","19","2023-06-25 08:21:35","5","1","4","0"
"10181929","3061","1578","12","2023-10-11 11:31:09","18","7","4","7"
"10182897","6999","1578","6","","0","0","0","0"
"10183877","3508","1578","14","2023-07-14 13:28:07","5","2","3","0"
"10184783","4803","1577","12","2023-08-23 20:31:02","3","2","0","1"
"10196188","5490","1575","18","2023-04-05 11:45:52","1","1","0","0"
"10196301","4726","1575","7","","0","0","0","0"
"10199138","4701","1575","16","2023-10-16 08:08:19","6","0","0","6"
"10204932","2752","1574","7","","0","0","0","0"
"10205096","2880","1574","7","","0","0","0","0"
"10210069","3972","1573","14","2023-12-09 12:45:21","5","2","0","3"
"10213537","2000","1572","17","2023-07-20 22:44:50","2","0","2","0"
"10214381","4466","3443","19","2023-04-16 15:22:57","1","1","0","0"
"10215301","3723","1571","18","2023-09-24 12:59:19","7","2","3","2"
"10216112","7921","1571","169","","0","0","0","0"
"10218014","2049","1570","8","2023-11-04 03:48:58","1","0","0","1"
"10218688","2523","1570","12","","0","0","0","0"
"10219194","2533","1570","17","2024-01-10 09:22:24","11","7","1","3"
"10220740","2397","1570","20","2023-09-23 21:53:29","10","8","1","1"
"10222449","5023","1569","10","2023-10-31 22:17:42","6","3","2","1"
"10226703","2597","1569","11","2023-03-30 04:05:54","1","1","0","0"
"10229754","4201","1568","22","2023-04-26 04:19:16","2","2","0","0"
"10229768","2288","1568","145","2024-01-23 18:06:29","42","35","6","1"
"10231374","5349","1568","56","2024-01-31 23:06:30","69","20","23","26"
"10237430","2873","1566","29","2023-03-16 21:29:04","1","1","0","0"
"10239789","9053","1566","15","2023-03-13 19:32:48","2","2","0","0"
"10242854","4099","1565","5","2023-11-14 14:54:10","8","2","4","2"
"10243634","2753","1565","43","","0","0","0","0"
"10245948","3312","1564","14","","0","0","0","0"
"10259491","3592","1561","9","","0","0","0","0"
"10259516","3781","1561","8","2023-12-21 17:17:51","5","1","1","3"
"10264278","2997","1560","22","2023-08-24 07:41:59","3","2","0","1"
"10266675","3192","1560","42","2024-01-22 23:37:08","15","2","8","5"
"10268067","3268","1559","12","2023-08-30 08:51:02","3","1","1","1"
"10269117","2246","1559","16","2023-08-01 13:16:54","4","0","2","2"
"10270590","3156","1559","20","2023-03-20 15:52:07","3","3","0","0"
"10275943","2263","1557","18","2024-01-02 10:20:46","4","0","1","3"
"10276092","5500","1557","82","2023-12-13 00:33:58","32","16","3","13"
"10278150","2103","1556","31","","0","0","0","0"
"10281248","3004","1556","29","2023-11-16 17:41:01","30","17","6","7"
"10281719","2171","1556","30","2023-12-16 18:13:48","13","4","2","7"
"10291291","2924","1554","63","2023-09-19 12:53:55","3","0","2","1"
"10292330","5561","1554","73","2024-01-27 16:40:59","64","11","15","38"
"10293548","2720","1553","17","2024-01-26 15:59:40","1","0","0","1"
"10295729","3203","1553","33","2023-12-30 20:25:40","4","2","0","2"
"10302746","6339","1551","43","","0","0","0","0"
"10303199","5414","1551","37","2024-01-28 04:30:42","13","1","1","11"
"10304804","3755","1551","35","2023-07-18 09:51:17","10","9","1","0"
"10305444","4699","1550","21","2023-11-22 06:54:14","11","2","5","4"
"10307457","2294","1550","6","2024-01-27 09:17:34","16","10","1","5"
"10307576","2180","1550","17","2023-04-30 13:12:43","1","1","0","0"
"10311008","2772","1549","125","2023-11-19 20:38:06","6","2","2","2"
"10311377","3881","1549","12","2024-01-19 09:10:31","4","2","1","1"
"10312071","3368","1549","8","2023-10-23 18:49:44","5","2","2","1"
"10315269","5754","1548","5","2023-11-28 23:58:44","9","0","2","7"
"10315665","4138","1548","30","2023-07-29 19:49:17","1","0","1","0"
"10317684","7778","1547","58","2024-01-29 09:40:09","26","2","19","5"
"10319730","4329","1547","5","2023-03-03 09:21:53","1","1","0","0"
"10329023","6255","1545","8","2023-12-22 14:11:20","6","2","0","4"
"10332481","4127","1545","16","","0","0","0","0"
"10332984","2162","1545","45","2024-01-06 05:24:52","3","0","1","2"
"10336618","2046","1543","5","2023-10-30 16:04:20","1","0","0","1"
"10338175","2685","1543","22","2024-01-01 12:10:24","5","1","0","4"
"10339675","4753","1542","24","2023-11-05 02:45:38","6","4","0","2"
"10341207","4024","1542","11","2023-06-22 09:38:57","1","0","1","0"
"10342778","2762","1542","22","2023-10-20 11:43:24","5","3","1","1"
"10347794","7327","1541","6","","0","0","0","0"
"10349152","3586","1541","7","2023-09-03 03:51:26","7","1","5","1"
"10349960","2527","1541","40","2024-01-24 15:51:26","15","1","4","10"
"10355640","2514","1540","10","2023-04-19 04:47:32","3","3","0","0"
"10357086","3367","1539","26","2023-12-11 04:09:00","37","2","15","20"
"10357383","5976","1539","88","2023-02-28 14:50:01","3","3","0","0"
"10358768","2163","1539","5","2023-06-09 22:30:08","1","0","1","0"
"10362396","2077","1538","13","2024-01-05 18:10:06","6","0","3","3"
"10362622","4197","1538","22","2024-01-30 15:18:58","13","4","2","7"
"10363163","3509","1538","7","2024-01-15 15:56:42","140","92","1","47"
"10363259","2134","1538","6","2023-11-02 03:04:49","3","2","0","1"
"10372153","2789","1536","19","2024-01-30 21:07:38","6","4","0","2"
"10376320","2197","1535","8","2024-01-03 17:36:50","5","3","1","1"
"10376537","2861","1535","6","2023-10-05 17:41:05","4","0","2","2"
"10376604","3185","1535","8","2023-04-01 17:55:59","8","8","0","0"
"10383865","2931","1533","5","2023-07-07 05:32:21","4","3","1","0"
"10393067","2498","1532","10","2024-01-18 04:42:50","7","3","1","3"
"10394971","2653","1531","33","2023-09-24 17:57:26","1","0","0","1"
"10396469","4862","1531","15","2023-11-22 20:38:56","5","0","4","1"
"10401931","8432","1530","7","","0","0","0","0"
"10403902","2772","1529","123","2023-04-11 11:21:52","1","1","0","0"
"10409567","8412","1528","73","2023-08-01 09:14:51","9","5","3","1"
"10413416","2824","1527","9","2024-01-31 08:38:26","9","1","1","7"
"10415749","5980","1527","241","2023-10-17 15:32:49","117","77","21","19"
"10415970","4332","1526","9","2024-01-24 11:43:04","4","0","2","2"
"10416012","2255","1526","91","2023-07-04 12:27:09","11","4","7","0"
"10417839","6680","1526","33","2024-01-31 18:56:18","143","62","37","44"
"10423604","3686","1525","12","2023-11-16 12:43:43","17","5","8","4"
"10424385","4218","1525","28","2023-12-05 14:18:15","7","2","3","2"
"10426011","4483","1525","100","2024-01-31 17:43:21","56","32","11","13"
"10426557","6008","1525","11","2023-09-24 06:19:26","2","0","0","2"
"10428821","2629","1524","11","2023-08-17 06:55:45","4","3","0","1"
"10429169","2292","1524","17","","0","0","0","0"
"10429398","7511","1524","12","2023-09-11 12:20:43","2","1","0","1"
"10429793","6838","1524","22","2024-01-23 10:45:36","26","0","0","26"
"10431732","8616","1524","19","2023-02-26 23:35:09","1","1","0","0"
"10435528","5171","1522","43","2024-01-31 23:06:13","61","15","20","26"
"10440128","3799","1521","47","2024-01-14 14:15:07","30","8","2","20"
"10441671","4314","1521","55","2024-01-31 09:31:33","20","7","2","11"
"10445333","2295","1520","90","2024-01-17 10:07:17","33","10","12","11"
"10447197","4100","1520","9","","0","0","0","0"
"10447251","5272","1520","7","2023-08-17 21:49:14","5","2","1","2"
"10452175","3094","1519","17","2024-01-06 20:36:06","3","0","1","2"
"10452700","2080","1519","18","2023-08-11 19:25:29","9","4","4","1"
"10461625","5566","1517","6","2023-12-05 23:29:08","4","2","0","2"
"10462884","8268","1517","99","2024-01-21 21:50:37","72","31","13","28"
"10463211","4603","1517","152","","0","0","0","0"
"10463261","2656","1517","8","2023-10-30 15:35:09","2","1","0","1"
"10467064","2246","1516","7","2023-04-19 08:36:14","3","3","0","0"
"10468613","3117","1515","77","2023-07-27 13:40:39","16","14","2","0"
"10473030","2065","1514","18","","0","0","0","0"
"10475762","3293","1513","59","","0","0","0","0"
"10488444","3326","1511","7","","0","0","0","0"
"10489887","2234","2541","27","2023-12-29 11:23:02","13","5","1","7"
"10490683","8914","1511","69","2023-12-15 22:47:29","30","11","8","11"
"10493338","5356","1510","8","2023-10-26 09:29:09","1","0","0","1"
"10496385","3458","1510","5","","0","0","0","0"
"10497483","4000","1510","38","2024-01-07 01:42:44","8","0","6","2"
"10507036","2056","1507","32","2023-11-08 21:06:06","2","0","0","2"
"10511534","2068","1506","7","","0","0","0","0"
"10515503","5309","1506","5","","0","0","0","0"
"10519069","3086","1505","27","2023-12-26 14:18:33","22","4","1","17"
"10522567","2302","1504","63","2023-12-07 18:37:41","3","1","1","1"
"10531410","2311","1502","55","2023-04-12 13:32:01","1","1","0","0"
"10533011","4982","1502","14","","0","0","0","0"
"10534012","3021","1502","59","","0","0","0","0"
"10546136","3059","1499","53","2023-12-13 19:50:04","26","0","10","16"
"10548514","2165","1499","7","2023-09-23 20:29:09","5","1","0","4"
"10549165","5771","1498","9","2023-04-28 03:59:42","3","3","0","0"
"10549313","6302","1498","102","","0","0","0","0"
"10549827","3117","1498","5","2023-08-03 20:26:32","2","0","1","1"
"10553341","4884","1498","45","2023-09-05 16:55:16","3","1","1","1"
"10559142","4534","1497","88","2023-10-13 11:11:33","16","11","3","2"
"10562084","3119","1496","33","2023-10-09 06:03:20","13","8","4","1"
"10564162","2718","1496","9","2023-11-13 07:40:50","5","1","2","2"
"10564312","3888","1496","15","2024-01-30 06:05:04","33","10","10","13"
"10570201","2264","1494","15","2023-07-12 14:29:54","7","0","7","0"
"10576494","4811","2373","15","2023-07-22 11:17:19","3","2","1","0"
"10576970","3775","1493","92","2023-06-12 09:21:52","3","2","1","0"
"10577976","5682","1492","24","2024-01-15 21:43:08","16","1","7","8"
"10578638","8351","1492","8","","0","0","0","0"
"10579013","3036","1492","30","","0","0","0","0"
"10579969","3945","1492","17","2023-11-02 10:11:49","8","5","0","3"
"10581132","3641","1492","6","","0","0","0","0"
"10584605","7357","1491","10","2023-10-30 08:03:59","2","1","0","1"
"10587554","2181","1491","14","","0","0","0","0"
"10592609","2813","1490","27","2023-12-26 08:48:59","2","1","0","1"
"10597533","2525","1489","8","2023-09-16 09:36:46","2","0","0","2"
"10601286","3473","1488","10","2023-06-21 05:21:49","1","0","1","0"
"10601917","3788","1488","140","2024-01-25 14:56:48","100","32","26","42"
"10602679","2559","1487","25","","0","0","0","0"
"10606962","7193","1486","98","2024-01-31 16:59:33","77","20","23","34"
"10607772","5737","1486","8","2023-10-22 11:22:15","5","4","0","1"
"10617148","2506","1484","22","2024-01-05 07:14:53","32","1","24","7"
"10626495","9124","1482","34","2023-08-23 18:59:10","34","24","9","1"
"10627150","2006","1482","5","2023-05-19 04:20:22","1","0","1","0"
"10628139","2500","1482","20","2023-12-16 08:24:13","3","1","1","1"
"10628177","2140","1482","29","2023-09-08 17:08:54","9","0","4","5"
"10628282","2468","1482","5","2023-04-10 16:51:34","4","4","0","0"
"10630900","6161","1482","30","2024-01-28 12:38:20","23","6","5","12"
"10632369","6881","1481","31","2024-01-19 15:01:14","60","7","4","49"
"10637400","3318","1480","5","2023-09-28 13:13:49","9","2","3","4"
"10647431","2365","1478","7","","0","0","0","0"
"10654456","3431","1477","16","2023-08-10 20:20:05","2","0","0","2"
"10655742","2341","1476","6","2024-01-30 08:47:01","7","2","1","4"
"10657559","4705","1476","95","2024-01-11 15:04:54","24","0","14","10"
"10662240","2134","1475","5","2023-10-18 22:49:47","1","0","0","1"
"10664600","2043","1475","10","2023-12-11 20:59:04","17","9","3","5"
"10667839","3596","1474","7","2023-12-13 10:27:18","8","2","4","2"
"10668441","2337","1474","18","2023-10-23 11:07:23","1","0","0","1"
"10669875","5186","1473","43","2023-11-16 10:01:51","5","2","0","3"
"10674026","3284","1472","9","2023-09-18 15:43:33","5","3","0","2"
"10678955","6193","1471","53","2023-10-08 18:27:54","8","0","5","3"
"10681828","2304","1471","5","2023-11-28 10:31:35","16","0","11","5"
"10682289","4891","1471","70","2023-10-05 20:21:32","4","2","1","1"
"10684765","2579","1470","11","2023-03-10 03:37:40","3","3","0","0"
"10684943","2368","1470","14","2023-07-13 07:37:19","7","4","3","0"
"10685211","3899","1470","20","2024-01-30 15:01:58","238","93","74","71"
"10686620","6675","1470","8","2024-01-25 04:19:28","2","0","0","2"
"10688995","2017","1469","18","","0","0","0","0"
"10693022","2666","1469","14","","0","0","0","0"
"10695420","2416","1468","10","2023-12-26 07:47:38","12","3","2","7"
"10697213","4355","1468","35","2024-01-27 04:02:10","4","0","1","3"
"10699119","7310","1467","23","2023-03-08 13:40:48","1","1","0","0"
"10699171","4544","1467","5","","0","0","0","0"
"10702448","2305","1466","7","","0","0","0","0"
"10710587","3581","1464","15","2023-11-25 23:18:55","89","19","47","23"
"10711216","3229","1464","15","2023-05-31 02:26:44","5","3","2","0"
"10712525","2002","1464","12","2023-07-21 20:15:02","2","0","2","0"
"10718641","5618","1463","195","2023-11-18 18:01:19","49","24","13","12"
"10720723","4249","1462","63","","0","0","0","0"
"10721627","2640","1462","11","2024-01-31 13:41:13","40","4","6","30"
"10732434","2365","1460","5","2023-12-20 15:02:54","5","0","0","5"
"10735209","2987","1459","20","2023-08-11 09:32:40","1","0","0","1"
"10738638","3173","1458","9","2024-01-28 18:46:25","5","2","0","3"
"10739252","2952","1458","18","2023-07-20 11:21:17","3","0","3","0"
"10744082","7764","1457","106","2024-01-24 23:11:06","97","32","12","53"
"10749432","9131","1456","10","2023-12-18 20:52:30","5","0","0","5"
"10749567","5507","1456","9","2024-01-26 09:53:18","10","4","0","6"
"10755384","2605","1455","16","2023-04-26 15:19:03","2","2","0","0"
"10756489","7295","1455","42","2023-11-30 13:55:18","28","6","16","6"
"10758169","2284","1454","5","","0","0","0","0"
"10760768","4980","1454","120","2023-03-11 20:38:06","7","7","0","0"
"10766590","6314","1452","31","2023-12-18 08:29:31","18","5","4","9"
"10766642","2516","1452","6","","0","0","0","0"
"10772654","6635","1451","9","2023-06-25 20:45:26","6","0","6","0"
"10774102","3522","1450","6","","0","0","0","0"
"10782538","8690","1449","25","2023-04-14 07:15:31","7","7","0","0"
"10782674","2609","1449","15","2023-12-15 11:20:22","16","1","1","14"
"10796680","2413","1445","14","2023-08-02 15:39:20","1","0","0","1"
"10798917","8212","1445","102","2024-01-26 20:58:26","15","9","2","4"
"10801086","2327","1444","14","","0","0","0","0"
"10802499","9519","1444","82","","0","0","0","0"
"10803671","4761","1443","15","2023-11-22 22:36:58","21","12","6","3"
"10805404","2143","1443","15","","0","0","0","0"
"10805872","3210","1443","15","2023-09-04 17:07:09","3","1","0","2"
"10809602","3466","1442","15","2023-12-05 05:00:23","13","11","0","2"
"10811956","2151","1442","13","2023-03-19 14:01:39","1","1","0","0"
"10813082","6063","1442","137","2023-06-13 17:11:58","8","6","2","0"
"10816404","2250","1441","9","2023-06-01 06:24:05","4","3","1","0"
"10818128","4658","1440","7","","0","0","0","0"
"10824037","2861","1439","6","2023-09-13 13:08:24","4","3","0","1"
"10824407","7841","1439","56","2023-03-08 11:44:24","1","1","0","0"
"10824697","7168","1438","18","2024-01-07 08:15:10","10","3","0","7"
"10827515","2526","1437","9","2023-10-26 18:48:25","4","1","1","2"
"10829044","7783","1437","5","2023-09-20 07:57:33","1","0","0","1"
"10830091","3722","1437","6","","0","0","0","0"
"10832700","3915","1436","24","2024-01-10 09:06:41","64","21","18","25"
"10833325","2025","1435","13","","0","0","0","0"
"10835183","7770","1435","6","","0","0","0","0"
"10836309","6596","1435","136","2024-01-24 20:23:51","106","1","51","54"
"10839742","3104","1434","11","","0","0","0","0"
"10842659","3215","1433","14","","0","0","0","0"
"10844607","5722","1433","14","2024-01-15 05:37:22","12","6","0","6"
"10846540","3405","1432","7","2023-08-30 19:34:50","4","2","1","1"
"10848898","6544","1431","131","2024-01-25 12:07:17","30","10","9","11"
"10850045","2024","1431","36","2023-12-04 13:06:54","3","0","0","3"
"10851213","8519","1430","11","2024-01-05 03:40:27","8","1","3","4"
"10853463","3522","1429","18","2023-11-06 23:22:24","10","2","4","4"
"10855529","3833","1429","10","","0","0","0","0"
"10856808","5110","1428","58","2024-01-23 17:10:08","13","3","3","7"
"10860403","2439","1427","50","2024-01-18 07:42:42","8","0","0","8"
"10866798","4163","1426","12","","0","0","0","0"
"10867055","2111","1426","6","2023-11-24 04:24:38","9","3","3","3"
"10867491","2260","1426","61","2024-01-07 07:53:13","2","1","0","1"
"10867656","3844","1426","9","2023-03-03 23:57:20","1","1","0","0"
"10868192","7735","1426","9","","0","0","0","0"
"10870968","2907","1425","8","","0","0","0","0"
"10871450","2231","1425","27","2023-06-03 00:42:57","4","1","3","0"
"10873713","3341","1424","17","2023-03-28 20:04:12","5","5","0","0"
"10873797","4391","1424","83","","0","0","0","0"
"10878534","4009","1423","16","2023-12-28 15:07:03","8","1","4","3"
"10879061","2313","1423","20","2023-10-29 18:21:24","3","0","0","3"
"10883094","3586","1422","13","2023-08-22 09:32:53","6","4","0","2"
"10885621","2475","1422","11","2023-11-15 09:26:33","2","0","0","2"
"10892722","2657","1420","16","2024-01-30 23:01:26","38","1","13","24"
"10893042","2187","1420","8","2023-11-02 08:29:08","3","1","0","2"
"10898875","2856","1419","14","2023-11-20 23:36:54","3","2","0","1"
"10899423","2042","1419","10","2023-12-16 13:52:00","10","2","2","6"
"10906068","2506","1418","6","2023-12-19 17:47:46","7","4","1","2"
"10907345","4083","1417","6","2023-08-02 10:55:20","3","2","0","1"
"10907720","3206","1417","14","","0","0","0","0"
"10909029","3840","1417","33","2023-05-12 17:21:15","3","0","3","0"
"10910692","7144","1416","126","2023-11-08 09:14:55","31","17","0","14"
"10911932","3553","1416","57","2023-10-09 09:17:58","25","18","1","6"
"10912122","5089","1416","27","","0","0","0","0"
"10917379","2569","1415","46","2023-11-11 00:36:21","5","0","3","2"
"10919349","2212","1415","97","","0","0","0","0"
"10920285","2152","1414","10","2023-11-16 15:03:49","3","0","0","3"
"10928439","7098","1413","11","2024-01-31 21:37:29","77","16","3","58"
"10933598","3987","1412","6","2023-10-03 06:39:02","2","0","1","1"
"10935717","3593","1412","13","2023-05-17 17:20:25","1","0","1","0"
"10944942","4500","1409","12","","0","0","0","0"
"10946202","3430","1409","93","2024-01-14 06:23:54","18","5","11","2"
"10947997","2984","1408","34","","0","0","0","0"
"10949001","2422","1408","5","","0","0","0","0"
"10950272","4456","1408","14","","0","0","0","0"
"10951070","2882","1408","133","2023-12-30 19:11:10","29","4","10","15"
"10952503","5067","1408","102","2023-10-21 18:43:56","42","33","4","5"
"10953006","2822","1407","38","2023-07-06 03:09:42","1","0","1","0"
"10957755","2475","1407","10","","0","0","0","0"
"10957844","3475","1407","42","2023-05-16 21:19:49","2","1","1","0"
"10962364","4055","1406","247","2023-06-12 09:53:39","28","27","1","0"
"10962477","4770","1406","7","","0","0","0","0"
"10963451","2709","1406","6","","0","0","0","0"
"10967095","2677","1405","18","2023-10-06 11:24:48","4","3","0","1"
"10967204","7216","1405","9","","0","0","0","0"
"10968134","3607","1405","6","2023-07-31 06:35:51","13","4","9","0"
"10972414","3270","1404","19","","0","0","0","0"
"10973514","2818","1403","34","2023-12-29 18:44:25","15","2","1","12"
"10974052","2290","1403","142","","0","0","0","0"
"10975520","5951","1403","16","","0","0","0","0"
"10975965","2276","1403","24","2023-11-13 13:05:43","21","4","15","2"
"10976714","3054","1402","20","2023-10-20 09:53:40","1","0","0","1"
"10988264","3163","1400","35","2024-01-25 08:49:29","31","15","6","10"
"10992795","2087","1400","14","2023-11-07 12:06:27","1","0","0","1"
"10994302","2951","1399","39","2023-06-22 12:42:16","3","0","3","0"
"11003837","2002","1397","23","2023-02-06 03:53:52","2","2","0","0"
"11006729","2178","1397","6","2023-08-08 09:10:48","2","0","1","1"
"11011793","9251","1395","140","2024-01-19 18:15:08","23","0","0","23"
"11016652","2484","1394","5","2023-11-25 13:47:15","37","27","0","10"
"11023824","2072","1393","9","2023-07-26 20:02:31","2","0","2","0"
"11025839","2991","1392","8","","0","0","0","0"
"11028850","2144","1392","54","2023-07-06 05:47:41","39","24","15","0"
"11039164","8058","1390","33","2024-01-29 16:55:16","17","4","4","9"
"11039549","2885","1389","10","2023-05-03 20:47:43","2","1","1","0"
"11044542","6378","1388","31","2023-05-26 08:16:16","3","1","2","0"
"11048887","4425","1387","32","2023-11-02 07:29:18","12","3","3","6"
"11051303","2201","1387","17","2024-01-19 11:34:14","57","13","26","18"
"11057988","4463","1386","17","2024-01-23 20:27:48","15","2","5","8"
"11065465","2561","1384","141","","0","0","0","0"
"11065715","3567","1384","8","2024-01-05 09:42:48","2","0","0","2"
"11065874","2605","1384","6","2023-06-03 22:13:58","7","4","3","0"
"11067065","3496","1384","23","2024-01-19 13:23:10","2","0","0","2"
"11067496","3573","1384","10","2023-04-30 12:52:19","2","2","0","0"
"11070463","4133","1383","8","2023-07-01 00:00:57","1","0","1","0"
"11075129","7793","1382","77","2024-01-23 16:23:54","19","2","8","9"
"11080170","2298","1381","8","2023-09-16 20:34:05","2","1","0","1"
"11081046","2606","1381","6","2023-08-21 19:56:16","7","3","3","1"
"11086844","5858","1380","17","","0","0","0","0"
"11101156","2192","1377","5","2023-06-27 08:09:01","2","1","1","0"
"11102299","2397","1377","23","2023-09-28 14:01:15","6","2","3","1"
"11104068","5139","1377","8","2024-01-30 07:24:51","5","1","2","2"
"11104805","3262","1376","284","","0","0","0","0"
"11106801","7800","1376","6","2023-11-03 13:15:22","4","0","0","4"
"11107754","3914","1375","127","","0","0","0","0"
"11109967","2868","1375","8","2024-01-28 09:20:41","5","0","0","5"
"11110509","2703","1375","11","2024-01-30 02:22:29","9","5","1","3"
"11111119","5362","1374","77","2023-07-07 04:59:44","1","0","1","0"
"11111289","3630","1374","7","2023-09-29 15:45:55","1","0","0","1"
"11122210","2534","1373","18","2024-01-28 08:55:33","9","3","1","5"
"11122513","3645","1372","5","2023-06-06 18:18:16","1","0","1","0"
"11125492","3724","1372","8","","0","0","0","0"
"11135174","9169","1370","51","2024-01-26 09:04:32","25","11","5","9"
"11145447","2198","1368","8","2024-01-19 03:14:01","1","0","0","1"
"11156131","4401","1366","74","2023-11-28 17:30:02","5","0","0","5"
"11157753","2161","1365","64","2023-11-08 01:20:43","15","2","11","2"
"11159372","2752","1365","20","","0","0","0","0"
"11161432","7569","1365","46","","0","0","0","0"
"11163122","3071","1364","16","2023-11-02 21:04:40","3","0","2","1"
"11168766","7176","1363","176","2023-10-08 04:07:54","5","2","1","2"
"11170350","2989","1363","12","","0","0","0","0"
"11171286","3944","1363","8","2023-07-14 07:34:12","6","2","4","0"
"11183478","2694","1360","5","","0","0","0","0"
"11188210","2096","1359","18","2024-01-24 19:49:08","8","2","5","1"
"11191424","2739","1359","17","","0","0","0","0"
"11199298","2211","1358","7","","0","0","0","0"
"11199879","3996","1358","27","2024-01-31 13:36:26","52","18","10","24"
"11204066","3365","1773","13","","0","0","0","0"
"11206202","5613","1356","6","","0","0","0","0"
"11207416","2482","1356","5","2023-04-07 22:50:53","2","2","0","0"
"11209037","4583","1356","9","2023-12-19 16:03:54","5","0","2","3"
"11210494","5384","1356","6","","0","0","0","0"
"11217945","3117","1354","93","2023-08-05 17:59:07","7","3","3","1"
"11218031","2229","1354","11","","0","0","0","0"
"11218687","6685","1353","30","2023-08-06 07:46:15","5","3","1","1"
"11220479","3887","1353","6","","0","0","0","0"
"11220884","2533","1353","8","","0","0","0","0"
"11222433","2046","1353","34","2023-02-05 09:40:11","1","1","0","0"
"11223414","2575","1353","28","2023-09-08 03:29:06","4","1","1","2"
"11225065","3454","1352","27","2023-10-24 07:51:20","1","0","0","1"
"11225821","3960","1352","24","2023-11-24 03:25:00","4","1","2","1"
"11235205","2789","1350","5","2023-12-26 02:33:52","47","44","0","3"
"11243901","2002","1349","10","2023-02-03 07:03:19","1","1","0","0"
"11245187","4920","1349","96","2024-01-03 18:13:53","30","13","9","8"
"11248646","3175","1348","67","2023-11-22 13:54:13","24","14","6","4"
"11251946","2977","1347","9","2023-08-21 20:03:04","2","0","1","1"
"11255447","2201","1346","9","","0","0","0","0"
"11259455","3195","1345","6","2023-05-05 05:51:16","1","0","1","0"
"11260716","6010","1345","6","2023-04-21 11:40:14","2","2","0","0"
"11260991","3859","1345","169","2023-09-28 08:46:00","3","0","2","1"
"11261518","3994","1345","9","","0","0","0","0"
"11270696","2068","1343","12","2023-03-06 11:37:27","1","1","0","0"
"11270766","2205","1343","30","2023-06-23 09:33:02","1","0","1","0"
"11272685","2435","1343","40","2023-06-25 22:32:12","25","21","4","0"
"11276416","7661","1342","50","","0","0","0","0"
"11280289","2116","1341","22","2023-08-15 14:19:38","2","0","1","1"
"11281152","4654","1341","71","2023-10-16 07:06:03","5","1","2","2"
"11282404","4753","1341","34","2024-01-22 20:55:08","11","2","1","8"
"11287363","2112","1339","23","2024-01-12 20:21:22","2","1","0","1"
"11292489","3304","1339","10","2023-10-13 13:58:56","3","0","1","2"
"11297406","2754","1338","13","2024-01-17 05:16:06","42","19","8","15"
"11301941","2552","1338","73","2023-08-21 12:13:19","19","4","12","3"
"11306028","3041","1337","20","2024-01-01 15:45:37","8","0","2","6"
"11318818","3398","1335","35","2023-11-06 20:50:32","112","0","45","67"
"11320345","4158","1334","5","2023-09-29 19:29:40","2","1","0","1"
"11322237","2424","1334","27","2024-01-25 13:25:04","9","1","2","6"
"11329562","2023","1332","7","2023-11-28 21:10:49","6","0","2","4"
"11335032","3365","1331","11","2023-06-26 10:00:31","3","0","3","0"
"11336762","7540","1331","10","2023-11-09 12:53:00","4","2","1","1"
"11339311","4940","1330","26","","0","0","0","0"
"11342834","2065","1330","64","2023-06-30 13:47:52","1","0","1","0"
"11348853","2447","1329","16","2023-08-22 08:54:32","1","0","0","1"
"11350193","5813","1328","47","2023-12-18 14:36:26","19","4","2","13"
"11355926","3090","1327","96","2024-01-05 06:47:08","23","2","8","13"
"11360669","2867","1326","11","2023-10-04 11:54:45","1","0","0","1"
"11374921","9090","1323","18","2024-01-21 22:30:42","13","5","0","8"
"11374957","5919","1323","155","2023-04-13 02:41:58","1","1","0","0"
"11380795","9719","1322","105","2023-10-17 06:59:31","5","3","0","2"
"11381650","2131","1321","47","2023-06-21 13:00:30","2","0","2","0"
"11382675","2079","1321","12","2023-09-07 04:22:51","1","0","0","1"
"11383441","4537","1321","5","2024-01-25 19:28:33","7","0","1","6"
"11384184","4418","1321","122","2023-04-24 13:43:40","4","4","0","0"
"11385546","6477","1321","5","","0","0","0","0"
"11389581","4499","1319","8","","0","0","0","0"
"11397760","2820","1317","6","2023-10-27 10:03:57","5","1","1","3"
"11404883","8289","1316","11","2023-03-20 05:18:28","1","1","0","0"
"11405423","5225","1316","102","2024-01-31 12:57:25","112","31","25","56"
"11405542","2028","1316","17","2024-01-05 15:06:47","14","2","6","6"
"11421839","2003","1312","24","2024-01-25 09:16:40","10","0","5","5"
"11423104","6835","1312","119","2023-12-13 13:57:59","32","0","29","3"
"11424673","8565","1311","58","2023-05-11 01:02:05","11","10","1","0"
"11430047","6579","1310","29","2023-02-02 10:47:16","1","1","0","0"
"11432102","6627","1310","47","","0","0","0","0"
"11434373","7791","1310","73","2023-11-28 09:55:21","7","4","0","3"
"11434552","4717","1310","14","2023-08-02 19:27:34","2","1","0","1"
"11434567","3677","1310","86","2023-03-07 17:42:48","25","25","0","0"
"11441011","2476","1308","6","2023-05-17 08:05:31","2","1","1","0"
"11455105","5048","1305","14","2023-12-27 06:20:36","5","3","1","1"
"11455384","7527","1305","30","2024-01-11 13:14:46","22","4","5","13"
"11461120","2314","1304","42","2023-09-11 00:06:31","1","0","0","1"
"11462274","2212","1303","30","","0","0","0","0"
"11463241","4658","1303","5","2023-10-18 07:59:19","6","2","1","3"
"11463296","2268","1303","8","2023-08-27 12:12:01","7","4","2","1"
"11465149","2439","1303","12","2023-10-09 14:15:03","2","0","0","2"
"11468263","2377","1302","9","2023-02-07 00:41:17","1","1","0","0"
"11470719","2210","1302","5","","0","0","0","0"
"11471113","7749","1302","12","2023-10-03 03:31:14","5","1","0","4"
"11472399","2102","1302","13","2023-10-11 21:59:21","5","0","1","4"
"11472761","2278","1302","51","2023-12-03 11:07:01","2","1","0","1"
"11473934","4012","1301","12","2023-12-08 20:30:26","5","2","0","3"
"11475846","2798","1301","26","","0","0","0","0"
"11476836","3556","1301","7","2023-09-04 14:42:31","3","2","0","1"
"11487872","2447","1298","16","2023-07-04 08:13:27","3","2","1","0"
"11494445","3482","1297","17","2024-01-31 08:56:09","18","9","2","7"
"11497022","2900","1296","7","","0","0","0","0"
"11498568","2594","1296","47","","0","0","0","0"
"11502506","2900","1295","28","","0","0","0","0"
"11502612","5399","1295","18","2024-01-29 20:03:22","21","0","0","21"
"11504909","5001","1295","10","","0","0","0","0"
"11506391","3531","1295","5","","0","0","0","0"
"11506995","6618","1294","6","2023-11-21 04:04:33","3","1","0","2"
"11509101","3168","1294","5","2023-05-22 01:28:52","12","11","1","0"
"11514907","2000","1293","53","2023-03-10 07:11:13","2","2","0","0"
"11516012","5514","1293","15","2023-10-20 21:00:59","25","3","20","2"
"11528064","3505","1290","5","2023-02-16 14:26:05","3","3","0","0"
"11532919","2149","1289","34","2024-01-18 15:14:11","26","11","5","10"
"11533773","2898","1289","11","","0","0","0","0"
"11535816","2018","1289","40","2024-01-29 21:52:11","11","2","4","5"
"11535940","5522","1289","102","2024-01-09 20:27:51","26","8","8","10"
"11543023","4065","1287","52","2024-01-26 15:49:03","45","11","21","13"
"11548057","3323","1286","16","","0","0","0","0"
"11550065","3664","1286","49","2023-07-26 01:02:05","6","5","1","0"
"11552426","2100","1286","19","2023-11-23 17:49:58","12","6","1","5"
"11555065","2331","1285","11","","0","0","0","0"
"11566161","4986","1282","96","2023-12-20 11:57:15","54","7","33","14"
"11572498","2754","1281","40","2024-01-31 15:45:51","36","0","2","34"
"11583070","3398","1279","43","","0","0","0","0"
"11589183","2129","1277","9","","0","0","0","0"
"11591758","2458","1276","45","","0","0","0","0"
"11597494","8822","1275","15","2023-08-08 14:10:00","1","0","0","1"
"11598948","9035","1275","67","2023-10-05 07:52:15","38","23","9","6"
"11598956","4137","1275","87","2023-08-14 03:59:13","2","1","0","1"
"11598970","2137","1275","5","2023-09-22 07:24:36","22","0","18","4"
"11599909","8874","1275","7","","0","0","0","0"
"11602968","2520","1274","82","2023-06-04 23:15:07","2","0","2","0"
"11603004","5557","1274","119","2023-03-21 08:10:30","18","18","0","0"
"11604722","3617","1274","22","2023-02-14 18:14:25","1","1","0","0"
"11606193","3847","1274","12","2023-12-08 13:43:45","1","0","0","1"
"11606728","5708","1273","68","2024-01-14 11:48:31","8","0","0","8"
"11608064","2511","1273","38","2023-12-04 23:22:20","2","0","0","2"
"11611288","4790","1273","8","2024-01-30 13:45:12","3","1","0","2"
"11611377","2317","1273","18","","0","0","0","0"
"11612399","2470","1272","17","","0","0","0","0"
"11612918","3428","1272","33","2024-01-02 23:11:10","53","18","14","21"
"11617754","2669","1271","87","2023-05-05 13:56:00","1","0","1","0"
"11619167","4807","1271","16","","0","0","0","0"
"11622508","3261","1270","208","","0","0","0","0"
"11625850","7161","1269","219","2024-01-29 15:15:35","95","39","21","35"
"11641932","2483","1266","42","","0","0","0","0"
"11642651","2094","1266","8","2023-11-03 21:20:30","25","0","0","25"
"11643528","4750","1266","39","2023-09-27 12:58:31","7","4","2","1"
"11643858","3638","1266","11","2023-09-30 01:13:58","12","1","2","9"
"11645617","3185","1265","38","2023-03-13 14:55:51","3","3","0","0"
"11646401","2605","1265","5","","0","0","0","0"
"11647025","2645","1265","21","2023-07-13 18:40:53","2","1","1","0"
"11657533","4278","1262","14","2023-07-18 12:38:43","14","0","14","0"
"11659881","5640","1262","131","2023-11-11 16:45:48","9","5","0","4"
"11664580","6110","1261","47","2024-01-22 12:18:24","12","5","3","4"
"11665178","2707","1261","7","2023-09-17 08:32:58","7","2","3","2"
"11667949","4988","1260","15","2023-02-26 12:40:51","2","2","0","0"
"11671779","2316","1260","53","2024-01-07 04:21:39","31","2","10","19"
"11674820","2094","1259","6","","0","0","0","0"
"11675817","4013","1259","58","2023-09-26 10:28:50","6","0","2","4"
"11680056","2929","1258","10","2023-03-03 23:24:59","8","8","0","0"
"11690526","2886","1255","10","2023-12-14 07:46:18","15","5","7","3"
"11693768","5234","1255","72","2024-01-16 21:26:01","7","3","0","4"
"11695049","5564","1254","269","2024-01-31 03:17:35","52","19","13","20"
"11698446","2067","1254","5","2023-04-25 12:00:10","5","5","0","0"
"11698562","2516","1254","108","","0","0","0","0"
"11703367","2373","1253","159","2024-01-19 10:32:44","22","12","1","9"
"11704802","2818","1253","11","2023-07-09 01:25:03","4","0","4","0"
"11713777","4705","1251","64","2023-08-31 10:28:41","25","14","10","1"
"11715057","2577","1251","7","2023-02-11 23:21:09","3","3","0","0"
"11715259","3956","1251","92","2024-01-22 19:56:06","54","21","11","22"
"11715606","2399","1251","6","2024-01-18 04:01:37","2","1","0","1"
"11719314","8233","1249","216","2023-12-02 09:29:55","5","0","3","2"
"11719787","5256","1249","21","2023-06-20 07:06:22","5","4","1","0"
"11720321","2284","1249","7","","0","0","0","0"
"11722376","3457","1248","12","2024-01-04 16:10:46","5","0","2","3"
"11725056","4272","1248","16","2023-06-11 07:10:55","1","0","1","0"
"11726436","5197","1248","67","2024-01-26 13:24:56","153","28","39","86"
"11728488","2756","1247","147","2024-01-19 15:42:13","18","11","0","7"
"11731987","8423","1246","81","2024-01-04 03:52:12","31","7","9","15"
"11737596","3532","1245","128","2023-11-11 07:53:50","3","1","0","2"
"11740758","2905","1245","97","2023-11-23 21:06:16","43","21","14","8"
"11741943","6819","1244","28","2024-01-29 02:16:07","49","33","8","8"
"11745452","3659","1244","6","2023-11-13 07:02:50","7","0","0","7"
"11747148","6802","1243","57","2023-11-12 16:58:52","12","8","0","4"
"11747861","2747","1243","8","2023-08-23 13:06:37","1","0","0","1"
"11750716","2803","1242","9","2023-03-20 10:12:01","1","1","0","0"
"11751077","2796","2327","6","","0","0","0","0"
"11758843","5920","1240","22","2024-01-31 10:04:46","39","11","14","14"
"11758901","5201","1240","7","","0","0","0","0"
"11760058","2029","1240","38","2023-10-28 12:39:59","9","0","6","3"
"11769164","4473","1238","17","2024-01-29 04:34:47","6","2","3","1"
"11769765","4118","1238","28","2024-01-31 16:02:16","26","10","2","14"
"11770286","3271","1238","12","2023-02-10 14:59:05","1","1","0","0"
"11770390","5472","1238","17","2023-12-21 05:40:40","23","11","8","4"
"11772035","6142","1238","21","","0","0","0","0"
"11774595","2363","1237","5","2023-11-23 16:49:45","2","0","0","2"
"11788715","3779","1234","23","2023-02-15 21:31:13","1","1","0","0"
"11790356","6035","1233","25","2024-01-02 08:43:07","3","0","0","3"
"11790637","2347","1233","11","2023-08-11 09:46:56","3","0","2","1"
"11792577","8537","1233","20","2023-05-30 04:44:07","3","1","2","0"
"11792977","4127","1233","52","2024-01-09 17:31:05","14","9","1","4"
"11793117","2574","1233","39","2023-11-21 16:12:17","21","14","4","3"
"11806240","8809","1230","10","2023-08-16 13:38:15","1","0","0","1"
"11808788","3131","1230","39","","0","0","0","0"
"11809808","6501","1230","7","2023-04-03 16:46:45","1","1","0","0"
"11812450","4029","1229","6","2023-10-05 15:52:00","14","8","2","4"
"11814996","3200","1272","7","2023-07-29 18:13:38","2","0","2","0"
"11818376","2008","1227","16","2023-07-20 06:54:46","4","1","3","0"
"11823079","2662","1226","15","","0","0","0","0"
"11825162","2313","1226","19","2023-02-24 16:39:16","2","2","0","0"
"11825717","2373","1226","6","2024-01-21 13:54:05","9","3","3","3"
"11826132","4654","1226","97","2023-07-27 19:26:04","4","3","1","0"
"11828860","2799","1225","27","2023-09-12 20:10:41","4","2","0","2"
"11829247","4033","1225","26","2023-12-11 09:52:31","23","8","8","7"
"11829408","3548","1225","11","","0","0","0","0"
"11832127","3233","1225","28","2024-01-17 17:43:42","23","0","0","23"
"11832197","2370","1225","19","2023-04-15 15:12:32","3","3","0","0"
"11833435","2143","1224","70","2023-11-18 20:53:06","6","3","1","2"
"11834856","4772","1224","15","2023-08-23 12:38:03","87","83","0","4"
"11848895","2641","1221","189","","0","0","0","0"
"11849243","2455","1221","45","2023-10-18 16:45:06","14","6","4","4"
"11850259","2435","1220","116","2024-01-12 19:09:16","17","9","2","6"
"11854986","8742","1219","151","2024-01-26 03:30:32","57","19","8","30"
"11856499","3003","1219","9","2023-07-25 10:32:51","5","2","3","0"
"11861378","5721","1218","33","2024-01-23 15:05:11","26","10","7","9"
"11861954","2596","1218","44","","0","0","0","0"
"11866308","2056","1218","5","2023-06-07 22:05:55","1","0","1","0"
"11867590","6488","1217","75","2024-01-01 18:49:58","58","20","16","22"
"11869100","4610","1217","18","2023-09-05 17:10:48","2","1","0","1"
"11872808","4178","1216","39","2024-01-25 02:51:43","98","27","29","42"
"11873978","4595","1216","5","2023-12-07 20:12:11","1","0","0","1"
"11876201","2736","1216","7","2023-12-28 12:17:37","13","1","5","7"
"11877986","5024","1215","11","2023-03-28 10:02:20","2","2","0","0"
"11901732","5395","1210","5","","0","0","0","0"
"11905533","3868","1209","75","2023-10-19 08:43:23","19","15","2","2"
"11916773","3945","1206","17","2023-09-05 01:52:05","10","1","4","5"
"11922765","4712","1205","7","2023-10-24 00:10:44","16","8","6","2"
"11923558","2692","1205","8","","0","0","0","0"
"11932806","9401","1203","49","2024-01-26 13:09:56","19","5","4","10"
"11932936","3941","1203","50","2023-10-16 12:12:23","21","18","2","1"
"11935809","2964","1202","9","2023-10-26 07:50:33","5","0","2","3"
"11946287","5409","1199","12","2023-02-27 13:20:02","2","2","0","0"
"11947519","2336","1199","20","","0","0","0","0"
"11950764","6285","1198","33","2023-12-08 12:51:30","9","2","2","5"
"11952668","2035","1198","22","2023-03-29 07:01:19","1","1","0","0"
"11954025","5142","1198","40","","0","0","0","0"
"11958566","2461","1197","35","2023-07-29 06:26:45","3","1","2","0"
"11960598","6337","1196","25","2023-09-14 23:16:06","6","1","2","3"
"11966556","2460","1195","7","","0","0","0","0"
"11968226","2444","1195","12","2024-01-29 14:16:14","14","7","2","5"
"11969592","6217","1195","24","2023-07-23 18:18:56","3","1","2","0"
"11970424","2786","1194","18","","0","0","0","0"
"11971785","9315","1194","27","2023-06-05 10:57:38","25","24","1","0"
"11976769","3031","1192","7","","0","0","0","0"
"11977068","6281","1192","41","2023-12-30 14:20:34","19","10","2","7"
"11977929","6612","1192","277","","0","0","0","0"
"11979688","2296","1192","8","2023-08-24 06:00:44","3","1","1","1"
"11983046","2044","1226","73","2023-11-26 13:06:45","5","0","4","1"
"11983124","3524","1191","76","2023-08-26 13:19:08","1","0","0","1"
"11984583","9295","1191","10","2023-11-15 20:45:36","2","0","0","2"
"11984670","7648","1191","8","","0","0","0","0"
"11985088","4843","1191","243","2024-01-27 18:20:39","76","38","9","29"
"11985743","3666","1191","17","2023-12-20 06:38:21","1","0","0","1"
"11986450","7610","1190","49","","0","0","0","0"
"11987594","2075","1190","65","","0","0","0","0"
"11992303","2304","1189","40","2024-01-18 17:44:55","3","0","1","2"
"11993121","8129","1189","50","2024-01-29 10:41:30","98","33","24","41"
"11998382","3876","1188","68","2024-01-08 06:46:19","44","16","8","20"
"12000053","3794","1188","30","2024-01-23 11:16:44","11","0","0","11"
"12001122","2623","1188","28","2023-02-25 07:55:06","1","1","0","0"
"12005414","2733","1186","73","","0","0","0","0"
"12007307","2177","1186","69","2023-10-30 17:48:19","24","6","11","7"
"12010133","2401","1185","12","2023-03-08 13:57:21","2","2","0","0"
"12011575","2604","1185","5","","0","0","0","0"
"12014434","3697","1184","12","","0","0","0","0"
"12016688","2480","1184","16","2023-04-28 19:29:59","8","8","0","0"
"12025483","9010","1182","139","2024-01-23 07:30:22","27","6","4","17"
"12030528","2091","1181","12","2023-03-04 12:31:59","1","1","0","0"
"12031739","7826","1181","6","","0","0","0","0"
"12038714","4460","1179","40","2024-01-26 08:55:56","20","5","8","7"
"12042898","4171","1178","53","2024-01-06 09:39:19","7","3","1","3"
"12044155","2732","1363","16","2023-11-04 20:55:20","6","4","1","1"
"12046148","3629","1177","10","2023-06-10 14:20:38","1","0","1","0"
"12050506","2978","1176","36","2024-01-29 20:21:37","38","5","1","32"
"12056564","2903","1175","18","2024-01-04 16:23:11","9","3","3","3"
"12061653","7330","1313","13","","0","0","0","0"
"12065150","4710","1174","7","2023-12-20 15:29:49","4","2","1","1"
"12066144","8734","1173","64","2024-01-29 07:58:54","30","9","7","14"
"12072431","8972","1171","7","2023-07-22 21:44:31","1","0","1","0"
"12078469","2508","1170","7","2023-03-01 15:28:57","1","1","0","0"
"12078942","2889","1170","11","","0","0","0","0"
"12096922","2665","1167","48","2024-01-04 04:10:34","7","3","2","2"
"12098106","2905","1166","122","2023-11-07 13:40:57","13","5","3","5"
"12100652","2355","1166","9","","0","0","0","0"
"12104850","2363","1164","8","2023-11-14 03:14:51","6","3","0","3"
"12109043","3327","1164","24","2023-06-14 02:09:10","4","3","1","0"
"12111821","3210","1163","30","2024-01-30 10:25:53","43","21","5","17"
"12113829","2127","1163","13","2024-01-30 12:46:53","7","3","1","3"
"12118546","4281","1162","13","2023-11-28 18:20:45","18","4","6","8"
"12120101","4646","1162","15","2023-11-06 21:25:39","13","2","4","7"
"12121419","9374","1162","143","2024-01-31 05:56:08","108","26","27","55"
"12125181","3812","1161","35","","0","0","0","0"
"12125691","3485","1161","25","2023-05-25 15:42:15","1","0","1","0"
"12125755","2020","1161","7","2024-01-12 01:37:17","6","2","1","3"
"12129146","2907","1160","6","","0","0","0","0"
"12133434","5686","1159","60","2023-12-17 15:19:27","5","3","0","2"
"12135518","3862","1159","68","2023-11-20 08:13:56","5","0","4","1"
"12135618","3193","1159","127","","0","0","0","0"
"12139569","2291","1158","9","2023-08-15 07:20:17","2","0","1","1"
"12140067","2062","1158","7","2023-06-29 14:36:03","1","0","1","0"
"12146388","3033","1156","5","","0","0","0","0"
"12148402","5302","1156","67","2024-01-09 07:25:36","7","3","3","1"
"12152982","3192","1155","5","2023-02-22 16:57:07","1","1","0","0"
"12153248","2533","1155","8","2023-02-05 12:12:04","1","1","0","0"
"12154054","2776","1155","9","2023-12-10 10:34:10","2","1","0","1"
"12154890","3322","1155","38","2023-04-16 09:58:41","1","1","0","0"
"12156637","2029","1154","72","2023-05-07 12:09:12","1","0","1","0"
"12160777","2749","1154","59","2023-09-15 08:19:53","6","5","0","1"
"12160881","3797","1154","14","2023-08-25 02:51:16","4","0","1","3"
"12162258","3125","1153","40","2023-08-28 01:17:12","1","0","0","1"
"12168235","3776","1152","5","2023-04-18 17:22:43","1","1","0","0"
"12171521","2064","1151","16","2023-05-04 10:48:08","1","0","1","0"
"12173376","2807","1151","24","2024-01-09 09:28:15","41","23","4","14"
"12176280","5356","1150","70","2024-01-31 20:28:39","65","26","19","20"
"12176460","2897","1150","6","2023-07-14 14:16:21","2","0","2","0"
"12178980","7479","1150","40","2024-01-31 02:21:26","27","9","5","13"
"12179956","2714","1149","5","2023-12-18 12:51:34","11","0","0","11"
"12186851","2754","1148","28","2023-03-31 21:21:27","7","7","0","0"
"12190301","2119","1148","11","2023-12-08 21:15:20","1","0","0","1"
"12191177","9863","1148","16","2024-01-26 06:24:04","1","0","0","1"
"12201472","9588","1146","9","2024-01-24 19:23:43","5","0","2","3"
"12204620","3871","1145","24","2023-12-17 21:39:27","10","0","0","10"
"12213612","2844","1143","11","2023-12-22 23:16:05","5","2","1","2"
"12215054","2065","1143","6","2023-05-21 05:32:18","3","0","3","0"
"12219679","3881","1142","19","","0","0","0","0"
"12231984","2857","1140","47","2023-12-12 08:21:05","37","32","1","4"
"12232720","2355","1140","13","2024-01-22 20:04:02","6","2","1","3"
"12241335","2327","1138","6","","0","0","0","0"
"12242625","3314","1138","131","2023-05-09 06:11:42","2","1","1","0"
"12247391","2617","1137","5","","0","0","0","0"
"12251558","2234","1136","97","2023-11-21 12:26:07","1","0","0","1"
"12256545","3142","1135","19","2024-01-28 20:22:24","50","23","20","7"
"12257250","4449","1135","25","2023-08-18 08:16:21","1","0","0","1"
"12265898","3675","1134","9","2024-01-15 06:44:46","22","0","20","2"
"12265927","3754","1134","50","2024-01-24 17:53:16","5","1","2","2"
"12269582","2330","1133","8","2023-10-18 21:58:02","3","0","1","2"
"12272687","4781","1132","66","2024-01-01 07:24:17","48","25","12","11"
"12281892","2580","1130","17","2023-06-01 13:12:01","1","0","1","0"
"12283168","5047","1130","11","","0","0","0","0"
"12283863","3249","1129","8","2024-01-05 14:46:53","17","7","1","9"
"12287457","4256","1129","24","2023-11-07 09:40:46","20","8","7","5"
"12296332","2423","1127","115","2023-05-18 13:26:17","7","5","2","0"
"12298276","4801","1127","5","2023-03-13 16:23:28","1","1","0","0"
"12300287","2461","1127","6","2023-06-15 20:18:24","2","1","1","0"
"12301864","2485","1126","5","","0","0","0","0"
"12304000","3534","1126","21","","0","0","0","0"
"12306687","3805","1125","101","2023-04-25 15:53:17","44","44","0","0"
"12313309","6806","1124","49","","0","0","0","0"
"12314413","2043","1123","8","2023-03-29 07:48:34","2","2","0","0"
"12317235","7196","1123","97","2024-01-25 18:11:49","91","29","38","24"
"12319746","2253","1122","7","2023-05-06 17:32:57","6","5","1","0"
"12320109","2167","1122","22","2023-10-06 17:21:08","3","1","0","2"
"12334309","5643","1120","41","2023-07-22 19:43:14","7","6","1","0"
"12335762","5441","1119","34","2023-12-29 19:56:54","4","0","3","1"
"12342919","4082","1118","18","2024-01-17 06:59:07","194","129","23","42"
"12343998","2982","1118","20","2024-01-21 17:27:48","2","0","1","1"
"12347708","3087","1117","15","2023-11-16 16:16:04","7","3","3","1"
"12348584","5359","1117","80","2023-12-21 20:14:27","10","9","0","1"
"12357035","3454","1115","11","2023-06-06 18:37:29","3","2","1","0"
"12358693","5976","1114","21","","0","0","0","0"
"12360005","2613","1114","22","2023-06-06 07:44:55","14","7","7","0"
"12363750","3038","1114","161","2024-01-17 11:04:09","31","3","18","10"
"12368154","9324","1113","371","2023-10-16 15:05:03","110","68","35","7"
"12369920","3270","1112","21","2023-10-12 17:21:53","4","1","1","2"
"12370687","5679","1112","152","2023-08-03 10:14:39","11","3","5","3"
"12373791","2099","1112","39","2024-01-25 01:40:29","38","10","5","23"
"12378899","3307","1111","17","2023-02-10 04:12:01","1","1","0","0"
"12378923","3975","1111","63","2023-07-21 16:25:55","5","2","3","0"
"12384224","2333","1110","27","","0","0","0","0"
"12391423","2936","1108","45","2023-12-18 17:53:27","6","1","0","5"
"12393365","3071","1108","20","","0","0","0","0"
"12400214","9594","1107","42","2023-09-10 20:58:01","12","6","3","3"
"12400385","4253","1107","24","2023-10-03 18:19:51","7","2","3","2"
"12402732","8146","1106","89","2023-10-18 07:32:37","23","10","12","1"
"12403467","2163","1106","5","2023-04-11 13:55:38","9","9","0","0"
"12403612","6868","1106","12","","0","0","0","0"
"12405298","2594","1106","21","2023-12-20 23:09:56","2","0","0","2"
"12411536","6601","1105","6","","0","0","0","0"
"12412595","8961","1105","29","","0","0","0","0"
"12413404","4856","1105","55","2023-08-18 19:54:07","4","2","1","1"
"12417531","2540","1104","14","2023-11-28 16:43:46","12","1","5","6"
"12420884","2076","1103","16","2023-10-24 16:55:11","3","0","1","2"
"12427268","3557","1101","6","2024-01-24 01:21:55","1","0","0","1"
"12431576","5147","1101","212","2023-12-29 00:30:06","50","15","18","17"
"12431728","5158","1101","8","","0","0","0","0"
"12439119","4323","1100","12","","0","0","0","0"
"12439683","5330","1100","45","2024-01-29 16:02:03","74","6","29","39"
"12446721","4025","1099","7","2023-03-03 06:16:19","3","3","0","0"
"12447766","2652","1099","12","2024-01-23 07:04:30","5","0","1","4"
"12448530","2054","1099","6","2023-05-16 21:52:48","1","0","1","0"
"12451243","2945","1098","21","2023-07-14 10:30:06","2","1","1","0"
"12464931","6701","1095","38","2023-09-14 14:46:32","14","6","6","2"
"12466239","2772","1094","14","2023-07-05 09:55:45","3","1","2","0"
"12467282","2383","1094","8","","0","0","0","0"
"12470196","4115","1094","27","2023-07-15 11:29:27","1","0","1","0"
"12473843","4706","1093","50","2024-01-12 10:03:46","85","27","37","21"
"12474862","7699","1093","45","2023-12-19 15:22:21","53","15","19","19"
"12479639","4385","1092","27","2023-08-04 12:16:31","7","5","1","1"
"12480431","2700","1092","69","","0","0","0","0"
"12483346","6767","1091","24","","0","0","0","0"
"12490386","8802","1090","45","2024-01-25 03:58:11","11","2","4","5"
"12501050","2286","1088","36","","0","0","0","0"
"12502959","7298","1087","9","2024-01-28 05:17:27","25","10","9","6"
"12511801","2501","1086","81","2023-04-25 22:21:39","22","22","0","0"
"12515963","2548","1085","22","2023-07-14 07:54:34","3","2","1","0"
"12517976","2296","1085","18","2023-12-27 17:00:04","129","115","2","12"
"12535743","2220","1082","8","2023-05-24 08:21:11","2","1","1","0"
"12539935","2512","1081","19","2023-07-27 13:54:43","1","0","1","0"
"12543191","2094","1080","44","","0","0","0","0"
"12544391","9475","1080","60","2024-01-29 09:42:54","31","2","6","23"
"12545861","3136","1080","9","2023-06-08 05:28:54","16","6","10","0"
"12547996","2063","1080","5","2023-04-12 14:04:14","1","1","0","0"
"12548617","2556","1080","12","","0","0","0","0"
"12553450","4008","1079","20","2024-01-07 22:45:54","25","3","10","12"
"12560668","2202","1078","11","","0","0","0","0"
"12566751","2998","1077","10","2023-09-28 14:48:38","3","1","0","2"
"12569596","3005","1076","11","2023-09-26 06:20:26","4","0","1","3"
"12571484","6117","1076","180","2024-01-18 14:29:47","91","55","33","3"
"12576990","2185","1075","20","2023-10-26 12:32:09","6","2","3","1"
"12577650","2346","1075","11","2023-12-18 13:43:29","14","3","1","10"
"12607126","2111","1069","62","2023-10-25 22:58:02","1","0","0","1"
"12607443","7588","1069","75","2024-01-31 07:37:24","59","17","20","22"
"12611354","3620","1068","89","2023-12-25 17:41:20","29","17","8","4"
"12613186","2750","1068","17","2023-07-18 11:46:24","30","22","8","0"
"12615044","4763","1068","14","","0","0","0","0"
"12621346","4187","1067","7","2024-01-31 08:58:36","267","69","72","126"
"12632699","5071","1065","35","2023-11-03 21:30:34","7","3","1","3"
"12636223","2300","1064","13","2023-09-28 04:43:47","3","1","1","1"
"12638118","7136","1064","108","2023-09-26 11:53:01","14","5","3","6"
"12638504","5055","1063","136","2023-07-24 05:27:08","1","0","1","0"
"12641717","2502","1063","34","","0","0","0","0"
"12651320","2328","1061","19","2023-02-01 03:59:31","1","1","0","0"
"12659872","5321","1059","191","2024-01-29 09:53:04","113","33","30","50"
"12663744","3009","1059","40","2023-11-16 22:04:15","11","7","1","3"
"12668727","2090","1058","8","2023-12-16 01:46:34","2","0","0","2"
"12687061","2605","1055","20","2023-02-28 22:09:27","2","2","0","0"
"12695188","7584","1054","45","2023-11-26 18:39:58","3","1","1","1"
"12705912","9179","1052","267","2023-06-21 05:05:03","130","56","74","0"
"12715723","2057","1050","6","2024-01-18 04:08:34","249","220","24","5"
"12719767","3827","1050","29","2023-12-16 14:22:03","7","3","1","3"
"12728244","5923","1048","37","2024-01-26 04:48:59","16","1","4","11"
"12728748","8566","1048","45","2023-04-12 13:40:21","1","1","0","0"
"12730112","4197","1048","6","2023-08-16 14:46:47","1","0","0","1"
"12734169","2747","1048","35","2024-01-17 08:15:30","19","4","10","5"
"12740184","2033","1046","9","2024-01-02 17:32:44","2","0","1","1"
"12743692","3160","1046","93","2023-03-10 22:41:48","1","1","0","0"
"12744275","2827","1046","17","2023-04-04 08:28:03","2","2","0","0"
"12744323","3674","1046","63","2024-01-24 04:18:56","9","0","4","5"
"12747692","2925","1045","7","","0","0","0","0"
"12747833","3051","1045","10","2024-01-17 08:36:45","8","5","1","2"
"12749998","2550","1045","54","2024-01-31 13:21:51","35","8","16","11"
"12750399","2503","1045","6","","0","0","0","0"
"12755187","5412","1044","123","2023-08-14 07:17:17","5","3","0","2"
"12761369","4703","1043","15","2024-01-18 13:39:29","1","0","0","1"
"12768467","6457","1042","40","","0","0","0","0"
"12769288","3798","1042","8","","0","0","0","0"
"12770455","2168","1042","10","2023-10-07 03:27:39","12","6","5","1"
"12774291","2133","1041","13","","0","0","0","0"
"12775531","2892","1041","123","2023-11-24 12:07:34","13","5","3","5"
"12775662","6428","1041","363","2023-05-29 11:42:37","33","32","1","0"
"12778539","2115","1040","5","2023-03-30 12:30:32","1","1","0","0"
"12780418","2914","1040","7","","0","0","0","0"
"12785490","3518","1039","10","2023-08-28 08:42:00","1","0","0","1"
"12787936","2554","1039","5","","0","0","0","0"
"12788251","3197","1038","11","2023-06-11 23:16:50","1","0","1","0"
"12793185","2661","1038","31","","0","0","0","0"
"12796137","2358","1037","44","","0","0","0","0"
"12799351","9492","1037","20","2023-06-23 15:01:39","2","1","1","0"
"12800717","2178","1037","5","2023-03-09 19:07:07","1","1","0","0"
"12814623","3696","1035","8","","0","0","0","0"
"12820205","2016","1034","21","2023-05-02 20:51:36","1","0","1","0"
"12821675","3547","1034","28","2023-09-29 00:24:25","7","1","3","3"
"12824207","2291","1033","13","2023-10-12 07:06:53","6","2","2","2"
"12834972","9638","1031","60","2024-01-23 09:10:43","197","0","27","170"
"12838568","2249","1030","5","2024-01-20 22:29:48","26","1","10","15"
"12838877","4478","1030","194","2024-01-30 10:31:08","61","23","14","24"
"12843923","3207","1029","10","2024-01-31 12:09:31","17","16","0","1"
"12844632","6389","1029","53","2023-09-27 10:20:48","24","2","12","10"
"12846952","2562","1029","29","","0","0","0","0"
"12847824","3242","1029","117","2023-08-01 11:13:43","2","1","0","1"
"12857703","5879","1027","8","","0","0","0","0"
"12861001","2045","1027","7","2024-01-27 10:17:26","14","3","3","8"
"12861639","6802","1026","117","2023-06-13 13:24:05","4","0","4","0"
"12862111","2743","1026","48","2024-01-24 14:39:42","54","21","12","21"
"12865444","2805","1025","5","","0","0","0","0"
"12865944","8890","1025","14","","0","0","0","0"
"12868928","2257","1025","26","","0","0","0","0"
"12870513","2427","1024","24","2024-01-02 09:49:34","11","4","1","6"
"12871582","2237","1024","11","2024-01-18 08:05:32","10","1","3","6"
"12872199","2435","1024","5","2024-01-30 07:28:01","8","2","3","3"
"12881844","2312","1023","27","","0","0","0","0"
"12882771","4181","1022","10","2023-10-03 19:59:23","6","4","1","1"
"12886326","3284","1022","37","2024-01-23 15:02:11","11","1","8","2"
"12890689","3102","1021","7","","0","0","0","0"
"12892553","6544","1021","39","","0","0","0","0"
"12892695","4973","1021","66","2024-01-26 09:56:57","31","7","7","17"
"12894468","6483","1021","21","2023-08-04 01:44:41","9","6","2","1"
"12898581","4766","1020","7","2023-06-15 12:14:56","2","1","1","0"
"12900361","2714","1020","5","2024-01-26 09:43:34","15","5","1","9"
"12902108","2813","1019","36","2023-08-15 11:38:23","2","0","0","2"
"12902996","3089","1019","8","2023-09-26 06:13:24","3","0","2","1"
"12913491","7103","1017","95","2024-01-26 12:52:23","56","23","9","24"
"12914274","3890","1017","179","2023-03-20 17:22:49","2","2","0","0"
"12917821","3598","1016","28","2023-09-07 08:44:58","7","1","5","1"
"12924484","3199","1015","6","2024-01-30 21:41:49","14","5","2","7"
"12925831","9591","1015","6","2023-05-10 13:07:19","3","2","1","0"
"12929447","5777","1014","14","2023-04-24 11:26:27","3","3","0","0"
"12930958","2739","1014","33","2023-02-01 08:52:05","1","1","0","0"
"12935256","5546","1014","19","2023-08-28 06:38:59","2","0","1","1"
"12952113","4349","1010","23","2023-06-13 11:06:46","2","1","1","0"
"12952263","2545","1010","12","","0","0","0","0"
"12965562","3477","1008","235","2023-09-19 05:29:24","5","2","0","3"
"12967938","7437","1008","87","2023-04-29 01:11:25","29","29","0","0"
"12971921","2006","1007","25","2024-01-29 16:44:16","6","1","1","4"
"12972198","2316","1007","14","2023-11-25 12:28:58","10","2","4","4"
"12974735","2179","1007","5","2023-12-01 21:15:00","11","1","8","2"
"12975140","3568","1007","48","2023-11-21 18:08:56","11","5","1","5"
"12981120","3625","1006","6","","0","0","0","0"
"12981937","3026","1006","19","2023-12-27 03:33:05","33","14","5","14"
"12984567","2914","1005","5","","0","0","0","0"
"12989363","2158","1004","5","2024-01-31 15:59:48","48","2","0","46"
"13000695","4032","1002","15","2024-01-13 21:31:56","2","1","0","1"
"13001961","5700","1002","103","2024-01-21 09:06:42","31","17","6","8"
"13002643","7558","1001","144","","0","0","0","0"
"13020139","2636","999","6","2023-10-18 18:50:37","4","0","2","2"
"13029516","3366","997","47","2023-10-25 01:37:51","23","9","10","4"
"13032709","2574","996","47","2024-01-26 02:28:31","32","14","6","12"
"13037676","8581","995","184","","0","0","0","0"
"13048728","4467","993","55","2023-07-05 00:03:09","47","0","47","0"
"13055097","7206","992","18","2023-06-15 01:11:04","6","3","3","0"
"13063136","2524","991","19","","0","0","0","0"
"13073677","2937","988","28","","0","0","0","0"
"13076577","2000","988","64","2023-02-22 21:57:00","1","1","0","0"
"13078067","6584","988","77","2024-01-31 11:20:37","75","5","26","44"
"13083321","3116","987","5","2023-10-09 08:00:01","7","0","5","2"
"13087977","2314","986","16","2023-10-03 07:11:02","7","4","1","2"
"13098417","6153","984","23","","0","0","0","0"
"13099964","2348","984","16","2023-08-09 08:51:01","9","6","2","1"
"13100938","2013","984","25","2023-11-07 13:44:44","8","1","1","6"
"13110835","7005","982","38","2024-01-23 07:12:30","21","3","2","16"
"13111345","3534","982","12","2023-06-29 17:46:51","1","0","1","0"
"13111779","4665","982","10","2023-12-24 16:20:51","1","0","0","1"
"13118009","6534","981","153","2024-01-22 19:00:33","111","38","7","66"
"13129018","2392","979","30","","0","0","0","0"
"13130048","2016","979","48","2023-12-04 22:27:14","3","1","0","2"
"13134095","3307","978","62","2024-01-14 10:38:01","34","8","12","14"
"13142325","2479","977","5","2023-07-23 02:51:17","2","1","1","0"
"13144143","3989","977","79","","0","0","0","0"
"13145954","4045","976","9","2023-10-19 15:48:00","37","3","14","20"
"13155046","9031","975","16","2023-09-10 15:38:44","3","1","1","1"
"13155572","2010","975","19","","0","0","0","0"
"13170636","5052","974","7","2023-09-11 17:03:14","12","8","2","2"
"13188385","2526","973","65","2023-07-23 16:06:56","42","20","22","0"
"13202252","2943","972","22","2023-02-21 03:57:44","1","1","0","0"
"13209976","2770","971","6","2023-06-15 21:26:12","1","0","1","0"
"13210554","5344","971","203","2023-09-23 14:07:04","18","4","12","2"
"13220817","2060","970","10","2024-01-31 13:21:18","25","3","9","13"
"13222231","2207","970","15","","0","0","0","0"
"13223986","3289","970","11","2024-01-07 02:30:57","10","2","5","3"
"13225760","2875","969","62","2024-01-31 10:11:55","13","1","4","8"
"13226440","2073","969","5","2023-12-14 13:06:05","2","0","1","1"
"13237885","2632","968","8","2023-12-08 07:48:17","3","2","0","1"
"13241545","5394","968","38","2023-03-25 12:52:16","2","2","0","0"
"13242686","2158","968","29","2023-11-29 19:45:37","24","1","14","9"
"13244432","2959","967","31","","0","0","0","0"
"13245310","2191","967","35","2024-01-11 09:32:13","26","12","7","7"
"13256346","2072","966","46","2023-06-16 07:46:46","6","4","2","0"
"13258525","2193","966","34","2023-12-07 16:54:32","19","5","6","8"
"13261176","2209","966","31","2023-12-17 20:39:55","21","1","2","18"
"13263384","8843","966","209","2023-10-17 20:31:04","61","46","12","3"
"13268194","2822","965","19","2023-07-28 06:22:10","2","0","2","0"
"13278922","5243","964","179","2024-01-12 15:16:40","26","7","3","16"
"13283931","2550","963","29","2024-01-04 15:57:08","1","0","0","1"
"13308381","7563","960","9","","0","0","0","0"
"13311273","3377","960","42","2024-01-30 16:15:19","89","18","39","32"
"13317858","2441","959","7","","0","0","0","0"
"13326361","2560","958","14","2024-01-19 06:34:42","10","2","3","5"
"13332582","6812","958","35","2024-01-22 17:28:32","13","4","3","6"
"13336642","5326","957","101","2024-01-30 07:15:36","75","18","21","36"
"13336683","9685","957","9","2023-05-12 08:27:12","18","16","2","0"
"13343311","2059","957","8","","0","0","0","0"
"13349759","8990","956","95","2024-01-28 10:27:46","66","6","2","58"
"13349770","2236","956","77","2023-04-10 14:51:58","2","2","0","0"
"13350341","3177","956","53","2024-01-10 22:01:21","7","6","0","1"
"13357878","2485","955","19","","0","0","0","0"
"13374279","3975","953","10","2024-01-26 18:11:50","11","9","0","2"
"13374929","2934","2035","63","2023-09-03 20:38:46","3","0","1","2"
"13378498","2152","952","49","2024-01-30 15:29:29","37","6","16","15"
"13384774","4253","952","74","2024-01-07 16:24:36","42","12","11","19"
"13386420","2885","951","5","2023-07-21 18:44:06","9","0","9","0"
"13386979","8880","951","12","2023-11-03 16:33:39","3","0","0","3"
"13394817","2846","951","162","2023-07-25 21:17:35","3","1","2","0"
"13395230","3328","950","11","","0","0","0","0"
"13400729","4554","950","63","","0","0","0","0"
"13407802","3745","949","94","2023-12-29 21:29:41","9","1","5","3"
"13410760","2656","948","30","","0","0","0","0"
"13415164","2242","947","12","2023-11-10 20:34:40","3","2","0","1"
"13416247","5060","947","109","2023-05-17 13:32:57","1","0","1","0"
"13427068","2085","946","203","2023-02-25 12:37:18","18","18","0","0"
"13433323","4199","945","19","2023-11-28 10:45:49","2","1","0","1"
"13448841","2788","943","210","","0","0","0","0"
"13456180","2419","942","12","","0","0","0","0"
"13458266","3850","941","29","2024-01-16 21:52:28","19","6","10","3"
"13463421","2991","941","30","2024-01-26 13:41:15","14","5","5","4"
"13466689","2416","940","63","","0","0","0","0"
"13473361","2099","939","5","","0","0","0","0"
"13478605","2918","939","14","2023-04-07 05:52:29","1","1","0","0"
"13478993","3976","938","223","2023-05-01 04:33:50","3","2","1","0"
"13482983","3379","938","8","2024-01-21 01:01:52","3","0","1","2"
"13491606","2004","937","6","2023-02-14 13:09:09","1","1","0","0"
"13500986","8072","936","97","2023-06-30 12:27:51","9","4","5","0"
"13501468","3086","936","12","2023-07-22 20:02:14","1","0","1","0"
"13503720","2102","935","23","2024-01-23 09:02:38","8","5","1","2"
"13505098","2390","935","6","","0","0","0","0"
"13510123","3727","934","88","2023-07-24 17:51:27","112","57","55","0"
"13510562","4298","934","7","2023-12-23 20:34:53","1","0","0","1"
"13519865","2090","933","6","2023-09-20 17:20:45","7","4","2","1"
"13519961","4399","933","37","2023-03-28 21:15:14","23","23","0","0"
"13522473","2044","932","11","2023-11-15 19:46:59","10","1","7","2"
"13523536","3064","932","29","2024-01-30 00:57:43","45","11","11","23"
"13527621","2172","932","46","2023-11-07 16:55:51","18","4","0","14"
"13533028","5301","931","193","2023-06-16 20:03:22","12","11","1","0"
"13535120","5200","931","284","2023-05-25 13:54:48","9","7","2","0"
"13544849","4490","930","185","2023-11-29 00:06:33","14","6","3","5"
"13545849","6447","929","16","2023-09-18 05:43:13","12","5","4","3"
"13546426","4329","1423","15","2024-01-13 03:51:38","3","1","1","1"
"13557716","3077","928","15","2023-07-04 12:34:03","2","0","2","0"
"13561410","3505","927","47","2024-01-25 00:11:19","72","41","15","16"
"13568999","5685","926","82","2023-09-10 16:44:57","30","28","1","1"
"13573168","4956","925","32","2023-10-09 07:13:06","8","4","2","2"
"13576700","3422","925","37","2024-01-15 14:10:59","1","0","0","1"
"13579714","2552","924","120","2023-11-18 21:24:28","117","10","83","24"
"13583598","3850","924","9","","0","0","0","0"
"13586071","3446","923","5","","0","0","0","0"
"13590263","7901","923","140","2024-01-30 08:14:38","39","22","13","4"
"13590970","2123","923","65","2024-01-06 01:58:01","17","0","0","17"
"13591160","2604","923","37","2023-12-07 21:52:50","32","10","10","12"
"13605093","6108","920","25","","0","0","0","0"
"13607672","2657","920","57","2023-11-07 00:23:26","29","16","9","4"
"13608228","2313","920","27","","0","0","0","0"
"13608599","3011","920","11","","0","0","0","0"
"13611002","3596","919","19","","0","0","0","0"
"13615635","2293","919","30","","0","0","0","0"
"13619360","7633","918","8","2023-10-22 18:50:59","12","10","1","1"
"13623016","3270","918","5","","0","0","0","0"
"13625800","3228","917","117","2023-09-12 13:56:21","2","1","0","1"
"13628101","4154","917","20","2024-01-21 07:33:31","36","12","10","14"
"13629335","8337","917","93","2023-12-27 18:57:16","21","12","8","1"
"13629751","4203","917","24","2023-11-17 19:19:15","3","2","0","1"
"13636376","2976","916","18","2023-09-22 12:46:03","4","2","0","2"
"13636407","3592","916","69","2024-01-23 15:26:46","50","21","12","17"
"13639734","4380","915","45","","0","0","0","0"
"13648193","2359","914","16","2024-01-09 03:10:28","6","0","0","6"
"13648205","2784","914","10","2023-12-22 13:17:48","10","3","1","6"
"13656045","2208","912","32","","0","0","0","0"
"13658399","9987","912","311","2024-01-24 15:58:56","193","66","70","57"
"13658816","3713","912","281","2023-02-05 00:15:47","1","1","0","0"
"13661061","4670","912","99","","0","0","0","0"
"13662339","4632","911","20","2023-09-15 04:13:52","4","2","1","1"
"13664137","6939","911","106","2024-01-31 11:14:47","167","43","47","77"
"13678817","2287","909","10","","0","0","0","0"
"13690331","2158","908","26","2023-11-07 11:05:45","5","4","0","1"
"13696660","3595","907","57","2023-02-03 07:10:11","1","1","0","0"
"13702221","3188","906","70","2023-11-05 15:39:50","9","4","2","3"
"13705979","6139","905","99","","0","0","0","0"
"13706735","2609","905","13","2024-01-15 00:48:07","12","3","3","6"
"13708022","9316","905","149","2024-01-31 10:31:04","135","42","13","80"
"13708712","2223","905","7","2023-12-04 08:52:25","7","4","1","2"
"13710015","2954","904","12","","0","0","0","0"
"13723165","3893","903","43","2024-01-27 17:21:32","43","33","4","6"
"13725696","2163","902","16","","0","0","0","0"
"13726668","5154","902","24","2023-12-16 23:30:54","9","4","4","1"
"13738464","2313","900","9","2023-11-15 16:53:22","4","1","0","3"
"13743233","4769","899","7","2023-06-08 14:00:30","15","1","14","0"
"13746389","4760","899","13","","0","0","0","0"
"13749957","3163","898","101","","0","0","0","0"
"13755144","2223","897","60","2023-04-10 14:34:51","7","7","0","0"
"13755246","4224","897","7","","0","0","0","0"
"13766744","4455","895","8","2023-03-02 05:52:13","2","2","0","0"
"13770936","2044","895","66","2023-08-21 14:52:47","6","3","2","1"
"13772090","2207","895","6","2023-04-19 11:32:42","21","21","0","0"
"13774992","2104","894","21","","0","0","0","0"
"13781069","2745","893","36","2023-07-24 15:53:01","2","0","2","0"
"13789135","5342","891","41","2023-06-29 15:34:23","12","8","4","0"
"13802115","9034","890","190","2024-01-31 04:28:23","207","99","65","43"
"13803176","2771","889","8","2023-12-11 05:51:26","1","0","0","1"
"13806652","3136","889","15","2023-02-01 14:55:08","1","1","0","0"
"13809290","2102","889","28","2023-07-18 15:39:08","6","4","2","0"
"13810872","2731","888","26","2023-07-12 14:29:29","7","6","1","0"
"13812982","4380","888","61","2024-01-29 17:51:24","22","10","1","11"
"13819714","5254","887","214","","0","0","0","0"
"13830677","3040","885","126","2023-02-22 13:01:56","1","1","0","0"
"13832769","7562","884","12","2023-03-24 17:18:40","4","4","0","0"
"13839521","5643","883","15","2024-01-31 14:12:25","28","6","5","17"
"13840530","2216","883","50","2024-01-31 10:20:19","52","11","10","31"
"13840864","5453","883","5","2023-02-02 11:41:05","1","1","0","0"
"13841248","3838","883","15","2024-01-17 20:36:03","3","0","0","3"
"13843268","7008","883","79","","0","0","0","0"
"13843935","2641","883","73","","0","0","0","0"
"13847690","6169","882","13","","0","0","0","0"
"13855549","2711","881","5","","0","0","0","0"
"13878071","4104","877","47","2023-07-21 22:29:55","5","3","2","0"
"13886104","2525","876","52","2024-01-31 23:40:04","54","8","7","39"
"13892264","6782","875","11","2023-08-24 10:06:47","6","4","0","2"
"13900139","2349","874","23","2023-07-14 07:23:36","1","0","1","0"
"13903283","9415","873","143","","0","0","0","0"
"13903942","8014","873","31","2023-09-10 16:17:24","13","11","0","2"
"13915313","2776","871","220","2023-10-15 01:41:21","1","0","0","1"
"13919668","5461","870","169","2023-02-22 18:55:00","1","1","0","0"
"13927032","2041","869","8","","0","0","0","0"
"13939333","9807","867","39","","0","0","0","0"
"13940180","2108","867","53","2024-01-23 10:43:12","11","0","8","3"
"13943651","3153","867","6","2023-03-16 16:19:11","1","1","0","0"
"13944750","3225","867","90","2023-12-26 17:10:24","18","4","8","6"
"13946204","9904","866","156","2023-10-12 13:38:46","36","20","12","4"
"13947931","2516","866","11","2023-11-24 19:05:31","3","1","0","2"
"13949270","2004","866","8","","0","0","0","0"
"13949389","2816","866","26","2024-01-19 01:47:09","21","3","6","12"
"13954519","2110","865","51","2023-11-10 16:36:20","66","48","13","5"
"13959139","3013","864","57","2023-02-18 09:31:36","1","1","0","0"
"13963150","7563","863","93","2024-01-29 08:29:14","47","9","10","28"
"13968097","7460","862","69","2024-01-31 07:46:44","16","5","2","9"
"13968222","2569","862","136","2023-02-18 11:04:01","1","1","0","0"
"13968392","2137","862","31","2024-01-27 12:31:25","9","1","0","8"
"13968673","7992","862","25","2023-02-06 11:46:34","1","1","0","0"
"13969611","2892","862","21","2024-01-19 08:08:51","4","1","0","3"
"13970434","2106","862","34","2023-11-13 12:02:40","63","21","27","15"
"13972333","9951","862","111","2024-01-03 02:12:05","145","58","28","59"
"13979518","3283","860","49","2024-01-08 08:54:46","6","5","0","1"
"13980107","2873","860","10","","0","0","0","0"
"13992057","2764","858","5","2023-07-15 06:39:14","2","0","2","0"
"13993967","3846","858","85","","0","0","0","0"
"13995311","2643","858","24","2023-11-16 16:44:24","13","6","6","1"
"14000148","2084","857","92","2023-02-22 01:54:48","2","2","0","0"
"14004008","2073","856","9","","0","0","0","0"
"14015737","5348","854","30","2023-05-11 05:47:34","12","11","1","0"
"14016161","2133","854","11","2023-11-05 12:02:54","1","0","0","1"
"14016301","2676","854","5","2023-06-18 15:09:55","1","0","1","0"
"14026068","5380","852","51","","0","0","0","0"
"14032355","6117","851","91","2023-09-06 12:31:59","6","2","2","2"
"14037302","2088","850","17","2023-10-30 08:32:43","13","7","2","4"
"14043328","4054","849","55","2024-01-21 09:32:47","8","7","0","1"
"14045537","3035","848","15","2023-08-14 06:46:51","4","0","2","2"
"14048071","2669","848","61","","0","0","0","0"
"14055985","2010","847","23","2024-01-17 01:26:49","11","0","2","9"
"14058726","6392","846","121","2023-12-10 13:23:37","38","18","14","6"
"14070657","2315","844","10","2023-12-11 16:29:07","7","1","0","6"
"14071914","2276","844","12","2023-04-24 21:32:55","2","2","0","0"
"14075508","2355","843","28","","0","0","0","0"
"14078758","4657","842","190","","0","0","0","0"
"14087865","2968","841","17","","0","0","0","0"
"14094617","2589","840","18","2024-01-28 14:48:04","25","9","1","15"
"14099191","2298","839","12","2023-12-26 21:45:00","2","0","1","1"
"14107360","2273","838","18","2024-01-30 17:37:03","10","2","2","6"
"14109825","2566","837","43","2023-10-12 04:22:46","11","5","3","3"
"14112947","2452","836","67","2023-10-29 16:01:03","6","1","2","3"
"14133230","3873","833","36","2024-01-08 21:44:01","7","2","4","1"
"14137004","9815","832","220","2024-01-19 13:00:13","150","71","42","37"
"14141164","4007","831","21","","0","0","0","0"
"14141223","4535","831","193","2023-07-28 01:49:54","3","2","1","0"
"14154784","2795","828","5","2023-09-30 06:37:52","8","5","0","3"
"14157562","2589","828","24","","0","0","0","0"
"14159796","2710","828","132","","0","0","0","0"
"14162739","3112","827","43","","0","0","0","0"
"14168623","4512","826","27","","0","0","0","0"
"14170097","3709","826","7","2023-02-12 00:30:26","1","1","0","0"
"14171304","4900","826","69","2024-01-06 06:20:29","40","15","12","13"
"14175733","3242","825","7","2024-01-05 15:10:56","8","2","2","4"
"14183155","2340","824","6","2023-02-14 12:11:00","4","4","0","0"
"14190543","4128","822","167","2023-08-04 12:49:07","24","22","1","1"
"14190690","2483","822","49","2023-04-18 15:59:18","1","1","0","0"
"14193797","4671","821","37","2023-04-12 13:08:20","5","5","0","0"
"14194418","2611","821","8","","0","0","0","0"
"14201528","2685","820","24","2023-06-16 16:26:02","1","0","1","0"
"14212394","2377","818","9","","0","0","0","0"
"14222251","5899","817","14","","0","0","0","0"
"14229027","2498","815","16","","0","0","0","0"
"14229690","2626","815","67","2023-11-11 12:07:03","1","0","0","1"
"14247787","2413","812","13","","0","0","0","0"
"14249087","3288","812","116","2023-12-10 18:40:58","29","9","16","4"
"14263933","2280","809","32","","0","0","0","0"
"14267425","6695","809","19","2023-11-20 03:04:33","8","2","1","5"
"14267427","2380","809","18","2023-11-21 17:23:04","3","2","0","1"
"14270735","2664","808","5","2023-02-05 16:27:43","1","1","0","0"
"14271633","2514","808","116","","0","0","0","0"
"14272882","4579","807","15","2023-12-15 02:25:10","9","3","3","3"
"14277722","5046","807","84","","0","0","0","0"
"14283885","2109","806","36","2023-12-18 11:34:10","68","31","26","11"
"14289654","4316","805","18","","0","0","0","0"
"14307703","2192","801","8","2024-01-30 00:04:42","101","41","26","34"
"14312225","2271","800","41","2024-01-02 00:54:50","9","0","0","9"
"14321954","2387","799","16","","0","0","0","0"
"14322498","2086","799","53","2023-06-23 16:46:42","2","1","1","0"
"14326899","7155","798","428","2023-12-29 10:47:19","4","1","0","3"
"14343465","3191","795","22","2023-12-31 06:33:32","7","2","1","4"
"14347717","8204","794","5","2023-10-26 20:57:44","1","0","0","1"
"14350333","3573","794","14","2023-06-21 22:09:22","4","2","2","0"
"14357441","2053","793","46","","0","0","0","0"
"14358677","2779","792","28","2024-01-30 06:38:44","33","3","18","12"
"14359374","2156","792","50","2023-09-08 20:01:42","10","5","4","1"
"14366538","3749","791","79","","0","0","0","0"
"14393739","5459","786","75","2023-12-31 08:06:25","13","5","1","7"
"14400998","3072","785","114","2023-08-18 10:50:50","1","0","0","1"
"14401160","9173","785","133","2024-01-08 01:25:18","44","10","11","23"
"14406495","3145","784","8","2023-03-22 10:28:25","1","1","0","0"
"14411997","2525","783","15","2024-01-09 11:01:18","16","9","2","5"
"14414324","3089","783","20","2024-01-14 10:56:41","12","0","7","5"
"14420546","2346","782","37","","0","0","0","0"
"14434976","9283","779","34","2023-09-20 20:53:25","13","2","5","6"
"14449816","3582","777","12","2023-11-05 01:36:25","24","1","5","18"
"14454939","3381","776","52","2023-04-23 09:02:09","43","43","0","0"
"14457833","4725","776","111","2024-01-21 15:05:36","15","2","12","1"
"14463396","3457","775","77","","0","0","0","0"
"14466860","8309","774","48","2024-01-26 05:10:18","86","49","2","35"
"14467132","2175","774","19","2023-03-17 16:54:12","6","6","0","0"
"14467607","3124","774","25","2023-07-01 22:28:34","1","0","1","0"
"14472571","2774","773","13","","0","0","0","0"
"14481105","2923","772","27","","0","0","0","0"
"14506951","2613","768","29","","0","0","0","0"
"14527886","2188","764","118","2023-08-25 09:31:44","1","0","0","1"
"14529779","9762","764","139","2023-12-29 18:49:27","185","21","64","100"
"14531062","6184","764","67","2023-07-06 09:20:46","5","3","2","0"
"14533126","3534","763","125","2023-10-27 12:31:15","1","0","0","1"
"14535309","2202","763","9","2023-11-07 16:21:16","6","5","0","1"
"14535517","5290","763","176","2024-01-25 20:06:53","42","26","2","14"
"14536215","3696","763","74","2023-11-29 15:00:20","37","7","9","21"
"14540754","2500","762","9","","0","0","0","0"
"14543462","3176","762","128","2024-01-17 14:27:19","12","0","3","9"
"14551426","8229","761","160","","0","0","0","0"
"14555001","2253","760","34","2023-11-22 11:19:19","21","5","5","11"
"14559436","2069","759","7","2023-06-26 17:18:07","15","2","13","0"
"14568089","2286","757","8","","0","0","0","0"
"14569750","2427","757","39","","0","0","0","0"
"14587041","2740","754","5","2024-01-04 07:04:39","1","0","0","1"
"14598871","2004","752","13","2024-01-10 09:41:47","5","1","2","2"
"14606046","6003","751","5","","0","0","0","0"
"14606049","5191","751","11","","0","0","0","0"
"14606052","5583","751","79","","0","0","0","0"
"14608750","4485","751","100","2023-07-18 20:17:18","11","8","3","0"
"14624729","4074","748","9","","0","0","0","0"
"14627505","3903","748","192","2023-09-15 16:23:10","3","0","2","1"
"14644941","4949","745","12","","0","0","0","0"
"14645101","2645","744","95","","0","0","0","0"
"14649310","5129","744","35","2023-11-07 16:04:28","4","2","0","2"
"14671235","3105","741","109","2024-01-23 18:06:32","5","2","1","2"
"14672114","3111","741","508","2024-01-30 02:07:52","293","118","94","81"
"14672383","3183","741","114","2023-09-03 17:33:47","6","1","4","1"
"14678216","3510","740","10","2024-01-08 14:24:56","1","0","0","1"
"14707109","2582","735","9","2023-02-25 23:33:00","1","1","0","0"
"14717238","2718","733","6","2023-11-01 10:09:47","1","0","0","1"
"14719161","3761","733","66","2023-10-26 08:29:20","95","15","50","30"
"14719844","2045","733","5","2023-07-20 07:29:06","3","0","3","0"
"14720380","6704","733","164","2024-01-12 12:25:51","16","15","0","1"
"14733669","7355","730","148","","0","0","0","0"
"14734532","2877","730","56","2023-07-22 13:29:42","2","0","2","0"
"14751619","4338","728","140","2023-11-14 20:57:18","6","3","0","3"
"14755500","2105","727","7","2023-06-23 14:00:23","1","0","1","0"
"14765128","2040","726","9","2024-01-29 21:51:47","8","2","1","5"
"14771613","2882","725","29","","0","0","0","0"
"14772619","2023","724","28","2024-01-13 09:47:47","30","8","10","12"
"14774959","3452","724","186","","0","0","0","0"
"14776809","2414","723","96","2023-12-09 00:20:33","19","7","9","3"
"14778592","2747","723","33","2024-01-30 09:32:16","68","19","15","34"
"14791020","2721","721","37","","0","0","0","0"
"14793358","2598","721","58","2023-12-22 07:17:20","46","10","15","21"
"14797322","2092","721","8","2023-12-12 14:04:26","2","1","0","1"
"14797384","2009","721","30","2023-12-23 19:19:19","10","1","8","1"
"14799981","2263","720","147","2023-09-11 05:35:11","13","0","11","2"
"14801225","4672","720","7","","0","0","0","0"
"14802285","3384","720","15","","0","0","0","0"
"14802384","3954","720","17","2023-04-04 03:29:28","3","3","0","0"
"14808988","5552","719","35","2023-02-22 00:50:16","1","1","0","0"
"14812170","2954","718","125","2023-07-23 01:53:01","2","0","2","0"
"14813577","2657","718","114","2023-10-27 08:31:46","45","15","19","11"
"14819065","3353","717","6","2023-11-28 17:39:29","3","0","1","2"
"14838540","2732","714","61","","0","0","0","0"
"14853083","5434","712","38","2024-01-24 01:54:41","34","9","14","11"
"14853666","4254","711","42","2023-11-28 10:15:26","43","20","9","14"
"14853907","4480","711","102","2023-06-12 07:09:26","5","3","2","0"
"14860394","2578","710","5","","0","0","0","0"
"14861737","4431","710","6","","0","0","0","0"
"14862885","3266","709","93","","0","0","0","0"
"14864687","2113","709","6","","0","0","0","0"
"14867730","2172","709","9","2023-11-02 23:37:42","1","0","0","1"
"14870617","2206","708","63","2023-07-25 12:06:55","110","107","3","0"
"14870925","2042","708","19","2023-04-26 14:23:58","1","1","0","0"
"14879760","2107","707","25","2023-09-27 14:23:45","5","2","2","1"
"14880656","2392","707","19","","0","0","0","0"
"14882395","2233","706","124","2024-01-26 10:35:15","15","2","5","8"
"14885325","5087","706","5","","0","0","0","0"
"14895985","9702","703","122","2023-10-27 10:42:35","17","5","7","5"
"14903754","4734","702","108","2023-12-04 02:18:44","16","2","0","14"
"14909621","7648","701","166","2023-09-26 00:53:36","75","2","14","59"
"14909980","6055","701","35","2023-12-23 21:06:46","11","5","1","5"
"14912872","2045","700","51","2024-01-30 19:31:51","31","12","4","15"
"14923227","3428","698","38","","0","0","0","0"
"14927001","2910","697","14","","0","0","0","0"
"14936001","3199","695","167","2023-07-27 07:33:03","20","15","5","0"
"14944568","2532","694","24","","0","0","0","0"
"14950385","2703","693","11","2023-12-15 00:43:00","19","5","6","8"
"14952856","2580","693","102","2024-01-22 13:55:53","17","4","6","7"
"14954503","2843","693","7","2023-10-16 06:42:39","2","0","0","2"
"14956277","7387","692","65","2024-01-25 14:55:29","16","8","1","7"
"14973743","2988","690","127","2023-11-08 09:45:19","11","7","1","3"
"14976549","2000","689","5","","0","0","0","0"
"14976580","2515","689","17","","0","0","0","0"
"14986372","4994","688","40","","0","0","0","0"
"14989571","2524","687","18","","0","0","0","0"
"14992857","2371","687","48","2023-06-23 14:50:07","23","20","3","0"
"14994239","2620","687","27","","0","0","0","0"
"14996050","8851","686","47","2024-01-31 14:43:55","161","0","0","161"
"14999599","4280","686","133","2023-12-19 10:53:20","100","4","47","49"
"15000097","3961","686","14","2024-01-09 18:02:01","19","0","0","19"
"15004077","2142","685","19","2023-11-11 15:17:24","8","0","0","8"
"15016163","3341","683","32","2023-12-19 04:07:18","31","10","7","14"
"15019536","6663","683","97","","0","0","0","0"
"15032688","5171","681","290","2023-07-19 12:08:33","1","0","1","0"
"15035314","7627","680","128","2023-10-07 06:42:13","6","3","1","2"
"15040627","9164","680","50","2023-10-23 10:13:02","8","2","4","2"
"15042684","2583","679","42","","0","0","0","0"
"15048478","2327","678","55","2023-12-17 03:09:44","32","1","8","23"
"15055605","3807","678","10","2023-10-26 19:52:26","3","2","0","1"
"15057576","2252","677","66","2023-12-24 02:35:13","17","6","0","11"
"15062361","2384","677","71","2023-12-05 17:08:54","45","16","18","11"
"15069209","2453","675","5","","0","0","0","0"
"15091574","2845","672","48","2023-05-22 21:16:58","8","5","3","0"
"15097422","2553","671","10","2023-10-18 14:57:46","7","2","2","3"
"15110149","2551","669","144","2023-11-01 06:23:41","8","6","0","2"
"15115299","2316","668","53","","0","0","0","0"
"15116207","2046","668","163","2023-09-21 14:25:51","15","6","7","2"
"15119845","2608","667","63","2023-05-15 02:04:59","9","6","3","0"
"15131491","2744","666","20","","0","0","0","0"
"15159603","6754","662","84","2023-05-12 19:26:36","3","2","1","0"
"15160601","2050","662","5","","0","0","0","0"
"15169145","2523","660","80","2023-06-21 18:34:38","5","4","1","0"
"15170515","5615","660","49","2023-08-11 15:09:58","18","8","7","3"
"15182215","2110","658","20","2023-12-11 16:53:49","11","5","2","4"
"15187728","7953","657","106","2023-11-05 01:38:44","21","14","2","5"
"15204525","2301","655","8","","0","0","0","0"
"15211203","6513","653","149","2024-01-29 23:42:29","103","27","42","34"
"15225566","3018","651","59","2023-10-27 07:56:11","4","3","0","1"
"15261914","2830","646","24","2023-11-07 21:19:24","50","13","19","18"
"15262489","2306","646","27","2023-08-21 12:28:28","20","10","9","1"
"15280114","2845","643","20","2023-05-07 14:34:08","5","4","1","0"
"15281224","2182","643","11","2023-08-19 09:26:02","8","1","6","1"
"15282257","4065","643","21","","0","0","0","0"
"15291770","2505","642","55","2023-12-20 10:25:41","68","5","19","44"
"15299500","2160","640","18","2023-03-02 14:22:15","1","1","0","0"
"15304803","5376","639","9","2023-11-04 10:23:57","2","0","1","1"
"15304814","6756","639","22","2024-01-07 19:12:49","14","9","3","2"
"15306606","2002","639","7","2023-03-02 15:03:47","1","1","0","0"
"15335954","2341","635","7","2023-09-05 07:30:22","5","1","2","2"
"15344442","2454","634","34","","0","0","0","0"
"15347316","2221","633","12","","0","0","0","0"
"15347805","2129","633","11","2023-03-02 06:55:21","1","1","0","0"
"15357136","2312","632","14","2023-07-20 00:30:35","3","1","2","0"
"15358800","4956","631","178","2024-01-24 11:41:42","20","10","8","2"
"15359157","6429","631","170","2023-12-04 19:46:55","56","28","18","10"
"15375588","3856","629","98","2023-09-01 09:03:10","14","0","12","2"
"15377355","5770","629","57","","0","0","0","0"
"15384825","4118","628","70","2024-01-07 10:49:15","51","13","20","18"
"15388164","3200","627","29","2024-01-26 01:44:56","30","6","10","14"
"15388872","7941","627","122","2023-10-19 16:02:41","43","23","18","2"
"15405732","6131","624","22","2024-01-30 12:22:27","105","29","29","47"
"15407542","5411","624","77","","0","0","0","0"
"15415267","4661","623","231","2024-01-19 14:03:07","23","1","3","19"
"15419983","2556","622","19","2024-01-23 12:53:40","21","8","6","7"
"15427566","5376","622","62","2023-02-18 14:11:35","3","3","0","0"
"15429697","5179","621","8","2024-01-27 18:11:08","12","1","5","6"
"15439733","6345","620","419","2023-11-21 06:18:41","32","21","9","2"
"15452601","6034","618","66","2023-11-15 18:22:24","10","2","5","3"
"15456681","3644","617","162","2024-01-10 15:07:40","20","2","2","16"
"15465043","2959","617","34","2023-05-29 07:05:35","6","5","1","0"
"15468663","3042","616","127","2023-06-23 14:52:23","1","0","1","0"
"15469537","3034","616","92","2023-12-27 08:15:25","18","2","5","11"
"15470286","2673","616","10","2023-05-19 19:06:46","3","1","2","0"
"15496965","4024","613","38","2024-01-29 19:30:44","28","15","1","12"
"15511041","2201","610","80","2024-01-19 05:50:43","88","18","28","42"
"15518276","2299","609","40","2023-11-14 12:49:46","13","3","2","8"
"15521392","7963","609","433","2023-02-21 14:24:24","2","2","0","0"
"15526396","3651","1017","232","2023-06-15 17:17:28","1","0","1","0"
"15527686","5441","608","23","","0","0","0","0"
"15534441","2272","608","32","2023-09-21 09:25:42","1","0","0","1"
"15537201","4281","607","32","","0","0","0","0"
"15545116","8648","606","100","2023-10-14 11:22:17","1","0","0","1"
"15547292","2555","606","14","2024-01-21 15:51:02","12","1","4","7"
"15568504","3178","603","9","2024-01-12 23:23:41","15","2","7","6"
"15570927","2946","602","60","","0","0","0","0"
"15574320","2395","602","5","","0","0","0","0"
"15577665","3663","602","24","2024-01-14 20:27:28","90","35","28","27"
"15589010","3230","600","140","2024-01-24 17:06:37","18","0","12","6"
"15597936","3417","599","26","","0","0","0","0"
"15603477","5033","598","269","2023-08-04 11:16:55","21","9","11","1"
"15690271","2501","590","78","2024-01-23 07:16:25","30","3","6","21"
"15690398","2378","590","11","","0","0","0","0"
"15708401","2819","589","11","2023-07-20 12:00:00","3","2","1","0"
"15721671","3132","588","6","","0","0","0","0"
"15728644","2964","588","5","2024-01-15 22:06:29","8","2","2","4"
"15739040","2043","587","20","","0","0","0","0"
"15741905","2685","587","13","2023-12-31 11:08:41","3","2","0","1"
"15744300","3677","586","66","2023-08-04 04:41:27","3","1","1","1"
"15745105","3370","586","47","2024-01-23 13:09:18","58","21","17","20"
"15745136","2326","586","34","2024-01-30 14:03:32","41","0","17","24"
"15745153","2601","586","47","","0","0","0","0"
"15747757","3810","586","88","2023-05-09 14:46:16","2","1","1","0"
"15749574","3164","586","63","2024-01-28 14:44:16","49","6","13","30"
"15760624","2090","584","47","2023-03-27 13:04:02","8","8","0","0"
"15764378","2115","583","41","2024-01-19 13:48:58","28","10","7","11"
"15772377","3729","582","21","2024-01-24 15:53:15","34","21","2","11"
"15777370","2358","582","5","","0","0","0","0"
"15781079","9079","581","139","2024-01-24 03:21:01","2","1","0","1"
"15784650","2023","581","50","2024-01-25 09:58:13","16","7","3","6"
"15803365","3661","579","90","","0","0","0","0"
"15803686","2616","579","24","","0","0","0","0"
"15804190","3183","579","117","2023-12-20 18:52:07","19","5","8","6"
"15828895","2257","575","11","2023-08-26 02:44:11","8","7","0","1"
"15831316","2202","575","49","2023-08-30 11:47:55","7","3","2","2"
"15833313","2369","575","131","2023-05-25 16:33:38","1","0","1","0"
"15835039","6235","575","72","2024-01-29 15:34:18","85","23","25","37"
"15844296","3841","574","162","2024-01-15 13:28:22","15","3","2","10"
"15862569","2978","572","11","2023-06-06 21:04:38","2","1","1","0"
"15870118","3028","571","5","","0","0","0","0"
"15873043","5792","571","207","2023-12-12 10:43:56","7","3","2","2"
"15880865","7046","570","104","","0","0","0","0"
"15888601","4183","569","243","2024-01-14 16:10:26","5","3","1","1"
"15897202","2952","568","122","2024-01-26 07:22:30","2","0","0","2"
"15914159","3031","566","10","","0","0","0","0"
"15916361","2471","566","20","2024-01-19 19:51:04","28","4","12","12"
"15968720","5617","560","174","2024-01-05 04:21:01","26","6","12","8"
"15968808","2101","560","5","2024-01-24 18:32:40","38","0","0","38"
"15969041","4584","560","377","","0","0","0","0"
"15969107","5134","560","258","","0","0","0","0"
"15969165","4981","560","369","","0","0","0","0"
"15969334","4669","560","305","","0","0","0","0"
"15969417","5124","560","119","","0","0","0","0"
"15969833","2473","560","260","","0","0","0","0"
"15969981","8318","560","454","2023-06-05 08:21:37","117","83","34","0"
"15986703","2758","559","135","2023-11-07 08:46:36","36","24","6","6"
"15993687","3179","558","12","2023-09-26 16:24:36","3","0","2","1"
"15997690","4864","557","348","","0","0","0","0"
"16003875","3843","557","71","","0","0","0","0"
"16028966","3583","554","30","2024-01-31 20:13:25","9","0","5","4"
"16046521","4576","552","55","2023-10-29 16:51:44","8","3","2","3"
"16094734","2624","547","8","2023-10-12 18:51:18","5","0","1","4"
"16105404","2186","546","8","","0","0","0","0"
"16116506","2084","545","109","2024-01-10 09:40:25","8","1","0","7"
"16124033","4660","544","147","2023-03-19 05:06:01","14","14","0","0"
"16125139","5868","544","60","","0","0","0","0"
"16146701","2034","542","88","2023-11-30 13:55:24","4","0","1","3"
"16157878","3166","541","9","2024-01-27 22:13:19","93","2","31","60"
"16162444","5970","540","27","2024-01-31 06:20:57","95","0","0","95"
"16173669","2148","539","94","2024-01-29 09:06:24","66","13","34","19"
"16183552","6276","538","29","2024-01-31 08:05:12","88","0","0","88"
"16217248","5176","535","24","2023-12-01 21:39:40","43","11","17","15"
"16231068","2153","533","66","2023-11-03 16:09:23","20","7","3","10"
"16246909","2287","532","25","2024-01-17 06:35:00","28","8","16","4"
"16279195","2725","527","18","","0","0","0","0"
"16280429","2467","527","10","2023-09-18 13:27:32","2","1","0","1"
"16281673","2916","527","33","","0","0","0","0"
"16310679","8667","524","228","2024-01-16 21:43:38","17","1","6","10"
"16310741","3915","524","100","2023-11-30 13:17:29","9","4","3","2"
"16313303","2111","523","82","","0","0","0","0"
"16328516","4136","521","25","","0","0","0","0"
"16332641","2290","520","35","","0","0","0","0"
"16357334","2032","517","29","2023-06-15 21:05:22","2","1","1","0"
"16360266","2355","517","8","2023-10-31 18:07:07","10","6","2","2"
"16364625","3517","516","26","2024-01-19 11:56:51","2","0","0","2"
"16375479","2987","514","10","","0","0","0","0"
"16376827","4264","514","103","2024-01-28 15:01:33","98","20","45","33"
"16383578","4191","513","13","2024-01-22 07:37:53","60","10","41","9"
"16385213","4157","513","181","2023-12-12 16:02:40","11","10","0","1"
"16391991","3264","512","41","","0","0","0","0"
"16420018","3109","508","49","","0","0","0","0"
"16429780","4822","506","144","2023-12-19 18:35:13","22","8","8","6"
"16452840","3433","503","27","2023-11-21 06:16:08","11","3","7","1"
"16455421","2125","503","165","2023-08-17 03:10:37","13","0","12","1"
"16461952","9551","502","294","2024-01-27 19:36:03","48","9","4","35"
"16462878","5237","502","280","2024-01-28 12:27:56","87","25","16","46"
"16465802","2853","502","36","2024-01-19 11:07:20","29","17","8","4"
"16470281","2149","501","19","2023-07-29 14:44:59","3","1","2","0"
"16480631","2242","499","68","2023-10-03 14:29:06","10","9","0","1"
"16482938","2020","499","74","2023-06-29 01:46:52","31","27","4","0"
"16526895","5217","492","396","","0","0","0","0"
"16528000","4055","492","54","2023-11-24 18:14:38","117","62","21","34"
"16529576","3568","492","104","2024-01-11 16:46:28","58","27","10","21"
"16530078","2836","492","17","2023-03-05 10:15:15","1","1","0","0"
"16547945","2405","490","69","2023-11-26 11:51:35","5","2","2","1"
"16555279","4539","489","11","","0","0","0","0"
"16569443","4419","487","74","2024-01-03 19:58:07","92","56","19","17"
"16587746","2798","484","13","2023-12-07 19:41:07","3","1","0","2"
"16600319","6779","482","15","2024-01-30 09:40:43","93","0","0","93"
"16608627","2059","481","38","2024-01-30 16:54:39","33","6","7","20"
"16631565","3458","477","121","2023-10-30 23:20:30","6","4","1","1"
"16632281","3912","477","15","2023-05-08 11:38:41","2","0","2","0"
"16632344","4488","477","165","2023-08-18 11:54:22","57","20","33","4"
"16648127","2630","475","105","2023-05-18 11:59:57","6","4","2","0"
"16671736","4959","472","26","","0","0","0","0"
"16688813","5679","470","135","2024-01-15 11:04:36","34","12","7","15"
"16693876","3187","469","120","","0","0","0","0"
"16695245","6669","469","251","2023-04-26 02:33:42","3","3","0","0"
"16695341","2196","469","15","","0","0","0","0"
"16730940","3112","464","26","2024-01-11 11:56:02","99","23","21","55"
"16731401","3191","464","139","","0","0","0","0"
"16732898","4211","464","94","","0","0","0","0"
"16752210","3135","462","78","","0","0","0","0"
"16757174","5429","461","85","","0","0","0","0"
"16764520","4633","460","92","2024-01-29 06:31:31","91","23","19","49"
"16764901","3747","460","100","2023-12-11 03:15:57","48","46","1","1"
"16768672","2241","460","82","2023-07-19 18:59:45","6","4","2","0"
"16775594","4280","459","23","2023-10-18 23:59:16","9","2","6","1"
"16776451","2887","459","69","2023-03-03 10:36:40","4","4","0","0"
"16785907","3456","457","11","2024-01-26 05:16:31","58","8","17","33"
"16796366","3441","456","32","2023-06-05 05:31:55","6","4","2","0"
"16830299","2762","452","5","","0","0","0","0"
"16835308","2103","451","66","2023-09-19 14:34:07","2","0","0","2"
"16846346","2530","450","11","","0","0","0","0"
"16852041","2075","449","64","2023-10-05 14:12:26","6","3","1","2"
"16876542","2888","446","10","2023-10-09 14:59:38","8","1","1","6"
"16895625","2095","443","54","2024-01-29 22:20:21","86","24","25","37"
"16895640","4149","443","187","2023-04-20 19:30:31","28","28","0","0"
"16929894","2907","440","76","","0","0","0","0"
"16947723","2322","437","47","","0","0","0","0"
"16952036","3408","437","46","2023-12-07 18:31:44","8","3","2","3"
"16955687","2891","436","6","2024-01-26 21:18:59","10","2","0","8"
"16972547","2033","434","21","","0","0","0","0"
"17007184","2375","430","188","2024-01-20 19:54:02","2","0","0","2"
"17007704","9132","430","230","2023-10-08 12:09:14","125","67","44","14"
"17016144","5390","429","57","","0","0","0","0"
"17021429","4412","428","167","2023-11-28 12:24:30","16","10","3","3"
"17023430","2463","428","7","2023-07-11 13:41:33","6","1","5","0"
"17026900","2199","428","70","2024-01-21 04:06:44","4","0","0","4"
"17026934","9625","428","145","2024-01-31 17:31:14","74","21","22","31"
"17030540","2469","427","43","2024-01-20 07:09:25","72","24","16","32"
"17033559","2208","427","17","","0","0","0","0"
"17055403","4204","424","158","","0","0","0","0"
"17104517","2156","418","56","2023-08-03 13:30:20","12","7","4","1"
"17114025","4875","417","9","2023-05-24 10:31:49","1","0","1","0"
"17120692","5758","416","110","2023-04-12 22:23:33","8","8","0","0"
"17124525","9347","415","263","2024-01-31 07:09:50","285","86","60","139"
"17133283","3783","414","172","","0","0","0","0"
"17182878","2772","408","86","2024-01-13 17:52:56","6","0","0","6"
"17194313","3117","407","22","2023-11-22 15:10:17","8","5","1","2"
"17195992","4103","407","60","2023-05-06 00:31:55","6","5","1","0"
"17197068","5094","406","140","2024-01-16 19:24:50","13","2","1","10"
"17213355","6867","405","230","2024-01-31 12:00:39","65","25","28","12"
"17213526","2922","405","136","2023-10-12 15:48:10","23","14","4","5"
"17218429","7254","404","289","2023-12-03 20:25:32","95","29","22","44"
"17235431","2537","402","170","2023-06-07 09:06:13","7","4","3","0"
"17245830","2127","401","45","","0","0","0","0"
"17258510","2391","399","37","2024-01-26 04:59:33","72","25","22","25"
"17296043","2467","394","157","","0","0","0","0"
"17296084","3353","394","240","2023-07-15 16:34:01","17","14","3","0"
"17298437","3650","394","215","2023-07-27 06:02:00","13","0","13","0"
"17316773","3110","392","51","2024-01-30 09:54:08","122","31","49","42"
"17322895","2501","392","136","","0","0","0","0"
"17337430","2315","390","70","2024-01-18 22:29:26","34","17","6","11"
"17375573","2928","385","162","","0","0","0","0"
"17390145","2277","384","80","2023-08-08 20:37:49","71","34","35","2"
"17398063","3550","383","66","2023-12-17 11:17:57","28","8","9","11"
"17427213","2322","379","66","2024-01-19 10:22:47","22","8","3","11"
"17438890","2706","378","108","2023-08-06 12:12:25","20","6","13","1"
"17486894","3764","372","104","2024-01-30 08:38:13","37","1","21","15"
"17487348","9728","372","354","2024-01-28 13:19:53","101","31","25","45"
"17507911","6189","370","282","2024-01-28 08:28:52","42","2","33","7"
"17537072","2437","366","44","2024-01-18 18:51:06","4","2","0","2"
"17543773","4907","366","6","2024-01-30 04:48:42","110","20","28","62"
"17556172","2924","365","108","2023-06-09 20:46:15","1","0","1","0"
"17562044","8848","364","262","2023-03-18 12:27:15","164","164","0","0"
"17568469","2136","363","138","2023-06-21 05:48:32","6","5","1","0"
"17587002","2333","361","90","2024-01-29 22:26:22","51","12","15","24"
"17614661","2304","358","76","2024-01-24 10:38:06","16","4","5","7"
"17620066","2968","358","58","2023-10-31 10:01:38","6","0","0","6"
"17627866","2185","357","59","2024-01-21 17:18:40","51","5","15","31"
"17628336","4530","357","153","2024-01-22 12:18:36","56","25","12","19"
"17632251","2886","356","87","2024-01-28 13:39:21","11","0","1","10"
"17641423","2337","355","124","","0","0","0","0"
"17645099","4776","355","219","2024-01-21 09:57:29","1","0","0","1"
"17650498","2913","354","36","2023-10-08 16:24:04","6","3","2","1"
"17663225","2701","352","95","2024-01-24 16:55:58","1","0","0","1"
"17665807","2372","352","31","","0","0","0","0"
"17667914","2301","352","149","","0","0","0","0"
"17674849","2615","351","203","","0","0","0","0"
"17676984","5363","351","175","2023-02-22 19:41:07","23","23","0","0"
"17684809","2621","350","131","","0","0","0","0"
"17718587","2791","346","51","2023-07-01 15:09:11","6","4","2","0"
"17720354","3049","345","98","2023-10-19 17:56:45","25","24","0","1"
"17743647","2787","343","186","","0","0","0","0"
"17750431","3046","342","310","2023-04-04 17:44:39","8","8","0","0"
"17761085","2073","340","8","","0","0","0","0"
"17778576","2411","337","5","2023-09-27 17:49:35","1","0","0","1"
"17790944","2126","336","104","2023-11-20 18:17:32","33","13","14","6"
"17795888","7121","335","225","2024-01-31 15:52:07","93","26","20","47"
"17798239","2101","335","162","","0","0","0","0"
"17804016","3238","334","114","2023-09-27 13:33:25","9","1","6","2"
"17808039","2008","333","175","2023-11-07 14:30:23","3","1","1","1"
"17839146","2255","329","31","","0","0","0","0"
"17841694","2230","329","19","","0","0","0","0"
"17862371","4200","327","124","2024-01-26 11:08:32","7","1","0","6"
"17872926","2560","326","76","2024-01-08 17:24:13","5","2","2","1"
"17873304","2308","326","68","2023-12-12 13:17:58","6","3","0","3"
"17896613","2993","324","64","","0","0","0","0"
"17902018","2158","323","166","2023-02-20 15:46:53","5","5","0","0"
"17917809","2554","322","180","2023-05-12 19:03:37","10","9","1","0"
"17918739","4217","322","5","2023-11-15 07:31:39","91","36","38","17"
"17926478","2298","321","95","2023-07-25 13:40:51","53","25","28","0"
"17926591","2446","321","124","2023-05-12 14:28:26","44","36","8","0"
"17939455","2527","319","94","2023-08-13 10:07:06","5","2","0","3"
"17954209","2482","317","64","2023-10-10 04:10:02","11","1","6","4"
"17978157","2199","315","90","2023-02-24 08:09:47","17","17","0","0"
"17978333","3114","315","5","2023-12-14 10:13:22","35","30","1","4"
"17980931","7791","314","299","2023-12-12 05:49:35","30","7","10","13"
"17991131","5005","313","55","2024-01-24 07:10:37","166","53","64","49"
"18043699","8728","307","165","2024-01-31 12:30:17","408","102","115","191"
"18069264","3908","304","152","","0","0","0","0"
"18079514","5641","303","6","2024-01-31 16:48:21","82","1","1","80"
"18108367","2718","300","43","2024-01-24 13:45:51","67","26","15","26"
"18125313","3466","298","25","2023-11-11 17:07:20","41","13","13","15"
"18135454","9427","297","489","2023-07-01 12:05:49","61","60","1","0"
"18145256","2420","296","105","","0","0","0","0"
"18189622","3206","291","168","2023-08-09 15:27:49","6","1","3","2"
"18229259","2547","286","15","2024-01-11 02:04:52","100","49","33","18"
"18229970","5673","286","207","2024-01-07 07:31:56","269","68","72","129"
"18229980","2784","286","197","2023-05-02 06:00:12","67","66","1","0"
"18242865","2275","285","128","2023-09-22 10:58:29","29","14","7","8"
"18251327","4119","284","165","2023-06-19 06:52:17","25","14","11","0"
"18265570","3077","282","75","2024-01-16 13:07:10","58","24","18","16"
"18265638","3053","282","84","2024-01-24 08:25:36","66","25","19","22"
"18289387","2846","280","69","2023-12-06 23:10:53","2","1","0","1"
"18309290","8518","278","342","2024-01-26 16:32:36","169","51","17","101"
"18318552","2436","277","122","2023-11-05 09:07:08","3","1","1","1"
"18366749","4556","272","190","2024-01-31 02:47:38","49","1","0","48"
"18387350","4158","269","50","2024-01-28 12:06:41","22","5","0","17"
"18387401","2592","269","144","","0","0","0","0"
"18400272","2170","268","74","2024-01-25 14:45:29","41","12","9","20"
"18422887","2704","266","19","2024-01-21 23:55:34","71","17","22","32"
"18431570","2154","265","25","2023-06-25 05:03:57","45","26","19","0"
"18452174","2392","262","187","","0","0","0","0"
"18522514","2866","259","37","2024-01-31 19:48:14","145","44","24","77"
"18554369","2217","252","152","2024-01-31 03:50:21","39","11","9","19"
"18554456","2945","252","117","","0","0","0","0"
"18571565","2852","251","151","2024-01-17 21:52:01","63","2","54","7"
"18620006","3384","246","21","2023-12-20 08:37:23","6","4","0","2"
"18645332","3405","244","43","2024-01-24 10:20:39","107","40","21","46"
"18647949","2408","244","65","","0","0","0","0"
"18667225","6328","243","127","2023-08-25 09:48:21","15","8","6","1"
"18670641","9420","243","369","2023-06-09 20:41:53","36","28","8","0"
"18694400","2394","241","185","2023-12-18 09:05:59","11","2","5","4"
"18703712","2572","240","49","2024-01-30 22:21:08","19","11","1","7"
"18728010","3370","238","205","2024-01-29 06:01:04","17","3","10","4"
"18746959","3614","236","211","","0","0","0","0"
"18748575","2138","236","81","2023-08-25 19:21:19","8","6","0","2"
"18778181","3271","232","147","2024-01-22 10:55:12","76","43","27","6"
"18789859","5292","231","158","2023-07-27 02:53:58","136","75","61","0"
"18793588","3767","231","68","","0","0","0","0"
"18794826","6826","231","213","2023-11-11 06:51:23","48","2","15","31"
"18799377","5307","230","224","2024-01-26 02:16:00","98","27","41","30"
"18824727","2779","228","133","2024-01-18 02:05:18","50","21","1","28"
"18844585","6232","226","194","2023-07-04 12:24:07","148","86","62","0"
"18877258","3212","224","170","","0","0","0","0"
"18878095","3353","224","54","2024-01-28 07:08:14","89","37","29","23"
"18943404","3367","219","17","2023-09-05 00:28:21","7","6","0","1"
"18954618","2146","218","57","","0","0","0","0"
"18963373","2091","217","8","2024-01-31 15:41:23","70","0","0","70"
"19023353","8792","211","292","2024-01-31 15:05:11","274","116","23","135"
"19023745","6603","211","163","","0","0","0","0"
"19042379","2101","209","149","2023-03-08 10:30:22","4","4","0","0"
"19077881","5569","205","60","2024-01-27 19:15:01","192","70","64","58"
"19121623","2194","199","99","","0","0","0","0"
"19170534","4734","193","17","2023-12-09 17:51:52","26","19","1","6"
"19174570","4620","192","305","2023-05-15 15:12:24","9","8","1","0"
"19198337","4485","189","343","2023-09-28 23:47:53","10","9","0","1"
"19205926","3705","188","158","2024-01-23 13:20:13","143","31","64","48"
"19212377","2272","187","11","2024-01-16 12:08:16","38","2","11","25"
"19214431","4894","187","91","2024-01-30 15:29:50","56","36","8","12"
"19223586","3690","185","81","2023-08-20 20:59:28","67","5","61","1"
"19230181","3797","184","82","2024-01-30 08:49:02","102","37","31","34"
"19255749","3855","181","242","","0","0","0","0"
"19271565","3264","179","52","2024-01-22 20:20:16","51","21","10","20"
"19280195","2964","177","101","2024-01-08 21:26:21","9","5","2","2"
"19287209","2261","176","114","","0","0","0","0"
"19290081","5769","176","99","2024-01-17 08:53:29","124","117","4","3"
"19316600","4024","173","31","2024-01-22 17:38:36","107","37","22","48"
"19335715","5007","169","96","2024-01-31 09:33:59","222","96","39","87"
"19347206","2234","168","141","2023-12-18 19:48:39","10","1","3","6"
"19353309","2821","167","20","2024-01-31 14:51:20","149","24","28","97"
"19469088","2615","151","235","2024-01-07 12:58:43","20","2","2","16"
"19512611","3007","145","156","","0","0","0","0"
"19529694","2922","142","222","2023-11-30 01:19:29","12","2","1","9"
"19544859","2572","140","46","2024-01-17 23:56:01","17","0","3","14"
"19547514","5667","139","11","2024-01-22 13:36:04","142","1","43","98"
"19579546","2323","134","56","2024-01-10 14:15:28","27","13","5","9"
"19635374","3529","126","35","","0","0","0","0"
"19639413","4552","125","18","2024-01-04 12:42:32","114","45","43","26"
"19642884","4488","125","84","2023-12-27 02:51:01","46","27","8","11"
"19657183","2328","122","132","","0","0","0","0"
"19657749","2245","122","16","2024-01-30 10:05:40","13","6","0","7"
"19696445","2555","117","67","2024-01-25 04:14:27","175","41","43","91"
"19697081","3437","117","41","2023-12-12 08:46:58","75","43","17","15"
"19724868","2126","113","24","2023-12-28 09:53:21","11","0","0","11"
"19739129","2128","112","11","2023-12-29 18:34:19","26","5","5","16"
"19767229","7670","107","9","2024-01-30 12:33:16","114","22","31","61"
"19774217","7364","106","59","2024-01-25 04:52:25","278","94","87","97"
"19785512","8611","105","58","2024-01-31 07:32:54","399","102","107","190"
"19838568","2406","98","86","2023-11-08 20:09:44","39","16","7","16"
"19846219","3707","97","104","2023-12-31 15:14:54","1","0","0","1"
"20623798","8189","3193","85","2023-11-10 08:32:59","13","2","2","9"