UserId,PostComments,PreComments,PostEdits
"1055","3","7","0"
"11958","0","0","0"
"15209","1","4","0"
"16845","26","15","0"
"19872","2","32","0"
"23914","1","2","0"
"25612","8","6","1"
"26843","0","6","0"
"26964","0","3","0"
"27195","0","4","0"
"27876","2","7","0"
"29249","3","16","0"
"30581","4","11","0"
"31090","5","7","0"
"33965","0","11","0"
"41347","0","1","0"
"42230","2","6","0"
"42552","67","98","3"
"52325","36","22","0"
"56682","1","0","0"
"57033","30","16","0"
"57864","6","12","0"
"59867","0","8","0"
"63696","9","132","1"
"70987","2","7","0"
"77200","0","4","0"
"79168","0","10","0"
"80772","6","18","0"
"84901","0","141","0"
"93277","5","13","0"
"93794","9","15","0"
"95014","40","33","0"
"95482","2","6","0"
"95985","0","3","0"
"99397","12","22","0"
"112544","0","3","0"
"112687","2","7","0"
"112736","0","5","0"
"115464","0","5","0"
"117430","0","6","0"
"119603","0","2","0"
"131005","17","10","1"
"133912","9","5","0"
"145725","8","12","0"
"146698","1","15","0"
"152221","6","24","0"
"153271","19","40","0"
"153463","0","27","0"
"155970","0","4","0"
"158787","7","35","0"
"160419","0","11","0"
"163059","1","20","0"
"167717","0","4","0"
"168589","1","47","0"
"169914","11","8","1"
"172525","0","2","0"
"172836","1","1","0"
"175546","0","9","0"
"176539","6","14","0"
"179037","10","11","0"
"183466","12","34","0"
"184405","0","28","0"
"186861","0","8","0"
"187421","1","10","0"
"192030","0","4","0"
"192263","1","31","0"
"194305","8","19","0"
"196033","0","6","0"
"196871","1","1","0"
"199400","22","26","1"
"203915","4","4","0"
"205983","25","18","0"
"208272","63","96","1"
"210623","0","606","0"
"213984","1","4","0"
"214526","28","24","0"
"214898","26","89","0"
"216695","6","15","0"
"217125","8","6","0"
"219649","0","4","0"
"224622","1","5","0"
"225199","0","7","0"
"226758","2","31","0"
"227110","8","8","0"
"227606","0","8","0"
"227785","19","38","0"
"228649","24","5","0"
"230062","1","0","0"
"232115","4","6","0"
"234789","0","0","0"
"234855","1","4","0"
"236152","5","8","0"
"240342","1","9","0"
"240963","1","10","0"
"243996","2","4","0"
"246702","0","5","0"
"247218","8","5","0"
"251542","5","3","0"
"251961","41","90","0"
"255613","2","13","0"
"259405","8","10","0"
"261708","21","96","1"
"262425","1","0","0"
"263879","13","6","0"
"264694","30","65","0"
"264745","0","13","0"
"265374","3","1","0"
"268764","0","0","0"
"268856","1","8","1"
"278762","6","39","0"
"279798","6","7","0"
"280724","0","14","0"
"281724","12","5","3"
"284651","1","6","0"
"289206","0","13","0"
"292792","0","12","0"
"292975","0","2","0"
"293083","0","2","0"
"293918","8","21","0"
"295279","1","1","0"
"297274","3","12","0"
"298468","0","2","0"
"299952","0","3","0"
"300978","19","29","0"
"301252","0","4","0"
"301474","0","27","0"
"301740","0","20","0"
"301757","9","16","0"
"306674","0","6","0"
"307133","2","11","0"
"310937","2","6","0"
"311060","5","5","0"
"313964","10","24","0"
"314565","7","9","0"
"314641","2","14","0"
"314780","1","3","0"
"316459","2","47","0"
"317103","2","5","0"
"320437","30","143","0"
"320646","2","7","1"
"321492","0","1","0"
"321629","29","65","0"
"321824","0","6","1"
"325617","0","10","0"
"328829","3","2","0"
"332503","1","4","0"
"337327","1","2","0"
"337554","1","9","0"
"339070","7","23","0"
"339772","13","33","0"
"343794","36","133","1"
"343836","5","2","0"
"343900","2","10","0"
"344574","0","4","0"
"345130","56","9","0"
"345258","45","50","0"
"345427","5","29","0"
"348185","2","3","0"
"350193","14","29","0"
"350270","1","75","0"
"350334","4","8","0"
"351726","5","6","0"
"352690","0","14","0"
"354420","7","16","0"
"354876","4","7","1"
"356239","1","25","1"
"357033","5","13","0"
"358574","5","33","0"
"361687","2","6","0"
"366486","0","3","0"
"369143","3","11","0"
"370213","0","2","0"
"374236","1","3","0"
"374642","2","57","0"
"375363","14","17","0"
"376904","0","7","0"
"379989","3","7","0"
"381031","10","22","0"
"381807","1","15","0"
"382655","2","4","0"
"383423","75","147","1"
"384857","3","7","0"
"386540","1","2","0"
"387198","4","18","0"
"388317","4","1","0"
"390600","0","2","0"
"391760","5","3","0"
"392061","10","1","0"
"392401","0","4","0"
"392895","2","6","0"
"399551","6","26","0"
"399940","6","10","0"
"400612","0","10","0"
"402723","13","29","0"
"403911","0","16","0"
"404459","21","5","0"
"410333","0","0","0"
"410939","35","84","0"
"411077","0","19","0"
"411611","1","3","0"
"411806","4","26","0"
"412954","7","3","0"
"412965","3","7","0"
"418145","18","5","0"
"420848","1","19","0"
"421243","8","7","1"
"423890","0","18","0"
"426832","6","18","1"
"426858","0","3","0"
"427925","0","33","0"
"428780","7","26","0"
"429853","2","27","0"
"430847","0","8","0"
"431502","0","5","0"
"432074","33","43","0"
"433714","4","13","0"
"434361","1","2","0"
"440791","5","14","0"
"443425","4","21","0"
"447137","0","10","0"
"447237","0","87","0"
"448979","1","2","0"
"449392","1","70","0"
"449460","1","1","0"
"450243","2","2","0"
"453238","0","11","0"
"456692","1","13","0"
"458561","19","52","0"
"463064","0","17","0"
"464152","1","2","0"
"464252","0","3","0"
"464431","3","6","0"
"465342","1","10","0"
"465732","0","18","0"
"468116","1","5","0"
"469322","9","13","0"
"470477","10","10","0"
"470530","58","40","0"
"472566","4","22","0"
"473471","0","31","0"
"476345","0","5","0"
"482036","5","16","0"
"482800","1","2","0"
"482901","3","61","28"
"485218","0","12","0"
"489090","0","0","0"
"492298","0","22","0"
"493272","2","11","0"
"493978","0","0","0"
"498190","5","25","0"
"498889","5","7","0"
"499915","14","12","0"
"500182","8","65","0"
"502999","0","19","0"
"503025","5","6","0"
"504807","0","24","0"
"506128","0","25","0"
"510087","0","4","0"
"511233","8","51","0"
"512686","10","15","0"
"521752","1","25","14"
"524355","30","22","0"
"530728","4","10","0"
"534182","15","17","0"
"534662","0","3","4"
"537107","0","7","0"
"539251","9","29","0"
"540756","0","16","0"
"542244","0","1","1"
"542564","0","0","0"
"549051","2","3","0"
"550464","19","11","0"
"551261","5","7","0"
"551744","14","17","0"
"556078","17","34","1"
"557270","1","6","0"
"557736","2","11","0"
"558120","4","20","0"
"559347","1","9","0"
"560476","4","4","0"
"560808","1","6","0"
"562359","0","52","0"
"563353","0","0","0"
"565633","6","7","0"
"567465","4","29","0"
"570220","0","150","0"
"571220","2","14","0"
"572981","1","5","0"
"579749","0","23","0"
"581285","12","4","0"
"581511","0","1","0"
"583616","0","6","0"
"586192","0","0","0"
"586256","0","8","0"
"593045","12","54","0"
"594006","6","10","1"
"594437","1","23","2"
"595266","0","1","0"
"595553","6","15","0"
"597189","0","4","0"
"598513","0","26","0"
"599535","5","21","2"
"603828","8","21","0"
"604656","4","15","0"
"605850","71","348","0"
"607230","4","4","1"
"607567","0","10","0"
"608397","2","3","0"
"611563","4","12","0"
"612163","0","17","0"
"615104","7","15","0"
"615119","5","20","3"
"615987","5","18","0"
"620140","1","25","0"
"622049","1","7","0"
"622122","4","14","0"
"623048","8","1","0"
"623541","5","21","0"
"624533","7","6","1"
"626664","8","15","0"
"626921","18","16","0"
"627794","0","7","0"
"628887","18","23","0"
"630530","15","17","1"
"632199","4","21","0"
"633925","0","78","0"
"639739","8","27","2"
"640180","6","23","0"
"641755","0","1","0"
"644186","1","6","0"
"644204","7","11","0"
"645431","10","16","0"
"645638","4","0","2"
"647151","10","17","0"
"654471","1","2","0"
"655472","0","4","0"
"656397","0","8","0"
"656708","0","5","0"
"659156","1","9","0"
"659818","1","1","0"
"662629","2","14","0"
"663853","12","13","0"
"664990","0","5","0"
"666583","4","88","0"
"668572","5","20","0"
"669210","0","58","0"
"669518","4","13","0"
"669647","0","7","0"
"673217","0","5","0"
"673707","0","58","1"
"676883","1","18","0"
"677210","1","9","0"
"678611","5","18","0"
"685046","11","10","0"
"686023","13","23","0"
"688926","0","0","0"
"689242","31","135","1"
"694457","0","10","0"
"694740","8","21","0"
"695824","3","35","0"
"696037","7","14","0"
"697213","2","16","0"
"697363","0","10","0"
"697576","0","8","0"
"697964","5","14","0"
"699971","3","2","0"
"700771","0","12","0"
"709975","1","4","0"
"710817","1","5","0"
"714905","0","5","0"
"714974","0","15","0"
"719809","43","91","1"
"721600","27","19","5"
"721611","0","2","0"
"722087","0","6","2"
"724314","0","3","0"
"724816","1","1","0"
"725126","0","31","0"
"725596","0","6","0"
"731938","1","10","0"
"734134","1","15","0"
"735398","6","27","1"
"736922","11","18","0"
"738895","2","7","0"
"741318","1","3","0"
"741711","5","7","0"
"742192","0","0","0"
"742609","27","13","0"
"742648","2","32","0"
"748891","13","25","0"
"753998","0","43","0"
"754798","2","15","0"
"756626","1","10","3"
"757201","24","32","0"
"761265","1","8","0"
"763875","0","4","0"
"764312","3","9","5"
"764576","15","9","0"
"766684","3","66","0"
"766955","0","5","0"
"768619","8","105","0"
"769726","1","12","0"
"772984","1","3","0"
"776988","9","30","0"
"777522","1122","734","4"
"778587","19","41","0"
"779084","2","22","0"
"779574","0","1","0"
"783662","0","9","0"
"785365","0","6","0"
"788448","3","28","0"
"789096","0","0","0"
"791600","0","27","0"
"795603","3","3","0"
"795827","4","8","0"
"797163","0","0","0"
"799346","0","25","0"
"799936","6","7","0"
"801899","22","13","0"
"802494","7","31","0"
"803978","0","16","2"
"804894","6","8","0"
"808398","6","25","0"
"809584","3","20","0"
"809984","2","1","0"
"810019","0","1","0"
"810268","8","2","0"
"811556","0","8","0"
"812377","6","11","1"
"812943","0","12","0"
"813946","23","23","1"
"814172","2","58","0"
"814299","0","1","0"
"818090","4","3","0"
"818266","2","2","0"
"818722","1","8","0"
"820321","6","20","0"
"820406","13","12","0"
"821989","39","17","0"
"822461","1","5","0"
"827472","11","8","0"
"828709","16","35","2"
"830293","1","5","0"
"831211","4","137","1"
"832490","111","84","0"
"833399","10","35","0"
"833954","0","6","0"
"834117","0","7","0"
"835073","6","34","0"
"836137","6","12","1"
"836376","3","16","0"
"836723","6","24","0"
"839497","12","43","0"
"840821","5","33","0"
"846548","0","4","0"
"846769","0","3","0"
"851013","1","8","0"
"858684","0","5","0"
"860715","10","7","0"
"860934","0","29","0"
"863133","2","5","0"
"864299","6","29","0"
"868337","0","3","0"
"869134","5","0","0"
"871947","0","23","0"
"873372","3","5","0"
"874880","0","0","0"
"875176","0","5","0"
"875343","0","30","0"
"876237","5","12","0"
"876595","8","23","0"
"876743","1","9","0"
"877129","3","17","0"
"878272","0","27","0"
"878444","6","3","0"
"885541","2","4","0"
"885694","8","16","0"
"887804","6","30","0"
"887947","19","15","0"
"890062","7","16","0"
"890097","0","5","0"
"891203","13","53","0"
"891919","9","150","0"
"892770","15","15","0"
"893413","0","15","0"
"893790","0","12","0"
"895007","6","14","0"
"895615","7","5","0"
"898154","15","9","0"
"901083","7","24","1"
"901102","3","1","0"
"901410","0","43","0"
"902102","2","1","0"
"903966","18","36","1"
"904963","1","191","0"
"905006","1","17","0"
"905650","4","6","0"
"907675","3","7","0"
"908316","9","5","6"
"909800","3","0","0"
"910650","0","4","0"
"910654","0","11","0"
"912309","1","7","0"
"913747","6","23","0"
"914760","0","2","0"
"915636","5","39","0"
"915869","0","10","0"
"916995","6","16","0"
"918860","1","8","0"
"920319","9","7","0"
"921570","0","5","0"
"921859","12","5","0"
"923493","0","0","0"
"925775","2","11","0"
"926918","12","45","0"
"927514","46","43","0"
"929251","2","3","0"
"929646","3","8","0"
"929861","1","5","0"
"930925","2","5","0"
"933110","2","4","0"
"933575","1","2","1"
"934373","3","6","0"
"935322","0","5","0"
"938190","0","0","0"
"938530","0","22","0"
"938829","0","1","0"
"939484","2","11","1"
"941770","8","18","0"
"942179","15","27","1"
"943087","8","8","5"
"944174","0","10","0"
"948719","1","4","0"
"948801","6","26","0"
"949258","3","4","0"
"951321","39","76","0"
"952932","5","6","0"
"955444","17","22","0"
"955719","12","13","0"
"958254","0","4","0"
"962391","6","19","0"
"963604","1","35","0"
"964514","0","5","0"
"964804","0","1","0"
"965852","14","10","0"
"966707","0","27","0"
"967151","6","3","0"
"967162","0","40","0"
"967770","0","2","0"
"968570","0","10","0"
"970115","1","16","0"
"970174","8","11","0"
"971566","1","5","0"
"972235","0","70","0"
"972651","0","73","0"
"976509","3","15","0"
"979591","0","10","0"
"979673","0","3","0"
"980270","12","32","0"
"982041","0","6","0"
"984444","1","4","0"
"986363","17","42","0"
"986419","1","6","0"
"986720","6","14","0"
"988095","0","9","0"
"988950","0","16","0"
"990642","11","18","0"
"990971","10","15","0"
"991276","0","3","0"
"993018","0","0","0"
"994006","3","231","0"
"994983","0","5","0"
"995071","3","1","0"
"996314","6","15","1"
"998335","0","8","0"
"998737","6","3","0"
"999367","2","5","0"
"999911","1","2","0"
"1000026","1","12","0"
"1003472","0","2","2"
"1005124","10","11","0"
"1005858","14","26","4"
"1007926","11","8","5"
"1008943","1","7","0"
"1009540","12","18","0"
"1010710","1","11","0"
"1011283","6","5","0"
"1011648","6","21","0"
"1012157","0","16","0"
"1012668","0","5","0"
"1015563","1","22","0"
"1018165","10","26","0"
"1020941","2","15","0"
"1021535","6","14","0"
"1022861","10","12","0"
"1022978","6","10","0"
"1023341","8","11","0"
"1024044","0","0","0"
"1026323","14","4","0"
"1031831","0","6","0"
"1032003","6","0","4"
"1033217","3","26","0"
"1034483","2","15","0"
"1035203","0","6","0"
"1035977","115","109","2"
"1038241","0","28","0"
"1039860","31","20","0"
"1040605","1","4","0"
"1042151","6","6","1"
"1043288","0","2","0"
"1043793","15","31","0"
"1046249","1","22","0"
"1047571","6","14","0"
"1048404","8","63","44"
"1048614","5","14","0"
"1050187","12","28","0"
"1050844","0","5","0"
"1053362","5","9","1"
"1055112","0","10","0"
"1056384","0","11","0"
"1056610","0","5","1"
"1056837","2","11","0"
"1062714","5","26","0"
"1062973","10","5","0"
"1067132","4","2","0"
"1068164","0","7","0"
"1068538","4","5","0"
"1068922","1","33","0"
"1072378","24","5","2"
"1072655","0","5","0"
"1073171","6","14","0"
"1075296","8","32","0"
"1075558","1","8","0"
"1077412","7","1","1"
"1079129","0","8","1"
"1079543","9","9","0"
"1079611","1","3","0"
"1080266","20","46","0"
"1080556","0","6","0"
"1081350","0","3","0"
"1085899","0","1","0"
"1086134","26","16","0"
"1086990","10","39","0"
"1087626","11","119","0"
"1087990","6","32","0"
"1090745","2","3","0"
"1091302","56","95","0"
"1093272","3","9","1"
"1093925","3","2","0"
"1094085","2","4","0"
"1095540","3","9","1"
"1095969","1","33","0"
"1096140","3","30","0"
"1096587","0","28","0"
"1097552","7","7","0"
"1099933","0","0","0"
"1100060","53","83","0"
"1100913","5","18","0"
"1100921","0","9","0"
"1101576","0","1","0"
"1101698","10","8","0"
"1101930","0","14","0"
"1104124","2","2","0"
"1108906","0","8","0"
"1111879","5","5","0"
"1114881","1","12","0"
"1114907","7","8","0"
"1114918","8","5","0"
"1116545","1","6","3"
"1117787","2","4","0"
"1118706","0","8","0"
"1119327","0","3","0"
"1119949","0","17","0"
"1122308","0","6","0"
"1122629","14","17","1"
"1123052","0","2","0"
"1123409","6","4","0"
"1125556","1","7","0"
"1127459","1","14","0"
"1127772","18","3","0"
"1129146","5","6","0"
"1129978","0","12","0"
"1131162","4","15","0"
"1131926","6","2","0"
"1132276","0","3","0"
"1133574","1","4","0"
"1136158","0","12","0"
"1136208","14","13","0"
"1136754","1","5","0"
"1136999","0","3","0"
"1138974","1","0","0"
"1139541","4","39","0"
"1140388","11","19","0"
"1140783","9","16","0"
"1141050","11","7","0"
"1143126","0","25","0"
"1143426","1","21","0"
"1144854","8","24","1"
"1145413","6","3","0"
"1145526","46","62","2"
"1146850","1","4","0"
"1147668","6","2","0"
"1148272","4","5","0"
"1148483","1","5","0"
"1149328","3","20","0"
"1151144","5","8","1"
"1153026","1","38","0"
"1155184","5","31","0"
"1155216","6","19","0"
"1155758","0","0","0"
"1157458","0","2","0"
"1158062","15","17","3"
"1158313","11","22","0"
"1158695","0","2","0"
"1159939","11","7","0"
"1160404","0","1","0"
"1161488","17","11","0"
"1161518","27","13","0"
"1162383","0","5","0"
"1163479","5","15","0"
"1164342","24","10","0"
"1165160","23","15","0"
"1165173","10","12","0"
"1167996","39","24","0"
"1168006","11","46","0"
"1168594","4","11","0"
"1169287","11","9","0"
"1169441","4","18","1"
"1170146","10","30","2"
"1170760","24","56","1"
"1171094","7","20","0"
"1172496","1","18","1"
"1172685","2","7","0"
"1173358","13","21","1"
"1175053","6","5","0"
"1176099","0","1","0"
"1176573","122","108","5"
"1178028","0","13","0"
"1178375","3","2","0"
"1178600","0","51","0"
"1180993","4","18","0"
"1183404","0","1","0"
"1183514","4","40","0"
"1184003","12","24","0"
"1184178","0","3","0"
"1185279","7","19","0"
"1185774","0","2","0"
"1189625","2","14","1"
"1191017","21","25","0"
"1191559","5","10","0"
"1193161","0","7","0"
"1193657","5","13","0"
"1196131","6","54","0"
"1197030","1","15","0"
"1197577","3","41","0"
"1199110","1","7","1"
"1199807","0","29","0"
"1199911","2","2","0"
"1200514","1","2","0"
"1201759","5","11","0"
"1205601","6","26","0"
"1208270","0","6","0"
"1211070","3","3","0"
"1211483","8","15","0"
"1211547","1","144","0"
"1212428","0","8","0"
"1215021","4","19","0"
"1216052","2","6","0"
"1216281","20","31","0"
"1216790","6","33","0"
"1217236","0","5","0"
"1217949","2","11","0"
"1218317","12","18","0"
"1218726","0","0","0"
"1221718","4","8","0"
"1222195","0","19","0"
"1222459","0","5","0"
"1224072","18","3","0"
"1224119","1","38","0"
"1224336","2","11","0"
"1224389","3","7","0"
"1225421","15","24","1"
"1226074","6","14","1"
"1226434","0","1","0"
"1227828","2","4","0"
"1228933","3","19","0"
"1230087","0","12","0"
"1231844","1","104","0"
"1234412","8","3","0"
"1235167","10","77","0"
"1235227","0","22","0"
"1236657","2","20","0"
"1241115","2","1","0"
"1241425","12","1","3"
"1244184","0","15","0"
"1244630","0","2","0"
"1244696","13","9","0"
"1246037","11","25","0"
"1246387","0","1","0"
"1247977","69","70","1"
"1248133","6","9","0"
"1249379","1","11","0"
"1249407","2","9","0"
"1250568","0","6","0"
"1253336","16","27","0"
"1254228","4","3","0"
"1258034","1","56","2"
"1259544","2","9","0"
"1260237","2","1","0"
"1264967","0","5","0"
"1268100","5","42","0"
"1270916","3","2","0"
"1271785","45","8","5"
"1274282","0","13","0"
"1275778","0","4","0"
"1275796","0","1","0"
"1275942","38","11","2"
"1276022","0","14","0"
"1276915","9","7","0"
"1279109","3","17","0"
"1279329","2","5","0"
"1279373","24","10","2"
"1282144","0","29","0"
"1282486","4","15","1"
"1284584","2","7","0"
"1286583","2","24","0"
"1291498","2","36","0"
"1293121","2","1","0"
"1296079","0","2","0"
"1296374","0","4","0"
"1297048","20","70","2"
"1297243","0","8","0"
"1298531","5","11","1"
"1300518","0","12","0"
"1303577","4","13","0"
"1303612","1","3","0"
"1304010","7","2","0"
"1306105","0","4","0"
"1306613","0","19","0"
"1307074","72","81","0"
"1309051","5","11","0"
"1310605","1","1","0"
"1310944","46","42","3"
"1310998","3","7","0"
"1311831","8","11","0"
"1315833","7","20","0"
"1317475","2","3","0"
"1319004","13","18","2"
"1319790","0","8","0"
"1320619","0","19","0"
"1321247","26","52","0"
"1324650","19","6","1"
"1325615","0","7","0"
"1327508","5","35","0"
"1329816","3","19","3"
"1332076","0","2","0"
"1332136","1","7","0"
"1333794","2","9","0"
"1334703","0","0","0"
"1335475","0","40","0"
"1338204","0","7","0"
"1338432","2","6","1"
"1340934","37","6","4"
"1341181","0","38","0"
"1344633","5","50","0"
"1347608","7","3","0"
"1348731","1","22","0"
"1348905","0","31","0"
"1351652","2","13","0"
"1352490","10","33","0"
"1352635","0","13","0"
"1353324","16","27","0"
"1353621","15","34","0"
"1356109","9","4","0"
"1358148","1","2","0"
"1358551","0","12","0"
"1361096","1","6","0"
"1361831","8","8","1"
"1363169","1","2","0"
"1363772","2","6","0"
"1364377","0","38","0"
"1365873","0","4","0"
"1368333","8","9","0"
"1368671","1","29","0"
"1369688","6","15","0"
"1373031","4","13","0"
"1374957","6","17","0"
"1374991","0","31","0"
"1376318","52","4","4"
"1376969","5","3","0"
"1379025","7","4","1"
"1379898","8","8","0"
"1382059","0","5","0"
"1382345","4","21","1"
"1382970","1","6","0"
"1386556","0","13","0"
"1389411","10","15","0"
"1391631","2","5","0"
"1391805","7","19","0"
"1392447","8","10","0"
"1393899","2","14","0"
"1394172","0","9","0"
"1395657","9","7","0"
"1396362","15","113","0"
"1396613","12","45","0"
"1396928","1","68","5"
"1397055","3","13","0"
"1398417","0","3","0"
"1398465","0","24","0"
"1400560","0","9","0"
"1401572","16","6","0"
"1402196","11","16","0"
"1402404","6","5","0"
"1402958","4","16","0"
"1403089","0","3","0"
"1404332","1","6","0"
"1405520","0","3","0"
"1406188","7","35","0"
"1406656","13","9","1"
"1408187","9","41","0"
"1412161","3","5","0"
"1415826","7","31","0"
"1417104","0","4","0"
"1417879","0","4","0"
"1418155","0","7","0"
"1419402","2","2","1"
"1419624","14","4","0"
"1420701","0","7","0"
"1423806","5","22","0"
"1426259","1","14","0"
"1427090","2","18","0"
"1427826","0","10","0"
"1427974","1","8","0"
"1428108","20","13","1"
"1428737","0","1","0"
"1429535","1","29","0"
"1430535","6","9","1"
"1430552","6","22","0"
"1431405","5","25","0"
"1432181","38","50","3"
"1432734","10","14","0"
"1433310","1","21","0"
"1437387","15","17","1"
"1438522","0","9","0"
"1438721","0","13","0"
"1438843","1","3","0"
"1441011","32","15","3"
"1441857","2","11","0"
"1443928","2","11","0"
"1444397","0","0","0"
"1446698","0","0","0"
"1452089","2","0","0"
"1452227","7","17","1"
"1452528","18","15","0"
"1453746","1","15","0"
"1455234","9","6","0"
"1455694","12","17","0"
"1459607","0","75","0"
"1459653","0","47","0"
"1459860","0","4","0"
"1460514","3","9","0"
"1460828","137","21","0"
"1461007","0","3","0"
"1461307","6","7","0"
"1466122","0","0","0"
"1467744","2","27","0"
"1469778","11","12","0"
"1470240","5","27","0"
"1470798","30","19","0"
"1471264","1","3","1"
"1471614","0","4","0"
"1474204","0","8","0"
"1476031","2","2","0"
"1477810","1","37","0"
"1480275","0","4","0"
"1480918","6","4","0"
"1481137","1","4","0"
"1481519","26","21","0"
"1481901","0","0","0"
"1482231","0","31","0"
"1482464","0","28","0"
"1483448","0","2","0"
"1486850","4","19","0"
"1486968","5","17","0"
"1488383","0","3","0"
"1488425","0","12","0"
"1489121","15","19","0"
"1489183","0","29","0"
"1489675","1","0","0"
"1489992","5","6","0"
"1490061","1","16","0"
"1491599","0","10","0"
"1493255","0","20","0"
"1495753","0","9","0"
"1499667","0","3","0"
"1501491","0","5","0"
"1503161","1","3","0"
"1506545","4","36","0"
"1510309","0","88","0"
"1510610","0","15","0"
"1510874","0","29","0"
"1512787","2","30","0"
"1512934","0","1","0"
"1513027","47","38","0"
"1513168","6","21","0"
"1515454","2","3","0"
"1518661","1","9","0"
"1520071","1","6","0"
"1520842","7","5","1"
"1523263","0","5","0"
"1523450","0","17","0"
"1524756","3","25","1"
"1525684","0","0","0"
"1526322","4","63","0"
"1526957","2","7","0"
"1527587","13","27","0"
"1529139","1","5","0"
"1532175","2","1","0"
"1532821","0","12","0"
"1533263","17","23","2"
"1533783","0","7","0"
"1534157","3","11","0"
"1534401","8","16","1"
"1534698","2","24","0"
"1534753","13","12","0"
"1534867","10","13","0"
"1535270","1","33","0"
"1537618","0","7","0"
"1538039","0","5","0"
"1538109","0","3","0"
"1538798","5","35","0"
"1540415","5","61","4"
"1540766","3","17","0"
"1542604","5","1","0"
"1543532","1","4","0"
"1544044","5","66","0"
"1544937","4","31","0"
"1545026","7","29","0"
"1546989","0","7","0"
"1549737","1","3","0"
"1549977","4","12","0"
"1550925","0","11","0"
"1551368","1","0","0"
"1554732","0","21","0"
"1555297","1","1","0"
"1560708","4","13","2"
"1561777","17","40","0"
"1562480","0","12","0"
"1563240","3","15","0"
"1563297","0","68","0"
"1568195","1","14","0"
"1568464","25","50","0"
"1570165","5","1","0"
"1571268","11","190","1"
"1571593","3","3","1"
"1572112","0","7","0"
"1572749","0","18","0"
"1573670","21","26","1"
"1576548","56","85","0"
"1577867","0","32","0"
"1578538","3","2","0"
"1579290","0","3","0"
"1580021","5","19","1"
"1580028","2","8","1"
"1581658","3","18","0"
"1582172","0","12","0"
"1584309","3","9","0"
"1584915","28","10","3"
"1585204","32","6","0"
"1587012","24","9","0"
"1587755","1","622","0"
"1587934","2","1","0"
"1588085","7","17","0"
"1592334","11","27","0"
"1592901","0","7","0"
"1593212","1","0","0"
"1594274","7","13","0"
"1594557","0","1","0"
"1596051","1","8","0"
"1597144","1","1","0"
"1597430","0","49","0"
"1599011","769","886","3"
"1602887","2","8","0"
"1603131","1","10","0"
"1603399","4","23","0"
"1604503","0","15","0"
"1605847","7","51","0"
"1606260","8","5","1"
"1609232","1","18","0"
"1609474","2","7","0"
"1611445","4","1","0"
"1612074","3","15","0"
"1615070","13","45","1"
"1616164","5","12","0"
"1616260","1","4","0"
"1616885","0","8","0"
"1618893","0","9","0"
"1620449","0","30","0"
"1621381","2","6","0"
"1623781","5","6","0"
"1624232","6","17","1"
"1624260","1","8","0"
"1624463","1","5","0"
"1625493","1","7","0"
"1627023","12","23","0"
"1627106","8","14","2"
"1627945","3","6","0"
"1630629","9","76","0"
"1630971","53","37","0"
"1632288","1","2","0"
"1634172","1","8","0"
"1635525","4","8","0"
"1635670","11","24","0"
"1635906","9","15","4"
"1636456","22","33","0"
"1638892","12","17","0"
"1643973","15","228","0"
"1645401","0","3","0"
"1645620","5","24","0"
"1645633","16","7","0"
"1646970","4","8","0"
"1647098","10","48","0"
"1647105","12","34","0"
"1648546","1","2","0"
"1649729","1","2","0"
"1651107","12","6","0"
"1652488","2","3","0"
"1653236","14","56","0"
"1654526","11","32","0"
"1655313","16","46","0"
"1655738","1","3","0"
"1656236","7","18","0"
"1657101","0","2","0"
"1657994","20","31","0"
"1659605","17","9","3"
"1660336","6","1","0"
"1662058","5","19","0"
"1665437","0","1","0"
"1667034","3","10","0"
"1669748","3","0","0"
"1670156","0","5","0"
"1670850","1","2","0"
"1671738","0","8","0"
"1672082","2","2","2"
"1672799","1","7","0"
"1673694","11","13","0"
"1673705","11","55","0"
"1675724","3","8","2"
"1676589","34","478","0"
"1677089","7","11","1"
"1677270","3","7","0"
"1677890","22","11","1"
"1678780","10","12","0"
"1681917","21","19","0"
"1682790","7","62","2"
"1683006","0","8","0"
"1683034","1","11","0"
"1683040","3","7","0"
"1684767","4","14","0"
"1685814","11","21","0"
"1686575","13","11","0"
"1686903","6","58","0"
"1686932","1","4","0"
"1687536","7","5","0"
"1688738","66","26","24"
"1689023","4","2","0"
"1689987","32","29","0"
"1690805","3","9","0"
"1690835","2","30","0"
"1692260","0","10","0"
"1692530","1","6","0"
"1692916","1","8","0"
"1692999","13","37","0"
"1695821","31","38","1"
"1695825","0","0","0"
"1697779","0","7","0"
"1701812","15","16","1"
"1704799","4","3","1"
"1708333","2","1","0"
"1708598","0","17","0"
"1710359","12","10","8"
"1713450","3","15","0"
"1714159","6","10","0"
"1714864","9","22","0"
"1714893","0","6","0"
"1714951","9","9","0"
"1715438","0","2","0"
"1716090","5","12","0"
"1716585","1","22","0"
"1717031","8","9","0"
"1718312","3","4","0"
"1721393","1","6","0"
"1722983","2","4","0"
"1724912","1","30","0"
"1726127","10","13","1"
"1731468","0","17","0"
"1731972","0","18","0"
"1734032","35","75","1"
"1734655","0","17","0"
"1735724","1","8","0"
"1736034","0","2","0"
"1738007","37","32","0"
"1738491","12","22","0"
"1738539","4","30","0"
"1738895","11","3","0"
"1739193","1","44","0"
"1739487","4","3","0"
"1743046","3","6","2"
"1743446","0","4","0"
"1743975","2","1","0"
"1745107","11","19","0"
"1746805","3","7","0"
"1747521","0","11","0"
"1747983","14","20","1"
"1750964","0","11","0"
"1751166","9","6","0"
"1752345","3","9","0"
"1752668","0","3","0"
"1753947","0","21","1"
"1754024","0","10","0"
"1757737","3","11","0"
"1757919","4","11","0"
"1758832","2","51","0"
"1759793","1","8","0"
"1760055","0","13","0"
"1760760","0","4","0"
"1761106","0","25","7"
"1761692","4","19","1"
"1763510","0","4","0"
"1764803","1","23","0"
"1768606","0","23","2"
"1769563","8","27","0"
"1769657","2","5","0"
"1770571","0","11","0"
"1770778","14","21","0"
"1771445","2","21","0"
"1773808","2","157","0"
"1775344","0","13","0"
"1778190","59","39","1"
"1780873","127","334","0"
"1781986","0","21","0"
"1782997","1","23","0"
"1783734","0","12","1"
"1784129","2","1","0"
"1785661","1","11","0"
"1786360","2","32","0"
"1788781","0","18","0"
"1789199","0","4","0"
"1789378","4","14","0"
"1792240","1","4","0"
"1792865","4","2","0"
"1792984","6","13","0"
"1793962","5","9","0"
"1795050","21","20","2"
"1795570","14","12","0"
"1796317","19","20","0"
"1797200","1","4","0"
"1797926","0","14","0"
"1798668","2","12","0"
"1799206","1","39","3"
"1800333","4","118","0"
"1800622","2","1","0"
"1800725","1","2","0"
"1801968","0","0","0"
"1804223","4","40","0"
"1805214","0","4","0"
"1805974","46","145","2"
"1806493","9","21","0"
"1807877","1","1","0"
"1812580","0","2","0"
"1816135","8","19","0"
"1816894","3","21","0"
"1817569","0","2","1"
"1817610","13","13","4"
"1818059","118","157","7"
"1819065","2","21","0"
"1820778","8","3","3"
"1820796","19","19","0"
"1822181","1","4","0"
"1825458","4","9","0"
"1825767","1","5","0"
"1825844","1","55","0"
"1825964","0","25","0"
"1826106","4","18","0"
"1826109","1","24","0"
"1828277","10","8","0"
"1828907","0","31","0"
"1829881","18","36","0"
"1830312","2","11","0"
"1831147","11","8","0"
"1831336","0","84","0"
"1831722","23","32","0"
"1833326","24","6","0"
"1834631","0","6","0"
"1836069","4","46","0"
"1838076","31","16","2"
"1838137","9","1","0"
"1838188","0","12","0"
"1838230","2","39","0"
"1838837","2","57","0"
"1840698","0","11","0"
"1841710","3","4","0"
"1842133","1","16","0"
"1842936","0","13","0"
"1848468","1","53","0"
"1850561","0","6","0"
"1851900","1","5","0"
"1852005","36","19","0"
"1852487","1","24","0"
"1852510","5","6","0"
"1854182","0","4","0"
"1854249","1","5","0"
"1854557","11","11","0"
"1854827","0","20","0"
"1855987","21","18","6"
"1856547","1","25","0"
"1856854","0","141","0"
"1856889","0","1","0"
"1859783","0","8","0"
"1860314","1","18","0"
"1860511","0","35","0"
"1860805","11","13","0"
"1861035","0","26","0"
"1861144","0","169","0"
"1863592","4","19","3"
"1864614","1","3","0"
"1866083","1","1","0"
"1866119","5","2","0"
"1868281","1","12","0"
"1869742","15","49","0"
"1870747","1","12","0"
"1873108","14","30","0"
"1873862","4","45","0"
"1874170","62","31","6"
"1877078","0","5","0"
"1879252","3","3","0"
"1879728","12","12","0"
"1880111","8","10","0"
"1880182","16","43","0"
"1882864","3","17","0"
"1884196","1","3","0"
"1885199","1","38","0"
"1885401","7","37","0"
"1886904","21","6","0"
"1887000","0","0","0"
"1889110","7","21","0"
"1889297","2","6","0"
"1889975","7","7","0"
"1890005","5","7","0"
"1893331","0","10","0"
"1895240","5","1","0"
"1898524","7","29","1"
"1901391","4","134","0"
"1903940","3","109","0"
"1904755","0","59","0"
"1905693","4","13","0"
"1906826","0","5","0"
"1909812","7","16","0"
"1910035","0","18","0"
"1913017","3","12","0"
"1917550","0","67","0"
"1918124","0","2","0"
"1919069","0","19","0"
"1919998","14","35","1"
"1920064","0","7","0"
"1920835","10","21","0"
"1921855","0","9","0"
"1922825","1","16","0"
"1924194","0","5","0"
"1925327","2","15","0"
"1928149","26","52","0"
"1928237","22","36","0"
"1928419","1","1","0"
"1928596","2","6","0"
"1928926","0","10","0"
"1930053","0","16","0"
"1930758","10","4","0"
"1931954","1","3","0"
"1932494","6","3","0"
"1932890","7","28","1"
"1933399","20","14","0"
"1933505","1","39","0"
"1934064","9","4","0"
"1934574","0","4","0"
"1934943","4","29","0"
"1935499","4","5","2"
"1940200","1","9","0"
"1940886","0","16","0"
"1943126","1","68","0"
"1943346","10","7","0"
"1944636","10","16","0"
"1948525","2","27","0"
"1949062","0","5","0"
"1949853","1","20","0"
"1950689","0","9","0"
"1950725","12","20","0"
"1950846","0","8","0"
"1951064","1","3","0"
"1951298","0","47","0"
"1951313","0","4","0"
"1953311","0","11","0"
"1956701","2","1","0"
"1957575","16","9","0"
"1958912","18","26","0"
"1959113","6","8","0"
"1960592","2","5","1"
"1961688","5","48","0"
"1964636","0","28","0"
"1964796","9","50","0"
"1965609","1","2","0"
"1966079","9","13","0"
"1967693","6","13","0"
"1967868","1","6","0"
"1969903","17","16","0"
"1971505","1","0","0"
"1973791","11","19","0"
"1976323","3","9","1"
"1977031","4","15","0"
"1978197","0","4","0"
"1978210","3","34","0"
"1978412","0","49","0"
"1981712","0","4","0"
"1982032","55","24","0"
"1983045","0","9","0"
"1984257","15","49","0"
"1984571","8","10","0"
"1985204","7","11","2"
"1985342","2","27","0"
"1988017","3","3","0"
"1991273","0","6","0"
"1991397","0","330","0"
"1992793","2","24","0"
"1993837","0","3","0"
"2004265","12","14","1"
"2007927","1","14","0"
"2010808","3","12","0"
"2011372","0","3","0"
"2011837","1","42","0"
"2012333","0","5","0"
"2012419","4","13","0"
"2014329","3","5","0"
"2014868","0","0","0"
"2015461","10","34","0"
"2016632","48","27","0"
"2016653","3","16","0"
"2019716","3","7","0"
"2021516","0","17","0"
"2022963","11","17","11"
"2023141","0","29","0"
"2025458","0","6","0"
"2026195","17","36","0"
"2026877","0","10","0"
"2027333","11","17","0"
"2029094","0","1","0"
"2031791","1","2","0"
"2034128","0","5","0"
"2035207","38","14","0"
"2035841","0","21","0"
"2036130","10","5","0"
"2036305","1","1","0"
"2036464","5","15","0"
"2039422","0","3","0"
"2039846","0","5","0"
"2040023","10","12","0"
"2040156","14","16","0"
"2041005","1","21","0"
"2042632","0","5","0"
"2043237","19","16","0"
"2043349","12","4","0"
"2046451","32","18","0"
"2047385","2","7","0"
"2048453","18","28","0"
"2049647","9","13","0"
"2051153","15","22","0"
"2051746","3","2","0"
"2052524","3","16","0"
"2052550","3","5","0"
"2056344","0","11","0"
"2056395","3","3","0"
"2056943","0","1","0"
"2057516","55","74","1"
"2059078","1","11","0"
"2059998","1","17","0"
"2060248","2","21","0"
"2061500","1","30","0"
"2064459","14","13","0"
"2065371","5","48","0"
"2065831","0","15","0"
"2066282","1","11","0"
"2066725","6","4","1"
"2069472","1","20","1"
"2070127","0","11","0"
"2070999","4","2","0"
"2074379","14","5","15"
"2075374","1","9","0"
"2077080","0","0","0"
"2078535","8","7","0"
"2079606","0","3","0"
"2080294","8","15","0"
"2080836","1","2","1"
"2083562","1","8","0"
"2083581","6","3","0"
"2084091","21","12","6"
"2084984","39","41","0"
"2087214","1","5","0"
"2088167","4","3","0"
"2089968","1","23","0"
"2091359","1","0","0"
"2092629","0","7","0"
"2092969","4","11","0"
"2095155","5","2","0"
"2095642","7","32","0"
"2095806","4","5","0"
"2096053","29","73","1"
"2099437","5","1","0"
"2102290","4","8","0"
"2102633","0","2","0"
"2103431","0","3","0"
"2103784","1","23","0"
"2103916","3","16","0"
"2105784","8","36","1"
"2105811","0","19","0"
"2109415","0","6","0"
"2109840","0","4","0"
"2111039","0","2","0"
"2111137","16","14","2"
"2111313","3","14","0"
"2112536","0","11","0"
"2112855","16","8","1"
"2114983","3","3","0"
"2115403","2","8","0"
"2115408","7","145","1"
"2117055","0","24","0"
"2117435","266","608","0"
"2117774","69","78","0"
"2117922","11","4","0"
"2117938","0","4","0"
"2118825","0","16","0"
"2121957","1","83","0"
"2122217","0","5","0"
"2122540","0","12","0"
"2122822","6","149","1"
"2123099","40","29","1"
"2125182","21","23","0"
"2126661","1","9","0"
"2127374","8","19","1"
"2127432","0","11","0"
"2128007","2","23","0"
"2134209","0","10","0"
"2134488","2","17","0"
"2136648","0","6","0"
"2138704","0","2","0"
"2141064","68","122","0"
"2142093","0","5","3"
"2143724","5","5","0"
"2144787","0","8","0"
"2145360","0","7","0"
"2149425","4","2","0"
"2149492","3","4","0"
"2151404","1","8","0"
"2152078","13","31","0"
"2152330","0","13","0"
"2153142","6","13","0"
"2153535","8","7","0"
"2154069","1","0","0"
"2156427","2","9","0"
"2156436","21","18","0"
"2156469","3","6","0"
"2156537","2","8","2"
"2156765","7","9","1"
"2156784","5","2","0"
"2158270","3","18","0"
"2159402","5","10","16"
"2159683","0","19","0"
"2162441","0","11","0"
"2162861","13","25","0"
"2163125","1","14","0"
"2163150","2","7","0"
"2165146","23","123","0"
"2165280","0","10","0"
"2165903","1","22","0"
"2168303","0","1","0"
"2169599","0","17","0"
"2170269","10","48","0"
"2174991","0","3","0"
"2175781","0","16","0"
"2177908","2","17","0"
"2178774","5","40","3"
"2182636","14","13","1"
"2182770","0","2","0"
"2182920","0","9","0"
"2183431","17","4","0"
"2184747","4","10","0"
"2185588","2","5","0"
"2185783","1","10","0"
"2186184","3","19","0"
"2186676","7","5","0"
"2187091","1","11","0"
"2188275","7","130","0"
"2192527","0","11","0"
"2193573","3","7","0"
"2194951","0","33","0"
"2196870","1","10","0"
"2197109","3","9","0"
"2197372","0","11","0"
"2199604","0","0","0"
"2203349","0","11","0"
"2205849","0","3","0"
"2205987","3","2","0"
"2206145","4","22","0"
"2207323","0","0","0"
"2207680","0","0","0"
"2208129","3","8","0"
"2212059","59","87","0"
"2218290","0","34","0"
"2218297","0","14","0"
"2219418","0","10","0"
"2220465","0","1","0"
"2220665","3","119","1"
"2221270","1","0","0"
"2223525","0","3","0"
"2224937","0","21","0"
"2225594","13","4","3"
"2234058","0","1","0"
"2234280","0","11","0"
"2235381","2","28","0"
"2236794","2","5","0"
"2236949","0","3","0"
"2237136","1","13","0"
"2237399","1","3","0"
"2237583","1","6","0"
"2237778","1","34","0"
"2238126","1","5","0"
"2239334","19","21","0"
"2240253","0","16","0"
"2240414","2","13","0"
"2243209","0","2","0"
"2244093","11","18","0"
"2244274","28","46","0"
"2245709","9","7","1"
"2246035","1","64","0"
"2248334","0","3","0"
"2249606","3","1","0"
"2249641","1","1","0"
"2250843","3","14","1"
"2251071","5","15","0"
"2254425","1","34","0"
"2256551","0","12","0"
"2259302","3","15","0"
"2261245","13","9","0"
"2266881","5","23","0"
"2267367","1","8","0"
"2269692","5","7","0"
"2270007","0","1","0"
"2271389","0","1","0"
"2271651","1","39","2"
"2274697","5","8","0"
"2275758","0","1","0"
"2277445","5","17","2"
"2284380","0","1","0"
"2285092","1","15","0"
"2286743","32","64","0"
"2287427","439","96","0"
"2287841","1","3","0"
"2288520","1","3","0"
"2289226","17","5","12"
"2290153","15","79","0"
"2290271","15","9","0"
"2291248","12","35","3"
"2292993","1","1","0"
"2293300","1","0","0"
"2294734","3","14","2"
"2296349","0","58","0"
"2298162","1","0","0"
"2299139","2","12","0"
"2299195","0","4","0"
"2299775","6","9","0"
"2300396","1","10","0"
"2300622","11","43","0"
"2304156","1","14","0"
"2304483","44","33","0"
"2305458","6","25","0"
"2307441","2","125","1"
"2307934","6","28","0"
"2309309","2","13","0"
"2310154","3","23","0"
"2310221","5","6","0"
"2310805","0","7","0"
"2311578","1","22","0"
"2313984","8","7","0"
"2315085","0","10","0"
"2316129","2","83","0"
"2316508","7","36","0"
"2317585","0","6","0"
"2317991","1","1","0"
"2320007","5","17","0"
"2321785","38","34","0"
"2325014","65","316","3"
"2330196","2","3","0"
"2332083","0","3","0"
"2332849","0","8","0"
"2333299","10","17","0"
"2333617","0","28","0"
"2336212","2","17","0"
"2336216","0","4","0"
"2336282","2","14","0"
"2336595","1","21","0"
"2338036","3","4","0"
"2339034","5","8","0"
"2339619","0","238","0"
"2339825","0","31","0"
"2340484","4","1","1"
"2344363","1","5","19"
"2349683","1","121","0"
"2351530","0","3","0"
"2351674","5","10","0"
"2354702","4","9","0"
"2354807","0","3","0"
"2355794","2","3","0"
"2357085","13","28","0"
"2357370","0","3","0"
"2357621","0","17","0"
"2358659","0","1","1"
"2359010","2","11","0"
"2360229","12","11","0"
"2360439","9","17","0"
"2361379","8","34","0"
"2363940","16","10","0"
"2367906","0","37","0"
"2368205","22","19","0"
"2368681","15","12","2"
"2369434","0","3","0"
"2369575","2","27","0"
"2371196","2","8","0"
"2371840","5","7","0"
"2373382","0","26","0"
"2374769","18","13","5"
"2376299","2","4","0"
"2376882","3","6","0"
"2377357","8","11","0"
"2377758","72","40","13"
"2381671","0","8","0"
"2381864","1","7","0"
"2383193","13","11","0"
"2383766","4","17","0"
"2384806","1","13","0"
"2385906","2","2","1"
"2387806","14","32","2"
"2387835","1","7","1"
"2388089","1","1","0"
"2389292","0","2","0"
"2389488","9","7","0"
"2390877","0","6","0"
"2390992","1","4","0"
"2392883","5","9","0"
"2394837","2","6","0"
"2394994","0","15","0"
"2397711","3","4","0"
"2397865","8","12","0"
"2398638","0","11","0"
"2399008","3","9","0"
"2407460","22","25","2"
"2408978","6","54","0"
"2410151","0","4","0"
"2410199","16","13","1"
"2410641","2","35","0"
"2410736","0","8","0"
"2411916","32","40","0"
"2412606","7","7","1"
"2416775","0","19","0"
"2417186","11","15","0"
"2417922","8","101","0"
"2418564","2","66","0"
"2422527","3","11","0"
"2425703","17","28","0"
"2426385","1","10","0"
"2429187","0","61","0"
"2429434","0","6","0"
"2430485","5","6","0"
"2432315","30","25","0"
"2432537","1","18","0"
"2432555","2","73","0"
"2434307","17","18","0"
"2436922","0","10","0"
"2440863","1","5","0"
"2443379","0","3","0"
"2449938","0","2","0"
"2452207","1","45","0"
"2453148","7","7","6"
"2453676","1","1","0"
"2454922","9","26","0"
"2455413","13","20","1"
"2456785","1","11","0"
"2458691","35","37","0"
"2460460","0","10","0"
"2463234","3","19","0"
"2464918","1","0","0"
"2467348","1","0","0"
"2468241","0","6","0"
"2468417","69","8","29"
"2470346","4","10","0"
"2472157","0","4","0"
"2472827","213","565","0"
"2473909","1","13","0"
"2474573","0","15","0"
"2475798","27","44","5"
"2478881","0","4","0"
"2480947","1","7","0"
"2482249","1","12","0"
"2484324","0","1","0"
"2484591","0","8","0"
"2486874","3","14","0"
"2487022","3","9","0"
"2487231","0","15","0"
"2488499","25","24","0"
"2494561","0","13","0"
"2495115","0","0","0"
"2495207","0","30","0"
"2497152","10","26","4"
"2497288","2","6","0"
"2498285","9","2","1"
"2499739","2","23","0"
"2500027","35","41","0"
"2500257","6","95","1"
"2501471","0","6","0"
"2501858","15","81","1"
"2502331","0","1","0"
"2505567","0","6","0"
"2505809","1","19","0"
"2505890","0","34","0"
"2506701","1","38","0"
"2508468","25","26","0"
"2509042","0","27","0"
"2512445","17","21","2"
"2513296","0","4","0"
"2513916","1","20","0"
"2514157","6","13","0"
"2514961","4","4","1"
"2520298","6","16","0"
"2520947","1","13","0"
"2521287","3","12","1"
"2522782","8","6","0"
"2523462","0","11","0"
"2523899","214","133","0"
"2524335","12","39","0"
"2524798","0","4","0"
"2526059","5","3","0"
"2526278","2","28","0"
"2526969","0","30","1"
"2528735","30","27","0"
"2528943","10","15","4"
"2529261","0","0","0"
"2529330","0","2","0"
"2529503","1","3","0"
"2531336","2","6","0"
"2533109","23","31","2"
"2533926","42","64","0"
"2537892","10","17","0"
"2539548","1","6","2"
"2541138","0","16","0"
"2542567","9","6","0"
"2543424","1","9","0"
"2544163","2","6","0"
"2545197","0","42","0"
"2546511","1","4","0"
"2547324","22","64","0"
"2547890","0","9","0"
"2550810","18","34","6"
"2551050","2","7","0"
"2552249","0","0","0"
"2552918","13","24","0"
"2554009","3","3","0"
"2554363","0","6","0"
"2554662","0","3","0"
"2555515","13","12","0"
"2557108","45","4","1"
"2557844","0","17","0"
"2559094","0","8","0"
"2560050","2","14","0"
"2560327","0","0","0"
"2560750","29","28","0"
"2561548","0","20","0"
"2561843","0","0","0"
"2562058","26","72","0"
"2563422","0","55","0"
"2564406","4","30","0"
"2565199","1","3","0"
"2566593","0","2","0"
"2567797","0","33","0"
"2568217","1","3","0"
"2568649","0","19","0"
"2568974","1","5","0"
"2569457","4","6","0"
"2569789","9","14","0"
"2572967","5","9","0"
"2573075","6","13","0"
"2573334","6","6","2"
"2576260","2","2","0"
"2576372","10","17","1"
"2577256","0","2","0"
"2578566","9","52","0"
"2579468","0","3","0"
"2581977","0","12","0"
"2582050","0","4","0"
"2582972","7","17","0"
"2587406","4","19","0"
"2590615","3","10","0"
"2590993","1","28","0"
"2591714","28","88","1"
"2591755","0","1","1"
"2592937","17","53","0"
"2594454","0","3","0"
"2594735","4","3","0"
"2595985","26","199","0"
"2598101","0","0","0"
"2603421","0","12","0"
"2604307","0","3","0"
"2605566","3","8","0"
"2606261","1","19","0"
"2606766","12","15","0"
"2607452","2","1","0"
"2612429","2","16","0"
"2612592","6","35","0"
"2612640","3","27","0"
"2613621","7","18","0"
"2613863","4","18","2"
"2614619","0","5","0"
"2614805","0","14","0"
"2615007","1","16","0"
"2616474","27","79","0"
"2617176","12","2","0"
"2618576","0","2","0"
"2620025","10","35","4"
"2620553","6","8","0"
"2620838","3","1","0"
"2623045","3","15","0"
"2624884","0","0","0"
"2625176","3","2","0"
"2625393","44","55","0"
"2626084","0","9","0"
"2626479","2","8","0"
"2627344","1","17","0"
"2627644","1","3","0"
"2629311","11","10","0"
"2631304","15","3","0"
"2632165","0","42","0"
"2634317","0","37","0"
"2634944","0","6","0"
"2635151","0","70","0"
"2635942","0","33","0"
"2637074","0","19","0"
"2641425","2","11","0"
"2643815","40","38","0"
"2644016","2","5","0"
"2644842","2","3","0"
"2645359","14","74","0"
"2646974","0","8","0"
"2647294","1","2","0"
"2648444","1","5","0"
"2648490","4","20","0"
"2648798","4","24","0"
"2649154","41","122","36"
"2649506","6","36","0"
"2651036","0","13","0"
"2654154","4","6","0"
"2655777","6","9","0"
"2657424","1","1","0"
"2658163","11","8","0"
"2658820","1","13","0"
"2660393","1","9","0"
"2660839","3","3","0"
"2660921","7","19","0"
"2661511","14","17","0"
"2662728","5","8","0"
"2663959","1","0","0"
"2666156","1","14","0"
"2666502","8","53","0"
"2666708","0","6","0"
"2668852","7","3","0"
"2669425","1","2","0"
"2670614","6","8","0"
"2670623","31","103","0"
"2671045","2","12","0"
"2671341","2","10","0"
"2672617","2","0","0"
"2672844","66","52","0"
"2673577","0","2","0"
"2675139","9","23","0"
"2677449","2","3","0"
"2679033","1","2","0"
"2682623","15","11","0"
"2685402","2","1","0"
"2685454","4","3","0"
"2685897","1","5","0"
"2688175","2","20","0"
"2688478","0","2","0"
"2689806","2","13","0"
"2692704","23","5","0"
"2693608","1","19","2"
"2695582","0","4","0"
"2695981","0","8","0"
"2697359","0","14","0"
"2703813","0","26","0"
"2704776","6","33","0"
"2705223","0","6","0"
"2709454","73","63","0"
"2709871","3","2","0"
"2710675","1","1","0"
"2710849","3","1","0"
"2711210","1","3","0"
"2713263","7","7","0"
"2713533","5","7","0"
"2713855","0","10","0"
"2714285","3","18","0"
"2716218","5","31","0"
"2718856","8","18","0"
"2720256","1","3","0"
"2722247","2","10","0"
"2723298","3","27","0"
"2725253","0","30","0"
"2726543","8","18","4"
"2728841","18","8","0"
"2728925","0","0","0"
"2729658","10","22","0"
"2730395","0","32","0"
"2738782","0","4","0"
"2742007","7","9","0"
"2743131","3","154","0"
"2743486","9","21","0"
"2743774","6","6","0"
"2746366","0","49","0"
"2746883","3","10","0"
"2747888","0","0","0"
"2748019","1","3","0"
"2750734","0","1","0"
"2751224","2","92","0"
"2752308","55","129","9"
"2752595","2","3","0"
"2753624","3","2","0"
"2754939","7","15","0"
"2756236","0","29","0"
"2756243","0","3","0"
"2756517","0","6","13"
"2760506","4","19","1"
"2760635","0","21","0"
"2760723","2","23","0"
"2760773","2","23","0"
"2761355","8","9","0"
"2761808","5","26","0"
"2762187","2","7","0"
"2763598","15","17","1"
"2763895","6","81","0"
"2768937","46","20","0"
"2769061","0","4","0"
"2769179","4","6","0"
"2769852","0","1","0"
"2777229","1","8","0"
"2780319","1","13","0"
"2781115","2","19","0"
"2783487","0","2","0"
"2787839","1","1","0"
"2788187","8","24","0"
"2788483","7","16","0"
"2789641","12","38","0"
"2789756","0","3","0"
"2791947","0","6","0"
"2792280","0","2","0"
"2794759","1","3","0"
"2795533","10","57","0"
"2797460","6","8","1"
"2800435","2","17","0"
"2801259","1","13","0"
"2805387","22","105","0"
"2805824","53","59","4"
"2807177","3","76","0"
"2809176","6","5","0"
"2809749","1","19","0"
"2814667","0","1","0"
"2815350","1","14","0"
"2816429","6","131","2"
"2816597","1","6","0"
"2816604","6","20","0"
"2817604","0","4","0"
"2819873","0","8","0"
"2819922","21","41","1"
"2820150","0","59","0"
"2821252","1","11","0"
"2822680","7","15","0"
"2822774","2","23","0"
"2823494","4","8","1"
"2824100","4","32","0"
"2824786","0","20","0"
"2825284","9","17","2"
"2826112","0","62","0"
"2827582","11","24","0"
"2828026","3","13","0"
"2834898","0","1","0"
"2835151","26","145","0"
"2835684","2","7","0"
"2836301","3","5","0"
"2836874","0","20","0"
"2838941","0","5","0"
"2841501","7","31","0"
"2841855","5","8","0"
"2843172","6","8","0"
"2844703","86","26","5"
"2846307","0","17","0"
"2850898","11","13","0"
"2851528","1","4","0"
"2852128","5","5","0"
"2854252","2","18","0"
"2858084","1","7","0"
"2860309","20","2","0"
"2860701","0","12","1"
"2861913","2","16","0"
"2863194","0","3","0"
"2863439","0","16","0"
"2866210","5","57","0"
"2869143","0","7","0"
"2869332","0","45","0"
"2869674","1","7","0"
"2874028","4","64","0"
"2875452","1","4","0"
"2877168","0","6","1"
"2877183","5","14","0"
"2880947","0","20","0"
"2881865","5","18","0"
"2881888","1","12","1"
"2882472","3","32","0"
"2882778","1","16","0"
"2882913","48","71","0"
"2883282","1","24","0"
"2883500","15","9","0"
"2886158","1","7","0"
"2886599","2","18","0"
"2886688","11","26","0"
"2886770","0","2","0"
"2888187","0","9","0"
"2890048","19","49","3"
"2890634","0","0","0"
"2891027","0","3","0"
"2892208","0","10","0"
"2894345","10","9","0"
"2894790","10","51","0"
"2894909","0","1","0"
"2895156","10","17","0"
"2896880","10","8","0"
"2897683","4","37","1"
"2898163","2","28","0"
"2899882","0","53","0"
"2902161","0","10","0"
"2903391","0","4","0"
"2906157","9","17","0"
"2910473","0","1","0"
"2910841","10","8","8"
"2911452","0","5","0"
"2912101","1","64","0"
"2913290","0","29","0"
"2914935","7","3","0"
"2915615","15","107","3"
"2917183","2","16","0"
"2917390","0","8","0"
"2919353","18","25","0"
"2921426","43","102","4"
"2921519","17","17","0"
"2923419","9","5","3"
"2924373","0","18","0"
"2924810","1","13","0"
"2926257","0","11","0"
"2926260","6","3","0"
"2926779","1","41","0"
"2926815","20","20","0"
"2928233","5","13","0"
"2928449","1","2","0"
"2929352","1","4","0"
"2929677","0","4","0"
"2930596","6","11","0"
"2930834","0","7","0"
"2935661","1","6","0"
"2935953","1","75","0"
"2938059","3","5","0"
"2940502","0","6","0"
"2940733","6","2","0"
"2941652","6","23","0"
"2945274","0","9","0"
"2945977","0","35","0"
"2946783","19","36","0"
"2947350","3","8","0"
"2947589","0","4","0"
"2947765","17","47","0"
"2949184","0","25","0"
"2949645","2","8","1"
"2950649","5","7","0"
"2951044","4","7","0"
"2952180","0","25","0"
"2952838","14","19","0"
"2952847","14","12","0"
"2953345","0","14","0"
"2956276","6","15","1"
"2956477","19","18","0"
"2956953","0","29","0"
"2957102","20","8","6"
"2958717","3","39","0"
"2959880","0","6","0"
"2959918","0","22","0"
"2960388","11","54","0"
"2960708","0","3","0"
"2960757","4","71","0"
"2961523","0","3","0"
"2961550","6","30","0"
"2961609","1","6","0"
"2961873","0","2","1"
"2962444","0","3","0"
"2962705","8","10","20"
"2963261","2","11","0"
"2964111","0","35","0"
"2964911","7","8","0"
"2965537","0","4","0"
"2966790","7","20","6"
"2967697","2","5","0"
"2971343","0","2","0"
"2971549","0","27","0"
"2971795","1","7","0"
"2971847","0","4","0"
"2972027","2","6","0"
"2976142","0","49","0"
"2976299","16","11","0"
"2977164","15","24","0"
"2978502","6","7","0"
"2980864","12","23","0"
"2981328","5","24","0"
"2983489","0","6","0"
"2984058","1","6","0"
"2984139","0","7","0"
"2986344","1","136","0"
"2986652","1","8","0"
"2990302","0","1","0"
"2991105","2","6","0"
"2993440","36","41","0"
"2993875","3","2","0"
"2995560","5","11","0"
"2996576","0","24","0"
"2996802","29","20","24"
"3000291","0","5","0"
"3000493","1","8","0"
"3000503","4","3","0"
"3001432","0","16","0"
"3001897","8","9","1"
"3004162","7","22","0"
"3005235","8","3","0"
"3006039","3","1","0"
"3006813","0","0","0"
"3010548","13","26","6"
"3014458","0","0","0"
"3017626","1","11","0"
"3018000","2","67","0"
"3018285","22","22","1"
"3019002","17","79","1"
"3019198","18","45","1"
"3019376","5","11","0"
"3021082","1","7","0"
"3021582","1","100","0"
"3022387","0","41","0"
"3025391","32","49","0"
"3027604","8","9","0"
"3029019","2","0","0"
"3029882","6","8","0"
"3030612","2","16","0"
"3036058","0","2","0"
"3036070","1","16","1"
"3036567","3","128","0"
"3037687","0","1","0"
"3037713","3","14","0"
"3038456","2","13","0"
"3041683","1","11","0"
"3042031","8","22","0"
"3042643","3","5","0"
"3043407","0","0","0"
"3043719","0","62","0"
"3044126","8","70","0"
"3048431","0","3","0"
"3049036","4","28","0"
"3051041","0","7","0"
"3051279","4","15","0"
"3052074","0","41","0"
"3053899","13","39","0"
"3054394","0","2","0"
"3054766","0","21","5"
"3055269","0","13","0"
"3056710","0","7","0"
"3057100","0","36","0"
"3057358","2","12","0"
"3061212","10","13","0"
"3061401","0","18","0"
"3062438","9","12","0"
"3062484","0","9","0"
"3062971","53","48","1"
"3064704","0","5","0"
"3065781","3","3","0"
"3065971","0","32","0"
"3066827","5","0","0"
"3067684","8","11","0"
"3070613","1","15","0"
"3071712","45","81","0"
"3072175","0","1","0"
"3072640","0","8","0"
"3075000","0","3","0"
"3075859","1","7","0"
"3077712","0","36","0"
"3078446","0","3","0"
"3079831","20","31","0"
"3080610","0","15","0"
"3082542","2","11","0"
"3085617","3","10","0"
"3085642","39","3","2"
"3087839","23","147","0"
"3088597","1","3","0"
"3088891","8","17","0"
"3090156","21","26","0"
"3090890","20","17","0"
"3091172","0","0","0"
"3094755","4","7","0"
"3095179","2","8","0"
"3095259","0","13","0"
"3095500","2","2","0"
"3097516","4","80","0"
"3098672","0","43","0"
"3098961","5","1","0"
"3100409","0","11","0"
"3100570","2","58","0"
"3101403","0","7","0"
"3102035","6","18","0"
"3102234","2","20","0"
"3103548","4","5","0"
"3104312","1","2","0"
"3107019","14","52","1"
"3107064","0","10","0"
"3109425","0","4","0"
"3111290","1","62","0"
"3112241","7","29","0"
"3112724","4","12","0"
"3113377","5","28","0"
"3116904","7","26","0"
"3120345","2","12","0"
"3120387","13","6","0"
"3121518","5","28","0"
"3123272","1","5","1"
"3126994","0","21","0"
"3127015","0","5","0"
"3127170","3","2","0"
"3130549","3","10","0"
"3132351","5","13","0"
"3132408","1","3","0"
"3134015","1","0","0"
"3135332","0","15","0"
"3136686","0","0","0"
"3139228","18","11","0"
"3142385","2","17","0"
"3142450","2","14","0"
"3142472","3","10","0"
"3143009","6","37","0"
"3144373","2","12","0"
"3144924","0","6","0"
"3145115","10","56","8"
"3149048","1","4","0"
"3150981","1","5","0"
"3153039","37","13","0"
"3154987","0","16","0"
"3155183","0","35","0"
"3157257","0","5","0"
"3158633","1","2","0"
"3160323","0","8","0"
"3162368","38","121","0"
"3163116","0","11","0"
"3164091","4","18","0"
"3164100","8","99","0"
"3164227","0","3","0"
"3165499","0","4","0"
"3165785","22","56","0"
"3167443","0","13","0"
"3168770","1","18","1"
"3169238","95","18","25"
"3172556","3","20","0"
"3173271","4","17","0"
"3173923","5","4","11"
"3174731","4","63","0"
"3175085","4","4","0"
"3175384","15","24","1"
"3175889","0","47","0"
"3178477","0","1","0"
"3179957","6","27","0"
"3181021","0","1","0"
"3181258","0","8","0"
"3182079","9","12","0"
"3182102","0","29","0"
"3182775","0","17","0"
"3183454","89","24","5"
"3184195","1","1","0"
"3184950","13","61","0"
"3185545","14","6","0"
"3185747","0","9","0"
"3187374","0","31","0"
"3188225","2","8","1"
"3189850","1","24","0"
"3190976","0","9","0"
"3192218","0","9","0"
"3192634","0","6","0"
"3192775","12","32","0"
"3193413","0","3","0"
"3194618","15","40","19"
"3197080","1","4","0"
"3198638","4","32","0"
"3199081","1","6","0"
"3200552","9","16","0"
"3201578","2","14","0"
"3204453","11","11","0"
"3208225","23","50","1"
"3208573","9","12","0"
"3210331","0","2","0"
"3211648","2","12","0"
"3211710","3","24","0"
"3211801","1","23","0"
"3211872","1","10","1"
"3212379","7","9","0"
"3215301","10","6","0"
"3215705","0","22","0"
"3218652","1","59","0"
"3219777","10","45","0"
"3224608","0","44","0"
"3227092","1","5","0"
"3229301","10","5","0"
"3237248","2","3","0"
"3238658","5","4","0"
"3239534","3","8","0"
"3240410","2","3","0"
"3243040","0","15","0"
"3243751","11","9","0"
"3244389","1","10","0"
"3245247","0","12","0"
"3245486","15","28","0"
"3247081","0","2","0"
"3247425","0","6","0"
"3248882","18","6","0"
"3249399","19","59","0"
"3250569","3","3","0"
"3251429","10","31","2"
"3252327","0","74","0"
"3252391","4","67","0"
"3253203","8","6","1"
"3253758","0","0","0"
"3256843","13","41","0"
"3257084","0","155","0"
"3257196","19","34","0"
"3257387","29","35","2"
"3257901","0","7","0"
"3260953","0","6","0"
"3264362","1","20","0"
"3266845","4","39","0"
"3266929","0","2","0"
"3271648","0","18","0"
"3272407","0","6","0"
"3273130","57","60","10"
"3275520","0","1","0"
"3278064","2","3","0"
"3279034","1","29","0"
"3279163","17","2","0"
"3280644","1","15","0"
"3280891","2","6","0"
"3282496","6","0","0"
"3283003","0","12","0"
"3284175","1","0","0"
"3285866","7","11","0"
"3286743","11","2","0"
"3286847","0","5","0"
"3288041","0","5","0"
"3290745","2","19","0"
"3292527","19","1","0"
"3292585","0","1","0"
"3292591","0","8","0"
"3293320","2","13","0"
"3293436","0","0","0"
"3296422","12","31","0"
"3297163","19","26","0"
"3297836","2","2","0"
"3298175","1","15","0"
"3299432","3","7","0"
"3299460","12","25","0"
"3300796","4","2","0"
"3300911","1","6","0"
"3301376","0","2","3"
"3304179","21","33","0"
"3305737","19","69","0"
"3306097","3","58","0"
"3311765","5","4","0"
"3314243","8","14","0"
"3314466","0","8","0"
"3314835","0","1","0"
"3315525","4","14","0"
"3319170","0","6","0"
"3320697","0","0","0"
"3321725","7","24","0"
"3324255","0","4","0"
"3326406","10","21","0"
"3328545","0","9","0"
"3330979","12","24","0"
"3331700","5","13","0"
"3332879","23","17","0"
"3336733","7","7","0"
"3337028","5","5","0"
"3338940","0","16","0"
"3340529","0","15","0"
"3341533","4","19","0"
"3342245","3","5","0"
"3342248","0","114","0"
"3342886","0","7","1"
"3343007","0","2","0"
"3343490","3","13","0"
"3347025","0","7","0"
"3347048","1","5","0"
"3347128","1","13","0"
"3353189","1","3","0"
"3354175","3","12","1"
"3355032","0","8","0"
"3357588","8","3","0"
"3360687","12","22","0"
"3361187","2","3","0"
"3361263","0","14","0"
"3361377","9","24","1"
"3363386","1","47","0"
"3365667","23","92","0"
"3366563","8","10","1"
"3367720","12","21","0"
"3370431","19","35","0"
"3373796","1","11","0"
"3373984","164","35","0"
"3375521","10","0","0"
"3376480","8","11","0"
"3377620","3","11","0"
"3378770","1","2","0"
"3380823","0","0","0"
"3381938","5","11","0"
"3388381","0","11","0"
"3388433","6","12","0"
"3389323","0","11","0"
"3391887","2","20","0"
"3392461","0","52","0"
"3393379","0","83","0"
"3395778","3","12","1"
"3398044","1","5","0"
"3398171","0","15","0"
"3403999","42","55","0"
"3405358","12","26","0"
"3405462","0","14","0"
"3406936","2","6","0"
"3407244","1","21","0"
"3407930","1","3","0"
"3408016","0","7","0"
"3408027","0","9","0"
"3408342","15","53","0"
"3408806","14","8","0"
"3409400","0","0","0"
"3409488","0","1","0"
"3410174","0","7","0"
"3410660","4","23","1"
"3410835","31","56","0"
"3411192","1","26","0"
"3411426","0","74","0"
"3411606","19","51","0"
"3412158","1","12","0"
"3412618","0","43","0"
"3415090","0","24","0"
"3419535","7","11","0"
"3419726","0","14","0"
"3422060","22","33","2"
"3422559","0","0","0"
"3423330","2","8","0"
"3423333","0","15","0"
"3423750","24","48","1"
"3423825","25","67","0"
"3424487","2","12","0"
"3425506","10","168","0"
"3426192","3","3","1"
"3428475","0","19","0"
"3429396","2","6","0"
"3429457","2","5","0"
"3434534","5","23","0"
"3434763","114","293","1"
"3435121","18","33","0"
"3435342","5","4","0"
"3437167","4","24","1"
"3437202","0","15","0"
"3437628","15","48","0"
"3440248","1","5","0"
"3442232","5","6","20"
"3442448","5","9","2"
"3442619","2","7","0"
"3443247","3","2","0"
"3443454","3","13","0"
"3443596","36","18","1"
"3444205","134","32","23"
"3447369","7","40","0"
"3448078","1","115","0"
"3450148","6","10","0"
"3450615","20","4","1"
"3451696","0","5","0"
"3451846","163","59","73"
"3452058","16","40","1"
"3455472","0","3","0"
"3455918","5","23","0"
"3456021","6","7","0"
"3456245","2","16","0"
"3459064","0","6","0"
"3460150","1","6","0"
"3460741","0","10","0"
"3461120","1","5","0"
"3463844","7","23","0"
"3464792","1","35","0"
"3467187","4","4","0"
"3467488","3","10","0"
"3468135","3","73","0"
"3468328","2","10","0"
"3469668","6","6","0"
"3469841","21","68","0"
"3471458","8","17","0"
"3472225","30","41","2"
"3472716","0","25","0"
"3472935","9","32","0"
"3473568","2","11","2"
"3473645","0","14","0"
"3475325","0","13","181"
"3476134","5","11","0"
"3477044","0","0","0"
"3477333","4","7","0"
"3480261","0","2","0"
"3480359","0","3","0"
"3480376","0","9","0"
"3481577","0","23","0"
"3482266","20","95","0"
"3484881","0","3","0"
"3486436","24","8","0"
"3487940","13","14","1"
"3488747","7","6","1"
"3488758","0","8","0"
"3495523","1","12","0"
"3496596","3","28","0"
"3496893","12","6","0"
"3497444","0","20","0"
"3500157","2","50","0"
"3500521","2","20","1"
"3501144","3","3","0"
"3502856","1","4","1"
"3503193","3","2","0"
"3503565","0","2","0"
"3503970","0","1","0"
"3504125","1","6","0"
"3504749","24","35","1"
"3505333","21","17","1"
"3508556","16","4","1"
"3510442","0","3","0"
"3515613","4","38","0"
"3516034","2","3","0"
"3519401","0","5","0"
"3519732","0","10","0"
"3521178","8","43","0"
"3525368","29","6","1"
"3527277","2","21","0"
"3528132","0","1","0"
"3534491","3","6","0"
"3535147","1","0","0"
"3536991","1","3","0"
"3537430","2","2","0"
"3540194","2","48","0"
"3542239","0","23","0"
"3542319","3","23","0"
"3542351","52","18","0"
"3546107","0","2","0"
"3548202","0","7","0"
"3549742","0","0","0"
"3549766","0","10","0"
"3553434","62","25","1"
"3553550","13","18","0"
"3555366","0","38","2"
"3559911","4","9","0"
"3560966","5","3","0"
"3562689","6","28","0"
"3567736","2","32","0"
"3568831","1","33","1"
"3570073","0","5","0"
"3571248","0","2","0"
"3576968","6","6","0"
"3577105","6","3","0"
"3577502","5","15","0"
"3577667","1","13","0"
"3578105","0","4","0"
"3579174","5","393","2"
"3585143","65","271","4"
"3586084","8","10","0"
"3588442","0","14","0"
"3592341","1","5","0"
"3595805","1","10","1"
"3596233","3","10","0"
"3600238","1","15","0"
"3600510","0","1","0"
"3601357","43","58","0"
"3602294","0","1","0"
"3604103","35","35","0"
"3604315","0","6","0"
"3604768","7","37","1"
"3608410","3","4","0"
"3608547","1","36","0"
"3608565","4","88","0"
"3610403","0","4","0"
"3610643","0","1","0"
"3612502","6","25","0"
"3612829","1","11","0"
"3612910","6","6","0"
"3614547","0","14","0"
"3616078","0","0","0"
"3617715","37","48","4"
"3620242","6","85","0"
"3621216","4","63","0"
"3621842","15","13","0"
"3622056","1","163","0"
"3622569","41","53","3"
"3626138","1","19","0"
"3632172","5","16","0"
"3632472","0","0","0"
"3633891","0","3","0"
"3634011","1","63","0"
"3634886","2","10","0"
"3635194","3","1","0"
"3637354","6","5","0"
"3639372","12","25","0"
"3639575","1","35","0"
"3639720","1","5","0"
"3640355","2","7","0"
"3642359","0","0","0"
"3643534","3","0","0"
"3645254","1","9","0"
"3646777","0","3","0"
"3648436","0","2","0"
"3652805","17","31","0"
"3653304","1","46","0"
"3653544","1","85","3"
"3655260","12","9","0"
"3656666","0","87","0"
"3657308","0","14","0"
"3659012","5","22","0"
"3661591","0","1","0"
"3662120","5","0","0"
"3662543","0","17","0"
"3662639","2","8","0"
"3663495","2","4","24"
"3667921","0","1","0"
"3668866","1","2","3"
"3668925","0","0","0"
"3669400","6","10","2"
"3669465","8","36","0"
"3670684","0","3","0"
"3671939","14","9","1"
"3672560","1","13","0"
"3672828","3","3","0"
"3673225","1","47","0"
"3673842","0","13","0"
"3674399","1","20","0"
"3675533","2","16","0"
"3676614","3","6","0"
"3677636","7","13","0"
"3679377","1","21","0"
"3680190","1","52","0"
"3680198","14","11","0"
"3680644","30","20","2"
"3682691","10","7","0"
"3684640","0","19","0"
"3685175","2","70","0"
"3685516","9","19","0"
"3685851","0","10","1"
"3687251","2","0","0"
"3688170","1","8","0"
"3688726","1","11","0"
"3690367","0","23","0"
"3690683","0","0","0"
"3691240","0","0","0"
"3691712","0","15","0"
"3692099","0","39","0"
"3692272","1","2","0"
"3692443","6","16","0"
"3693312","21","22","0"
"3693328","23","86","0"
"3693763","2","19","0"
"3694524","0","5","0"
"3695641","0","13","0"
"3699981","1","6","0"
"3700391","0","19","0"
"3701334","1","8","0"
"3705191","48","41","3"
"3705363","0","3","0"
"3709855","1","2","0"
"3713193","1","15","1"
"3717114","0","66","0"
"3718149","8","3","0"
"3718753","2","2","0"
"3719689","3","44","0"
"3722302","0","1","0"
"3723262","1","18","0"
"3725110","0","22","0"
"3725508","10","20","1"
"3725816","5","37","0"
"3728258","0","2","1"
"3731900","0","7","0"
"3732793","28","18","0"
"3733151","1","12","0"
"3733730","7","24","0"
"3734141","15","15","0"
"3735450","2","2","1"
"3736063","1","5","0"
"3736341","10","20","0"
"3738219","0","8","0"
"3738764","2","19","3"
"3738870","18","230","0"
"3739087","0","17","0"
"3739410","4","9","2"
"3740339","4","3","0"
"3740945","0","5","0"
"3745722","1","1","0"
"3746293","0","8","0"
"3746691","1","0","1"
"3747241","1","24","0"
"3747253","0","15","0"
"3748445","5","15","0"
"3750058","1","10","0"
"3753104","8","9","0"
"3755513","3","1","0"
"3756780","4","185","1"
"3758523","0","15","0"
"3758912","14","23","0"
"3760804","1","16","0"
"3761097","4","53","0"
"3762156","0","15","0"
"3763660","7","1","0"
"3763679","1","7","0"
"3764602","1","7","0"
"3765034","0","65","0"
"3765267","26","31","1"
"3766559","0","1","0"
"3766868","56","39","1"
"3767903","12","44","0"
"3772141","2","4","0"
"3772478","0","2","0"
"3772771","3","5","0"
"3772772","3","49","0"
"3775535","8","11","1"
"3777220","0","3","0"
"3779757","2","17","0"
"3780985","1","30","0"
"3781502","6","31","0"
"3781918","5","16","0"
"3782081","4","20","1"
"3785400","4","11","0"
"3785618","0","19","0"
"3785781","0","8","0"
"3786285","12","141","0"
"3786517","0","5","0"
"3787442","9","12","0"
"3789865","67","7","15"
"3790843","0","8","0"
"3790990","0","2","0"
"3791707","6","11","0"
"3792597","0","21","0"
"3793674","6","26","0"
"3796873","1","11","0"
"3797587","0","15","0"
"3798087","82","53","0"
"3799241","10","48","6"
"3801587","4","12","1"
"3801865","17","13","0"
"3802813","2","8","0"
"3803688","4","15","0"
"3804977","3","2","0"
"3806354","9","29","0"
"3808394","0","10","0"
"3810086","23","33","3"
"3811895","0","14","0"
"3812410","0","1","0"
"3812928","8","13","0"
"3815660","3","24","0"
"3816498","3","24","0"
"3817232","0","5","0"
"3818303","2","16","0"
"3820434","0","1","0"
"3822043","0","15","0"
"3822091","0","4","0"
"3822155","2","22","0"
"3824841","0","1","0"
"3825725","0","59","0"
"3826285","2","23","0"
"3830477","0","19","0"
"3831579","0","10","0"
"3831934","4","11","0"
"3832047","4","34","0"
"3832994","1","9","0"
"3836908","2","7","0"
"3837961","35","135","2"
"3841173","6","14","1"
"3841412","6","30","0"
"3841784","1","2","0"
"3842076","1","2","0"
"3843392","0","1","0"
"3843856","0","4","0"
"3845809","0","10","0"
"3848543","3","26","0"
"3849157","12","13","0"
"3852271","0","1","0"
"3852630","5","48","0"
"3854191","79","70","1"
"3855179","4","13","1"
"3855364","1","5","0"
"3855828","1","26","0"
"3856011","0","4","0"
"3856812","2","13","0"
"3859317","3","8","1"
"3862325","12","72","0"
"3864485","0","75","0"
"3865151","10","10","0"
"3867175","1","7","0"
"3868453","0","79","0"
"3868464","28","40","3"
"3868595","2","23","0"
"3870664","3","16","0"
"3870905","6","25","0"
"3871639","0","8","0"
"3877654","6","21","0"
"3880849","3","2","3"
"3880978","0","1","0"
"3881792","5","15","0"
"3882655","4","3","0"
"3883577","5","23","0"
"3885246","29","25","3"
"3885696","7","24","0"
"3887009","0","4","0"
"3887838","0","2","0"
"3888657","30","59","8"
"3890779","18","4","1"
"3892197","3","11","0"
"3892280","0","5","0"
"3893439","1","6","0"
"3894304","9","32","13"
"3894977","4","0","0"
"3895938","0","14","0"
"3896350","4","6","0"
"3897838","19","4","0"
"3899623","0","12","0"
"3899765","1","34","0"
"3907258","6","14","0"
"3908810","17","11","1"
"3914156","4","33","0"
"3915059","6","4","0"
"3919340","0","10","0"
"3919531","2","3","0"
"3923134","1","28","0"
"3923163","2","6","4"
"3925235","1","9","0"
"3925758","9","30","0"
"3927009","0","8","0"
"3927228","1","15","0"
"3929525","15","16","0"
"3930238","0","9","0"
"3930971","1","11","0"
"3931665","0","102","0"
"3932026","1","11","0"
"3933634","0","5","0"
"3934322","23","28","0"
"3936602","0","19","0"
"3938386","0","34","0"
"3938951","0","42","0"
"3941583","0","4","0"
"3942719","7","24","0"
"3943054","2","1","0"
"3944480","0","11","0"
"3946096","10","62","1"
"3946301","1","5","0"
"3946706","0","7","0"
"3949564","0","2","0"
"3949759","1","3","0"
"3951121","0","9","0"
"3952494","2","5","0"
"3954965","1","36","0"
"3956017","2","6","0"
"3956589","11","54","0"
"3957402","0","4","0"
"3960612","0","9","0"
"3962524","3","13","1"
"3964564","7","3","1"
"3967255","0","17","0"
"3969006","4","2","0"
"3969110","27","134","1"
"3972710","0","14","0"
"3973676","1","0","0"
"3977093","4","16","0"
"3978243","1","10","0"
"3979437","13","18","0"
"3980911","2","15","0"
"3982685","0","11","0"
"3983804","1","1","0"
"3986110","2","7","0"
"3986680","4","52","3"
"3986967","2","1","0"
"3987765","8","16","0"
"3991002","0","11","0"
"3992665","0","8","0"
"3994118","0","8","0"
"3994337","1","27","0"
"3995379","0","84","0"
"3996028","0","3","0"
"3996432","0","43","0"
"3997295","3","12","0"
"3998212","0","7","0"
"3999660","4","26","0"
"4000130","0","40","0"
"4007237","1","3","0"
"4014075","4","3","1"
"4018558","4","18","0"
"4019273","0","22","0"
"4019804","1","0","0"
"4019836","0","11","0"
"4019983","1","4","0"
"4020087","0","3","1"
"4020198","0","3","0"
"4024409","37","57","1"
"4025157","9","24","0"
"4026936","1","8","0"
"4027275","0","1","0"
"4027644","1","2","1"
"4028303","8","72","0"
"4028717","37","53","2"
"4028977","7","15","1"
"4032338","0","5","0"
"4033979","1","2","0"
"4034083","7","30","0"
"4034593","0","34","0"
"4035368","0","5","0"
"4036218","8","43","0"
"4036999","4","15","0"
"4038302","3","14","0"
"4038800","23","29","0"
"4039432","16","12","0"
"4039784","1","12","0"
"4040476","2","26","0"
"4041534","0","3","0"
"4042384","0","11","0"
"4043723","4","91","0"
"4045916","5","15","0"
"4047185","0","15","0"
"4048657","6","26","2"
"4050221","0","3","0"
"4050313","7","18","0"
"4050529","0","13","0"
"4051322","7","3","0"
"4052428","0","8","0"
"4053633","14","8","0"
"4054386","2","9","0"
"4054720","0","32","0"
"4054975","1","29","0"
"4055046","0","10","0"
"4058604","1","47","0"
"4061473","0","10","0"
"4062292","0","1","0"
"4062341","1","2","0"
"4062818","16","7","0"
"4066795","10","20","0"
"4066802","3","9","0"
"4067774","13","13","0"
"4070660","5","13","0"
"4072335","0","4","0"
"4072927","1","1","0"
"4073304","0","2","0"
"4075379","6","3","1"
"4075503","2","5","0"
"4076291","0","30","0"
"4077816","1","4","0"
"4078511","4","10","0"
"4079056","2","30","0"
"4079397","0","16","0"
"4081237","0","3","0"
"4081756","20","5","0"
"4085134","0","3","0"
"4086621","1","10","0"
"4087465","0","10","0"
"4087571","0","15","0"
"4087817","0","1","0"
"4093728","6","10","1"
"4094574","13","29","0"
"4095782","0","18","0"
"4096074","29","27","15"
"4097210","1","3","1"
"4097457","0","16","0"
"4101386","1","5","0"
"4101437","4","7","0"
"4102203","17","43","0"
"4103909","0","14","0"
"4105440","29","13","0"
"4106235","0","11","0"
"4106660","5","23","0"
"4109816","1","2","0"
"4110077","7","16","0"
"4110679","1","8","0"
"4110826","18","48","0"
"4111130","5","43","0"
"4114896","2","14","0"
"4116465","9","40","0"
"4117922","1","10","0"
"4118670","0","33","0"
"4119055","0","16","0"
"4119906","1","21","0"
"4122324","0","17","0"
"4124265","6","2","0"
"4124628","0","5","0"
"4128714","0","5","0"
"4130003","2","79","0"
"4131695","2","21","0"
"4132029","0","8","3"
"4132230","3","3","0"
"4134429","3","5","0"
"4137032","2","39","0"
"4139593","1","80","0"
"4141606","4","13","3"
"4143902","5","6","0"
"4149432","5","16","0"
"4150685","2","11","0"
"4150808","10","14","0"
"4154302","45","147","0"
"4154691","0","5","0"
"4155686","2","4","0"
"4156237","0","4","0"
"4159530","26","42","0"
"4160072","3","6","1"
"4161034","0","12","0"
"4161906","2","15","0"
"4162689","3","12","0"
"4162799","1","22","0"
"4164561","2","46","0"
"4165074","0","47","0"
"4165151","3","17","0"
"4165735","19","40","0"
"4167171","1","1","0"
"4168257","0","1","0"
"4168348","2","7","0"
"4168359","0","16","0"
"4168707","0","55","0"
"4169493","4","1","0"
"4169571","0","28","0"
"4169577","0","0","0"
"4171295","0","25","0"
"4172124","0","26","0"
"4172752","14","2","0"
"4172761","0","20","0"
"4173048","4","34","0"
"4173867","2","34","0"
"4176291","9","7","0"
"4176599","1","13","0"
"4177271","0","7","0"
"4177565","13","53","0"
"4178189","4","15","0"
"4180447","73","162","0"
"4181058","12","31","0"
"4182956","1","0","0"
"4183655","6","31","0"
"4183916","1","3","0"
"4185297","13","17","0"
"4186246","0","13","0"
"4187033","0","14","0"
"4187360","10","17","0"
"4188314","1","4","0"
"4190135","0","21","0"
"4190858","0","4","0"
"4191011","1","16","0"
"4191561","21","50","0"
"4192210","0","113","0"
"4192869","7","8","0"
"4193769","3","6","0"
"4193773","1","8","0"
"4194536","0","3","0"
"4196379","0","17","0"
"4196620","4","48","0"
"4196759","16","44","0"
"4197431","0","22","0"
"4197710","8","4","1"
"4198386","13","23","0"
"4199283","1","12","0"
"4199525","0","10","0"
"4200446","2","20","0"
"4201765","8","17","0"
"4202119","0","23","0"
"4202532","20","9","0"
"4203773","11","25","1"
"4205875","0","11","0"
"4207793","3","26","0"
"4208407","9","15","0"
"4208582","0","2","0"
"4211252","20","39","1"
"4211266","0","18","0"
"4211544","0","46","0"
"4212036","4","7","0"
"4214437","0","5","0"
"4214694","0","9","0"
"4215032","7","145","0"
"4215616","4","16","0"
"4216826","0","2","0"
"4217975","1","3","0"
"4218664","0","9","0"
"4218941","1","4","0"
"4220076","1","0","0"
"4223401","2","18","0"
"4223799","15","42","0"
"4224511","0","100","0"
"4226162","0","20","0"
"4227328","0","11","0"
"4228589","11","10","0"
"4228798","4","0","0"
"4232127","10","3","1"
"4233547","0","4","0"
"4234254","28","32","0"
"4240256","0","3","0"
"4240534","2","2","0"
"4240654","14","29","0"
"4241602","0","2","0"
"4243067","1","5","1"
"4244145","0","2","0"
"4244550","0","4","0"
"4244792","0","12","0"
"4247806","16","32","0"
"4247851","0","15","0"
"4248395","11","5","0"
"4248850","2","7","0"
"4248961","0","25","0"
"4249232","0","29","0"
"4249338","8","11","0"
"4249483","10","15","0"
"4251176","2","11","0"
"4252799","0","8","0"
"4252857","0","14","0"
"4253286","6","1","0"
"4253931","1","84","0"
"4255034","0","15","0"
"4257838","0","2","0"
"4260095","5","27","0"
"4262784","0","10","0"
"4263513","16","26","0"
"4264994","15","36","4"
"4266936","36","58","7"
"4267429","2","15","0"
"4268594","0","4","0"
"4270353","7","7","0"
"4271794","0","20","0"
"4272196","36","16","0"
"4273204","0","13","0"
"4274460","32","8","0"
"4276513","3","2","0"
"4276983","128","2","0"
"4278032","2","39","0"
"4279074","11","6","0"
"4281999","1","67","0"
"4282038","7","15","0"
"4282752","5","20","0"
"4284015","2","11","0"
"4285097","2","2","1"
"4285191","0","52","0"
"4286325","0","56","0"
"4286568","15","70","18"
"4286859","1","24","0"
"4290082","0","46","0"
"4290781","0","7","0"
"4290962","2","26","0"
"4292033","5","84","0"
"4292465","0","2","0"
"4293260","2","0","0"
"4293487","0","6","0"
"4299833","0","9","0"
"4302216","5","44","0"
"4303373","32","39","0"
"4303618","0","3","0"
"4304123","3","16","0"
"4305277","0","8","0"
"4309436","1","1","0"
"4312720","5","14","0"
"4315578","0","5","0"
"4315597","7","35","0"
"4315601","0","26","0"
"4319264","15","10","0"
"4321213","3","11","0"
"4322960","1","16","0"
"4323838","7","5","0"
"4323911","7","12","0"
"4326767","12","44","1"
"4328192","0","0","0"
"4331353","1","0","0"
"4332391","0","3","0"
"4334110","4","4","0"
"4335210","3","44","0"
"4335480","15","42","0"
"4335600","1","11","0"
"4336168","1","1","0"
"4339010","3","11","0"
"4339099","32","34","0"
"4340411","2","0","0"
"4340584","2","3","1"
"4340854","7","10","0"
"4341322","5","10","1"
"4341826","2","3","0"
"4341921","1","14","0"
"4342901","2","49","7"
"4343317","1","3","0"
"4344420","29","30","43"
"4344886","0","1","0"
"4346886","3","20","0"
"4347889","1","2","0"
"4348400","32","41","3"
"4350165","0","0","0"
"4350189","3","40","0"
"4350517","0","2","0"
"4352317","0","7","0"
"4352820","0","4","0"
"4353594","15","27","0"
"4353862","3","17","0"
"4354097","15","4","0"
"4356515","2","37","0"
"4357444","33","30","0"
"4359687","0","12","0"
"4360433","0","10","0"
"4361906","2","61","0"
"4362710","4","10","0"
"4363776","22","14","5"
"4364157","0","55","0"
"4365143","0","35","0"
"4367158","0","25","0"
"4367909","1","13","0"
"4371767","4","47","0"
"4373876","6","1","0"
"4374362","4","6","0"
"4374590","5","23","0"
"4375992","3","62","0"
"4377672","3","5","0"
"4379569","0","37","0"
"4380278","13","13","0"
"4380384","11","29","0"
"4380917","0","2","0"
"4381041","4","8","3"
"4381453","3","15","0"
"4383105","0","0","1"
"4386191","22","33","6"
"4388228","2","26","0"
"4388495","13","44","0"
"4391401","2","1","0"
"4393594","2","6","0"
"4393666","0","51","1"
"4396730","11","14","4"
"4397508","0","3","0"
"4397577","0","3","0"
"4398276","12","56","9"
"4399071","9","16","1"
"4399085","2","15","0"
"4400677","42","39","0"
"4400936","1","5","0"
"4402233","0","8","0"
"4402501","0","1","0"
"4403376","3","35","1"
"4404544","2","10","62"
"4404709","1","8","0"
"4407519","0","11","0"
"4408877","0","10","0"
"4409950","24","2","0"
"4410323","1","17","0"
"4410590","9","11","0"
"4411893","0","23","0"
"4412885","29","44","0"
"4413799","0","3","0"
"4414246","7","22","0"
"4414854","3","5","0"
"4414952","3","21","0"
"4417586","13","22","1"
"4417769","23","8","1"
"4420094","0","1","0"
"4421592","6","8","0"
"4423341","43","29","4"
"4423409","0","0","0"
"4423681","0","0","0"
"4425620","11","9","0"
"4427375","33","29","1"
"4430438","1","11","1"
"4432463","3","9","0"
"4433969","0","21","0"
"4434140","7","10","0"
"4434274","1","7","0"
"4434405","2","24","1"
"4435972","1","126","0"
"4437417","1","16","0"
"4439594","0","50","0"
"4439896","2","28","0"
"4440629","9","25","0"
"4441211","21","26","0"
"4443440","5","25","0"
"4444484","0","2","0"
"4444520","0","24","0"
"4444577","6","80","0"
"4444742","22","15","0"
"4444757","45","35","0"
"4446318","4","2","0"
"4446662","13","8","0"
"4448220","0","24","0"
"4450498","36","4","24"
"4450951","13","35","0"
"4453627","2","32","0"
"4455546","13","9","1"
"4456934","0","5","0"
"4457124","0","7","0"
"4457330","0","2","0"
"4458917","0","25","0"
"4460349","4","6","1"
"4461576","1","4","0"
"4465454","7","10","0"
"4467687","0","6","0"
"4469738","5","16","0"
"4470510","3","10","0"
"4470987","49","40","10"
"4471672","6","38","0"
"4472398","1","1","1"
"4475288","83","15","0"
"4475468","0","54","0"
"4477481","2","5","0"
"4479861","5","15","0"
"4479867","8","20","12"
"4480248","0","17","0"
"4480538","0","8","0"
"4484474","12","13","0"
"4485260","1","3","0"
"4486614","11","8","0"
"4487569","2","5","0"
"4488455","13","12","0"
"4489581","0","45","0"
"4490331","3","5","0"
"4490923","1","197","0"
"4493592","0","10","0"
"4494813","2","43","0"
"4495899","0","5","0"
"4496102","1","4","2"
"4496512","0","6","0"
"4496839","1","10","0"
"4497540","0","8","0"
"4497704","1","197","0"
"4499969","0","1","1"
"4500939","1","15","0"
"4501494","0","1","0"
"4502212","13","12","0"
"4504727","3","1","0"
"4504950","2","2","0"
"4505902","6","6","2"
"4505998","12","23","0"
"4506812","3","36","0"
"4507034","1","1","0"
"4508767","3","18","0"
"4510863","36","36","0"
"4510954","2","18","0"
"4513726","4","11","0"
"4515114","3","37","0"
"4517964","5","29","0"
"4518482","7","20","0"
"4518630","1","53","0"
"4518996","0","4","0"
"4520019","0","5","0"
"4520274","0","14","0"
"4521646","8","6","0"
"4522186","1","6","0"
"4522329","10","20","0"
"4523059","2","7","0"
"4523789","0","20","0"
"4525784","0","6","0"
"4525932","53","160","2"
"4526019","10","20","1"
"4527675","2","9","0"
"4528799","18","39","1"
"4529589","9","99","0"
"4534467","12","19","0"
"4534543","0","6","0"
"4535097","5","2","0"
"4535300","10","10","3"
"4536327","0","11","0"
"4537103","0","1","0"
"4537160","12","19","0"
"4537511","0","3","0"
"4538640","6","6","1"
"4538770","9","20","0"
"4540509","0","3","0"
"4540883","4","6","0"
"4541480","1","16","0"
"4541566","13","63","0"
"4542084","7","12","0"
"4542614","40","34","1"
"4542928","2","11","0"
"4543168","0","5","0"
"4543490","0","17","0"
"4546132","14","8","0"
"4547189","4","15","0"
"4547943","14","14","0"
"4548069","8","23","3"
"4548231","3","2","2"
"4549054","7","15","0"
"4550871","18","27","0"
"4551250","0","2","0"
"4553414","3","12","0"
"4554623","0","39","0"
"4555763","3","38","0"
"4555824","1","0","0"
"4556029","1","18","0"
"4556117","0","1","0"
"4557781","4","14","0"
"4560988","7","5","0"
"4561071","18","25","0"
"4564002","3","12","0"
"4564449","0","1","1"
"4566190","0","6","0"
"4568747","0","11","0"
"4569116","0","8","1"
"4569284","9","13","0"
"4570170","3","9","0"
"4570896","0","9","0"
"4571266","1","6","0"
"4571790","0","10","0"
"4574524","0","5","0"
"4574928","0","11","0"
"4575215","0","1","0"
"4575505","1","10","0"
"4575685","2","4","0"
"4575790","3","17","0"
"4576769","10","23","1"
"4577504","3","24","0"
"4578345","0","15","0"
"4581785","0","21","0"
"4582374","4","11","0"
"4585653","0","3","0"
"4586008","7","67","0"
"4586921","0","31","0"
"4587277","0","17","0"
"4587775","3","1","0"
"4588167","16","17","3"
"4589917","19","40","0"
"4592359","0","5","0"
"4592937","0","37","0"
"4594941","2","9","0"
"4596313","30","20","29"
"4601288","1","5","0"
"4603318","2","36","0"
"4608037","12","27","0"
"4608154","8","15","0"
"4609353","8","32","1"
"4611214","0","18","0"
"4611565","17","14","0"
"4613449","0","9","1"
"4613465","18","40","1"
"4613879","1","13","0"
"4614840","0","6","0"
"4617404","4","17","0"
"4617929","0","8","0"
"4618758","0","11","0"
"4621280","0","12","0"
"4621739","5","24","0"
"4623164","0","8","0"
"4623372","8","5","29"
"4623392","7","2","0"
"4624719","1","38","0"
"4626588","7","20","1"
"4628125","3","10","0"
"4629025","38","95","15"
"4629125","4","20","0"
"4630229","0","20","0"
"4630465","1","4","0"
"4630843","0","4","0"
"4632878","1","7","0"
"4634373","0","50","0"
"4636579","1","11","0"
"4638604","1","21","0"
"4640131","0","2","0"
"4645447","17","25","0"
"4646117","0","4","0"
"4646232","0","9","0"
"4647781","0","2","0"
"4648586","514","737","15"
"4648969","5","106","0"
"4649743","18","31","0"
"4650310","7","4","0"
"4650634","0","9","0"
"4650778","0","36","0"
"4652564","3","16","0"
"4653234","10","27","0"
"4653243","5","5","0"
"4653482","0","4","0"
"4654246","4","7","0"
"4655177","52","46","21"
"4656099","1","22","0"
"4656551","0","1","0"
"4663054","7","6","0"
"4664256","14","27","0"
"4665242","8","5","0"
"4665652","3","3","0"
"4667669","5","100","1"
"4668751","1","2","0"
"4670107","0","2","0"
"4672617","0","38","0"
"4673851","0","113","0"
"4675668","7","18","1"
"4676291","0","10","0"
"4677917","4","13","0"
"4680334","0","2","0"
"4681316","2","16","0"
"4681563","0","4","0"
"4682228","15","54","2"
"4682551","62","61","0"
"4688190","32","45","0"
"4688612","0","16","0"
"4690237","0","11","0"
"4690672","3","12","0"
"4690964","3","1","0"
"4691920","7","12","1"
"4692158","1","9","0"
"4692662","10","14","2"
"4693275","0","4","0"
"4697019","2","2","0"
"4697655","0","8","0"
"4698373","56","20","7"
"4698546","22","15","11"
"4701158","11","26","0"
"4701287","8","6","1"
"4702870","0","38","0"
"4706045","1","3","0"
"4707064","0","4","0"
"4707196","1","1","0"
"4707746","0","1","0"
"4708399","0","81","0"
"4710264","0","0","0"
"4710386","0","14","0"
"4711017","6","65","0"
"4711607","0","7","0"
"4712865","1","6","0"
"4713169","0","57","0"
"4714948","5","6","0"
"4715404","0","4","0"
"4716685","1","13","0"
"4716922","2","9","0"
"4717424","0","33","1"
"4718221","0","22","0"
"4720950","2","14","0"
"4720957","13","102","0"
"4721463","0","15","0"
"4724047","8","7","2"
"4724060","3","17","0"
"4724458","0","3","0"
"4725753","2","3","0"
"4725780","7","45","0"
"4730040","4","5","0"
"4734139","0","13","0"
"4735340","0","8","0"
"4735781","0","7","0"
"4739015","0","8","0"
"4739420","0","2","0"
"4739800","2","8","0"
"4740661","1","12","0"
"4742336","12","16","0"
"4742773","2","2","0"
"4743430","16","24","0"
"4744568","963","833","2"
"4744864","29","81","1"
"4745154","0","9","0"
"4745348","1","7","0"
"4745982","6","13","2"
"4747923","5","10","0"
"4749712","4","4","1"
"4752738","12","45","0"
"4753391","19","52","0"
"4754308","1","9","0"
"4755595","4","15","0"
"4755700","0","2","0"
"4756238","12","13","0"
"4756341","6","171","0"
"4757936","0","5","0"
"4758651","4","6","0"
"4762075","0","3","0"
"4762482","11","19","0"
"4762842","0","12","0"
"4764001","2","5","1"
"4770035","0","5","0"
"4770761","2","20","0"
"4772772","14","38","5"
"4772836","46","25","0"
"4773700","5","26","0"
"4775490","4","5","0"
"4777147","9","18","0"
"4777444","2","3","0"
"4778712","0","11","0"
"4778990","0","10","0"
"4779501","4","1","0"
"4779531","0","30","0"
"4779560","0","14","0"
"4779586","1","24","0"
"4779636","0","18","0"
"4779853","134","209","0"
"4780334","2","5","3"
"4781064","3","111","0"
"4781673","0","1","0"
"4782509","3","17","1"
"4785658","0","67","0"
"4786776","3","14","0"
"4788840","1","5","0"
"4788928","2","8","0"
"4790186","7","1","0"
"4790754","0","20","0"
"4791684","0","6","0"
"4792221","0","6","0"
"4792565","4","14","0"
"4795386","0","41","0"
"4797062","0","149","0"
"4799667","9","10","0"
"4800907","2","16","0"
"4803860","7","11","0"
"4803880","7","27","0"
"4806470","0","6","0"
"4806851","0","8","0"
"4809932","0","10","0"
"4817649","0","35","0"
"4817938","0","3","0"
"4818123","86","62","0"
"4823222","3","17","2"
"4825796","1","5","0"
"4827817","32","102","0"
"4829187","0","9","0"
"4831778","0","0","0"
"4836581","7","7","0"
"4839724","3","62","0"
"4840576","0","36","0"
"4841522","0","4","0"
"4844903","2","5","0"
"4845730","100","16","8"
"4847158","4","7","0"
"4847311","27","56","0"
"4849143","1","30","0"
"4849739","5","16","0"
"4850750","1","10","0"
"4852640","4","11","0"
"4855159","6","9","6"
"4855680","0","21","0"
"4857150","0","141","0"
"4860179","11","12","0"
"4860303","3","10","0"
"4861321","0","4","0"
"4862883","3","6","0"
"4863347","20","42","0"
"4866974","0","2","0"
"4867299","0","59","0"
"4870357","6","0","3"
"4871749","0","16","0"
"4872140","32","81","0"
"4873616","0","117","0"
"4876639","0","2","0"
"4876794","7","81","0"
"4877385","0","15","0"
"4878161","0","4","0"
"4879856","3","22","0"
"4880243","32","27","5"
"4880457","32","9","66"
"4883320","10","5","3"
"4883879","0","10","0"
"4884235","0","37","0"
"4884548","0","4","0"
"4884749","6","3","0"
"4885394","24","31","0"
"4885936","0","4","0"
"4886007","1","7","0"
"4886040","15","23","1"
"4887464","0","15","0"
"4887859","1","17","0"
"4888559","0","7","0"
"4888710","0","8","0"
"4888809","2","3","0"
"4892466","0","27","1"
"4893825","0","12","0"
"4895261","0","0","0"
"4895267","0","1","0"
"4895687","6","64","0"
"4896948","9","32","0"
"4897973","4","13","0"
"4899057","0","2","0"
"4899100","1","1","0"
"4899849","3","3","0"
"4903440","1","5","0"
"4905704","1","15","0"
"4905992","2","12","0"
"4906552","0","46","0"
"4908657","3","10","0"
"4911053","2","4","0"
"4913143","4","115","4"
"4915439","2","56","1"
"4916945","5","19","0"
"4917965","2","15","0"
"4919972","2","3","0"
"4920105","0","81","0"
"4923740","1","6","0"
"4923949","5","96","0"
"4924367","5","36","0"
"4924767","3","15","0"
"4926117","0","16","0"
"4928715","0","0","0"
"4930405","12","17","0"
"4931922","1","0","0"
"4932683","9","7","0"
"4932747","3","3","0"
"4934324","0","31","0"
"4934409","2","6","0"
"4935162","88","83","1"
"4937192","4","25","0"
"4938111","0","2","0"
"4938849","6","23","0"
"4940513","25","15","4"
"4941530","4","16","1"
"4941875","19","24","0"
"4943134","0","45","0"
"4944711","1","3","0"
"4945044","0","26","0"
"4945948","5","15","0"
"4947227","1","8","0"
"4948719","9","58","0"
"4948924","0","1","0"
"4949411","7","4","0"
"4949420","8","18","1"
"4950238","2","2","0"
"4950245","0","3","0"
"4950753","0","4","0"
"4952101","4","9","0"
"4952402","1","17","0"
"4953409","10","6","3"
"4953553","0","0","0"
"4955802","0","2","0"
"4955829","5","73","0"
"4955934","1","4","0"
"4957976","7","3","2"
"4958233","0","60","0"
"4958351","0","35","0"
"4958473","0","10","0"
"4959692","0","30","0"
"4959801","9","24","0"
"4960765","0","163","0"
"4961750","1","1","0"
"4962949","2","10","0"
"4963247","0","8","0"
"4963996","26","57","0"
"4965515","9","9","0"
"4965949","8","36","0"
"4966702","0","1","0"
"4967382","10","7","3"
"4967493","4","44","0"
"4967624","2","20","0"
"4968191","0","20","0"
"4969058","2","7","0"
"4969957","2","48","0"
"4969964","6","6","0"
"4970622","0","8","0"
"4971138","1","7","0"
"4971336","6","8","0"
"4971473","1","11","0"
"4971476","43","53","0"
"4977016","3","3","0"
"4977439","19","3","2"
"4977706","5","4","0"
"4978880","33","32","10"
"4980215","0","101","0"
"4983469","1","75","0"
"4984888","4","9","0"
"4987105","17","30","2"
"4991346","0","6","0"
"4992846","0","24","0"
"4994352","0","12","0"
"4995087","1","7","0"
"4995441","0","12","0"
"4996792","4","7","0"
"4997051","0","39","0"
"4997344","0","28","0"
"4997668","0","19","0"
"5002062","0","6","0"
"5002324","3","59","0"
"5003570","30","26","0"
"5004995","0","14","0"
"5005756","0","13","0"
"5009424","2","28","0"
"5009514","0","7","0"
"5011027","20","19","6"
"5011716","3","14","0"
"5012127","15","81","0"
"5013636","0","82","0"
"5013769","0","1","0"
"5014599","27","48","0"
"5016634","0","5","0"
"5019371","0","3","0"
"5020462","5","38","0"
"5021827","7","3","1"
"5022536","1","8","0"
"5022565","7","2","0"
"5022913","8","13","0"
"5023129","14","9","1"
"5023667","2","20","2"
"5024063","14","10","2"
"5024426","1","3","0"
"5025035","70","103","2"
"5027315","3","15","0"
"5028085","23","19","3"
"5028293","12","11","0"
"5028469","2","7","0"
"5030083","0","12","0"
"5030261","1","11","1"
"5032258","3","17","1"
"5032541","4","8","0"
"5032550","0","0","0"
"5032575","0","0","0"
"5033447","6","11","0"
"5033499","13","27","4"
"5033601","23","70","0"
"5034139","11","43","1"
"5036698","3","10","0"
"5037133","15","33","2"
"5037198","1","47","0"
"5037965","7","8","1"
"5038063","1","5","0"
"5038317","4","13","2"
"5039356","1","39","0"
"5040502","0","4","0"
"5040684","31","85","1"
"5041759","0","14","0"
"5041973","0","28","0"
"5044463","1","15","0"
"5044644","2","5","0"
"5045126","7","19","0"
"5046696","3","19","0"
"5046887","0","11","0"
"5047311","0","6","0"
"5049244","2","22","0"
"5050750","3","33","0"
"5051165","19","76","2"
"5052024","2","7","22"
"5053475","10","20","0"
"5054175","1","10","1"
"5056494","1","16","0"
"5057920","3","2","0"
"5058026","7","31","0"
"5058051","5","3","3"
"5058682","3","127","0"
"5059085","20","108","1"
"5059145","0","11","0"
"5060513","2","18","0"
"5061821","1","13","0"
"5063086","53","82","6"
"5064324","12","22","15"
"5064575","7","9","0"
"5064866","0","11","0"
"5065400","1","26","0"
"5065795","0","0","0"
"5067703","1","29","0"
"5067818","2","6","0"
"5068349","3","6","0"
"5068948","1","5","0"
"5069530","47","103","11"
"5070241","0","3","0"
"5070253","0","14","0"
"5074060","10","9","2"
"5076569","2","0","0"
"5079258","1","27","0"
"5080758","2","13","0"
"5081188","0","1","0"
"5084232","7","10","1"
"5088764","1","18","0"
"5090110","0","9","0"
"5090196","0","2","0"
"5092134","0","10","0"
"5092746","0","2","0"
"5093308","0","26","0"
"5093581","1","17","0"
"5093594","3","15","1"
"5093625","0","6","0"
"5094261","1","11","0"
"5096440","10","7","0"
"5097493","0","7","0"
"5098570","1","5","1"
"5099971","1","4","0"
"5103317","655","334","3"
"5103610","1","33","0"
"5105118","3","3","0"
"5107719","0","24","0"
"5112690","2","6","0"
"5114384","0","8","0"
"5114441","0","4","0"
"5114495","4","12","0"
"5116008","0","0","0"
"5116356","17","13","0"
"5118431","3","19","0"
"5118843","0","54","0"
"5120719","6","2","0"
"5122436","21","86","1"
"5122498","0","10","0"
"5122929","3","5","0"
"5123074","0","29","0"
"5123629","4","9","0"
"5125264","3","38","0"
"5125846","2","4","0"
"5128343","1","58","0"
"5128398","32","50","0"
"5128430","0","2","0"
"5128728","4","16","0"
"5129122","2","11","0"
"5129542","0","6","1"
"5132755","1","8","0"
"5133769","0","100","0"
"5134210","7","3","1"
"5134485","0","8","0"
"5136200","0","15","0"
"5136354","3","14","1"
"5139020","3","12","0"
"5139130","0","14","0"
"5140049","6","7","0"
"5140209","3","8","0"
"5140917","0","5","0"
"5144007","0","1","0"
"5147164","5","8","0"
"5149545","1","3","0"
"5150942","1","13","0"
"5151198","0","1","0"
"5151703","0","4","0"
"5152479","0","0","0"
"5153063","10","53","0"
"5153932","0","4","1"
"5155484","13","8","12"
"5156187","10","26","0"
"5156752","0","2","0"
"5157192","0","4","0"
"5159093","0","0","0"
"5160481","3","15","0"
"5160920","23","43","0"
"5165980","2","49","1"
"5166365","22","99","0"
"5168242","1","7","0"
"5171412","10","33","3"
"5172807","3","3","1"
"5173924","0","10","0"
"5173936","2","22","0"
"5175581","1","47","0"
"5176150","2","10","0"
"5177596","1","33","0"
"5183434","7","33","0"
"5183735","1","14","0"
"5190625","0","10","0"
"5192933","0","4","0"
"5193262","0","5","0"
"5194116","0","72","0"
"5194374","18","16","0"
"5194459","0","10","0"
"5195209","14","6","0"
"5197037","0","5","0"
"5197244","1","38","0"
"5197656","0","30","0"
"5199255","7","18","0"
"5200064","38","26","1"
"5200126","3","12","1"
"5202456","20","23","17"
"5204625","0","53","0"
"5206417","2","16","0"
"5208205","22","5","0"
"5209697","2","7","0"
"5210225","34","17","0"
"5210482","5","35","0"
"5212742","25","18","2"
"5213779","0","18","0"
"5213857","13","30","3"
"5214452","0","17","0"
"5215049","0","8","0"
"5216509","0","2","0"
"5217293","25","11","3"
"5217790","1","11","0"
"5220895","0","4","0"
"5221435","6","6","0"
"5221538","0","2","0"
"5224894","0","16","0"
"5225541","0","5","0"
"5226279","8","6","0"
"5226792","58","34","0"
"5227259","1","12","0"
"5228288","4","27","0"
"5228912","2","47","2"
"5230568","6","25","0"
"5230585","1","19","0"
"5230705","11","18","0"
"5231186","8","10","0"
"5233024","0","32","0"
"5234417","1","0","0"
"5235528","1","19","0"
"5235665","59","74","0"
"5236387","1","2","0"
"5236965","0","15","0"
"5239616","1","3","1"
"5243983","5","16","0"
"5244513","3","3","0"
"5247502","7","8","0"
"5247706","1","2","0"
"5248229","2","4","0"
"5250869","2","10","0"
"5252849","1","15","0"
"5255911","41","9","0"
"5256048","2","67","0"
"5256612","0","114","0"
"5256868","0","47","0"
"5257498","0","36","0"
"5257674","1","9","0"
"5258303","15","6","0"
"5258809","1","2","0"
"5260265","33","245","0"
"5260397","8","20","0"
"5265950","0","0","0"
"5267494","1","1","0"
"5267712","0","15","0"
"5268529","0","8","0"
"5272126","14","7","0"
"5274713","0","2","0"
"5276946","19","91","6"
"5277707","0","6","0"
"5278555","1","3","0"
"5279026","1","1","0"
"5279059","3","3","0"
"5279274","20","31","2"
"5280512","34","42","0"
"5282081","0","0","0"
"5282407","0","3","0"
"5283663","2","16","0"
"5284011","41","87","4"
"5284448","1","2","0"
"5289334","20","116","2"
"5289570","5","38","0"
"5292901","6","14","0"
"5293641","0","30","0"
"5296179","3","50","1"
"5296627","1","8","0"
"5296683","0","44","0"
"5297950","0","1","0"
"5299082","76","50","2"
"5300921","9","11","0"
"5301606","9","61","0"
"5302349","0","8","0"
"5303116","0","30","0"
"5303797","0","0","0"
"5304075","12","46","0"
"5304124","0","24","0"
"5307235","35","137","0"
"5307634","1","8","0"
"5312103","17","19","0"
"5313075","2","11","0"
"5313817","7","77","0"
"5314275","0","2","0"
"5314546","1","2","0"
"5315591","6","52","1"
"5316201","5","10","0"
"5316981","0","23","0"
"5318436","2","14","1"
"5319590","0","1","0"
"5320591","19","19","4"
"5320601","7","16","2"
"5321660","2","5","1"
"5321862","27","69","3"
"5322871","13","14","0"
"5323344","7","14","0"
"5326767","2","1","0"
"5327495","6","20","4"
"5328721","2","2","0"
"5329483","7","16","0"
"5329943","0","17","0"
"5330103","20","20","1"
"5330909","6","4","2"
"5332110","12","7","0"
"5333324","0","8","0"
"5334903","4","37","0"
"5336001","3","16","0"
"5337612","0","14","0"
"5338289","0","3","0"
"5339916","0","1","0"
"5341247","4","6","1"
"5342009","19","52","0"
"5344327","0","19","0"
"5346203","0","0","0"
"5349869","0","2","0"
"5352227","6","11","4"
"5354315","0","18","0"
"5355118","0","2","0"
"5356216","6","7","0"
"5357500","2","2","0"
"5358968","3","64","0"
"5359846","22","91","7"
"5360237","27","33","0"
"5360439","6","17","1"
"5362251","0","0","0"
"5362884","0","0","0"
"5363308","3","3","2"
"5364786","0","23","0"
"5366075","1","68","0"
"5367939","0","15","0"
"5368122","12","35","0"
"5368856","2","6","0"
"5369727","1","25","0"
"5369759","9","29","0"
"5369852","0","193","0"
"5370163","5","2","0"
"5370609","0","4","0"
"5371749","3","51","0"
"5372079","2","2","0"
"5373105","0","2","0"
"5374924","0","10","0"
"5374995","1","8","0"
"5379091","0","0","0"
"5380294","0","14","0"
"5380651","3","23","0"
"5380656","10","10","1"
"5381657","8","37","0"
"5385135","1","5","0"
"5387738","4","25","0"
"5387991","2","3","0"
"5390547","5","8","0"
"5391965","4","38","0"
"5393858","0","28","0"
"5394364","1","10","0"
"5394866","5","9","1"
"5397051","8","16","0"
"5397117","9","9","0"
"5399323","1","114","0"
"5400562","0","9","0"
"5401310","0","4","0"
"5401477","0","1","0"
"5401889","2","11","0"
"5402169","0","7","0"
"5403466","22","43","0"
"5405415","0","103","0"
"5405669","8","22","0"
"5409815","0","16","0"
"5410188","7","3","0"
"5411341","0","3","0"
"5413773","10","7","0"
"5413981","0","20","0"
"5415102","4","8","0"
"5415835","0","6","0"
"5417679","0","2","0"
"5418359","2","35","15"
"5418366","0","1","0"
"5418940","35","14","1"
"5421854","4","25","1"
"5422365","6","3","0"
"5423185","1","1","0"
"5424535","4","60","0"
"5426539","9","4","0"
"5426560","14","20","0"
"5427436","2","0","0"
"5428936","0","4","0"
"5431236","0","3","0"
"5432783","3","5","0"
"5433825","21","16","0"
"5436378","0","17","0"
"5439793","0","3","0"
"5441932","2","4","0"
"5441972","22","39","2"
"5442468","0","3","0"
"5446933","0","2","0"
"5447822","4","4","0"
"5448613","0","37","0"
"5448891","2","12","0"
"5450577","3","106","0"
"5452687","3","12","74"
"5453613","1","8","0"
"5456789","13","25","1"
"5457426","2","23","0"
"5458019","0","5","0"
"5458741","62","31","0"
"5462743","14","25","0"
"5465790","0","3","0"
"5466477","12","27","0"
"5467710","3","127","0"
"5468999","0","11","0"
"5470026","2","19","0"
"5472004","11","40","0"
"5472037","0","9","0"
"5472708","3","3","0"
"5474261","0","3","0"
"5476186","3","10","0"
"5478174","2","9","2"
"5478462","1","3","0"
"5479542","0","4","0"
"5479921","9","41","4"
"5480274","1","5","0"
"5480949","4","4","0"
"5481069","35","33","0"
"5481641","5","22","0"
"5482358","0","0","0"
"5485454","0","80","2"
"5489257","3","29","0"
"5490632","0","4","0"
"5491184","0","33","0"
"5492899","0","17","0"
"5492980","1","18","0"
"5493813","2","68","0"
"5495197","0","7","0"
"5496437","8","16","4"
"5500213","2","6","0"
"5500603","1","7","0"
"5503956","4","4","1"
"5504925","5","19","1"
"5505680","3","3","0"
"5507535","8","7","0"
"5509709","4","122","0"
"5509892","7","2","0"
"5511061","4","5","1"
"5516527","0","8","0"
"5519174","0","12","0"
"5519632","1","6","0"
"5520810","3","5","0"
"5523775","0","9","0"
"5524637","0","50","0"
"5524641","0","4","0"
"5525384","11","9","0"
"5525901","7","10","1"
"5526335","0","5","0"
"5526349","21","28","0"
"5527213","47","9","0"
"5527646","21","39","0"
"5528262","0","0","0"
"5530952","0","3","0"
"5531771","19","26","0"
"5532134","0","8","0"
"5532633","1","8","0"
"5532667","0","2","0"
"5533907","1","54","0"
"5536974","6","56","0"
"5538913","6","10","1"
"5538923","3","5","0"
"5539577","6","35","0"
"5539707","1","12","0"
"5539782","7","127","0"
"5540231","4","8","0"
"5540407","2","7","3"
"5543325","0","5","0"
"5544416","0","11","0"
"5545510","0","11","0"
"5548699","4","23","0"
"5548904","0","21","0"
"5549140","0","14","0"
"5550301","56","4","0"
"5556320","20","40","0"
"5558052","4","9","0"
"5558122","23","9","10"
"5558953","2","19","0"
"5563263","24","22","0"
"5565406","0","28","0"
"5566195","0","2","0"
"5569008","15","3","0"
"5569286","3","5","0"
"5569485","6","31","0"
"5570189","1","6","0"
"5571581","1","1","0"
"5571827","10","10","0"
"5572384","24","8","4"
"5573170","2","10","0"
"5577188","71","0","18"
"5577723","0","16","0"
"5580841","2","4","0"
"5581561","3","15","0"
"5583881","1","8","0"
"5584191","1","12","0"
"5585819","11","16","0"
"5585996","0","13","0"
"5587080","0","41","0"
"5587736","5","33","0"
"5589683","0","15","0"
"5592556","1","11","0"
"5592791","0","4","0"
"5592811","13","28","3"
"5594167","1","30","1"
"5595995","179","54","18"
"5597037","2","23","0"
"5597085","9","5","1"
"5597304","3","6","0"
"5598331","0","2","0"
"5598423","3","31","0"
"5599067","31","15","0"
"5599770","0","7","0"
"5600152","0","1","0"
"5600153","68","24","8"
"5600652","0","40","0"
"5601030","1","6","0"
"5601825","8","6","0"
"5602878","0","13","0"
"5603708","1","3","0"
"5607537","26","35","0"
"5607920","5","25","0"
"5609328","5","33","6"
"5610358","6","21","0"
"5611722","0","22","0"
"5611967","29","10","0"
"5613027","11","37","0"
"5613367","8","16","0"
"5615371","6","17","1"
"5615778","0","16","1"
"5617124","1","5","0"
"5617485","0","91","0"
"5617608","13","101","0"
"5618266","0","7","0"
"5618434","0","18","0"
"5619109","2","30","0"
"5621032","7","35","1"
"5621055","0","22","0"
"5622309","13","16","0"
"5622901","0","11","0"
"5622918","0","1","0"
"5623780","30","31","0"
"5626341","10","30","0"
"5627286","37","38","0"
"5627467","1","4","0"
"5629432","7","41","4"
"5629527","1","12","0"
"5629588","12","19","2"
"5630361","0","8","1"
"5630886","0","1","0"
"5631673","0","15","0"
"5632371","3","6","0"
"5633198","3","11","0"
"5634603","0","0","0"
"5635175","11","131","0"
"5635338","0","22","0"
"5637137","0","4","0"
"5639081","0","7","4"
"5639143","0","85","0"
"5641924","7","42","0"
"5642031","2","2","1"
"5644090","0","4","0"
"5644892","0","9","0"
"5645292","5","12","0"
"5645322","0","12","0"
"5645869","10","2","0"
"5647004","1","12","0"
"5647935","17","13","0"
"5648064","10","24","0"
"5648143","5","3","0"
"5651481","0","19","0"
"5654708","0","12","0"
"5654798","2","8","0"
"5655434","0","30","0"
"5656617","13","55","1"
"5658233","0","4","0"
"5659278","0","9","0"
"5660315","0","9","0"
"5662244","2","1","0"
"5663340","4","7","0"
"5666216","1","0","0"
"5668443","3","22","0"
"5668687","0","3","0"
"5669300","0","6","0"
"5672871","6","13","1"
"5672961","4","6","0"
"5675676","24","10","1"
"5676613","0","8","0"
"5678408","1","4","0"
"5679047","39","107","0"
"5679455","0","5","2"
"5679516","5","4","0"
"5680754","1","9","0"
"5682512","0","26","0"
"5682962","2","3","0"
"5683800","1","8","0"
"5685482","12","29","0"
"5687262","2","7","0"
"5689349","1","3","0"
"5689995","6","21","0"
"5691983","5","10","0"
"5693642","0","3","1"
"5696328","0","13","0"
"5701425","0","0","0"
"5702056","3","13","0"
"5702811","1","25","0"
"5702858","0","4","0"
"5705554","7","19","0"
"5705820","0","0","0"
"5705891","0","19","0"
"5711986","3","23","1"
"5712125","4","5","0"
"5712330","10","8","0"
"5712576","0","13","0"
"5712710","1","25","0"
"5714068","1","19","0"
"5714136","0","1","0"
"5714292","0","55","0"
"5714791","0","4","0"
"5715397","0","1","0"
"5715512","2","2","0"
"5716745","5","58","2"
"5717792","0","36","0"
"5718106","0","70","0"
"5718264","3","12","0"
"5718551","1","28","6"
"5719294","5","12","0"
"5719810","4","8","0"
"5720118","1","4","1"
"5721125","4","15","0"
"5721636","8","26","1"
"5723095","2","94","0"
"5723554","2","17","0"
"5726768","0","41","0"
"5726956","26","62","5"
"5727476","2","11","0"
"5727960","7","4","0"
"5728565","8","8","0"
"5730738","1","1","0"
"5734400","0","1","0"
"5735035","2","17","0"
"5736491","8","15","0"
"5737758","1","3","0"
"5739452","33","24","0"
"5741227","9","16","0"
"5742662","0","20","0"
"5744718","1","16","0"
"5746969","1","17","0"
"5747150","24","26","0"
"5748670","1","3","0"
"5749192","1","5","0"
"5750098","0","73","0"
"5750279","0","4","0"
"5751264","23","28","8"
"5751588","11","2","0"
"5752473","1","5","0"
"5754798","1","59","0"
"5755604","0","69","1"
"5759716","0","6","0"
"5761080","20","13","0"
"5761648","0","7","0"
"5762691","8","11","0"
"5763787","0","34","0"
"5766170","6","2","0"
"5766610","0","33","0"
"5766630","1","38","0"
"5769672","11","17","0"
"5770084","9","70","0"
"5770116","15","23","0"
"5770147","0","9","0"
"5771107","1","6","0"
"5774727","5","34","0"
"5775158","7","8","0"
"5775556","1","0","1"
"5777189","33","62","0"
"5778002","0","24","0"
"5779200","0","12","3"
"5780853","0","13","0"
"5781773","19","20","0"
"5782416","0","12","0"
"5782985","2","6","0"
"5783608","0","14","0"
"5783617","5","13","0"
"5785085","0","16","0"
"5785250","29","55","0"
"5786039","12","23","6"
"5786478","7","18","0"
"5788142","0","3","0"
"5789321","0","1","0"
"5790663","0","11","0"
"5792527","18","19","0"
"5793276","0","10","0"
"5794104","0","8","0"
"5794313","23","45","0"
"5796086","15","19","2"
"5796526","12","15","0"
"5797253","5","38","0"
"5797755","0","1","0"
"5798049","3","10","0"
"5798347","3","3","0"
"5799374","3","41","0"
"5802715","88","193","1"
"5803811","0","2","0"
"5803910","71","37","0"
"5805827","1","15","0"
"5806975","1","5","3"
"5810125","2","8","0"
"5811242","0","29","0"
"5813473","13","9","0"
"5813879","0","15","1"
"5817056","2","20","0"
"5817377","3","49","0"
"5817650","6","60","0"
"5818106","1","5","0"
"5818220","0","32","0"
"5818860","1","3","0"
"5818981","0","19","0"
"5819227","0","5","0"
"5822120","8","14","0"
"5822450","22","37","0"
"5822776","0","14","0"
"5825268","1","18","0"
"5827342","0","13","0"
"5827477","4","13","0"
"5828464","8","11","0"
"5829577","1","8","0"
"5830214","1","8","0"
"5831425","0","32","2"
"5833797","1","10","0"
"5833865","5","323","0"
"5835014","0","2","0"
"5839462","3","11","0"
"5841422","0","0","0"
"5841551","17","82","0"
"5844241","1","5","0"
"5844918","0","14","0"
"5845739","4","9","0"
"5846066","0","33","5"
"5847354","0","28","0"
"5847713","0","20","0"
"5848375","3","48","0"
"5848588","11","6","0"
"5848847","0","4","0"
"5850183","5","9","37"
"5851213","4","14","0"
"5852046","1","0","0"
"5852947","7","12","0"
"5853292","0","141","0"
"5854731","1","24","0"
"5855129","4","11","0"
"5857272","1","5","0"
"5857569","0","13","0"
"5858006","4","7","0"
"5861427","5","3","0"
"5863519","0","0","0"
"5864034","32","11","0"
"5866166","5","11","0"
"5868158","2","17","0"
"5869215","1","3","0"
"5869805","14","37","1"
"5871187","0","12","0"
"5871709","18","48","0"
"5872574","0","8","0"
"5873570","1","12","0"
"5875980","3","4","0"
"5878215","10","41","0"
"5878876","30","32","1"
"5878961","10","21","0"
"5880615","2","3","0"
"5889610","0","3","0"
"5889842","4","12","0"
"5892163","5","18","0"
"5892518","49","155","44"
"5892635","1","11","0"
"5894918","5","7","1"
"5896405","1","11","0"
"5899171","8","9","1"
"5899238","0","5","0"
"5901697","0","1","0"
"5902429","2","1","0"
"5909089","0","2","0"
"5909910","27","11","0"
"5910169","71","11","0"
"5911206","17","38","1"
"5914436","4","20","0"
"5915318","4","61","0"
"5920411","8","41","5"
"5920517","11","25","0"
"5920567","0","9","0"
"5920608","27","32","0"
"5921285","0","20","0"
"5921933","4","6","0"
"5922263","9","24","0"
"5922842","0","0","0"
"5922854","0","30","0"
"5923576","3","15","0"
"5923873","1","8","0"
"5924848","0","23","0"
"5925094","9","13","1"
"5925125","4","4","1"
"5927585","1","6","0"
"5932454","223","136","2"
"5933317","0","3","0"
"5934060","0","3","0"
"5934587","3","5","0"
"5936187","4","7","0"
"5937168","15","36","0"
"5937978","15","28","0"
"5940776","1","18","0"
"5943689","0","8","0"
"5945222","2","1","0"
"5945444","2","7","0"
"5946094","0","4","0"
"5948396","0","9","0"
"5951228","2","18","0"
"5951911","3","7","1"
"5952539","6","13","0"
"5954452","13","25","3"
"5956589","9","40","0"
"5957020","1","2","0"
"5960663","0","38","0"
"5963060","10","27","1"
"5963210","2","1","0"
"5963316","0","17","0"
"5963759","0","9","1"
"5963888","3","14","0"
"5964111","4","13","0"
"5964489","0","7","0"
"5968663","49","31","13"
"5970050","10","11","0"
"5970728","27","17","0"
"5970908","0","3","0"
"5972355","1","20","0"
"5972778","6","1","3"
"5972966","7","22","0"
"5972993","6","7","0"
"5975678","0","22","1"
"5979052","0","7","0"
"5981912","3","2","0"
"5985593","1","5","0"
"5986036","0","21","0"
"5986141","27","84","2"
"5987430","2","1","0"
"5990117","1","9","0"
"5990202","1","6","0"
"5992559","2","5","0"
"5994546","4","2","0"
"5994924","2","2","0"
"5997804","1","13","0"
"5999679","5","14","0"
"6001558","3","5","0"
"6003035","10","6","0"
"6004338","8","3","0"
"6004371","2","10","0"
"6005876","2","7","0"
"6009101","1","7","0"
"6009402","1","1","0"
"6009836","20","50","0"
"6013145","0","14","0"
"6013582","4","9","0"
"6016071","6","55","1"
"6018757","4","5","1"
"6019358","16","12","11"
"6023918","1","97","0"
"6024431","1","5","0"
"6025068","0","6","0"
"6026297","0","5","12"
"6026338","39","89","1"
"6027923","1","1","0"
"6030926","29","30","2"
"6031844","0","5","0"
"6031948","7","39","0"
"6032155","4","29","0"
"6032920","0","15","0"
"6033288","1","1","0"
"6034460","3","8","0"
"6034682","8","14","0"
"6038249","13","50","0"
"6039240","4","26","2"
"6039697","8","16","0"
"6046766","9","9","0"
"6048531","0","108","0"
"6048782","0","14","0"
"6049324","0","14","0"
"6053879","1","14","0"
"6054085","23","13","3"
"6056191","23","6","2"
"6060224","0","4","0"
"6060841","13","9","23"
"6061376","0","3","0"
"6062292","0","44","0"
"6063532","2","10","0"
"6064135","4","23","1"
"6065789","0","76","0"
"6067894","1","4","0"
"6068297","7","14","0"
"6069097","0","17","0"
"6069586","10","11","1"
"6069907","3","6","1"
"6070546","8","2","0"
"6071721","4","4","2"
"6071965","6","10","0"
"6072970","1","6","0"
"6074177","10","14","1"
"6075059","3","9","0"
"6076863","0","12","0"
"6076979","1","21","0"
"6077973","5","5","0"
"6078268","1","120","0"
"6079057","2","2","0"
"6083145","0","7","0"
"6083277","0","4","0"
"6084421","0","8","0"
"6087087","9","25","0"
"6087422","27","27","1"
"6090480","1","8","0"
"6091847","0","1","0"
"6092856","38","67","0"
"6093936","2","16","0"
"6094107","0","9","0"
"6094325","4","19","0"
"6094911","6","84","0"
"6099243","0","13","0"
"6099426","3","3","0"
"6100177","9","9","0"
"6101187","6","36","0"
"6101713","4","10","0"
"6104083","23","6","0"
"6104191","2","30","2"
"6105692","0","4","0"
"6105926","3","15","1"
"6106166","2","22","3"
"6106487","1","34","0"
"6108371","6","31","0"
"6108459","5","8","0"
"6110160","1","48","0"
"6110804","24","44","0"
"6111165","0","6","0"
"6113539","0","48","0"
"6116008","2","8","0"
"6117921","10","9","0"
"6118609","9","24","0"
"6119245","1","31","2"
"6119813","0","8","0"
"6119995","10","54","0"
"6121060","0","15","0"
"6124497","3","10","0"
"6126100","0","1","0"
"6127865","2","22","0"
"6128863","0","1","0"
"6129580","1","2","0"
"6129842","0","6","0"
"6129848","4","1","0"
"6130501","3","9","0"
"6130770","0","1","0"
"6131698","0","13","0"
"6132190","3","18","4"
"6134498","0","18","0"
"6135684","1","74","0"
"6138547","20","18","0"
"6140954","0","41","0"
"6143332","0","7","0"
"6143971","3","9","2"
"6144186","0","9","0"
"6144727","3","2","0"
"6150184","0","6","0"
"6150336","0","3","0"
"6150881","4","20","2"
"6151564","5","3","0"
"6151828","12","8","17"
"6152074","2","4","0"
"6152669","38","25","1"
"6153495","0","15","0"
"6155559","4","6","2"
"6156224","4","30","0"
"6156353","6","28","0"
"6157616","2","34","4"
"6158471","0","11","0"
"6158852","1","6","0"
"6160479","0","18","0"
"6160525","0","10","0"
"6160632","3","9","0"
"6160923","2","7","0"
"6161093","1","14","0"
"6162027","3","54","0"
"6163011","0","60","0"
"6163402","7","41","1"
"6164776","1","42","1"
"6165594","15","26","2"
"6166703","13","7","4"
"6168373","1","12","0"
"6168526","1","0","0"
"6169894","37","37","1"
"6172089","0","33","0"
"6172826","1","1","1"
"6174386","13","33","0"
"6174919","0","0","0"
"6176681","4","6","0"
"6177253","21","77","2"
"6178336","0","8","0"
"6178714","0","20","0"
"6182194","12","74","0"
"6183502","0","0","0"
"6183507","0","6","0"
"6183889","34","45","0"
"6184771","9","9","0"
"6186369","1","16","0"
"6186464","5","24","0"
"6187009","0","27","0"
"6187855","2","9","0"
"6188227","0","5","0"
"6188863","1","5","0"
"6188976","32","43","0"
"6189492","2","11","0"
"6189752","3","5","0"
"6191855","0","2","0"
"6192122","0","10","0"
"6193736","0","0","0"
"6194786","1","7","0"
"6195136","0","3","0"
"6195473","3","7","1"
"6195644","0","8","0"
"6196891","0","4","0"
"6197002","3","4","0"
"6198607","17","28","1"
"6198614","8","2","0"
"6200611","0","23","0"
"6203211","0","143","0"
"6206603","4","33","0"
"6206722","1","18","0"
"6209197","30","27","0"
"6210219","3","10","0"
"6210552","0","5","0"
"6211514","3","8","0"
"6213540","9","8","0"
"6213939","20","17","0"
"6214899","0","7","0"
"6216823","12","1","0"
"6217595","1","21","0"
"6218555","1","3","0"
"6219437","0","6","0"
"6219626","18","20","1"
"6222189","30","5","4"
"6227500","2","10","0"
"6228731","0","27","0"
"6230282","3","23","2"
"6232794","6","24","0"
"6235193","6","1","1"
"6235606","0","4","0"
"6235807","1","8","0"
"6236430","21","40","1"
"6236510","0","19","0"
"6236935","12","11","5"
"6236959","11","17","3"
"6237687","0","10","0"
"6238914","1","12","0"
"6242321","24","56","0"
"6242698","0","14","0"
"6242727","0","3","0"
"6244464","4","4","0"
"6244665","15","5","0"
"6246628","1","13","0"
"6247402","5","18","0"
"6249888","3","6","0"
"6252345","3","5","0"
"6252787","0","25","0"
"6253337","6","55","0"
"6253716","0","52","0"
"6254385","13","12","0"
"6255492","5","20","6"
"6256451","2","10","0"
"6256742","0","1","0"
"6261607","0","4","0"
"6262162","2","14","3"
"6262896","0","4","0"
"6263514","5","9","0"
"6265915","0","0","0"
"6266336","9","30","0"
"6267537","15","19","0"
"6270734","9","116","0"
"6270897","0","51","0"
"6271132","4","47","5"
"6272061","0","25","0"
"6273042","0","13","0"
"6273711","2","55","0"
"6274120","0","5","0"
"6274530","12","5","0"
"6275249","0","4","0"
"6276911","5","16","0"
"6277798","14","16","2"
"6278923","0","48","0"
"6279450","0","5","0"
"6280135","18","5","0"
"6280255","57","171","0"
"6280280","6","27","0"
"6280857","0","6","0"
"6283102","1","9","0"
"6283495","5","7","1"
"6285973","1","5","0"
"6286254","1","20","0"
"6286562","0","7","0"
"6288820","0","13","0"
"6289425","1","3","0"
"6290921","0","25","0"
"6291061","8","4","26"
"6292923","4","5","0"
"6294054","0","1","0"
"6297800","4","13","0"
"6298705","0","41","0"
"6299168","0","63","0"
"6299363","2","0","0"
"6299772","6","39","0"
"6299848","0","33","2"
"6301103","3","14","0"
"6306585","18","6","0"
"6306974","0","2","0"
"6307540","1","4","0"
"6309242","29","42","0"
"6312858","30","7","1"
"6313935","4","3","0"
"6315770","0","3","0"
"6316804","11","19","0"
"6317688","0","12","0"
"6318705","7","4","0"
"6321878","16","33","1"
"6322588","0","36","0"
"6322589","6","34","0"
"6324550","5","5","0"
"6326261","12","23","0"
"6326807","6","19","0"
"6329284","3","5","0"
"6329353","0","10","0"
"6330083","1","46","0"
"6330208","3","8","0"
"6332029","7","9","0"
"6332554","4","3","0"
"6333651","4","2","0"
"6333971","0","16","0"
"6334351","1","11","0"
"6335249","3","32","0"
"6336357","164","63","4"
"6337701","8","28","0"
"6338809","2","4","0"
"6341054","0","46","0"
"6342245","3","13","0"
"6342456","9","5","0"
"6343586","0","6","0"
"6344119","5","18","0"
"6344916","9","19","1"
"6346643","2","18","0"
"6347336","0","6","0"
"6351048","5","9","35"
"6351165","0","8","0"
"6353365","2","24","0"
"6355024","9","26","1"
"6359670","0","3","0"
"6361353","2","19","0"
"6362367","0","6","0"
"6362595","1","9","0"
"6364117","15","46","0"
"6365089","0","2","0"
"6365672","5","5","0"
"6367109","0","6","0"
"6367928","2","18","0"
"6369347","0","8","0"
"6371094","3","13","0"
"6376221","0","18","0"
"6377316","0","1","0"
"6383431","0","26","0"
"6383966","3","4","0"
"6385232","31","26","8"
"6385925","12","10","0"
"6386727","4","8","0"
"6387318","5","10","0"
"6387982","0","77","0"
"6389268","12","31","0"
"6389337","3","11","0"
"6391256","5","11","0"
"6392884","1","0","0"
"6393476","4","45","0"
"6393934","1","52","0"
"6394306","16","24","0"
"6394979","5","23","1"
"6395022","1","18","0"
"6395235","11","13","0"
"6395930","1","10","0"
"6396145","0","40","0"
"6400443","2","18","0"
"6404249","0","0","0"
"6405357","11","32","0"
"6408156","21","14","0"
"6411540","23","15","1"
"6411548","4","10","0"
"6412375","0","4","0"
"6415080","0","2","0"
"6415262","0","11","0"
"6417219","0","4","0"
"6417537","0","7","0"
"6418426","0","2","0"
"6419026","0","9","0"
"6419736","18","21","20"
"6421793","10","39","0"
"6421877","2","7","0"
"6423741","1","10","0"
"6427522","0","2","0"
"6429561","0","5","0"
"6430446","0","3","0"
"6431877","0","1","0"
"6433161","15","8","0"
"6434590","0","13","0"
"6435908","0","16","0"
"6439899","21","15","2"
"6442028","7","7","1"
"6443916","2","2","0"
"6444722","0","2","0"
"6446155","4","6","0"
"6447529","1","3","0"
"6449592","5","29","0"
"6453422","0","1","0"
"6453648","0","2","0"
"6453822","1","44","0"
"6456107","4","6","0"
"6457679","0","55","0"
"6459098","0","0","0"
"6459192","2","10","0"
"6459327","0","28","0"
"6460453","1","31","1"
"6462376","0","7","0"
"6463182","48","52","0"
"6464041","13","28","0"
"6464618","3","2","0"
"6466035","9","2","0"
"6466694","0","16","0"
"6467902","5","168","0"
"6468955","38","18","6"
"6470513","0","6","0"
"6470915","2","9","0"
"6475143","8","8","0"
"6477796","0","3","0"
"6477821","4","25","0"
"6479780","0","5","0"
"6480404","0","1","0"
"6481783","0","1","0"
"6482022","13","43","0"
"6482263","3","5","0"
"6482564","0","0","0"
"6483524","0","30","0"
"6485223","1","4","0"
"6485674","7","12","0"
"6485987","1","2","0"
"6488562","0","69","0"
"6490744","1","5","0"
"6491266","0","0","0"
"6499021","2","4","2"
"6500813","2","7","0"
"6502981","4","19","0"
"6508528","33","47","0"
"6510866","41","153","0"
"6512807","39","52","0"
"6512857","1","63","0"
"6515021","1","1","0"
"6519037","9","3","0"
"6521915","1","2","0"
"6522669","0","2","0"
"6522726","2","21","0"
"6524326","1","18","0"
"6524962","10","9","0"
"6527546","4","28","1"
"6528944","2","9","0"
"6529658","10","7","0"
"6529837","2","4","0"
"6530429","0","8","0"
"6532310","0","14","0"
"6532416","0","32","0"
"6533351","0","12","0"
"6534707","2","46","0"
"6534818","26","83","0"
"6535384","19","32","0"
"6536166","4","0","0"
"6536887","4","27","0"
"6538496","7","14","0"
"6538779","5","4","0"
"6539219","2","11","0"
"6539880","0","5","0"
"6540043","21","25","0"
"6540591","71","58","4"
"6541082","4","6","0"
"6541639","3","20","0"
"6542361","17","4","0"
"6544099","0","2","0"
"6544200","14","26","1"
"6545094","2","21","0"
"6547224","6","44","0"
"6548154","30","61","1"
"6549401","2","18","0"
"6550017","15","114","0"
"6551263","46","115","2"
"6553466","0","16","0"
"6554662","3","8","0"
"6555423","0","22","0"
"6555670","5","10","3"
"6555698","0","6","0"
"6557808","3","4","0"
"6566916","31","13","0"
"6568628","0","12","0"
"6569071","3","2","0"
"6570691","0","0","0"
"6571696","0","43","0"
"6571807","0","12","0"
"6574873","2","11","0"
"6575747","0","16","0"
"6576083","4","4","0"
"6578424","2","13","2"
"6579566","14","6","0"
"6580080","1","10","0"
"6580519","0","0","0"
"6580933","1","7","0"
"6582119","0","4","0"
"6582418","2","7","0"
"6582802","0","1","0"
"6582884","7","39","0"
"6583298","16","152","0"
"6583553","3","23","0"
"6584029","0","13","0"
"6584859","0","6","0"
"6585198","1","5","0"
"6589057","1","1","0"
"6589622","0","2","0"
"6593287","6","145","0"
"6595551","9","13","0"
"6596684","0","5","0"
"6599436","0","3","0"
"6599648","6","6","0"
"6600207","21","14","0"
"6600475","0","20","0"
"6601575","4","13","0"
"6601800","2","8","0"
"6602096","11","49","0"
"6605434","6","53","0"
"6607562","12","13","1"
"6609304","0","20","0"
"6613348","6","20","0"
"6613447","8","18","0"
"6613564","0","1","0"
"6614127","3","15","0"
"6615961","2","11","0"
"6618218","4","16","0"
"6619426","4","27","0"
"6619692","13","41","0"
"6620609","0","0","0"
"6621862","66","121","6"
"6622233","3","18","0"
"6623224","6","22","0"
"6625167","0","18","0"
"6626183","50","148","0"
"6626185","4","3","0"
"6626461","2","28","0"
"6629569","11","35","7"
"6629672","10","11","1"
"6633508","0","3","6"
"6635754","0","9","0"
"6640504","37","43","0"
"6641225","3","3","0"
"6644123","11","36","7"
"6644765","11","14","0"
"6645624","0","19","10"
"6645997","1","3","0"
"6647293","1","2","0"
"6647506","1","0","0"
"6647585","2","7","0"
"6647878","24","5","0"
"6651736","0","50","1"
"6652040","6","4","0"
"6653986","0","6","0"
"6654562","6","104","13"
"6655088","1","1","0"
"6655405","9","37","0"
"6655691","0","2","0"
"6656508","4","24","0"
"6656547","4","4","5"
"6656661","18","6","0"
"6656706","0","15","0"
"6656805","1","9","0"
"6657314","2","1","0"
"6658584","1","16","0"
"6658596","0","2","0"
"6659388","1","46","0"
"6660497","0","6","0"
"6660678","1","7","1"
"6661359","0","11","0"
"6663056","0","39","0"
"6664250","3","0","0"
"6666348","5","41","0"
"6666797","7","36","0"
"6667539","0","9","0"
"6670491","16","29","2"
"6670570","0","15","0"
"6672427","0","2","0"
"6673107","3","1","0"
"6673328","2","1","0"
"6674213","10","6","1"
"6677127","2","7","0"
"6679066","0","3","0"
"6679820","14","24","0"
"6679867","0","7","0"
"6680761","100","75","0"
"6681701","0","17","0"
"6683533","0","13","0"
"6685619","0","3","0"
"6686007","6","12","2"
"6686446","3","15","0"
"6686783","0","5","0"
"6690665","3","3","0"
"6690823","22","36","0"
"6691714","1","139","0"
"6692046","1","2","0"
"6693304","67","51","1"
"6694814","137","49","0"
"6695297","6","7","0"
"6696957","1","99","0"
"6701576","2","7","0"
"6702746","0","14","0"
"6703449","1","8","0"
"6705873","0","3","0"
"6707391","0","9","0"
"6709262","0","2","0"
"6711954","0","5","0"
"6712965","19","8","0"
"6713641","5","8","0"
"6715678","2","33","1"
"6716211","0","3","0"
"6716421","7","32","0"
"6716582","2","3","0"
"6716846","0","11","0"
"6717000","1","63","0"
"6717707","0","0","0"
"6718081","0","10","0"
"6718124","4","3","39"
"6718353","0","8","0"
"6720055","0","3","0"
"6721828","14","11","0"
"6722664","3","15","0"
"6723966","0","1","0"
"6724827","2","6","0"
"6725458","0","10","0"
"6725459","10","19","0"
"6725765","0","19","0"
"6727378","0","7","0"
"6727650","1","3","0"
"6728026","1","4","0"
"6730156","0","4","0"
"6730421","8","3","0"
"6731412","12","39","0"
"6737277","4","9","0"
"6737670","26","13","0"
"6738911","2","23","0"
"6741310","5","8","0"
"6743808","3","3","0"
"6744813","1","10","0"
"6745120","0","0","0"
"6745536","0","16","0"
"6745604","0","0","0"
"6746375","3","40","0"
"6748184","3","1","0"
"6749160","0","2","0"
"6749813","0","11","0"
"6750327","3","12","0"
"6750902","0","21","0"
"6751083","12","37","0"
"6753606","2","8","0"
"6754109","1","37","0"
"6754957","8","1","2"
"6754986","74","116","134"
"6756858","3","28","0"
"6760424","4","54","0"
"6760875","4","12","0"
"6760946","6","3","0"
"6761436","1","0","0"
"6761506","2","24","0"
"6762052","0","9","0"
"6762200","7","1","0"
"6763678","8","2","0"
"6764147","2","6","1"
"6765734","21","18","5"
"6767994","8","34","2"
"6768111","3","7","1"
"6768645","1","1","0"
"6770600","1","8","0"
"6771464","10","41","4"
"6774506","6","28","0"
"6774538","7","9","0"
"6776611","2","6","1"
"6778141","1","1","0"
"6781048","1","21","0"
"6782097","7","42","0"
"6791465","0","3","0"
"6792180","2","3","0"
"6799230","29","36","8"
"6800631","16","10","2"
"6800637","7","8","0"
"6801991","0","7","0"
"6803297","0","11","2"
"6803592","3","20","0"
"6803886","1","2","0"
"6803908","2","56","0"
"6804632","5","14","4"
"6805800","0","7","0"
"6808357","0","13","0"
"6808563","0","15","0"
"6810982","0","5","0"
"6814465","0","28","0"
"6815942","4","3","0"
"6819132","28","32","0"
"6820056","0","8","0"
"6820850","0","12","0"
"6822962","71","81","5"
"6824121","26","30","6"
"6824430","5","17","1"
"6824992","17","28","0"
"6825678","4","22","0"
"6826629","0","13","0"
"6826677","24","23","0"
"6827197","2","21","0"
"6831116","16","13","1"
"6831393","3","13","1"
"6834925","5","31","0"
"6835376","0","8","0"
"6835509","36","33","2"
"6835772","0","2","0"
"6835932","5","3","0"
"6840794","1","19","0"
"6842203","0","12","0"
"6842344","0","3","0"
"6842921","0","12","0"
"6843103","15","103","0"
"6843158","0","41","0"
"6843745","0","16","0"
"6843909","4","61","0"
"6844910","1","22","0"
"6844930","1","11","0"
"6845127","0","16","0"
"6845316","0","26","0"
"6847487","10","18","0"
"6848385","1","0","0"
"6849060","9","9","0"
"6849761","0","1","0"
"6850901","0","12","0"
"6852019","2","5","0"
"6852313","16","12","0"
"6852845","0","0","0"
"6853917","2","60","0"
"6854489","54","25","2"
"6855443","15","18","2"
"6859121","20","20","1"
"6859967","4","3","1"
"6860078","55","11","0"
"6860286","3","5","0"
"6861683","2","147","0"
"6862022","1","3","0"
"6862964","8","6","0"
"6864688","0","40","0"
"6865638","3","37","0"
"6868255","1","6","8"
"6869507","1","3","0"
"6869968","8","10","0"
"6870955","0","20","0"
"6873407","9","40","0"
"6874310","59","55","5"
"6875522","0","8","0"
"6877472","0","7","0"
"6877668","20","28","0"
"6877769","4","13","0"
"6878997","47","82","0"
"6879058","1","22","0"
"6879316","0","41","0"
"6879559","0","53","0"
"6881516","0","14","0"
"6881773","0","8","0"
"6890414","0","13","0"
"6891461","0","3","2"
"6892294","0","4","0"
"6892541","4","8","0"
"6893561","1","12","0"
"6894226","1","1","0"
"6894441","4","14","0"
"6895840","3","37","0"
"6897369","4","38","0"
"6897807","0","13","0"
"6899593","0","5","0"
"6901471","6","40","1"
"6901693","68","15","17"
"6903942","0","16","0"
"6904430","1","35","1"
"6907703","14","15","0"
"6907782","0","3","0"
"6907865","2","34","0"
"6908062","2","3","0"
"6909832","1","4","0"
"6912349","2","23","0"
"6912830","8","12","0"
"6914106","1","11","0"
"6914227","0","8","0"
"6914378","1","24","0"
"6916510","2","15","4"
"6917847","4","1","0"
"6918481","8","44","0"
"6918604","4","46","0"
"6921799","1","1","0"
"6926199","8","59","2"
"6927944","0","5","0"
"6927988","7","34","0"
"6930388","13","43","0"
"6932244","0","16","0"
"6932746","0","39","0"
"6932865","0","7","0"
"6932924","5","8","0"
"6934388","0","23","0"
"6934493","14","9","0"
"6934588","1","1","0"
"6936154","0","18","0"
"6937779","1","34","0"
"6939060","0","4","0"
"6939269","9","11","0"
"6939540","2","4","0"
"6942918","2","28","0"
"6944068","0","52","0"
"6944217","0","8","0"
"6948483","6","2","1"
"6951294","33","9","28"
"6978826","3","9","0"
"6995566","1","30","1"
"6995772","0","7","0"
"6996150","3","81","0"
"6996666","1","4","0"
"6997699","17","37","0"
"6999951","21","54","0"
"7002486","0","8","0"
"7004375","0","2","0"
"7006384","0","43","0"
"7006396","3","3","0"
"7006502","1","7","0"
"7008628","2","33","0"
"7008898","2","5","0"
"7009800","27","14","2"
"7009988","1","22","0"
"7011742","0","5","0"
"7013795","4","27","0"
"7013797","0","15","0"
"7013896","15","121","0"
"7014375","4","41","0"
"7015675","10","13","0"
"7016425","0","0","1"
"7017006","9","41","0"
"7017860","1","13","0"
"7017890","9","25","0"
"7018054","0","92","0"
"7022662","1","10","0"
"7022711","0","8","0"
"7023241","1","16","1"
"7024049","0","7","1"
"7024124","1","3","0"
"7024142","0","45","0"
"7024304","0","6","0"
"7024693","29","19","4"
"7026012","0","15","0"
"7028196","2","32","0"
"7028310","0","6","0"
"7028321","1","44","0"
"7028432","90","39","0"
"7030758","0","32","0"
"7031021","2","56","0"
"7031148","0","81","1"
"7031349","0","1","0"
"7032513","3","17","0"
"7032967","2","203","0"
"7033655","0","3","0"
"7035921","0","7","0"
"7037331","3","6","0"
"7037546","5","19","0"
"7037980","4","10","0"
"7041939","0","9","0"
"7045119","0","6","0"
"7047805","1","6","0"
"7050091","1","12","0"
"7051078","0","1","0"
"7051707","2","1","0"
"7051999","4","29","0"
"7052830","0","13","0"
"7053813","2","15","1"
"7056847","2","18","0"
"7057289","1","3","0"
"7058869","3","7","1"
"7059681","17","22","4"
"7060714","1","1","0"
"7060976","0","48","0"
"7061612","5","24","0"
"7063259","0","33","0"
"7063267","4","13","0"
"7067224","3","48","0"
"7067946","0","25","0"
"7070809","1","27","0"
"7071152","0","24","0"
"7073299","1","0","0"
"7076615","36","33","0"
"7076660","2","5","0"
"7078456","3","35","0"
"7079134","0","0","0"
"7079497","1","8","0"
"7080573","1","10","0"
"7081176","8","53","0"
"7083903","1","3","0"
"7085047","1","5","0"
"7085856","0","1","0"
"7086467","2","1","0"
"7089048","4","9","0"
"7089055","3","9","0"
"7090806","5","8","1"
"7091646","11","36","0"
"7092547","1","5","1"
"7092954","0","3","0"
"7093155","5","17","0"
"7094172","9","5","0"
"7094593","2","7","1"
"7095607","6","36","0"
"7097045","1","3","0"
"7099541","0","3","0"
"7099900","6","41","6"
"7100079","41","102","1"
"7100122","0","16","0"
"7102312","2","8","0"
"7102687","1","22","0"
"7104128","0","7","0"
"7105635","2","0","0"
"7106343","6","79","1"
"7108753","0","6","0"
"7109580","1","13","0"
"7110786","1","37","3"
"7113416","0","1","0"
"7114714","0","39","0"
"7114988","39","36","0"
"7115643","0","8","0"
"7116608","0","16","0"
"7116931","2","22","0"
"7118663","7","6","0"
"7118750","0","44","0"
"7119031","31","42","0"
"7119354","14","33","0"
"7120574","1","3","0"
"7121272","2","23","0"
"7122385","0","22","0"
"7122438","0","17","0"
"7125557","14","12","0"
"7126039","11","34","0"
"7126793","3","14","0"
"7128910","7","51","0"
"7130689","7","22","0"
"7130869","2","6","0"
"7131122","0","34","0"
"7132596","12","25","0"
"7132774","0","1","0"
"7135523","1","45","0"
"7141410","46","152","0"
"7146064","2","36","0"
"7147717","2","112","0"
"7148851","0","12","0"
"7149235","1","3","8"
"7149485","14","42","0"
"7149584","3","21","0"
"7149598","1","6","0"
"7150831","0","9","0"
"7151601","1","59","0"
"7151610","0","10","0"
"7152377","0","3","0"
"7154364","0","9","0"
"7155546","0","55","0"
"7156819","7","33","0"
"7157435","0","24","0"
"7162423","0","6","0"
"7162477","3","25","0"
"7162602","1","12","0"
"7162648","5","20","0"
"7162782","13","13","0"
"7163041","0","11","0"
"7164279","1","8","1"
"7168030","1","12","3"
"7172604","48","5","0"
"7172671","1","22","0"
"7173117","0","2","0"
"7177974","6","1","0"
"7178860","6","39","0"
"7181583","0","0","0"
"7183235","0","18","0"
"7183482","0","18","0"
"7184001","2","6","0"
"7184343","1","1","0"
"7185185","0","6","0"
"7185263","0","20","0"
"7186177","5","6","0"
"7186666","24","46","0"
"7187509","8","19","2"
"7188852","1","4","0"
"7189597","8","35","1"
"7190570","4","25","0"
"7192297","0","17","0"
"7194474","1","116","0"
"7195155","8","84","0"
"7195803","9","3","0"
"7196038","0","13","0"
"7200126","5","6","0"
"7200296","10","48","0"
"7201069","5","14","3"
"7203373","0","18","0"
"7204581","1","11","0"
"7204671","4","22","0"
"7206799","26","29","1"
"7206922","0","20","0"
"7207817","6","20","0"
"7208045","1","2","0"
"7209979","2","31","0"
"7211014","30","70","0"
"7212543","6","20","0"
"7212853","28","32","0"
"7214152","6","10","1"
"7214847","0","39","0"
"7215536","5","31","0"
"7216578","2","5","1"
"7218871","2","14","0"
"7218881","3","17","10"
"7219129","0","3","1"
"7219194","3","22","0"
"7219400","11","42","0"
"7221104","6","24","0"
"7224692","0","0","0"
"7225945","63","130","1"
"7226080","9","16","2"
"7227640","0","1","0"
"7228176","0","68","0"
"7229259","4","7","0"
"7229705","7","1","0"
"7229928","0","16","0"
"7231339","25","45","1"
"7231449","23","111","2"
"7232584","8","39","0"
"7233049","2","5","0"
"7238651","0","3","0"
"7239875","6","24","0"
"7244554","0","8","0"
"7246598","1","1","0"
"7246805","3","128","1"
"7251588","24","74","0"
"7251685","1","18","0"
"7253189","0","3","0"
"7255780","4","80","12"
"7255897","5","6","0"
"7256248","0","0","0"
"7257452","0","14","0"
"7258262","4","8","0"
"7258827","0","14","0"
"7259551","0","19","0"
"7260883","1","1","0"
"7262319","1","17","0"
"7262739","26","79","0"
"7264799","0","25","0"
"7267480","8","18","0"
"7267775","4","24","0"
"7270457","16","3","0"
"7270813","10","14","0"
"7272954","7","10","0"
"7273130","3","15","0"
"7273348","1","23","0"
"7274182","3","25","0"
"7274936","3","30","0"
"7275056","25","118","0"
"7275579","0","20","0"
"7276013","0","34","0"
"7276442","0","8","0"
"7277647","5","1","0"
"7278620","10","5","0"
"7279624","7","22","0"
"7280029","0","4","0"
"7284734","1","7","0"
"7286223","0","2","0"
"7291091","6","12","0"
"7291660","1","16","0"
"7293142","13","18","0"
"7298733","2","29","0"
"7299345","5","21","0"
"7300644","3","20","0"
"7301183","0","4","0"
"7302462","1","31","0"
"7302498","0","6","0"
"7302526","11","8","1"
"7302862","1","11","0"
"7302864","0","10","1"
"7306653","2","1","0"
"7310000","8","146","0"
"7310767","0","10","0"
"7312204","2","21","0"
"7315967","4","14","0"
"7316734","0","4","0"
"7317527","4","17","3"
"7318699","7","29","0"
"7319797","1","0","0"
"7320048","3","3","0"
"7320692","0","0","0"
"7320936","0","12","0"
"7322100","1","5","0"
"7327114","6","23","0"
"7329334","3","0","0"
"7330672","0","1","0"
"7330731","7","0","1"
"7333101","15","37","0"
"7333202","0","2","0"
"7334097","9","26","0"
"7335273","0","4","6"
"7335387","0","17","0"
"7335975","0","0","0"
"7337547","2","23","0"
"7337717","4","17","0"
"7338187","4","5","2"
"7343731","0","12","0"
"7345779","17","15","0"
"7346931","0","12","0"
"7347492","18","5","9"
"7347603","11","25","0"
"7348110","14","0","0"
"7348119","0","11","0"
"7349122","0","4","0"
"7350259","0","4","0"
"7350637","0","0","0"
"7351626","6","6","0"
"7352020","0","0","0"
"7353417","550","29","40"
"7353524","0","3","0"
"7354378","0","9","0"
"7354796","0","10","0"
"7354959","0","21","0"
"7357322","2","37","0"
"7357959","12","33","2"
"7359221","0","22","0"
"7359502","4","13","0"
"7362258","0","0","0"
"7364381","2","28","0"
"7365329","0","1","0"
"7367440","1","3","0"
"7369431","7","8","0"
"7369809","0","57","0"
"7370867","7","1","0"
"7371269","0","2","0"
"7372400","1","1","0"
"7373144","6","45","0"
"7373966","0","82","0"
"7374524","0","16","0"
"7374581","0","7","0"
"7374799","0","4","0"
"7377486","0","10","0"
"7378423","0","18","0"
"7379485","0","2","0"
"7381375","0","13","0"
"7383731","0","18","0"
"7384132","18","107","0"
"7385233","0","1","0"
"7386278","0","1","0"
"7386944","0","1","0"
"7387397","66","99","0"
"7389282","0","4","0"
"7392069","2","6","0"
"7392163","10","34","0"
"7394312","0","9","0"
"7396398","2","7","0"
"7396516","27","130","0"
"7396613","19","48","23"
"7397403","0","29","0"
"7397820","0","3","0"
"7401495","33","47","0"
"7403431","17","5","3"
"7403729","2","7","0"
"7404680","0","3","0"
"7405518","1","4","0"
"7406338","20","129","0"
"7406685","0","13","0"
"7407726","3","18","0"
"7409146","1","7","0"
"7410243","111","61","21"
"7410804","0","8","1"
"7412152","1","26","1"
"7412939","3","20","0"
"7412996","0","4","0"
"7415698","6","33","0"
"7416999","0","6","0"
"7417998","0","1","0"
"7418045","31","14","2"
"7418125","2","26","0"
"7419215","11","17","0"
"7422392","7","31","1"
"7424038","26","184","0"
"7425726","8","8","0"
"7426416","1","37","0"
"7430118","1","0","0"
"7430727","0","109","0"
"7431369","1","1","0"
"7433420","1","13","0"
"7434750","2","40","0"
"7435489","2","5","0"
"7436321","20","84","0"
"7437136","4","20","0"
"7437217","0","18","0"
"7437524","0","9","0"
"7438212","1","10","0"
"7440256","1","1","0"
"7440269","0","10","0"
"7441113","2","12","0"
"7442271","0","5","0"
"7445403","1","7","0"
"7446435","3","8","0"
"7446465","13","43","1"
"7447660","18","50","0"
"7447715","3","26","0"
"7448050","0","16","0"
"7451892","57","291","6"
"7453765","6","15","0"
"7453857","0","11","0"
"7453993","1","4","0"
"7454336","5","20","0"
"7455604","0","2","0"
"7455917","2","23","0"
"7457654","0","4","0"
"7459567","2","15","2"
"7459800","0","11","0"
"7460613","1","7","0"
"7461562","4","35","0"
"7465452","4","40","1"
"7465731","11","58","0"
"7468217","20","58","0"
"7468974","0","28","0"
"7469926","0","2","0"
"7470921","9","55","0"
"7471054","0","12","0"
"7471760","8","35","0"
"7472632","1","2","0"
"7474282","42","296","1"
"7475879","0","14","0"
"7478525","0","6","0"
"7481663","0","55","0"
"7481871","23","9","1"
"7482962","5","25","0"
"7483019","13","21","0"
"7483073","1","31","0"
"7484842","0","27","0"
"7485690","0","12","0"
"7486444","5","7","0"
"7490580","1","14","5"
"7491236","0","18","0"
"7493938","5","41","1"
"7494534","0","10","0"
"7494877","15","8","0"
"7495031","3","17","0"
"7498513","31","24","11"
"7500631","2","15","0"
"7502029","22","53","0"
"7502914","24","12","3"
"7503961","2","24","0"
"7504346","0","3","0"
"7504509","1","11","0"
"7505687","3","40","0"
"7507590","10","20","0"
"7507932","0","3","0"
"7508682","2","6","0"
"7509248","0","11","0"
"7509907","0","66","0"
"7511276","4","11","0"
"7512010","0","15","0"
"7512185","0","60","0"
"7514010","1","42","0"
"7514062","0","36","0"
"7516009","11","20","0"
"7516395","5","15","0"
"7516783","2","12","0"
"7520239","1","4","1"
"7521960","1","1","0"
"7523502","0","4","0"
"7525675","2","51","0"
"7526789","0","1","0"
"7527342","0","22","0"
"7528450","0","22","0"
"7530263","0","1","0"
"7531433","6","15","1"
"7532946","0","0","0"
"7533126","11","2","0"
"7534856","3","4","2"
"7535354","8","4","1"
"7535684","1","7","0"
"7537885","5","12","0"
"7539820","0","20","0"
"7542830","0","41","0"
"7544704","0","2","0"
"7545496","0","25","0"
"7547389","18","5","0"
"7547712","4","13","0"
"7548514","1","3","0"
"7549561","56","29","20"
"7551211","0","38","0"
"7551395","0","25","0"
"7552329","7","19","0"
"7554460","5","4","0"
"7554715","0","15","0"
"7556397","0","10","0"
"7556450","16","8","0"
"7557223","3","96","0"
"7557423","0","4","1"
"7558856","22","94","6"
"7559642","51","43","0"
"7562815","0","2","0"
"7565106","0","8","0"
"7568866","35","39","3"
"7572619","3","6","0"
"7573223","20","7","3"
"7573253","10","19","0"
"7573658","0","1","0"
"7575384","2","15","0"
"7576519","5","8","0"
"7578825","2","43","0"
"7580614","10","10","0"
"7580760","0","3","0"
"7582170","3","10","0"
"7582178","2","18","0"
"7583614","39","34","4"
"7584066","25","11","1"
"7584160","3","26","1"
"7584658","0","6","0"
"7586429","0","38","0"
"7586756","4","3","0"
"7586765","0","9","0"
"7588455","4","5","0"
"7590238","2","27","0"
"7592390","0","31","0"
"7594271","1","2","1"
"7595401","19","26","0"
"7596874","1","14","0"
"7598599","0","1","0"
"7599426","1","1","1"
"7600021","2","2","1"
"7602468","65","43","4"
"7602809","0","0","0"
"7604662","4","24","2"
"7605505","5","2","1"
"7605762","1","8","1"
"7605967","8","21","0"
"7607594","3","7","0"
"7608371","16","75","0"
"7609108","4","47","0"
"7609665","3","23","0"
"7611357","0","10","0"
"7611832","0","1","0"
"7611838","3","21","0"
"7613058","21","13","0"
"7615658","0","4","0"
"7617428","0","1","0"
"7617767","3","47","0"
"7619578","0","28","0"
"7620320","0","64","0"
"7620935","0","0","0"
"7622832","5","26","0"
"7623055","0","10","0"
"7623307","2","24","0"
"7624590","0","5","0"
"7625261","6","9","0"
"7625386","6","16","0"
"7625850","4","2","0"
"7627696","7","20","0"
"7628937","14","151","2"
"7631183","5","5","2"
"7632019","6","4","0"
"7637870","0","2","0"
"7638119","4","18","1"
"7639622","3","6","0"
"7641854","12","13","0"
"7647323","2","5","0"
"7649860","20","5","0"
"7651281","0","32","0"
"7652567","0","18","0"
"7654634","0","9","0"
"7655269","0","10","0"
"7657155","5","12","0"
"7659255","1","13","0"
"7659651","0","5","0"
"7659837","0","9","0"
"7660196","0","9","0"
"7663663","7","8","0"
"7664140","7","39","0"
"7664601","9","209","0"
"7664840","0","27","0"
"7666239","7","6","0"
"7666564","11","12","0"
"7666635","15","43","0"
"7667248","2","4","0"
"7667381","11","13","3"
"7669010","0","14","0"
"7669319","4","27","3"
"7670936","1","2","2"
"7671341","0","68","0"
"7671671","5","9","0"
"7672162","0","107","0"
"7674702","5","19","0"
"7675683","0","14","0"
"7676237","3","35","1"
"7677042","1","2","0"
"7677111","0","2","0"
"7678074","11","38","0"
"7680511","12","12","0"
"7681514","0","9","0"
"7681696","1","6","0"
"7683041","3","13","0"
"7683745","3","17","0"
"7684496","0","3","0"
"7684613","1","2","0"
"7686121","0","5","0"
"7686245","0","0","0"
"7686560","2","5","1"
"7687855","0","15","0"
"7688320","0","18","0"
"7688423","0","17","0"
"7689052","25","24","0"
"7689325","0","15","0"
"7692972","0","8","0"
"7696914","0","17","0"
"7698734","42","64","2"
"7699330","2","27","0"
"7699379","1","42","0"
"7699452","0","14","0"
"7699617","4","8","16"
"7702557","19","56","0"
"7703803","0","7","0"
"7706832","2","24","0"
"7707631","0","43","0"
"7707680","55","13","4"
"7707818","0","12","0"
"7709990","5","53","1"
"7710957","0","24","0"
"7711968","0","11","0"
"7716142","3","5","0"
"7718222","16","32","1"
"7721215","2","1","0"
"7721497","0","17","0"
"7721581","0","3","0"
"7723026","1","12","0"
"7723441","0","13","1"
"7723557","12","28","0"
"7724157","8","21","0"
"7724187","1","2","1"
"7724384","0","15","0"
"7724629","1","14","0"
"7725103","0","12","0"
"7726319","15","47","7"
"7728676","0","35","0"
"7729243","2","4","0"
"7729375","10","16","0"
"7730705","4","49","0"
"7731522","2","0","0"
"7733460","1","2","0"
"7735068","2","15","0"
"7735303","0","88","0"
"7737270","1","29","1"
"7738142","22","24","0"
"7738653","5","3","0"
"7740166","1","57","0"
"7740558","31","31","0"
"7740742","0","25","0"
"7740878","0","4","0"
"7741097","1","21","0"
"7741591","2","32","0"
"7742642","1","96","0"
"7744045","0","17","0"
"7744154","0","9","0"
"7746219","14","120","0"
"7748346","0","83","0"
"7748562","7","56","0"
"7750999","0","4","0"
"7751011","1","8","0"
"7752510","11","6","0"
"7752583","8","7","0"
"7756135","0","52","0"
"7756550","0","16","0"
"7757112","5","28","0"
"7757850","4","10","0"
"7758213","6","13","0"
"7761544","2","20","0"
"7762646","2","14","0"
"7765910","0","9","2"
"7765946","0","1","0"
"7766224","2","8","0"
"7766834","2","19","0"
"7769239","26","72","2"
"7769344","3","20","0"
"7770494","0","27","0"
"7771315","0","6","0"
"7772227","11","12","0"
"7772722","0","88","0"
"7772830","9","21","0"
"7774775","2","33","1"
"7775043","1","16","2"
"7776688","3","17","0"
"7779619","0","2","0"
"7779712","0","1","0"
"7779865","1","4","0"
"7781405","3","12","0"
"7781935","7","24","0"
"7784354","0","44","0"
"7785738","16","6","0"
"7785832","1","25","0"
"7786080","1","1","0"
"7786446","0","20","0"
"7786739","1","0","0"
"7787197","1","7","2"
"7787654","0","14","0"
"7787699","2","19","0"
"7788355","0","4","0"
"7789681","10","5","2"
"7796116","0","26","0"
"7798669","4","12","0"
"7800861","0","5","0"
"7800978","2","4","2"
"7801965","39","60","5"
"7802476","0","6","0"
"7803508","7","29","0"
"7803702","11","160","0"
"7805642","0","7","0"
"7806251","0","32","0"
"7806306","0","1","0"
"7807426","6","36","0"
"7807438","0","5","0"
"7809490","4","35","0"
"7809538","12","6","0"
"7812339","6","24","0"
"7813242","0","1","0"
"7814595","0","8","0"
"7818051","1","17","0"
"7818979","2","10","0"
"7819587","1","20","0"
"7821865","3","28","0"
"7823264","0","16","0"
"7825355","14","80","0"
"7825578","0","4","0"
"7825738","0","2","0"
"7826372","0","3","0"
"7828115","0","81","0"
"7829963","0","13","0"
"7834341","1","11","0"
"7835100","0","18","0"
"7836691","2","9","0"
"7837530","0","25","0"
"7838544","2","18","0"
"7838611","2","20","0"
"7839602","9","14","0"
"7840345","1","22","0"
"7841421","0","6","0"
"7844012","3","18","0"
"7845355","1","20","1"
"7845797","0","31","0"
"7846238","0","4","0"
"7846405","10","7","0"
"7848518","2","1","0"
"7848579","0","106","0"
"7848740","59","137","0"
"7850543","4","28","2"
"7853390","1","62","0"
"7853538","7","12","0"
"7855724","2","3","0"
"7856646","1","6","0"
"7856807","1","17","0"
"7857701","21","28","5"
"7858922","0","3","0"
"7859025","36","8","2"
"7863919","24","78","0"
"7865587","0","3","0"
"7866138","8","80","0"
"7866231","0","4","0"
"7866864","5","1","0"
"7867536","0","26","0"
"7868781","8","68","0"
"7868938","14","74","1"
"7869636","29","29","4"
"7870211","0","21","0"
"7871511","21","161","1"
"7872110","3","24","0"
"7873768","2","11","0"
"7874223","1","1","0"
"7874234","6","5","0"
"7874746","119","21","8"
"7877857","0","46","0"
"7878991","1","9","0"
"7879082","5","25","0"
"7879109","0","14","0"
"7879634","8","8","0"
"7880402","6","7","1"
"7885750","9","30","0"
"7886100","0","3","0"
"7886174","1","1","0"
"7886372","7","6","0"
"7886891","0","9","0"
"7886968","1","40","0"
"7890041","9","19","0"
"7890561","2","9","0"
"7890913","0","17","0"
"7891382","5","26","0"
"7892737","0","4","0"
"7894379","1","22","0"
"7896107","9","22","1"
"7900721","0","8","0"
"7901167","7","26","0"
"7903243","17","207","0"
"7904082","2","1","0"
"7904862","0","4","0"
"7905401","1","6","0"
"7905787","1","18","0"
"7907587","0","10","0"
"7909427","8","25","1"
"7911731","0","2","0"
"7916213","3","4","0"
"7917771","0","57","0"
"7918173","17","15","1"
"7918717","7","7","2"
"7919144","0","38","0"
"7920004","25","66","1"
"7921804","2","10","0"
"7922428","7","64","0"
"7923782","3","5","0"
"7924573","10","6","4"
"7925579","26","24","0"
"7927429","10","23","0"
"7927975","2","8","0"
"7929036","138","71","6"
"7929423","1","23","0"
"7929909","21","8","0"
"7930117","0","2","0"
"7930187","0","2","0"
"7931182","8","22","1"
"7931817","21","30","1"
"7934389","12","29","0"
"7936642","58","130","0"
"7937073","0","4","0"
"7938295","25","47","0"
"7938435","0","79","0"
"7939134","0","10","0"
"7940824","4","8","0"
"7941160","2","20","0"
"7944495","4","7","0"
"7945344","2","9","0"
"7948109","1","17","0"
"7948776","0","6","0"
"7949123","10","23","1"
"7949704","1","21","0"
"7951438","0","10","0"
"7951774","0","5","0"
"7952953","6","10","0"
"7953086","0","18","0"
"7953908","1","5","0"
"7955271","7","82","0"
"7956161","0","19","0"
"7956429","1","8","0"
"7959642","10","18","0"
"7960375","1","4","0"
"7960402","1","9","0"
"7960551","10","1","0"
"7963571","0","1","0"
"7967119","0","5","0"
"7967235","0","70","0"
"7968003","3","4","0"
"7968203","0","32","0"
"7969193","2","3","0"
"7972621","1","39","0"
"7973606","3","5","0"
"7977859","1","19","0"
"7977882","5","5","0"
"7978231","2","4","0"
"7978492","1","18","1"
"7978635","6","7","0"
"7978903","2","15","0"
"7979597","0","14","0"
"7979621","0","8","0"
"7981885","6","5","0"
"7982963","4","26","0"
"7983864","19","26","1"
"7986452","0","41","0"
"7986786","8","17","5"
"7987708","0","17","0"
"7987987","3","88","0"
"7990528","63","106","10"
"7991646","20","30","1"
"7993163","0","10","0"
"7995302","5","5","0"
"7996523","1","15","0"
"8000016","8","12","0"
"8001403","1","14","0"
"8004365","0","2","0"
"8005367","23","24","1"
"8005373","1","20","1"
"8006405","0","5","0"
"8006418","0","19","0"
"8009420","5","7","0"
"8009638","0","34","0"
"8010101","7","16","1"
"8012110","0","7","0"
"8012426","2","17","0"
"8013399","1","2","0"
"8015575","0","8","0"
"8017194","0","3","0"
"8018225","9","206","0"
"8019611","9","27","0"
"8020836","1","4","0"
"8021111","8","20","12"
"8021938","8","12","0"
"8023402","1","4","0"
"8025086","0","0","0"
"8027422","4","31","0"
"8029215","0","13","0"
"8030353","2","0","0"
"8031029","2","5","0"
"8032144","19","24","4"
"8032605","0","4","0"
"8033172","1","20","0"
"8033562","14","60","4"
"8034235","2","8","0"
"8035473","2","69","2"
"8039104","1","29","0"
"8043392","2","41","0"
"8044582","0","96","0"
"8046535","0","2","0"
"8048399","4","22","0"
"8049180","4","0","0"
"8050183","2","7","1"
"8051287","18","30","0"
"8052616","4","4","0"
"8052787","0","21","0"
"8052809","24","12","4"
"8053655","20","19","1"
"8054721","3","25","0"
"8056248","8","48","0"
"8056267","0","6","0"
"8056390","1","1","0"
"8057777","5","21","0"
"8058709","4","1","1"
"8060081","4","31","11"
"8061007","1","6","0"
"8063294","0","7","0"
"8066850","0","8","0"
"8069229","0","6","0"
"8070068","0","11","0"
"8071252","7","21","0"
"8072841","10","74","1"
"8074278","0","6","0"
"8075762","18","23","5"
"8076338","0","46","0"
"8076871","0","9","0"
"8077687","0","9","0"
"8081556","4","2","0"
"8082409","0","5","0"
"8082505","0","0","0"
"8084588","4","12","1"
"8086401","11","54","2"
"8087322","15","9","0"
"8087820","0","3","0"
"8089312","0","22","0"
"8092354","0","4","0"
"8093318","11","10","1"
"8094012","16","44","0"
"8098331","0","2","1"
"8099169","12","3","0"
"8099673","3","14","0"
"8100489","10","4","0"
"8101634","1","92","0"
"8104755","2","5","0"
"8105643","1","38","0"
"8105979","1","3","0"
"8106270","1","21","0"
"8107504","8","10","0"
"8107901","22","6","0"
"8108030","2","26","1"
"8108169","3","22","0"
"8108612","1","7","0"
"8109283","0","20","0"
"8112003","20","61","1"
"8113138","11","3","0"
"8116615","0","15","0"
"8118052","1","7","0"
"8118965","0","0","0"
"8119309","0","25","0"
"8121740","11","72","0"
"8122500","64","208","0"
"8123050","14","27","0"
"8123507","0","21","0"
"8124605","87","119","3"
"8128825","1","4","0"
"8130908","0","22","0"
"8131885","6","12","0"
"8132809","63","54","1"
"8133524","0","17","0"
"8133895","0","15","0"
"8137754","2","16","0"
"8139410","0","9","0"
"8141440","0","4","0"
"8144061","6","20","0"
"8144360","0","2","0"
"8145051","1","6","0"
"8145332","1","2","0"
"8146172","0","4","0"
"8149710","14","11","2"
"8149936","1","3","0"
"8151674","7","6","0"
"8152324","144","173","151"
"8153505","3","13","3"
"8156202","0","31","0"
"8157102","3","8","0"
"8157190","2","7","3"
"8158202","0","32","0"
"8162211","1","52","0"
"8162407","0","8","0"
"8164482","1","2","0"
"8165144","1","11","0"
"8168578","1","16","0"
"8169814","0","58","0"
"8170092","1","9","0"
"8170844","15","60","0"
"8171495","0","0","0"
"8176014","0","28","0"
"8181750","0","16","0"
"8183600","0","0","0"
"8184091","0","0","0"
"8184729","2","13","0"
"8184859","0","6","0"
"8185493","1","2","0"
"8185618","9","79","0"
"8187191","18","36","1"
"8188682","12","32","1"
"8189903","18","26","1"
"8190327","8","43","0"
"8190553","1","0","1"
"8192914","34","54","44"
"8193279","2","3","0"
"8195076","9","2","1"
"8196025","27","109","0"
"8198889","3","9","2"
"8203541","4","12","0"
"8203644","0","1","0"
"8203926","69","115","13"
"8204033","0","8","131"
"8204697","0","6","0"
"8205168","0","10","0"
"8205399","6","0","0"
"8205497","21","13","0"
"8205646","1","14","0"
"8208547","0","59","0"
"8210755","2","17","0"
"8213085","11","8","0"
"8215902","3","21","0"
"8217731","1","12","0"
"8225099","0","50","0"
"8227798","1","73","0"
"8228122","0","11","0"
"8228978","7","8","0"
"8229399","11","5","0"
"8230784","3","32","0"
"8233361","13","30","0"
"8235367","26","36","1"
"8235940","1","9","0"
"8236370","0","61","0"
"8237057","1","7","0"
"8237188","0","7","0"
"8240120","0","23","0"
"8241382","8","19","1"
"8244023","0","0","0"
"8244338","0","2","0"
"8245105","0","9","0"
"8245557","0","5","0"
"8248523","2","5","0"
"8252138","24","7","0"
"8252164","2","14","0"
"8254348","5","22","0"
"8254477","0","3","0"
"8255039","1","6","0"
"8258014","0","2","0"
"8258305","15","41","0"
"8259188","1","21","0"
"8259471","2","0","0"
"8260998","2","9","0"
"8262214","4","8","0"
"8262671","0","29","0"
"8263622","0","6","0"
"8265811","6","17","0"
"8270263","6","4","0"
"8270312","6","33","0"
"8273551","0","4","0"
"8273686","6","17","1"
"8274308","18","22","0"
"8275139","20","23","0"
"8276765","5","56","0"
"8277795","10","24","1"
"8281276","7","50","0"
"8281955","1","51","0"
"8282674","0","7","0"
"8282898","0","56","0"
"8286237","1","30","0"
"8286276","2","28","0"
"8287839","8","38","2"
"8290982","2","42","0"
"8291415","4","56","0"
"8292965","0","6","0"
"8294610","0","1","0"
"8294653","6","15","0"
"8297052","18","43","0"
"8297321","5","2","1"
"8297962","7","11","1"
"8300249","14","23","0"
"8301539","1","26","0"
"8303192","1","14","0"
"8304478","2","13","0"
"8305252","3","7","0"
"8308381","1","19","6"
"8309536","0","16","0"
"8310295","8","95","0"
"8312884","1","19","0"
"8313114","0","2","0"
"8313787","0","2","0"
"8315136","0","12","0"
"8315934","0","94","0"
"8316956","1","3","0"
"8318878","0","0","0"
"8319308","0","4","0"
"8319640","0","45","0"
"8321379","0","7","0"
"8321975","33","49","0"
"8323793","1","16","1"
"8324585","0","9","0"
"8324896","4","21","0"
"8325498","0","11","0"
"8325853","4","15","0"
"8326867","1","8","0"
"8327106","1","13","0"
"8327330","23","38","1"
"8331235","0","6","0"
"8331603","0","35","0"
"8332763","0","16","0"
"8337631","10","3","1"
"8338950","0","51","0"
"8339821","14","159","0"
"8339960","4","14","0"
"8340761","18","131","5"
"8341513","4","17","0"
"8342080","3","24","0"
"8344023","31","0","0"
"8346096","0","2","0"
"8349677","3","13","0"
"8350081","7","23","0"
"8350893","22","34","0"
"8352809","9","38","0"
"8353152","2","28","0"
"8354049","0","12","0"
"8354082","3","5","1"
"8354184","1","27","0"
"8356484","1","11","0"
"8356856","0","23","0"
"8357673","2","21","0"
"8359204","0","10","0"
"8359623","0","10","0"
"8360923","0","14","0"
"8361664","1","20","0"
"8364806","3","14","0"
"8365731","0","4","0"
"8366174","12","11","0"
"8368630","0","5","0"
"8369150","0","44","0"
"8370216","3","17","0"
"8371557","5","88","0"
"8372412","8","0","0"
"8376015","0","2","0"
"8379030","8","18","6"
"8379035","27","11","22"
"8381334","1","11","0"
"8381420","2","6","0"
"8382007","0","0","0"
"8383919","0","4","0"
"8384983","1","61","0"
"8385513","1","14","0"
"8385758","0","1","0"
"8385972","3","15","0"
"8388057","3","29","0"
"8389274","3","5","1"
"8389449","3","12","0"
"8390473","28","59","0"
"8390709","0","7","0"
"8392119","0","20","0"
"8395242","21","82","0"
"8395666","2","67","0"
"8396562","0","12","0"
"8398636","3","28","0"
"8399906","5","12","0"
"8400969","62","122","15"
"8401179","0","41","0"
"8401374","6","52","0"
"8403079","6","1","0"
"8404545","9","6","0"
"8404743","0","9","0"
"8405085","46","167","2"
"8405123","0","15","0"
"8405699","6","22","0"
"8406046","2","6","0"
"8407336","13","20","0"
"8408137","3","14","0"
"8408576","4","34","0"
"8409209","0","35","0"
"8411150","2","27","0"
"8416201","2","40","0"
"8416317","2","7","0"
"8416573","1","0","0"
"8418085","1","35","0"
"8418174","0","49","0"
"8419289","0","15","0"
"8421080","1","3","0"
"8422024","2","4","0"
"8422138","0","8","0"
"8422170","0","15","0"
"8422827","0","0","0"
"8423507","18","17","5"
"8424269","1","22","0"
"8424644","0","29","0"
"8425771","1","45","0"
"8428405","9","58","0"
"8431238","0","122","0"
"8436663","1","23","0"
"8439685","1","0","1"
"8440715","10","18","0"
"8440995","0","6","0"
"8442560","17","22","2"
"8443982","3","8","0"
"8446708","22","21","3"
"8447743","28","41","0"
"8455396","0","4","0"
"8456383","1","19","0"
"8457255","1","78","0"
"8458465","144","24","6"
"8458965","10","32","0"
"8460768","17","11","2"
"8460873","4","26","0"
"8461233","3","29","0"
"8461344","1","9","0"
"8461756","0","17","0"
"8463207","2","21","0"
"8463684","9","17","0"
"8468354","0","10","0"
"8469746","0","14","0"
"8472310","0","18","0"
"8477566","15","9","0"
"8477805","3","13","1"
"8480136","1","13","0"
"8481897","0","3","0"
"8483606","0","0","0"
"8485567","24","53","0"
"8486761","7","36","0"
"8489067","2","6","0"
"8493186","1","57","0"
"8494462","1","39","0"
"8496352","0","1","0"
"8497979","2","17","0"
"8498688","6","1","0"
"8500718","2","54","0"
"8501098","0","1","0"
"8502320","16","34","0"
"8504033","8","1","0"
"8504824","7","40","1"
"8508411","0","5","0"
"8509861","0","5","0"
"8510226","1","22","0"
"8510454","0","6","0"
"8510613","1","29","0"
"8512175","23","19","0"
"8512333","11","20","0"
"8519332","4","9","0"
"8520235","9","40","0"
"8520643","0","42","0"
"8521515","30","27","0"
"8521982","1","9","0"
"8522881","6","26","0"
"8523868","13","20","0"
"8523960","3","19","0"
"8528141","1","15","0"
"8529170","1","9","0"
"8529250","8","10","0"
"8537770","58","32","3"
"8537786","6","4","0"
"8539741","3","5","0"
"8542004","1","8","0"
"8542990","0","1","0"
"8543505","11","17","0"
"8544482","5","27","3"
"8545455","2","8","0"
"8546128","8","10","0"
"8546303","0","40","0"
"8547214","0","44","4"
"8547516","61","135","0"
"8547986","22","26","1"
"8550543","66","11","109"
"8550657","2","80","0"
"8553678","0","2","0"
"8554578","0","31","0"
"8554611","7","32","0"
"8555541","3","11","1"
"8556269","5","8","0"
"8558146","1","12","0"
"8558174","11","8","0"
"8558625","1","5","0"
"8564902","1","0","0"
"8567819","0","7","0"
"8571154","1","9","0"
"8571434","24","33","1"
"8574960","1","14","1"
"8579055","1","4","0"
"8580499","4","6","0"
"8582685","33","17","0"
"8583511","5","5","0"
"8584025","3","0","0"
"8585150","5","5","0"
"8587144","0","4","0"
"8587732","7","41","0"
"8587776","0","65","0"
"8591711","53","207","12"
"8594080","2","6","3"
"8595398","1","13","2"
"8595790","0","3","0"
"8595891","11","28","0"
"8597732","0","19","0"
"8598112","0","21","0"
"8598252","2","49","0"
"8599432","5","6","1"
"8599802","7","6","0"
"8601590","0","6","0"
"8601641","0","16","0"
"8601807","0","33","0"
"8602069","1","8","0"
"8604852","0","0","0"
"8605037","2","18","0"
"8606958","4","2","0"
"8607180","3","62","1"
"8607640","28","41","3"
"8608962","20","21","0"
"8609720","0","3","0"
"8609844","3","8","0"
"8610346","47","47","0"
"8612463","3","20","0"
"8614314","6","11","0"
"8618380","1","23","0"
"8619606","20","19","0"
"8620149","0","18","0"
"8621157","0","5","0"
"8621574","11","7","0"
"8622829","2","10","0"
"8623184","3","4","0"
"8625892","7","7","0"
"8627215","9","4","0"
"8627333","1","9","0"
"8627975","12","56","2"
"8627992","2","34","0"
"8630903","43","37","2"
"8633900","0","12","0"
"8634018","0","19","0"
"8634987","3","13","0"
"8635168","1","0","0"
"8635479","3","5","0"
"8636565","0","25","0"
"8639161","1","12","0"
"8647107","3","1","2"
"8650263","0","2","0"
"8652927","0","19","0"
"8653046","1","7","6"
"8653313","0","14","0"
"8653765","0","32","1"
"8656043","0","8","0"
"8656747","0","2","0"
"8658654","0","7","0"
"8659623","4","17","0"
"8659747","18","106","3"
"8661476","1","16","0"
"8662476","5","8","0"
"8662574","1","1","0"
"8663316","2","19","0"
"8663492","0","15","0"
"8667016","17","22","1"
"8669256","3","35","0"
"8669584","19","21","0"
"8670089","21","27","0"
"8672015","4","18","0"
"8672177","1","228","0"
"8676838","0","5","0"
"8677601","5","1","0"
"8678385","5","17","0"
"8678900","41","90","4"
"8678995","5","14","0"
"8681007","0","2","0"
"8681416","2","11","0"
"8682068","0","3","0"
"8682941","0","1","0"
"8684202","2","16","0"
"8685031","0","0","0"
"8685423","0","7","0"
"8688810","6","111","0"
"8688902","0","14","0"
"8689448","2","19","0"
"8691473","4","2","0"
"8691571","8","20","0"
"8691612","2","3","0"
"8695156","2","12","0"
"8695460","2","55","1"
"8697156","19","32","0"
"8698137","0","6","0"
"8698374","1","8","0"
"8700798","3","23","0"
"8700809","3","10","1"
"8703365","0","2","0"
"8705273","0","52","0"
"8706759","1","6","0"
"8707337","3","47","0"
"8709928","0","1","0"
"8710383","2","4","0"
"8713068","0","3","0"
"8713823","0","5","0"
"8714350","5","6","0"
"8715397","1","15","0"
"8715436","8","95","0"
"8715480","8","21","0"
"8722421","10","63","0"
"8722913","0","3","0"
"8723748","0","84","0"
"8724367","1","7","0"
"8724510","0","23","0"
"8729924","5","2","2"
"8730051","2","6","0"
"8731504","0","10","0"
"8731865","0","89","0"
"8734046","7","23","0"
"8734523","3","2","0"
"8738231","6","8","0"
"8743036","4","4","0"
"8746228","0","3","0"
"8746415","1","1","2"
"8749149","6","35","0"
"8750873","7","4","15"
"8751376","1","6","0"
"8754804","3","27","1"
"8762338","6","109","2"
"8763264","0","41","0"
"8764150","2","4","53"
"8767186","0","33","16"
"8768524","3","15","3"
"8770778","2","20","0"
"8771409","10","18","0"
"8772085","1","18","0"
"8772274","3","9","0"
"8772376","0","28","0"
"8773930","0","4","0"
"8774425","3","4","0"
"8777397","0","22","0"
"8778624","8","31","0"
"8779487","0","11","0"
"8781011","0","6","0"
"8782141","33","25","0"
"8782838","0","0","0"
"8782970","0","1","0"
"8783818","1","36","0"
"8784518","66","67","2"
"8784568","21","17","0"
"8784762","0","27","1"
"8785369","2","19","1"
"8786297","2","34","0"
"8788182","2","19","0"
"8788847","3","52","0"
"8790507","10","35","1"
"8792439","7","58","1"
"8794428","0","2","0"
"8795344","11","6","0"
"8799471","16","33","0"
"8800254","0","5","0"
"8802812","8","12","0"
"8804293","25","10","28"
"8804776","7","20","0"
"8805842","1","342","0"
"8806649","206","412","14"
"8806757","0","27","0"
"8807152","12","2","5"
"8809793","0","1","0"
"8810290","0","22","0"
"8810865","9","242","2"
"8811478","3","81","0"
"8813647","0","6","0"
"8814229","0","45","0"
"8814904","0","2","0"
"8815211","1","22","0"
"8817388","0","2","0"
"8818406","17","12","0"
"8819662","0","7","0"
"8820118","1","33","0"
"8820559","3","3","0"
"8820616","2","12","0"
"8820842","0","46","0"
"8823231","6","28","0"
"8826293","2","19","0"
"8827322","3","34","0"
"8827408","0","2","0"
"8829497","28","104","0"
"8830099","8","27","0"
"8835675","0","11","0"
"8838581","1","98","0"
"8838721","0","14","0"
"8840051","2","18","0"
"8842015","0","6","0"
"8843451","0","136","0"
"8843585","23","43","2"
"8844026","0","8","3"
"8845767","6","14","0"
"8845841","0","68","0"
"8847285","0","3","0"
"8849187","0","15","0"
"8851203","1","6","0"
"8852720","33","67","0"
"8858832","0","19","0"
"8860258","0","0","0"
"8862854","0","53","0"
"8863489","0","3","0"
"8864205","5","4","0"
"8864619","0","5","0"
"8866964","0","20","0"
"8867099","3","6","0"
"8867721","0","12","0"
"8868327","16","123","1"
"8870514","3","20","0"
"8870984","0","17","0"
"8872691","2","16","0"
"8874154","11","189","0"
"8875846","3","7","0"
"8875887","0","29","0"
"8876034","5","13","0"
"8877578","0","2","0"
"8878627","1","73","0"
"8880593","2","30","0"
"8882025","1","7","0"
"8884013","0","9","0"
"8884612","2","1","0"
"8885874","0","16","0"
"8886385","21","31","2"
"8886529","0","3","0"
"8887313","0","27","0"
"8887907","5","4","0"
"8889782","0","22","0"
"8891578","1","1","0"
"8893947","0","96","0"
"8894035","32","43","0"
"8894067","7","40","12"
"8894131","0","7","0"
"8894194","0","26","0"
"8894449","6","39","0"
"8894779","0","20","0"
"8896626","2","5","0"
"8896838","8","2","1"
"8896855","0","22","0"
"8897074","4","5","0"
"8898300","0","7","0"
"8898809","1","1","0"
"8899106","0","24","0"
"8899131","1","11","0"
"8902971","3","14","1"
"8903132","0","7","0"
"8903959","4","29","0"
"8907132","0","5","0"
"8910441","0","6","0"
"8912043","0","13","0"
"8915367","5","13","0"
"8916217","5","20","0"
"8916321","0","10","0"
"8916412","0","12","0"
"8916556","5","15","0"
"8917898","2","15","0"
"8918031","5","17","0"
"8918511","0","1","0"
"8919391","0","6","0"
"8920328","3","18","0"
"8920999","1","17","0"
"8922717","1","3","0"
"8923126","9","122","0"
"8924326","3","0","0"
"8924525","2","66","0"
"8925915","1","8","0"
"8927135","6","8","0"
"8928149","1","15","2"
"8929068","11","24","1"
"8929299","38","45","1"
"8929688","3","43","0"
"8930025","0","10","0"
"8932080","0","14","0"
"8933312","0","4","0"
"8933996","2","27","0"
"8934559","8","4","0"
"8935548","0","1","0"
"8935725","0","16","0"
"8935972","0","5","0"
"8936251","2","1","0"
"8936389","33","35","1"
"8936456","0","8","0"
"8938503","6","9","1"
"8938980","8","34","0"
"8939058","3","1","0"
"8939181","11","38","7"
"8940448","0","0","4"
"8941894","2","6","0"
"8943092","1","18","0"
"8943717","0","2","0"
"8944059","11","32","1"
"8945078","13","8","1"
"8945943","0","6","0"
"8946720","13","32","5"
"8950962","1","29","0"
"8951071","0","12","0"
"8954000","0","16","0"
"8954291","6","80","0"
"8954391","6","11","0"
"8954541","3","9","0"
"8955282","6","8","0"
"8956618","0","4","0"
"8958173","88","0","100"
"8959415","9","25","0"
"8961170","1","71","0"
"8962746","3","3","0"
"8962929","23","41","0"
"8963353","0","4","0"
"8968956","11","28","1"
"8970054","0","3","0"
"8970303","0","14","18"
"8971057","0","1","0"
"8971218","2","11","0"
"8972207","0","37","0"
"8973809","8","18","0"
"8978558","1","3","0"
"8978576","6","84","0"
"8978587","1","34","0"
"8978791","29","21","1"
"8980452","0","6","0"
"8988448","67","6","4"
"8989891","6","28","0"
"8990021","2","4","0"
"8990644","0","113","0"
"8991143","2","11","0"
"8992678","0","16","1"
"8992943","4","11","0"
"8993253","8","63","0"
"8993284","2","19","0"
"8993341","0","249","0"
"8993499","2","10","1"
"8998172","1","39","0"
"9007093","5","51","0"
"9008235","1","3","1"
"9012246","2","7","0"
"9013597","0","1","0"
"9013718","0","29","0"
"9014957","37","148","1"
"9014973","0","11","0"
"9015013","0","27","0"
"9016616","0","7","0"
"9016625","0","33","0"
"9016861","3","9","0"
"9017156","0","9","0"
"9019559","2","3","0"
"9019910","28","32","0"
"9022194","10","4","0"
"9023490","3","108","0"
"9023714","4","1","0"
"9024493","8","33","0"
"9026710","12","10","0"
"9028176","5","14","0"
"9029028","3","28","0"
"9034735","16","8","0"
"9034824","19","21","0"
"9035707","0","9","1"
"9036446","0","46","0"
"9039350","34","41","2"
"9041224","10","9","0"
"9043901","0","5","0"
"9044513","0","7","0"
"9045408","2","56","0"
"9046247","0","8","0"
"9049282","5","96","0"
"9054617","0","4","0"
"9055450","6","5","0"
"9055614","0","20","0"
"9055645","2","3","0"
"9055967","2","14","1"
"9057721","19","131","0"
"9057867","4","17","0"
"9058905","0","18","0"
"9059865","2","32","0"
"9062752","8","112","0"
"9063088","2","94","0"
"9064266","2","15","0"
"9070477","0","28","0"
"9071288","0","11","0"
"9072227","3","10","0"
"9072940","1","13","0"
"9074921","0","7","0"
"9076666","2","6","0"
"9077347","19","125","14"
"9077457","1","9","0"
"9078354","5","26","0"
"9078384","1","7","0"
"9079461","0","38","0"
"9080566","2","9","0"
"9080743","0","70","0"
"9082736","1","6","0"
"9085253","10","28","0"
"9087223","7","13","1"
"9087250","18","24","1"
"9087374","1","1","0"
"9087548","0","9","0"
"9088089","0","2","0"
"9089876","0","18","0"
"9090647","12","6","0"
"9090849","0","2","0"
"9092563","15","49","0"
"9095807","0","5","0"
"9096264","0","8","0"
"9096802","1","94","0"
"9103067","0","14","0"
"9103104","1","7","0"
"9103139","0","0","0"
"9104116","1","19","0"
"9105207","116","45","5"
"9105334","8","28","0"
"9105621","13","38","0"
"9105814","5","5","0"
"9105904","1","5","0"
"9107502","1","47","0"
"9110213","0","13","0"
"9110576","13","42","0"
"9111944","17","28","11"
"9113080","4","17","1"
"9114802","0","8","0"
"9115897","28","41","0"
"9116959","0","42","0"
"9119669","1","1","0"
"9121208","0","43","0"
"9122129","20","19","0"
"9122140","2","12","0"
"9122354","1","7","0"
"9122641","9","23","0"
"9123489","0","7","0"
"9124096","28","33","0"
"9124424","5","9","0"
"9126244","2","10","0"
"9126525","19","23","0"
"9127224","44","136","7"
"9127991","2","9","0"
"9128538","3","10","0"
"9130791","1","2","0"
"9132087","2","47","0"
"9132510","5","24","0"
"9133374","17","26","0"
"9133569","10","46","3"
"9133903","10","13","0"
"9134654","0","12","0"
"9134661","0","31","0"
"9134945","0","12","0"
"9134997","15","13","3"
"9135863","42","28","3"
"9136155","0","8","0"
"9136962","0","1","0"
"9137227","1","1","0"
"9137547","19","27","0"
"9138027","12","43","0"
"9138400","0","3","0"
"9138440","5","63","0"
"9142615","28","55","0"
"9143402","0","15","0"
"9145806","5","5","0"
"9147444","4","11","0"
"9148832","0","1","3"
"9152883","1","14","0"
"9152905","2","16","1"
"9153063","0","1","0"
"9154326","0","40","0"
"9155551","9","13","0"
"9155873","0","0","0"
"9156678","1","9","0"
"9157787","0","13","0"
"9157799","27","66","2"
"9158089","1","6","0"
"9158346","0","4","1"
"9162147","0","7","0"
"9166143","0","6","0"
"9166673","1","9","0"
"9167731","18","53","0"
"9170226","0","130","0"
"9173710","58","94","2"
"9175226","26","47","0"
"9176887","6","7","0"
"9178159","1","19","0"
"9181430","0","34","0"
"9182171","1","60","0"
"9182477","8","37","0"
"9184507","18","17","0"
"9184726","1","3","0"
"9184849","8","15","0"
"9184970","36","52","2"
"9185215","3","6","1"
"9185271","19","32","6"
"9185400","0","8","0"
"9185856","12","79","0"
"9186426","17","26","0"
"9186913","2","4","0"
"9187282","19","35","0"
"9190768","0","11","1"
"9191773","4","26","0"
"9192954","0","6","0"
"9195902","1","1","1"
"9195906","3","15","0"
"9196066","1","2","0"
"9198074","19","90","0"
"9199028","2","3","0"
"9199668","5","49","1"
"9202118","1","6","0"
"9202256","0","10","0"
"9203951","35","29","6"
"9204455","4","15","0"
"9204887","0","11","0"
"9206112","0","2","0"
"9210263","2","7","0"
"9211387","2","8","2"
"9211949","0","13","0"
"9212050","0","3","0"
"9213148","6","43","15"
"9213600","1","13","0"
"9220465","0","14","0"
"9222996","1","14","3"
"9224523","8","11","0"
"9226464","0","36","0"
"9227264","21","63","0"
"9227755","2","20","0"
"9229923","6","7","0"
"9229931","1","20","0"
"9231013","20","89","1"
"9231492","0","17","0"
"9231518","0","13","0"
"9231721","1","8","0"
"9232196","0","9","0"
"9238288","1","21","1"
"9239975","4","33","1"
"9240345","11","19","0"
"9240674","0","7","0"
"9242634","24","18","0"
"9243056","3","19","0"
"9243317","7","26","0"
"9243855","0","6","0"
"9245204","16","9","1"
"9247379","7","8","0"
"9247555","1","22","0"
"9250153","1","6","0"
"9251542","0","89","0"
"9251769","1","10","0"
"9254603","2","15","0"
"9255792","9","5","0"
"9256127","32","19","2"
"9256726","0","4","0"
"9257991","46","491","1"
"9258368","1","0","0"
"9259680","0","1","0"
"9260314","0","1","0"
"9260574","0","1","0"
"9262044","4","13","0"
"9263676","0","7","0"
"9264713","3","20","0"
"9269344","0","6","0"
"9270488","0","67","0"
"9271486","13","30","0"
"9273414","11","6","0"
"9275476","0","42","0"
"9275697","0","67","0"
"9275854","2","11","0"
"9276081","7","16","0"
"9276996","0","47","0"
"9277573","3","14","0"
"9278333","22","63","1"
"9278478","0","14","0"
"9279330","2","15","0"
"9281298","2","3","0"
"9282847","10","39","0"
"9282988","6","8","0"
"9291522","0","3","0"
"9296479","0","2","0"
"9296982","1","21","0"
"9297170","3","13","0"
"9299519","9","26","0"
"9299855","0","0","0"
"9300328","0","4","0"
"9300663","1","3","0"
"9301205","0","2","0"
"9301998","4","8","0"
"9303470","0","605","0"
"9304296","0","11","0"
"9305266","3","20","0"
"9306514","0","0","0"
"9309181","0","55","0"
"9309869","2","53","0"
"9311480","4","5","0"
"9312458","2","0","0"
"9312608","5","112","0"
"9315312","3","20","0"
"9315497","0","0","0"
"9316496","0","2","0"
"9316564","1","1","0"
"9316603","28","13","5"
"9316730","0","14","0"
"9317258","14","26","0"
"9318372","14","28","1"
"9319317","0","7","0"
"9319615","0","4","0"
"9322156","3","18","0"
"9323369","1","21","1"
"9323388","4","20","0"
"9325038","10","12","0"
"9325470","0","26","0"
"9328279","0","5","0"
"9330647","0","34","0"
"9331130","1","2","0"
"9331456","0","2","0"
"9331686","1","5","6"
"9331978","27","4","0"
"9332433","49","64","0"
"9333142","1","12","0"
"9336947","1","1","0"
"9337304","8","6","2"
"9337608","7","25","0"
"9338351","18","23","1"
"9338645","5","39","4"
"9339330","0","3","0"
"9339516","1","62","0"
"9339924","0","7","0"
"9340928","2","5","0"
"9341824","1","11","0"
"9342516","3","70","0"
"9343223","1","14","0"
"9343622","0","41","0"
"9344150","0","2","0"
"9347173","2","30","0"
"9350514","4","14","0"
"9351811","8","14","0"
"9353539","0","8","0"
"9354495","1","6","0"
"9357244","2","15","0"
"9358374","0","10","0"
"9359785","102","61","1"
"9360663","1","19","0"
"9360793","6","36","0"
"9361129","0","4","0"
"9361196","12","14","0"
"9361289","0","13","0"
"9362683","18","29","0"
"9364615","1","6","0"
"9365707","15","40","3"
"9366059","0","2","1"
"9367643","13","4","0"
"9369035","2","3","0"
"9370144","5","1","0"
"9372996","3","30","0"
"9373597","3","34","0"
"9375838","0","6","0"
"9375954","4","75","0"
"9375979","1","165","0"
"9377254","1","2","0"
"9378384","1","55","0"
"9379722","0","24","0"
"9382295","0","18","1"
"9382870","2","11","0"
"9387984","1","15","0"
"9388056","20","5","0"
"9388190","2","1","0"
"9388301","0","1","0"
"9388511","0","8","0"
"9391415","10","13","3"
"9392701","1","41","0"
"9393458","10","12","2"
"9395753","3","40","0"
"9396756","0","4","0"
"9398523","27","4","0"
"9398785","18","24","0"
"9399014","18","8","4"
"9400730","7","15","0"
"9401038","0","63","0"
"9401766","3","7","0"
"9402689","18","32","0"
"9403953","4","11","0"
"9404560","0","27","0"
"9406738","70","72","1"
"9407819","0","10","0"
"9408382","10","22","0"
"9411636","1","17","0"
"9412271","3","2","0"
"9412456","6","17","0"
"9413482","0","3","0"
"9415192","7","17","0"
"9416032","0","2","0"
"9416618","0","18","0"
"9417352","44","3","0"
"9418267","2","5","0"
"9418580","1","32","1"
"9418616","0","18","0"
"9418902","38","33","0"
"9420335","0","4","0"
"9420456","1","83","0"
"9420497","8","13","0"
"9424088","0","0","0"
"9424323","0","31","0"
"9425556","1","7","0"
"9427260","1","14","0"
"9429317","2","10","0"
"9429625","3","7","0"
"9429966","5","4","4"
"9431020","6","21","0"
"9431571","0","15","11"
"9433659","1","4","2"
"9434293","0","15","0"
"9437530","2","15","0"
"9437799","118","225","0"
"9438477","2","0","0"
"9438913","1","13","0"
"9439899","1","12","4"
"9439980","0","6","0"
"9440874","1","2","1"
"9441228","2","5","1"
"9441249","12","8","1"
"9441500","12","29","0"
"9442500","4","3","0"
"9443090","0","8","0"
"9444909","4","2","0"
"9446028","17","15","2"
"9446652","0","12","0"
"9453814","1","1","0"
"9454556","13","54","0"
"9454812","11","12","0"
"9461051","3","11","0"
"9461694","4","9","0"
"9463063","4","10","0"
"9464051","0","2","0"
"9464594","22","103","9"
"9465781","15","10","0"
"9465840","0","67","0"
"9466179","0","1","0"
"9466501","7","4","0"
"9468961","0","7","0"
"9469090","2","2","0"
"9470327","0","35","0"
"9470643","1","30","0"
"9471439","4","2","0"
"9472066","2","10","0"
"9472366","1","0","0"
"9474700","2","27","0"
"9475509","62","19","7"
"9475656","11","37","0"
"9476384","0","12","0"
"9478327","1","9","0"
"9478932","3","4","2"
"9479825","0","0","0"
"9481731","94","31","0"
"9484842","5","16","0"
"9488284","1","9","0"
"9490453","0","11","0"
"9491734","12","17","2"
"9491881","7","67","0"
"9495110","3","15","0"
"9496566","2","3","0"
"9499523","34","9","6"
"9500119","11","9","0"
"9500212","1","2","0"
"9501435","7","89","5"
"9504571","10","12","0"
"9504633","14","17","0"
"9508556","1","15","0"
"9508936","0","3","0"
"9509388","0","18","0"
"9511113","0","6","0"
"9513421","1","9","0"
"9514203","0","4","0"
"9518232","11","3","1"
"9518354","0","11","0"
"9518407","4","1","0"
"9520315","13","204","0"
"9521924","31","12","0"
"9523274","3","5","0"
"9524383","3","11","0"
"9525657","0","26","0"
"9526947","8","6","2"
"9526973","1","0","0"
"9528241","0","17","0"
"9528643","11","7","0"
"9528658","0","12","0"
"9530017","22","17","3"
"9530364","0","60","0"
"9530790","0","18","0"
"9531150","1","1","0"
"9535950","60","30","0"
"9536103","5","17","0"
"9536233","11","106","0"
"9538579","0","6","0"
"9538684","13","6","1"
"9538809","1","13","0"
"9539538","2","7","0"
"9540764","2","4","0"
"9541415","19","35","0"
"9541724","2","9","0"
"9543878","0","22","0"
"9543932","5","3","0"
"9544403","110","78","16"
"9545156","1","3","0"
"9545542","0","113","0"
"9547279","1","16","0"
"9547299","5","10","0"
"9547346","3","4","0"
"9547560","2","14","0"
"9548311","12","48","0"
"9549068","146","52","0"
"9550633","0","24","0"
"9550867","14","33","49"
"9552724","15","24","0"
"9553520","0","0","0"
"9554004","10","6","0"
"9554172","11","16","0"
"9555505","0","4","0"
"9557874","4","39","1"
"9558020","0","9","0"
"9559804","0","17","0"
"9560245","2","10","0"
"9569292","1","32","1"
"9569505","43","21","0"
"9569557","0","5","0"
"9569941","0","7","0"
"9570046","1","11","0"
"9571038","1","2","0"
"9572929","0","4","0"
"9574874","4","24","0"
"9576870","13","46","1"
"9576988","21","32","0"
"9577694","2","10","0"
"9577985","0","17","0"
"9578116","2","3","0"
"9578273","2","12","0"
"9579094","1","4","0"
"9579545","7","15","0"
"9580087","0","6","0"
"9582176","6","4","1"
"9583480","8","64","0"
"9585771","10","63","6"
"9590708","1","5","0"
"9590885","3","5","0"
"9593181","1","15","0"
"9596473","3","28","0"
"9598822","1","51","0"
"9601130","0","10","0"
"9601989","2","3","0"
"9603285","0","39","0"
"9603417","29","20","6"
"9608006","15","12","0"
"9608497","0","11","0"
"9608615","3","2","0"
"9608873","1","14","0"
"9609830","13","7","0"
"9610557","0","42","0"
"9611950","0","165","0"
"9614903","2","33","0"
"9618246","4","7","0"
"9620269","2","11","2"
"9620383","9","8","0"
"9621458","0","30","0"
"9624052","13","15","3"
"9625038","8","3","0"
"9626186","2","8","0"
"9626938","2","91","0"
"9627781","0","1","0"
"9629902","6","34","0"
"9630486","10","2","0"
"9631158","0","2","0"
"9631529","1","34","0"
"9632774","3","3","0"
"9632809","12","10","0"
"9634568","0","9","0"
"9635089","3","1","0"
"9636400","115","364","0"
"9636977","17","53","9"
"9637318","5","10","0"
"9641355","11","331","2"
"9642804","2","36","0"
"9644502","22","2","0"
"9646384","9","34","0"
"9650803","5","8","0"
"9652169","0","19","0"
"9652475","1","12","0"
"9653270","5","0","0"
"9653703","1","3","0"
"9655583","2","4","0"
"9655696","14","26","0"
"9658671","0","26","0"
"9658895","0","44","0"
"9659885","13","37","0"
"9661008","2","80","0"
"9661573","0","10","0"
"9661936","0","30","0"
"9661948","0","2","0"
"9664208","1","21","2"
"9665210","1","1","0"
"9667748","0","5","0"
"9672954","3","8","0"
"9674029","2","0","0"
"9674760","11","77","0"
"9675580","3","11","0"
"9676328","3","4","0"
"9677320","1","0","0"
"9678361","5","12","1"
"9679554","4","10","0"
"9679664","2","6","0"
"9679807","0","6","0"
"9680087","0","4","0"
"9680817","0","13","0"
"9681577","9","14","1"
"9681645","0","2","0"
"9681790","2","3","0"
"9681990","1","2","0"
"9684433","3","7","0"
"9688781","1","13","0"
"9689416","4","9","0"
"9689661","1","8","0"
"9690075","0","54","1"
"9691976","6","28","2"
"9692012","5","20","0"
"9695873","0","25","1"
"9697266","13","17","0"
"9699874","20","9","0"
"9708285","9","18","0"
"9710004","3","4","0"
"9711476","7","38","0"
"9712270","1","78","0"
"9712582","8","20","0"
"9713409","0","4","0"
"9714060","0","34","0"
"9716110","83","58","0"
"9716398","6","7","0"
"9718523","0","8","0"
"9718879","11","32","0"
"9719695","23","23","0"
"9723204","4","12","0"
"9727402","10","52","0"
"9727918","22","7","0"
"9729847","7","2","2"
"9730403","5","6","0"
"9735508","0","4","0"
"9735961","0","24","0"
"9737384","7","149","4"
"9737991","1","3","1"
"9739475","11","7","0"
"9740955","2","20","0"
"9741578","34","2","0"
"9742343","3","25","0"
"9742558","4","14","0"
"9742889","0","3","0"
"9744063","2","57","0"
"9744514","0","0","0"
"9745104","0","3","0"
"9745732","7","20","0"
"9746570","1","5","0"
"9747182","4","15","0"
"9748260","1","11","0"
"9749787","0","3","0"
"9749972","2","21","0"
"9750176","4","9","0"
"9751398","57","24","0"
"9751697","2","81","0"
"9752209","1","28","0"
"9754109","1","44","0"
"9754418","0","7","0"
"9754585","1","2","0"
"9758017","17","5","6"
"9760311","4","91","1"
"9761106","12","6","0"
"9761981","0","10","0"
"9765966","3","36","0"
"9767692","0","12","0"
"9772487","2","5","0"
"9772561","49","44","0"
"9773847","4","10","0"
"9778755","11","28","1"
"9780713","1","18","0"
"9781148","6","5","0"
"9781562","0","5","0"
"9782217","2","13","0"
"9785462","3","18","0"
"9787228","2","40","0"
"9790029","6","11","0"
"9790036","16","26","0"
"9791840","1","1","0"
"9793076","7","18","0"
"9793782","1","4","0"
"9795265","8","44","0"
"9795359","0","14","0"
"9796331","9","52","0"
"9796588","37","27","0"
"9796589","0","14","1"
"9797193","0","23","0"
"9802019","0","16","0"
"9805273","3","2","0"
"9805463","1","12","0"
"9806717","0","15","0"
"9807661","7","14","1"
"9809542","5","7","0"
"9810067","15","11","11"
"9810921","3","3","0"
"9811508","1","10","1"
"9812260","0","58","0"
"9814737","16","16","0"
"9815277","2","11","0"
"9815636","0","11","0"
"9815697","8","4","0"
"9816919","59","10","3"
"9817778","15","15","0"
"9819342","20","9","0"
"9819847","11","10","0"
"9822422","0","0","0"
"9822528","12","40","0"
"9824103","37","91","0"
"9824913","11","0","160"
"9828459","0","15","0"
"9830325","12","23","0"
"9832604","2","6","0"
"9839769","0","28","0"
"9840345","1","3","0"
"9841104","0","77","0"
"9841751","0","10","0"
"9841848","0","4","0"
"9842075","0","18","0"
"9842129","4","27","1"
"9842392","1","10","0"
"9842472","4","33","0"
"9842780","1","6","0"
"9842828","0","28","0"
"9844190","0","2","0"
"9844964","0","0","0"
"9845867","0","6","0"
"9846834","2","43","1"
"9848043","1","15","5"
"9848275","11","13","0"
"9852454","7","91","0"
"9853105","30","26","0"
"9853981","10","10","0"
"9854260","59","32","78"
"9855456","0","10","1"
"9855648","0","14","0"
"9855999","1","0","0"
"9856056","0","12","0"
"9857190","5","73","0"
"9858344","0","6","0"
"9859213","4","21","0"
"9859335","1","11","0"
"9860033","12","12","0"
"9860237","0","29","0"
"9861911","24","1","0"
"9862206","0","3","0"
"9862669","37","23","0"
"9863904","0","7","0"
"9865225","7","16","6"
"9865814","1","5","0"
"9865869","2","42","0"
"9866424","1","28","0"
"9869695","4","5","0"
"9869978","0","36","0"
"9870096","2","6","0"
"9870343","0","19","0"
"9870617","0","1","0"
"9871073","0","67","0"
"9872061","0","35","0"
"9876526","46","38","0"
"9877340","29","20","1"
"9878135","26","40","2"
"9878263","9","16","0"
"9878385","44","35","0"
"9879379","0","26","0"
"9879420","0","0","0"
"9880876","5","0","0"
"9881106","0","20","0"
"9881312","0","0","0"
"9881599","24","11","3"
"9884081","3","6","0"
"9884628","80","118","29"
"9885747","13","31","0"
"9885786","2","11","0"
"9886001","0","6","0"
"9888512","11","12","0"
"9888988","1","2","0"
"9890829","3","13","0"
"9892738","3","18","0"
"9894142","1","20","0"
"9894724","11","1","0"
"9897052","0","5","0"
"9898251","2","19","0"
"9898465","0","7","0"
"9901515","0","17","0"
"9902344","0","20","0"
"9905641","15","23","0"
"9907182","51","47","0"
"9908000","23","10","4"
"9908137","0","15","0"
"9908311","3","9","0"
"9908821","1","1","0"
"9910265","1","8","0"
"9911440","7","10","0"
"9911969","1","5","0"
"9912464","0","15","0"
"9913009","2","8","0"
"9913773","0","8","0"
"9914731","2","3","0"
"9917250","29","26","13"
"9917285","0","10","0"
"9917714","16","11","10"
"9918345","0","28","0"
"9918829","7","21","1"
"9920209","1","0","0"
"9920617","1","3","0"
"9922061","0","10","0"
"9922171","19","7","3"
"9922629","4","7","1"
"9922647","2","99","1"
"9922737","0","10","0"
"9923490","1","1","0"
"9925593","4","17","0"
"9927941","83","17","0"
"9928908","0","10","0"
"9929449","9","76","0"
"9930476","0","11","0"
"9932194","12","6","0"
"9936023","0","4","0"
"9936892","0","5","0"
"9945211","0","9","0"
"9945524","11","13","1"
"9946987","0","88","0"
"9947412","7","21","0"
"9947525","4","1","0"
"9947826","1","9","0"
"9950587","0","3","0"
"9952529","0","10","0"
"9954605","1","4","0"
"9955950","2","5","0"
"9956773","0","6","0"
"9958179","1","19","0"
"9959070","3","5","0"
"9959115","0","5","0"
"9962870","0","33","0"
"9963270","6","3","1"
"9964403","4","18","0"
"9969672","0","52","0"
"9970629","2","5","0"
"9970824","0","1","0"
"9972301","0","18","0"
"9973177","1","39","0"
"9973329","0","1","0"
"9974025","1","14","1"
"9974771","5","22","0"
"9975453","1","9","0"
"9976967","2","4","0"
"9977758","4","34","0"
"9977815","9","10","0"
"9981360","6","4","1"
"9982935","7","7","0"
"9983172","10","11","0"
"9983294","1","5","0"
"9984846","6","60","0"
"9984992","2","16","0"
"9985032","3","2","0"
"9987590","36","27","3"
"9988162","0","41","1"
"9988706","2","422","0"
"9990440","0","10","0"
"9993413","0","74","0"
"9993480","0","57","0"
"9993548","1","11","0"
"9995087","0","7","0"
"9995542","0","95","0"
"9999810","8","1","1"
"10000566","0","0","0"
"10003008","7","31","0"
"10004072","3","54","0"
"10006439","1","18","0"
"10012449","0","15","0"
"10012856","10","15","0"
"10014012","3","1","1"
"10017265","0","2","0"
"10017662","0","136","0"
"10018427","8","19","0"
"10018602","2","109","0"
"10019464","0","3","0"
"10020838","1","36","0"
"10022587","4","2","0"
"10022666","2","5","0"
"10024463","1","3","0"
"10024596","2","2","0"
"10025322","12","26","0"
"10026839","2","1","0"
"10029265","16","14","0"
"10030894","0","1","0"
"10030961","11","60","0"
"10032647","17","14","0"
"10032733","11","18","0"
"10033423","1","12","0"
"10033455","3","17","0"
"10033584","0","5","0"
"10034177","4","67","0"
"10034762","0","8","0"
"10036006","76","0","6"
"10037278","5","9","0"
"10037470","19","18","0"
"10038648","0","29","0"
"10038725","0","2","0"
"10042411","2","0","0"
"10042514","1","4","0"
"10043323","0","8","0"
"10043427","1","25","0"
"10043695","22","172","2"
"10043870","50","49","2"
"10045952","4","6","2"
"10046524","0","11","0"
"10049017","1","1","0"
"10049080","0","2","0"
"10049735","3","7","0"
"10049966","0","32","0"
"10050775","8","76","1"
"10053470","0","8","0"
"10055166","0","88","0"
"10056178","0","4","0"
"10057704","0","59","0"
"10058474","1","4","0"
"10060134","18","24","12"
"10060829","1","17","0"
"10063876","0","3","0"
"10063903","1","8","0"
"10068520","0","17","0"
"10068879","3","9","0"
"10069002","1","8","1"
"10070957","0","14","0"
"10073792","14","25","0"
"10076907","0","3","0"
"10079978","4","22","0"
"10082415","5","29","0"
"10084485","0","30","0"
"10084494","1","10","1"
"10085080","12","2","1"
"10086352","0","228","0"
"10086742","22","26","2"
"10087419","3","10","0"
"10088439","29","31","0"
"10089811","3","14","0"
"10090030","7","11","0"
"10090039","0","0","0"
"10091841","0","6","0"
"10093446","1","25","0"
"10094067","9","13","0"
"10094167","6","2","0"
"10094263","0","4","0"
"10095168","11","11","9"
"10097117","0","12","0"
"10098651","0","57","0"
"10101235","0","27","0"
"10101321","11","5","3"
"10104154","6","39","0"
"10104999","3","3","0"
"10105193","1","4","0"
"10105487","1","8","0"
"10106965","0","2","0"
"10108332","72","46","6"
"10108726","12","17","1"
"10110932","6","5","0"
"10114772","4","7","0"
"10115166","0","2","0"
"10116445","0","70","0"
"10117185","6","8","0"
"10118727","0","2","0"
"10120633","3","76","0"
"10120952","8","0","0"
"10121165","11","29","0"
"10125230","0","9","0"
"10126596","7","50","0"
"10126723","6","35","0"
"10127727","0","9","0"
"10127980","10","24","0"
"10128864","3","6","0"
"10129231","1","1","0"
"10130045","1","0","0"
"10131684","0","4","0"
"10132321","25","29","0"
"10133085","9","10","1"
"10133114","23","68","1"
"10135062","3","7","0"
"10135377","4","0","0"
"10135562","12","21","0"
"10136829","1","39","0"
"10137281","1","11","0"
"10137925","10","15","0"
"10140665","3","37","0"
"10141530","7","22","0"
"10143503","0","15","0"
"10145167","0","0","0"
"10145519","0","37","0"
"10145865","2","12","0"
"10146901","2","6","1"
"10147641","4","23","1"
"10148071","4","117","0"
"10150468","1","21","0"
"10150864","2","6","0"
"10151066","38","8","2"
"10151980","1","10","0"
"10152435","6","66","0"
"10152674","2","59","0"
"10153071","1","7","0"
"10153304","3","5","0"
"10153574","0","5","0"
"10157245","0","4","0"
"10160271","3","58","0"
"10160890","0","4","0"
"10163557","0","2","0"
"10163595","4","7","0"
"10164092","0","2","0"
"10165237","12","8","0"
"10167101","1","5","0"
"10167900","0","9","0"
"10168187","0","9","0"
"10170629","0","4","0"
"10174866","2","37","1"
"10175848","0","11","1"
"10176057","46","44","0"
"10176665","1","4","0"
"10178679","1","24","0"
"10179777","0","114","0"
"10180401","1","3","0"
"10183099","3","67","0"
"10187218","2","19","0"
"10189024","8","16","3"
"10191971","4","5","0"
"10196369","2","34","0"
"10197738","0","7","2"
"10199360","0","1","0"
"10199456","2","23","0"
"10201930","0","2","0"
"10202259","3","1","0"
"10203419","0","13","0"
"10203597","1","11","0"
"10203694","1","5","0"
"10205462","7","1","1"
"10206094","0","0","1"
"10209902","0","1","0"
"10209987","0","8","0"
"10210321","0","13","0"
"10210902","0","24","0"
"10212903","0","0","0"
"10215160","2","43","0"
"10215243","3","7","0"
"10216078","5","13","0"
"10218973","0","0","0"
"10221682","1","5","1"
"10221936","12","13","0"
"10223454","0","1","0"
"10226332","11","16","0"
"10226695","0","92","0"
"10226836","1","5","0"
"10227261","0","5","0"
"10229423","3","15","3"
"10230053","0","1","0"
"10230741","2","29","0"
"10231700","2","1","0"
"10233647","2","10","0"
"10234464","23","17","1"
"10235667","0","1","1"
"10238427","17","9","0"
"10238560","2","2","0"
"10239185","0","2","0"
"10241361","0","24","0"
"10242047","0","71","0"
"10242229","0","13","0"
"10242595","0","6","0"
"10242645","0","3","0"
"10242650","4","6","2"
"10243060","0","46","0"
"10243786","0","17","0"
"10244234","1","5","0"
"10244451","1","7","0"
"10244998","31","21","0"
"10245694","0","12","0"
"10246875","0","11","0"
"10249156","30","15","3"
"10249176","21","26","0"
"10249529","0","30","0"
"10254476","22","73","0"
"10257512","0","9","0"
"10258072","2","20","1"
"10258933","46","29","22"
"10263321","8","50","0"
"10266059","5","10","1"
"10269515","0","12","0"
"10270107","2","19","0"
"10270246","27","35","0"
"10271741","0","65","0"
"10273013","4","100","0"
"10273196","3","3","0"
"10273308","0","56","0"
"10273504","0","18","0"
"10274125","1","34","0"
"10275555","2","7","1"
"10276412","0","58","0"
"10276801","0","19","0"
"10278643","0","7","0"
"10279066","42","44","1"
"10279237","0","10","0"
"10279336","1","6","0"
"10280206","0","2","0"
"10286813","6","15","0"
"10290918","4","11","0"
"10291167","42","153","0"
"10292408","5","18","0"
"10292570","1","0","0"
"10292818","4","15","0"
"10293794","1","7","0"
"10293830","2","35","0"
"10294022","10","17","0"
"10295847","0","15","0"
"10296123","1","9","0"
"10296769","2","49","0"
"10297594","0","23","0"
"10297806","2","10","0"
"10299385","2","4","0"
"10299604","0","5","0"
"10300202","2","2","0"
"10300663","0","2","0"
"10300732","1","4","5"
"10301182","9","71","0"
"10301322","14","36","5"
"10301938","0","7","0"
"10303173","5","33","0"
"10303783","0","14","0"
"10305283","1","7","0"
"10305787","0","0","0"
"10307728","0","9","0"
"10308191","0","92","0"
"10311292","2","8","0"
"10312417","8","17","0"
"10313003","0","0","0"
"10313866","13","5","1"
"10315704","0","22","2"
"10317376","1","16","0"
"10318272","13","36","0"
"10319615","0","21","0"
"10325356","9","3","0"
"10330374","0","28","0"
"10330735","1","10","0"
"10335421","0","24","0"
"10336155","47","35","0"
"10336603","0","5","0"
"10336740","0","7","0"
"10336767","0","4","0"
"10337166","59","8","0"
"10338096","3","14","1"
"10339199","1","8","0"
"10339463","1","11","0"
"10339524","0","39","0"
"10341554","2","14","1"
"10342150","0","11","0"
"10343144","8","60","0"
"10343888","6","45","0"
"10344196","19","55","1"
"10346275","1","31","1"
"10346405","5","19","0"
"10348183","1","1","0"
"10349423","0","3","0"
"10351377","0","0","0"
"10352684","17","15","0"
"10354667","0","8","0"
"10355015","0","2","0"
"10355668","0","0","0"
"10360134","19","65","0"
"10360966","24","5","0"
"10363343","9","0","1"
"10364693","54","61","0"
"10365380","39","17","1"
"10366237","27","71","5"
"10366303","27","47","1"
"10367178","1","0","0"
"10367381","7","5","0"
"10367546","0","2","0"
"10371864","1","29","0"
"10373693","0","3","0"
"10375208","2","8","0"
"10375688","36","55","0"
"10375741","6","16","0"
"10376405","15","10","0"
"10377102","2","58","0"
"10377302","7","20","2"
"10379693","0","54","0"
"10379728","30","31","27"
"10380225","0","68","0"
"10380766","6","40","0"
"10382744","0","99","0"
"10382769","0","12","0"
"10383509","53","1","5"
"10383650","0","76","1"
"10384954","17","4","0"
"10385798","0","22","0"
"10387008","3","19","0"
"10387434","2","1","0"
"10388072","9","38","0"
"10388856","2","14","0"
"10389355","0","0","0"
"10389571","0","31","1"
"10390808","0","15","0"
"10391127","2","8","0"
"10391157","145","143","17"
"10397400","1","22","0"
"10400598","19","37","1"
"10401124","9","3","0"
"10402220","1","3","0"
"10403061","27","35","6"
"10403133","1","3","0"
"10404034","0","1","0"
"10404390","7","8","0"
"10405269","5","7","0"
"10407448","0","3","0"
"10408987","5","26","6"
"10410162","77","27","18"
"10411744","2","38","1"
"10412712","1","0","0"
"10413070","1","5","0"
"10413255","0","22","0"
"10413273","0","15","0"
"10413348","0","5","0"
"10418725","21","16","8"
"10422933","7","53","0"
"10423024","6","110","0"
"10425733","0","2","0"
"10428123","0","5","0"
"10428392","0","19","0"
"10429180","1","5","0"
"10429259","0","15","0"
"10429349","0","82","0"
"10429755","0","57","0"
"10431550","1","8","0"
"10434805","0","8","0"
"10434847","1","2","0"
"10435837","0","92","0"
"10436779","0","5","0"
"10437727","23","38","0"
"10441598","11","82","7"
"10443508","5","20","0"
"10445466","1","9","0"
"10446480","5","7","0"
"10446484","0","25","0"
"10446972","3","20","0"
"10448398","1","16","1"
"10449645","7","12","0"
"10449864","13","66","0"
"10451126","3","28","0"
"10451566","0","19","0"
"10452046","8","68","0"
"10453550","8","17","0"
"10453819","19","22","0"
"10454516","3","23","0"
"10454720","2","5","0"
"10454733","1","13","0"
"10457088","0","49","0"
"10457159","0","44","0"
"10459255","3","18","0"
"10460736","4","10","0"
"10461328","1","0","0"
"10461588","3","14","2"
"10462126","0","5","0"
"10462834","1","1","0"
"10462931","0","13","0"
"10466809","27","4","0"
"10467477","0","2","0"
"10467554","15","1","0"
"10468291","0","13","0"
"10468354","3","2","0"
"10468516","0","11","0"
"10469432","2","5","0"
"10469591","0","1","0"
"10471853","0","37","0"
"10472621","0","34","0"
"10473393","21","39","1"
"10474740","1","8","0"
"10475274","15","6","3"
"10477283","7","12","0"
"10477323","5","24","0"
"10477326","2","12","3"
"10478563","0","4","0"
"10479081","1","3","0"
"10480323","27","37","3"
"10480869","1","3","0"
"10481318","0","26","0"
"10482516","7","23","2"
"10483893","12","17","0"
"10486605","0","7","0"
"10489562","95","43","1"
"10490428","30","76","0"
"10491171","0","10","0"
"10494346","2","3","0"
"10494949","3","30","0"
"10495300","0","0","0"
"10495683","0","27","1"
"10498111","5","9","0"
"10498134","1","5","0"
"10498256","8","142","2"
"10498741","2","25","0"
"10498802","14","120","2"
"10499624","0","5","0"
"10500424","4","9","0"
"10502619","0","47","0"
"10502979","2","3","0"
"10503039","34","23","4"
"10503567","7","0","0"
"10505343","0","8","0"
"10506185","0","3","0"
"10508565","0","20","0"
"10509015","6","0","0"
"10512014","33","11","0"
"10513287","100","64","0"
"10514633","19","15","2"
"10517984","3","6","1"
"10518213","0","36","0"
"10519373","1","4","0"
"10520293","73","105","0"
"10520839","1","9","0"
"10521235","16","32","0"
"10521934","0","13","0"
"10522970","0","46","0"
"10523554","1","43","0"
"10524064","8","12","0"
"10524503","18","47","1"
"10525932","0","24","0"
"10527012","0","23","0"
"10527496","1","27","0"
"10527823","13","12","0"
"10528552","0","10","0"
"10529573","2","4","0"
"10531665","3","14","0"
"10532439","0","6","0"
"10532753","9","12","0"
"10532768","4","29","0"
"10533012","18","13","0"
"10534633","22","13","2"
"10534901","6","12","0"
"10535718","17","159","1"
"10535824","27","156","1"
"10536806","0","27","0"
"10537571","4","8","0"
"10538100","1","9","0"
"10538842","0","4","0"
"10539890","0","4","0"
"10540974","2","1","0"
"10542645","46","14","55"
"10542740","39","31","7"
"10543130","8","7","0"
"10546172","26","49","3"
"10548486","0","3","0"
"10549662","0","8","0"
"10549791","0","21","0"
"10550655","0","37","0"
"10550998","4","29","0"
"10551444","5","28","0"
"10551887","0","7","0"
"10552387","0","20","0"
"10552870","0","8","0"
"10553411","3","15","0"
"10553747","3","108","0"
"10554658","0","33","0"
"10554673","0","2","0"
"10556217","3","13","0"
"10556711","0","40","2"
"10557179","1","51","1"
"10557540","5","30","0"
"10558160","3","62","0"
"10558169","8","9","0"
"10564458","0","6","0"
"10564881","5","10","0"
"10566045","17","10","0"
"10567061","1","16","0"
"10569355","3","25","0"
"10573307","0","0","0"
"10574261","0","1","0"
"10574959","1","10","0"
"10576132","1","7","0"
"10579735","3","9","0"
"10580200","1","0","0"
"10580513","4","22","0"
"10580773","0","14","0"
"10581613","3","13","0"
"10582681","0","1","0"
"10583199","0","21","0"
"10583434","17","52","2"
"10584061","4","32","0"
"10588650","3","5","0"
"10589426","7","20","0"
"10593355","1","15","0"
"10595169","0","11","0"
"10598399","5","10","0"
"10598820","0","25","0"
"10599450","0","39","0"
"10601203","96","467","23"
"10602418","2","6","0"
"10603758","2","4","0"
"10607591","3","52","0"
"10607694","0","0","0"
"10607799","1","20","0"
"10611188","2","0","0"
"10612257","0","37","0"
"10612586","16","5","4"
"10612622","0","11","0"
"10612806","0","32","0"
"10614344","2","9","0"
"10615308","4","6","0"
"10617518","10","23","0"
"10619554","1","23","0"
"10620003","19","56","1"
"10621296","52","151","3"
"10622280","0","1","0"
"10623634","0","10","0"
"10626207","13","16","0"
"10626286","0","1","0"
"10627291","0","3","0"
"10628833","4","38","0"
"10629573","0","6","0"
"10630629","9","25","0"
"10631354","7","5","0"
"10632772","1","10","0"
"10634362","4","74","0"
"10634638","2","3","0"
"10635762","16","31","0"
"10637188","2","49","0"
"10638652","0","14","0"
"10639238","0","27","0"
"10639354","0","7","0"
"10640283","1","14","0"
"10645965","10","23","0"
"10646189","0","2","0"
"10646511","0","0","0"
"10648765","4","29","0"
"10648987","4","11","0"
"10649115","3","53","0"
"10649229","0","2","0"
"10649437","1","8","0"
"10649529","30","50","0"
"10649618","0","0","0"
"10649754","0","2","0"
"10650407","4","88","1"
"10650696","6","22","0"
"10651074","7","31","0"
"10651182","1","10","0"
"10651696","1","8","0"
"10652509","5","28","0"
"10654098","20","42","0"
"10656350","0","2","0"
"10660307","18","14","0"
"10661193","26","21","0"
"10662987","9","15","0"
"10664022","0","10","0"
"10664048","0","24","0"
"10664939","7","12","0"
"10665516","2","7","0"
"10665655","0","1","0"
"10666066","0","27","0"
"10671200","2","16","0"
"10671274","4","19","2"
"10672178","1","20","0"
"10673068","11","73","0"
"10675898","1","83","0"
"10677682","1","14","0"
"10677884","0","14","0"
"10680762","0","3","0"
"10684385","12","5","9"
"10684798","3","13","0"
"10685553","15","33","1"
"10687325","6","17","0"
"10687615","13","14","0"
"10687907","64","64","2"
"10688308","12","19","2"
"10691191","0","3","0"
"10691258","10","32","0"
"10692175","6","29","0"
"10692891","12","140","3"
"10694438","6","19","0"
"10695663","0","31","0"
"10698100","75","114","19"
"10699097","18","27","2"
"10701033","0","4","0"
"10701585","1","21","0"
"10703628","19","9","0"
"10703868","2","4","1"
"10705248","0","34","0"
"10705803","3","2","2"
"10707092","17","80","0"
"10708920","2","2","0"
"10710643","0","8","0"
"10714380","2","4","1"
"10716450","20","48","6"
"10717907","11","22","0"
"10719868","0","67","0"
"10720618","4","3","0"
"10721203","0","16","0"
"10721542","11","2","0"
"10721563","0","12","0"
"10721589","3","7","0"
"10722733","6","23","0"
"10725507","0","30","0"
"10726359","3","87","0"
"10727283","3","11","0"
"10729303","0","11","0"
"10731216","9","1","8"
"10731757","3","17","1"
"10732351","6","43","1"
"10735585","0","7","0"
"10737114","1","56","0"
"10737626","0","52","0"
"10738665","0","2","0"
"10739750","91","22","1"
"10740287","0","16","0"
"10743233","1","6","0"
"10743742","0","3","0"
"10744614","6","15","0"
"10744889","12","23","3"
"10746597","1","43","0"
"10746872","3","26","0"
"10746925","0","12","0"
"10747873","11","17","0"
"10749726","3","94","0"
"10751883","2","11","0"
"10752944","0","18","0"
"10753343","1","8","1"
"10755112","13","23","0"
"10757264","2","35","0"
"10758321","16","20","1"
"10759647","0","7","0"
"10759659","2","5","0"
"10761353","9","34","13"
"10763533","0","10","1"
"10763750","4","50","0"
"10765031","24","20","0"
"10765649","0","1","0"
"10766511","24","17","1"
"10766766","0","10","0"
"10767143","2","8","0"
"10767161","0","11","0"
"10767647","7","4","0"
"10770415","2","7","0"
"10770469","1","13","1"
"10774817","4","7","0"
"10775602","2","12","0"
"10776883","1","4","0"
"10777618","1","26","0"
"10778673","4","11","0"
"10781026","0","68","0"
"10781340","1","1","0"
"10782024","48","221","2"
"10782809","0","83","0"
"10782855","2","4","0"
"10783700","0","1","0"
"10785667","1","6","0"
"10787371","2","17","2"
"10788185","0","12","0"
"10788231","11","5","0"
"10789204","17","0","0"
"10789707","187","98","1"
"10789874","3","19","0"
"10791086","4","43","7"
"10791330","1","12","0"
"10792320","14","15","0"
"10793427","1","4","0"
"10794555","10","12","1"
"10794716","3","18","0"
"10796681","0","9","0"
"10797718","0","42","0"
"10798015","7","60","0"
"10798040","2","17","1"
"10798114","3","13","0"
"10798363","12","1","36"
"10798716","2","1","0"
"10799997","0","18","0"
"10800423","0","2","0"
"10802531","0","0","0"
"10803535","0","28","0"
"10804348","9","43","1"
"10804423","40","22","2"
"10805479","7","106","0"
"10806551","37","26","0"
"10810169","0","1","0"
"10810304","1","4","0"
"10811516","0","9","0"
"10811865","5","47","0"
"10812986","2","8","0"
"10815761","0","4","0"
"10816587","2","4","0"
"10817571","1","36","0"
"10818184","4","12","0"
"10818367","5","26","0"
"10818812","0","12","0"
"10821558","2","39","1"
"10822859","6","59","0"
"10823147","0","2","0"
"10829101","0","10","0"
"10829300","1","5","0"
"10835478","9","6","5"
"10836820","1","7","0"
"10837620","5","11","0"
"10840292","3","14","0"
"10840750","0","34","0"
"10842291","10","6","0"
"10842351","7","24","5"
"10842900","19","23","0"
"10843200","0","56","0"
"10845300","0","11","0"
"10845768","0","23","0"
"10846570","3","18","0"
"10846582","0","35","0"
"10847019","0","6","1"
"10847224","18","38","0"
"10848420","0","36","0"
"10849288","9","12","0"
"10849727","5","40","0"
"10850718","12","11","1"
"10852113","0","144","0"
"10852413","0","54","0"
"10854225","3","8","0"
"10861790","0","1","0"
"10864550","1","10","0"
"10866729","1","12","0"
"10867662","1","83","0"
"10868312","22","3","1"
"10868923","0","15","0"
"10869284","1","42","0"
"10870842","1","0","0"
"10872189","10","11","0"
"10875110","3","17","0"
"10875311","11","42","0"
"10875738","58","57","6"
"10875953","0","97","0"
"10876104","0","3","0"
"10878623","0","29","0"
"10885583","1","22","0"
"10885754","3","1","0"
"10886350","11","97","0"
"10889271","0","5","0"
"10891675","0","159","0"
"10892973","2","12","0"
"10893827","3","0","7"
"10893903","60","31","4"
"10894145","0","3","0"
"10895042","42","16","1"
"10895614","0","1","0"
"10897981","4","61","0"
"10898038","1","4","0"
"10900851","4","28","1"
"10901921","1","17","2"
"10902946","3","20","1"
"10903581","8","2","0"
"10904662","0","1","0"
"10905535","9","10","0"
"10907280","9","66","0"
"10908886","12","16","1"
"10909317","0","4","0"
"10910438","12","162","3"
"10910984","0","16","0"
"10912170","9","25","0"
"10912187","0","1","0"
"10915018","2","46","5"
"10915280","1","8","0"
"10915949","0","22","0"
"10916580","1","45","0"
"10917416","13","44","0"
"10918620","0","8","0"
"10919370","6","22","1"
"10919961","3","40","0"
"10920207","8","18","0"
"10921014","5","19","0"
"10922679","7","31","0"
"10922921","0","24","0"
"10922948","2","11","0"
"10926702","1","8","0"
"10927457","4","44","1"
"10930717","2","6","0"
"10933373","7","76","0"
"10934636","24","8","1"
"10935137","14","21","0"
"10936691","0","30","0"
"10938722","2","18","0"
"10939080","2","27","0"
"10939204","1","49","0"
"10939373","0","82","0"
"10939701","0","3","0"
"10940544","7","7","0"
"10942128","0","3","0"
"10943282","21","1","0"
"10945409","5","10","0"
"10946893","6","7","1"
"10947572","3","63","0"
"10951873","6","38","0"
"10952155","1","9","0"
"10953958","5","53","0"
"10954249","1","27","0"
"10956441","0","6","0"
"10961649","0","3","0"
"10961947","0","2","0"
"10962180","4","9","0"
"10963215","44","34","0"
"10964894","12","6","0"
"10970669","9","29","0"
"10970839","2","35","0"
"10970871","10","41","7"
"10972959","0","16","0"
"10974490","0","20","0"
"10975244","3","0","0"
"10975692","9","30","0"
"10975709","2","75","0"
"10976182","2","7","0"
"10976284","0","0","0"
"10977681","6","38","0"
"10981696","42","95","0"
"10982121","4","15","1"
"10982177","1","8","0"
"10982785","2","2","0"
"10983470","0","33","0"
"10983525","2","1","0"
"10984188","0","5","0"
"10984192","0","9","0"
"10984284","4","9","0"
"10985257","38","84","0"
"10985412","0","36","1"
"10985797","4","20","0"
"10986054","0","14","0"
"10987085","1","7","0"
"10987126","0","1","0"
"10987310","10","6","0"
"10987905","3","1","0"
"10988386","42","43","7"
"10989407","106","233","2"
"10990664","0","5","1"
"10992051","2","109","0"
"10992342","5","33","0"
"10992387","0","6","0"
"10992417","1","21","0"
"10994132","2","4","0"
"10994244","1","0","0"
"10994363","12","18","0"
"10995550","2","251","8"
"10997676","0","5","0"
"10997988","2","8","0"
"10998081","5","16","0"
"10999757","0","41","0"
"11000412","15","5","0"
"11001003","0","3","0"
"11001751","12","22","1"
"11002589","17","12","0"
"11003343","1","23","1"
"11003497","15","53","0"
"11004482","0","14","0"
"11004559","1","6","0"
"11004770","3","5","0"
"11006284","0","0","0"
"11009349","5","6","0"
"11009351","0","2","0"
"11010112","0","61","0"
"11012952","0","1","0"
"11014310","0","70","0"
"11018641","7","3","0"
"11019205","4","28","0"
"11019563","0","3","0"
"11020164","5","50","0"
"11020515","4","6","0"
"11023821","40","8","3"
"11024344","0","0","0"
"11027652","14","4","5"
"11029624","0","0","0"
"11034016","0","2","0"
"11034353","48","16","8"
"11034408","4","13","0"
"11035142","2","10","0"
"11035194","5","32","1"
"11035850","0","9","0"
"11040577","0","40","0"
"11040735","1","52","0"
"11041668","19","6","2"
"11041834","8","22","0"
"11042897","0","72","0"
"11043676","38","64","0"
"11044929","4","2","0"
"11046238","4","16","0"
"11047953","0","6","0"
"11050231","1","3","0"
"11050470","0","18","0"
"11050869","0","3","0"
"11051541","0","42","0"
"11052072","3","6","0"
"11053343","37","78","0"
"11056726","2","23","0"
"11057932","54","29","8"
"11061164","20","45","7"
"11064188","0","7","0"
"11064332","2","5","0"
"11066033","0","11","0"
"11066298","22","23","2"
"11069307","8","11","0"
"11071504","16","16","0"
"11072533","44","33","0"
"11072709","9","45","0"
"11074399","1","40","0"
"11074422","5","9","0"
"11074646","0","2","0"
"11075348","1","7","0"
"11079284","14","29","0"
"11080485","1","15","0"
"11083442","0","3","0"
"11086515","1","51","0"
"11087018","0","16","0"
"11087305","0","12","0"
"11088581","0","75","0"
"11089028","2","18","0"
"11089623","4","12","7"
"11091299","5","28","1"
"11091456","8","3","2"
"11092636","127","240","0"
"11092910","0","18","0"
"11095009","24","64","2"
"11095644","3","19","0"
"11097900","1","8","0"
"11099895","1","34","0"
"11100735","0","3","0"
"11103705","0","53","0"
"11103856","1","22","0"
"11104626","0","1","0"
"11104908","0","17","0"
"11105356","0","63","0"
"11105685","0","4","0"
"11106360","2","7","0"
"11106507","21","60","0"
"11107192","16","56","2"
"11107672","4","8","0"
"11107859","9","48","1"
"11110455","0","38","0"
"11111990","0","4","0"
"11116090","20","74","3"
"11117382","1","11","0"
"11117535","1","5","0"
"11120306","4","9","0"
"11120774","0","3","0"
"11121568","0","40","0"
"11121782","4","10","0"
"11122141","84","28","0"
"11127541","3","36","1"
"11130088","0","44","0"
"11131411","3","10","0"
"11132995","5","27","0"
"11134035","3","5","0"
"11134160","0","23","0"
"11134167","25","24","0"
"11134583","3","26","0"
"11135849","0","6","0"
"11136668","2","61","0"
"11137679","6","4","0"
"11137856","0","26","0"
"11138133","6","16","0"
"11138585","9","3","0"
"11140420","1","12","0"
"11141271","3","8","0"
"11141749","1","5","0"
"11143111","22","25","1"
"11145139","0","2","0"
"11145147","0","9","0"
"11145261","2","7","0"
"11145307","0","1","0"
"11145820","0","18","0"
"11146632","0","18","1"
"11147804","9","10","0"
"11148081","0","5","0"
"11148296","7","37","1"
"11149106","0","67","0"
"11149837","0","7","0"
"11152425","15","16","3"
"11152683","24","41","2"
"11153441","1","4","101"
"11153582","1","6","0"
"11154620","15","7","0"
"11155207","17","31","0"
"11155415","13","7","0"
"11156380","1","7","1"
"11157436","9","12","0"
"11158393","12","17","0"
"11159280","1","2","0"
"11159476","28","28","0"
"11161388","0","7","0"
"11161962","0","4","0"
"11163214","3","38","0"
"11164271","4","3","0"
"11165048","0","14","0"
"11165788","8","1","0"
"11168170","9","18","3"
"11168176","0","67","0"
"11168409","3","59","1"
"11170656","19","11","3"
"11170736","13","29","0"
"11177720","20","132","1"
"11187075","2","10","0"
"11189133","2","20","0"
"11189668","1","17","0"
"11190110","2","6","0"
"11190169","21","10","0"
"11190238","0","2","0"
"11191948","7","1","0"
"11192550","0","11","0"
"11192976","14","26","11"
"11194137","0","18","0"
"11195731","2","3","0"
"11195868","0","3","0"
"11196441","12","128","1"
"11196452","6","11","2"
"11196771","12","23","0"
"11199887","3","2","1"
"11200005","33","28","0"
"11200608","25","0","0"
"11201290","1","4","0"
"11203006","0","5","0"
"11205287","11","67","0"
"11206308","0","4","0"
"11207358","6","5","0"
"11207965","0","39","0"
"11208064","3","22","2"
"11208820","2","7","3"
"11210003","13","83","0"
"11211041","5","5","11"
"11211430","3","2","0"
"11211473","0","1","0"
"11211759","2","6","0"
"11212275","8","10","1"
"11214108","0","14","0"
"11214643","52","33","0"
"11214886","0","46","0"
"11216906","9","15","0"
"11217012","0","3","0"
"11221104","15","30","0"
"11222662","6","6","1"
"11226214","0","22","0"
"11227891","1","11","0"
"11227919","69","104","0"
"11228798","8","14","0"
"11230588","0","34","0"
"11232272","0","12","0"
"11232438","5","38","0"
"11234199","175","52","2"
"11234827","0","15","0"
"11235449","2","18","0"
"11235876","0","44","0"
"11236563","0","78","0"
"11238034","5","26","1"
"11238118","5","15","0"
"11239018","2","22","0"
"11239195","3","10","0"
"11239251","12","16","2"
"11242930","0","26","0"
"11243998","2","12","0"
"11244991","3","14","0"
"11246894","5","15","0"
"11248245","2","5","0"
"11248859","2","10","0"
"11249318","1","5","0"
"11249828","1","3","0"
"11249864","4","8","0"
"11249929","5","4","0"
"11250133","0","24","0"
"11251010","0","12","0"
"11252174","35","26","0"
"11253712","3","5","0"
"11254630","2","29","0"
"11254818","0","20","0"
"11255630","26","29","0"
"11257385","6","18","0"
"11259304","9","39","0"
"11260467","12","53","1"
"11261546","25","83","0"
"11262404","0","10","0"
"11262560","0","32","0"
"11262633","25","33","0"
"11263240","1","10","0"
"11264793","1","5","0"
"11265026","4","6","0"
"11265290","1","2","0"
"11265637","0","16","0"
"11265720","3","9","0"
"11268154","0","4","0"
"11268398","9","40","0"
"11269045","12","108","0"
"11269158","0","37","0"
"11271671","5","135","0"
"11271840","3","5","0"
"11272464","0","0","0"
"11273483","11","29","0"
"11273997","3","3","0"
"11275515","0","10","0"
"11275562","2","90","0"
"11277108","39","94","0"
"11277878","24","41","1"
"11279981","10","15","0"
"11280068","33","101","1"
"11281707","25","16","6"
"11282077","1","41","0"
"11282470","0","16","0"
"11283020","0","8","0"
"11283638","4","26","0"
"11283695","3","40","0"
"11284068","1","2","0"
"11289386","0","37","0"
"11291844","3","42","4"
"11292068","11","5","0"
"11293413","2","54","0"
"11293523","4","50","0"
"11297147","10","15","0"
"11298974","20","23","2"
"11299632","0","26","0"
"11299656","16","13","3"
"11301085","4","8","0"
"11301126","2","17","1"
"11302100","9","25","0"
"11304107","41","42","1"
"11305029","19","37","1"
"11305308","52","80","0"
"11306878","0","0","0"
"11307127","6","49","2"
"11308345","3","5","0"
"11308378","3","50","0"
"11310640","5","2","0"
"11310951","1","8","0"
"11311620","0","7","0"
"11311715","0","0","0"
"11312366","1","0","0"
"11313959","0","15","0"
"11315866","2","41","0"
"11316163","0","5","0"
"11317541","2","6","0"
"11317931","2","24","2"
"11318154","2","3","0"
"11318161","2","12","0"
"11318930","28","22","2"
"11319063","4","5","0"
"11320178","8","16","0"
"11320820","0","3","0"
"11323473","12","2","0"
"11324994","3","26","0"
"11329095","0","23","0"
"11332424","2","2","0"
"11333172","12","11","3"
"11334608","14","6","2"
"11335072","17","21","0"
"11337273","6","4","0"
"11337553","0","3","0"
"11338150","3","71","0"
"11338900","6","37","0"
"11339386","6","7","1"
"11340462","8","53","0"
"11340631","9","5","0"
"11340793","2","6","0"
"11342997","0","8","0"
"11343076","1","4","0"
"11345852","0","0","0"
"11347983","1","6","0"
"11348316","4","14","0"
"11351725","1","9","0"
"11354407","2","15","0"
"11355399","3","32","0"
"11355968","12","29","0"
"11356202","0","28","0"
"11356638","1","26","0"
"11357695","21","18","0"
"11359310","40","49","0"
"11360035","44","99","0"
"11360272","0","7","0"
"11360794","4","12","0"
"11361272","6","5","0"
"11361894","5","37","0"
"11361952","0","8","0"
"11363789","1","11","0"
"11365178","1","2","0"
"11365465","0","30","0"
"11368281","7","9","0"
"11368483","7","15","0"
"11370312","2","27","0"
"11370582","42","68","4"
"11374051","2","28","0"
"11375002","12","50","0"
"11377950","1","0","0"
"11378937","2","17","0"
"11383969","21","85","1"
"11384455","2","58","0"
"11384740","1","22","0"
"11385052","0","148","0"
"11385442","16","28","0"
"11390523","0","50","0"
"11392110","0","0","0"
"11392177","0","23","1"
"11392333","8","9","0"
"11394571","0","2","0"
"11395264","15","16","8"
"11397243","50","55","0"
"11399142","9","14","0"
"11399221","18","50","2"
"11402198","2","0","0"
"11403638","2","13","0"
"11404295","17","9","0"
"11404554","0","17","0"
"11408662","0","0","0"
"11410980","3","51","0"
"11411342","17","32","0"
"11413106","0","16","0"
"11414612","24","5","5"
"11415784","0","5","0"
"11417822","0","5","1"
"11419020","0","0","0"
"11420630","26","14","0"
"11421381","14","90","1"
"11422689","20","56","0"
"11422830","0","0","0"
"11423283","15","15","1"
"11423386","5","66","0"
"11423857","0","13","0"
"11423910","0","4","0"
"11426324","1","41","3"
"11426731","1","8","0"
"11426982","4","6","0"
"11427841","28","58","4"
"11428852","2","3","0"
"11430151","1","5","0"
"11430272","1","4","0"
"11431068","8","9","0"
"11435898","4","31","4"
"11437648","0","24","0"
"11438666","12","71","0"
"11438803","19","31","0"
"11438881","3","4","0"
"11439327","0","3","0"
"11441668","10","8","7"
"11442598","1","144","11"
"11442976","2","3","0"
"11443623","7","85","11"
"11445644","2","10","0"
"11445727","7","54","2"
"11445944","22","158","1"
"11449180","0","0","0"
"11450174","2","11","1"
"11451001","0","8","0"
"11451181","0","17","0"
"11451428","3","13","0"
"11454413","0","10","0"
"11456475","3","17","3"
"11457981","3","6","0"
"11458740","0","22","0"
"11459416","0","19","0"
"11465188","0","0","0"
"11465355","14","20","0"
"11468488","0","11","0"
"11468648","11","0","1"
"11468868","0","26","0"
"11469519","50","69","0"
"11471381","2","8","0"
"11473506","2","8","0"
"11474305","0","3","0"
"11476545","24","12","0"
"11476834","7","7","2"
"11477031","0","27","0"
"11477081","0","2","0"
"11478354","136","161","8"
"11478858","0","15","0"
"11479709","0","0","0"
"11480221","0","70","0"
"11480721","0","60","2"
"11481509","7","0","0"
"11481694","3","69","0"
"11482176","5","52","0"
"11483646","3","30","25"
"11485370","3","47","0"
"11486307","0","10","0"
"11486357","4","7","0"
"11486874","19","8","0"
"11488790","3","43","0"
"11490808","0","14","0"
"11493218","0","7","0"
"11493447","0","29","0"
"11494222","10","15","8"
"11494461","0","1","0"
"11495808","5","12","1"
"11496570","0","0","0"
"11501306","44","21","0"
"11501517","6","13","0"
"11502478","0","0","0"
"11504128","0","6","0"
"11505355","0","12","0"
"11505680","12","16","0"
"11509626","0","7","0"
"11509906","8","20","0"
"11510697","2","120","0"
"11512979","4","0","0"
"11513875","2","3","0"
"11513972","2","0","1"
"11514602","1","51","0"
"11515528","28","59","0"
"11517037","12","2","0"
"11521002","0","96","0"
"11521081","0","8","0"
"11522147","0","2","0"
"11523447","0","36","0"
"11523617","4","11","0"
"11526141","0","1","0"
"11527968","0","17","0"
"11528511","1","26","0"
"11530164","0","22","0"
"11530809","5","8","0"
"11531646","0","42","0"
"11531910","6","3","0"
"11532731","9","46","0"
"11534117","0","3","0"
"11535032","0","7","0"
"11538618","2","10","0"
"11540133","1","6","0"
"11541528","42","49","0"
"11541718","8","36","0"
"11542205","0","18","0"
"11542834","0","116","0"
"11543253","1","1","0"
"11544538","17","133","2"
"11544943","0","2","0"
"11546077","3","21","0"
"11547130","1","102","0"
"11548885","0","0","0"
"11549757","3","3","0"
"11550733","3","23","0"
"11553792","2","2","0"
"11553835","0","11","0"
"11554158","0","3","0"
"11554868","1","2","0"
"11554968","4","54","0"
"11555124","11","54","0"
"11555297","1","25","0"
"11555535","5","28","0"
"11555886","3","59","0"
"11556864","6","5","0"
"11557508","0","5","0"
"11557612","1","2","1"
"11557906","24","51","7"
"11558043","1","3","0"
"11561000","33","74","1"
"11563040","1","10","0"
"11564586","82","39","4"
"11564766","8","3","0"
"11565176","12","9","1"
"11567596","0","3","0"
"11570343","2","18","0"
"11573870","0","9","0"
"11574292","0","5","0"
"11574713","0","13","0"
"11578082","10","12","0"
"11578154","0","24","0"
"11578778","4","7","0"
"11579184","16","13","3"
"11579367","4","18","0"
"11579741","0","22","0"
"11580131","14","12","1"
"11580350","0","7","0"
"11582192","2","15","0"
"11582270","0","82","0"
"11582682","0","7","0"
"11584125","29","9","0"
"11584839","1","34","0"
"11586205","3","0","0"
"11586464","0","4","0"
"11586487","9","19","0"
"11587745","1","7","0"
"11589667","0","23","0"
"11590227","2","8","0"
"11592336","2","10","0"
"11592836","1","38","0"
"11593292","0","0","0"
"11594202","14","37","0"
"11594979","3","29","0"
"11596811","3","39","0"
"11597114","10","32","0"
"11598566","4","16","0"
"11598759","0","0","0"
"11603006","5","4","0"
"11603485","92","43","21"
"11603561","0","2","0"
"11604356","2","40","0"
"11607378","13","54","0"
"11608679","0","36","0"
"11608763","0","0","0"
"11608928","1","9","0"
"11609332","2","4","0"
"11609403","5","49","0"
"11609834","10","64","0"
"11611195","0","8","0"
"11611246","20","31","0"
"11612861","11","74","0"
"11614242","0","2","0"
"11615575","9","13","1"
"11619191","1","4","0"
"11620695","1","3","0"
"11621414","0","21","0"
"11622101","14","27","0"
"11622707","1","3","0"
"11622836","0","9","0"
"11623001","4","94","0"
"11623735","0","0","0"
"11624105","1","9","0"
"11627425","0","3","0"
"11628256","1","26","0"
"11628437","33","26","1"
"11628460","13","24","0"
"11629229","1","6","0"
"11630806","10","21","6"
"11631828","7","17","0"
"11634175","0","17","0"
"11634381","7","112","0"
"11635652","0","37","0"
"11636064","0","2","0"
"11637634","0","26","0"
"11639763","1","9","0"
"11645980","1","58","0"
"11647700","5","18","0"
"11647876","13","33","1"
"11649498","99","207","10"
"11650207","2","10","0"
"11650909","5","10","0"
"11651779","1","14","0"
"11651826","0","2","0"
"11652441","0","18","0"
"11652513","1","4","0"
"11652835","7","19","0"
"11653949","7","5","0"
"11654745","0","0","0"
"11655094","3","43","0"
"11656407","90","94","11"
"11656450","10","83","0"
"11656516","5","16","0"
"11658084","3","36","0"
"11658553","15","39","0"
"11658924","4","38","4"
"11661156","16","14","0"
"11662604","2","13","0"
"11662833","7","21","0"
"11663802","0","1","0"
"11664800","0","20","0"
"11666446","2","40","1"
"11666461","1","13","0"
"11668910","1","7","0"
"11669366","0","8","0"
"11671972","2","4","0"
"11672352","8","28","0"
"11681158","1","4","4"
"11681480","8","10","0"
"11682840","0","1","0"
"11684701","0","18","0"
"11684935","0","7","0"
"11685671","1","8","0"
"11686674","32","22","0"
"11687201","8","63","0"
"11687571","0","2","0"
"11688567","0","97","1"
"11690901","0","3","0"
"11691244","2","7","0"
"11692124","27","48","0"
"11692985","0","6","0"
"11694321","0","6","0"
"11697139","1","35","0"
"11697936","14","431","0"
"11698825","3","11","1"
"11699511","0","6","0"
"11702221","35","22","2"
"11703105","0","7","0"
"11704057","4","29","0"
"11705697","0","7","0"
"11706586","2","5","0"
"11707957","29","28","0"
"11708327","1","40","0"
"11708585","6","14","0"
"11709021","0","197","0"
"11709296","7","100","0"
"11711280","2","21","3"
"11715384","2","9","1"
"11716408","1","1","0"
"11717058","0","34","0"
"11717481","16","324","0"
"11717910","8","4","0"
"11718077","1","21","0"
"11718792","0","48","0"
"11720797","2","5","0"
"11723599","17","11","10"
"11723842","2","2","0"
"11724014","13","37","1"
"11725354","5","3","0"
"11726149","8","192","0"
"11727541","3","28","0"
"11728128","1","4","0"
"11728990","0","19","0"
"11729812","1","6","0"
"11730888","0","6","0"
"11734692","2","13","0"
"11737993","0","11","0"
"11741232","22","41","1"
"11742753","1","20","0"
"11743253","0","32","0"
"11743588","0","44","0"
"11743643","5","46","0"
"11745574","8","18","2"
"11745788","1","32","0"
"11746909","0","43","0"
"11748128","2","23","0"
"11748351","0","19","0"
"11748924","31","58","0"
"11749651","1","25","0"
"11749777","4","20","46"
"11749831","3","60","7"
"11751609","10","17","0"
"11752443","1","18","0"
"11753731","10","22","6"
"11754047","10","17","0"
"11755018","5","24","0"
"11755155","6","8","0"
"11755228","4","47","1"
"11758344","20","11","0"
"11758610","4","11","0"
"11759438","25","24","0"
"11760076","85","9","1"
"11761166","35","148","1"
"11762199","1","14","0"
"11764049","7","20","6"
"11764050","0","39","0"
"11764886","6","12","0"
"11766145","2","5","3"
"11767648","1","4","0"
"11768882","33","21","13"
"11769859","0","39","0"
"11770490","2","2","0"
"11771447","4","27","1"
"11774056","0","2","0"
"11774959","8","24","0"
"11777065","39","10","12"
"11777402","5","82","0"
"11777454","10","32","0"
"11777715","0","9","0"
"11779147","0","8","0"
"11783340","0","0","0"
"11783958","2","6","0"
"11784905","0","7","0"
"11785852","1","3","0"
"11787139","2","61","0"
"11787313","0","7","0"
"11787903","11","82","0"
"11790081","7","7","1"
"11790692","4","2","0"
"11790764","4","13","5"
"11792830","12","44","0"
"11792914","0","10","0"
"11794577","3","3","0"
"11795603","1","2","0"
"11795918","1","12","0"
"11796404","6","18","5"
"11801269","0","7","0"
"11801411","2","11","0"
"11803687","16","60","1"
"11803945","0","14","0"
"11805824","1","15","0"
"11811412","9","55","5"
"11812006","19","29","0"
"11812518","0","3","0"
"11812563","0","15","0"
"11812564","1","15","0"
"11813885","0","9","0"
"11814273","0","7","0"
"11814358","9","3","0"
"11814361","8","7","0"
"11814486","3","55","1"
"11815170","0","11","0"
"11815313","0","132","0"
"11815448","0","31","0"
"11822556","0","18","0"
"11823986","0","0","0"
"11824538","2","14","1"
"11826017","6","2","0"
"11826454","0","11","0"
"11827033","0","14","0"
"11827059","32","47","55"
"11827404","4","17","0"
"11827691","17","28","4"
"11828164","14","20","0"
"11829012","0","2","0"
"11829398","46","28","2"
"11831226","2","94","0"
"11831707","4","4","1"
"11831973","2","13","0"
"11834297","4","2","0"
"11838196","21","24","2"
"11838606","4","35","0"
"11840031","3","12","0"
"11841135","0","1","0"
"11844048","3","6","0"
"11845013","4","1","1"
"11846040","13","18","4"
"11846078","0","4","0"
"11846953","143","22","0"
"11847557","4","6","0"
"11848307","0","4","0"
"11848561","1","2","0"
"11848685","0","23","0"
"11849033","0","1","0"
"11850322","29","64","1"
"11852419","2","33","0"
"11853904","0","11","0"
"11855654","2","42","0"
"11856099","0","53","0"
"11856430","32","24","1"
"11861218","5","80","0"
"11861493","0","4","0"
"11863448","112","239","28"
"11863556","0","3","0"
"11863894","1","13","0"
"11865450","0","0","0"
"11866037","1","15","0"
"11868502","0","6","0"
"11869866","13","38","19"
"11870285","2","30","1"
"11870335","1","39","0"
"11871733","7","9","0"
"11872367","7","4","0"
"11873647","1","61","0"
"11873929","7","6","0"
"11874098","2","20","0"
"11876830","8","6","2"
"11877987","1","7","0"
"11878751","4","2","0"
"11879205","10","33","2"
"11879558","12","8","84"
"11880263","0","1","0"
"11880323","56","191","2"
"11880684","1","14","0"
"11881368","0","11","0"
"11881804","0","7","0"
"11882873","0","6","0"
"11884052","0","20","0"
"11884764","51","22","0"
"11885241","0","13","0"
"11885780","6","9","0"
"11886045","0","3","0"
"11886417","0","0","0"
"11888809","9","16","0"
"11889111","1","14","0"
"11889907","0","0","0"
"11891228","2","138","0"
"11891319","1","14","0"
"11891580","8","11","4"
"11893765","2","0","0"
"11893958","2","3","0"
"11894228","0","0","0"
"11894669","1","8","0"
"11895459","4","72","0"
"11895568","1","42","0"
"11897032","1","0","1"
"11897522","1","6","0"
"11898172","22","13","32"
"11900716","0","20","0"
"11902787","0","50","0"
"11906235","0","11","0"
"11908145","3","73","0"
"11908438","1","9","0"
"11908757","5","9","5"
"11909003","4","9","1"
"11910702","33","33","8"
"11911577","1","19","0"
"11911813","0","2","0"
"11913765","8","18","0"
"11915595","0","31","0"
"11919175","2","53","0"
"11920147","9","48","0"
"11920892","0","51","0"
"11921489","0","2","0"
"11922179","12","22","1"
"11922567","12","43","8"
"11922643","13","82","0"
"11923286","61","13","1"
"11925371","2","10","6"
"11926169","40","17","10"
"11927040","2","12","0"
"11927434","6","14","2"
"11928455","0","24","0"
"11928527","66","69","0"
"11930252","10","13","0"
"11931101","0","87","0"
"11931787","4","11","1"
"11932012","2","10","0"
"11934850","3","48","0"
"11935026","4","28","0"
"11935654","10","33","2"
"11937243","0","5","0"
"11937789","11","179","0"
"11938709","0","7","0"
"11938729","1","13","0"
"11939840","17","100","2"
"11941084","0","7","0"
"11941095","1","24","0"
"11941146","4","4","0"
"11941549","24","65","0"
"11942385","5","12","0"
"11942492","1","32","0"
"11945373","9","57","0"
"11945463","54","9","0"
"11946045","7","8","0"
"11947188","0","29","0"
"11948546","4","16","0"
"11949116","43","32","0"
"11951051","0","52","0"
"11951277","0","8","0"
"11953196","2","11","0"
"11953633","2","9","0"
"11954782","1","1","0"
"11956116","0","4","0"
"11959734","2","3","0"
"11960977","2","8","1"
"11961036","46","52","3"
"11961514","10","42","0"
"11963167","1","18","0"
"11963457","13","35","1"
"11963779","0","11","0"
"11964458","0","1","0"
"11966136","1","4","0"
"11966421","1","9","0"
"11966906","8","12","0"
"11968089","0","8","0"
"11974466","15","10","0"
"11975045","3","9","0"
"11976630","0","14","0"
"11977284","2","89","0"
"11979146","11","2","161"
"11982162","6","34","1"
"11982497","4","52","0"
"11983208","14","40","0"
"11984843","7","28","0"
"11985062","84","18","3"
"11986067","2","4","0"
"11986963","12","13","1"
"11988351","11","17","0"
"11989412","22","15","11"
"11990317","0","23","0"
"11992033","5","1","0"
"11993679","3","22","0"
"11993840","0","12","0"
"11993925","25","31","0"
"11995761","1","1","0"
"11998029","10","31","0"
"11999748","0","51","0"
"12001877","1","3","0"
"12002600","21","46","1"
"12003183","2","19","0"
"12003938","1","2","0"
"12003966","1","68","0"
"12005025","7","6","2"
"12006281","7","6","0"
"12009071","13","16","1"
"12010568","1","9","0"
"12014156","4","6","0"
"12014524","0","7","0"
"12017533","0","1","0"
"12017769","2","1","1"
"12018635","0","0","0"
"12020542","1","7","0"
"12020710","4","12","0"
"12020853","7","21","0"
"12023661","1","51","0"
"12023921","3","8","1"
"12026545","0","3","0"
"12030680","0","12","0"
"12031119","0","36","0"
"12031648","0","7","0"
"12032098","0","53","0"
"12033762","10","10","1"
"12034466","0","26","0"
"12035498","11","16","1"
"12036005","0","4","9"
"12036450","4","20","2"
"12036671","1","53","0"
"12040178","0","40","1"
"12040634","4","33","0"
"12040727","4","31","0"
"12040751","14","41","0"
"12041020","0","17","0"
"12041280","3","13","0"
"12044397","0","28","0"
"12048003","4","25","0"
"12048600","2","7","0"
"12048625","0","7","0"
"12051755","0","8","0"
"12052309","1","9","0"
"12053079","54","113","0"
"12053397","81","8","74"
"12053457","5","38","5"
"12053682","0","7","0"
"12053724","27","29","1"
"12053756","3","24","0"
"12054032","4","29","1"
"12054590","0","32","0"
"12054883","5","1","0"
"12054903","0","21","0"
"12056368","0","1","0"
"12056841","11","23","1"
"12057512","4","127","0"
"12057794","1","2","0"
"12058026","0","3","0"
"12058591","5","4","0"
"12060289","0","3","0"
"12061972","0","5","0"
"12062831","0","26","0"
"12064319","1","30","1"
"12065399","0","67","0"
"12066468","0","21","0"
"12066677","4","17","0"
"12070549","18","32","3"
"12073621","5","11","0"
"12075306","3","49","1"
"12078109","1","12","0"
"12080199","9","10","0"
"12080644","0","14","0"
"12081269","7","17","0"
"12081337","0","25","0"
"12082289","2","14","0"
"12083662","1","33","0"
"12083845","0","7","0"
"12084219","0","16","0"
"12084349","0","14","0"
"12084802","2","7","0"
"12085680","66","45","1"
"12085772","46","34","0"
"12086793","1","11","0"
"12087117","0","10","0"
"12089368","1","8","0"
"12090310","20","28","0"
"12092416","2","6","3"
"12093975","29","53","0"
"12094566","1","22","2"
"12094976","165","60","4"
"12095270","0","162","0"
"12096670","7","9","0"
"12097673","16","36","0"
"12100772","10","20","0"
"12100901","5","42","0"
"12100921","4","0","0"
"12101201","2","5","0"
"12103109","14","11","0"
"12103577","5","12","0"
"12104971","0","1","0"
"12105019","1","27","1"
"12108699","0","8","0"
"12110258","9","17","4"
"12111186","11","59","0"
"12112549","0","11","0"
"12114919","2","3","0"
"12115512","1","6","0"
"12116401","0","12","0"
"12117968","0","8","0"
"12118516","5","18","0"
"12118888","0","62","0"
"12119351","49","46","5"
"12119825","2","64","0"
"12121052","4","15","0"
"12121251","0","0","0"
"12121325","15","16","0"
"12122460","7","241","0"
"12124177","1","1","0"
"12125320","26","67","0"
"12126422","7","21","0"
"12126562","2","4","0"
"12126897","4","7","1"
"12128167","3","37","1"
"12129150","11","24","0"
"12129644","0","18","0"
"12129650","0","3","0"
"12131249","25","22","0"
"12131806","22","31","0"
"12132021","2","43","0"
"12136510","2","2","0"
"12137312","7","39","5"
"12138592","24","115","13"
"12142547","13","10","1"
"12146581","15","221","1"
"12149625","0","8","0"
"12149698","0","14","0"
"12150026","1","4","0"
"12150524","3","2","3"
"12152032","18","41","0"
"12152078","0","4","0"
"12152937","6","2","0"
"12153321","10","26","1"
"12156349","1","2","0"
"12158123","0","28","0"
"12160182","2","9","0"
"12162243","4","11","0"
"12162473","4","12","0"
"12162481","0","8","0"
"12162813","0","2","0"
"12165605","1","13","0"
"12169382","9","23","0"
"12171038","12","22","0"
"12171673","15","206","0"
"12172291","0","77","0"
"12172493","0","16","0"
"12172908","2","5","0"
"12173339","1","7","0"
"12173531","2","7","0"
"12173865","1","43","0"
"12176221","29","63","1"
"12177498","1","77","3"
"12177707","0","47","0"
"12183825","31","62","0"
"12186528","25","1","0"
"12186963","1","5","0"
"12187513","0","1","0"
"12189049","1","10","0"
"12189257","0","41","0"
"12189568","0","4","3"
"12189790","5","1","0"
"12189828","0","4","0"
"12193818","0","2","0"
"12193952","40","13","2"
"12194044","0","1","0"
"12195695","9","18","0"
"12196081","0","2","0"
"12196549","0","8","0"
"12196664","16","158","0"
"12197071","12","32","0"
"12199915","17","36","1"
"12200765","3","4","0"
"12200949","0","126","0"
"12201407","2","12","2"
"12202964","9","7","0"
"12203568","1","23","0"
"12204281","1","5","0"
"12205676","3","30","0"
"12206312","19","20","2"
"12206317","1","27","0"
"12207183","31","18","0"
"12211740","5","16","6"
"12211826","2","1","0"
"12215938","2","6","0"
"12216762","2","20","0"
"12216779","2","23","2"
"12218522","6","51","0"
"12218938","10","16","1"
"12219726","9","15","0"
"12221382","3","94","0"
"12221547","2","0","0"
"12222861","0","6","0"
"12223815","1","3","0"
"12224743","0","29","0"
"12225165","0","25","0"
"12225720","1","6","0"
"12227120","0","75","0"
"12228079","4","26","1"
"12229158","1","43","0"
"12229910","170","77","6"
"12232127","8","19","0"
"12232260","0","3","0"
"12232870","0","304","0"
"12236313","40","22","1"
"12236467","3","4","0"
"12239272","0","67","0"
"12239849","0","30","0"
"12242150","0","2","0"
"12244217","1","10","0"
"12244448","1","11","0"
"12247578","0","19","0"
"12250600","0","12","0"
"12251609","2","49","0"
"12251738","1","18","0"
"12252172","0","8","0"
"12252478","1","1","0"
"12254098","0","31","0"
"12254260","1","38","0"
"12256622","1","41","0"
"12259643","1","13","1"
"12259756","1","8","0"
"12260088","17","61","0"
"12261221","1","6","0"
"12261829","0","0","0"
"12262729","19","28","0"
"12263543","4","36","0"
"12263779","0","34","0"
"12264153","4","17","0"
"12265543","0","23","0"
"12267456","0","31","0"
"12268570","10","92","0"
"12269723","0","33","0"
"12271381","2","20","0"
"12271569","88","24","0"
"12273225","0","3","0"
"12273437","3","3","0"
"12274651","0","5","1"
"12276108","2","4","0"
"12276279","6","39","0"
"12276511","1","14","0"
"12278098","6","34","9"
"12279326","20","16","0"
"12282048","0","12","0"
"12284585","17","96","2"
"12284689","8","30","0"
"12285643","3","5","0"
"12286256","1","5","0"
"12286965","7","2","0"
"12289730","20","43","0"
"12291046","8","3","0"
"12291279","2","18","2"
"12291425","7","4","0"
"12291657","0","11","0"
"12294690","1","14","0"
"12295975","1","1","0"
"12296712","0","6","0"
"12297382","12","22","0"
"12297670","1","6","0"
"12298875","2","4","1"
"12299287","5","9","1"
"12301385","0","7","0"
"12301681","2","9","0"
"12302982","15","64","0"
"12305715","0","3","0"
"12305721","3","18","0"
"12308302","1","15","0"
"12308816","0","1","0"
"12309519","0","2","0"
"12312156","0","34","0"
"12312873","4","26","0"
"12313321","1","5","0"
"12313402","9","7","0"
"12313845","1","12","0"
"12316388","37","28","1"
"12316488","7","23","0"
"12319120","0","4","0"
"12320578","0","21","0"
"12324247","41","13","1"
"12326149","66","50","0"
"12327726","0","2","0"
"12328750","26","24","0"
"12329136","2","18","0"
"12330595","2","3","0"
"12332290","4","40","1"
"12334166","3","13","0"
"12334231","0","0","0"
"12334270","0","20","0"
"12335211","0","7","0"
"12336251","3","7","0"
"12337118","5","8","0"
"12338762","1","15","0"
"12339579","0","20","0"
"12339828","0","1","0"
"12340029","32","17","0"
"12342019","1","34","0"
"12344263","1","11","0"
"12347635","11","11","0"
"12348028","16","6","0"
"12349305","10","29","0"
"12351436","2","8","0"
"12352865","1","11","43"
"12353978","0","67","0"
"12355272","15","58","5"
"12355831","1","5","0"
"12356313","1","1","0"
"12358733","8","6","0"
"12360035","0","120","0"
"12361037","0","7","0"
"12362709","4","27","0"
"12363248","0","77","0"
"12363915","0","23","0"
"12367340","0","16","0"
"12367690","2","10","0"
"12368148","3","5","0"
"12368402","3","3","0"
"12371697","0","17","0"
"12372243","1","2","1"
"12375555","1","4","0"
"12376352","1","2","0"
"12379711","15","10","0"
"12382064","0","14","1"
"12383129","1","4","0"
"12383492","0","43","0"
"12386821","0","1","0"
"12387106","0","12","0"
"12387385","3","0","0"
"12387391","5","18","0"
"12391548","0","10","0"
"12392398","0","11","0"
"12392803","0","90","0"
"12393574","2","11","0"
"12396770","0","25","0"
"12397027","0","5","0"
"12397093","14","37","10"
"12397978","1","7","0"
"12400440","8","12","0"
"12402370","0","14","2"
"12408160","0","82","0"
"12409915","7","2","0"
"12410346","0","13","0"
"12413190","1","19","0"
"12415080","1","55","0"
"12417483","2","89","0"
"12417488","11","43","0"
"12417702","12","109","0"
"12418176","1","28","4"
"12418459","0","11","0"
"12419687","12","23","0"
"12420917","1","13","0"
"12421130","2","21","0"
"12424486","1","16","7"
"12425363","3","4","0"
"12425564","0","6","0"
"12429692","0","6","0"
"12433791","3","4","0"
"12436620","0","9","0"
"12438293","2","9","0"
"12440276","15","164","3"
"12441504","4","52","0"
"12443260","13","69","0"
"12444149","2","54","0"
"12446669","19","50","0"
"12446954","0","72","0"
"12449155","7","37","0"
"12449444","0","3","0"
"12450436","1","4","0"
"12450829","0","140","0"
"12451425","2","11","11"
"12452180","1","2","0"
"12452330","15","16","1"
"12453032","1","4","0"
"12453562","8","104","0"
"12455245","2","12","0"
"12458846","9","104","0"
"12460298","0","4","0"
"12461705","0","2","0"
"12463120","1","35","0"
"12464709","9","8","0"
"12466554","0","5","2"
"12467026","1","1","0"
"12467993","3","170","0"
"12469165","5","30","0"
"12471074","32","24","0"
"12471942","0","32","0"
"12472644","0","8","0"
"12473121","13","47","0"
"12473792","1","13","0"
"12476466","1","18","0"
"12478660","5","9","0"
"12482704","1","22","0"
"12484098","3","74","0"
"12484811","1","31","0"
"12485974","7","29","2"
"12488082","8","8","19"
"12488217","0","12","0"
"12488391","0","3","0"
"12490990","3","1","0"
"12493545","23","98","0"
"12494150","2","1","0"
"12494637","0","16","0"
"12495222","1","0","0"
"12495916","0","1","0"
"12496048","1","14","0"
"12497960","0","9","0"
"12499075","0","18","0"
"12499550","1","90","0"
"12500284","0","17","0"
"12501379","1","22","0"
"12501540","2","1","0"
"12501851","29","68","0"
"12502175","0","3","0"
"12502237","27","21","6"
"12503901","0","1","0"
"12504711","0","37","0"
"12509535","8","68","10"
"12513693","0","129","0"
"12513926","6","165","0"
"12514994","1","25","1"
"12515016","0","8","0"
"12515856","1","6","0"
"12519572","4","4","0"
"12519793","16","49","1"
"12519923","0","14","0"
"12521158","4","20","3"
"12521964","4","2","0"
"12522652","35","16","2"
"12523234","0","17","0"
"12525489","18","36","7"
"12525744","0","7","0"
"12529885","5","3","0"
"12530661","11","159","0"
"12531285","0","1","0"
"12533555","1","0","0"
"12533852","11","28","0"
"12535554","6","41","0"
"12537072","1","1","0"
"12541118","5","74","0"
"12541301","0","0","0"
"12541413","12","65","35"
"12543320","0","35","0"
"12545413","3","10","5"
"12546561","2","4","0"
"12551115","16","45","0"
"12551925","0","5","0"
"12552672","0","1","0"
"12552878","0","0","0"
"12553209","5","12","0"
"12555280","2","79","0"
"12555423","15","36","2"
"12556213","0","27","0"
"12557235","1","9","0"
"12558096","0","23","0"
"12560046","5","33","0"
"12563159","1","6","0"
"12563348","13","126","1"
"12564809","26","0","5"
"12565460","1","8","2"
"12566406","1","9","1"
"12566550","4","2","1"
"12568022","0","14","0"
"12570655","0","5","0"
"12571630","0","1","0"
"12572208","3","25","0"
"12572265","0","20","0"
"12574439","5","16","0"
"12575430","2","1","0"
"12577067","0","2","0"
"12580704","3","14","0"
"12582501","0","10","0"
"12589424","0","3","0"
"12594882","1","17","1"
"12598415","2","31","0"
"12598451","8","4","1"
"12599279","55","1","17"
"12601926","4","43","0"
"12603032","9","0","0"
"12606901","7","9","1"
"12606908","3","18","0"
"12616456","14","8","0"
"12619605","5","2","1"
"12621443","1","10","0"
"12624145","1","11","0"
"12624891","1","0","0"
"12625403","3","2","0"
"12625845","27","35","0"
"12626795","3","13","0"
"12631293","0","5","0"
"12631936","17","2","0"
"12633371","7","4","0"
"12634182","20","13","0"
"12635249","0","0","0"
"12635334","0","14","2"
"12636415","3","4","0"
"12637199","28","69","0"
"12639399","1","21","0"
"12639759","0","0","0"
"12639918","27","62","4"
"12641598","3","7","2"
"12641805","0","25","0"
"12643106","1","2","0"
"12647580","2","5","0"
"12649675","15","22","0"
"12649874","2","1","0"
"12650052","0","15","0"
"12651989","0","17","0"
"12658831","0","13","0"
"12659721","4","6","0"
"12659957","0","15","0"
"12661877","0","0","0"
"12662056","0","4","0"
"12662495","5","32","0"
"12662745","0","27","0"
"12662846","0","1","0"
"12664040","0","97","0"
"12664668","4","10","0"
"12666543","0","42","0"
"12668808","0","0","0"
"12669337","16","40","1"
"12669625","2","4","0"
"12671149","1","3","0"
"12671403","5","19","0"
"12671405","3","17","0"
"12673060","1","9","0"
"12674966","32","6","0"
"12678216","0","12","0"
"12681984","28","33","9"
"12682303","0","61","0"
"12686246","10","26","11"
"12690313","3","27","0"
"12690493","0","38","0"
"12690718","10","114","0"
"12691808","1","9","0"
"12694268","5","3","0"
"12696223","6","17","1"
"12696307","0","13","0"
"12701529","15","42","0"
"12702965","1","49","0"
"12704323","0","4","0"
"12707064","0","4","0"
"12708160","19","8","0"
"12709613","2","113","0"
"12719616","22","20","1"
"12721951","1","39","0"
"12727539","1","13","4"
"12728698","10","44","0"
"12730641","0","0","0"
"12730661","0","3","0"
"12731334","7","0","0"
"12733154","2","18","0"
"12737846","3","5","0"
"12737879","306","33","83"
"12740074","0","21","0"
"12740851","1","1","0"
"12740967","14","31","0"
"12743243","4","17","0"
"12745710","0","0","0"
"12745766","0","3","0"
"12745913","12","9","0"
"12747084","0","7","0"
"12747950","2","8","0"
"12748481","10","11","0"
"12749758","0","32","1"
"12754117","15","4","0"
"12759797","1","15","0"
"12760248","15","22","0"
"12760472","0","32","0"
"12760895","3","7","0"
"12761586","26","38","2"
"12763966","0","40","0"
"12764203","19","23","0"
"12768337","0","90","0"
"12771945","19","43","0"
"12772224","1","11","0"
"12774586","31","31","0"
"12775432","9","48","0"
"12775757","0","7","0"
"12776423","0","12","0"
"12776832","1","3","0"
"12777835","1","16","0"
"12777999","11","16","0"
"12778634","6","52","0"
"12779452","5","24","0"
"12779522","11","17","164"
"12780274","13","32","0"
"12780866","0","29","0"
"12782749","7","49","0"
"12783363","8","66","0"
"12784276","9","7","0"
"12788937","0","1","0"
"12794241","1","0","0"
"12799032","2","21","0"
"12800206","4","6","0"
"12804400","0","9","0"
"12805465","1","11","0"
"12805923","0","3","0"
"12806072","0","22","0"
"12806076","2","41","0"
"12806202","11","40","0"
"12806294","0","11","0"
"12806467","3","18","1"
"12806767","51","157","0"
"12808520","4","12","0"
"12808884","0","7","0"
"12811086","5","20","0"
"12811479","1","14","0"
"12816539","0","5","0"
"12817213","26","16","3"
"12817447","1","2","0"
"12817553","2","0","0"
"12818585","6","0","0"
"12819796","2","97","0"
"12824729","5","31","0"
"12825882","1","33","1"
"12826055","51","42","17"
"12827431","13","18","0"
"12828566","28","89","4"
"12829151","5","64","0"
"12831854","8","22","0"
"12833551","43","39","11"
"12833553","2","41","0"
"12834534","12","49","0"
"12835742","1","6","0"
"12836787","27","32","2"
"12838070","1","1","0"
"12840372","0","4","0"
"12842390","4","12","0"
"12844313","1","64","0"
"12845199","15","238","0"
"12846255","0","12","1"
"12847692","1","25","0"
"12850425","1","4","0"
"12852914","2","12","0"
"12856085","0","8","0"
"12859753","0","9","0"
"12860195","0","27","0"
"12860716","0","34","0"
"12867075","0","15","0"
"12868634","0","11","0"
"12869226","0","5","0"
"12870750","26","37","0"
"12873122","1","15","0"
"12875823","16","5","0"
"12877180","1","37","0"
"12877988","38","33","0"
"12878982","0","0","0"
"12879474","10","15","0"
"12883304","1","5","0"
"12883608","9","20","0"
"12886858","7","18","0"
"12888115","0","23","0"
"12889486","9","1","0"
"12889647","19","119","4"
"12890258","2","10","0"
"12890791","1","8","0"
"12892026","3","86","0"
"12892599","3","7","0"
"12892922","0","1","0"
"12894605","0","10","0"
"12894926","19","52","0"
"12898748","1","66","0"
"12900562","31","10","0"
"12903729","6","22","0"
"12904992","1","10","5"
"12906066","0","4","0"
"12906648","15","84","3"
"12906920","6","20","0"
"12907088","0","13","0"
"12910298","0","0","0"
"12913109","2","9","1"
"12914172","19","9","0"
"12915015","0","11","0"
"12916691","10","8","25"
"12917078","1","3","0"
"12924498","0","93","0"
"12924930","9","22","1"
"12932447","16","50","2"
"12933115","3","7","5"
"12935154","4","9","0"
"12936324","3","5","0"
"12937443","70","32","10"
"12939087","14","20","14"
"12940529","0","32","0"
"12940893","0","8","2"
"12946280","12","15","9"
"12947970","11","56","1"
"12948262","0","28","0"
"12951148","11","2","0"
"12954736","0","0","0"
"12955349","21","26","0"
"12955570","0","31","0"
"12958812","1","9","1"
"12959213","4","19","1"
"12959241","1","10","2"
"12959590","2","46","0"
"12962618","1","23","0"
"12964643","3","31","8"
"12964903","6","36","1"
"12965728","5","18","0"
"12967353","12","11","40"
"12968803","3","2","0"
"12968843","6","17","0"
"12968928","4","20","1"
"12973810","3","2","0"
"12974605","0","0","0"
"12974793","2","9","2"
"12975131","0","18","0"
"12975352","28","8","4"
"12976010","14","19","0"
"12977733","0","1","0"
"12979271","2","2","0"
"12979993","10","8","0"
"12980819","25","3","7"
"12980862","1","12","0"
"12981353","2","23","1"
"12982968","0","9","0"
"12983895","0","5","0"
"12984060","2","4","0"
"12984771","0","11","0"
"12984990","6","22","0"
"12984995","1","3","0"
"12985469","1","0","0"
"12985497","0","74","0"
"12986294","3","13","0"
"12990248","0","8","0"
"12991445","0","5","0"
"12993902","6","3","0"
"12994886","0","3","0"
"12995983","15","18","0"
"12996855","0","7","0"
"12998205","0","0","0"
"12999101","0","1","0"
"12999567","9","8","0"
"13000953","0","87","0"
"13002482","7","3","0"
"13005736","7","3","0"
"13005829","4","16","0"
"13006633","2","5","0"
"13007041","1","68","0"
"13010956","1","27","0"
"13011486","0","2","0"
"13013715","8","25","3"
"13014509","7","10","0"
"13014864","15","18","0"
"13015865","2","57","0"
"13019276","4","35","0"
"13021452","28","26","3"
"13022138","0","2","0"
"13022313","0","3","0"
"13024949","19","78","0"
"13025365","3","2","0"
"13028084","0","1","0"
"13029575","1","9","0"
"13030462","0","24","0"
"13030534","2","14","0"
"13031341","23","11","13"
"13031497","0","32","0"
"13031996","0","24","0"
"13032723","4","36","0"
"13034776","0","12","0"
"13034892","3","54","0"
"13035630","10","20","0"
"13036873","1","35","2"
"13040392","0","23","0"
"13040423","4","15","110"
"13043272","84","183","0"
"13044702","21","6","1"
"13044870","2","8","0"
"13045795","0","5","0"
"13049473","6","23","1"
"13050564","8","218","3"
"13051247","3","3","0"
"13051941","3","8","0"
"13055253","0","8","0"
"13055261","2","4","0"
"13055818","4","14","0"
"13055947","9","19","1"
"13058340","0","5","0"
"13058371","9","14","0"
"13058762","1","2","0"
"13059465","0","3","0"
"13062632","2","16","1"
"13062685","2","55","0"
"13064023","1","78","0"
"13065393","5","39","0"
"13065777","0","50","0"
"13067667","3","28","0"
"13068918","13","26","0"
"13069994","1","11","0"
"13070773","0","65","0"
"13071724","1","1","0"
"13073026","16","9","0"
"13074315","0","0","0"
"13074345","3","3","0"
"13075564","2","0","0"
"13075627","0","0","0"
"13077261","5","12","0"
"13078639","21","81","6"
"13082664","28","46","0"
"13083257","0","2","0"
"13083546","0","55","0"
"13083841","36","47","1"
"13084355","5","4","0"
"13084517","10","15","0"
"13084917","7","8","0"
"13085379","1","0","2"
"13087048","18","15","1"
"13087086","3","41","0"
"13087720","2","4","0"
"13088461","9","85","0"
"13088705","6","34","0"
"13089096","1","10","0"
"13090146","0","67","0"
"13090441","1","0","0"
"13091658","5","48","2"
"13092211","0","13","0"
"13095028","5","30","0"
"13095197","10","16","0"
"13096991","33","22","0"
"13097194","26","8","0"
"13097422","0","7","0"
"13101388","2","16","0"
"13103533","0","54","0"
"13104050","1","15","0"
"13104129","7","17","1"
"13105735","1","2","1"
"13106037","0","11","0"
"13109074","8","67","0"
"13109683","0","7","0"
"13109852","2","70","0"
"13109948","7","68","0"
"13110995","4","14","0"
"13111190","0","91","0"
"13112758","0","6","0"
"13114791","0","3","0"
"13114876","0","13","0"
"13115358","5","10","2"
"13115701","66","47","7"
"13117070","0","49","0"
"13118327","0","23","4"
"13119067","46","15","0"
"13119969","2","0","0"
"13121654","0","46","0"
"13124201","2","58","0"
"13124629","0","17","0"
"13125111","2","5","0"
"13126518","13","13","0"
"13127259","12","0","0"
"13127428","6","0","0"
"13128940","0","18","0"
"13129513","4","4","0"
"13129731","16","18","0"
"13130882","12","8","0"
"13131162","6","7","27"
"13131762","22","31","0"
"13132271","0","27","0"
"13132315","13","37","0"
"13132898","5","1","0"
"13133349","0","88","0"
"13142245","68","56","0"
"13143331","19","11","14"
"13145232","6","7","0"
"13147068","0","28","0"
"13147413","8","76","22"
"13148560","0","117","0"
"13149219","0","5","0"
"13149271","0","8","0"
"13149512","2","14","0"
"13150380","6","12","1"
"13150902","4","75","0"
"13153117","12","99","2"
"13153269","1","12","10"
"13156126","0","40","0"
"13156261","0","11","0"
"13156516","3","83","0"
"13158157","29","45","0"
"13163112","3","18","0"
"13165683","0","0","1"
"13166348","0","13","0"
"13166511","2","25","0"
"13167846","0","9","1"
"13168083","3","19","0"
"13168911","1","312","0"
"13171500","5","8","2"
"13171940","0","89","2"
"13174364","2","1","0"
"13175926","11","10","0"
"13177011","11","19","1"
"13179199","2","75","1"
"13180560","1","13","0"
"13181643","0","65","0"
"13182129","18","17","1"
"13184236","0","0","0"
"13184757","0","52","0"
"13184911","0","10","0"
"13187091","0","15","0"
"13187104","2","131","1"
"13187980","13","28","7"
"13189488","4","18","1"
"13190779","0","2","0"
"13192605","6","4","0"
"13192650","0","97","0"
"13192867","2","1","0"
"13196278","0","22","0"
"13196870","1","6","5"
"13197548","18","60","4"
"13197690","16","19","0"
"13199446","26","11","1"
"13199635","2","31","0"
"13200027","0","6","0"
"13200539","0","21","0"
"13201937","12","14","0"
"13203366","15","53","0"
"13203445","2","7","0"
"13205792","2","9","0"
"13206610","10","16","0"
"13207688","0","5","0"
"13208790","0","2","0"
"13213071","6","75","0"
"13215097","4","24","0"
"13215988","14","69","0"
"13217624","6","5","1"
"13218530","3","22","0"
"13218717","20","16","1"
"13218799","44","21","2"
"13221036","4","21","0"
"13221073","3","16","0"
"13222359","13","152","0"
"13227171","0","5","0"
"13227834","0","6","0"
"13228000","12","21","0"
"13228383","1","10","0"
"13230959","2","5","0"
"13231239","18","13","23"
"13231537","3","70","0"
"13231807","7","4","0"
"13231898","0","2","0"
"13231904","0","23","0"
"13236005","1","3","0"
"13237485","10","6","1"
"13237531","0","8","0"
"13238310","16","28","11"
"13240249","0","6","0"
"13242198","0","49","0"
"13243520","4","4","0"
"13245661","0","20","0"
"13245990","0","29","0"
"13247931","3","4","0"
"13248738","0","84","0"
"13249743","10","46","1"
"13250694","0","31","0"
"13252887","6","48","1"
"13253010","5","182","6"
"13255028","1","22","0"
"13255216","0","2","0"
"13256526","4","5","0"
"13256628","2","59","0"
"13258195","2","27","1"
"13258459","14","51","0"
"13261376","0","7","0"
"13261398","2","4","0"
"13262332","0","44","0"
"13264143","86","120","0"
"13270392","0","87","0"
"13274457","0","14","0"
"13276541","10","1","0"
"13277400","0","1","0"
"13277819","3","76","0"
"13278193","0","34","0"
"13278223","79","38","0"
"13278594","6","9","0"
"13279016","0","5","0"
"13280037","3","0","0"
"13280838","82","44","0"
"13282963","3","10","0"
"13285707","4","228","0"
"13287734","5","21","0"
"13288087","3","90","0"
"13290801","0","23","0"
"13291468","1","4","0"
"13293570","0","11","0"
"13294376","0","9","0"
"13294769","14","38","0"
"13295137","0","6","0"
"13296047","1","24","0"
"13301751","2","29","0"
"13301997","4","69","0"
"13304130","20","34","0"
"13304913","1","4","0"
"13305073","3","9","0"
"13309379","6","39","0"
"13314450","0","7","1"
"13314718","3","16","0"
"13316778","9","16","0"
"13320138","6","12","0"
"13320909","26","32","0"
"13321079","1","5","0"
"13324721","6","29","0"
"13325381","6","18","0"
"13326667","1","19","0"
"13328322","0","37","0"
"13330165","3","20","0"
"13332423","1","33","0"
"13339685","1","42","0"
"13340143","0","16","0"
"13342499","0","3","0"
"13342990","2","16","0"
"13346156","7","17","0"
"13347302","53","174","0"
"13347445","11","41","0"
"13349935","66","145","25"
"13350278","0","55","0"
"13351476","0","7","0"
"13352657","4","8","0"
"13355228","1","18","0"
"13357440","3","43","0"
"13358783","11","1","1"
"13360401","4","12","0"
"13361176","1","23","0"
"13361987","1","10","1"
"13362831","4","26","0"
"13366122","0","61","0"
"13368318","4","72","0"
"13371166","0","11","0"
"13371578","1","7","1"
"13372186","6","13","0"
"13373270","9","40","3"
"13375311","12","4","0"
"13377012","1","2","0"
"13378076","0","13","0"
"13380010","0","6","0"
"13382024","0","0","0"
"13387235","7","19","0"
"13389086","5","17","0"
"13389569","2","25","0"
"13390139","1","7","0"
"13391404","24","5","1"
"13396193","1","9","0"
"13397468","0","1","0"
"13398050","0","13","0"
"13400001","5","71","0"
"13400168","0","7","0"
"13401307","0","3","0"
"13402733","3","110","0"
"13405106","20","203","1"
"13406356","6","32","0"
"13407359","0","6","0"
"13409570","0","3","0"
"13409955","3","43","0"
"13413026","11","3","1"
"13415116","7","26","0"
"13416365","7","22","1"
"13418510","17","23","2"
"13418705","0","88","0"
"13423321","0","3","0"
"13427882","7","35","0"
"13428072","0","32","0"
"13429081","0","22","0"
"13432825","7","1","0"
"13433096","0","2","0"
"13434259","17","131","0"
"13434529","2","11","0"
"13434802","49","76","0"
"13435087","23","16","0"
"13435688","70","32","0"
"13439267","1","10","0"
"13439686","8","41","0"
"13440007","0","10","0"
"13440079","22","20","0"
"13440165","0","16","0"
"13440404","4","17","1"
"13440841","57","33","2"
"13443391","0","22","0"
"13444299","3","20","3"
"13444529","1","19","0"
"13447094","5","4","0"
"13447910","0","11","0"
"13452166","1","17","0"
"13454049","12","61","0"
"13460070","0","2","0"
"13460824","3","18","0"
"13461183","9","80","0"
"13461401","2","27","1"
"13463174","0","4","0"
"13466324","1","4","0"
"13466661","5","10","0"
"13466852","4","5","1"
"13467030","0","12","0"
"13469674","0","119","0"
"13469933","11","12","4"
"13470437","4","9","0"
"13470912","3","3","0"
"13472545","3","14","0"
"13473914","0","7","0"
"13474281","0","3","0"
"13474354","26","6","1"
"13476175","1","30","1"
"13478749","0","16","0"
"13482004","11","3","4"
"13483939","28","47","0"
"13484707","14","10","1"
"13484937","7","47","1"
"13485494","4","25","0"
"13488354","1","6","0"
"13490165","15","81","0"
"13491402","9","14","0"
"13495049","2","6","0"
"13496880","0","13","0"
"13497078","0","0","0"
"13503120","0","8","0"
"13505403","0","2","0"
"13506001","3","22","0"
"13506135","2","6","0"
"13507274","15","16","1"
"13507658","11","23","2"
"13508045","25","135","2"
"13509254","30","9","3"
"13512980","1","2","0"
"13514657","4","16","2"
"13517783","0","34","0"
"13518285","1","14","0"
"13518297","0","0","0"
"13518537","1","3","0"
"13521703","8","66","3"
"13523077","8","51","2"
"13526174","0","18","0"
"13526512","1","70","0"
"13535097","7","91","0"
"13536910","6","2","0"
"13536950","6","17","0"
"13537347","0","24","0"
"13539289","0","16","0"
"13541354","1","22","0"
"13541620","0","65","0"
"13541849","1","8","0"
"13542152","0","22","0"
"13542462","0","25","8"
"13543545","0","0","0"
"13547175","1","16","0"
"13548254","19","26","0"
"13548386","2","3","0"
"13549008","0","22","0"
"13550483","0","1","0"
"13551296","2","39","0"
"13551845","0","7","0"
"13556303","7","1","0"
"13560080","0","6","0"
"13562186","17","155","0"
"13562196","4","0","0"
"13564427","3","9","0"
"13566678","2","8","0"
"13566967","35","103","0"
"13567807","13","82","4"
"13567984","1","9","0"
"13569949","7","51","3"
"13572593","1","1","0"
"13574233","13","17","0"
"13574635","2","10","0"
"13575954","18","19","0"
"13576263","2","9","0"
"13582100","0","9","0"
"13584363","7","101","38"
"13586551","0","46","0"
"13588525","1","1","1"
"13589242","0","9","0"
"13592117","6","32","0"
"13592469","0","71","0"
"13592914","0","60","0"
"13594705","4","7","0"
"13597899","0","4","0"
"13600944","7","35","1"
"13601391","0","9","0"
"13604898","8","17","7"
"13604954","0","16","0"
"13605044","7","22","5"
"13605609","25","63","2"
"13605826","0","1","0"
"13612096","0","10","0"
"13612745","0","3","0"
"13615151","0","1","0"
"13615436","5","64","0"
"13617136","7","9","2"
"13618871","9","16","0"
"13619116","3","6","0"
"13622908","14","33","1"
"13622927","4","65","1"
"13625491","6","27","0"
"13627237","0","22","1"
"13627454","0","9","0"
"13627661","6","10","0"
"13629974","31","153","0"
"13631113","34","19","7"
"13631591","5","28","0"
"13632102","14","12","18"
"13633424","9","30","16"
"13635342","0","0","0"
"13636121","1","5","0"
"13636459","0","10","0"
"13636910","3","8","1"
"13638219","2","2","0"
"13640761","2","6","0"
"13641358","11","9","5"
"13642222","0","0","0"
"13642249","73","21","4"
"13642440","3","23","3"
"13644168","0","4","0"
"13644299","17","208","4"
"13644377","6","49","0"
"13645606","17","72","0"
"13647969","3","7","0"
"13651701","1","6","1"
"13651898","21","15","2"
"13653732","2","6","1"
"13657344","0","4","0"
"13658281","2","30","0"
"13658446","5","13","4"
"13659134","0","16","0"
"13659576","0","20","0"
"13661830","0","4","0"
"13666027","3","13","0"
"13674351","0","8","0"
"13676960","0","32","0"
"13679671","8","31","1"
"13680488","0","3","0"
"13682080","1","25","0"
"13682559","0","8","0"
"13684215","1","16","4"
"13686440","0","4","0"
"13686560","2","0","0"
"13689497","12","39","0"
"13689893","11","50","0"
"13692658","0","4","0"
"13693623","0","22","0"
"13694485","0","10","0"
"13695430","2","26","0"
"13695921","0","35","0"
"13696540","8","74","0"
"13698294","0","54","0"
"13699502","6","34","1"
"13699968","2","8","0"
"13701584","15","66","12"
"13701992","0","14","0"
"13705050","33","53","0"
"13706131","0","4","0"
"13708008","9","31","0"
"13708817","0","150","0"
"13713269","2","7","0"
"13713620","1","1","0"
"13713938","4","46","0"
"13714686","0","5","0"
"13716967","0","10","0"
"13719014","1","23","0"
"13719128","0","9","0"
"13720553","8","41","0"
"13720928","20","57","0"
"13723248","34","86","0"
"13725861","2","4","0"
"13726782","0","28","0"
"13729780","0","4","0"
"13730091","2","26","0"
"13730174","1","65","0"
"13730723","23","24","1"
"13730780","0","7","0"
"13732683","4","38","0"
"13734412","0","51","1"
"13734564","0","17","0"
"13736010","0","6","0"
"13741787","11","25","0"
"13744178","0","18","0"
"13747848","1","21","0"
"13749032","0","28","0"
"13750486","0","5","0"
"13752464","3","8","0"
"13752965","23","52","1"
"13753505","0","4","0"
"13755970","1","30","0"
"13757692","13","8","0"
"13758320","7","0","0"
"13760719","2","3","0"
"13761535","2","73","0"
"13761574","0","32","0"
"13763683","18","53","0"
"13763713","14","12","0"
"13765033","3","50","0"
"13765230","17","28","4"
"13765513","0","0","0"
"13767757","0","64","0"
"13769601","1","7","0"
"13771954","18","43","0"
"13772033","26","84","0"
"13773284","13","101","0"
"13775460","0","20","0"
"13775586","2","1","0"
"13776723","1","8","0"
"13778890","0","23","0"
"13779320","7","99","0"
"13779529","1","17","0"
"13779639","3","7","0"
"13781208","6","6","0"
"13783377","0","6","0"
"13784930","1","7","0"
"13785528","6","18","2"
"13785815","5","7","0"
"13786103","0","68","0"
"13786832","0","33","0"
"13790354","0","5","0"
"13791060","3","14","0"
"13791091","1","5","0"
"13791545","0","21","0"
"13791656","1","4","0"
"13792395","14","20","0"
"13794178","43","11","65"
"13794189","13","2","0"
"13795089","1","18","0"
"13796136","4","7","1"
"13797513","3","27","0"
"13800572","11","25","0"
"13800717","0","38","0"
"13801789","0","49","0"
"13802418","2","26","0"
"13804454","4","8","0"
"13804634","2","10","0"
"13805486","1","1","2"
"13806019","0","25","0"
"13806097","1","1","0"
"13806326","0","11","0"
"13808207","0","64","0"
"13809150","11","55","0"
"13812590","1","19","0"
"13812770","0","80","0"
"13813219","11","141","2"
"13815542","0","3","0"
"13816541","7","41","0"
"13817041","1","64","0"
"13818676","1","8","0"
"13819183","23","94","0"
"13822685","0","2","0"
"13823875","1","13","0"
"13824407","0","45","0"
"13826114","3","19","0"
"13827229","5","43","0"
"13827340","0","10","0"
"13829291","0","22","0"
"13830075","20","169","1"
"13831483","21","15","0"
"13833609","4","13","0"
"13834075","1","4","0"
"13834192","7","9","0"
"13834948","9","38","0"
"13835615","5","13","0"
"13836083","49","22","1"
"13838369","24","83","1"
"13839442","1","15","0"
"13841016","0","13","0"
"13841031","5","7","0"
"13843906","13","26","0"
"13844309","3","43","1"
"13845263","2","18","0"
"13845498","4","0","0"
"13845863","1","0","0"
"13849446","35","62","1"
"13849716","0","9","0"
"13851934","0","37","0"
"13852758","9","116","0"
"13852852","0","24","0"
"13855290","3","1","0"
"13857453","8","17","0"
"13858576","1","25","0"
"13859363","0","56","0"
"13860071","0","4","0"
"13860286","95","78","13"
"13862352","0","6","0"
"13866576","0","28","0"
"13869905","1","1","0"
"13870033","2","29","0"
"13870209","2","17","0"
"13875968","7","20","0"
"13876163","0","28","0"
"13877993","6","8","0"
"13881967","0","5","0"
"13884034","0","65","0"
"13884255","0","77","0"
"13884410","0","9","0"
"13884720","1","4","0"
"13885192","0","9","0"
"13886876","2","23","0"
"13887112","15","56","0"
"13888486","16","102","6"
"13891832","3","19","0"
"13891891","1","2","0"
"13892487","9","14","0"
"13893216","35","87","3"
"13894746","4","7","2"
"13894931","4","26","0"
"13897405","0","1","0"
"13897851","0","140","0"
"13898593","0","6","15"
"13899089","0","5","0"
"13899329","0","1","0"
"13903584","11","49","0"
"13904455","1","9","0"
"13905088","5","1","0"
"13906951","5","11","0"
"13907072","102","105","0"
"13908087","0","7","0"
"13908508","6","6","0"
"13909687","1","21","0"
"13910236","0","6","0"
"13910368","3","37","1"
"13912777","19","38","0"
"13913053","1","28","0"
"13916047","9","4","1"
"13919730","0","139","0"
"13921399","7","118","0"
"13922250","1","27","0"
"13929206","0","1","0"
"13929460","2","3","0"
"13930389","5","11","0"
"13930970","23","44","0"
"13931061","6","16","0"
"13932854","32","40","0"
"13933721","537","76","2"
"13935335","0","9","0"
"13938503","3","89","1"
"13939621","0","0","0"
"13939952","0","0","0"
"13940715","10","23","0"
"13943198","1","48","1"
"13943382","4","47","2"
"13943679","10","12","26"
"13944042","1","20","0"
"13945003","2","7","0"
"13945013","0","9","0"
"13945484","11","39","0"
"13945615","45","25","8"
"13945920","0","0","1"
"13946034","0","15","0"
"13946940","0","58","0"
"13950944","2","3","0"
"13951118","43","53","4"
"13952135","0","6","0"
"13953455","7","11","0"
"13957204","2","7","0"
"13957283","14","37","0"
"13957679","0","12","0"
"13958041","10","16","0"
"13958871","0","2","0"
"13963193","0","5","0"
"13964273","69","35","0"
"13965360","3","20","0"
"13969419","5","23","0"
"13970089","1","12","1"
"13970200","3","15","0"
"13970397","33","35","1"
"13971251","47","91","12"
"13972844","0","5","0"
"13973724","54","37","33"
"13973939","0","8","0"
"13974163","0","4","0"
"13976030","6","17","1"
"13976117","0","3","0"
"13977551","0","10","0"
"13977580","15","15","0"
"13979253","0","104","0"
"13981027","12","17","0"
"13981886","4","51","1"
"13982210","12","54","1"
"13983184","165","208","0"
"13983399","0","49","0"
"13984609","0","62","0"
"13985440","0","2","0"
"13985765","1","4","0"
"13986472","14","60","0"
"13988407","3","41","0"
"13990645","0","48","0"
"13991201","9","10","2"
"13991249","10","17","7"
"13993372","1","1","1"
"13995622","1","9","0"
"13997761","5","90","0"
"13998163","17","86","0"
"13998438","12","14","0"
"13998807","0","14","0"
"13999386","5","31","0"
"14000568","0","5","0"
"14001385","5","11","0"
"14002303","2","9","0"
"14004541","0","45","0"
"14004940","6","25","1"
"14005136","0","49","0"
"14007838","1","72","0"
"14007866","0","10","0"
"14008146","77","31","0"
"14008447","3","44","0"
"14010121","1","49","0"
"14013535","2","4","0"
"14015126","0","28","0"
"14016638","2","9","3"
"14018385","1","19","0"
"14019437","3","5","0"
"14021166","34","9","0"
"14024740","1","8","0"
"14027162","2","11","0"
"14028308","3","11","0"
"14028477","2","128","1"
"14029782","2","27","0"
"14033765","0","19","0"
"14034062","0","5","0"
"14036008","0","8","0"
"14037472","8","56","0"
"14038605","3","1","1"
"14038646","0","14","0"
"14040597","0","10","0"
"14040937","0","22","0"
"14046582","12","9","7"
"14046915","26","3","9"
"14047838","23","2","19"
"14048511","1","54","0"
"14050808","1","22","0"
"14051077","12","19","3"
"14056591","5","9","0"
"14056647","6","27","0"
"14056648","13","48","0"
"14061203","0","37","2"
"14062042","3","1","2"
"14063245","34","68","1"
"14066512","0","10","0"
"14067190","0","0","0"
"14068351","1","13","2"
"14071053","96","6","0"
"14073624","6","23","0"
"14076425","3","6","0"
"14076451","1","62","0"
"14076532","0","28","0"
"14077491","2","59","0"
"14078020","1","21","0"
"14078826","0","10","0"
"14079497","0","2","0"
"14081474","4","9","2"
"14083453","0","4","0"
"14085523","6","5","0"
"14085862","11","61","0"
"14085882","6","5","0"
"14088005","1","22","0"
"14088796","1","3","1"
"14090412","6","9","8"
"14091631","5","44","0"
"14091680","1","13","0"
"14091920","11","15","0"
"14092446","12","67","0"
"14094055","0","1","0"
"14094460","44","95","9"
"14095048","0","24","0"
"14095739","16","84","0"
"14096169","3","22","0"
"14098666","4","20","2"
"14098985","3","3","1"
"14100583","3","21","0"
"14100745","0","108","0"
"14103836","0","9","0"
"14103981","9","21","0"
"14104321","0","15","0"
"14105130","0","25","0"
"14105382","0","8","0"
"14105642","5","7","0"
"14106873","3","13","0"
"14109394","0","5","0"
"14111707","8","13","35"
"14113504","0","17","0"
"14113844","0","0","2"
"14114229","0","1","0"
"14116068","8","22","0"
"14117478","2","24","0"
"14119306","0","7","0"
"14119935","0","12","0"
"14121161","10","79","3"
"14121186","16","10","6"
"14121843","1","5","0"
"14122061","7","10","0"
"14122501","0","10","0"
"14123406","1","10","0"
"14128125","0","9","0"
"14129810","0","4","0"
"14131415","3","5","2"
"14132160","0","4","0"
"14133995","108","172","11"
"14134059","4","18","0"
"14135840","0","72","0"
"14136799","0","0","0"
"14137110","0","8","0"
"14139196","2","100","0"
"14139206","1","2","0"
"14139455","10","28","0"
"14140292","1","1","0"
"14141126","12","84","0"
"14141494","1","49","0"
"14142605","8","13","0"
"14144232","3","9","0"
"14144323","2","179","0"
"14146580","39","53","1"
"14147111","0","5","0"
"14148530","0","48","0"
"14148548","9","45","1"
"14148586","4","4","0"
"14149259","0","15","0"
"14151698","7","45","0"
"14151733","23","137","0"
"14155807","6","27","0"
"14156824","0","4","0"
"14159253","2","20","1"
"14159635","0","30","0"
"14161743","8","9","0"
"14163532","3","14","1"
"14170111","1","19","0"
"14170511","3","5","0"
"14170672","0","8","0"
"14170686","4","79","0"
"14171827","7","9","0"
"14173622","0","2","0"
"14175601","7","7","0"
"14177243","0","0","0"
"14177960","0","0","0"
"14178125","0","9","0"
"14178333","0","4","0"
"14181711","5","16","1"
"14186087","0","1","8"
"14186197","0","45","0"
"14187529","79","60","1"
"14188379","0","6","0"
"14190819","25","33","0"
"14192860","0","19","0"
"14193550","44","4","6"
"14193915","0","60","0"
"14194793","3","42","3"
"14198459","10","38","0"
"14199515","15","33","4"
"14199632","0","7","0"
"14200659","0","34","0"
"14204863","2","23","0"
"14206384","1","19","0"
"14206959","6","21","0"
"14207423","9","11","0"
"14207556","0","63","0"
"14207720","1","21","0"
"14208453","0","4","0"
"14208501","10","9","0"
"14209813","0","27","0"
"14211817","3","2","0"
"14219789","1","4","0"
"14222243","2","19","0"
"14222513","20","2","0"
"14222997","4","5","0"
"14224948","5","79","0"
"14226270","0","41","0"
"14231863","5","8","0"
"14233004","0","22","0"
"14235396","3","6","0"
"14236252","0","8","0"
"14237276","23","69","0"
"14238358","8","19","2"
"14240299","1","6","0"
"14242111","3","9","0"
"14244758","33","30","1"
"14246569","11","15","1"
"14246637","6","67","5"
"14248116","0","9","1"
"14248636","0","9","0"
"14251124","2","23","0"
"14254050","0","4","0"
"14255531","4","37","0"
"14256643","37","185","0"
"14256876","1","31","0"
"14257114","0","20","0"
"14258439","0","4","1"
"14258517","4","18","0"
"14259367","4","20","5"
"14259465","0","9","0"
"14260241","53","174","0"
"14260268","0","7","0"
"14260530","15","23","0"
"14260647","7","46","1"
"14266627","4","1","0"
"14267918","0","9","0"
"14269222","11","19","0"
"14269322","1","7","0"
"14270725","0","7","0"
"14271145","1","79","0"
"14272972","1","4","0"
"14274230","10","6","21"
"14274392","18","165","0"
"14277306","18","14","0"
"14277434","0","9","1"
"14277568","2","30","1"
"14277626","0","5","0"
"14278409","13","45","1"
"14279173","1","0","0"
"14279827","0","2","0"
"14282195","1","12","0"
"14282340","0","8","0"
"14283489","2","200","0"
"14284076","0","0","0"
"14284475","0","18","0"
"14291243","4","323","0"
"14293274","4","34","0"
"14294561","8","26","0"
"14295200","0","56","0"
"14296621","3","17","0"
"14298586","0","17","0"
"14299073","3","5","0"
"14299113","9","4","0"
"14300637","6","30","3"
"14302873","1","37","0"
"14304675","0","28","0"
"14305096","16","74","2"
"14305946","1","60","0"
"14308375","5","8","1"
"14309364","1","35","1"
"14309684","7","30","0"
"14314892","8","63","0"
"14314944","5","10","0"
"14317799","0","3","0"
"14318729","11","30","0"
"14320825","0","24","0"
"14321517","0","9","0"
"14322257","0","25","0"
"14324038","4","0","0"
"14328954","0","9","0"
"14329228","105","79","0"
"14329830","5","76","0"
"14330332","20","33","0"
"14331334","0","37","0"
"14335153","1","9","0"
"14335655","21","319","0"
"14337775","1","25","0"
"14340917","3","1","1"
"14344959","100","63","6"
"14345328","1","5","2"
"14345989","4","39","0"
"14346900","2","168","0"
"14347617","0","48","0"
"14348748","7","44","0"
"14348996","1","7","1"
"14350146","5","12","0"
"14350456","3","4","0"
"14352357","0","42","0"
"14352841","6","3","0"
"14353529","0","19","1"
"14353744","4","11","0"
"14353810","2","3","0"
"14355349","2","6","0"
"14356413","0","17","0"
"14356788","9","14","1"
"14357856","27","214","1"
"14358978","0","1","0"
"14360227","7","10","2"
"14360762","19","15","1"
"14362546","5","17","0"
"14366961","0","13","0"
"14367279","0","3","8"
"14367416","8","82","0"
"14367790","0","3","0"
"14368944","0","19","0"
"14371645","0","38","0"
"14371894","0","12","0"
"14372685","1","52","0"
"14372759","0","6","0"
"14373213","0","20","0"
"14373360","0","14","0"
"14373886","11","33","0"
"14374471","6","2","0"
"14375016","2","9","0"
"14375571","0","11","0"
"14378314","2","9","0"
"14384045","1","5","0"
"14384334","14","1","0"
"14385914","3","8","0"
"14387852","4","9","3"
"14388717","0","56","1"
"14388778","17","26","2"
"14392430","4","13","0"
"14393479","0","0","0"
"14394219","4","56","0"
"14394371","43","30","0"
"14396250","1","20","5"
"14398771","9","48","0"
"14399237","1","2","0"
"14399602","1","12","1"
"14399705","0","39","0"
"14401893","4","85","0"
"14403369","16","24","0"
"14406682","12","33","0"
"14406845","5","20","0"
"14407123","8","24","0"
"14412190","0","44","0"
"14413069","36","28","0"
"14414215","16","63","0"
"14414944","9","94","0"
"14422054","0","17","0"
"14425501","4","41","0"
"14426285","1","5","0"
"14426684","0","41","0"
"14426823","9","109","0"
"14427036","2","3","0"
"14427765","7","13","0"
"14430639","12","42","0"
"14431043","29","18","0"
"14433641","41","37","0"
"14434806","1","15","0"
"14436930","9","7","0"
"14438350","3","38","0"
"14438633","0","26","0"
"14442664","1","61","0"
"14442758","80","16","29"
"14447117","0","15","0"
"14447614","47","78","0"
"14449207","0","8","0"
"14450325","11","8","0"
"14450954","0","14","0"
"14455214","2","6","0"
"14455249","0","13","0"
"14455278","0","6","0"
"14456523","0","2","0"
"14457599","175","16","7"
"14461989","0","18","0"
"14463304","0","8","0"
"14463444","12","43","0"
"14465513","1","30","0"
"14465779","2","24","0"
"14466144","0","1","0"
"14467220","0","0","0"
"14469685","1","45","0"
"14470460","0","29","0"
"14473834","2","1","0"
"14474303","1","1","0"
"14477151","2","24","0"
"14482885","17","24","0"
"14489531","13","27","0"
"14491805","0","20","0"
"14492001","0","28","0"
"14492228","0","14","0"
"14493782","0","32","0"
"14494113","2","3","0"
"14496736","0","6","0"
"14497778","2","62","0"
"14498767","2","51","1"
"14499516","62","13","10"
"14503105","11","28","3"
"14504685","5","36","0"
"14505115","1","16","0"
"14507110","4","49","0"
"14507326","0","25","0"
"14509153","0","39","0"
"14510925","2","4","0"
"14514052","0","11","0"
"14515077","7","8","0"
"14515110","10","16","0"
"14516016","4","25","0"
"14519278","4","141","0"
"14520847","0","4","0"
"14522489","8","69","0"
"14523467","0","5","0"
"14523632","1","17","0"
"14525663","11","28","1"
"14526125","0","0","0"
"14527387","0","27","0"
"14527497","2","34","1"
"14532657","2","9","0"
"14533058","5","17","0"
"14533535","0","5","0"
"14536535","0","41","0"
"14540600","2","2","0"
"14541937","2","38","0"
"14542345","7","21","0"
"14543452","0","11","0"
"14543780","3","14","0"
"14544569","2","5","0"
"14545160","0","20","0"
"14548500","1","88","0"
"14550822","4","11","0"
"14551567","0","177","0"
"14555991","3","34","0"
"14557595","1","40","0"
"14558664","10","41","0"
"14559220","7","122","0"
"14563376","0","7","0"
"14566292","2","2","0"
"14568922","1","4","0"
"14569281","1","21","0"
"14569480","8","7","0"
"14576258","1","21","0"
"14578331","2","41","1"
"14579118","15","33","0"
"14580524","10","11","0"
"14582108","0","33","0"
"14583599","32","38","26"
"14585422","0","0","0"
"14585634","6","7","0"
"14588484","36","40","6"
"14592461","1","3","0"
"14593204","0","19","0"
"14594208","5","34","0"
"14595300","9","63","0"
"14595863","0","11","1"
"14597146","0","14","0"
"14597864","22","9","0"
"14598633","18","133","0"
"14598976","17","71","1"
"14599575","1","11","0"
"14599955","4","20","0"
"14600034","6","65","0"
"14600144","1","27","0"
"14601731","1","63","0"
"14602509","3","31","0"
"14603518","1","2","0"
"14606179","0","0","0"
"14606597","5","20","0"
"14606987","7","18","0"
"14607529","70","5","4"
"14608336","0","5","0"
"14608529","2","51","0"
"14608747","11","14","0"
"14614051","0","10","0"
"14615100","1","5","0"
"14615197","4","4","0"
"14616114","4","38","2"
"14619383","0","0","0"
"14621813","3","6","0"
"14622403","7","35","0"
"14624763","11","6","1"
"14625334","2","3","0"
"14627589","7","8","1"
"14629776","3","13","0"
"14630700","0","113","0"
"14631054","9","70","8"
"14631246","5","17","0"
"14631885","17","103","2"
"14632651","12","176","0"
"14632769","1","110","0"
"14632909","4","22","0"
"14638694","0","87","0"
"14641282","9","16","0"
"14641359","0","15","0"
"14642035","4","21","0"
"14642180","10","11","0"
"14642553","0","113","0"
"14642839","0","3","0"
"14645415","4","51","1"
"14647816","0","100","0"
"14648074","2","33","0"
"14648899","0","13","0"
"14649181","7","21","0"
"14650498","1","13","0"
"14650992","0","26","0"
"14651952","0","2","0"
"14653849","28","73","2"
"14657675","0","9","0"
"14659949","2","6","4"
"14660938","3","7","0"
"14661202","17","9","0"
"14661648","22","53","0"
"14661869","0","25","0"
"14662179","41","106","1"
"14663497","0","29","0"
"14663777","2","31","1"
"14663972","4","7","4"
"14664861","14","9","4"
"14665310","2","33","0"
"14666158","10","7","0"
"14667788","1","93","0"
"14668475","2","6","0"
"14669005","4","15","0"
"14669082","14","11","2"
"14669745","7","44","3"
"14669853","13","58","0"
"14671221","2","22","0"
"14674563","1","11","0"
"14675031","0","1","0"
"14677302","36","21","5"
"14678267","26","57","16"
"14681038","3","4","0"
"14682396","3","48","0"
"14682570","8","22","0"
"14686302","24","17","0"
"14687587","0","1","0"
"14689289","11","124","26"
"14693246","14","90","4"
"14693778","0","9","0"
"14694492","2","9","0"
"14695308","16","23","0"
"14701509","6","7","1"
"14704020","0","12","0"
"14704150","3","54","0"
"14708017","2","4","0"
"14711735","32","64","0"
"14714168","5","12","0"
"14717485","1","3","0"
"14717625","6","21","0"
"14718856","1","50","0"
"14720421","22","29","0"
"14720490","0","7","0"
"14720975","0","14","0"
"14722232","0","25","0"
"14722297","10","65","1"
"14723312","0","1","0"
"14723657","16","35","2"
"14726120","4","6","0"
"14727976","17","20","4"
"14728030","8","12","0"
"14729495","1","13","0"
"14730455","3","9","0"
"14732792","0","2","0"
"14733367","3","28","0"
"14737138","2","22","1"
"14737400","0","9","0"
"14738189","2","43","0"
"14738350","0","13","0"
"14742903","0","29","0"
"14743703","1","3","0"
"14744714","0","24","0"
"14745090","1","70","0"
"14745811","4","58","0"
"14749803","0","16","0"
"14751182","2","15","2"
"14752392","4","15","1"
"14755660","10","11","0"
"14757226","0","38","0"
"14757539","2","2","0"
"14757658","4","172","0"
"14759433","8","12","9"
"14760857","0","5","0"
"14761370","22","19","12"
"14763690","0","67","0"
"14764038","0","55","0"
"14766188","1","6","0"
"14772994","11","37","0"
"14774446","0","24","0"
"14775478","53","47","1"
"14775881","0","0","0"
"14778590","8","10","0"
"14779676","0","5","0"
"14781260","6","21","1"
"14781515","0","6","3"
"14782238","0","8","0"
"14785394","7","96","2"
"14787293","17","10","0"
"14789065","51","31","0"
"14789957","10","26","1"
"14795595","3","75","0"
"14802731","29","3","3"
"14802987","2","2","0"
"14803323","37","8","1"
"14804838","1","125","0"
"14806778","23","24","0"
"14808001","48","35","14"
"14808637","9","44","0"
"14814223","3","22","0"
"14814878","0","22","0"
"14815045","2","14","0"
"14815986","4","31","0"
"14816750","1","19","1"
"14817523","2","48","0"
"14817835","6","19","1"
"14818839","0","9","0"
"14820590","3","19","0"
"14823310","3","34","0"
"14824067","36","45","4"
"14824324","1","6","0"
"14825276","9","7","0"
"14826251","39","77","0"
"14828697","0","24","0"
"14830534","7","10","7"
"14831834","1","6","3"
"14834383","3","8","1"
"14837008","6","100","1"
"14837782","2","89","0"
"14838409","0","13","2"
"14843075","1","25","0"
"14843551","8","13","0"
"14843625","1","13","0"
"14848205","5","1","0"
"14849100","0","27","0"
"14849316","3","5","0"
"14851772","1","12","0"
"14856241","1","127","1"
"14859218","5","2","0"
"14859847","3","7","0"
"14865215","9","47","1"
"14866867","0","41","0"
"14867667","0","53","0"
"14867749","23","49","0"
"14868468","2","17","0"
"14868949","0","40","1"
"14869869","4","30","1"
"14871018","4","135","0"
"14872121","1","3","0"
"14874242","0","5","1"
"14875740","23","75","0"
"14876907","53","39","15"
"14880578","0","37","0"
"14883461","1","54","0"
"14884338","0","65","0"
"14884454","0","16","0"
"14887562","7","5","0"
"14888923","3","11","0"
"14891973","15","13","1"
"14892174","7","20","12"
"14892892","1","8","0"
"14892929","1","2","0"
"14893888","0","7","0"
"14895107","6","27","0"
"14895716","7","33","0"
"14896203","12","47","0"
"14898689","2","6","0"
"14898697","0","7","0"
"14900042","5","16","27"
"14900791","67","17","22"
"14903514","18","211","0"
"14906662","108","44","38"
"14910363","45","14","0"
"14911434","3","9","0"
"14912225","0","10","1"
"14912334","2","37","0"
"14912402","0","46","0"
"14912949","0","16","0"
"14912988","1","23","0"
"14913991","2","75","3"
"14914614","10","113","0"
"14917277","2","11","0"
"14919621","13","122","0"
"14920101","0","1","0"
"14923262","13","14","0"
"14924173","2","5","0"
"14924809","14","28","0"
"14925449","0","21","0"
"14927325","2","19","0"
"14928226","1","1","0"
"14928633","15","18","8"
"14929671","1","4","0"
"14929831","0","48","0"
"14932890","0","3","0"
"14933194","2","8","7"
"14933870","0","6","0"
"14933883","1","21","0"
"14936305","35","5","2"
"14938599","6","21","0"
"14940054","5","18","6"
"14940355","0","16","0"
"14942515","5","125","0"
"14945939","0","1","0"
"14946729","22","77","0"
"14947895","20","6","2"
"14948026","12","5","1"
"14952004","2","9","0"
"14952390","0","22","0"
"14952627","0","27","11"
"14952975","17","61","0"
"14952981","2","15","0"
"14953293","3","14","0"
"14954327","6","6","0"
"14956120","82","191","2"
"14957517","3","8","0"
"14957991","0","57","0"
"14958077","0","7","0"
"14959221","3","38","0"
"14960723","8","47","0"
"14963533","0","85","0"
"14965364","0","16","1"
"14967413","16","64","2"
"14967662","13","92","0"
"14969184","1","167","0"
"14972148","6","20","5"
"14978104","4","18","5"
"14979586","2","12","2"
"14981685","26","16","0"
"14981915","20","29","0"
"14982115","3","7","0"
"14984190","0","1","0"
"14988789","1","28","0"
"14989217","10","15","0"
"14992664","1","13","0"
"14997304","2","12","0"
"14998459","8","12","0"
"14998487","42","41","227"
"14999457","12","121","0"
"15003933","15","16","0"
"15004299","8","20","0"
"15005298","5","14","1"
"15007549","2","54","0"
"15010874","16","72","0"
"15011621","0","49","0"
"15011702","1","0","0"
"15012953","21","10","3"
"15014489","1","8","0"
"15019757","15","4","0"
"15023296","1","87","0"
"15023395","12","58","0"
"15024002","0","15","0"
"15025918","0","24","0"
"15032126","333","711","25"
"15033763","13","8","0"
"15034752","2","5","0"
"15036820","1","62","0"
"15038439","37","90","0"
"15040818","3","20","0"
"15041945","0","11","0"
"15042008","23","159","0"
"15042683","14","44","0"
"15043158","0","12","0"
"15043368","6","8","0"
"15045363","1","25","0"
"15045793","2","164","0"
"15045905","2","94","0"
"15046796","4","1","0"
"15047923","1","20","1"
"15048947","0","0","0"
"15048981","12","13","1"
"15052753","0","0","0"
"15053619","2","52","0"
"15056711","1","92","0"
"15061831","1","232","0"
"15062605","0","31","0"
"15063341","18","13","0"
"15064155","1","2","0"
"15064224","2","20","3"
"15066290","0","1","0"
"15067763","2","37","0"
"15069288","5","27","0"
"15070569","0","18","0"
"15071244","0","171","0"
"15072704","0","65","0"
"15073157","19","141","0"
"15073910","3","24","4"
"15074199","15","32","0"
"15078632","2","11","0"
"15078671","0","17","0"
"15080473","6","3","0"
"15080854","7","55","0"
"15083173","12","73","0"
"15084645","0","43","0"
"15085578","5","173","0"
"15086095","3","23","0"
"15087608","1","16","0"
"15087622","1","153","0"
"15088809","26","19","18"
"15090857","1","31","0"
"15090924","5","45","0"
"15092122","0","2","0"
"15094811","0","2","0"
"15095104","3","55","1"
"15096247","12","2","0"
"15098992","0","42","0"
"15100030","7","15","0"
"15104639","22","26","4"
"15106423","14","38","0"
"15106600","7","17","0"
"15107474","9","108","0"
"15107525","8","1","0"
"15111208","3","20","0"
"15112563","58","169","23"
"15114454","1","0","0"
"15114494","0","6","0"
"15114624","7","3","2"
"15116599","4","22","0"
"15117201","0","85","0"
"15117834","1","0","0"
"15118064","0","7","0"
"15119024","23","14","0"
"15121332","0","138","0"
"15123894","0","26","0"
"15125645","0","2","0"
"15129522","0","22","0"
"15134376","32","100","1"
"15138057","1","7","0"
"15138278","1","64","2"
"15142650","1","4","0"
"15143830","40","6","1"
"15145107","35","96","0"
"15145736","0","1","0"
"15148008","0","5","0"
"15149644","0","51","0"
"15149823","0","15","0"
"15154700","9","3","0"
"15155030","4","19","0"
"15155605","9","13","2"
"15161581","5","63","0"
"15161794","2","19","0"
"15164646","2","51","3"
"15165527","16","9","146"
"15167087","0","17","0"
"15167371","14","22","0"
"15170120","8","76","10"
"15170175","0","0","0"
"15171133","5","45","3"
"15172167","8","4","0"
"15174310","93","28","45"
"15175627","1","39","0"
"15175754","0","6","0"
"15175873","23","11","0"
"15176150","63","50","0"
"15178267","30","153","0"
"15181473","1","29","0"
"15184184","0","5","0"
"15186448","1","10","0"
"15186569","11","41","1"
"15186994","1","13","0"
"15188026","35","240","2"
"15188876","0","0","0"
"15190888","0","61","0"
"15191896","0","2","0"
"15197645","6","71","0"
"15198069","9","14","0"
"15199864","0","18","0"
"15199988","0","52","0"
"15200657","0","1","0"
"15200705","17","63","1"
"15203960","2","5","1"
"15206498","0","6","0"
"15206662","1","41","0"
"15207145","1","7","0"
"15208727","0","9","0"
"15209311","0","6","0"
"15210304","4","47","17"
"15212735","4","2","0"
"15213503","0","91","0"
"15214059","7","12","0"
"15214294","0","0","0"
"15215450","9","67","0"
"15218726","11","138","2"
"15219428","3","85","1"
"15220748","0","8","0"
"15221145","0","76","0"
"15221658","23","53","0"
"15222211","24","1","1"
"15224052","47","86","0"
"15227231","4","32","0"
"15227398","0","16","0"
"15231102","6","27","0"
"15234056","2","1","2"
"15235482","0","49","0"
"15236761","4","36","0"
"15239077","14","56","0"
"15242939","3","7","0"
"15253086","0","121","0"
"15258737","19","103","6"
"15259718","3","23","0"
"15262536","0","43","1"
"15262615","1","43","0"
"15264945","3","18","0"
"15265413","1","2","0"
"15267020","2","12","0"
"15269544","0","0","0"
"15270060","0","2","0"
"15270926","0","63","0"
"15274012","0","1","0"
"15274382","0","2","0"
"15274955","1","86","0"
"15278255","5","25","1"
"15279821","0","0","0"
"15282066","1","4","0"
"15282385","2","23","0"
"15283859","7","31","0"
"15288889","0","24","0"
"15290380","3","24","0"
"15291307","1","26","0"
"15293528","5","27","0"
"15294308","6","45","1"
"15294334","40","91","1"
"15294847","1","10","0"
"15295149","9","121","0"
"15297204","0","11","0"
"15298697","3","128","0"
"15301266","0","40","0"
"15302273","7","93","0"
"15303103","2","3","0"
"15306153","0","75","0"
"15307414","2","43","0"
"15307950","4","11","0"
"15312154","7","28","0"
"15313429","0","0","0"
"15313661","8","49","0"
"15314534","2","14","0"
"15317366","0","1","0"
"15318227","7","144","0"
"15319747","0","72","0"
"15320579","30","44","3"
"15321239","13","36","0"
"15322887","4","18","0"
"15328662","70","53","0"
"15328990","2","6","2"
"15330539","6","17","0"
"15330695","0","2","0"
"15331983","0","2","0"
"15333252","0","3","0"
"15336413","2","101","0"
"15336571","0","0","0"
"15337133","0","7","0"
"15337458","1","29","0"
"15338201","1","5","0"
"15338342","26","18","5"
"15343205","2","15","0"
"15345841","14","29","0"
"15348203","19","44","0"
"15351296","24","124","4"
"15351640","7","65","0"
"15351664","0","5","0"
"15352279","15","41","38"
"15352325","0","205","6"
"15352409","5","9","0"
"15353043","0","40","0"
"15353979","33","19","23"
"15354370","0","63","0"
"15355839","2","30","1"
"15355904","0","34","0"
"15356407","2","105","1"
"15356914","2","3","0"
"15364728","33","35","4"
"15365513","4","34","1"
"15366030","36","74","0"
"15366209","15","29","0"
"15368012","5","25","0"
"15368235","28","132","5"
"15368978","8","109","28"
"15369410","2","28","0"
"15369722","0","11","0"
"15371240","21","17","0"
"15372668","1","136","0"
"15373641","1","9","0"
"15374469","0","0","0"
"15374621","7","17","0"
"15377381","2","17","0"
"15377435","1","9","0"
"15378204","1","8","0"
"15381219","2","48","0"
"15383310","8","9","0"
"15384958","0","1","0"
"15387001","0","0","0"
"15387120","21","65","1"
"15388890","2","14","0"
"15391779","0","1","0"
"15394019","43","120","0"
"15394108","0","0","0"
"15394900","32","73","0"
"15398171","0","12","0"
"15399131","9","7","0"
"15400163","2","57","0"
"15400571","25","62","3"
"15405179","0","83","0"
"15405352","1","50","0"
"15405454","0","40","0"
"15408143","8","35","2"
"15408905","0","9","0"
"15414112","1","7","0"
"15416982","1","2","0"
"15424316","0","3","0"
"15429494","1","1","0"
"15431847","0","75","0"
"15431899","1","14","0"
"15432738","12","89","4"
"15437999","14","38","0"
"15438360","18","72","4"
"15440042","4","63","0"
"15440045","4","34","0"
"15449745","0","93","0"
"15451183","26","35","0"
"15452172","5","41","0"
"15454404","0","0","0"
"15455922","58","4","0"
"15457559","2","25","0"
"15459665","20","18","1"
"15459779","0","3","0"
"15461418","0","13","0"
"15462492","6","41","3"
"15463877","14","15","0"
"15469962","18","48","0"
"15471452","0","19","0"
"15472475","0","4","0"
"15474532","0","105","0"
"15475598","1","22","0"
"15476955","0","10","0"
"15478835","0","37","0"
"15479269","8","103","0"
"15479443","2","16","0"
"15481857","23","10","2"
"15484481","5","14","0"
"15485000","23","121","1"
"15485047","0","1","0"
"15485753","0","6","0"
"15492085","1","83","0"
"15494398","66","66","3"
"15496813","0","1","0"
"15497141","10","103","1"
"15497939","0","10","0"
"15505755","2","0","0"
"15508081","0","74","0"
"15509796","0","15","0"
"15510171","2","17","0"
"15515069","0","2","0"
"15516699","101","120","4"
"15517013","1","0","1"
"15517071","15","23","0"
"15519056","1","8","0"
"15520726","2","22","0"
"15521590","22","29","0"
"15523218","0","5","0"
"15523591","4","18","0"
"15523997","18","27","0"
"15527279","0","13","0"
"15527415","5","72","0"
"15528434","0","10","0"
"15531842","0","43","1"
"15533872","0","9","0"
"15537469","3","12","0"
"15538881","2","97","0"
"15539586","0","10","0"
"15541490","0","4","0"
"15542245","47","70","0"
"15543100","4","34","3"
"15545196","2","22","9"
"15548016","1","55","0"
"15564095","0","75","0"
"15576155","19","64","0"
"15577811","6","12","0"
"15578536","2","59","0"
"15579573","12","16","4"
"15580132","0","5","0"
"15582911","0","109","0"
"15583249","0","26","0"
"15584536","2","10","1"
"15584743","16","32","1"
"15584964","1","66","0"
"15587021","3","44","0"
"15589902","3","34","0"
"15591732","0","15","0"
"15592048","6","26","0"
"15592363","0","243","0"
"15592966","4","20","0"
"15594484","12","23","0"
"15597880","3","13","0"
"15597975","31","85","0"
"15602139","1","19","0"
"15602730","0","3","0"
"15603575","19","8","0"
"15606734","0","0","0"
"15607248","0","38","0"
"15609876","0","142","0"
"15611743","2","36","0"
"15611794","2","9","0"
"15611828","3","9","0"
"15613481","12","45","3"
"15623558","0","20","0"
"15625173","0","14","0"
"15625738","3","41","0"
"15628525","5","52","3"
"15636264","4","31","0"
"15638092","7","54","0"
"15638391","0","30","0"
"15641685","12","10","0"
"15648070","11","18","0"
"15648920","3","16","0"
"15649348","1","37","1"
"15651035","3","9","1"
"15651201","24","8","31"
"15660224","9","39","2"
"15667460","1","104","0"
"15670527","33","69","0"
"15671866","8","19","0"
"15675574","0","7","0"
"15676431","5","3","0"
"15678119","14","61","0"
"15680379","0","2","0"
"15682259","9","15","0"
"15692700","0","34","0"
"15701660","0","25","0"
"15704286","1","5","0"
"15704972","8","25","0"
"15714806","28","41","0"
"15722524","17","26","2"
"15724084","166","173","10"
"15724385","3","6","0"
"15736486","0","20","0"
"15737223","18","213","22"
"15740725","25","9","1"
"15740938","18","23","0"
"15745126","0","53","0"
"15745178","2","25","0"
"15745884","0","166","0"
"15746749","0","127","0"
"15746993","0","0","0"
"15747106","1","68","0"
"15747398","17","60","0"
"15747414","82","234","7"
"15748278","22","175","0"
"15748652","6","0","0"
"15748724","0","12","1"
"15748819","33","15","9"
"15750590","0","8","0"
"15751555","4","8","9"
"15751564","56","73","0"
"15754377","76","64","0"
"15758781","15","102","2"
"15759228","0","48","7"
"15760872","3","0","0"
"15762622","0","15","0"
"15763494","0","54","0"
"15765725","22","98","1"
"15766425","3","1","5"
"15766817","9","6","0"
"15768984","4","8","0"
"15770479","6","13","0"
"15772244","1","11","0"
"15774176","0","196","0"
"15774177","0","111","0"
"15774183","0","33","0"
"15775222","0","37","0"
"15775576","6","21","0"
"15783185","1","32","1"
"15786191","3","30","0"
"15789611","5","110","0"
"15797317","6","17","0"
"15800270","23","13","0"
"15801356","0","2","0"
"15801387","22","103","0"
"15802844","3","23","0"
"15806697","7","13","0"
"15810170","27","27","0"
"15810582","1","16","0"
"15812214","66","88","1"
"15818349","0","47","0"
"15821526","3","63","0"
"15821771","3","21","0"
"15823478","3","14","0"
"15825125","4","14","1"
"15826337","8","23","3"
"15827161","0","27","0"
"15831977","0","22","0"
"15832431","0","39","0"
"15832859","3","26","1"
"15833253","0","23","0"
"15834939","0","14","0"
"15835642","4","41","0"
"15839811","2","19","0"
"15842737","71","143","5"
"15849317","1","5","0"
"15849334","4","0","0"
"15851978","7","32","1"
"15852600","3","59","0"
"15861862","0","6","0"
"15863196","3","16","0"
"15865611","0","29","1"
"15870284","12","16","0"
"15872778","0","62","0"
"15878096","0","52","2"
"15878217","8","0","0"
"15886810","0","46","0"
"15887281","0","9","0"
"15890076","0","15","0"
"15893581","215","83","0"
"15898889","8","0","0"
"15898985","0","3","0"
"15900460","0","33","0"
"15900832","8","6","0"
"15907013","7","6","0"
"15909371","2","49","1"
"15915172","29","72","0"
"15919783","0","8","0"
"15920018","2","43","2"
"15923186","145","4","8"
"15925814","3","3","0"
"15930096","0","9","0"
"15935459","0","0","0"
"15938843","24","5","1"
"15938937","0","21","0"
"15947768","2","16","0"
"15948240","12","55","78"
"15950932","2","97","0"
"15951483","0","13","0"
"15951953","2","48","0"
"15958062","17","9","0"
"15959434","15","15","0"
"15959787","0","12","0"
"15959847","6","22","46"
"15960341","0","5","0"
"15961388","2","2","1"
"15961856","2","1","0"
"15963676","4","16","0"
"15966020","0","0","0"
"15969113","0","0","0"
"15969538","1","0","0"
"15969858","0","57","0"
"15970233","0","37","0"
"15974978","4","34","0"
"15976878","1","47","0"
"15978450","5","97","0"
"15980284","10","87","0"
"15981783","5","49","0"
"15982771","457","50","168"
"15983216","41","77","0"
"15992173","3","4","0"
"15999141","0","2","0"
"16003919","3","50","0"
"16004568","6","46","1"
"16009435","41","259","0"
"16010394","4","7","0"
"16015991","0","101","0"
"16018007","2","15","0"
"16018684","14","33","0"
"16019058","22","179","2"
"16020090","0","20","0"
"16020533","1","19","0"
"16024450","0","7","0"
"16030830","36","363","15"
"16034206","450","121","13"
"16035078","0","119","0"
"16036676","9","10","4"
"16037434","14","21","0"
"16041376","0","5","32"
"16042773","0","20","0"
"16043632","0","20","0"
"16043655","0","10","0"
"16045809","0","12","0"
"16046045","5","29","3"
"16047487","17","94","0"
"16047755","9","11","0"
"16048603","15","37","0"
"16048617","0","17","0"
"16048914","134","37","20"
"16050071","0","81","0"
"16050098","1","57","0"
"16056064","0","3","0"
"16057454","30","0","5"
"16059091","3","7","0"
"16059412","0","13","0"
"16067905","11","14","3"
"16070463","0","7","0"
"16072543","2","10","0"
"16082534","0","51","0"
"16085688","0","17","0"
"16087692","1","2","0"
"16094939","0","21","0"
"16095724","0","8","0"
"16097107","1","5","0"
"16097919","31","5","3"
"16099806","0","36","0"
"16100017","7","4","0"
"16101788","2","33","0"
"16106482","2","74","0"
"16108271","10","11","1"
"16108509","1","6","0"
"16115033","10","27","0"
"16120911","2","53","0"
"16122154","3","21","0"
"16124174","0","42","0"
"16133309","1","7","0"
"16136190","82","253","5"
"16139739","20","43","0"
"16142839","1","63","0"
"16143492","11","14","1"
"16145390","0","1","0"
"16145658","147","225","5"
"16145931","0","6","0"
"16149774","8","28","0"
"16155080","1","8","0"
"16158590","2","29","0"
"16163044","3","35","0"
"16168626","6","76","2"
"16172435","1","81","0"
"16173622","3","18","0"
"16174415","0","12","0"
"16177121","10","90","2"
"16177247","0","589","0"
"16185675","0","29","0"
"16187613","3","166","0"
"16189578","3","1","0"
"16191796","0","34","0"
"16191993","1","55","0"
"16194563","0","1","0"
"16198415","4","7","0"
"16199133","6","4","0"
"16206287","0","25","0"
"16210149","1","24","0"
"16212595","1","1","0"
"16213095","3","4","1"
"16213380","0","51","0"
"16213673","88","229","1"
"16220278","4","1","0"
"16223122","3","38","0"
"16223413","6","23","0"
"16226458","14","12","0"
"16233425","0","18","0"
"16236118","4","94","1"
"16239119","2","18","4"
"16240395","0","78","0"
"16241837","3","52","0"
"16243664","2","8","0"
"16247336","2","17","0"
"16250404","131","160","2"
"16254113","4","138","0"
"16254208","1","77","0"
"16256154","2","1","0"
"16259344","27","4","2"
"16262518","0","8","0"
"16264289","22","84","0"
"16267793","1","35","0"
"16269762","0","32","0"
"16271182","6","5","0"
"16272855","0","14","0"
"16273374","6","36","0"
"16273894","4","15","0"
"16274354","5","4","4"
"16275059","1","35","0"
"16277807","1","1","0"
"16282297","0","44","0"
"16282898","1","7","0"
"16293191","1","57","0"
"16297632","9","14","0"
"16299715","4","21","0"
"16299776","0","14","0"
"16302244","3","30","0"
"16304044","0","116","0"
"16305340","9","133","0"
"16305607","5","52","0"
"16306516","30","19","1"
"16311309","11","20","0"
"16311676","0","5","0"
"16313960","9","40","1"
"16315136","41","46","0"
"16316384","3","8","0"
"16317300","1","4","0"
"16320782","28","1","0"
"16321225","44","28","35"
"16322999","1","62","0"
"16323922","0","118","0"
"16326242","5","53","0"
"16326708","7","20","1"
"16330119","1","4","0"
"16331296","0","7","0"
"16331360","0","106","0"
"16331993","2","227","0"
"16333281","0","95","0"
"16335035","0","9","0"
"16342000","1","6","0"
"16347614","7","2","0"
"16349770","0","9","0"
"16350882","9","53","0"
"16353662","11","29","0"
"16356277","196","286","0"
"16356296","230","261","1"
"16356453","0","68","0"
"16365857","0","0","0"
"16370387","4","29","0"
"16370901","19","54","0"
"16372530","1","35","0"
"16377085","18","121","0"
"16380621","0","17","0"
"16381945","0","86","0"
"16388338","38","130","0"
"16390814","0","1","0"
"16391362","4","1","0"
"16391898","0","7","0"
"16399561","7","90","0"
"16402009","0","16","0"
"16405839","29","70","0"
"16405935","55","53","0"
"16407480","0","139","0"
"16407645","0","14","0"
"16409993","0","7","0"
"16411283","4","16","0"
"16411959","16","21","0"
"16414383","1","0","0"
"16415933","1","3","0"
"16418724","2","5","0"
"16420204","5","25","0"
"16425029","13","154","0"
"16428897","0","20","0"
"16430068","98","59","0"
"16431842","0","26","0"
"16432482","2","11","0"
"16435355","68","152","3"
"16441367","0","5","0"
"16445022","1","264","0"
"16449309","5","1","0"
"16449363","0","3","0"
"16450169","2","158","3"
"16451347","0","16","0"
"16452810","0","2","0"
"16453851","0","24","0"
"16454771","9","11","2"
"16456704","11","58","0"
"16458642","22","58","1"
"16459035","18","47","0"
"16463646","3","5","0"
"16463801","4","87","0"
"16464074","0","10","0"
"16467154","10","134","1"
"16467763","0","51","0"
"16474083","1","6","0"
"16474209","0","3","0"
"16475089","13","122","2"
"16478855","11","6","0"
"16480816","1","26","0"
"16484935","1","47","0"
"16487900","0","282","0"
"16490627","48","113","120"
"16491055","0","17","0"
"16492542","23","7","7"
"16493759","1","13","0"
"16494303","4","13","0"
"16494437","58","217","3"
"16496244","8","49","2"
"16498578","2","150","0"
"16499599","1","9","0"
"16499723","0","3","0"
"16500604","4","36","1"
"16502170","48","13","25"
"16504342","0","9","0"
"16505469","0","14","0"
"16508254","0","31","0"
"16509073","0","23","0"
"16513001","9","364","4"
"16513489","0","10","0"
"16514290","0","70","0"
"16516114","13","69","0"
"16517581","139","3","118"
"16517823","0","85","0"
"16521194","52","91","7"
"16521381","2","218","0"
"16522708","2","32","0"
"16523060","69","25","5"
"16527170","3","53","0"
"16531380","0","91","0"
"16531441","0","61","0"
"16532461","10","13","0"
"16534258","11","56","0"
"16537039","0","40","0"
"16538011","5","64","0"
"16540599","1","13","0"
"16543550","0","2","0"
"16545894","21","7","17"
"16551229","2","7","0"
"16551518","7","7","0"
"16552137","15","6","0"
"16552422","3","2","5"
"16553558","0","34","0"
"16554239","21","4","2"
"16558311","1","24","0"
"16559292","0","112","0"
"16559988","0","42","0"
"16560548","1","8","0"
"16560836","7","29","0"
"16561638","7","85","2"
"16563198","46","74","3"
"16565444","3","24","0"
"16567210","1","100","0"
"16575556","0","14","0"
"16577410","1","32","0"
"16577483","17","65","7"
"16585046","3","7","0"
"16587692","8","5","0"
"16589029","8","66","0"
"16589128","99","137","0"
"16590740","17","136","1"
"16591526","8","11","0"
"16592991","8","13","3"
"16593275","6","9","0"
"16593914","0","0","0"
"16595100","8","9","0"
"16596758","16","5","6"
"16598470","21","33","0"
"16602527","6","116","0"
"16605082","1","0","0"
"16606223","68","14","7"
"16606510","2","89","0"
"16611225","8","27","0"
"16613306","11","58","1"
"16613707","1","1","0"
"16613821","15","20","0"
"16622985","61","21","0"
"16623057","1","0","0"
"16623224","2","12","0"
"16626860","3","16","0"
"16627252","2","61","0"
"16627522","10","48","0"
"16632363","0","23","0"
"16634738","0","43","0"
"16637863","90","6","1"
"16638833","7","79","0"
"16642626","9","124","0"
"16643004","10","84","0"
"16647453","0","1","0"
"16651073","0","28","0"
"16653398","5","64","0"
"16659219","3","25","0"
"16659322","1","12","1"
"16660603","14","13","5"
"16662168","0","30","0"
"16662333","34","28","1"
"16665872","18","8","1"
"16666045","1","40","0"
"16668765","14","76","0"
"16671196","1","7","0"
"16673529","3","48","0"
"16680905","6","4","0"
"16682019","6","10","2"
"16685135","2","11","0"
"16686130","9","21","1"
"16686166","7","17","3"
"16693888","0","54","0"
"16695893","0","17","0"
"16702058","40","149","8"
"16702151","19","10","0"
"16703353","0","12","0"
"16706763","4","61","0"
"16710542","335","337","0"
"16710738","2","5","6"
"16714498","12","91","2"
"16715508","0","27","1"
"16717511","0","21","0"
"16727709","5","29","4"
"16728483","5","21","0"
"16730900","0","34","0"
"16732680","11","53","0"
"16739663","0","133","0"
"16739843","5","24","1"
"16744227","16","29","0"
"16744902","0","12","0"
"16746253","0","24","0"
"16746390","13","20","0"
"16746668","7","149","0"
"16749821","2","9","0"
"16750357","14","54","0"
"16751401","1","67","0"
"16753477","4","12","0"
"16754494","8","62","0"
"16755671","7","9","0"
"16758022","5","4","0"
"16760021","5","15","0"
"16761544","2","2","0"
"16762366","5","9","0"
"16764510","27","142","1"
"16765223","58","280","0"
"16765716","4","24","1"
"16765805","0","15","0"
"16765847","3","9","0"
"16766120","27","16","6"
"16766831","0","3","0"
"16769477","49","2","0"
"16769684","1","1","0"
"16771377","28","143","0"
"16773063","1","10","0"
"16778949","0","14","0"
"16778998","9","29","0"
"16780764","1","0","0"
"16781395","13","30","0"
"16781396","21","64","10"
"16786350","15","150","0"
"16787808","0","41","0"
"16788073","2","44","0"
"16789265","1","6","0"
"16791187","1","26","0"
"16792579","0","4","0"
"16793150","0","0","0"
"16793736","0","25","0"
"16797805","33","25","2"
"16801529","4","8","0"
"16804487","0","62","0"
"16805423","7","37","7"
"16806458","0","63","0"
"16807584","26","16","1"
"16811479","5","30","1"
"16812867","1","3","1"
"16813096","8","12","0"
"16814323","1","42","0"
"16818745","8","49","13"
"16821109","13","151","0"
"16824146","8","25","1"
"16825118","6","38","0"
"16825566","5","32","0"
"16826419","0","6","0"
"16826729","26","160","1"
"16827280","1","2","0"
"16827453","15","18","0"
"16832496","10","51","0"
"16833668","0","5","0"
"16835261","0","11","0"
"16835747","3","104","0"
"16839859","0","1","0"
"16841774","0","21","0"
"16842078","1","59","1"
"16842205","6","34","0"
"16843389","13","107","3"
"16844859","17","11","0"
"16850750","3","5","0"
"16852506","0","24","0"
"16855322","25","155","0"
"16856522","1","8","0"
"16860542","0","65","0"
"16862757","8","71","2"
"16864869","20","89","82"
"16867587","0","6","0"
"16870564","58","1","8"
"16872314","17","12","9"
"16874466","0","32","0"
"16878829","0","17","0"
"16879794","7","35","0"
"16881800","25","20","1"
"16881932","1","15","1"
"16886597","11","72","60"
"16887777","0","14","0"
"16891669","42","25","1"
"16895246","38","53","0"
"16895627","0","55","0"
"16895630","0","30","0"
"16898332","1","18","0"
"16907666","0","2","0"
"16907925","8","10","0"
"16910396","11","9","4"
"16911595","0","3","0"
"16913644","2","11","0"
"16914936","6","90","0"
"16915219","0","94","3"
"16915292","12","74","2"
"16918979","14","92","3"
"16919257","0","54","0"
"16920195","23","50","0"
"16920789","1","52","0"
"16920947","0","45","0"
"16921041","16","68","0"
"16922044","0","31","0"
"16922342","0","68","0"
"16922343","0","63","0"
"16922810","0","0","0"
"16922954","2","30","0"
"16924632","44","13","39"
"16925281","9","53","0"
"16929145","0","112","0"
"16929358","0","133","0"
"16930243","0","45","0"
"16932810","0","9","0"
"16932980","0","87","0"
"16933406","8","30","0"
"16935891","0","9","0"
"16937830","28","13","1"
"16938011","0","56","0"
"16940811","0","2","1"
"16942500","12","16","0"
"16944079","2","1","0"
"16945230","7","30","0"
"16946039","2","14","0"
"16946324","0","6","0"
"16949604","1","34","1"
"16950813","0","30","0"
"16954055","71","52","5"
"16957724","0","0","0"
"16957927","0","22","0"
"16958095","0","66","0"
"16958213","0","40","0"
"16958410","6","36","1"
"16958679","1","77","0"
"16959486","4","22","0"
"16962686","0","26","0"
"16964922","20","68","0"
"16968158","3","6","0"
"16968554","4","13","1"
"16973338","0","36","0"
"16974218","43","25","3"
"16974425","7","86","0"
"16975921","46","32","0"
"16981479","0","11","0"
"16981884","14","88","0"
"16984466","72","140","1"
"16985146","5","40","13"
"16990573","0","4","0"
"16995190","0","34","0"
"16998523","2","27","0"
"17002772","0","39","0"
"17005119","6","13","0"
"17010560","4","74","0"
"17011740","0","21","0"
"17015693","0","83","0"
"17015855","1","17","0"
"17016350","15","67","0"
"17022570","4","28","0"
"17023744","43","97","4"
"17025310","1","30","0"
"17026489","4","105","0"
"17028009","7","62","0"
"17028970","0","82","0"
"17030181","0","4","0"
"17032606","7","7","0"
"17033432","53","77","7"
"17034430","0","11","0"
"17034564","19","21","4"
"17042216","4","96","0"
"17043683","4","110","2"
"17045336","1","15","0"
"17047121","9","5","0"
"17047177","41","15","9"
"17049772","49","159","4"
"17050983","2","10","0"
"17057833","3","32","1"
"17064732","17","30","0"
"17069758","0","134","0"
"17070383","9","121","1"
"17071589","2","22","0"
"17072366","0","5","0"
"17077605","2","38","0"
"17077700","0","11","0"
"17077978","2","157","0"
"17079652","0","63","0"
"17081051","7","43","0"
"17081494","30","51","0"
"17085952","0","3","0"
"17087765","0","16","0"
"17089203","1","5","0"
"17089665","4","94","2"
"17094926","7","23","0"
"17105581","5","78","0"
"17106024","2","109","6"
"17109012","0","2","0"
"17112163","0","4","0"
"17119272","31","8","0"
"17120512","0","53","0"
"17120914","41","85","1"
"17126151","0","63","0"
"17128041","79","246","12"
"17128350","0","31","0"
"17135653","0","56","0"
"17138322","0","30","0"
"17139053","0","15","2"
"17139956","91","254","0"
"17142551","15","29","2"
"17144747","0","17","0"
"17144974","0","21","0"
"17146158","3","4","0"
"17147888","0","0","0"
"17148835","3","17","0"
"17151801","0","4","0"
"17153465","0","203","0"
"17156530","2","77","0"
"17156981","7","115","0"
"17158472","18","66","0"
"17158703","19","91","1"
"17158981","9","33","0"
"17160160","20","45","0"
"17171424","20","8","0"
"17172829","93","293","4"
"17175441","0","96","0"
"17176270","1","36","0"
"17178679","0","15","0"
"17179695","0","22","0"
"17180860","5","62","1"
"17181638","4","24","0"
"17184282","0","16","0"
"17185927","39","163","0"
"17186475","0","13","0"
"17189011","3","61","2"
"17191258","0","0","0"
"17191838","8","27","0"
"17194418","22","142","0"
"17194645","37","10","5"
"17196203","0","227","0"
"17198705","6","4","1"
"17200418","28","40","0"
"17200950","11","48","2"
"17202960","87","45","39"
"17204847","1","2","0"
"17207537","0","49","0"
"17208187","12","24","0"
"17209725","2","26","0"
"17211349","13","155","0"
"17211421","0","20","0"
"17213269","27","28","2"
"17215197","0","48","0"
"17218587","1","223","0"
"17223188","19","25","0"
"17226535","6","199","0"
"17228484","14","83","0"
"17229214","0","85","0"
"17233433","6","108","0"
"17234168","0","14","6"
"17235816","0","16","0"
"17239546","2","55","0"
"17241218","0","62","0"
"17242503","0","34","0"
"17242950","0","25","0"
"17243008","0","42","0"
"17244019","54","50","0"
"17244117","0","13","0"
"17246406","8","76","1"
"17254677","1","55","0"
"17256158","1","13","0"
"17257136","4","2","0"
"17261061","0","21","0"
"17263161","0","1","0"
"17264570","4","71","0"
"17265403","5","10","0"
"17267895","5","18","0"
"17273236","4","32","0"
"17277491","2","15","0"
"17284207","20","27","0"
"17286169","20","18","0"
"17286292","20","53","0"
"17287498","1","35","0"
"17287940","2","26","2"
"17289463","30","47","0"
"17293779","57","61","12"
"17294911","0","12","0"
"17297900","0","1","0"
"17299094","2","14","0"
"17300813","13","19","22"
"17302718","0","2","0"
"17305585","0","15","0"
"17308201","53","108","3"
"17309108","7","87","0"
"17311782","0","132","0"
"17311927","3","22","0"
"17312591","0","4","0"
"17312805","0","17","0"
"17314963","0","10","0"
"17315212","7","154","0"
"17316624","2","22","0"
"17316835","0","8","0"
"17317985","11","8","0"
"17322893","27","152","0"
"17323241","2","15","0"
"17326889","0","18","0"
"17328152","12","33","0"
"17331490","0","16","0"
"17335001","13","38","18"
"17338310","1","7","0"
"17340023","5","17","0"
"17341715","30","24","0"
"17343501","17","82","1"
"17343976","35","49","0"
"17344532","1","33","0"
"17344899","36","82","0"
"17348251","0","26","0"
"17357963","6","18","0"
"17358702","26","35","0"
"17367560","19","7","44"
"17369207","14","63","0"
"17369291","3","107","0"
"17369900","2","32","0"
"17370338","0","11","0"
"17381872","18","76","0"
"17385292","0","7","0"
"17390082","8","169","0"
"17392016","0","5","0"
"17393225","3","19","0"
"17402986","14","17","4"
"17404705","0","31","0"
"17410359","0","39","0"
"17415517","7","14","0"
"17419835","0","16","0"
"17422582","69","50","0"
"17424122","0","57","0"
"17427519","3","11","1"
"17430910","4","64","0"
"17431241","0","14","0"
"17432749","3","1","0"
"17436751","2","40","2"
"17437721","0","69","0"
"17456295","2","10","0"
"17456955","12","20","0"
"17457042","0","159","0"
"17457846","90","20","6"
"17460546","0","24","0"
"17462012","2","101","0"
"17463126","0","12","0"
"17467669","0","34","0"
"17468863","0","49","0"
"17468933","11","16","0"
"17472988","0","192","0"
"17473716","4","4","0"
"17478317","1","17","0"
"17488015","0","90","0"
"17490003","2","66","0"
"17491224","15","65","0"
"17493431","1","534","6"
"17494917","1","69","0"
"17497509","1","35","0"
"17497862","0","7","0"
"17498746","22","42","6"
"17499704","6","31","0"
"17503046","0","19","0"
"17516394","0","90","0"
"17516899","1","111","0"
"17517286","8","47","0"
"17518541","1","22","0"
"17519505","2","8","1"
"17520040","0","69","0"
"17520252","0","20","0"
"17523373","41","29","1"
"17523866","145","56","4"
"17524723","30","31","1"
"17525181","0","11","0"
"17525834","14","46","1"
"17526992","0","2","0"
"17527642","1","40","1"
"17529564","5","8","0"
"17530237","2","13","0"
"17532482","11","31","0"
"17533262","0","20","0"
"17534581","0","10","0"
"17538468","5","12","1"
"17539341","6","3","0"
"17540492","3","26","2"
"17541709","6","78","0"
"17544309","0","99","0"
"17544312","0","109","0"
"17548824","0","6","0"
"17550177","3","26","0"
"17553781","2","86","0"
"17554728","0","231","0"
"17558100","1","18","1"
"17558323","1","23","0"
"17560229","0","83","0"
"17561930","1","50","0"
"17562157","18","31","0"
"17567143","1","0","0"
"17570298","12","218","2"
"17571211","8","0","0"
"17571475","0","0","0"
"17572646","0","27","0"
"17576982","4","8","0"
"17579252","0","52","0"
"17582798","1","70","0"
"17588551","0","95","0"
"17588900","0","18","0"
"17589781","3","32","0"
"17592995","0","38","0"
"17595968","0","27","0"
"17597213","1","16","0"
"17599576","0","217","0"
"17603999","8","11","0"
"17607331","1","51","0"
"17610082","40","16","1"
"17611850","1","17","0"
"17614863","19","10","0"
"17615801","11","70","0"
"17620209","24","27","6"
"17622044","25","5","0"
"17623640","0","22","0"
"17623897","0","13","0"
"17625486","8","48","1"
"17625879","0","5","0"
"17626613","2","53","0"
"17627350","21","49","2"
"17627575","9","80","1"
"17630235","0","86","0"
"17635987","3","99","1"
"17637096","18","101","0"
"17637456","8","37","0"
"17637875","26","37","0"
"17644863","1","6","0"
"17646582","8","33","4"
"17648214","24","63","0"
"17653156","13","91","0"
"17658327","16","50","4"
"17663717","0","90","0"
"17666863","43","22","1"
"17668098","0","14","0"
"17668426","20","49","6"
"17668691","0","10","0"
"17670742","36","46","8"
"17672228","1","28","0"
"17675150","37","31","1"
"17675859","6","68","6"
"17675862","0","26","0"
"17679565","18","32","3"
"17680233","0","258","1"
"17681550","2","11","0"
"17681630","0","29","0"
"17681687","15","16","0"
"17685806","41","36","0"
"17692083","1","69","0"
"17694626","18","309","0"
"17695211","14","88","4"
"17698532","1","103","0"
"17699056","0","51","0"
"17700794","9","27","0"
"17701064","6","24","0"
"17701296","6","6","0"
"17703865","0","1","0"
"17708926","10","15","0"
"17710270","0","207","0"
"17715540","7","15","0"
"17718870","8","64","0"
"17720353","0","96","0"
"17720363","0","74","0"
"17721124","6","1","0"
"17723465","0","10","0"
"17725530","0","13","0"
"17726473","0","19","0"
"17730070","6","45","0"
"17730652","8","61","1"
"17731030","5","11","0"
"17732851","0","63","0"
"17737469","0","19","0"
"17739440","0","137","0"
"17741639","0","1","0"
"17751507","23","14","1"
"17752564","9","31","0"
"17754711","0","27","0"
"17755707","4","59","0"
"17755777","12","90","0"
"17757846","7","27","0"
"17759589","0","21","0"
"17762979","10","136","0"
"17765797","0","15","0"
"17766295","0","38","0"
"17767619","0","54","0"
"17769156","1","27","0"
"17771658","0","71","0"
"17771995","25","23","0"
"17772814","49","21","0"
"17773547","7","112","1"
"17775058","13","8","0"
"17781468","0","53","0"
"17781834","2","11","3"
"17781856","3","62","0"
"17782348","14","35","0"
"17786527","2","1","0"
"17786978","125","39","22"
"17787605","72","61","0"
"17795006","0","60","6"
"17797290","1","14","0"
"17797849","157","229","0"
"17797907","2","84","0"
"17798537","34","49","0"
"17799032","9","57","0"
"17799125","7","44","4"
"17800066","12","10","4"
"17802928","0","33","0"
"17805287","0","30","0"
"17811563","13","18","0"
"17812607","4","13","0"
"17815629","0","8","0"
"17815960","0","16","0"
"17816634","3","62","0"
"17817329","1","71","0"
"17821261","0","19","0"
"17825220","0","5","0"
"17825554","6","11","0"
"17831171","0","41","0"
"17831351","7","8","0"
"17834001","1","24","0"
"17835092","0","17","0"
"17835656","47","9","3"
"17836238","0","42","0"
"17836531","1","32","0"
"17839041","0","55","0"
"17839690","28","0","5"
"17843903","6","10","0"
"17850568","0","49","0"
"17851130","10","69","0"
"17860991","0","1","0"
"17867413","3","141","0"
"17871774","15","43","0"
"17882674","0","23","0"
"17884397","18","54","0"
"17884414","6","50","1"
"17885357","0","20","0"
"17885513","0","30","0"
"17886849","5","40","2"
"17887975","0","7","0"
"17889492","13","11","2"
"17892216","7","19","0"
"17893197","0","49","0"
"17894104","0","29","0"
"17897456","6","101","0"
"17898569","1","81","0"
"17898592","0","54","0"
"17898801","0","66","0"
"17901132","1","39","1"
"17903567","0","0","0"
"17904373","16","5","1"
"17905764","0","16","0"
"17907084","0","31","0"
"17915481","5","12","0"
"17917955","2","65","0"
"17926477","20","98","0"
"17929465","1","57","0"
"17936326","0","59","0"
"17939220","0","86","0"
"17939454","1","80","1"
"17942871","0","15","0"
"17948948","0","85","0"
"17961431","28","109","0"
"17963017","5","23","0"
"17965313","4","142","1"
"17966065","9","20","6"
"17966737","1","3","0"
"17966745","0","42","0"
"17972542","0","5","0"
"17976599","0","216","0"
"17982436","28","66","0"
"17991758","0","176","0"
"17992129","2","14","1"
"17994624","6","31","0"
"17995563","3","114","0"
"17997552","15","3","1"
"18000388","1","24","0"
"18001301","4","123","0"
"18001693","11","43","0"
"18007266","0","29","0"
"18011270","0","68","0"
"18012302","0","84","0"
"18014805","4","64","0"
"18020941","81","217","1"
"18022759","9","38","0"
"18027197","55","37","0"
"18028757","7","71","0"
"18029062","0","34","0"
"18029145","1","1","0"
"18030502","0","47","0"
"18031894","37","238","4"
"18032364","5","1","0"
"18040640","11","7","1"
"18047369","18","39","37"
"18050436","6","22","0"
"18056527","0","33","0"
"18057881","27","20","1"
"18057908","27","126","0"
"18059879","0","103","0"
"18059901","0","38","0"
"18065128","3","25","0"
"18066399","9","94","0"
"18068398","11","10","0"
"18074007","0","4","0"
"18081244","1","170","0"
"18082610","1","16","0"
"18089995","7","28","3"
"18091040","5","10","1"
"18098502","4","63","0"
"18099076","21","187","3"
"18099647","21","21","12"
"18101070","0","69","0"
"18101820","19","33","30"
"18102423","6","4","0"
"18102554","1","17","3"
"18103012","1","66","0"
"18104248","9","48","0"
"18104806","0","37","0"
"18106498","0","1","0"
"18106676","1","152","0"
"18108222","0","67","0"
"18112609","4","13","35"
"18116417","0","146","0"
"18118585","1","27","0"
"18118915","3","37","0"
"18123272","1","14","0"
"18127542","0","60","0"
"18127602","0","5","0"
"18130041","1","60","0"
"18131146","3","30","0"
"18143306","20","31","1"
"18143450","0","30","0"
"18159334","1","43","0"
"18159572","6","22","0"
"18159603","5","106","1"
"18160216","0","2","0"
"18160754","2","120","0"
"18161750","2","19","0"
"18166042","18","1","0"
"18175181","0","39","0"
"18178488","8","12","204"
"18188104","2","14","0"
"18189631","0","13","0"
"18189817","41","0","1"
"18191094","2","5","0"
"18191667","5","20","0"
"18192997","5","68","0"
"18197654","16","48","2"
"18198067","8","36","0"
"18200347","1","51","0"
"18200580","1","42","10"
"18200643","0","50","0"
"18203813","9","14","0"
"18205911","14","126","0"
"18205996","5","123","0"
"18206100","0","85","0"
"18206501","2","66","0"
"18212724","0","32","0"
"18213063","27","23","0"
"18214330","22","17","0"
"18215498","5","3","0"
"18221704","7","11","0"
"18224096","5","4","0"
"18227814","10","6","0"
"18228290","0","70","0"
"18229792","5","39","4"
"18232031","9","31","2"
"18235939","1","135","1"
"18238422","0","117","0"
"18241498","0","9","0"
"18241830","16","36","1"
"18243271","5","18","20"
"18248018","80","105","10"
"18251966","0","16","0"
"18254155","5","273","6"
"18254538","12","94","6"
"18259637","2","44","0"
"18265188","3","8","2"
"18265702","165","69","3"
"18270700","2","24","2"
"18275876","9","14","4"
"18278998","135","88","12"
"18281502","0","36","0"
"18290336","0","28","0"
"18295420","0","2","0"
"18297338","42","2","0"
"18299343","5","26","0"
"18299640","19","28","0"
"18300051","9","1","0"
"18309173","0","117","0"
"18311567","0","226","0"
"18312347","0","61","0"
"18313927","8","53","0"
"18317391","5","32","0"
"18320654","2","248","0"
"18321042","5","84","0"
"18330436","2","43","0"
"18330787","3","64","0"
"18333498","1","20","40"
"18340828","12","65","0"
"18341393","4","30","0"
"18342123","23","47","32"
"18343043","47","31","0"
"18344512","0","33","0"
"18346591","27","47","0"
"18347141","18","6","0"
"18349158","0","40","0"
"18349408","1","42","0"
"18353089","0","30","0"
"18361074","6","49","0"
"18362054","191","180","1"
"18362930","6","186","4"
"18364222","48","92","0"
"18364330","2","4","1"
"18366396","4","55","0"
"18371219","56","62","0"
"18376867","21","9","1"
"18385530","8","0","0"
"18400908","322","254","1"
"18413363","15","95","10"
"18428148","0","114","0"
"18431030","1","16","0"
"18436980","0","34","0"
"18456072","0","21","0"
"18457180","0","57","0"
"18457414","12","156","2"
"18458353","12","58","0"
"18460115","0","18","0"
"18461576","44","77","104"
"18463973","6","57","60"
"18464383","0","52","0"
"18468857","6","1","0"
"18476325","1","45","0"
"18480635","0","108","0"
"18488955","14","35","6"
"18492410","85","39","27"
"18497493","0","1","0"
"18504150","28","86","1"
"18505867","9","10","1"
"18506381","1","110","0"
"18506404","14","17","0"
"18507330","0","2","0"
"18517317","0","36","0"
"18519412","26","2","0"
"18519906","0","3","0"
"18524196","0","33","0"
"18532711","2","53","0"
"18541538","0","3","0"
"18541557","5","0","0"
"18545859","1","4","0"
"18547664","117","32","0"
"18552667","2","28","3"
"18554284","3","47","3"
"18558424","20","26","0"
"18569340","6","22","0"
"18570428","6","22","5"
"18571631","0","36","0"
"18572509","208","2","27"
"18573065","29","65","25"
"18578075","0","25","3"
"18579261","1","31","0"
"18582134","0","6","0"
"18586642","22","54","3"
"18595321","12","13","28"
"18602881","0","16","0"
"18612308","0","26","1"
"18616461","1","26","0"
"18620602","0","36","29"
"18620625","1","19","0"
"18624778","0","12","0"
"18627424","29","74","7"
"18632018","5","34","0"
"18635613","2","33","0"
"18636118","1","5","0"
"18639125","1","6","0"
"18646049","13","17","0"
"18646208","40","88","0"
"18646229","0","10","0"
"18648900","84","144","1"
"18649495","2","20","0"
"18656400","7","39","0"
"18657095","4","53","0"
"18662468","14","1","0"
"18673230","7","7","1"
"18677155","0","13","0"
"18681649","1","26","0"
"18697532","55","11","1"
"18703252","12","27","8"
"18703492","0","34","0"
"18704952","0","113","0"
"18713637","0","42","0"
"18716297","2","30","5"
"18718761","5","98","0"
"18721948","5","239","0"
"18723343","0","0","0"
"18730707","8","55","1"
"18736053","0","8","0"
"18744963","2","53","0"
"18749472","7","19","0"
"18750808","36","33","0"
"18766888","3","6","0"
"18770572","0","76","0"
"18775765","8","40","1"
"18781246","29","42","6"
"18781306","6","38","27"
"18782190","17","8","0"
"18785085","0","81","0"
"18800855","2","66","0"
"18806558","0","41","0"
"18811731","2","99","0"
"18817235","38","211","0"
"18858169","0","25","2"
"18858864","8","1","0"
"18861247","1","81","0"
"18867913","5","24","1"
"18877953","15","11","2"
"18882226","8","29","0"
"18882806","4","0","0"
"18883443","2","49","0"
"18883822","0","13","0"
"18885543","1","83","0"
"18891587","28","81","5"
"18892749","2","67","0"
"18897256","0","37","0"
"18907155","0","26","0"
"18909214","0","42","0"
"18918586","0","1","0"
"18935775","0","30","0"
"18938956","1","121","0"
"18950910","1","89","0"
"18960736","68","46","0"
"18961814","0","22","0"
"18965981","2","25","0"
"18968956","1","142","0"
"18969520","6","20","0"
"18969611","9","99","0"
"18973005","92","88","1"
"18980756","0","114","0"
"18981385","21","12","0"
"18994679","1","18","0"
"19004390","2","27","1"
"19010882","0","3","7"
"19017297","0","44","0"
"19022467","10","136","0"
"19027584","0","73","0"
"19032206","1","86","0"
"19033492","0","1","0"
"19041437","8","51","0"
"19043534","59","132","6"
"19046340","0","151","0"
"19046509","71","0","0"
"19059974","0","80","0"
"19060284","1","13","0"
"19062779","6","26","1"
"19064525","0","125","0"
"19069334","2","17","1"
"19070573","39","32","12"
"19075135","2","49","1"
"19075433","15","132","0"
"19075465","3","17","4"
"19075771","0","88","0"
"19080288","0","20","0"
"19092053","0","44","0"
"19094667","0","14","0"
"19098393","0","12","0"
"19099302","2","45","49"
"19099618","5","18","0"
"19106705","13","12","3"
"19109755","39","16","3"
"19110432","2","17","2"
"19110927","39","8","0"
"19111113","6","9","0"
"19112294","0","33","0"
"19115089","0","7","0"
"19117009","4","0","1"
"19117401","0","48","0"
"19122053","29","164","1"
"19122402","3","23","0"
"19124959","6","10","0"
"19136437","9","12","4"
"19140003","0","92","1"
"19142123","5","18","0"
"19144006","2","40","0"
"19145368","1","28","0"
"19149648","1","1","0"
"19151266","17","17","0"
"19151717","125","150","7"
"19160227","11","97","0"
"19165706","4","52","0"
"19169296","26","9","10"
"19175002","1","53","0"
"19181173","4","11","0"
"19189183","0","148","1"
"19198552","25","12","1"
"19201926","8","12","0"
"19206079","136","2","1"
"19209151","0","12","0"
"19213725","0","164","0"
"19224040","99","7","10"
"19226936","0","67","0"
"19229284","85","37","0"
"19229290","0","54","0"
"19232446","0","18","0"
"19234424","5","59","4"
"19235697","2","50","0"
"19238131","3","18","4"
"19246531","68","107","3"
"19249364","0","26","0"
"19261326","1","135","0"
"19263161","0","67","0"
"19264249","38","15","0"
"19270168","20","12","5"
"19276472","13","17","0"
"19290739","26","73","0"
"19292778","50","51","10"
"19295948","0","17","0"
"19298921","0","112","0"
"19299323","0","24","0"
"19301214","0","108","0"
"19303836","5","31","0"
"19314284","11","15","18"
"19317939","2","85","0"
"19322069","0","203","0"
"19322223","5","64","0"
"19326039","1","5","0"
"19330634","46","154","0"
"19330762","2","17","0"
"19346101","25","17","0"
"19349390","1","8","0"
"19349670","0","92","0"
"19350100","0","166","0"
"19352997","0","28","0"
"19354807","36","2","4"
"19355951","0","12","0"
"19356117","6","11","0"
"19361853","1","17","0"
"19361936","0","31","0"
"19365821","4","167","0"
"19368926","0","44","0"
"19371698","18","13","0"
"19371701","0","57","0"
"19371728","14","22","8"
"19372058","41","21","0"
"19373759","0","45","0"
"19378437","8","2","6"
"19378826","51","51","1"
"19380738","0","5","0"
"19381612","26","97","0"
"19386398","9","8","0"
"19386576","3","20","0"
"19392194","9","18","4"
"19397457","0","83","0"
"19399896","7","27","0"
"19405704","1","1","0"
"19408037","78","113","0"
"19413118","0","69","0"
"19413610","22","52","0"
"19415920","1","29","0"
"19416209","13","12","7"
"19417933","2","0","0"
"19423158","12","8","0"
"19424491","0","19","0"
"19426778","27","49","3"
"19430638","37","28","2"
"19431815","23","92","73"
"19432804","0","31","0"
"19438577","21","20","0"
"19439029","0","0","0"
"19440771","1","49","0"
"19443941","57","17","0"
"19446851","33","56","0"
"19450576","20","67","0"
"19451633","8","69","2"
"19454183","0","69","0"
"19456724","0","51","0"
"19461620","0","7","0"
"19464809","0","5","0"
"19471648","11","9","24"
"19477982","1","8","0"
"19483429","10","4","0"
"19487551","111","2","18"
"19490330","12","4","0"
"19493508","67","29","0"
"19493651","0","0","0"
"19498660","27","9","0"
"19499461","3","38","0"
"19499808","6","16","0"
"19500804","1","1","0"
"19502363","101","0","16"
"19508712","5","37","2"
"19508866","0","39","1"
"19514458","70","237","39"
"19518065","0","3","0"
"19521838","9","33","2"
"19522034","8","31","0"
"19523897","0","71","0"
"19526570","0","26","0"
"19527228","8","24","0"
"19529102","109","62","2"
"19532847","0","21","0"
"19533532","1","20","1"
"19533962","0","12","0"
"19540111","2","43","0"
"19540575","40","93","6"
"19546048","18","3","2"
"19546301","0","22","0"
"19562526","0","9","0"
"19563384","1","1","0"
"19563468","0","15","0"
"19572222","16","2","7"
"19574157","10","77","1"
"19574336","49","112","0"
"19580297","65","83","0"
"19580355","4","36","0"
"19587288","20","60","0"
"19589534","2","114","1"
"19593035","123","26","13"
"19593797","0","13","0"
"19595490","0","12","0"
"19602586","1","10","0"
"19602805","48","7","2"
"19617075","0","48","0"
"19618315","1","17","0"
"19622195","38","13","0"
"19625365","17","66","0"
"19625832","7","59","8"
"19625920","18","7","0"
"19633045","15","19","5"
"19641151","17","3","0"
"19643588","0","27","0"
"19646183","8","48","2"
"19656174","0","4","0"
"19661530","11","17","0"
"19662289","18","101","0"
"19665498","62","25","2"
"19667973","0","25","0"
"19674402","8","17","0"
"19679063","18","10","0"
"19716678","0","18","0"
"19720935","26","58","0"
"19727901","13","71","0"
"19730031","15","25","0"
"19733965","26","42","2"
"19734178","16","4","0"
"19742146","8","41","0"
"19749525","0","11","0"
"19756585","0","26","0"
"19757319","31","115","7"
"19758138","1","22","0"
"19760971","28","18","0"
"19768317","0","32","0"
"19772221","30","41","0"
"19787626","30","14","0"
"19787814","15","9","1"
"19794255","0","3","0"
"19801869","5","47","1"
"19818461","217","17","49"
"19825642","5","60","0"
"19826605","0","103","0"
"19827373","0","0","0"
"19838445","2","0","0"
"19840875","115","114","3"
"19850415","0","11","0"
"19853802","7","17","2"
"19867375","0","27","0"
"19873077","8","0","0"
"19875838","65","0","0"
"20260285","2","0","0"
"21183551","21","38","15"
"22006434","2","10","1"