UserId,PostComments,PreComments,PostEdits
"70345","143","50","141"
"117982","0","3","0"
"135699","0","3","0"
"189955","0","9","0"
"197238","1","25","0"
"198310","6","15","0"
"206852","6","22","0"
"220525","0","2","0"
"237202","0","5","0"
"240226","0","0","0"
"246646","0","51","0"
"249285","0","2","0"
"261940","0","1","0"
"276548","4","6","0"
"284932","21","8","0"
"293792","1","4","1"
"314813","0","0","0"
"321550","0","3","0"
"323806","1","5","0"
"332468","0","6","0"
"336475","0","6","0"
"339620","0","7","0"
"373436","0","4","0"
"405439","0","0","0"
"405889","0","23","0"
"417772","0","6","0"
"417905","0","17","0"
"421284","4","6","0"
"443119","0","0","0"
"444988","0","28","0"
"446507","0","7","0"
"448862","7","17","0"
"452928","13","14","0"
"453970","2","0","0"
"457140","64","78","0"
"460069","1","0","0"
"475485","1","4","0"
"478499","0","17","0"
"488399","0","4","0"
"498142","3","2","0"
"500844","0","2","0"
"501916","0","5","0"
"515954","3","22","0"
"522996","0","6","0"
"526910","4","4","0"
"532627","1","6","0"
"536503","0","12","0"
"542196","1","22","0"
"542938","9","12","0"
"543839","1","12","0"
"544393","1","0","0"
"545499","0","9","0"
"572876","10","1","0"
"573032","224","120","484"
"578368","0","7","0"
"585158","2","9","0"
"591167","0","3","0"
"602713","0","57","0"
"608177","1","2","0"
"615484","14","12","0"
"618930","2","41","0"
"618944","0","1","0"
"626139","0","13","0"
"635617","0","3","0"
"637830","0","2","0"
"643386","0","0","0"
"646283","0","3","0"
"649767","0","11","0"
"651676","0","16","0"
"669774","0","12","0"
"678366","0","0","0"
"679116","0","12","0"
"681490","1","0","0"
"684576","3","2","0"
"687394","4","4","0"
"697228","0","4","0"
"700914","1","31","0"
"711141","2","9","0"
"716255","7","5","0"
"717241","0","9","0"
"717683","0","21","0"
"719294","0","9","0"
"727708","0","134","0"
"727900","0","55","0"
"731842","0","0","0"
"741676","0","17","0"
"757773","1","4","0"
"764131","0","4","0"
"776005","1","0","0"
"776884","37","14","1"
"783470","2","4","0"
"794071","5","5","0"
"796343","0","10","0"
"804955","0","3","0"
"807830","0","2","0"
"811059","0","4","0"
"817324","4","18","0"
"818667","0","13","0"
"821962","3","4","0"
"824897","0","29","0"
"831520","10","2","0"
"841108","71","168","0"
"848520","3","23","0"
"853837","0","8","0"
"854405","0","8","0"
"858991","0","19","0"
"862029","0","1","0"
"867511","0","5","0"
"869013","0","4","0"
"875480","0","5","0"
"877552","0","2","0"
"885913","0","9","0"
"897391","1","43","0"
"899047","0","1","0"
"903280","1","4","0"
"904876","5","10","0"
"911917","0","8","0"
"915552","1","1","0"
"929122","1","8","0"
"934804","1","14","0"
"937133","0","2","0"
"942217","0","1","0"
"949561","2","40","0"
"950837","7","32","0"
"959229","0","10","0"
"965718","0","1","0"
"970897","0","5","0"
"972399","0","9","0"
"985628","0","6","0"
"986709","0","5","0"
"988901","0","15","0"
"992492","2","0","0"
"998636","5","2","0"
"1000008","3","23","0"
"1000137","8","8","0"
"1002260","0","5","0"
"1003669","0","5","0"
"1005359","2","9","0"
"1009077","0","5","0"
"1010600","1","7","1"
"1012858","5","14","0"
"1019888","1","14","0"
"1020662","0","13","0"
"1025555","343","230","15"
"1028986","0","5","0"
"1032949","4","23","0"
"1045692","0","4","0"
"1049200","1","13","0"
"1050792","6","21","0"
"1059923","0","3","0"
"1061180","0","1","0"
"1062787","0","9","0"
"1063714","2","3","0"
"1064465","0","2","0"
"1064727","0","0","0"
"1065084","1","1","0"
"1069426","1","3","0"
"1070647","0","1","0"
"1074348","0","4","0"
"1079086","2","33","0"
"1082692","1","27","0"
"1087583","0","5","0"
"1091021","0","13","0"
"1117305","5","21","1"
"1126133","0","9","0"
"1140289","0","0","0"
"1149245","0","17","0"
"1150438","1","8","0"
"1152548","0","7","0"
"1154518","0","17","0"
"1156698","0","3","0"
"1162700","0","4","0"
"1168623","1","5","0"
"1173237","1","6","0"
"1179450","3","1","0"
"1179472","0","4","0"
"1180168","0","1","0"
"1181468","0","1","0"
"1189042","0","4","0"
"1207025","0","4","0"
"1209734","0","8","0"
"1221983","3","3","0"
"1223073","0","1","0"
"1226480","0","4","0"
"1232362","0","3","0"
"1233144","2","11","0"
"1236777","5","137","0"
"1237022","0","2","0"
"1242989","0","0","0"
"1244566","0","18","0"
"1244611","15","45","0"
"1248650","20","14","0"
"1251293","3","20","0"
"1254635","3","6","0"
"1257303","0","2","0"
"1259988","0","10","0"
"1266814","0","6","0"
"1274869","3","2","0"
"1275904","0","1","0"
"1276241","0","5","0"
"1277304","1","37","0"
"1277402","52","206","0"
"1283229","0","7","0"
"1286114","0","0","0"
"1286956","0","10","0"
"1289006","1","3","0"
"1297789","0","34","0"
"1299522","1","4","0"
"1299861","1","2","0"
"1303800","0","0","0"
"1306645","0","9","0"
"1309440","0","0","0"
"1332841","6","16","0"
"1333262","0","23","0"
"1335354","0","2","0"
"1336871","0","1","0"
"1339207","10","2","0"
"1340957","1","5","0"
"1341814","3","8","0"
"1344336","0","11","0"
"1344835","0","0","0"
"1350082","0","10","0"
"1354170","0","1","0"
"1354940","4","3","0"
"1355343","0","2","0"
"1355689","0","6","0"
"1357251","0","5","0"
"1358301","3","15","0"
"1365220","1","4","0"
"1366634","0","7","0"
"1368594","0","7","0"
"1372685","0","6","0"
"1373513","0","8","0"
"1374497","7","5","0"
"1375920","1","1","0"
"1380665","0","11","0"
"1380867","1","0","1"
"1386912","1","3","0"
"1387923","0","26","0"
"1392807","0","0","0"
"1395036","0","3","0"
"1405122","0","2","0"
"1405280","0","3","0"
"1414117","5","3","0"
"1416253","3","3","0"
"1416371","8","16","0"
"1418067","1","0","0"
"1419381","3","7","0"
"1419960","5","6","6"
"1421850","0","22","0"
"1426997","2","3","0"
"1429847","0","22","0"
"1433872","0","2","0"
"1433980","3","5","0"
"1435019","0","0","0"
"1435516","0","12","0"
"1435897","0","15","0"
"1440525","0","3","0"
"1441019","0","5","0"
"1445303","1","2","0"
"1449366","16","33","0"
"1452323","0","1","0"
"1453537","0","59","0"
"1456000","2","0","0"
"1456151","0","19","0"
"1457189","0","13","0"
"1459074","0","4","0"
"1459342","3","2","0"
"1460718","0","14","0"
"1465038","0","5","0"
"1465837","0","1","0"
"1468253","0","24","0"
"1468593","2","13","0"
"1471502","0","4","0"
"1474130","0","3","0"
"1477147","8","6","0"
"1478787","9","2","0"
"1482526","0","5","0"
"1486036","0","4","0"
"1486344","0","0","0"
"1490421","0","2","0"
"1490526","15","2","0"
"1496833","0","2","0"
"1498485","1","2","0"
"1498905","5","14","0"
"1499721","0","0","0"
"1504041","0","6","0"
"1504926","0","1","0"
"1505838","0","3","0"
"1508159","0","3","0"
"1514647","8","13","0"
"1521585","0","11","0"
"1528536","0","12","0"
"1529413","6","9","0"
"1538176","0","6","0"
"1544428","7","9","0"
"1547595","4","5","0"
"1548835","0","2","0"
"1549142","0","3","0"
"1551353","0","0","0"
"1555113","1","2","0"
"1556193","0","39","0"
"1559358","0","3","0"
"1566820","2","2","1"
"1569990","3","15","0"
"1571229","0","6","0"
"1573368","0","6","0"
"1573682","1","16","0"
"1576965","0","26","0"
"1577204","0","24","0"
"1579206","3","10","0"
"1580425","0","15","0"
"1581354","4","4","0"
"1585648","0","3","0"
"1586014","2","55","1"
"1588639","0","1","0"
"1588658","0","10","0"
"1588827","0","11","0"
"1591230","3","5","0"
"1592607","0","0","0"
"1594088","12","7","0"
"1595553","0","3","0"
"1597791","1","33","0"
"1597828","0","5","0"
"1602513","0","16","0"
"1603663","2","4","0"
"1604205","0","1","0"
"1606814","0","0","0"
"1608840","0","11","0"
"1609363","1","9","0"
"1611704","0","5","0"
"1615108","1","4","0"
"1616945","1","19","0"
"1622438","39","22","0"
"1624091","0","8","0"
"1624339","2","7","0"
"1624411","0","3","0"
"1625014","1","8","0"
"1628558","4","23","0"
"1632989","0","6","0"
"1634374","0","3","0"
"1634759","0","14","0"
"1635225","0","1","0"
"1636105","1","11","0"
"1636559","6","8","0"
"1639950","0","15","0"
"1643461","0","12","0"
"1643891","11","9","2"
"1646194","0","1","0"
"1649482","0","9","0"
"1649787","11","22","0"
"1650745","2","7","0"
"1658293","0","0","0"
"1662236","0","3","0"
"1667965","0","14","0"
"1670968","3","3","0"
"1673422","0","7","0"
"1677796","0","15","0"
"1680564","0","1","0"
"1685372","1","3","1"
"1687399","0","2","0"
"1689450","0","18","0"
"1689608","1","61","0"
"1690906","0","0","0"
"1692419","2","6","0"
"1692819","0","5","0"
"1697734","0","4","0"
"1699417","2","11","0"
"1699483","0","2","0"
"1701206","2","5","0"
"1704106","6","5","0"
"1711636","0","8","0"
"1713320","3","0","0"
"1715751","0","24","0"
"1717470","0","7","0"
"1718491","68","100","12"
"1720845","1","4","0"
"1726761","3","7","0"
"1728856","18","10","0"
"1729123","0","2","0"
"1738413","6","12","0"
"1739681","2","3","0"
"1741136","4","16","0"
"1741264","0","2","0"
"1754807","0","3","0"
"1761495","3","4","0"
"1761721","1","6","0"
"1761923","2","1","0"
"1763627","0","3","0"
"1770968","0","2","0"
"1773988","1","7","0"
"1776809","0","20","0"
"1778608","0","18","0"
"1780208","0","9","0"
"1780667","0","19","0"
"1782370","1","4","1"
"1783077","2","8","0"
"1783163","30","36","24"
"1788756","0","2","0"
"1795639","1","2","0"
"1797978","2","14","0"
"1798021","0","2","0"
"1798586","0","0","0"
"1800194","11","7","0"
"1807307","0","16","0"
"1807571","3","0","0"
"1814305","0","3","0"
"1815270","0","3","0"
"1815500","2","8","0"
"1820567","0","7","0"
"1820618","4","2","1"
"1825169","1","8","0"
"1825480","2","7","0"
"1830719","3","3","0"
"1831456","238","7","10"
"1831829","1","4","0"
"1835525","0","5","0"
"1835574","0","23","0"
"1836657","0","26","0"
"1837932","4","3","0"
"1840185","8","8","0"
"1843452","0","101","0"
"1849943","0","8","0"
"1851102","0","17","0"
"1856251","5","6","0"
"1857373","49","28","0"
"1859727","0","9","0"
"1866071","0","1","0"
"1866473","0","7","0"
"1867205","3","11","0"
"1867417","1","7","0"
"1871044","2","0","0"
"1875069","4","4","0"
"1876440","1","15","0"
"1878667","1","1","0"
"1879783","0","32","0"
"1882585","0","1","0"
"1882663","0","20","0"
"1884837","3","23","0"
"1885248","0","4","0"
"1887172","2","16","2"
"1891038","8","1","0"
"1892310","4","8","0"
"1893174","4","46","0"
"1894762","1","0","0"
"1899440","9","14","0"
"1899526","0","4","0"
"1905179","0","12","0"
"1912418","0","31","0"
"1915370","0","2","0"
"1916029","0","5","0"
"1919845","0","13","0"
"1922927","9","3","0"
"1924237","0","4","0"
"1925445","0","6","0"
"1925560","0","8","0"
"1931700","0","1","0"
"1934124","0","5","0"
"1934672","0","15","0"
"1936994","0","0","0"
"1937205","0","0","0"
"1938417","0","1","0"
"1938836","0","5","0"
"1943808","4","11","0"
"1944769","0","2","0"
"1946036","0","5","0"
"1947098","19","15","0"
"1947764","1","8","0"
"1952168","0","5","0"
"1954723","0","11","0"
"1957477","0","10","0"
"1957835","0","1","0"
"1959534","6","33","0"
"1965042","0","8","0"
"1968341","0","9","0"
"1970243","0","71","0"
"1978952","0","14","0"
"1982697","0","1","0"
"1986491","0","4","0"
"1988231","0","4","0"
"1988557","0","11","0"
"1990086","0","3","0"
"1993580","3","73","0"
"1995289","1","15","0"
"1995613","0","3","0"
"1996331","0","0","0"
"1996865","2","3","0"
"2000238","0","3","0"
"2009047","0","3","0"
"2009171","0","14","0"
"2009409","2","7","0"
"2011540","3","7","0"
"2013231","2","0","0"
"2016831","14","84","0"
"2017200","0","27","0"
"2017851","0","2","0"
"2018043","1","0","0"
"2018687","0","0","0"
"2018929","0","5","0"
"2023347","0","0","0"
"2027245","0","0","0"
"2029217","2","5","0"
"2031483","0","2","0"
"2032864","2","13","0"
"2037443","0","2","0"
"2041219","12","36","0"
"2042738","0","3","0"
"2045349","0","5","0"
"2046717","0","6","0"
"2048748","5","16","0"
"2051429","11","7","0"
"2054530","0","39","0"
"2054599","2","6","0"
"2056669","0","0","0"
"2057092","3","1","0"
"2063890","0","20","0"
"2067794","0","30","0"
"2069561","0","8","0"
"2069697","15","12","0"
"2070046","0","5","0"
"2073392","5","20","0"
"2079417","1","7","0"
"2082306","0","3","0"
"2082681","35","35","0"
"2088155","0","6","0"
"2088394","0","4","0"
"2089525","0","14","0"
"2090960","0","1","0"
"2092731","0","18","0"
"2093802","9","9","0"
"2095034","19","17","0"
"2097260","0","4","0"
"2097364","1","14","0"
"2097742","7","0","0"
"2106582","3","5","0"
"2106838","0","0","0"
"2107734","0","0","0"
"2118884","2","37","0"
"2119761","0","0","0"
"2126905","1","7","0"
"2131150","0","2","0"
"2144540","0","0","0"
"2144786","0","1","0"
"2144940","0","1","0"
"2145830","0","4","0"
"2147873","6","11","0"
"2151879","0","0","0"
"2153993","8","13","0"
"2160443","0","1","0"
"2166283","0","23","0"
"2168735","0","2","0"
"2169456","3","17","0"
"2170544","0","6","0"
"2170938","2","7","0"
"2171926","2","3","0"
"2172953","0","3","0"
"2173056","0","38","0"
"2173129","0","4","0"
"2175182","1","1","0"
"2178028","3","11","0"
"2178964","3","20","0"
"2179314","0","1","0"
"2180129","0","0","0"
"2180195","0","7","0"
"2181576","41","20","0"
"2183218","7","3","0"
"2185196","1","6","0"
"2185443","0","1","0"
"2186559","4","6","0"
"2190573","0","6","0"
"2192887","3","6","0"
"2193050","0","14","0"
"2197072","0","2","0"
"2197150","1","3","0"
"2197207","1","1","0"
"2203262","0","5","0"
"2207368","0","7","0"
"2208461","3","14","0"
"2211265","0","19","0"
"2212907","2","14","0"
"2214896","0","34","0"
"2218630","0","12","0"
"2219535","0","4","0"
"2224283","0","0","0"
"2224542","15","10","0"
"2229933","1","3","0"
"2231308","1","3","0"
"2232056","0","1","0"
"2232394","4","4","0"
"2232823","0","15","0"
"2232834","3","1","0"
"2237433","0","6","0"
"2242131","22","13","0"
"2242629","0","6","0"
"2244272","2","5","0"
"2245642","8","7","0"
"2255718","2","7","2"
"2258912","0","32","0"
"2260704","1","1","0"
"2260835","12","65","0"
"2266327","0","42","0"
"2270776","0","3","0"
"2275438","1","1","0"
"2276188","0","29","0"
"2280427","0","0","0"
"2284150","0","4","0"
"2286735","1","7","0"
"2286867","0","9","0"
"2288547","7","14","0"
"2290977","11","16","0"
"2295852","6","11","0"
"2296236","1","7","0"
"2298106","2","11","0"
"2299067","2","0","0"
"2300590","0","0","0"
"2301019","0","13","0"
"2305815","0","2","0"
"2309671","0","0","0"
"2310109","0","9","0"
"2311909","0","1","0"
"2313019","1","2","0"
"2318089","3","2","0"
"2324216","0","33","0"
"2326906","0","0","0"
"2329480","0","13","0"
"2332133","0","0","0"
"2332609","7","0","0"
"2333721","0","6","0"
"2335134","0","4","0"
"2335397","0","3","0"
"2335646","0","3","0"
"2337221","1","0","0"
"2337430","0","5","0"
"2339191","0","17","0"
"2339346","0","2","0"
"2342599","0","2","0"
"2345048","1","1","0"
"2347196","2","1","0"
"2348814","0","7","0"
"2351492","8","19","0"
"2352563","10","4","0"
"2359882","0","2","0"
"2361575","0","2","0"
"2365300","0","12","0"
"2367228","0","24","0"
"2367338","2","19","0"
"2370582","2","8","0"
"2371075","0","1","0"
"2371266","0","5","0"
"2372467","2","6","0"
"2374774","0","52","0"
"2377818","2","12","0"
"2380498","0","33","0"
"2382761","5","1","0"
"2387472","0","10","0"
"2391667","1","8","0"
"2393357","0","10","0"
"2393472","5","6","0"
"2396194","0","10","0"
"2396605","6","34","0"
"2397193","0","6","0"
"2397482","0","3","0"
"2398116","0","0","0"
"2410028","0","3","0"
"2410968","0","1","0"
"2410990","0","4","2"
"2411300","1","1","0"
"2417351","0","18","0"
"2418456","0","8","0"
"2421346","1","6","0"
"2426891","0","9","0"
"2427138","25","4","0"
"2427414","0","8","0"
"2428072","2","11","0"
"2432289","2","16","0"
"2432856","1","25","0"
"2435847","0","0","0"
"2438494","4","22","0"
"2442218","0","16","0"
"2442652","1","0","0"
"2443767","2","18","0"
"2444948","10","11","0"
"2445001","0","9","0"
"2448833","0","1","0"
"2449974","0","5","0"
"2452314","0","17","0"
"2456624","2","10","0"
"2457058","0","5","0"
"2457774","18","10","0"
"2458521","1","0","0"
"2458896","0","5","0"
"2459153","1","20","0"
"2463455","0","9","0"
"2463650","0","7","0"
"2466021","0","5","0"
"2467528","0","8","0"
"2468252","0","3","0"
"2470658","0","5","0"
"2470661","15","15","0"
"2472986","0","5","0"
"2473086","0","0","0"
"2474876","8","13","0"
"2480859","0","17","0"
"2482513","1","1","0"
"2483716","1","5","0"
"2485344","0","1","0"
"2490543","0","8","0"
"2494766","15","27","0"
"2497058","0","5","0"
"2497126","0","5","0"
"2498399","0","0","0"
"2500733","6","5","1"
"2501214","3","26","0"
"2502983","0","5","0"
"2503683","3","0","0"
"2504130","0","9","0"
"2505961","0","7","0"
"2514714","0","2","0"
"2515695","0","5","0"
"2516746","0","6","0"
"2517455","3","9","0"
"2520037","1","9","0"
"2521176","3","6","0"
"2524486","1","0","0"
"2525275","0","9","0"
"2525301","0","1","0"
"2525759","0","9","0"
"2529441","0","5","0"
"2533379","3","7","0"
"2535124","0","0","0"
"2535383","8","5","0"
"2535756","3","3","0"
"2536114","0","0","0"
"2537210","0","14","0"
"2539403","0","0","0"
"2539463","0","0","0"
"2542661","0","21","0"
"2543481","0","5","0"
"2544734","2","19","0"
"2545229","0","8","0"
"2547551","3","8","0"
"2550908","0","15","0"
"2553213","0","2","0"
"2556312","1","3","0"
"2557118","0","1","0"
"2557590","0","3","0"
"2560671","0","12","0"
"2562916","0","5","0"
"2563841","0","1","0"
"2566737","0","5","0"
"2566770","5","4","0"
"2572120","0","5","0"
"2572410","1","3","0"
"2572844","8","29","0"
"2573393","0","9","0"
"2573499","0","4","0"
"2574114","6","10","0"
"2574518","0","1","0"
"2575372","0","2","0"
"2576523","0","9","0"
"2580443","8","5","1"
"2585216","0","7","0"
"2587852","0","0","0"
"2588798","2","5","0"
"2591667","0","11","0"
"2595554","1","7","0"
"2600497","0","10","0"
"2602619","0","5","0"
"2603621","0","0","0"
"2606435","0","18","0"
"2615100","1","14","0"
"2615105","4","5","0"
"2620206","0","4","0"
"2623507","1","30","0"
"2627518","0","16","0"
"2630379","2","0","0"
"2630686","2","17","0"
"2633628","1","0","0"
"2642454","0","6","0"
"2646158","2","6","0"
"2650480","0","0","0"
"2658594","0","0","0"
"2661720","0","0","0"
"2670606","8","23","0"
"2675770","0","7","0"
"2678540","0","3","0"
"2680266","6","12","0"
"2681435","0","30","0"
"2683248","0","3","0"
"2685147","0","19","0"
"2686271","0","4","0"
"2690251","2","10","0"
"2691327","4","5","0"
"2692181","0","1","0"
"2692678","7","5","0"
"2694720","9","46","0"
"2695164","0","1","0"
"2697396","2","18","0"
"2702488","0","0","0"
"2703744","2","1","0"
"2706695","0","0","0"
"2707881","0","3","0"
"2711684","0","0","0"
"2711833","2","13","0"
"2713125","0","4","0"
"2718700","3","17","0"
"2723245","8","10","0"
"2726031","0","13","0"
"2728320","0","14","0"
"2728491","0","3","0"
"2737303","0","0","0"
"2737847","0","12","0"
"2738320","10","6","0"
"2739512","0","0","0"
"2744723","0","1","0"
"2747181","3","4","0"
"2749367","0","3","0"
"2751121","1","6","0"
"2753020","1","0","0"
"2753620","0","8","0"
"2754971","0","15","0"
"2755269","0","20","0"
"2756519","0","9","0"
"2759414","0","1","0"
"2760476","0","6","0"
"2760692","0","13","1"
"2761215","0","7","0"
"2765900","3","15","0"
"2766094","1","2","0"
"2766142","1","3","0"
"2768597","12","23","0"
"2769031","2","14","0"
"2769090","0","4","0"
"2770543","1","5","0"
"2776371","5","50","0"
"2778900","0","2","0"
"2779074","10","10","0"
"2779970","0","1","0"
"2782285","0","3","0"
"2793602","15","19","0"
"2795037","0","0","1"
"2796017","0","14","0"
"2796699","0","3","0"
"2798461","5","6","0"
"2798620","0","3","0"
"2800348","0","24","0"
"2800533","1","17","0"
"2801659","0","0","0"
"2802832","0","0","0"
"2804678","2","2","0"
"2805807","6","7","0"
"2812560","1","8","0"
"2813563","0","13","0"
"2813727","0","14","0"
"2814215","0","5","0"
"2815460","2","0","0"
"2815984","3","9","0"
"2818711","0","10","0"
"2819707","4","2","0"
"2820047","0","4","0"
"2822357","3","11","0"
"2828421","0","0","0"
"2829256","0","0","0"
"2830464","0","10","0"
"2831255","1","0","0"
"2834242","1","0","2"
"2836753","1","3","0"
"2852665","3","5","2"
"2853886","0","16","0"
"2857200","16","14","1"
"2859054","0","15","0"
"2863275","36","36","0"
"2864019","0","5","0"
"2865213","1","1","0"
"2874891","1","6","0"
"2877248","7","35","0"
"2879140","5","9","0"
"2884017","0","2","0"
"2888962","0","3","0"
"2891209","0","11","0"
"2892287","0","0","0"
"2892679","0","37","0"
"2895149","2","5","0"
"2895299","2","6","0"
"2895655","69","9","2"
"2896276","3","10","0"
"2898619","0","7","0"
"2899664","0","56","0"
"2901561","0","4","0"
"2905916","2","3","0"
"2912584","1","6","0"
"2915383","1","1","0"
"2915744","1","8","0"
"2916721","0","6","0"
"2918551","2","3","0"
"2918907","0","3","0"
"2927851","4","8","0"
"2932013","10","38","0"
"2936778","2","5","0"
"2938167","2","15","0"
"2938238","0","0","0"
"2942745","1","16","0"
"2944188","0","3","0"
"2945326","0","1","0"
"2946541","2","25","0"
"2950427","5","11","0"
"2950492","3","4","0"
"2950749","8","4","0"
"2955337","41","19","0"
"2967347","0","2","0"
"2969955","14","3","1"
"2973558","1","17","0"
"2975988","0","1","0"
"2976612","3","8","0"
"2976617","3","40","0"
"2977071","5","20","0"
"2981863","0","2","0"
"2982206","0","23","0"
"2985057","37","30","0"
"2989802","0","2","0"
"2990785","5","4","0"
"2991050","2","7","0"
"2992851","0","2","0"
"2998987","0","1","0"
"3006169","0","3","0"
"3006405","0","14","0"
"3007143","2","3","0"
"3009797","0","1","0"
"3010980","2","0","0"
"3013267","0","1","0"
"3014710","0","0","0"
"3023434","0","11","0"
"3035786","6","8","0"
"3038443","20","14","0"
"3038571","0","8","0"
"3045538","3","28","0"
"3054331","1","6","0"
"3054986","11","6","0"
"3059180","0","13","0"
"3063055","0","18","0"
"3065003","2","1","0"
"3065049","0","2","0"
"3066323","5","8","0"
"3067139","17","27","0"
"3069127","7","9","0"
"3069584","0","13","0"
"3070430","0","3","0"
"3073898","0","0","0"
"3074030","0","47","0"
"3074232","0","2","0"
"3079433","0","0","0"
"3083631","0","1","0"
"3084775","0","5","0"
"3084854","0","6","0"
"3085925","0","6","0"
"3086979","20","23","4"
"3087186","2","1","0"
"3088146","0","14","0"
"3092931","0","2","0"
"3094546","0","7","0"
"3094795","0","7","0"
"3097099","0","13","0"
"3099814","0","2","0"
"3101144","0","2","0"
"3101395","0","2","0"
"3107892","9","11","0"
"3114235","0","10","0"
"3116561","0","0","0"
"3117758","0","2","0"
"3119443","0","5","0"
"3120470","0","2","0"
"3121189","2","10","0"
"3124634","0","30","0"
"3127526","1","2","0"
"3130305","0","3","0"
"3130643","0","3","0"
"3132684","0","14","0"
"3132720","0","1","0"
"3134134","14","10","0"
"3134408","0","2","0"
"3136781","0","0","0"
"3137930","0","4","0"
"3138033","0","19","0"
"3140172","0","0","0"
"3142999","13","26","1"
"3144220","0","4","0"
"3145830","0","7","0"
"3151281","8","21","0"
"3154524","0","15","0"
"3157795","7","2","0"
"3160898","0","1","0"
"3161117","2","8","0"
"3165170","1","8","0"
"3165829","0","1","0"
"3169867","11","8","0"
"3171172","1","13","0"
"3172879","0","14","0"
"3178503","9","47","1"
"3179186","0","0","0"
"3180395","0","13","0"
"3183022","0","0","0"
"3184470","0","15","0"
"3192295","5","20","0"
"3193470","1","2","0"
"3193601","0","20","0"
"3198259","1","1","0"
"3199375","1","4","0"
"3201050","0","1","0"
"3201695","0","0","0"
"3202725","0","6","0"
"3203700","0","7","0"
"3203889","3","0","0"
"3205964","0","1","0"
"3208170","0","6","0"
"3213173","0","0","0"
"3214481","2","3","0"
"3215259","0","1","0"
"3215635","1","8","0"
"3217285","3","21","0"
"3218453","0","0","0"
"3222340","1","19","1"
"3222601","0","0","0"
"3225391","7","19","1"
"3227341","0","2","0"
"3229298","0","11","0"
"3229727","5","6","0"
"3234527","0","7","0"
"3234542","0","7","0"
"3235512","0","4","0"
"3237188","3","0","0"
"3237252","0","0","0"
"3242388","0","49","0"
"3243565","0","1","0"
"3245139","0","12","0"
"3250263","0","8","0"
"3251156","0","4","0"
"3258531","0","2","0"
"3261454","0","0","0"
"3262568","0","0","0"
"3262937","2","4","0"
"3263223","1","20","0"
"3264407","1","13","0"
"3265795","0","7","0"
"3269462","1","12","0"
"3269537","6","32","0"
"3271016","0","3","0"
"3274864","0","1","0"
"3274968","0","14","0"
"3277364","7","8","0"
"3279329","0","0","0"
"3282865","2","15","0"
"3284756","4","5","1"
"3285083","0","7","0"
"3287144","0","3","0"
"3289235","0","1","0"
"3293340","0","22","0"
"3295572","0","1","0"
"3297142","4","10","0"
"3298146","1","0","0"
"3301540","1","3","0"
"3301685","4","8","0"
"3302237","0","0","0"
"3302732","1","15","0"
"3304536","0","9","0"
"3305998","0","6","0"
"3310034","0","1","0"
"3317630","0","12","0"
"3319022","0","0","0"
"3320563","2","0","0"
"3323712","0","2","0"
"3323829","0","1","0"
"3327003","0","0","0"
"3327034","2","11","0"
"3327537","1","3","0"
"3327823","0","13","0"
"3328152","1","2","0"
"3328556","0","3","0"
"3329423","0","13","0"
"3331306","0","0","0"
"3332023","4","9","0"
"3334470","0","13","0"
"3337870","1","29","0"
"3345270","8","17","0"
"3346232","0","6","0"
"3346642","0","6","0"
"3346681","1","23","0"
"3347170","0","9","0"
"3349907","4","1","0"
"3350364","0","1","0"
"3352446","1","4","0"
"3357812","0","1","0"
"3357984","7","11","0"
"3360721","3","4","0"
"3365345","0","0","0"
"3369545","1","74","0"
"3375211","1","6","0"
"3383797","0","0","0"
"3387896","5","11","0"
"3388528","0","2","0"
"3392517","6","21","0"
"3394370","0","0","0"
"3396766","0","0","0"
"3399894","0","6","0"
"3400246","0","1","0"
"3402016","2","21","0"
"3402351","1","15","0"
"3405331","11","7","0"
"3407031","0","7","0"
"3407073","0","21","0"
"3407086","0","11","0"
"3409634","0","1","0"
"3413148","14","33","0"
"3413697","0","1","0"
"3414124","0","0","0"
"3416194","0","2","0"
"3418123","4","9","0"
"3418593","0","0","0"
"3419330","1","3","0"
"3421628","0","4","0"
"3424847","0","0","0"
"3431000","0","10","0"
"3432631","0","0","0"
"3438684","0","0","0"
"3441107","3","3","0"
"3446004","0","0","0"
"3447652","0","9","0"
"3448998","0","13","0"
"3450691","1","9","0"
"3450837","0","3","0"
"3454921","0","16","0"
"3456664","0","22","0"
"3457068","0","8","0"
"3460137","0","2","0"
"3461114","0","3","0"
"3464775","0","6","0"
"3476347","0","1","0"
"3477283","3","16","0"
"3480636","1","9","0"
"3481184","0","5","0"
"3481224","0","2","0"
"3482730","7","15","3"
"3484400","0","10","0"
"3485316","1","23","0"
"3486626","1","5","0"
"3487293","2","13","1"
"3488014","0","1","0"
"3492183","0","42","0"
"3492527","2","4","0"
"3497049","2","2","0"
"3501003","0","7","0"
"3503860","0","3","0"
"3507197","0","3","0"
"3514354","0","3","0"
"3517239","0","7","0"
"3518001","1","5","0"
"3520225","3","10","0"
"3523896","0","4","0"
"3524356","3","1","0"
"3526260","4","64","0"
"3526380","0","0","0"
"3526925","0","7","0"
"3530084","4","69","0"
"3536831","0","6","0"
"3539796","0","2","0"
"3540405","0","9","0"
"3546909","0","8","0"
"3551101","0","14","0"
"3551945","1","12","0"
"3553873","5","12","1"
"3554746","2","16","0"
"3555485","4","1","0"
"3558218","7","10","0"
"3558467","1","0","0"
"3559391","0","6","0"
"3559724","3","0","0"
"3560930","0","0","0"
"3561849","0","0","0"
"3562595","0","1","0"
"3563104","0","2","0"
"3563620","0","118","0"
"3566385","0","5","0"
"3570029","0","7","0"
"3570994","0","3","0"
"3574639","0","8","0"
"3575747","2","0","0"
"3578251","0","1","0"
"3578856","0","4","0"
"3579540","0","17","0"
"3579830","0","1","0"
"3580580","6","8","0"
"3581320","0","5","0"
"3584126","0","2","0"
"3584470","0","1","0"
"3585139","1","8","0"
"3586257","1","4","0"
"3587458","3","5","0"
"3587606","0","1","0"
"3589692","8","13","0"
"3591105","0","0","0"
"3593182","0","11","0"
"3593301","4","3","0"
"3593621","5","15","0"
"3595259","0","7","0"
"3599356","8","22","0"
"3600673","0","0","0"
"3601873","1","12","0"
"3602629","0","5","0"
"3603194","2","3","2"
"3604523","14","32","11"
"3604570","0","0","0"
"3606031","0","1","0"
"3608403","1","1","0"
"3613505","0","4","0"
"3613653","8","33","0"
"3614114","0","9","3"
"3617419","0","1","0"
"3618908","0","0","0"
"3619631","0","0","0"
"3619941","0","1","0"
"3620139","0","2","0"
"3620846","0","3","0"
"3623491","0","3","0"
"3625548","1","4","0"
"3629988","6","3","0"
"3631424","0","23","0"
"3634353","0","4","0"
"3634553","2","13","0"
"3636626","0","7","0"
"3636639","6","4","0"
"3638359","0","10","0"
"3641003","2","21","0"
"3645373","1","16","0"
"3646108","1","1","0"
"3649352","5","13","1"
"3651792","0","20","0"
"3655656","0","10","0"
"3659303","0","10","0"
"3666197","40","131","50"
"3666310","2","3","0"
"3667054","0","25","0"
"3668639","1","3","0"
"3670924","5","0","0"
"3671056","43","17","17"
"3671591","0","0","0"
"3671757","3","6","0"
"3671760","3","9","0"
"3672820","2","6","0"
"3673716","0","0","0"
"3673720","13","9","0"
"3675344","0","7","0"
"3682657","0","17","0"
"3682728","0","22","0"
"3682800","0","7","0"
"3682925","0","0","0"
"3683212","0","1","0"
"3686764","0","4","0"
"3688433","0","1","0"
"3690104","0","0","0"
"3691373","7","23","0"
"3697325","0","4","0"
"3697915","0","1","0"
"3699078","2","9","0"
"3699852","2","3","0"
"3704596","0","3","0"
"3705905","0","3","0"
"3707455","0","26","1"
"3709953","0","17","0"
"3712410","0","2","0"
"3712808","6","1","0"
"3713823","1","2","0"
"3713892","0","4","0"
"3715170","2","3","0"
"3715390","0","5","0"
"3718443","0","5","0"
"3721564","0","3","0"
"3723619","0","4","0"
"3726834","0","2","0"
"3728615","0","2","0"
"3729079","0","2","0"
"3730619","0","19","0"
"3735132","3","2","0"
"3735610","0","5","0"
"3739227","0","6","0"
"3740039","0","3","0"
"3740619","0","5","0"
"3745425","6","40","0"
"3747724","2","9","0"
"3747731","39","44","0"
"3749193","0","5","0"
"3749729","0","7","0"
"3749888","0","2","0"
"3753725","0","0","0"
"3755426","9","4","0"
"3757071","1","1","0"
"3759426","1","1","0"
"3759427","0","10","0"
"3767285","0","6","0"
"3767514","7","18","0"
"3768649","0","4","0"
"3769688","1","6","0"
"3772318","1","19","0"
"3772423","0","0","0"
"3772849","2","8","0"
"3773650","0","1","0"
"3775083","6","4","0"
"3775361","35","49","0"
"3783906","0","14","0"
"3785900","0","6","0"
"3788141","0","0","0"
"3788994","3","9","0"
"3789482","3","2","0"
"3791152","0","2","0"
"3791437","0","10","0"
"3796442","0","4","1"
"3796767","1","15","0"
"3796914","0","0","0"
"3796999","0","0","0"
"3797467","0","3","0"
"3802484","6","26","0"
"3803401","0","18","0"
"3804427","0","22","0"
"3804613","0","1","0"
"3808025","2","7","0"
"3808430","0","4","0"
"3809143","0","12","0"
"3809228","7","7","0"
"3809399","0","7","0"
"3810063","4","31","0"
"3810431","0","5","0"
"3815055","0","8","0"
"3820361","4","2","0"
"3826569","0","2","0"
"3829269","1","1","0"
"3829437","3","4","0"
"3832254","1","2","0"
"3832569","0","0","0"
"3836301","0","15","0"
"3837764","52","28","0"
"3844386","2","4","0"
"3846493","0","8","0"
"3849242","0","2","0"
"3851102","0","5","0"
"3853094","0","6","0"
"3853182","2","0","0"
"3853332","0","0","0"
"3855723","0","0","0"
"3856286","0","1","0"
"3857808","0","4","0"
"3860739","1","7","0"
"3864238","0","1","0"
"3864749","0","0","0"
"3865106","0","3","0"
"3866744","0","1","0"
"3869132","0","0","0"
"3870253","0","5","0"
"3871592","0","0","0"
"3877042","0","3","0"
"3885284","4","73","0"
"3888850","4","0","0"
"3889142","2","4","0"
"3890103","0","13","0"
"3894600","0","4","0"
"3898032","4","14","0"
"3898679","4","5","0"
"3900311","5","7","0"
"3903735","3","3","0"
"3905366","1","34","0"
"3905890","0","2","0"
"3907405","3","29","0"
"3908138","0","1","0"
"3917625","5","2","0"
"3920202","1","0","0"
"3921562","0","4","0"
"3924637","0","1","0"
"3924823","0","21","0"
"3926813","16","99","0"
"3927282","0","1","0"
"3928155","0","37","0"
"3928418","0","3","0"
"3928944","0","2","0"
"3929590","0","63","0"
"3934387","0","1","0"
"3934449","0","0","0"
"3935906","15","8","0"
"3937587","0","27","0"
"3938663","0","7","0"
"3938673","0","12","0"
"3941389","0","15","0"
"3941632","1","29","1"
"3943036","0","9","0"
"3952407","2","3","0"
"3953035","1","5","0"
"3954197","0","1","0"
"3955573","0","0","0"
"3958207","0","8","0"
"3958401","0","0","0"
"3960865","3","4","1"
"3961830","0","0","0"
"3962990","1","10","0"
"3963301","3","3","0"
"3964099","4","6","0"
"3964158","3","22","0"
"3964548","1","1","0"
"3970449","0","11","0"
"3970495","1","6","0"
"3973524","0","33","0"
"3983968","3","11","0"
"3987227","1","40","0"
"3988148","0","0","0"
"3988824","0","2","0"
"3989216","0","6","0"
"3992182","0","10","0"
"3993241","1","4","0"
"3997661","0","0","0"
"3997913","0","16","0"
"3998190","1","0","0"
"4000072","2","4","0"
"4000266","1","9","0"
"4004831","3","0","0"
"4007530","0","1","1"
"4009284","0","13","0"
"4012944","2","1","0"
"4015022","1","11","0"
"4016577","0","7","0"
"4017098","15","14","1"
"4017637","0","1","0"
"4017911","0","21","0"
"4018834","3","45","0"
"4023736","0","4","0"
"4025420","6","9","0"
"4030220","0","1","0"
"4035948","3","8","0"
"4038937","0","7","0"
"4039045","0","2","0"
"4039480","1","4","0"
"4039999","0","1","0"
"4040474","8","17","0"
"4042057","0","6","0"
"4046007","0","0","0"
"4047839","0","5","0"
"4048273","0","3","0"
"4048958","0","1","0"
"4057458","0","1","0"
"4060794","0","0","0"
"4061056","0","3","0"
"4061390","0","2","0"
"4064973","1","10","0"
"4065451","3","20","0"
"4066646","3","3","0"
"4069062","0","11","0"
"4069493","2","3","0"
"4073249","0","32","0"
"4075189","2","33","0"
"4076930","1","11","0"
"4081913","0","2","0"
"4082319","0","6","0"
"4082981","12","12","0"
"4088205","0","12","0"
"4088988","0","0","0"
"4089000","8","10","1"
"4090718","0","3","0"
"4092051","3","7","0"
"4099983","3","1","0"
"4100116","0","2","0"
"4100788","0","13","0"
"4101648","0","1","0"
"4104189","0","2","0"
"4104396","0","7","0"
"4107263","3","5","0"
"4107903","0","5","0"
"4113212","0","18","0"
"4117867","0","31","0"
"4120907","0","8","0"
"4123671","16","21","0"
"4123990","0","13","0"
"4129281","0","0","0"
"4129917","4","5","0"
"4131082","0","9","0"
"4138289","0","0","0"
"4139546","0","13","0"
"4141763","7","3","0"
"4144827","0","0","0"
"4146360","0","1","0"
"4147687","1","20","1"
"4148456","0","0","0"
"4149117","0","0","0"
"4149470","0","6","0"
"4152671","0","1","0"
"4153947","15","5","0"
"4155322","0","1","0"
"4156408","1","6","0"
"4157513","1","6","0"
"4162040","0","15","0"
"4162283","0","2","0"
"4164384","0","13","0"
"4166745","0","1","0"
"4167172","14","29","0"
"4168955","0","16","0"
"4169251","7","19","0"
"4175124","6","1","0"
"4177852","5","11","0"
"4179025","1","16","0"
"4179474","0","39","0"
"4180670","0","7","0"
"4183217","1","4","0"
"4183646","1","5","0"
"4183699","0","1","0"
"4186998","0","0","0"
"4187337","1","18","0"
"4192732","0","9","0"
"4197995","0","2","0"
"4199091","12","47","0"
"4200334","0","13","0"
"4204330","4","10","0"
"4205233","0","5","0"
"4209001","0","3","0"
"4209444","0","4","0"
"4209948","0","0","0"
"4211110","0","0","0"
"4211612","5","19","0"
"4215394","0","3","0"
"4216978","0","8","0"
"4219630","0","1","0"
"4219782","2","5","0"
"4221735","0","7","0"
"4221943","0","16","0"
"4222434","13","2","0"
"4222551","0","1","0"
"4225110","0","3","0"
"4226561","1","2","0"
"4229099","2","6","0"
"4230504","0","1","0"
"4232275","7","15","0"
"4232381","3","10","0"
"4233229","1","7","0"
"4234891","0","0","0"
"4236831","4","10","0"
"4242854","3","5","0"
"4244216","1","15","0"
"4245192","0","4","0"
"4247317","0","3","0"
"4251836","2","6","0"
"4255096","9","36","0"
"4256602","1","18","1"
"4258507","0","16","0"
"4262927","1","10","0"
"4266527","0","16","0"
"4274040","0","15","0"
"4275277","0","10","0"
"4276928","0","44","0"
"4278356","0","10","0"
"4280295","3","5","0"
"4288201","4","8","0"
"4289035","1","8","0"
"4289400","0","7","0"
"4291434","0","3","0"
"4292093","0","24","0"
"4292371","0","0","0"
"4292549","0","3","0"
"4292628","2","9","0"
"4296927","0","4","0"
"4299304","8","35","0"
"4304400","1","16","0"
"4305230","0","33","0"
"4307985","1","3","0"
"4309850","4","23","0"
"4310284","1","5","0"
"4313009","4","19","0"
"4313160","0","27","0"
"4314602","0","14","0"
"4315475","10","8","3"
"4318047","0","0","0"
"4318759","0","0","0"
"4321525","6","16","0"
"4323004","0","5","0"
"4329077","0","64","1"
"4332018","0","10","0"
"4337808","0","8","0"
"4338891","1","1","0"
"4340273","19","26","1"
"4341728","5","6","0"
"4345417","0","5","0"
"4346982","0","4","0"
"4348846","1","0","0"
"4351583","0","0","0"
"4353545","0","3","0"
"4353604","0","0","0"
"4353763","0","0","0"
"4354065","0","8","0"
"4355059","0","28","0"
"4355431","5","5","0"
"4356470","5","19","0"
"4360780","0","2","0"
"4362497","0","9","0"
"4364786","0","0","0"
"4367787","0","6","0"
"4371017","2","5","0"
"4372075","0","12","0"
"4379671","2","8","0"
"4382651","1","1","0"
"4385673","1","20","0"
"4385849","0","10","0"
"4386995","0","11","0"
"4387411","0","5","0"
"4387641","0","5","0"
"4391518","0","0","0"
"4392656","0","4","0"
"4393774","2","1","0"
"4397021","2","8","0"
"4397066","0","4","0"
"4398127","0","14","0"
"4398399","1","31","0"
"4398589","1","0","0"
"4405457","0","1","0"
"4406961","1","4","0"
"4407699","0","2","0"
"4408004","4","16","0"
"4410746","3","24","0"
"4411570","2","14","0"
"4412510","0","7","0"
"4413341","0","0","0"
"4416929","0","1","0"
"4418091","2","21","0"
"4418380","0","2","0"
"4423110","0","4","0"
"4423329","5","0","0"
"4423438","0","2","0"
"4424477","9","5","3"
"4424668","0","19","0"
"4426036","3","15","0"
"4431547","3","1","0"
"4433157","1","5","0"
"4434827","0","8","0"
"4438139","0","14","0"
"4439879","2","2","0"
"4440759","0","10","0"
"4441774","3","28","0"
"4442646","0","4","0"
"4443895","0","1","0"
"4444822","1","2","0"
"4445584","14","28","0"
"4446248","0","2","0"
"4447085","2","12","0"
"4447664","0","5","0"
"4453224","2","6","0"
"4456511","0","10","0"
"4456593","10","38","0"
"4456797","0","1","0"
"4457530","0","5","0"
"4457943","4","21","7"
"4460328","0","4","0"
"4462332","0","4","0"
"4464665","0","3","0"
"4464806","19","37","0"
"4465537","0","8","0"
"4467091","6","0","0"
"4467297","2","14","0"
"4468332","0","0","0"
"4468380","0","0","0"
"4468552","0","4","0"
"4469387","18","55","0"
"4470213","0","4","0"
"4476616","0","3","0"
"4477177","0","2","0"
"4478537","0","11","1"
"4478946","2","11","0"
"4481550","0","16","0"
"4482547","0","2","0"
"4482826","0","0","0"
"4483395","2","20","0"
"4489475","0","2","0"
"4491818","1","0","0"
"4493560","1","4","0"
"4494557","0","0","0"
"4500653","0","10","0"
"4501187","1","2","0"
"4502320","1","0","0"
"4502577","0","5","0"
"4503225","0","7","0"
"4503944","0","0","0"
"4504046","9","3","0"
"4507768","0","9","0"
"4508866","0","8","0"
"4509631","0","7","0"
"4510447","0","7","0"
"4513334","0","1","0"
"4515559","14","26","0"
"4517383","0","3","0"
"4520964","0","1","0"
"4527638","0","13","0"
"4527664","1","16","0"
"4528363","0","3","0"
"4530300","4","1","0"
"4530618","2","9","0"
"4532852","0","0","0"
"4538070","0","0","0"
"4539900","2","2","0"
"4540591","9","37","0"
"4541788","0","4","0"
"4542047","0","2","0"
"4544422","0","7","0"
"4546382","0","35","0"
"4546865","0","0","0"
"4547909","0","14","0"
"4549234","11","30","0"
"4549315","0","9","0"
"4550936","0","5","0"
"4551645","2","6","0"
"4552016","3","6","0"
"4559261","0","4","0"
"4564097","4","4","0"
"4564724","0","3","0"
"4565926","0","0","0"
"4570756","2","19","2"
"4571236","0","0","0"
"4572051","0","2","0"
"4572802","0","7","0"
"4572960","2","21","0"
"4574342","7","9","0"
"4574879","0","5","0"
"4577671","0","1","0"
"4580405","1","12","0"
"4582235","1","8","0"
"4582443","0","8","0"
"4587852","0","13","0"
"4591295","0","4","0"
"4591884","3","8","0"
"4592648","1","23","1"
"4598234","0","10","0"
"4600706","0","2","0"
"4600860","0","0","0"
"4604292","2","1","0"
"4604736","0","14","0"
"4606324","1","2","0"
"4609132","0","2","0"
"4609351","0","17","0"
"4609658","3","3","0"
"4611336","0","4","0"
"4611676","0","0","0"
"4613321","0","0","0"
"4613384","0","1","0"
"4613648","0","4","0"
"4615259","0","0","0"
"4616276","0","4","0"
"4617857","8","18","0"
"4620016","0","3","0"
"4620410","2","22","0"
"4620600","0","3","0"
"4621009","0","7","0"
"4626493","1","5","0"
"4626784","0","0","0"
"4631333","0","1","0"
"4631799","0","12","0"
"4632239","0","25","0"
"4636301","0","0","0"
"4636819","0","1","0"
"4636906","0","5","0"
"4638232","0","12","0"
"4639024","1","2","0"
"4639041","4","3","0"
"4643483","0","2","0"
"4643961","0","14","0"
"4645816","0","9","0"
"4646758","1","22","0"
"4648413","0","23","0"
"4649822","3","18","0"
"4651331","2","6","0"
"4658098","0","0","0"
"4661116","5","18","0"
"4661650","2","5","0"
"4664776","0","6","0"
"4667713","0","1","0"
"4667746","0","20","0"
"4671147","1","15","0"
"4671431","18","20","0"
"4671500","21","7","0"
"4675567","0","0","0"
"4676891","0","3","0"
"4676953","0","16","0"
"4678218","0","6","0"
"4688413","0","12","0"
"4688739","0","6","0"
"4690527","6","0","0"
"4695519","7","19","0"
"4696962","2","8","0"
"4700052","0","2","0"
"4700818","2","36","0"
"4704080","0","8","0"
"4704701","4","8","0"
"4704723","2","7","0"
"4708834","0","11","0"
"4708839","0","27","0"
"4713669","0","13","0"
"4713742","0","1","0"
"4716275","5","50","0"
"4717073","0","4","0"
"4718949","0","10","0"
"4719158","6","5","0"
"4722001","0","5","0"
"4722498","0","4","0"
"4723551","5","4","0"
"4723737","0","1","0"
"4725713","0","1","0"
"4731759","0","0","0"
"4734523","0","1","0"
"4734842","0","0","0"
"4735563","0","8","0"
"4746045","0","4","0"
"4749597","0","5","0"
"4756186","0","3","0"
"4760478","0","3","0"
"4762893","1","1","0"
"4763774","0","4","0"
"4765442","0","26","0"
"4766925","3","5","0"
"4767366","0","0","0"
"4768456","0","18","0"
"4771626","0","12","0"
"4772055","4","5","0"
"4776227","4","29","6"
"4777342","1","9","0"
"4777553","0","6","0"
"4781307","4","6","0"
"4782928","0","2","0"
"4783383","0","0","0"
"4784079","0","3","0"
"4785305","0","1","0"
"4785415","0","8","0"
"4792892","0","20","0"
"4793216","0","10","0"
"4794985","0","1","0"
"4798347","1","12","0"
"4798401","0","0","0"
"4799273","0","2","0"
"4801932","3","5","0"
"4802101","4","3","0"
"4805368","0","8","0"
"4808224","4","7","0"
"4812479","21","40","0"
"4814403","12","1","0"
"4815530","2","4","0"
"4819135","0","20","0"
"4826295","2","13","0"
"4826605","0","34","0"
"4828410","0","4","0"
"4828950","0","4","0"
"4831867","0","2","0"
"4840789","0","1","0"
"4841384","0","0","0"
"4842667","9","24","0"
"4844269","0","5","0"
"4844347","0","15","0"
"4844557","5","3","0"
"4845524","4","0","0"
"4847287","0","1","0"
"4850577","0","6","0"
"4850582","3","5","0"
"4853946","4","1","0"
"4854715","0","0","0"
"4855590","0","3","0"
"4857960","1","0","0"
"4858078","1","25","0"
"4858209","1","4","0"
"4858572","0","4","0"
"4858687","2","13","0"
"4858935","4","25","0"
"4859502","1","9","0"
"4865538","0","1","0"
"4869352","0","15","0"
"4873896","0","3","0"
"4874075","0","4","0"
"4874204","0","11","0"
"4874430","0","8","0"
"4875357","0","12","0"
"4875396","1","2","0"
"4877698","5","24","0"
"4878186","0","4","0"
"4879542","4","8","0"
"4880945","0","20","0"
"4884472","0","4","0"
"4885108","5","14","0"
"4885365","14","0","2"
"4887971","18","12","0"
"4890247","0","14","0"
"4890272","0","4","0"
"4891290","0","10","0"
"4892527","6","25","0"
"4895155","2","0","0"
"4896080","0","6","0"
"4903075","3","1","0"
"4903565","0","0","0"
"4904092","1","2","0"
"4905043","0","12","0"
"4906752","35","32","0"
"4906780","0","27","0"
"4906855","0","5","0"
"4907339","5","22","0"
"4908507","3","14","0"
"4909190","0","10","0"
"4912284","3","11","0"
"4913562","0","5","0"
"4913841","0","0","0"
"4914560","1","6","0"
"4915494","2","7","0"
"4916427","1","3","0"
"4918787","0","22","0"
"4919487","30","51","0"
"4920921","0","9","0"
"4924130","0","1","0"
"4924576","0","0","0"
"4925718","0","10","0"
"4929232","0","0","0"
"4930299","3","13","0"
"4932766","0","6","0"
"4933165","3","11","0"
"4933270","0","7","0"
"4935491","0","14","0"
"4935976","0","1","0"
"4937632","0","3","0"
"4937792","4","13","1"
"4938005","0","0","0"
"4940995","0","0","0"
"4945771","1","7","0"
"4946011","3","18","0"
"4946616","4","17","0"
"4947501","0","15","0"
"4949062","3","5","0"
"4951606","0","1","0"
"4952715","5","1","0"
"4955732","0","6","0"
"4955931","0","7","0"
"4959100","1","5","0"
"4959120","2","8","0"
"4959622","0","6","0"
"4961455","1","17","0"
"4962870","11","2","0"
"4964941","18","25","0"
"4965482","0","4","0"
"4968930","5","12","0"
"4970069","0","2","0"
"4972683","0","9","0"
"4973057","0","3","0"
"4974027","0","2","0"
"4975906","1","11","0"
"4976521","9","5","0"
"4976878","0","3","0"
"4977128","0","3","0"
"4980062","1","8","0"
"4980908","1","30","0"
"4981179","21","17","0"
"4983613","0","14","0"
"4987561","1","3","0"
"4988102","0","0","0"
"4988779","2","11","0"
"4989403","2","8","0"
"4991662","3","4","0"
"4991722","0","7","0"
"4992961","0","1","0"
"4993617","0","1","0"
"4993715","1","18","0"
"4998159","2","7","0"
"4999246","0","4","0"
"4999894","9","14","0"
"5001186","0","9","0"
"5003491","1","1","0"
"5004264","3","15","0"
"5005844","0","10","0"
"5006393","0","0","0"
"5006676","0","1","0"
"5007447","0","6","0"
"5008520","0","6","0"
"5008664","0","1","0"
"5009249","1","14","0"
"5017568","0","3","0"
"5018932","0","2","0"
"5022754","0","3","0"
"5026592","1","6","0"
"5026806","5","8","0"
"5030046","0","7","0"
"5030627","0","14","0"
"5031366","22","14","5"
"5034209","10","4","0"
"5034419","2","6","0"
"5035233","1","14","0"
"5035727","0","4","0"
"5039506","0","0","0"
"5044508","0","3","0"
"5046339","0","4","0"
"5049944","4","14","0"
"5050148","0","1","0"
"5052735","0","5","0"
"5054160","0","2","0"
"5055126","0","10","0"
"5059158","0","1","0"
"5064520","0","1","0"
"5068409","0","1","0"
"5068758","0","5","0"
"5069309","7","1","0"
"5070297","2","8","0"
"5074226","0","6","0"
"5074851","1","1","0"
"5074854","4","14","0"
"5075953","9","25","0"
"5077685","4","7","0"
"5078054","0","4","0"
"5078861","0","8","0"
"5079776","1","20","0"
"5082101","0","0","0"
"5082657","0","2","0"
"5082991","0","5","0"
"5088963","0","8","0"
"5089945","0","3","0"
"5095529","0","2","0"
"5095636","10","11","0"
"5096960","0","12","0"
"5101892","0","5","0"
"5102540","0","1","0"
"5104266","0","6","0"
"5107086","5","1","0"
"5108938","0","0","0"
"5109474","0","17","0"
"5111655","2","0","2"
"5118875","1","6","0"
"5121698","2","12","0"
"5121815","0","5","0"
"5123186","0","0","0"
"5123667","0","0","0"
"5124710","0","0","0"
"5125046","1","13","0"
"5125255","0","0","0"
"5125694","1","7","0"
"5127494","0","1","0"
"5128175","0","10","0"
"5129842","0","0","0"
"5130240","0","21","0"
"5132062","0","0","0"
"5137530","3","30","0"
"5139923","0","33","0"
"5143313","2","14","0"
"5143776","0","8","0"
"5143829","0","3","0"
"5146958","4","17","0"
"5147567","0","5","0"
"5148004","0","5","0"
"5148304","2","8","0"
"5151148","1","17","0"
"5151316","0","1","0"
"5152140","0","46","0"
"5153960","0","4","0"
"5156096","1","37","0"
"5156186","4","3","0"
"5157614","6","2","0"
"5161062","14","20","0"
"5161095","0","0","0"
"5161875","4","0","0"
"5162008","0","0","0"
"5162625","3","2","0"
"5164005","0","3","0"
"5165644","1","10","0"
"5174424","2","6","0"
"5175207","0","1","0"
"5179369","1","0","0"
"5180305","0","0","0"
"5180920","8","14","1"
"5183029","0","32","0"
"5183473","3","7","0"
"5186344","0","12","0"
"5187185","0","4","0"
"5194823","7","2","0"
"5196973","0","13","0"
"5198144","0","1","0"
"5198162","6","16","0"
"5198283","14","5","0"
"5198649","1","2","0"
"5202260","0","18","0"
"5202361","0","14","0"
"5203248","0","2","0"
"5203859","1","0","0"
"5205393","0","3","0"
"5206593","0","10","0"
"5210138","0","3","0"
"5212625","0","0","0"
"5213015","47","22","0"
"5213521","0","2","0"
"5217003","2","8","0"
"5220867","0","8","0"
"5221980","0","3","0"
"5222073","0","4","0"
"5223066","5","25","0"
"5224957","0","3","0"
"5225757","0","4","0"
"5225976","2","12","0"
"5226470","0","32","2"
"5227666","0","3","0"
"5230640","0","0","0"
"5231798","0","14","0"
"5232681","0","18","0"
"5233005","9","36","1"
"5233698","0","1","0"
"5237559","0","3","0"
"5238397","1","5","0"
"5238483","0","5","0"
"5239932","1","0","0"
"5240400","0","9","0"
"5241318","0","2","0"
"5243320","0","1","0"
"5245329","0","0","0"
"5250858","0","1","0"
"5253009","1","8","0"
"5253456","0","4","0"
"5253603","2","15","0"
"5256668","0","1","0"
"5261173","1","0","0"
"5261252","0","2","0"
"5262967","0","2","0"
"5263456","1","16","0"
"5264411","0","1","0"
"5264464","0","0","0"
"5266230","2","23","0"
"5268999","2","0","0"
"5270117","0","2","0"
"5272152","0","1","0"
"5272206","0","1","0"
"5273331","0","6","0"
"5273471","0","14","0"
"5278291","0","4","0"
"5280526","0","7","0"
"5280535","2","12","0"
"5282089","19","35","1"
"5282202","0","4","0"
"5284141","1","11","0"
"5286114","1","6","0"
"5286393","0","24","0"
"5286848","0","4","0"
"5288010","0","16","0"
"5290652","0","13","0"
"5290718","0","0","0"
"5290911","2","4","0"
"5291642","1","4","0"
"5291793","0","5","0"
"5292659","3","3","0"
"5293758","0","8","0"
"5295723","1","0","0"
"5295736","0","6","0"
"5296215","0","2","0"
"5296904","0","7","0"
"5298002","4","3","0"
"5298365","0","1","0"
"5298544","2","11","0"
"5298588","4","2","0"
"5299919","0","25","0"
"5307500","0","4","0"
"5308127","0","3","0"
"5310008","1","0","0"
"5310308","4","6","0"
"5314940","4","14","0"
"5315940","1","6","0"
"5316401","0","3","0"
"5319180","7","52","0"
"5320122","2","2","0"
"5321433","0","3","0"
"5323274","0","3","0"
"5324054","0","3","0"
"5328077","7","17","0"
"5328903","1","1","0"
"5329465","0","3","0"
"5330018","13","26","0"
"5331336","0","1","0"
"5331794","1","8","0"
"5336474","0","4","0"
"5340621","0","12","0"
"5341154","0","11","0"
"5341991","0","0","0"
"5343375","0","0","0"
"5347917","0","1","0"
"5353778","9","4","0"
"5354671","0","0","0"
"5354987","359","117","0"
"5366828","0","9","0"
"5370501","0","2","0"
"5371978","0","1","0"
"5373838","0","1","0"
"5375462","0","6","0"
"5378489","2","1","0"
"5380881","0","1","0"
"5381759","3","17","0"
"5386319","0","2","0"
"5390096","0","7","0"
"5390515","0","14","0"
"5392707","0","0","0"
"5394285","2","0","0"
"5394731","0","14","0"
"5397289","0","2","0"
"5397752","0","7","0"
"5398934","16","2","0"
"5398980","0","1","0"
"5402182","0","26","0"
"5404337","3","20","0"
"5404765","4","2","0"
"5406285","0","8","0"
"5406499","0","5","0"
"5408747","0","2","0"
"5413405","25","11","0"
"5415148","0","12","0"
"5415978","0","1","0"
"5417267","1","6","0"
"5417998","0","4","0"
"5419359","0","5","0"
"5419601","1","0","0"
"5419683","0","15","0"
"5420751","1","3","0"
"5421547","0","0","0"
"5422232","0","9","0"
"5422850","33","44","3"
"5423872","0","11","0"
"5425155","0","10","0"
"5425649","0","15","0"
"5425700","0","0","0"
"5426468","0","1","0"
"5429277","0","4","0"
"5429327","0","26","0"
"5429389","1","12","0"
"5431622","0","7","0"
"5432087","1","16","0"
"5432156","89","107","1"
"5432667","4","8","0"
"5433503","0","25","0"
"5435638","3","3","0"
"5437789","2","18","0"
"5439097","2","5","0"
"5442302","0","3","0"
"5442849","0","3","0"
"5445868","1","26","0"
"5450497","0","2","0"
"5451030","0","5","0"
"5451645","0","12","0"
"5455680","2","9","0"
"5456218","0","5","0"
"5456268","2","2","0"
"5456465","2","3","0"
"5456546","0","2","0"
"5458108","2","2","0"
"5458987","1","3","0"
"5459825","0","4","0"
"5460036","0","9","0"
"5460182","1","9","0"
"5461225","0","6","0"
"5464026","0","0","0"
"5465488","0","45","0"
"5469184","2","43","0"
"5470429","0","4","0"
"5471927","0","20","0"
"5473267","0","20","0"
"5474557","0","8","0"
"5476122","0","3","1"
"5478086","7","4","0"
"5478472","0","2","0"
"5480774","0","2","0"
"5481728","1","4","0"
"5482942","0","2","0"
"5483182","0","2","0"
"5483654","0","5","0"
"5484417","2","14","0"
"5485114","0","12","0"
"5485236","1","22","0"
"5486223","0","35","0"
"5489111","2","17","0"
"5489512","0","7","0"
"5490863","0","2","0"
"5491753","0","6","0"
"5492310","0","8","0"
"5493789","0","6","0"
"5495274","0","4","0"
"5504551","0","2","0"
"5507590","0","0","0"
"5507663","0","39","0"
"5508542","0","1","0"
"5510196","7","9","0"
"5510208","0","0","0"
"5512732","1","5","0"
"5514131","10","21","0"
"5514436","4","4","1"
"5515230","0","0","0"
"5516431","0","4","1"
"5519221","0","0","0"
"5519289","3","0","0"
"5520036","2","5","0"
"5524155","0","2","0"
"5524559","2","7","0"
"5524965","0","4","0"
"5525255","0","2","0"
"5527968","3","14","0"
"5528404","0","0","0"
"5528518","4","1","0"
"5530875","0","3","0"
"5531231","2","4","0"
"5532457","0","0","0"
"5533552","0","4","0"
"5534582","0","2","0"
"5534881","6","34","0"
"5537029","0","12","0"
"5542134","0","7","0"
"5542857","0","8","0"
"5544593","1","16","0"
"5548526","1","6","0"
"5549819","0","10","0"
"5550142","1","15","0"
"5550697","8","12","0"
"5551242","0","3","0"
"5551975","19","14","0"
"5552528","0","1","0"
"5554368","0","3","0"
"5555134","1","4","0"
"5555898","1","1","0"
"5564007","1","21","0"
"5564185","0","0","0"
"5564845","0","28","0"
"5564903","0","36","0"
"5566957","0","16","0"
"5567893","5","21","0"
"5569221","0","0","0"
"5572603","3","4","0"
"5574617","3","5","0"
"5576515","0","9","0"
"5576630","0","15","0"
"5576771","23","62","1"
"5577294","7","7","0"
"5577970","2","8","0"
"5579508","0","3","0"
"5582849","0","6","0"
"5583278","3","4","0"
"5586782","8","53","0"
"5587659","0","3","0"
"5589427","0","1","0"
"5589483","0","4","0"
"5591888","0","0","0"
"5599966","2","14","0"
"5600099","3","3","0"
"5601435","0","19","0"
"5601474","0","0","0"
"5601615","3","11","0"
"5608974","0","5","0"
"5609870","5","20","0"
"5610454","0","27","0"
"5610507","0","13","0"
"5612127","0","1","0"
"5614050","0","0","0"
"5614308","0","5","0"
"5615457","8","21","0"
"5615566","15","31","0"
"5615895","0","12","0"
"5616918","0","0","0"
"5618967","8","8","0"
"5621318","0","3","0"
"5623621","0","10","0"
"5625405","0","2","0"
"5627004","3","9","0"
"5628084","7","49","0"
"5630663","1","2","0"
"5631578","0","0","0"
"5639298","0","0","0"
"5640314","0","2","0"
"5641662","0","1","0"
"5642576","0","4","0"
"5644758","0","1","0"
"5646527","3","8","0"
"5647103","14","14","0"
"5647853","0","8","0"
"5647933","1","39","0"
"5649268","0","1","0"
"5652697","21","9","0"
"5655675","0","4","0"
"5658510","3","40","0"
"5660005","3","13","0"
"5660341","2","13","0"
"5662304","0","0","0"
"5663411","0","19","0"
"5665356","0","1","0"
"5665613","0","14","0"
"5666188","0","0","0"
"5667117","0","13","0"
"5669985","1","1","0"
"5670576","0","5","0"
"5671571","2","8","0"
"5671909","0","0","0"
"5673162","0","10","0"
"5675063","0","4","0"
"5677130","25","0","1"
"5677734","2","7","0"
"5678823","1","11","0"
"5679351","1","12","0"
"5680977","0","7","0"
"5681287","4","2","0"
"5681665","0","6","0"
"5681676","4","2","0"
"5682770","6","1","0"
"5683522","11","3","6"
"5683970","1","5","0"
"5687307","0","36","0"
"5688251","0","0","0"
"5693419","0","1","0"
"5694615","8","5","0"
"5695481","0","0","0"
"5698182","0","3","0"
"5698386","1","3","0"
"5698525","0","2","0"
"5701601","1","4","0"
"5703479","2","2","0"
"5703488","1","8","0"
"5703925","0","11","0"
"5704012","3","1","1"
"5706662","0","0","0"
"5706893","0","0","0"
"5707560","0","10","0"
"5714327","5","19","0"
"5714569","3","3","0"
"5714726","0","4","0"
"5714898","0","9","0"
"5718019","6","16","0"
"5720069","0","12","0"
"5720731","0","8","0"
"5721377","1","7","0"
"5723903","0","2","0"
"5724095","4","4","0"
"5725291","3","0","0"
"5726419","0","10","0"
"5731556","0","2","0"
"5731867","1","0","0"
"5733987","0","0","0"
"5734463","2","5","0"
"5734854","0","11","0"
"5738162","0","3","0"
"5740546","0","1","0"
"5740623","1","2","0"
"5741780","2","16","0"
"5748982","3","3","0"
"5749128","7","7","0"
"5754961","11","8","0"
"5755403","0","6","0"
"5755531","0","1","0"
"5756425","0","1","0"
"5758316","0","0","0"
"5758383","0","3","0"
"5758738","0","1","0"
"5758749","0","0","0"
"5761501","0","10","0"
"5767806","0","7","0"
"5768360","0","14","0"
"5772966","0","1","0"
"5773181","0","0","0"
"5773889","0","4","0"
"5774387","0","14","0"
"5776020","3","5","0"
"5777067","0","1","0"
"5778195","4","6","0"
"5778233","2","4","0"
"5779165","5","85","0"
"5779411","0","24","0"
"5781180","0","4","0"
"5783088","0","13","0"
"5784229","0","9","0"
"5790169","15","2","0"
"5791271","5","5","0"
"5794157","0","27","0"
"5794504","0","7","0"
"5795699","1","5","0"
"5798816","0","10","0"
"5799155","0","3","0"
"5799534","0","4","0"
"5799742","0","15","0"
"5800005","0","16","0"
"5800615","0","8","0"
"5801964","0","0","0"
"5802298","0","11","0"
"5802413","0","3","0"
"5804899","2","2","0"
"5805011","0","2","0"
"5806740","0","0","0"
"5806757","0","10","0"
"5807081","1","1","0"
"5807561","0","0","0"
"5809980","0","13","0"
"5810023","0","37","0"
"5810290","0","1","0"
"5811110","0","0","0"
"5811182","1","15","0"
"5811431","1","15","0"
"5813279","16","2","0"
"5814760","0","3","0"
"5817099","2","1","0"
"5817166","0","6","0"
"5817214","0","5","0"
"5818960","1","4","1"
"5825414","2","10","0"
"5827392","0","0","0"
"5827463","0","12","0"
"5827880","1","1","0"
"5829203","0","1","0"
"5830760","0","21","0"
"5830814","0","10","0"
"5831358","2","14","0"
"5832074","0","7","0"
"5832347","0","0","0"
"5832512","0","12","0"
"5833472","0","27","0"
"5835208","0","2","0"
"5838018","5","4","0"
"5838780","0","0","0"
"5839284","0","3","0"
"5839779","0","14","0"
"5841606","17","99","1"
"5842172","3","3","0"
"5842241","0","5","0"
"5843030","0","24","0"
"5845060","1","4","0"
"5845071","2","5","2"
"5845734","0","69","0"
"5846385","0","1","0"
"5846930","3","15","1"
"5847197","1","15","1"
"5847235","10","21","0"
"5847592","3","16","0"
"5850491","12","31","0"
"5852531","4","28","0"
"5853034","0","0","0"
"5855028","16","2","0"
"5855940","0","45","0"
"5856262","3","6","0"
"5857023","1","3","0"
"5857258","0","12","0"
"5857396","0","15","0"
"5857630","0","3","0"
"5859218","0","5","0"
"5860309","0","0","0"
"5865103","0","1","0"
"5865448","7","13","0"
"5869572","0","2","0"
"5870022","0","7","0"
"5870273","2","3","0"
"5870313","7","3","0"
"5870350","0","10","0"
"5871092","4","13","0"
"5875041","17","4","0"
"5877350","0","6","0"
"5878200","0","1","0"
"5878559","2","20","0"
"5879181","0","11","0"
"5879668","0","4","0"
"5879895","0","1","0"
"5880757","12","12","0"
"5884995","1","14","0"
"5885810","2","14","0"
"5885968","0","18","0"
"5886180","2","17","0"
"5886729","2","2","0"
"5887267","0","21","0"
"5888230","3","18","0"
"5888605","0","5","0"
"5888877","0","4","0"
"5892016","0","23","0"
"5892101","0","3","0"
"5894095","1","8","0"
"5894687","0","0","0"
"5895613","0","0","0"
"5896674","0","8","0"
"5898290","0","1","0"
"5898997","3","1","0"
"5899097","0","1","0"
"5899997","0","62","0"
"5901052","0","1","0"
"5901382","4","45","3"
"5903340","0","2","0"
"5903914","2","18","0"
"5904013","1","1","0"
"5911697","0","7","0"
"5913205","0","8","0"
"5913291","0","9","0"
"5915170","0","3","0"
"5916732","0","1","0"
"5919820","0","11","0"
"5923042","0","5","0"
"5923766","4","3","0"
"5928069","3","1","0"
"5928161","21","20","0"
"5928729","0","7","0"
"5930157","0","2","0"
"5932381","0","0","0"
"5933333","0","0","0"
"5937348","0","8","0"
"5937394","0","0","0"
"5938981","0","3","0"
"5940854","0","10","0"
"5941309","0","18","2"
"5944412","9","42","0"
"5944886","2","8","0"
"5945144","0","22","0"
"5945175","2","12","0"
"5946324","1","17","0"
"5946596","3","23","0"
"5949182","0","4","0"
"5950394","0","16","0"
"5950509","0","10","0"
"5953238","0","17","0"
"5955450","0","1","0"
"5955497","0","1","0"
"5957890","14","28","1"
"5959602","0","6","1"
"5959685","1","8","0"
"5963522","4","28","0"
"5966911","8","11","0"
"5967360","4","4","0"
"5972878","0","0","0"
"5973760","5","2","0"
"5977137","2","0","0"
"5978561","3","10","0"
"5978648","0","7","0"
"5987487","0","5","0"
"5988148","11","9","0"
"5988852","0","31","0"
"5989155","0","2","0"
"5992036","1","18","0"
"5994827","2","8","0"
"5994951","0","3","0"
"5997281","0","1","0"
"6000131","0","3","0"
"6004570","7","11","0"
"6005658","0","13","0"
"6005860","3","3","0"
"6009283","0","4","0"
"6009518","0","3","0"
"6013631","0","15","0"
"6017714","0","7","0"
"6020493","1","16","0"
"6022003","6","16","0"
"6024735","0","10","0"
"6025073","11","1","0"
"6026202","2","2","0"
"6028761","0","9","0"
"6029758","0","19","0"
"6030308","0","0","0"
"6033447","1","1","0"
"6036094","3","8","0"
"6036860","0","8","0"
"6037561","0","6","0"
"6037619","2","7","0"
"6038143","3","14","0"
"6040762","0","28","0"
"6041111","0","2","0"
"6042073","0","6","0"
"6044283","0","0","0"
"6046499","0","3","0"
"6046829","2","15","0"
"6048414","2","1","0"
"6048588","0","11","0"
"6050314","0","10","0"
"6053575","0","0","0"
"6053897","2","3","0"
"6057406","0","0","0"
"6058293","0","11","0"
"6060388","3","86","1"
"6066863","0","2","0"
"6069587","4","0","0"
"6070324","3","12","0"
"6070601","0","0","0"
"6071156","0","0","0"
"6074111","0","24","0"
"6078913","0","7","0"
"6080414","0","10","0"
"6082882","0","5","0"
"6083472","0","3","0"
"6088260","0","17","0"
"6089792","10","14","0"
"6090064","0","13","0"
"6090201","0","7","0"
"6092099","0","1","0"
"6092184","0","7","0"
"6092388","4","3","0"
"6092847","0","16","0"
"6093609","3","12","0"
"6096472","0","5","0"
"6096790","9","2","0"
"6098574","0","2","0"
"6099890","0","3","0"
"6104961","0","5","0"
"6111241","2","2","0"
"6113427","0","3","0"
"6113778","0","9","0"
"6113902","1","13","0"
"6114486","4","27","0"
"6117533","0","6","0"
"6118986","1","11","0"
"6119317","0","3","0"
"6120636","0","4","0"
"6120737","3","5","0"
"6121247","0","1","0"
"6124444","0","11","0"
"6127685","0","5","0"
"6127740","0","3","0"
"6128084","0","1","0"
"6128974","0","3","0"
"6134279","0","3","0"
"6135834","0","2","0"
"6136431","34","14","2"
"6136489","0","0","0"
"6139079","0","3","0"
"6139104","1","0","0"
"6140286","0","3","0"
"6141414","0","2","0"
"6143226","0","3","0"
"6145611","0","5","0"
"6146054","0","3","0"
"6147032","0","2","0"
"6148640","2","31","0"
"6148870","0","1","0"
"6153364","0","6","0"
"6153849","0","17","0"
"6154629","0","4","0"
"6159167","1","0","0"
"6160104","0","7","0"
"6163929","9","27","0"
"6166210","0","1","0"
"6167555","0","4","0"
"6172595","1","7","0"
"6172769","0","1","0"
"6174095","1","34","0"
"6174462","70","4","0"
"6174816","1","2","0"
"6175439","0","4","0"
"6176087","0","27","0"
"6176440","5","16","6"
"6178701","0","1","0"
"6181820","2","5","0"
"6185684","0","2","0"
"6186670","1","50","0"
"6187923","0","0","0"
"6188080","0","3","0"
"6188889","0","1","0"
"6189090","0","9","0"
"6189319","0","1","0"
"6189418","2","4","0"
"6192378","0","17","0"
"6193997","3","1","0"
"6194988","0","5","0"
"6196542","1","2","0"
"6198791","1","10","0"
"6199982","2","3","0"
"6200260","0","22","0"
"6204578","0","9","0"
"6204910","0","24","0"
"6205564","0","23","0"
"6205902","3","6","0"
"6208440","0","2","0"
"6209355","2","6","0"
"6210975","27","33","0"
"6212039","0","2","0"
"6221952","1","10","0"
"6223273","1","11","0"
"6224943","0","2","0"
"6225773","2","4","0"
"6226712","0","7","0"
"6226761","2","5","0"
"6226767","8","29","0"
"6227388","0","4","0"
"6227923","0","13","0"
"6228210","21","11","0"
"6229554","0","4","0"
"6229647","0","4","0"
"6230048","0","0","0"
"6230328","0","7","0"
"6230973","0","25","0"
"6231055","0","18","0"
"6235123","0","0","0"
"6236041","0","1","0"
"6237381","0","2","0"
"6239815","66","109","0"
"6241201","0","53","0"
"6244317","4","2","0"
"6249666","2","16","0"
"6252285","18","40","0"
"6254271","4","10","0"
"6255790","0","3","0"
"6255894","0","10","0"
"6256440","0","3","0"
"6256484","0","0","0"
"6258015","0","1","1"
"6259046","0","4","0"
"6260817","0","0","0"
"6264783","0","7","0"
"6265051","1","2","0"
"6266192","4","99","0"
"6267075","2","1","0"
"6268327","1","9","0"
"6270053","0","3","0"
"6270345","0","8","0"
"6270984","1","5","0"
"6275042","1","1","0"
"6275132","1","8","0"
"6275154","1","1","0"
"6278801","0","0","0"
"6279356","1","14","0"
"6279574","0","6","0"
"6279883","0","0","0"
"6281376","1","15","0"
"6281872","8","2","0"
"6282134","0","66","0"
"6287906","0","2","0"
"6291526","0","0","0"
"6291902","2","0","0"
"6292875","0","10","0"
"6293012","0","12","0"
"6298202","1","6","0"
"6300032","4","9","0"
"6300171","0","5","0"
"6300661","0","1","0"
"6303669","0","12","0"
"6306552","0","5","0"
"6306945","0","6","0"
"6308821","0","11","0"
"6308826","3","14","0"
"6308936","0","0","0"
"6309999","1","0","0"
"6310002","0","6","0"
"6310485","4","55","0"
"6311418","0","7","0"
"6313636","5","30","1"
"6316153","0","6","0"
"6316709","1","1","0"
"6317238","0","0","0"
"6317990","13","11","5"
"6320971","0","2","0"
"6322658","0","1","0"
"6322678","4","1","0"
"6324270","0","18","0"
"6324994","2","23","0"
"6327371","0","0","0"
"6327854","0","12","0"
"6328593","4","3","0"
"6328927","1","1","0"
"6328963","0","1","0"
"6330419","3","7","0"
"6330577","0","1","0"
"6330969","0","36","0"
"6331631","0","0","0"
"6332286","4","10","0"
"6333300","0","1","0"
"6333708","1","13","0"
"6333782","0","8","0"
"6334082","0","25","0"
"6338722","2","7","0"
"6340201","0","15","0"
"6340327","8","4","1"
"6343816","0","0","0"
"6345724","49","20","26"
"6347831","0","4","0"
"6348078","9","9","0"
"6350890","0","0","0"
"6354134","0","3","0"
"6354194","0","0","0"
"6356958","0","1","0"
"6359503","0","4","0"
"6359743","19","14","0"
"6360955","0","20","0"
"6361745","1","4","0"
"6367245","0","5","0"
"6367402","1","19","0"
"6367587","0","5","0"
"6367600","1","13","0"
"6371249","0","0","0"
"6372042","0","6","0"
"6375065","2","2","0"
"6376383","16","14","0"
"6376603","4","6","0"
"6378469","1","29","0"
"6384616","1","16","0"
"6385205","0","7","0"
"6385620","0","4","0"
"6386583","0","3","0"
"6386607","0","5","0"
"6386666","1","0","0"
"6387661","0","5","0"
"6393408","10","0","0"
"6393772","0","4","0"
"6394233","5","13","0"
"6394769","1","0","0"
"6395114","0","11","0"
"6396111","1","2","0"
"6399999","0","0","0"
"6402968","0","0","0"
"6403209","4","7","0"
"6404439","31","1","1"
"6404739","0","3","0"
"6405199","4","18","0"
"6405378","1","1","0"
"6410753","0","11","0"
"6411437","1","23","0"
"6412586","0","8","0"
"6413141","3","12","0"
"6413491","0","6","0"
"6414026","2","10","0"
"6414816","3","9","0"
"6414881","1","19","0"
"6415571","6","15","0"
"6416061","0","14","0"
"6417034","0","15","0"
"6419328","8","10","0"
"6419868","0","1","0"
"6423013","5","14","0"
"6423486","0","12","0"
"6424095","0","1","0"
"6424393","0","3","0"
"6431503","0","0","0"
"6433124","0","7","0"
"6433974","0","3","0"
"6441416","1","3","0"
"6442119","0","0","0"
"6442907","2","37","0"
"6444294","1","2","0"
"6444398","0","3","0"
"6446634","0","1","0"
"6448814","0","1","0"
"6451218","1","2","0"
"6451478","0","2","0"
"6452646","3","1","0"
"6453408","0","1","0"
"6454102","0","7","0"
"6456624","10","3","0"
"6459594","0","0","0"
"6461876","0","0","0"
"6463720","0","0","0"
"6464209","0","15","0"
"6465315","4","11","0"
"6467061","0","4","0"
"6468457","0","4","0"
"6469180","0","7","0"
"6474497","2","4","0"
"6474819","3","9","0"
"6474865","3","11","0"
"6478141","1","6","0"
"6479173","0","29","0"
"6479232","0","0","0"
"6479863","0","9","0"
"6483727","0","38","0"
"6484998","0","2","0"
"6485249","0","33","0"
"6485753","1","13","0"
"6487249","0","3","0"
"6489606","0","3","0"
"6490545","2","3","0"
"6492457","2","10","0"
"6493251","2","16","0"
"6493531","4","8","0"
"6499765","14","23","0"
"6500277","0","4","0"
"6500498","0","2","0"
"6500909","26","30","43"
"6502816","0","0","0"
"6503649","0","6","0"
"6504269","0","8","0"
"6505778","0","4","0"
"6509481","4","19","0"
"6509741","0","1","0"
"6511716","0","21","0"
"6511979","0","1","0"
"6514616","0","7","0"
"6514807","0","6","1"
"6516178","0","8","0"
"6516862","0","5","0"
"6518591","0","9","0"
"6521700","0","0","0"
"6522252","0","12","0"
"6522378","0","7","0"
"6523756","0","8","0"
"6523875","2","22","0"
"6523910","0","0","0"
"6524138","10","9","0"
"6527512","1","3","0"
"6528807","0","0","0"
"6531763","0","12","0"
"6533487","1","1","0"
"6534576","0","1","0"
"6535633","9","18","0"
"6537026","0","4","0"
"6538942","0","4","0"
"6539707","0","4","0"
"6540805","0","6","0"
"6542152","1","7","0"
"6543127","0","3","0"
"6543301","0","6","0"
"6543382","0","20","0"
"6543847","0","1","0"
"6544498","5","0","0"
"6544642","0","0","0"
"6544697","0","11","0"
"6546001","0","2","0"
"6547177","0","11","0"
"6547604","0","8","0"
"6549235","0","6","0"
"6549760","0","3","0"
"6553004","0","7","0"
"6554429","0","12","0"
"6555429","0","11","0"
"6555780","0","2","0"
"6561698","1","8","0"
"6561701","0","13","0"
"6562577","0","1","0"
"6563632","0","15","0"
"6564294","15","1","0"
"6565786","0","0","0"
"6566465","0","18","0"
"6567891","3","5","0"
"6571328","0","31","0"
"6572089","2","0","0"
"6574310","1","8","0"
"6574707","0","6","0"
"6576454","0","4","0"
"6577609","0","0","0"
"6579063","0","8","0"
"6579680","0","0","0"
"6580198","2","12","0"
"6581303","2","8","0"
"6582929","7","2","1"
"6583203","7","19","0"
"6584834","0","4","0"
"6587933","0","1","0"
"6589732","1","12","1"
"6594101","0","2","0"
"6595546","1","0","0"
"6596391","0","5","0"
"6602356","0","1","0"
"6602400","0","5","0"
"6603541","0","2","0"
"6606524","5","25","0"
"6607896","2","6","0"
"6608961","0","2","0"
"6610566","0","9","1"
"6612054","0","3","0"
"6612675","0","15","0"
"6613342","0","0","0"
"6615049","23","22","3"
"6616032","0","3","0"
"6616501","0","2","0"
"6617849","0","2","0"
"6620870","0","2","0"
"6621158","0","3","0"
"6623907","0","1","0"
"6624588","0","2","0"
"6624607","0","12","0"
"6624817","1","4","0"
"6627676","0","0","0"
"6629175","0","14","0"
"6629686","0","7","0"
"6630427","2","2","1"
"6631832","3","6","0"
"6634614","3","2","0"
"6635279","0","53","0"
"6635815","9","5","0"
"6636772","0","4","0"
"6637638","0","0","0"
"6637798","10","8","0"
"6638349","0","0","0"
"6638498","0","3","0"
"6638642","0","18","0"
"6639317","0","11","0"
"6644417","1","6","0"
"6644844","0","4","0"
"6646934","0","0","0"
"6647053","2","3","0"
"6649350","0","11","0"
"6649391","1","2","0"
"6649526","0","12","1"
"6650479","0","0","0"
"6651301","0","1","0"
"6653888","0","2","0"
"6656536","0","9","0"
"6657205","0","0","0"
"6659926","2","3","0"
"6660065","0","3","0"
"6660093","1","20","0"
"6662076","2","4","0"
"6662905","0","1","0"
"6666073","0","7","0"
"6667710","1","6","0"
"6668247","0","6","0"
"6669019","0","12","0"
"6669113","0","4","0"
"6670191","0","25","0"
"6670915","0","0","0"
"6671988","2","5","0"
"6672088","0","0","0"
"6676439","5","57","0"
"6677611","0","9","0"
"6686613","15","13","0"
"6686857","3","1","0"
"6687089","1","6","0"
"6688245","0","2","0"
"6688283","0","2","0"
"6689345","0","12","0"
"6690042","0","2","0"
"6690226","0","4","0"
"6691236","0","11","0"
"6694167","0","0","0"
"6694667","0","7","0"
"6694923","11","21","0"
"6695799","1","6","0"
"6695880","1","11","0"
"6697536","0","32","0"
"6699096","1","5","0"
"6699564","0","0","0"
"6699749","1","8","0"
"6699926","2","6","0"
"6700319","16","15","7"
"6703062","0","2","0"
"6706232","0","40","0"
"6706360","0","8","0"
"6706436","2","19","0"
"6707481","4","19","0"
"6707702","13","1","1"
"6708100","2","7","0"
"6709940","11","33","0"
"6711823","1","48","0"
"6713216","0","11","0"
"6716449","0","11","0"
"6718740","0","6","0"
"6720360","0","3","0"
"6722387","0","6","0"
"6722877","0","2","0"
"6724705","0","0","0"
"6725889","0","13","0"
"6726003","0","5","0"
"6728155","0","3","0"
"6728563","1","3","0"
"6731867","0","0","0"
"6736299","7","11","0"
"6737082","0","1","0"
"6738071","1","1","0"
"6739020","8","56","0"
"6742440","0","7","0"
"6743192","4","0","0"
"6743891","0","20","0"
"6745230","0","5","0"
"6745434","0","2","0"
"6745758","10","24","0"
"6747319","0","5","0"
"6748623","6","17","0"
"6748672","0","9","0"
"6750182","0","0","0"
"6759015","1","6","0"
"6759042","23","18","0"
"6760211","0","38","0"
"6760346","1","11","0"
"6760464","1","6","0"
"6761105","1","5","0"
"6762310","0","26","0"
"6763000","0","2","0"
"6767002","8","21","0"
"6769389","0","1","0"
"6770433","1","0","0"
"6770597","0","7","0"
"6770916","0","2","0"
"6770941","1","1","0"
"6772094","0","9","0"
"6773869","0","5","0"
"6776081","0","2","0"
"6776842","2","10","0"
"6777856","9","11","0"
"6779075","0","3","0"
"6779645","0","2","0"
"6780937","1","4","0"
"6782044","1","6","0"
"6783628","8","20","0"
"6783732","0","2","0"
"6784450","3","6","0"
"6784846","0","17","0"
"6784949","1","27","0"
"6786113","21","4","0"
"6786515","0","2","0"
"6786872","0","8","0"
"6787955","0","0","0"
"6788858","0","4","0"
"6788885","3","48","0"
"6789286","0","9","0"
"6790369","0","0","0"
"6792157","0","1","0"
"6792769","1","30","0"
"6793883","4","1","0"
"6794995","0","14","0"
"6795125","0","15","0"
"6795952","1","0","0"
"6796260","2","1","0"
"6797144","0","5","0"
"6797425","0","2","0"
"6797569","0","5","0"
"6798139","0","9","0"
"6803950","2","9","0"
"6804547","1","25","0"
"6806531","9","11","0"
"6807182","0","15","0"
"6808068","4","6","0"
"6808501","1","2","0"
"6810709","9","0","0"
"6813176","2","8","0"
"6814509","0","1","0"
"6821916","1","3","0"
"6822274","0","0","0"
"6822687","0","5","0"
"6825921","0","1","0"
"6826503","0","0","0"
"6827076","11","5","0"
"6828137","0","5","0"
"6828776","0","9","0"
"6829146","0","4","0"
"6829669","1","2","0"
"6832825","0","0","0"
"6832970","0","3","0"
"6837084","0","5","0"
"6837224","0","25","0"
"6837272","1","5","0"
"6837577","0","1","0"
"6837605","0","38","0"
"6838505","1","12","0"
"6845311","0","28","0"
"6845635","0","10","0"
"6846345","0","7","0"
"6848624","0","3","0"
"6849190","0","0","0"
"6849894","1","16","0"
"6850287","0","0","0"
"6851464","0","1","0"
"6852351","0","12","0"
"6853263","0","2","0"
"6854709","0","6","0"
"6855139","2","0","0"
"6855168","0","1","0"
"6856871","0","8","0"
"6861415","0","9","0"
"6862695","0","6","0"
"6863531","1","6","0"
"6865683","1","0","0"
"6867502","0","10","0"
"6871276","3","15","1"
"6871685","3","22","0"
"6875546","4","3","0"
"6878250","0","3","0"
"6878694","4","4","0"
"6880558","3","6","0"
"6882568","1","7","0"
"6882830","0","1","0"
"6883119","3","9","0"
"6885781","0","6","0"
"6886932","0","0","0"
"6894036","0","2","0"
"6894272","1","12","0"
"6894386","0","9","0"
"6895130","3","29","0"
"6896008","2","1","0"
"6896873","0","5","0"
"6897169","0","10","0"
"6899720","1","1","0"
"6901014","0","14","0"
"6901706","18","8","1"
"6902993","0","6","0"
"6904343","0","0","0"
"6904872","0","6","0"
"6904885","0","1","0"
"6905350","0","0","0"
"6906504","0","5","0"
"6906562","0","16","0"
"6909078","0","30","0"
"6909825","7","6","4"
"6911052","1","0","0"
"6913726","0","0","0"
"6917716","0","9","0"
"6917753","0","25","0"
"6917907","5","3","0"
"6918238","0","8","0"
"6918596","1","2","0"
"6918659","4","1","0"
"6919022","0","0","0"
"6920766","0","2","0"
"6921031","7","20","4"
"6921247","0","0","0"
"6922004","13","8","0"
"6927551","0","0","0"
"6927814","0","0","0"
"6927821","0","4","0"
"6928335","2","14","0"
"6931232","0","26","0"
"6933081","0","22","0"
"6933272","0","0","0"
"6934495","0","10","0"
"6935180","32","0","0"
"6935413","0","5","0"
"6935561","0","1","0"
"6935630","1","21","0"
"6938132","0","3","0"
"6938902","8","4","2"
"6941443","3","12","0"
"6942245","0","1","0"
"6942599","0","27","0"
"6942905","0","1","0"
"6943486","0","9","0"
"6943622","12","10","0"
"6944586","0","0","0"
"6944720","0","0","0"
"6946237","0","9","0"
"6946463","10","14","2"
"6946577","4","19","1"
"6949008","0","5","0"
"6949810","5","1","0"
"6950682","2","4","0"
"6952938","0","1","0"
"6953086","0","5","0"
"6955311","0","1","0"
"6995208","0","7","0"
"6999245","0","0","0"
"7003018","0","3","0"
"7003785","0","1","0"
"7004312","3","48","0"
"7004802","3","4","1"
"7007942","3","19","0"
"7008726","0","1","0"
"7010185","0","0","0"
"7010352","5","2","0"
"7011129","0","7","0"
"7012095","0","5","0"
"7012605","0","10","0"
"7012893","0","2","0"
"7016423","1","4","0"
"7016644","0","3","0"
"7016796","0","5","0"
"7016989","5","6","0"
"7018448","0","6","0"
"7022343","0","2","0"
"7022759","0","13","0"
"7024718","1","7","1"
"7025223","1","5","0"
"7025729","0","1","0"
"7026117","0","10","0"
"7030060","0","27","1"
"7030731","0","3","0"
"7031428","0","7","0"
"7032224","0","2","0"
"7033357","2","4","0"
"7036047","1","0","0"
"7037663","2","13","0"
"7038224","4","9","0"
"7039385","0","23","0"
"7039486","0","17","0"
"7042390","0","5","4"
"7044694","0","7","0"
"7046938","6","11","0"
"7048553","0","0","0"
"7048845","0","0","0"
"7051658","0","3","0"
"7051713","0","2","0"
"7053198","0","3","0"
"7053203","0","13","0"
"7053488","15","20","1"
"7054619","1","8","0"
"7054798","0","0","0"
"7056491","0","5","0"
"7059785","0","0","0"
"7059900","0","3","0"
"7060014","1","4","0"
"7060923","0","6","0"
"7060946","3","4","0"
"7061483","0","18","0"
"7063729","0","4","0"
"7063736","2","17","0"
"7064994","2","18","0"
"7065595","1","0","0"
"7066658","4","5","2"
"7066934","0","6","0"
"7067164","7","27","0"
"7068501","0","9","0"
"7069142","0","18","0"
"7074691","0","5","0"
"7075733","1","4","0"
"7077683","1","11","0"
"7079883","0","11","0"
"7080760","1","2","0"
"7082205","6","38","0"
"7082270","0","1","0"
"7083017","2","0","0"
"7084566","5","60","1"
"7087510","0","8","0"
"7087618","0","13","0"
"7088763","0","3","0"
"7091142","1","4","3"
"7092359","1","4","0"
"7094711","0","1","0"
"7096408","0","4","0"
"7098111","0","6","0"
"7098944","0","2","0"
"7099463","0","4","0"
"7100413","0","0","0"
"7100461","0","4","0"
"7101128","0","3","0"
"7101613","4","4","0"
"7102863","1","5","0"
"7104355","0","23","0"
"7106459","0","3","0"
"7106508","15","30","0"
"7106565","4","14","0"
"7107400","0","1","0"
"7108222","0","2","0"
"7109443","0","0","0"
"7111038","0","2","0"
"7111585","41","42","0"
"7112195","2","1","0"
"7114363","8","3","0"
"7117843","7","14","0"
"7119067","0","4","0"
"7120542","0","1","0"
"7120717","2","10","0"
"7122623","0","1","0"
"7123075","0","59","0"
"7126848","1","3","0"
"7127380","8","0","0"
"7128881","0","11","0"
"7129723","0","1","0"
"7130297","0","8","0"
"7130513","0","2","0"
"7132739","4","26","0"
"7136640","2","31","0"
"7136732","0","10","0"
"7141090","6","9","0"
"7142193","0","20","0"
"7142603","0","9","0"
"7142748","1","38","1"
"7146097","0","9","0"
"7146150","0","5","0"
"7147060","0","3","0"
"7147339","0","2","0"
"7148982","0","3","0"
"7150241","0","3","0"
"7151930","5","14","0"
"7152182","0","0","0"
"7152593","0","7","0"
"7152965","0","4","0"
"7153316","0","3","0"
"7153935","10","0","0"
"7154594","0","12","0"
"7158300","0","13","0"
"7160157","2","13","0"
"7162592","0","4","0"
"7164445","1","4","0"
"7169710","5","31","0"
"7170105","0","37","0"
"7171758","0","4","0"
"7173050","0","5","0"
"7174052","0","6","0"
"7174186","0","28","0"
"7174191","5","5","1"
"7174929","0","0","0"
"7175398","0","13","0"
"7175858","0","0","0"
"7179029","0","28","0"
"7180194","4","43","0"
"7180398","0","4","0"
"7182324","0","0","0"
"7183840","0","1","0"
"7185842","0","7","0"
"7188711","0","0","0"
"7193648","2","9","0"
"7196955","0","1","0"
"7198604","0","8","0"
"7199007","0","14","0"
"7199347","0","36","0"
"7199494","2","10","0"
"7199996","0","1","0"
"7200462","0","1","0"
"7202135","0","18","0"
"7204072","5","11","0"
"7206486","0","4","0"
"7207079","0","1","0"
"7207930","28","22","28"
"7208221","0","0","0"
"7208330","0","0","0"
"7208812","0","8","0"
"7209292","5","2","2"
"7209673","0","4","0"
"7210223","0","4","0"
"7212057","2","3","0"
"7214251","0","4","0"
"7215379","0","32","0"
"7215457","0","14","0"
"7216494","24","72","10"
"7217517","0","6","0"
"7217629","0","4","0"
"7219480","1","2","0"
"7220097","0","0","0"
"7224480","0","1","0"
"7224685","11","93","0"
"7224870","0","14","0"
"7226070","0","5","0"
"7229299","0","5","0"
"7229904","0","1","0"
"7231298","0","0","2"
"7231697","0","9","0"
"7236415","12","12","0"
"7237929","0","2","0"
"7237982","1","2","0"
"7238911","0","0","0"
"7241100","0","3","0"
"7241367","11","29","0"
"7243301","0","16","0"
"7243664","0","2","0"
"7244635","0","0","0"
"7245455","0","2","0"
"7247143","1","9","0"
"7247554","0","2","0"
"7247560","1","6","0"
"7248394","0","15","0"
"7248699","0","5","0"
"7249029","1","31","0"
"7250905","0","1","0"
"7251133","3","9","0"
"7252881","0","3","0"
"7254424","3","16","0"
"7254712","3","6","0"
"7256155","0","1","0"
"7256361","2","5","0"
"7256886","2","9","0"
"7256972","0","1","0"
"7257604","3","17","0"
"7258753","1","6","0"
"7261574","0","0","0"
"7263394","2","38","0"
"7263787","0","0","0"
"7264254","8","11","0"
"7272590","0","0","0"
"7275648","0","7","0"
"7275814","1","27","0"
"7276125","11","5","0"
"7276581","2","4","0"
"7276638","4","1","0"
"7277060","1","10","0"
"7277506","2","5","0"
"7277905","0","0","0"
"7278190","14","51","0"
"7280659","0","2","0"
"7280966","0","0","0"
"7282640","0","0","0"
"7284068","5","10","0"
"7285264","0","8","0"
"7286012","0","4","0"
"7287203","0","9","0"
"7288288","0","15","0"
"7291306","0","2","0"
"7291511","6","2","0"
"7292134","0","0","0"
"7294811","0","3","0"
"7295359","0","5","0"
"7295397","0","1","0"
"7296372","0","57","0"
"7297192","0","0","0"
"7297592","0","1","0"
"7297668","0","7","0"
"7297833","0","0","0"
"7298607","0","0","0"
"7301218","0","20","0"
"7301548","1","4","0"
"7301902","0","12","0"
"7302889","0","10","0"
"7302963","3","8","0"
"7303640","3","12","0"
"7304977","7","32","0"
"7306254","0","2","0"
"7308119","3","2","0"
"7308772","1","6","0"
"7309187","1","12","0"
"7309315","0","4","0"
"7309977","0","0","0"
"7312359","1","1","0"
"7313152","0","0","0"
"7313293","0","1","0"
"7314009","0","3","0"
"7316630","0","7","0"
"7321103","0","4","0"
"7321192","12","16","0"
"7327036","2","16","0"
"7329166","1","2","0"
"7333979","0","3","0"
"7335176","0","22","0"
"7338046","1","7","0"
"7338083","0","11","0"
"7338433","0","10","0"
"7338489","0","11","0"
"7341723","0","9","0"
"7343844","0","3","0"
"7345070","1","5","0"
"7346913","2","7","0"
"7349926","1","0","0"
"7350805","0","7","0"
"7351309","4","4","0"
"7352043","0","16","0"
"7353793","11","4","0"
"7358155","0","2","0"
"7360286","0","3","0"
"7360615","0","1","0"
"7364454","8","16","0"
"7366557","5","23","0"
"7369440","0","9","0"
"7372329","7","12","0"
"7375116","0","13","0"
"7375163","0","6","0"
"7376696","5","13","0"
"7377262","3","6","0"
"7377543","1","5","0"
"7381195","0","6","1"
"7381826","1","5","0"
"7382342","2","2","0"
"7382799","0","6","0"
"7383338","0","4","0"
"7385634","0","4","0"
"7386883","0","2","0"
"7387345","0","12","0"
"7388352","0","2","0"
"7389051","0","3","0"
"7390146","0","7","0"
"7390321","0","1","0"
"7394074","0","0","0"
"7394748","0","0","0"
"7399497","1","10","0"
"7400630","4","61","0"
"7401258","0","11","0"
"7401877","2","13","0"
"7403123","8","0","0"
"7403310","0","14","0"
"7406939","0","0","0"
"7411349","1","8","0"
"7411367","1","1","0"
"7415199","0","4","0"
"7415266","0","6","0"
"7415351","3","6","0"
"7415634","0","9","0"
"7417070","0","23","2"
"7417228","0","3","0"
"7417962","0","0","0"
"7418987","0","4","0"
"7419243","0","6","0"
"7420967","0","4","0"
"7420990","0","1","0"
"7421776","0","4","0"
"7422105","0","5","0"
"7422267","0","4","0"
"7422329","0","2","0"
"7422426","4","0","0"
"7425466","1","1","0"
"7426792","0","1","0"
"7428793","2","6","0"
"7429145","0","0","0"
"7429401","0","20","0"
"7431197","0","0","0"
"7431268","1","2","0"
"7435824","1","17","0"
"7437139","0","1","0"
"7437611","0","26","3"
"7438122","0","30","0"
"7438985","0","36","0"
"7440652","0","3","0"
"7441713","1","0","0"
"7442591","0","3","0"
"7445463","0","10","0"
"7446971","6","4","0"
"7447410","0","9","0"
"7449986","0","1","0"
"7450350","1","14","0"
"7451763","1","0","0"
"7451973","0","4","0"
"7453920","0","15","0"
"7462791","0","1","0"
"7462952","0","6","0"
"7466176","0","3","0"
"7469068","0","0","0"
"7475274","9","17","0"
"7475385","0","6","0"
"7475446","2","14","0"
"7477870","0","7","0"
"7478221","0","11","0"
"7478226","22","47","0"
"7478519","0","0","0"
"7478790","0","3","0"
"7478839","1","4","0"
"7480135","0","8","0"
"7480427","0","4","0"
"7484297","0","2","0"
"7484918","0","11","0"
"7485878","0","1","0"
"7486532","0","7","0"
"7487988","10","6","0"
"7490633","7","1","0"
"7491710","1","8","0"
"7492020","0","2","0"
"7492127","0","2","0"
"7496084","0","4","0"
"7496099","7","5","0"
"7497211","7","26","0"
"7498493","0","11","0"
"7504811","0","10","0"
"7505894","0","5","0"
"7506170","8","11","0"
"7509004","0","3","0"
"7509734","0","11","0"
"7511358","3","6","0"
"7511887","0","5","0"
"7512519","0","5","0"
"7512603","4","1","0"
"7513118","0","3","0"
"7513644","2","8","0"
"7517648","2","7","0"
"7518061","4","12","0"
"7518737","0","5","0"
"7522735","0","4","0"
"7527693","0","11","0"
"7528701","0","1","0"
"7532360","0","0","0"
"7532693","0","3","0"
"7533507","0","2","0"
"7534433","7","6","0"
"7534671","0","5","0"
"7534931","0","7","0"
"7535274","0","3","0"
"7536015","0","1","0"
"7537048","2","9","0"
"7544123","0","2","0"
"7544724","1","21","0"
"7545285","0","8","0"
"7546950","0","1","0"
"7547278","0","9","0"
"7548747","8","1","0"
"7550151","2","1","0"
"7552158","1","0","1"
"7552517","0","2","0"
"7554508","0","20","0"
"7555493","0","0","0"
"7556148","10","9","0"
"7560349","2","14","0"
"7561589","1","0","0"
"7562213","0","3","0"
"7563337","0","2","0"
"7565792","7","3","0"
"7567559","0","1","0"
"7570932","2","0","0"
"7574360","0","0","0"
"7575924","0","14","0"
"7576730","0","0","0"
"7580064","0","12","0"
"7584804","2","0","0"
"7585800","0","2","0"
"7586038","0","6","0"
"7586301","13","16","0"
"7586669","1","10","0"
"7589075","4","5","0"
"7589341","1","4","0"
"7590957","1","4","0"
"7592717","4","5","0"
"7593474","0","1","0"
"7595543","0","1","0"
"7598149","1","1","0"
"7598740","0","1","0"
"7603427","0","1","0"
"7604757","0","8","0"
"7609153","0","0","0"
"7609791","32","13","0"
"7615461","2","7","0"
"7616367","1","3","0"
"7616396","0","1","0"
"7616572","0","1","0"
"7618738","1","4","0"
"7619283","0","2","0"
"7619826","6","2","0"
"7621163","0","15","0"
"7624888","0","3","0"
"7625738","0","10","0"
"7629743","3","6","1"
"7630733","0","4","0"
"7632852","0","3","0"
"7633739","4","16","0"
"7634289","0","1","0"
"7634335","0","4","0"
"7636436","0","4","0"
"7637632","4","28","0"
"7641545","0","1","0"
"7645200","0","0","0"
"7647064","0","13","0"
"7647505","0","3","0"
"7649295","0","11","0"
"7649439","14","4","0"
"7651009","0","8","0"
"7652300","1","8","0"
"7653033","0","2","0"
"7653924","0","0","0"
"7656061","0","7","0"
"7656221","1","23","0"
"7656759","0","12","0"
"7658797","2","29","0"
"7661158","0","3","0"
"7661960","4","1","0"
"7668340","0","1","0"
"7670898","5","9","0"
"7671539","0","2","0"
"7673395","0","4","0"
"7674911","0","9","0"
"7677200","0","1","0"
"7680260","0","7","0"
"7680976","0","0","0"
"7681546","0","12","0"
"7682880","11","14","0"
"7687010","0","10","0"
"7689280","8","2","2"
"7690284","0","1","0"
"7690320","0","3","0"
"7690344","1","7","0"
"7691287","0","7","0"
"7692374","0","3","0"
"7693929","5","5","0"
"7694025","0","3","0"
"7694287","0","7","0"
"7694643","0","2","0"
"7695136","0","1","0"
"7697426","0","7","0"
"7697451","3","37","0"
"7699246","1","2","0"
"7699298","0","13","0"
"7700267","0","1","0"
"7703556","2","2","0"
"7706503","0","0","0"
"7706591","0","0","0"
"7707898","0","3","0"
"7709851","0","0","0"
"7710283","0","14","0"
"7711513","1","21","0"
"7712565","0","41","0"
"7714315","1","1","0"
"7714528","10","11","0"
"7716050","4","2","0"
"7718524","9","16","0"
"7718603","2","2","0"
"7719869","0","0","0"
"7724007","3","6","0"
"7725032","0","5","0"
"7725327","0","3","0"
"7725472","0","2","0"
"7725963","1","16","0"
"7727261","0","15","0"
"7728273","1","14","0"
"7729704","0","1","0"
"7729847","1","7","1"
"7731334","1","3","0"
"7732034","0","2","0"
"7733050","1","4","0"
"7736155","0","12","0"
"7736276","0","1","0"
"7738260","2","6","0"
"7738873","0","16","0"
"7739484","0","0","0"
"7740459","4","9","0"
"7741934","0","8","0"
"7742855","0","12","0"
"7744689","1","8","0"
"7746035","0","13","0"
"7747478","0","10","0"
"7748499","0","0","0"
"7750679","0","9","0"
"7752840","0","0","0"
"7752882","0","10","0"
"7753009","0","3","0"
"7753444","3","15","0"
"7753798","0","1","0"
"7753915","4","9","0"
"7754931","0","5","0"
"7755586","0","0","0"
"7756799","1","12","0"
"7758267","2","5","0"
"7758423","0","6","0"
"7758485","16","33","0"
"7758818","1","14","0"
"7759286","5","11","0"
"7759787","1","28","0"
"7760334","0","4","0"
"7760687","0","9","0"
"7762470","0","7","0"
"7763962","0","0","0"
"7764721","3","8","0"
"7765630","0","4","0"
"7766435","0","4","0"
"7767114","0","3","0"
"7767136","1","5","0"
"7770973","1","1","0"
"7772174","0","32","0"
"7773505","0","1","0"
"7773975","0","2","0"
"7774181","0","0","0"
"7775650","0","3","0"
"7775667","0","2","0"
"7784769","0","4","0"
"7786294","3","2","0"
"7787442","1","13","0"
"7789484","2","26","0"
"7789898","1","6","0"
"7790115","8","6","0"
"7790584","0","9","0"
"7792888","0","1","0"
"7793741","0","2","0"
"7794206","0","2","0"
"7794506","0","7","0"
"7794819","0","42","0"
"7801048","0","1","0"
"7801111","1","13","0"
"7801262","0","0","0"
"7801371","3","0","0"
"7806799","0","0","0"
"7807270","0","10","0"
"7807311","0","3","0"
"7807667","0","9","0"
"7808009","2","5","0"
"7809360","1","14","0"
"7810770","0","4","0"
"7814781","0","20","0"
"7815986","0","1","0"
"7817786","2","2","0"
"7817811","0","21","0"
"7818149","0","3","0"
"7818376","0","2","0"
"7819448","1","4","0"
"7819975","1","0","0"
"7820348","0","9","0"
"7824978","0","1","0"
"7826365","0","14","0"
"7826692","2","2","0"
"7827119","0","3","0"
"7829241","4","27","0"
"7830459","10","15","0"
"7835887","0","2","0"
"7836055","0","6","0"
"7836559","0","6","0"
"7836715","4","9","0"
"7837662","0","0","0"
"7837749","1","0","0"
"7839535","17","38","1"
"7839727","3","18","0"
"7840655","0","8","0"
"7843104","1","0","0"
"7843970","19","13","0"
"7844824","1","3","0"
"7845338","1","6","1"
"7845523","0","18","0"
"7849350","0","14","0"
"7850504","0","6","0"
"7851144","0","24","0"
"7854463","2","2","0"
"7857364","2","8","0"
"7858074","0","1","0"
"7858118","2","10","0"
"7859845","0","2","0"
"7860292","12","2","1"
"7860811","0","6","0"
"7861806","0","5","0"
"7862478","1","4","0"
"7863396","0","13","0"
"7864454","0","11","0"
"7865030","0","1","0"
"7867380","1","1","0"
"7868063","2","6","0"
"7868408","0","2","0"
"7868712","0","0","0"
"7869597","0","7","0"
"7870650","1","17","0"
"7871688","0","18","0"
"7872034","0","8","0"
"7872663","0","15","0"
"7873093","4","3","0"
"7873957","0","0","0"
"7874515","0","0","0"
"7877906","0","0","0"
"7880054","16","31","0"
"7880201","0","8","3"
"7880312","1","2","0"
"7881370","3","2","0"
"7881518","20","24","0"
"7883465","0","1","0"
"7884130","1","0","0"
"7887869","0","6","0"
"7891786","0","5","0"
"7892228","1","7","0"
"7893071","0","4","0"
"7894461","2","6","0"
"7894491","2","8","0"
"7896062","4","9","0"
"7897042","7","3","0"
"7900469","6","18","0"
"7900868","0","40","0"
"7901146","0","10","0"
"7902180","3","8","0"
"7902836","0","0","0"
"7903307","2","4","0"
"7903414","0","54","0"
"7905854","0","4","0"
"7906227","2","10","0"
"7906693","0","6","0"
"7908692","0","2","0"
"7909102","0","22","0"
"7909660","0","2","0"
"7911017","0","6","0"
"7915012","0","1","0"
"7915057","0","3","0"
"7916205","0","28","0"
"7916220","1","6","0"
"7917217","0","1","0"
"7918293","1","25","0"
"7919293","0","3","0"
"7921378","1","0","0"
"7922545","0","1","0"
"7923169","0","0","0"
"7928864","6","24","0"
"7930361","2","3","0"
"7930619","0","8","0"
"7932859","0","22","0"
"7934282","0","25","0"
"7935435","0","17","0"
"7937665","0","10","0"
"7937799","0","11","0"
"7940063","0","0","0"
"7941456","3","0","0"
"7941944","2","12","0"
"7943089","0","5","0"
"7943098","0","2","0"
"7944479","0","0","0"
"7947274","3","7","0"
"7947633","0","6","0"
"7948584","0","9","0"
"7951209","2","3","0"
"7951276","0","0","0"
"7951935","0","4","0"
"7952107","1","8","0"
"7952168","0","13","0"
"7952173","1","1","0"
"7952974","3","8","0"
"7953084","0","9","0"
"7954624","3","23","0"
"7954654","0","19","0"
"7955025","0","1","0"
"7955103","0","25","0"
"7956058","3","3","0"
"7956803","0","8","0"
"7956885","2","0","0"
"7960018","0","3","0"
"7960407","12","5","0"
"7962194","0","10","0"
"7964184","0","3","0"
"7965289","0","19","0"
"7968292","0","0","0"
"7969071","0","14","0"
"7971688","3","6","0"
"7972386","1","1","0"
"7974415","0","2","0"
"7975212","1","12","0"
"7976835","2","3","0"
"7976865","0","8","0"
"7979315","1","12","0"
"7981445","0","2","0"
"7983379","0","11","0"
"7987392","0","4","0"
"7988650","0","13","0"
"7990322","0","6","0"
"7990549","0","0","0"
"7991082","0","9","0"
"7991277","0","11","0"
"7991462","9","1","0"
"7991624","2","13","0"
"7992336","1","3","0"
"7992748","2","5","0"
"7992814","0","8","0"
"7993564","0","2","0"
"7994013","0","13","0"
"7994314","0","16","0"
"7996963","0","0","0"
"7997913","0","13","0"
"7998077","0","22","0"
"7999468","0","1","0"
"7999868","0","3","0"
"8002520","1","12","0"
"8003673","0","5","0"
"8004177","0","7","0"
"8004256","0","12","0"
"8004575","2","2","0"
"8005962","0","5","0"
"8006158","5","23","0"
"8008117","0","8","0"
"8009967","1","0","0"
"8010653","2","7","0"
"8010888","0","13","0"
"8012303","0","11","0"
"8012704","0","2","0"
"8020939","0","12","0"
"8021357","0","7","0"
"8021873","3","19","0"
"8023811","0","1","0"
"8026592","0","6","0"
"8026808","0","4","0"
"8027527","2","1","0"
"8027590","2","1","0"
"8029153","1","12","1"
"8030077","2","1","0"
"8031083","8","17","0"
"8031115","2","26","1"
"8031896","0","7","0"
"8034621","0","6","0"
"8035977","0","5","0"
"8036533","0","32","0"
"8037846","0","13","0"
"8038609","0","3","0"
"8040054","17","0","0"
"8040610","1","3","0"
"8044403","0","2","0"
"8046502","0","13","0"
"8047906","4","8","0"
"8052167","1","1","0"
"8055724","0","0","0"
"8058533","0","4","0"
"8059017","1","15","0"
"8059617","1","6","0"
"8060944","0","14","0"
"8061509","1","6","0"
"8063011","0","5","0"
"8065015","3","9","0"
"8065629","0","1","0"
"8066029","8","6","0"
"8068256","0","8","0"
"8070899","0","0","0"
"8074756","0","3","0"
"8075508","0","10","0"
"8076491","0","36","0"
"8076865","0","2","0"
"8078776","0","1","0"
"8082559","0","8","0"
"8082880","1","7","0"
"8083545","4","6","0"
"8087760","0","13","0"
"8088550","0","12","0"
"8090983","0","0","0"
"8091444","4","7","1"
"8093683","3","9","0"
"8093702","1","5","0"
"8094185","4","8","0"
"8097791","2","10","0"
"8098126","4","6","0"
"8098419","0","3","0"
"8098646","5","13","0"
"8099404","0","0","0"
"8099601","5","95","0"
"8099689","7","10","0"
"8101084","2","42","0"
"8102354","0","1","0"
"8105514","0","4","0"
"8107719","0","30","0"
"8108732","0","3","0"
"8108991","1","2","0"
"8109088","1","2","0"
"8109320","3","8","0"
"8109482","0","0","0"
"8110288","0","4","0"
"8110306","0","0","0"
"8110324","0","2","0"
"8111346","4","2","0"
"8111380","0","2","0"
"8112831","0","1","0"
"8112883","1","7","0"
"8114986","0","1","0"
"8115627","0","8","0"
"8119333","7","22","0"
"8119664","2","7","2"
"8120499","0","2","0"
"8121935","9","6","0"
"8123767","1","1","0"
"8124631","3","0","0"
"8124870","0","8","0"
"8124983","1","7","0"
"8125850","0","0","0"
"8129786","1","8","0"
"8131796","0","4","0"
"8131903","0","6","0"
"8133129","0","4","0"
"8135043","0","28","0"
"8139569","5","8","0"
"8141721","0","2","0"
"8143136","7","12","0"
"8144957","1","0","0"
"8145467","0","7","0"
"8146089","5","22","0"
"8146496","0","12","0"
"8148559","7","17","0"
"8150807","0","0","0"
"8150819","1","0","0"
"8151963","0","2","0"
"8155240","0","8","0"
"8156239","0","0","0"
"8156575","0","2","0"
"8156843","0","23","0"
"8156852","0","11","0"
"8159368","0","16","0"
"8159923","0","4","0"
"8163530","0","13","0"
"8163970","0","0","0"
"8166488","0","0","0"
"8167597","0","8","0"
"8169884","3","8","0"
"8170215","0","40","0"
"8170509","0","1","0"
"8172698","0","4","0"
"8173829","5","6","0"
"8175291","0","0","0"
"8176429","0","21","0"
"8179389","0","1","0"
"8180919","1","1","0"
"8181902","2","42","0"
"8181985","12","6","0"
"8182287","0","4","0"
"8182349","0","3","0"
"8182843","0","1","0"
"8182905","7","19","0"
"8183257","5","7","0"
"8183377","0","2","0"
"8183510","0","8","0"
"8184860","0","0","0"
"8185629","4","28","0"
"8186106","0","3","0"
"8186405","1","3","0"
"8186502","0","4","0"
"8187369","0","17","0"
"8190385","6","11","0"
"8191136","0","1","0"
"8191861","0","2","0"
"8192436","0","6","0"
"8192821","0","4","0"
"8194351","0","6","0"
"8195540","1","0","0"
"8197137","1","2","0"
"8197396","0","7","0"
"8197898","0","3","0"
"8198671","0","16","0"
"8199090","0","2","0"
"8199125","0","19","0"
"8200584","0","0","0"
"8207016","0","0","0"
"8207229","0","3","0"
"8208555","1","5","0"
"8210249","2","9","1"
"8211449","0","6","0"
"8211849","2","7","0"
"8212847","0","2","2"
"8214832","2","7","0"
"8216764","1","4","0"
"8216962","0","2","0"
"8222441","0","37","0"
"8224229","0","0","0"
"8226426","0","11","0"
"8226953","0","26","0"
"8227047","0","1","0"
"8227062","0","4","0"
"8229154","1","12","0"
"8230968","1","0","0"
"8233644","0","12","0"
"8237388","0","1","0"
"8237851","0","3","0"
"8241992","0","7","0"
"8242206","0","12","0"
"8243479","0","10","0"
"8243535","3","5","0"
"8243999","1","3","0"
"8244253","2","34","7"
"8244520","0","1","0"
"8246112","0","48","0"
"8248123","0","0","0"
"8248569","0","29","0"
"8251780","0","3","0"
"8253322","0","11","0"
"8254251","1","10","0"
"8255027","15","2","0"
"8255981","6","6","0"
"8257277","5","3","1"
"8257876","0","21","0"
"8257973","5","15","1"
"8258801","0","0","0"
"8259145","0","8","0"
"8259623","0","3","0"
"8260352","22","5","0"
"8261105","0","2","0"
"8262293","0","9","0"
"8262986","1","2","0"
"8263882","1","29","0"
"8264865","0","2","0"
"8265548","0","6","0"
"8265685","1","12","0"
"8266321","0","3","0"
"8266370","0","31","0"
"8267515","2","17","0"
"8268081","0","0","0"
"8269501","2","1","0"
"8271628","2","15","0"
"8272035","6","8","1"
"8273992","8","1","0"
"8274672","7","17","0"
"8274705","0","0","0"
"8274730","0","3","0"
"8276406","0","7","0"
"8277693","0","3","0"
"8279065","2","11","0"
"8279376","0","0","0"
"8279521","0","0","0"
"8281364","13","0","0"
"8283123","0","4","0"
"8283135","0","7","0"
"8283139","0","13","0"
"8283389","0","19","0"
"8283557","1","22","0"
"8284309","84","83","0"
"8287478","0","0","0"
"8288187","0","1","0"
"8289026","1","0","0"
"8289498","0","6","0"
"8289977","3","2","2"
"8291038","0","10","0"
"8293701","0","11","0"
"8293793","2","2","0"
"8295803","0","5","0"
"8295933","7","0","0"
"8298834","7","14","0"
"8304686","0","0","0"
"8304719","0","23","0"
"8307195","0","0","0"
"8307260","0","24","0"
"8307947","0","4","0"
"8308617","0","27","0"
"8308739","0","0","0"
"8309797","1","12","0"
"8312809","2","7","0"
"8312874","1","0","0"
"8315451","6","38","0"
"8317237","0","21","0"
"8317291","1","10","0"
"8319730","0","5","0"
"8319806","0","11","0"
"8322061","0","3","0"
"8322473","0","4","0"
"8322996","5","8","1"
"8323534","0","15","0"
"8323811","1","0","0"
"8324135","5","2","0"
"8325428","9","11","0"
"8327421","0","14","0"
"8328176","0","31","0"
"8328361","2","3","0"
"8328420","0","5","0"
"8328637","2","19","0"
"8328981","0","0","0"
"8331896","0","0","0"
"8332452","0","0","1"
"8336150","50","37","0"
"8336556","0","8","0"
"8341848","0","2","0"
"8343398","0","2","0"
"8343401","0","1","0"
"8344855","0","0","0"
"8345745","0","0","0"
"8345966","1","9","0"
"8348695","0","0","0"
"8349769","9","2","11"
"8350191","0","31","0"
"8350820","5","6","0"
"8351061","10","18","0"
"8352815","0","4","0"
"8352886","1","6","0"
"8352966","0","14","0"
"8352968","1","17","0"
"8353524","0","2","0"
"8353912","2","5","0"
"8354763","9","7","0"
"8355651","0","4","0"
"8355722","0","6","0"
"8355969","0","46","0"
"8356465","0","8","0"
"8360320","0","19","0"
"8360353","0","5","0"
"8362506","1","6","0"
"8362690","1","0","0"
"8363343","1","7","0"
"8363345","0","4","0"
"8364871","0","26","1"
"8366031","0","2","0"
"8367182","0","2","0"
"8367537","1","6","0"
"8369107","0","0","0"
"8369196","0","8","0"
"8369880","3","7","0"
"8371287","3","9","0"
"8376243","0","0","0"
"8377958","0","16","0"
"8380309","0","4","0"
"8380724","18","12","0"
"8381027","0","3","0"
"8381281","2","1","0"
"8382650","4","7","0"
"8383688","0","3","0"
"8384358","0","5","0"
"8385001","6","19","0"
"8386024","0","25","0"
"8386848","0","3","1"
"8388379","0","0","0"
"8389110","0","6","0"
"8389728","0","4","0"
"8390588","0","4","0"
"8393527","0","3","0"
"8393722","4","4","0"
"8394090","0","0","0"
"8395595","15","23","0"
"8395964","62","15","9"
"8396541","1","17","0"
"8396690","3","1","0"
"8397651","0","7","0"
"8398523","0","5","0"
"8399428","3","5","0"
"8400339","0","2","0"
"8400936","2","3","0"
"8400971","0","1","0"
"8401058","3","1","0"
"8403362","0","0","0"
"8403814","0","4","0"
"8404293","0","0","0"
"8406924","2","3","0"
"8407174","0","1","0"
"8407296","4","55","0"
"8407665","0","3","0"
"8408613","0","0","0"
"8410308","0","4","0"
"8413306","6","2","0"
"8414166","0","2","0"
"8415083","1","8","0"
"8415533","0","14","0"
"8417406","3","0","0"
"8418828","0","0","0"
"8419500","2","3","0"
"8422197","11","79","0"
"8422502","0","1","0"
"8422651","0","12","0"
"8423250","0","21","0"
"8425630","0","2","0"
"8427244","0","8","0"
"8428614","0","1","0"
"8432285","2","54","0"
"8433882","0","1","0"
"8434873","0","0","0"
"8435349","0","1","0"
"8438402","0","0","3"
"8438478","0","0","0"
"8442130","0","9","0"
"8446581","2","10","0"
"8446726","3","2","0"
"8450800","0","2","0"
"8450888","13","2","5"
"8451214","0","24","0"
"8453822","2","31","0"
"8455487","0","3","0"
"8457745","0","3","0"
"8457815","0","9","0"
"8458946","0","1","0"
"8459014","5","0","0"
"8459143","0","0","0"
"8460837","0","2","0"
"8461337","5","5","0"
"8462435","0","1","0"
"8462928","0","4","0"
"8463446","0","3","0"
"8464131","1","2","0"
"8464638","0","3","0"
"8471947","2","16","0"
"8474648","2","9","0"
"8475010","1","7","0"
"8476182","0","0","0"
"8476454","1","6","0"
"8478220","1","8","0"
"8479623","3","3","0"
"8480538","5","1","1"
"8480863","0","23","0"
"8482364","0","3","0"
"8482390","5","29","0"
"8482407","0","10","0"
"8483415","3","0","0"
"8483417","0","8","0"
"8487732","4","1","0"
"8490533","1","3","0"
"8492132","0","6","0"
"8495832","0","6","0"
"8497191","11","1","1"
"8498979","0","6","0"
"8499002","0","1","0"
"8500363","0","4","0"
"8501965","0","11","0"
"8502030","0","2","0"
"8503991","0","1","0"
"8507777","1","4","0"
"8508811","23","13","0"
"8509638","0","8","0"
"8509705","0","1","0"
"8509728","0","27","0"
"8510684","4","3","0"
"8511318","0","4","0"
"8511385","0","3","0"
"8513084","0","4","0"
"8514862","0","11","0"
"8514864","6","3","0"
"8514911","0","5","0"
"8522313","0","1","0"
"8524272","0","10","0"
"8524453","9","69","0"
"8524713","2","19","0"
"8526660","0","1","0"
"8528756","0","3","0"
"8528771","0","2","0"
"8530166","0","16","0"
"8530187","0","1","0"
"8536083","0","0","0"
"8539385","13","11","3"
"8543448","0","10","0"
"8543948","2","8","0"
"8547751","0","8","0"
"8548836","0","1","0"
"8549399","1","17","0"
"8549494","0","2","0"
"8552077","0","10","0"
"8552550","1","22","0"
"8553955","3","4","2"
"8553971","1","2","0"
"8554943","3","11","0"
"8556435","0","2","0"
"8557336","0","13","0"
"8557584","0","3","0"
"8557632","2","9","0"
"8559424","0","2","0"
"8561462","0","0","0"
"8562130","0","11","0"
"8563586","10","0","0"
"8565639","1","4","0"
"8566159","0","27","0"
"8568873","3","2","0"
"8572906","0","1","0"
"8576801","7","11","0"
"8580174","0","11","0"
"8580855","0","18","0"
"8581009","27","2","0"
"8582339","0","11","0"
"8583450","3","22","0"
"8583761","0","9","0"
"8585350","0","0","0"
"8586670","1","6","0"
"8588952","0","13","1"
"8591612","1","3","0"
"8593855","0","2","0"
"8595540","0","0","0"
"8596153","0","8","0"
"8601624","0","2","0"
"8606213","2","2","0"
"8608854","1","2","0"
"8609153","0","12","0"
"8609461","10","19","1"
"8610598","0","16","0"
"8613355","0","13","0"
"8614398","7","1","0"
"8616625","0","5","0"
"8620211","0","2","0"
"8622223","0","2","0"
"8626118","0","8","0"
"8627756","4","13","0"
"8628778","0","0","0"
"8630989","0","0","0"
"8632023","2","1","0"
"8632124","1","2","0"
"8632138","0","1","0"
"8632196","0","3","0"
"8632938","0","4","0"
"8633028","0","1","0"
"8634711","0","2","0"
"8635613","0","31","0"
"8638278","0","14","0"
"8639079","0","0","0"
"8639606","0","9","0"
"8640567","0","0","0"
"8641922","0","0","1"
"8643967","0","5","0"
"8645145","5","8","0"
"8645224","0","4","0"
"8645742","0","0","0"
"8647084","0","7","0"
"8647388","5","17","0"
"8648089","0","3","0"
"8652329","0","4","0"
"8655058","0","3","0"
"8655875","2","5","0"
"8656239","0","5","0"
"8656931","0","2","0"
"8657183","3","4","0"
"8657535","0","5","0"
"8658561","1","10","0"
"8660829","0","3","0"
"8661224","0","13","0"
"8662049","1","51","0"
"8663075","0","9","0"
"8663959","4","21","0"
"8664354","0","5","0"
"8664379","4","6","0"
"8664557","0","3","0"
"8666584","2","1","0"
"8668579","0","1","0"
"8670531","0","3","0"
"8671041","1","1","0"
"8674275","1","62","0"
"8674331","0","2","0"
"8674676","0","3","0"
"8675369","1","9","0"
"8677751","0","0","0"
"8678077","8","7","0"
"8678711","0","1","0"
"8682350","0","5","0"
"8684750","5","11","1"
"8685085","0","2","0"
"8686969","0","9","0"
"8687312","0","4","0"
"8688002","2","7","0"
"8688505","0","0","0"
"8688770","0","2","0"
"8689914","4","32","0"
"8690381","0","2","0"
"8690897","0","0","0"
"8693259","1","5","0"
"8697639","0","4","0"
"8698062","1","30","0"
"8701419","1","7","0"
"8702157","0","5","0"
"8702238","5","13","0"
"8704603","0","10","0"
"8704774","0","5","0"
"8705305","6","24","2"
"8705343","0","44","0"
"8705718","0","5","0"
"8706673","0","6","0"
"8706905","1","3","0"
"8707279","1","4","0"
"8712753","1","0","0"
"8714688","3","4","0"
"8715460","0","9","0"
"8715474","6","8","0"
"8716193","0","0","0"
"8716572","0","8","0"
"8717957","1","1","0"
"8718230","1","12","0"
"8719203","0","3","0"
"8720779","0","12","0"
"8722372","1","6","0"
"8722948","4","16","0"
"8724386","2","20","0"
"8724629","0","1","0"
"8725260","0","6","0"
"8726080","0","3","0"
"8726139","0","11","0"
"8730259","0","29","0"
"8731154","9","9","0"
"8731383","0","6","0"
"8733022","2","22","0"
"8733843","6","10","0"
"8734934","0","25","0"
"8738098","3","1","0"
"8738512","1","17","0"
"8738644","0","5","0"
"8739618","0","2","0"
"8740314","0","2","0"
"8740854","5","13","0"
"8741331","0","5","0"
"8741467","1","5","0"
"8742383","4","12","0"
"8743951","0","7","0"
"8745413","0","6","0"
"8747052","2","12","0"
"8747223","1","8","0"
"8748615","0","0","0"
"8749124","5","4","0"
"8750398","0","13","0"
"8750482","0","3","0"
"8750689","0","12","0"
"8753743","0","8","0"
"8753818","0","4","0"
"8757178","0","2","0"
"8757706","0","1","0"
"8757780","3","12","0"
"8759728","0","1","0"
"8760866","0","12","0"
"8761111","0","14","0"
"8761575","0","0","0"
"8761920","6","22","0"
"8763044","0","33","0"
"8763546","0","10","0"
"8763644","1","51","0"
"8764126","0","9","0"
"8767516","12","31","0"
"8768147","1","7","0"
"8769692","0","3","0"
"8773272","0","19","0"
"8773659","0","9","0"
"8775722","1","18","0"
"8776661","14","22","0"
"8776781","1","14","0"
"8777941","1","14","0"
"8778131","2","6","0"
"8779485","0","3","0"
"8786579","0","12","0"
"8788804","4","4","0"
"8789080","3","10","0"
"8789161","0","2","0"
"8789415","0","11","0"
"8789697","0","2","0"
"8790468","2","3","0"
"8792473","2","3","0"
"8793437","3","4","0"
"8793968","2","4","0"
"8794042","0","4","0"
"8794602","4","0","0"
"8796900","0","0","0"
"8796956","1","16","0"
"8796967","1","4","0"
"8797251","3","3","0"
"8797413","0","47","0"
"8797437","0","0","0"
"8797647","1","15","0"
"8799005","0","3","0"
"8800495","2","8","0"
"8802249","0","11","0"
"8802951","0","1","0"
"8805781","0","1","0"
"8805898","0","1","0"
"8806188","0","9","0"
"8808725","0","4","0"
"8809832","0","0","0"
"8811010","0","2","0"
"8811037","1","2","0"
"8811698","1","11","2"
"8811997","0","57","0"
"8813362","0","0","0"
"8814924","15","15","0"
"8818110","3","10","0"
"8818996","0","1","0"
"8819583","0","4","0"
"8819995","0","0","0"
"8822860","1","0","0"
"8823001","1","9","0"
"8824639","0","8","0"
"8825081","0","0","0"
"8825236","3","40","0"
"8826351","0","2","0"
"8827325","0","1","0"
"8828235","0","8","0"
"8828460","0","2","0"
"8829403","0","2","0"
"8829505","0","4","0"
"8830384","0","0","0"
"8832586","0","0","0"
"8832723","0","3","0"
"8833573","0","15","0"
"8834550","0","6","0"
"8836572","2","77","0"
"8837089","1","2","0"
"8837421","0","5","0"
"8837876","0","3","0"
"8838032","2","6","0"
"8838309","0","10","0"
"8838570","0","1","0"
"8839718","9","3","2"
"8841562","0","8","0"
"8841727","0","13","0"
"8841781","0","6","0"
"8843222","2","51","0"
"8843615","2","7","0"
"8844742","0","11","0"
"8845116","5","3","0"
"8845135","0","4","0"
"8846981","0","1","0"
"8847568","5","14","0"
"8849892","1","14","0"
"8851774","0","5","0"
"8851921","0","13","0"
"8852722","0","0","0"
"8853677","0","0","0"
"8854904","15","9","0"
"8855687","0","23","0"
"8856372","0","0","0"
"8856800","0","7","0"
"8861814","0","6","0"
"8863088","24","22","0"
"8863398","0","42","0"
"8863578","2","16","0"
"8864348","2","1","0"
"8866086","0","28","0"
"8866892","0","2","0"
"8869670","1","1","0"
"8870249","1","6","0"
"8875292","0","1","0"
"8876503","0","1","0"
"8876886","5","4","0"
"8877692","13","21","1"
"8878160","0","12","0"
"8879652","0","0","0"
"8879832","0","4","0"
"8880364","0","24","0"
"8880864","0","7","0"
"8883432","1","0","0"
"8884530","0","2","0"
"8887170","0","2","0"
"8888081","1","6","0"
"8888720","1","0","0"
"8890268","0","3","0"
"8890519","0","17","0"
"8890973","0","4","0"
"8892510","2","6","0"
"8893054","0","1","0"
"8893167","2","3","0"
"8893685","2","3","0"
"8894315","0","4","0"
"8895697","1","1","0"
"8898760","0","8","0"
"8898903","0","17","0"
"8899169","0","5","0"
"8899670","0","5","0"
"8900247","0","11","0"
"8900764","0","13","0"
"8903515","0","17","0"
"8904397","1","8","0"
"8907272","0","11","0"
"8907391","0","20","0"
"8909313","8","3","0"
"8910532","13","9","2"
"8910589","2","20","0"
"8911561","0","7","0"
"8913066","0","5","0"
"8913302","13","19","0"
"8913631","11","5","0"
"8913730","0","1","0"
"8914666","0","50","0"
"8915991","1","3","0"
"8919085","0","4","0"
"8921424","0","4","0"
"8921643","2","0","0"
"8923757","2","0","0"
"8923778","0","2","0"
"8923995","0","10","0"
"8925301","2","0","0"
"8925765","0","13","0"
"8925990","0","5","0"
"8927462","0","2","0"
"8928957","0","2","0"
"8929253","1","14","0"
"8929800","0","9","0"
"8930881","1","1","0"
"8931365","0","3","0"
"8931899","2","6","0"
"8932711","0","15","0"
"8933024","0","4","0"
"8933465","0","3","0"
"8933594","0","0","0"
"8934627","0","30","0"
"8935239","0","19","0"
"8936579","0","6","0"
"8941069","0","3","0"
"8941283","0","2","0"
"8945451","7","2","0"
"8947995","0","4","0"
"8949365","0","25","0"
"8951449","0","25","0"
"8951584","0","6","0"
"8952947","5","13","0"
"8953545","0","6","0"
"8953667","0","2","0"
"8954387","2","0","0"
"8954617","0","0","0"
"8956100","0","15","0"
"8956715","0","3","0"
"8956917","1","20","0"
"8958437","0","2","0"
"8958984","0","1","0"
"8960052","0","2","0"
"8960497","1","21","1"
"8962542","1","4","0"
"8962630","3","24","0"
"8962990","21","9","1"
"8963357","0","1","0"
"8964467","0","2","0"
"8967933","6","43","0"
"8968081","0","0","0"
"8968121","2","16","0"
"8968815","0","2","0"
"8969596","0","4","0"
"8971065","0","36","0"
"8971539","3","6","0"
"8972064","3","43","0"
"8972132","3","19","0"
"8972703","0","0","0"
"8973254","0","6","0"
"8978228","0","5","0"
"8985718","10","7","0"
"8985904","0","10","0"
"8987357","0","9","0"
"8990114","3","9","0"
"8991134","12","10","0"
"8992916","0","17","0"
"8995268","4","11","0"
"8995855","0","0","0"
"8995913","0","1","0"
"8996116","0","22","0"
"8997268","0","38","0"
"8998128","3","27","0"
"9000333","0","33","0"
"9002661","0","3","0"
"9002679","1","9","0"
"9003926","1","3","0"
"9006370","0","1","0"
"9007876","0","0","0"
"9008300","8","6","0"
"9009394","2","47","0"
"9012478","0","0","0"
"9012523","0","5","0"
"9014113","0","25","0"
"9014550","2","11","0"
"9014836","4","17","0"
"9014870","0","1","0"
"9014882","1","42","0"
"9014930","1","5","0"
"9015973","4","13","0"
"9016343","0","0","0"
"9017738","2","4","0"
"9018164","0","31","0"
"9019036","0","2","0"
"9019970","0","1","0"
"9021581","0","2","0"
"9023390","0","4","0"
"9023583","0","6","0"
"9025143","1","6","0"
"9025202","0","11","0"
"9025377","1","8","0"
"9027613","0","6","0"
"9032872","1","0","0"
"9034438","3","11","0"
"9039188","6","3","0"
"9039919","0","52","0"
"9041692","1","1","0"
"9042600","0","6","0"
"9043877","5","10","0"
"9046930","0","5","0"
"9048686","6","8","0"
"9049673","11","13","0"
"9053350","2","6","0"
"9055494","6","0","0"
"9058344","0","9","0"
"9058809","0","12","0"
"9061085","3","18","0"
"9064218","6","13","0"
"9064287","9","10","0"
"9064585","0","1","0"
"9065115","0","1","0"
"9065478","2","3","0"
"9068029","3","2","0"
"9068345","1","0","0"
"9068531","0","2","0"
"9070282","0","7","0"
"9071773","0","2","0"
"9071910","0","3","0"
"9074198","0","4","0"
"9074344","0","9","0"
"9074591","2","1","0"
"9076558","0","6","1"
"9076954","0","3","0"
"9077192","0","2","0"
"9077433","1","4","0"
"9077508","2","4","0"
"9078149","0","0","0"
"9079326","1","7","0"
"9079787","0","4","0"
"9080237","16","25","2"
"9080313","10","7","0"
"9080527","1","12","0"
"9080974","12","15","0"
"9081034","9","3","1"
"9083094","2","13","0"
"9083221","11","20","0"
"9087376","0","9","0"
"9088682","0","3","0"
"9089919","4","4","0"
"9090263","0","3","0"
"9090414","0","1","0"
"9090511","0","2","0"
"9090571","0","37","0"
"9091590","0","11","0"
"9093547","0","0","0"
"9095818","4","22","0"
"9098934","0","5","0"
"9100451","0","3","0"
"9101120","0","8","0"
"9103193","0","1","0"
"9103424","0","0","0"
"9104286","5","60","0"
"9104647","1","1","0"
"9104742","0","0","0"
"9105937","0","19","0"
"9106124","0","15","0"
"9106232","3","32","0"
"9107759","0","33","0"
"9107842","3","0","0"
"9108284","1","12","0"
"9109079","2","9","0"
"9109095","6","24","3"
"9109582","0","0","0"
"9109799","12","18","0"
"9113122","3","10","0"
"9113767","1","8","0"
"9113772","0","25","0"
"9114517","0","12","0"
"9115712","2","26","3"
"9115820","0","13","0"
"9116267","0","27","0"
"9116668","0","12","0"
"9118327","0","10","0"
"9123725","0","11","0"
"9125241","0","22","1"
"9125659","0","4","0"
"9127110","5","8","0"
"9127912","0","7","0"
"9132765","0","1","0"
"9133299","14","22","0"
"9133996","8","7","1"
"9134504","0","4","0"
"9134795","6","2","0"
"9134934","0","5","0"
"9135930","0","4","0"
"9136481","1","3","0"
"9137528","0","5","0"
"9138249","0","7","0"
"9138382","3","12","0"
"9138914","3","8","0"
"9139221","2","2","0"
"9140044","0","7","0"
"9140515","0","1","0"
"9140970","6","11","0"
"9141046","0","3","0"
"9142870","7","6","0"
"9142932","0","6","0"
"9143242","1","2","0"
"9143981","1","0","0"
"9144069","0","0","0"
"9144424","0","10","0"
"9145167","0","0","0"
"9146601","2","13","0"
"9146667","0","6","0"
"9146682","6","12","0"
"9146825","7","13","0"
"9147880","6","23","0"
"9148140","0","4","0"
"9148371","2","6","0"
"9149569","0","0","0"
"9149816","0","15","0"
"9149884","2","9","0"
"9150780","2","7","0"
"9151057","0","3","0"
"9151842","0","1","0"
"9152236","0","1","0"
"9153877","0","4","0"
"9154373","4","8","1"
"9157239","1","13","0"
"9157450","0","0","0"
"9159407","10","12","0"
"9160124","3","1","0"
"9160487","0","3","0"
"9160673","0","12","0"
"9161297","0","6","0"
"9161865","0","3","0"
"9162901","1","51","0"
"9164352","0","13","0"
"9164910","0","1","0"
"9166529","0","1","0"
"9166763","2","12","0"
"9167174","12","14","0"
"9168171","0","6","0"
"9168388","2","2","0"
"9168446","1","18","0"
"9168533","3","7","0"
"9169461","0","0","0"
"9171521","0","8","0"
"9172659","0","0","0"
"9174372","13","9","0"
"9174447","0","0","0"
"9175075","0","7","0"
"9177178","1","5","0"
"9177940","5","20","0"
"9177952","0","8","0"
"9178956","0","4","0"
"9179875","14","5","5"
"9181037","0","7","0"
"9181468","2","10","0"
"9182765","0","5","0"
"9183325","0","13","0"
"9183729","2","2","0"
"9184319","0","8","0"
"9184801","0","13","0"
"9186002","0","11","0"
"9187705","1","0","0"
"9190107","2","14","0"
"9190640","0","10","0"
"9192672","1","12","0"
"9194671","0","7","0"
"9196006","0","1","0"
"9198690","3","14","0"
"9200438","0","1","0"
"9202450","8","0","0"
"9204340","0","1","0"
"9204500","1","13","0"
"9206100","1","12","0"
"9206986","0","5","0"
"9207341","0","4","0"
"9207735","0","0","0"
"9208354","11","22","0"
"9208673","13","16","0"
"9209802","0","3","0"
"9211399","4","4","0"
"9211776","0","1","0"
"9212246","0","4","0"
"9212995","2","22","0"
"9214924","0","4","0"
"9218755","4","22","1"
"9219237","0","1","0"
"9219402","1","1","0"
"9220352","0","0","0"
"9221609","7","11","0"
"9222482","1","4","0"
"9222942","1","21","1"
"9224380","1","1","0"
"9225524","2","32","0"
"9226276","2","6","0"
"9226304","0","10","0"
"9228207","2","3","0"
"9229116","0","8","0"
"9229280","7","5","0"
"9229389","0","3","0"
"9230734","0","9","0"
"9230828","0","2","0"
"9232500","0","0","0"
"9236460","0","4","0"
"9236852","0","7","0"
"9236892","3","2","0"
"9238226","2","11","0"
"9239217","0","0","0"
"9239876","0","4","0"
"9239929","0","23","0"
"9241293","0","0","0"
"9242607","0","15","0"
"9242748","0","8","0"
"9243065","1","1","0"
"9244109","3","18","0"
"9244371","2","15","0"
"9246805","0","2","0"
"9248110","0","0","0"
"9248748","0","13","0"
"9250059","0","1","0"
"9252378","0","15","0"
"9252658","0","4","0"
"9252881","0","3","0"
"9254635","0","1","0"
"9254757","0","5","0"
"9254758","0","1","0"
"9256358","0","14","0"
"9257959","0","3","0"
"9258283","2","35","0"
"9258582","0","0","0"
"9259905","0","0","0"
"9261662","0","0","0"
"9263629","0","5","0"
"9263783","4","17","0"
"9264478","3","5","0"
"9264660","0","11","0"
"9265323","0","21","0"
"9265837","0","10","0"
"9265974","1","23","0"
"9266410","0","0","0"
"9266565","9","28","1"
"9266684","0","24","0"
"9269160","0","3","0"
"9271903","0","12","0"
"9273317","0","3","0"
"9274122","4","28","0"
"9274921","0","8","0"
"9275965","0","5","0"
"9276807","1","9","0"
"9279083","1","10","0"
"9279225","2","17","1"
"9279430","2","13","0"
"9279863","1","0","0"
"9280058","0","0","0"
"9280200","0","2","1"
"9281277","0","10","0"
"9282548","1","6","0"
"9282880","7","35","2"
"9283679","0","0","0"
"9287637","0","0","0"
"9287770","0","2","0"
"9288939","2","7","0"
"9289012","0","40","0"
"9289463","2","19","0"
"9289813","1","9","0"
"9289830","0","5","0"
"9291333","2","5","0"
"9291386","0","14","0"
"9292995","0","7","0"
"9293285","2","2","0"
"9294281","5","22","0"
"9295954","0","6","0"
"9297561","0","2","0"
"9298416","0","1","0"
"9299705","0","11","0"
"9300251","0","0","0"
"9300381","1","1","0"
"9301431","0","4","0"
"9303782","0","0","0"
"9306152","0","2","0"
"9306292","15","34","0"
"9307335","1","9","0"
"9307510","1","4","0"
"9308110","0","3","0"
"9310906","0","3","0"
"9311283","2","4","0"
"9312170","0","21","0"
"9314132","0","7","0"
"9316127","11","16","0"
"9316149","0","0","0"
"9318815","0","2","0"
"9323655","0","1","0"
"9324132","1","2","0"
"9325239","0","20","0"
"9326153","0","0","0"
"9326346","1","21","0"
"9327447","1","1","0"
"9327722","0","0","0"
"9327900","0","3","0"
"9328542","0","8","0"
"9329261","3","19","0"
"9332079","0","3","0"
"9334498","1","18","0"
"9335547","0","4","0"
"9339135","0","9","0"
"9341759","0","0","0"
"9343039","7","28","0"
"9343935","0","8","0"
"9344945","0","7","0"
"9345287","0","12","0"
"9345941","0","18","0"
"9347535","1","4","0"
"9348690","0","9","0"
"9349858","0","3","0"
"9351021","0","7","0"
"9352209","0","0","0"
"9352618","1","8","0"
"9352741","1","3","0"
"9354135","0","11","0"
"9354862","0","36","0"
"9354920","0","2","0"
"9356368","0","2","0"
"9357440","0","3","0"
"9358322","0","7","0"
"9360315","4","29","0"
"9368069","0","12","0"
"9369043","0","10","0"
"9370246","0","2","1"
"9370701","0","0","0"
"9370716","2","0","0"
"9371471","2","11","0"
"9372032","0","0","0"
"9374424","0","3","0"
"9375000","20","16","0"
"9375337","0","7","0"
"9375338","4","1","0"
"9375488","0","1","0"
"9379812","0","1","0"
"9380963","0","5","0"
"9381703","0","1","0"
"9383258","0","8","0"
"9384240","0","0","0"
"9386625","1","10","0"
"9387519","0","23","0"
"9388414","6","2","0"
"9390432","22","29","0"
"9391336","1","2","0"
"9391509","0","0","0"
"9392313","0","0","0"
"9393857","0","1","0"
"9394908","0","4","0"
"9395266","5","12","0"
"9397145","0","6","0"
"9397546","0","0","0"
"9399234","1","3","0"
"9400512","3","9","0"
"9401138","1","4","0"
"9401810","5","22","0"
"9402409","0","10","0"
"9402432","4","4","0"
"9403486","2","9","0"
"9404537","0","12","0"
"9405360","0","0","0"
"9405534","0","7","0"
"9406307","0","15","0"
"9407040","0","0","0"
"9407148","0","2","0"
"9407289","39","33","0"
"9408131","1","5","0"
"9408215","1","8","1"
"9408216","2","4","0"
"9409368","2","2","0"
"9409623","1","4","0"
"9410164","9","11","0"
"9411785","0","0","0"
"9414433","0","8","0"
"9415459","35","8","2"
"9416592","0","4","0"
"9418794","0","21","0"
"9420118","0","6","0"
"9420670","0","9","0"
"9420697","0","6","0"
"9421906","0","0","0"
"9422268","7","48","1"
"9422346","8","25","0"
"9422562","0","4","0"
"9422934","0","5","0"
"9423518","28","1","4"
"9424176","0","3","0"
"9431171","2","5","0"
"9433458","1","5","0"
"9434725","0","5","0"
"9434729","12","18","0"
"9435355","0","13","0"
"9435450","0","1","0"
"9437124","0","39","0"
"9437991","0","12","0"
"9438164","0","24","0"
"9438790","0","6","0"
"9439227","3","17","0"
"9439683","11","28","0"
"9440826","6","0","0"
"9441039","2","7","0"
"9443067","0","6","0"
"9443219","0","14","0"
"9444094","1","2","0"
"9444361","2","9","0"
"9445278","0","0","0"
"9446198","1","15","0"
"9448032","0","6","1"
"9448101","14","16","0"
"9448498","0","3","0"
"9448902","0","16","0"
"9450021","0","5","0"
"9450408","0","10","0"
"9451998","0","29","0"
"9452311","10","58","0"
"9453575","10","8","0"
"9454552","4","16","0"
"9455456","0","6","0"
"9458725","0","3","0"
"9460345","0","1","0"
"9461551","0","0","0"
"9461648","0","9","0"
"9464846","3","2","0"
"9466723","6","2","0"
"9467113","1","0","0"
"9468818","3","10","0"
"9470025","0","1","0"
"9470979","0","13","0"
"9471491","0","3","0"
"9472193","2","14","0"
"9472425","0","0","0"
"9472426","0","10","0"
"9473464","0","3","0"
"9473985","0","3","0"
"9476147","2","9","0"
"9476192","1","2","0"
"9476215","2","3","0"
"9476507","7","0","0"
"9477206","0","0","0"
"9477805","0","6","0"
"9480689","0","16","0"
"9481374","1","23","0"
"9481387","0","11","0"
"9481656","0","1","0"
"9483016","1","11","0"
"9483238","1","8","0"
"9483244","2","5","0"
"9483598","0","8","0"
"9484255","0","2","0"
"9484554","1","17","0"
"9487829","6","1","0"
"9488887","0","20","0"
"9489134","0","2","0"
"9489957","1","3","0"
"9491307","0","0","0"
"9492152","0","0","0"
"9493245","0","2","0"
"9493993","0","2","0"
"9494624","1","5","0"
"9494914","1","7","3"
"9497234","0","20","0"
"9498386","3","4","0"
"9498605","0","12","0"
"9499392","1","1","0"
"9502206","0","3","0"
"9502549","0","5","0"
"9502601","0","4","0"
"9505032","0","7","0"
"9505683","0","0","0"
"9506002","0","3","0"
"9506781","0","3","0"
"9510313","0","1","0"
"9511298","0","20","0"
"9511652","0","0","0"
"9513040","0","33","0"
"9514210","3","5","0"
"9514691","0","1","0"
"9514885","1","3","0"
"9514987","0","4","0"
"9515623","12","8","0"
"9516034","0","3","0"
"9517800","4","47","0"
"9518638","4","0","0"
"9519445","0","4","0"
"9519591","0","2","0"
"9520372","0","0","0"
"9520479","50","17","0"
"9521009","0","0","0"
"9521072","1","8","0"
"9521984","2","3","0"
"9522280","0","2","0"
"9522627","2","1","0"
"9525238","11","5","0"
"9528068","0","14","0"
"9528561","0","3","0"
"9530591","0","5","0"
"9530955","0","0","0"
"9533580","0","3","0"
"9534202","1","3","0"
"9535745","0","4","0"
"9535797","0","1","0"
"9536161","26","31","0"
"9536446","0","0","0"
"9536877","0","73","0"
"9537253","1","29","0"
"9537762","4","5","0"
"9537860","0","1","0"
"9540391","6","13","1"
"9540653","0","5","0"
"9540910","18","69","0"
"9541101","2","6","0"
"9543676","1","3","0"
"9545726","0","4","0"
"9546035","0","30","0"
"9547891","0","2","2"
"9548794","1","1","0"
"9552191","0","0","0"
"9552527","0","1","0"
"9555309","0","1","0"
"9555703","0","0","0"
"9555891","0","8","0"
"9556219","0","2","0"
"9557500","0","0","0"
"9558119","1","0","0"
"9559032","3","5","0"
"9559476","0","2","0"
"9559859","0","2","0"
"9560047","0","0","0"
"9560502","5","15","0"
"9560693","3","13","0"
"9560771","0","8","0"
"9560885","2","2","0"
"9560909","0","7","0"
"9561654","0","13","1"
"9563239","0","1","0"
"9566236","6","10","0"
"9566278","0","1","0"
"9567154","2","3","0"
"9567298","12","16","0"
"9567631","0","6","0"
"9572250","0","19","0"
"9573943","2","1","0"
"9574235","0","10","0"
"9574351","8","86","0"
"9575353","0","7","0"
"9576433","0","17","0"
"9576868","0","4","0"
"9577821","0","3","0"
"9578168","0","2","0"
"9578309","1","3","0"
"9578551","9","27","0"
"9578926","0","11","0"
"9580282","0","4","0"
"9581369","0","0","0"
"9582109","0","1","0"
"9582229","1","1","0"
"9582575","1","0","0"
"9583035","0","13","0"
"9583270","1","0","0"
"9585226","0","1","0"
"9585477","0","4","0"
"9585998","0","1","0"
"9586230","1","21","0"
"9586370","0","16","0"
"9587083","0","10","0"
"9587936","0","2","0"
"9588645","5","8","0"
"9590946","0","4","0"
"9590993","6","9","0"
"9593446","0","4","0"
"9593504","0","12","0"
"9594249","0","8","0"
"9594362","0","5","0"
"9594794","0","9","0"
"9595237","0","7","0"
"9596339","1","9","0"
"9597581","0","2","0"
"9598681","0","2","0"
"9598801","0","1","0"
"9600253","5","3","0"
"9601060","3","0","0"
"9601836","0","0","0"
"9602188","8","28","0"
"9604370","4","1","0"
"9604594","0","0","0"
"9606612","4","64","1"
"9606828","1","11","0"
"9608569","0","1","0"
"9609304","1","2","0"
"9609674","0","1","0"
"9610015","0","4","0"
"9610502","1","1","0"
"9610998","0","6","0"
"9611924","25","27","0"
"9612049","0","9","0"
"9612344","2","0","0"
"9612643","0","3","0"
"9612671","8","22","0"
"9612932","6","5","0"
"9615114","2","31","0"
"9615943","0","24","0"
"9616168","0","18","0"
"9617493","0","1","0"
"9618247","0","7","0"
"9618424","0","0","0"
"9618445","0","7","0"
"9619513","2","12","0"
"9620304","5","2","0"
"9620766","1","4","0"
"9621511","0","5","0"
"9621686","0","2","0"
"9622638","0","18","0"
"9622803","0","0","0"
"9623316","1","19","0"
"9624198","0","21","0"
"9625456","2","7","0"
"9625682","0","6","0"
"9626121","1","0","0"
"9630323","0","16","0"
"9630962","0","6","0"
"9631811","0","18","0"
"9632638","0","31","0"
"9635850","2","1","0"
"9636734","0","9","0"
"9638136","0","3","0"
"9640709","1","7","0"
"9643813","0","13","0"
"9647918","0","0","0"
"9648607","0","1","0"
"9654750","0","5","0"
"9655177","4","12","0"
"9656496","0","13","0"
"9657881","28","59","0"
"9659165","5","2","0"
"9659254","0","0","0"
"9659329","0","1","0"
"9660897","0","2","0"
"9662179","4","3","0"
"9663776","2","38","0"
"9664690","1","5","0"
"9665338","0","5","0"
"9666013","0","6","0"
"9666713","1","17","0"
"9669217","5","22","0"
"9669394","3","3","0"
"9671516","0","11","0"
"9672285","0","1","0"
"9672651","3","44","0"
"9674861","2","4","0"
"9675678","0","2","0"
"9677279","3","5","0"
"9679455","0","1","0"
"9680018","3","13","0"
"9680619","1","5","0"
"9681386","0","23","0"
"9681521","0","0","0"
"9681594","2","8","0"
"9681608","0","7","0"
"9681942","1","0","0"
"9682261","0","2","0"
"9682891","2","57","1"
"9683215","3","8","0"
"9683249","0","2","0"
"9684657","0","2","0"
"9686461","0","4","0"
"9688160","0","0","0"
"9688376","2","5","0"
"9688448","0","1","0"
"9690380","11","3","0"
"9690663","0","5","0"
"9691078","0","18","0"
"9691633","0","6","0"
"9691724","0","0","0"
"9691776","0","24","0"
"9692303","0","4","0"
"9694063","0","8","0"
"9696968","1","2","0"
"9697270","0","1","0"
"9697521","2","4","0"
"9698057","0","0","0"
"9698591","1","17","0"
"9699127","0","5","0"
"9699791","0","7","0"
"9700487","0","7","0"
"9701439","0","15","0"
"9702500","0","2","0"
"9709828","4","12","0"
"9711595","5","15","0"
"9713264","0","5","0"
"9714002","10","6","0"
"9716756","0","0","0"
"9716786","0","21","0"
"9719505","0","1","0"
"9719646","0","11","0"
"9720476","3","5","0"
"9720524","4","15","0"
"9721441","0","15","0"
"9721680","0","5","0"
"9725841","1","5","0"
"9725953","0","5","0"
"9727624","12","27","0"
"9727790","0","1","0"
"9728909","4","13","0"
"9729845","0","1","0"
"9731103","1","6","0"
"9732392","0","0","0"
"9733388","2","13","0"
"9736447","0","2","0"
"9737567","0","7","0"
"9737883","0","8","0"
"9739451","0","4","0"
"9741124","0","1","0"
"9743656","0","4","0"
"9746484","7","4","0"
"9746728","9","11","0"
"9748371","0","0","0"
"9749826","0","10","0"
"9750424","0","1","0"
"9751393","0","0","0"
"9752757","0","2","0"
"9756399","0","2","0"
"9757633","0","3","0"
"9757804","0","2","0"
"9758155","1","14","0"
"9758352","18","32","0"
"9758813","2","11","0"
"9761334","1","1","4"
"9762555","5","1","0"
"9763283","0","3","0"
"9764331","0","2","0"
"9766190","1","1","0"
"9768460","0","1","0"
"9770656","1","14","0"
"9770952","0","2","0"
"9772328","0","0","0"
"9773203","0","12","0"
"9774270","1","0","0"
"9774370","0","10","0"
"9774825","0","8","0"
"9775470","4","8","0"
"9775974","0","6","0"
"9778145","0","3","0"
"9779487","1","4","0"
"9779761","0","1","0"
"9780975","13","8","0"
"9781350","0","13","0"
"9781716","1","27","0"
"9783861","0","3","0"
"9784909","0","8","0"
"9786205","0","16","0"
"9789673","0","4","0"
"9789962","0","42","0"
"9790089","2","1","0"
"9791039","0","4","0"
"9794122","3","1","0"
"9795960","2","3","0"
"9797457","0","2","0"
"9797804","3","10","0"
"9797927","3","16","0"
"9798007","0","5","0"
"9799753","0","0","0"
"9799849","0","6","0"
"9804370","6","17","0"
"9805190","3","30","0"
"9807266","1","4","0"
"9808073","6","0","0"
"9808285","0","2","0"
"9808767","0","1","0"
"9808894","0","2","0"
"9812286","0","11","0"
"9813202","0","0","0"
"9813393","0","0","0"
"9813446","0","9","0"
"9814037","4","16","2"
"9816682","2","5","0"
"9817242","0","1","0"
"9817585","4","8","0"
"9817642","1","30","0"
"9821194","1","1","0"
"9821615","0","5","0"
"9822478","0","7","0"
"9822480","0","47","0"
"9822657","0","31","0"
"9823077","1","0","0"
"9824042","3","12","0"
"9824200","8","10","0"
"9825931","5","0","0"
"9826453","0","3","0"
"9826852","1","17","0"
"9832404","1","3","0"
"9833334","0","0","0"
"9833842","0","7","0"
"9834474","0","5","0"
"9835655","1","13","0"
"9836388","0","1","0"
"9838472","12","2","0"
"9840871","0","2","0"
"9842617","0","20","0"
"9844534","3","34","0"
"9844543","2","1","0"
"9846906","0","0","0"
"9847790","0","0","0"
"9847855","1","47","0"
"9848588","5","0","0"
"9850897","0","7","0"
"9851199","1","1","0"
"9851480","0","1","0"
"9851824","0","2","0"
"9852003","0","37","0"
"9853315","1","20","0"
"9853811","0","2","0"
"9854726","0","21","0"
"9854915","0","4","0"
"9855409","1","17","0"
"9855637","12","0","0"
"9856241","0","1","0"
"9857129","0","5","0"
"9858180","0","2","0"
"9858513","4","1","0"
"9860569","0","1","0"
"9861687","0","16","0"
"9863586","1","0","0"
"9863795","10","2","0"
"9864027","0","12","0"
"9865817","0","1","0"
"9869394","3","4","0"
"9869981","7","11","0"
"9872069","0","2","0"
"9875922","0","0","0"
"9877913","11","22","0"
"9877961","0","0","0"
"9879923","5","0","0"
"9880515","0","7","0"
"9881735","0","2","0"
"9882024","0","21","0"
"9882954","1","9","0"
"9884058","1","0","0"
"9885287","0","24","0"
"9887396","0","1","0"
"9889127","0","25","0"
"9890415","6","27","0"
"9891955","5","34","0"
"9892060","0","1","0"
"9892208","0","0","0"
"9893538","0","0","0"
"9893677","1","171","0"
"9894387","3","24","0"
"9896566","0","5","0"
"9900831","4","6","0"
"9902250","9","4","0"
"9902863","1","5","0"
"9903289","0","16","0"
"9903502","0","3","0"
"9904233","0","11","0"
"9905784","0","3","0"
"9907138","0","0","0"
"9907224","0","0","0"
"9907751","4","4","0"
"9908847","2","3","0"
"9909541","0","1","0"
"9910191","0","1","0"
"9910943","0","0","0"
"9911560","0","6","0"
"9913759","2","5","0"
"9916030","0","1","0"
"9916032","0","1","0"
"9917712","3","6","0"
"9920891","0","0","0"
"9921109","0","4","0"
"9921291","0","4","0"
"9921441","0","0","0"
"9921834","0","4","0"
"9922403","0","4","0"
"9922875","0","2","0"
"9925421","0","2","0"
"9926639","1","3","0"
"9928959","2","0","0"
"9930052","21","23","0"
"9931884","0","2","0"
"9932919","0","13","0"
"9935392","0","3","0"
"9936645","0","0","0"
"9938721","14","5","0"
"9940397","0","4","0"
"9940700","0","0","0"
"9940949","0","7","0"
"9941943","0","2","0"
"9942927","2","14","3"
"9943028","1","2","0"
"9943248","1","1","0"
"9948491","0","2","0"
"9949539","1","4","0"
"9951377","0","8","0"
"9951679","0","7","0"
"9954460","0","0","0"
"9954654","0","2","0"
"9957594","6","21","0"
"9957897","0","4","0"
"9960182","0","15","0"
"9961559","0","5","0"
"9961918","1","2","0"
"9962326","0","6","0"
"9962918","1","24","0"
"9963757","29","28","0"
"9964169","0","3","0"
"9964778","1","3","0"
"9965384","0","20","0"
"9966043","0","5","0"
"9967266","0","5","0"
"9967318","0","2","0"
"9967780","3","12","0"
"9969425","1","11","0"
"9969906","13","68","0"
"9971474","0","3","0"
"9972262","0","1","0"
"9975452","7","11","0"
"9976020","0","1","0"
"9976474","1","3","0"
"9976764","1","0","0"
"9976772","1","2","0"
"9977242","24","0","0"
"9979337","1","9","0"
"9979473","3","4","0"
"9981147","69","7","0"
"9981565","0","0","0"
"9982411","0","1","0"
"9984878","0","11","0"
"9985883","0","15","0"
"9986544","0","1","0"
"9986654","0","32","0"
"9987655","0","7","0"
"9988061","0","6","0"
"9991395","3","6","0"
"9996911","4","26","0"
"9998733","0","3","0"
"9999674","0","77","0"
"10000051","0","3","0"
"10003927","0","10","0"
"10004574","2","7","0"
"10007785","0","0","0"
"10008247","0","32","0"
"10010173","8","19","0"
"10011122","0","14","0"
"10011142","0","0","0"
"10011738","13","3","0"
"10012446","3","17","0"
"10013076","0","8","0"
"10013699","2","9","0"
"10014106","0","14","0"
"10014370","0","4","0"
"10014665","2","4","0"
"10015528","1","7","0"
"10016196","0","5","0"
"10016526","2","80","0"
"10016783","1","7","0"
"10017656","0","18","0"
"10020745","1","1","0"
"10022379","0","4","0"
"10022794","1","10","0"
"10024171","0","3","0"
"10024807","0","2","0"
"10025127","0","4","0"
"10026471","0","15","0"
"10027511","0","3","0"
"10027717","0","1","0"
"10027923","1","0","0"
"10029195","0","0","0"
"10030240","0","3","0"
"10031128","0","20","0"
"10031834","0","11","0"
"10032850","2","2","0"
"10033855","2","8","0"
"10034039","0","2","0"
"10034094","0","28","0"
"10035529","26","12","0"
"10036042","0","1","0"
"10036098","0","16","0"
"10036355","0","13","0"
"10036727","0","5","0"
"10038206","8","10","0"
"10038617","0","8","0"
"10038676","0","14","0"
"10039469","0","9","0"
"10039517","2","8","0"
"10042055","2","2","0"
"10042529","0","4","0"
"10042809","0","11","0"
"10043200","1","3","0"
"10047130","0","3","0"
"10048729","0","13","0"
"10049938","0","6","0"
"10050176","2","2","0"
"10053166","5","5","0"
"10053179","0","18","0"
"10054965","8","6","1"
"10056232","0","5","0"
"10056554","0","11","0"
"10057094","0","5","0"
"10059227","0","7","0"
"10060901","0","3","0"
"10061651","2","5","0"
"10062497","0","0","0"
"10062979","0","1","0"
"10063334","1","2","0"
"10063463","1","1","0"
"10065924","0","17","0"
"10066883","0","1","0"
"10067393","0","8","0"
"10067898","1","11","0"
"10069462","0","5","0"
"10069655","0","4","0"
"10069929","0","0","0"
"10071237","3","16","1"
"10071259","0","0","0"
"10071418","0","0","0"
"10072229","0","13","0"
"10072412","1","3","0"
"10073261","0","0","0"
"10074771","2","30","0"
"10078246","0","3","0"
"10079171","0","1","0"
"10080155","0","6","0"
"10083790","0","1","0"
"10084605","1","30","0"
"10084733","0","0","0"
"10086962","3","1","0"
"10087707","0","4","0"
"10091415","0","11","0"
"10092638","0","4","0"
"10094324","0","7","0"
"10094346","2","4","0"
"10094446","36","15","0"
"10094778","1","5","0"
"10095079","0","8","0"
"10097879","1","4","0"
"10098655","2","17","0"
"10098862","0","0","0"
"10099093","6","33","0"
"10099578","3","18","0"
"10099616","0","2","0"
"10099743","0","0","0"
"10100323","0","5","0"
"10100812","0","35","0"
"10102327","0","6","0"
"10106117","0","1","0"
"10106780","0","4","0"
"10107667","0","0","0"
"10108729","0","3","0"
"10111454","2","1","0"
"10112660","0","10","0"
"10114502","1","1","0"
"10114737","1","4","0"
"10115198","0","12","0"
"10115678","0","29","0"
"10116196","0","1","0"
"10116321","0","7","0"
"10117223","0","11","0"
"10117515","1","21","0"
"10117759","4","2","1"
"10117989","0","1","0"
"10118020","0","1","0"
"10118901","2","9","0"
"10118965","323","80","11"
"10119045","1","1","0"
"10121382","0","2","0"
"10121632","0","0","0"
"10121864","0","4","0"
"10122048","9","15","0"
"10122160","3","9","0"
"10122801","3","34","0"
"10123070","0","4","0"
"10123324","0","15","0"
"10124662","0","2","0"
"10125892","0","5","0"
"10126763","0","1","0"
"10127204","0","29","0"
"10128425","0","5","0"
"10133535","1","6","0"
"10134422","10","34","0"
"10137046","3","12","0"
"10137796","0","10","0"
"10139522","0","1","0"
"10139898","0","5","0"
"10139955","1","1","0"
"10142377","2","1","0"
"10142632","0","1","0"
"10143045","0","4","0"
"10143515","0","6","0"
"10143599","0","14","0"
"10144242","0","4","0"
"10144421","0","0","0"
"10144490","0","18","0"
"10145117","0","4","0"
"10145398","0","1","0"
"10146197","0","0","0"
"10147096","0","1","0"
"10147786","3","15","0"
"10148219","2","2","0"
"10149222","0","3","0"
"10151754","0","5","0"
"10154230","0","6","0"
"10154279","21","7","0"
"10154567","0","6","0"
"10154761","0","1","0"
"10155119","0","10","0"
"10157184","4","52","0"
"10159406","0","7","0"
"10161002","0","1","0"
"10161337","0","14","0"
"10163723","0","14","0"
"10164385","3","3","0"
"10164430","0","5","0"
"10164508","0","0","0"
"10164586","4","19","0"
"10166119","0","0","0"
"10167530","0","2","0"
"10167711","0","28","0"
"10169277","8","18","0"
"10170295","5","6","1"
"10172044","3","1","0"
"10172433","1","5","0"
"10174306","0","9","0"
"10174685","0","2","0"
"10175067","0","0","0"
"10175548","1","27","0"
"10178933","43","22","2"
"10179585","0","0","0"
"10180322","0","0","0"
"10180766","0","8","0"
"10180875","0","8","0"
"10181015","0","3","0"
"10182273","5","2","0"
"10182935","3","11","0"
"10185005","0","0","0"
"10186010","0","5","0"
"10187433","0","1","0"
"10189757","0","3","0"
"10190802","0","33","0"
"10192011","0","3","0"
"10192284","1","4","0"
"10197591","1","1","0"
"10197791","0","18","0"
"10199326","0","20","0"
"10200578","7","22","0"
"10201516","0","0","0"
"10202281","0","10","0"
"10202308","3","12","0"
"10204669","5","10","0"
"10204963","0","1","0"
"10209257","0","3","0"
"10209591","1","3","0"
"10210372","0","0","0"
"10210934","0","2","0"
"10211073","0","3","0"
"10212116","1","3","0"
"10213354","2","0","0"
"10213809","0","2","0"
"10213913","0","7","0"
"10214269","1","2","0"
"10214429","0","7","0"
"10214945","0","0","0"
"10215506","3","4","0"
"10215533","0","4","0"
"10215873","0","22","0"
"10215965","1","0","0"
"10216045","0","11","0"
"10216135","0","0","0"
"10216843","0","22","0"
"10217310","0","3","0"
"10217706","0","11","0"
"10217940","0","9","0"
"10219851","0","4","0"
"10220474","0","30","0"
"10221983","0","1","0"
"10222415","0","2","0"
"10224040","0","23","0"
"10224438","7","7","0"
"10225154","0","3","0"
"10225877","0","0","0"
"10225966","1","0","0"
"10226056","1","5","0"
"10226930","0","1","0"
"10227856","0","3","0"
"10228316","0","4","0"
"10229646","0","2","0"
"10229936","0","18","0"
"10230473","0","4","0"
"10232906","0","1","0"
"10233369","3","13","0"
"10240217","0","4","0"
"10242802","2","9","0"
"10243101","0","3","0"
"10243873","0","15","0"
"10245559","0","12","0"
"10245780","0","35","0"
"10246052","0","5","0"
"10246288","1","4","0"
"10246343","3","2","0"
"10248593","4","71","0"
"10250197","1","8","0"
"10250426","0","7","0"
"10251967","2","2","0"
"10252315","0","9","0"
"10252370","2","2","0"
"10253856","0","6","0"
"10254341","0","9","0"
"10254887","0","0","0"
"10255068","0","1","0"
"10255888","0","1","0"
"10256587","2","55","0"
"10256802","2","14","0"
"10256884","1","2","0"
"10257427","0","13","0"
"10257689","0","14","0"
"10259001","1","22","0"
"10261402","0","9","0"
"10261562","2","2","0"
"10261586","0","8","0"
"10262712","1","52","0"
"10263208","1","5","0"
"10263843","8","6","0"
"10266799","0","24","0"
"10269165","9","7","0"
"10270276","0","7","0"
"10272671","43","32","0"
"10272796","8","17","0"
"10273375","1","9","0"
"10273530","1","5","0"
"10275406","2","0","0"
"10276601","3","6","0"
"10279765","0","5","0"
"10279907","0","10","0"
"10280599","3","15","0"
"10282791","0","9","0"
"10285680","0","4","0"
"10288079","0","3","0"
"10289360","0","1","0"
"10289422","0","8","0"
"10289801","0","7","0"
"10290681","1","3","0"
"10292952","3","2","1"
"10294317","0","1","0"
"10294812","2","2","0"
"10297474","0","3","0"
"10297796","1","3","0"
"10297961","0","9","0"
"10298451","0","1","0"
"10298544","1","10","0"
"10300767","0","14","0"
"10301844","0","0","0"
"10302671","0","3","0"
"10302721","23","17","0"
"10304846","0","4","0"
"10305395","0","0","0"
"10306323","0","5","0"
"10306528","0","1","0"
"10308342","0","4","0"
"10308380","0","2","0"
"10308805","4","2","1"
"10309103","1","5","0"
"10309333","19","8","0"
"10310568","0","32","0"
"10310922","0","5","0"
"10312561","2","27","0"
"10312671","0","1","0"
"10313667","0","3","0"
"10313881","10","26","0"
"10317949","3","19","0"
"10318539","6","5","0"
"10318834","0","2","0"
"10318865","8","5","0"
"10319417","1","5","0"
"10320202","5","4","1"
"10321697","0","1","0"
"10322290","0","60","0"
"10322949","0","2","0"
"10323063","0","7","0"
"10324142","0","0","0"
"10327552","0","0","0"
"10330658","0","0","0"
"10331437","0","4","0"
"10331902","1","4","0"
"10334464","1","8","1"
"10335837","0","9","0"
"10335984","6","28","0"
"10339150","0","3","0"
"10339184","0","0","0"
"10340870","7","2","0"
"10344135","17","3","0"
"10349769","0","12","0"
"10350275","0","1","0"
"10351316","0","6","0"
"10351685","0","1","0"
"10352461","1","34","0"
"10352839","2","8","0"
"10353124","0","27","0"
"10355765","3","14","0"
"10356618","1","9","0"
"10358611","0","10","0"
"10359059","2","16","0"
"10361434","0","1","0"
"10361458","0","8","0"
"10362098","0","1","0"
"10362103","0","7","0"
"10363229","0","4","0"
"10364279","20","8","0"
"10364733","0","6","0"
"10365024","0","1","0"
"10369457","6","9","0"
"10370337","0","5","0"
"10370570","13","43","0"
"10370655","0","4","0"
"10371500","0","11","0"
"10371918","1","15","0"
"10373347","0","27","0"
"10375171","0","7","0"
"10376031","0","20","1"
"10376499","0","4","0"
"10378647","0","3","0"
"10379931","0","0","0"
"10381291","6","19","0"
"10381712","0","9","0"
"10382333","0","1","0"
"10384094","0","3","0"
"10384654","0","2","0"
"10385107","0","10","0"
"10385597","0","2","0"
"10386713","2","8","0"
"10387122","0","3","0"
"10388596","14","7","0"
"10390598","0","22","0"
"10391705","0","42","0"
"10396609","0","10","0"
"10399467","1","7","0"
"10400055","0","8","0"
"10401602","0","3","0"
"10402478","0","1","0"
"10402948","0","6","0"
"10403689","0","5","0"
"10404121","4","3","0"
"10404609","1","3","0"
"10406639","0","6","0"
"10408028","0","9","0"
"10408643","0","1","0"
"10408672","0","0","0"
"10408747","0","9","0"
"10410395","1","5","0"
"10410890","2","12","0"
"10411414","0","0","0"
"10411734","0","0","0"
"10412923","1","12","0"
"10413335","0","4","0"
"10414637","2","21","0"
"10414870","0","0","0"
"10415611","4","2","0"
"10415632","6","15","0"
"10415670","5","0","1"
"10416207","0","19","0"
"10417992","0","5","0"
"10419828","0","5","0"
"10421055","1","3","0"
"10422581","0","0","0"
"10422943","2","2","0"
"10423593","0","7","0"
"10424004","2","23","0"
"10425028","1","11","0"
"10426718","0","9","0"
"10427291","2","14","0"
"10427414","3","26","0"
"10428247","0","6","0"
"10431123","0","6","0"
"10432216","1","7","0"
"10433103","1","3","0"
"10433291","0","14","0"
"10433322","4","2","0"
"10433833","0","0","0"
"10433840","0","9","0"
"10436446","0","0","0"
"10436478","0","1","0"
"10436669","0","3","0"
"10439552","0","4","0"
"10439615","0","0","0"
"10440010","0","8","0"
"10441462","0","13","0"
"10441871","0","14","1"
"10445130","1","8","2"
"10446433","14","13","0"
"10446509","0","34","0"
"10447092","0","2","0"
"10450476","0","5","0"
"10451429","1","2","0"
"10455511","1","3","0"
"10456418","0","0","0"
"10456639","1","7","0"
"10457753","0","0","0"
"10458514","27","25","1"
"10458868","4","2","0"
"10460389","3","1","0"
"10460447","1","18","0"
"10460577","6","4","0"
"10461682","4","4","5"
"10463552","21","14","1"
"10463949","3","13","0"
"10463984","0","0","0"
"10464617","0","1","0"
"10465435","0","1","0"
"10466214","0","0","0"
"10467184","0","1","0"
"10467437","0","3","0"
"10468153","0","1","0"
"10468362","3","2","0"
"10468368","0","9","0"
"10468577","0","8","0"
"10468789","0","3","0"
"10469483","0","2","0"
"10469502","0","3","0"
"10469579","0","3","0"
"10470363","5","22","0"
"10471260","0","8","0"
"10472082","1","7","0"
"10473283","0","18","2"
"10473540","0","13","0"
"10474825","0","1","0"
"10476810","0","2","0"
"10476818","0","3","0"
"10477191","4","16","1"
"10478535","0","0","0"
"10481033","1","10","0"
"10481046","0","0","0"
"10481143","1","3","0"
"10481417","4","4","0"
"10481624","6","7","0"
"10482588","2","18","0"
"10484214","0","0","0"
"10484302","0","3","0"
"10485606","0","4","0"
"10487273","0","7","0"
"10488111","1","15","0"
"10488342","0","3","0"
"10488726","0","2","0"
"10489594","1","2","3"
"10489766","1","3","0"
"10490591","0","2","0"
"10491062","0","0","0"
"10491111","4","5","0"
"10493163","1","1","0"
"10493440","2","15","0"
"10495546","0","0","0"
"10496492","0","2","0"
"10497375","2","2","0"
"10497679","6","16","0"
"10497897","0","7","0"
"10498412","0","1","0"
"10499158","0","118","0"
"10499953","22","14","0"
"10500248","0","20","1"
"10500681","3","13","0"
"10500723","5","1","0"
"10500957","4","5","0"
"10500987","4","12","0"
"10503610","0","21","0"
"10504150","2","10","0"
"10509756","0","2","0"
"10510070","0","23","0"
"10511409","0","2","0"
"10511624","0","5","0"
"10513679","10","3","0"
"10514214","2","2","0"
"10514682","2","0","0"
"10515005","0","7","0"
"10516642","0","0","0"
"10517346","0","3","0"
"10517382","1","5","0"
"10517820","0","3","0"
"10517968","5","24","0"
"10518066","0","24","0"
"10518470","0","10","0"
"10519436","0","2","0"
"10521908","0","10","0"
"10522399","0","8","0"
"10522949","7","14","0"
"10523000","0","0","0"
"10524943","2","17","0"
"10525182","0","6","0"
"10526396","0","4","0"
"10527268","0","22","0"
"10529429","0","2","0"
"10529715","0","5","0"
"10531332","0","29","0"
"10532070","0","3","0"
"10533106","0","10","0"
"10535211","1","7","0"
"10535434","0","0","0"
"10536067","0","2","0"
"10536200","0","7","0"
"10536782","0","1","0"
"10536936","5","5","1"
"10537391","0","18","0"
"10537729","2","15","0"
"10539119","3","0","3"
"10541303","9","21","0"
"10541659","0","0","0"
"10543182","0","2","0"
"10543433","3","19","0"
"10543844","2","4","0"
"10545933","17","20","0"
"10547153","0","13","0"
"10547390","1","12","0"
"10547647","2","19","0"
"10548414","0","6","0"
"10549044","0","6","0"
"10549172","0","3","0"
"10549540","0","1","0"
"10550219","0","0","0"
"10551367","0","11","0"
"10551591","5","6","0"
"10552310","0","2","0"
"10552380","0","0","0"
"10553501","0","4","0"
"10554033","0","3","0"
"10554586","0","0","0"
"10556340","1","2","0"
"10557420","3","30","1"
"10559220","0","4","0"
"10560684","1","14","0"
"10560909","5","13","0"
"10560949","1","9","0"
"10561083","1","2","0"
"10561656","0","2","0"
"10561704","2","6","0"
"10561893","0","3","0"
"10562614","0","0","0"
"10562703","0","10","0"
"10565721","1","3","1"
"10566677","0","7","0"
"10567650","1","7","0"
"10568501","0","5","0"
"10568531","14","30","0"
"10569504","0","0","0"
"10571379","0","6","0"
"10571651","0","0","0"
"10572055","0","4","0"
"10572727","3","71","0"
"10572931","0","0","0"
"10572996","0","25","0"
"10573203","0","1","0"
"10573506","0","1","0"
"10574201","0","2","0"
"10574296","0","12","0"
"10574423","1","0","0"
"10574442","0","5","0"
"10575277","0","2","0"
"10576554","0","2","0"
"10578466","0","8","0"
"10578573","0","3","0"
"10579553","0","0","0"
"10580171","0","2","0"
"10580179","0","3","0"
"10580453","1","3","0"
"10580667","0","10","0"
"10581065","0","2","0"
"10581265","0","5","0"
"10584220","0","12","0"
"10584570","0","6","0"
"10585438","0","6","0"
"10585461","0","8","0"
"10586341","0","1","0"
"10587976","0","0","0"
"10588223","1","3","0"
"10589291","0","6","0"
"10589321","5","6","0"
"10592054","0","6","0"
"10592891","15","193","0"
"10593076","0","16","0"
"10593557","0","2","0"
"10593669","1","6","0"
"10594028","0","15","0"
"10594918","0","0","0"
"10595026","0","0","0"
"10596379","10","4","0"
"10596494","6","49","0"
"10596901","2","6","1"
"10596965","1","0","0"
"10598034","0","4","0"
"10601327","0","1","0"
"10601527","0","27","0"
"10601590","0","35","0"
"10601702","17","16","0"
"10601715","0","8","0"
"10601762","2","0","1"
"10601871","0","7","0"
"10603055","0","0","0"
"10603143","2","2","0"
"10603399","0","2","0"
"10605971","1","31","1"
"10610468","0","2","0"
"10611894","0","21","0"
"10612396","0","4","0"
"10612869","0","3","0"
"10613037","11","45","0"
"10613369","0","0","0"
"10615379","0","14","0"
"10616114","0","2","0"
"10616413","0","10","0"
"10616416","0","3","0"
"10617438","1","2","0"
"10618163","1","35","0"
"10618856","0","55","0"
"10618863","0","15","0"
"10619437","0","3","0"
"10620200","6","29","0"
"10620689","0","8","0"
"10621453","1","6","0"
"10622099","6","15","1"
"10622675","0","14","0"
"10624674","0","7","0"
"10625094","0","4","0"
"10627282","3","7","0"
"10627711","0","3","0"
"10628620","2","6","0"
"10628712","0","0","0"
"10630653","0","0","0"
"10630740","10","12","0"
"10630839","0","2","0"
"10630957","0","0","0"
"10632271","0","3","0"
"10632283","1","3","0"
"10632367","0","1","0"
"10632656","3","41","0"
"10634102","0","0","0"
"10634115","2","5","0"
"10634282","0","13","0"
"10634314","4","12","0"
"10635783","0","0","0"
"10637110","1","15","0"
"10637474","0","5","0"
"10638440","0","5","0"
"10639932","0","5","0"
"10640344","0","0","0"
"10641261","0","2","0"
"10641324","7","25","0"
"10642266","0","16","0"
"10642532","1","8","0"
"10643626","0","0","0"
"10645772","0","1","0"
"10646583","0","3","0"
"10648617","0","2","0"
"10648805","0","5","0"
"10649463","0","5","0"
"10649860","0","17","0"
"10651298","2","15","0"
"10651406","4","2","0"
"10652034","0","26","0"
"10652763","0","6","0"
"10653015","6","36","0"
"10655452","1","1","0"
"10655693","2","1","0"
"10657931","0","2","0"
"10657968","7","3","0"
"10658507","0","0","0"
"10659189","0","22","0"
"10659246","0","0","0"
"10659761","0","15","0"
"10661450","3","6","0"
"10661671","0","4","0"
"10662154","0","25","0"
"10662977","6","29","0"
"10664916","4","9","0"
"10664974","3","7","0"
"10664991","0","0","0"
"10666908","1","1","0"
"10668583","0","6","0"
"10669477","0","3","0"
"10670550","1","1","0"
"10671677","1","2","0"
"10673982","6","31","0"
"10675247","2","5","0"
"10675556","0","5","0"
"10676421","0","10","0"
"10677157","0","2","0"
"10678150","1","4","0"
"10678774","5","1","0"
"10680340","2","8","1"
"10681824","3","10","0"
"10683162","0","0","0"
"10683370","0","31","0"
"10683858","0","2","0"
"10684515","0","7","2"
"10686033","0","0","0"
"10686802","15","47","0"
"10686904","0","1","0"
"10687444","2","5","0"
"10687835","1","8","0"
"10687864","0","3","0"
"10688855","0","0","0"
"10689189","2","1","0"
"10689432","0","4","0"
"10689596","0","4","0"
"10690201","0","0","0"
"10690337","0","8","0"
"10692809","0","0","0"
"10692884","0","9","0"
"10693800","0","0","0"
"10694281","0","10","0"
"10694985","0","10","0"
"10697130","0","1","0"
"10697203","2","1","0"
"10698991","0","9","0"
"10699512","0","5","0"
"10699812","2","1","0"
"10702121","0","1","0"
"10702209","0","3","0"
"10702856","5","0","0"
"10702962","1","9","0"
"10703543","0","2","0"
"10707189","11","5","0"
"10708345","3","9","0"
"10709682","0","3","0"
"10709694","0","6","0"
"10711234","0","1","0"
"10711264","0","9","0"
"10711858","0","2","0"
"10712068","0","3","0"
"10713798","7","3","0"
"10713841","5","7","0"
"10714117","0","0","0"
"10714160","0","10","0"
"10716576","2","0","0"
"10716755","1","8","0"
"10716871","0","6","0"
"10718604","0","0","0"
"10718910","0","19","0"
"10719637","1","4","0"
"10721079","0","5","0"
"10721675","11","29","0"
"10722333","0","5","0"
"10725180","3","25","0"
"10726498","1","0","0"
"10727099","2","5","0"
"10727500","0","0","0"
"10727863","0","2","0"
"10728036","1","7","0"
"10728506","0","6","0"
"10728583","1","28","0"
"10729324","2","1","0"
"10730582","0","8","0"
"10730746","0","1","0"
"10732039","2","3","0"
"10735807","0","3","0"
"10738743","0","1","0"
"10738929","1","0","0"
"10739334","1","6","0"
"10741695","2","6","0"
"10742959","0","5","0"
"10743816","0","2","0"
"10744135","0","2","0"
"10745050","0","6","0"
"10747860","0","2","0"
"10748002","0","21","0"
"10748007","0","11","0"
"10748530","0","5","0"
"10749177","0","6","0"
"10749317","1","1","1"
"10749614","9","1","0"
"10749946","5","5","0"
"10750553","0","4","0"
"10750674","0","18","0"
"10751265","1","3","0"
"10751690","0","3","0"
"10752017","4","16","0"
"10752877","10","33","1"
"10752983","0","0","0"
"10753729","5","0","0"
"10754328","0","6","0"
"10755625","3","9","0"
"10756002","0","1","0"
"10756331","0","16","0"
"10756566","5","1","0"
"10756776","0","11","0"
"10757176","0","5","0"
"10758269","0","6","0"
"10758691","0","1","0"
"10760289","0","2","0"
"10760324","0","15","0"
"10760520","0","3","0"
"10761390","2","8","0"
"10761615","0","2","0"
"10763593","3","2","0"
"10764131","18","29","0"
"10764341","0","10","0"
"10765101","3","1","0"
"10765136","2","9","0"
"10766490","1","4","0"
"10767175","1","20","0"
"10767246","0","5","0"
"10767327","0","1","0"
"10767485","0","28","0"
"10767839","0","13","0"
"10768000","2","4","0"
"10768865","1","9","0"
"10769775","0","0","0"
"10770528","0","0","0"
"10771400","1","0","0"
"10771505","10","3","0"
"10771564","0","2","0"
"10772249","0","1","0"
"10772422","3","10","0"
"10772577","0","2","0"
"10775984","0","1","0"
"10776062","3","8","0"
"10776298","0","1","0"
"10776847","0","3","0"
"10778286","0","3","0"
"10779784","0","2","0"
"10782096","0","39","0"
"10782903","2","0","0"
"10782947","0","0","0"
"10783296","0","3","0"
"10783370","2","10","0"
"10784143","1","7","0"
"10784300","29","16","0"
"10784755","0","0","0"
"10786438","1","9","0"
"10787495","0","5","0"
"10788551","0","6","0"
"10790671","2","30","0"
"10791262","3","19","0"
"10791697","3","24","0"
"10792097","0","1","0"
"10792685","1","1","0"
"10794717","0","2","0"
"10795489","1","7","0"
"10796894","0","0","0"
"10797105","0","10","0"
"10797632","0","1","0"
"10798322","0","7","0"
"10798770","2","1","0"
"10801308","0","0","0"
"10801614","0","6","0"
"10802330","4","14","0"
"10803013","11","15","0"
"10804565","0","7","0"
"10804821","2","52","0"
"10806276","0","2","0"
"10806369","1","18","0"
"10806546","0","35","0"
"10806593","0","5","0"
"10808103","3","3","0"
"10808300","1","3","0"
"10809190","0","0","0"
"10810447","2","9","0"
"10810717","0","8","0"
"10811698","0","9","0"
"10811858","3","26","0"
"10812503","0","0","0"
"10815153","0","7","0"
"10815340","0","1","0"
"10815460","0","27","0"
"10816019","0","3","0"
"10816558","1","6","0"
"10819948","0","1","0"
"10820378","0","1","0"
"10820852","2","15","0"
"10821521","1","0","0"
"10821981","0","5","0"
"10823489","0","5","0"
"10825522","0","40","0"
"10826057","1","16","0"
"10827766","9","55","0"
"10828488","13","20","0"
"10830290","0","22","0"
"10831083","0","0","0"
"10831645","1","5","0"
"10831830","1","17","0"
"10832040","3","12","0"
"10832295","0","7","0"
"10832410","0","19","0"
"10832528","1","3","0"
"10833769","0","0","0"
"10834636","0","5","0"
"10834855","0","0","0"
"10834954","0","1","0"
"10835518","0","4","0"
"10835795","0","16","0"
"10836810","13","41","0"
"10836912","0","1","0"
"10839796","0","0","0"
"10839887","0","0","0"
"10840205","0","1","0"
"10841385","0","9","0"
"10841628","3","22","0"
"10843247","0","3","0"
"10843558","1","3","0"
"10843638","10","16","0"
"10843956","0","40","0"
"10844739","1","9","0"
"10844930","1","3","0"
"10845447","0","7","0"
"10845730","0","3","0"
"10846486","0","1","0"
"10846729","1","15","0"
"10846841","0","10","0"
"10847604","0","5","0"
"10847755","0","29","0"
"10848956","0","15","0"
"10849001","3","11","0"
"10849088","1","38","0"
"10849496","0","7","0"
"10851455","3","7","0"
"10851957","0","1","0"
"10853071","37","35","0"
"10854010","0","9","0"
"10855142","0","0","0"
"10855235","20","4","1"
"10856731","0","3","0"
"10856888","1","0","0"
"10857151","2","2","0"
"10860215","0","0","0"
"10860905","7","5","0"
"10861019","0","6","0"
"10861316","0","13","0"
"10861969","1","1","0"
"10862360","2","9","0"
"10863472","0","26","0"
"10864241","5","5","0"
"10864467","0","5","0"
"10864852","3","10","0"
"10865170","1","16","2"
"10865746","2","3","0"
"10866829","0","0","0"
"10866873","20","7","0"
"10867044","13","30","0"
"10867219","1","14","0"
"10867713","1","23","0"
"10867767","0","15","0"
"10868711","0","5","0"
"10871150","0","2","0"
"10871558","4","25","0"
"10873394","0","13","0"
"10875215","0","18","0"
"10875322","0","1","0"
"10876543","0","12","0"
"10876657","0","0","0"
"10876717","0","9","0"
"10876970","1","11","0"
"10877904","0","2","0"
"10879154","1","1","0"
"10881959","0","4","0"
"10882128","0","9","0"
"10883928","4","6","0"
"10884472","0","10","0"
"10884640","0","0","0"
"10884822","0","2","0"
"10885095","2","0","0"
"10885193","1","13","0"
"10885581","0","3","1"
"10886220","0","8","0"
"10887120","0","6","0"
"10888047","8","28","0"
"10888379","0","0","0"
"10888830","1","1","0"
"10889826","0","0","0"
"10890635","2","30","0"
"10890997","0","7","0"
"10891403","0","2","0"
"10892601","0","1","0"
"10893210","0","6","0"
"10893616","5","9","0"
"10893879","0","8","0"
"10895051","6","12","0"
"10895224","0","37","0"
"10895658","0","4","0"
"10896763","5","6","0"
"10900757","0","2","0"
"10901066","1","2","0"
"10901243","0","0","0"
"10901306","1","10","0"
"10905574","0","0","0"
"10907255","0","1","0"
"10907439","0","1","0"
"10908570","0","4","1"
"10909489","0","1","0"
"10911678","2","11","0"
"10912074","0","0","0"
"10913399","0","12","0"
"10914049","8","11","0"
"10914182","0","4","0"
"10915326","0","5","0"
"10916344","0","13","0"
"10916348","0","2","0"
"10916365","0","3","0"
"10917205","0","7","0"
"10922017","0","3","0"
"10922151","0","3","0"
"10923952","0","0","0"
"10925041","0","9","0"
"10925156","1","4","0"
"10925338","0","26","0"
"10926534","0","3","0"
"10926848","7","1","0"
"10926939","1","3","0"
"10927750","4","4","0"
"10930760","0","4","0"
"10930787","4","5","0"
"10930992","0","6","0"
"10932043","2","4","0"
"10932741","0","0","0"
"10934377","1","33","0"
"10935011","0","2","0"
"10935831","2","0","0"
"10936092","5","10","0"
"10936596","9","10","4"
"10937021","3","0","0"
"10937025","0","5","0"
"10937887","0","3","0"
"10940011","0","5","0"
"10940900","0","2","0"
"10941178","0","1","0"
"10941243","0","10","0"
"10943456","1","0","0"
"10944077","15","14","0"
"10944375","0","20","0"
"10944954","0","17","0"
"10945276","30","15","0"
"10945348","0","2","0"
"10945477","0","0","0"
"10945715","4","12","0"
"10946427","1","40","0"
"10947100","0","0","0"
"10947712","0","7","0"
"10948558","0","6","0"
"10949114","0","4","0"
"10950274","0","1","0"
"10950323","3","23","0"
"10951015","0","11","0"
"10951191","12","5","0"
"10952345","3","5","0"
"10953499","0","4","0"
"10955873","2","5","0"
"10956431","0","1","0"
"10959131","8","3","0"
"10962766","17","21","0"
"10964152","0","1","0"
"10966677","36","12","0"
"10966818","1","12","0"
"10968621","0","17","0"
"10968935","6","11","0"
"10970025","0","1","0"
"10970257","0","5","0"
"10970921","0","16","0"
"10971505","9","0","0"
"10972017","0","8","0"
"10972607","18","29","2"
"10972919","0","18","0"
"10973375","0","14","0"
"10974707","0","6","0"
"10974822","0","8","0"
"10975897","0","3","0"
"10976122","0","4","0"
"10976350","0","3","0"
"10976352","0","0","0"
"10978334","1","39","0"
"10978688","2","0","5"
"10979237","0","9","0"
"10979245","0","1","0"
"10979281","0","9","0"
"10979471","0","0","0"
"10980414","8","5","0"
"10982404","0","0","0"
"10983101","0","6","0"
"10984472","1","6","0"
"10984558","0","13","0"
"10984870","4","8","0"
"10985055","0","8","0"
"10985072","1","10","0"
"10987452","0","12","0"
"10987661","0","3","0"
"10988347","1","6","0"
"10988672","0","4","0"
"10988996","0","5","0"
"10989824","0","0","0"
"10990060","0","3","0"
"10990647","0","4","0"
"10991532","1","2","0"
"10993327","0","0","0"
"10993384","61","210","0"
"10994619","1","25","0"
"10995048","0","14","0"
"10996957","0","2","0"
"10997401","0","4","0"
"10997609","0","0","0"
"10998724","1","11","0"
"11002258","0","13","0"
"11002670","0","4","0"
"11004504","0","2","0"
"11004852","0","9","0"
"11005437","1","1","0"
"11005785","0","1","0"
"11005875","8","27","0"
"11006606","0","4","0"
"11007912","0","12","0"
"11008416","2","4","0"
"11008873","0","1","0"
"11008967","0","4","0"
"11009561","2","0","0"
"11010254","2","33","0"
"11010255","2","5","0"
"11010274","3","12","0"
"11010321","0","0","0"
"11010941","1","3","0"
"11012702","6","5","0"
"11012899","0","4","0"
"11016395","0","11","0"
"11016748","0","3","0"
"11017029","0","1","1"
"11019212","0","1","0"
"11019618","0","19","0"
"11020772","0","2","0"
"11021885","0","15","0"
"11022022","0","3","0"
"11022645","0","3","0"
"11026512","0","2","0"
"11026658","0","6","0"
"11026852","0","0","0"
"11027707","0","0","0"
"11028315","0","2","0"
"11028838","1","9","0"
"11028863","2","29","0"
"11031503","0","1","0"
"11031940","7","9","0"
"11032782","0","32","0"
"11034739","1","0","0"
"11036516","0","0","0"
"11038635","8","25","0"
"11039101","1","13","0"
"11039174","0","3","0"
"11041355","0","0","0"
"11042152","0","1","0"
"11042298","1","1","0"
"11042887","0","1","0"
"11043351","0","0","0"
"11043449","0","1","0"
"11043472","4","6","0"
"11043677","0","0","0"
"11044556","0","4","0"
"11045781","0","4","0"
"11046491","0","1","0"
"11046669","2","6","0"
"11047729","3","1","0"
"11048744","9","39","0"
"11049616","0","9","0"
"11049888","0","2","0"
"11052341","0","0","0"
"11052773","0","1","0"
"11052982","0","0","0"
"11053602","0","1","0"
"11055151","6","13","0"
"11056968","0","8","0"
"11057707","1","0","0"
"11059335","0","38","0"
"11059912","1","21","0"
"11060914","0","2","0"
"11062476","3","15","0"
"11063732","0","2","0"
"11063785","1","27","0"
"11065231","0","5","0"
"11065323","5","5","0"
"11068227","1","9","0"
"11070125","4","9","0"
"11070646","0","0","0"
"11070863","6","9","0"
"11072365","4","1","0"
"11072418","0","0","0"
"11074515","0","0","0"
"11075177","1","2","0"
"11076053","0","3","0"
"11078195","0","32","0"
"11078282","2","3","0"
"11078962","1","4","0"
"11081299","0","0","0"
"11082411","0","0","0"
"11083717","3","53","0"
"11084099","3","7","0"
"11084336","0","5","0"
"11084558","0","8","0"
"11084818","0","3","0"
"11085039","0","1","0"
"11085251","0","29","0"
"11085329","1","66","0"
"11085515","7","13","0"
"11088453","2","9","0"
"11089521","5","5","0"
"11090441","0","1","0"
"11090807","0","5","0"
"11096677","11","16","0"
"11097880","0","20","0"
"11098453","0","13","0"
"11099179","0","4","0"
"11100591","6","21","0"
"11101615","0","1","0"
"11103376","0","2","0"
"11103450","3","0","0"
"11103550","2","5","0"
"11103987","2","15","0"
"11104857","0","4","0"
"11105663","1","7","0"
"11105888","0","12","0"
"11105895","0","4","0"
"11106681","0","3","0"
"11106716","0","5","0"
"11107577","1","2","0"
"11107689","0","6","0"
"11108965","2","7","0"
"11109346","0","11","0"
"11109901","9","8","0"
"11110610","12","49","0"
"11110653","0","2","0"
"11111723","0","4","0"
"11112152","0","7","0"
"11112297","1","0","0"
"11112643","0","5","0"
"11114671","0","7","0"
"11115072","3","18","1"
"11115076","0","4","0"
"11116189","0","25","0"
"11117013","0","0","0"
"11119684","4","35","0"
"11121833","35","39","0"
"11122892","0","8","1"
"11122899","8","9","0"
"11123690","2","26","0"
"11124554","0","3","0"
"11125753","0","1","0"
"11128919","0","6","0"
"11131745","0","8","0"
"11131823","3","16","0"
"11132670","0","5","0"
"11133121","9","20","0"
"11133935","7","0","0"
"11133969","13","11","2"
"11134720","0","11","0"
"11135411","1","7","0"
"11135500","0","0","0"
"11135590","0","38","0"
"11136190","1","3","0"
"11136300","2","3","1"
"11136769","0","1","0"
"11139119","5","1","0"
"11139788","3","0","0"
"11140006","0","13","0"
"11140819","1","9","0"
"11140832","1","4","0"
"11141417","0","6","0"
"11141521","3","1","0"
"11141834","0","0","0"
"11141838","0","0","0"
"11141963","0","41","0"
"11143288","0","38","0"
"11143478","0","3","0"
"11143525","0","3","0"
"11143765","0","0","0"
"11143897","0","1","0"
"11144121","3","15","0"
"11144495","0","2","0"
"11144554","0","2","0"
"11145072","0","7","0"
"11145976","8","97","0"
"11146504","0","3","0"
"11147691","0","13","0"
"11149234","3","8","1"
"11149645","0","5","0"
"11151324","0","1","0"
"11151379","0","4","0"
"11153420","0","31","0"
"11153525","0","5","0"
"11153845","0","0","0"
"11154297","4","12","0"
"11154407","3","19","0"
"11154428","2","10","0"
"11155942","0","20","0"
"11156237","0","7","0"
"11156256","0","0","0"
"11156353","0","6","0"
"11156631","0","6","0"
"11156969","0","20","0"
"11158104","0","0","0"
"11159343","0","4","0"
"11159398","2","11","0"
"11160352","0","15","0"
"11160383","0","20","0"
"11160446","7","6","0"
"11160654","0","4","0"
"11160956","0","2","0"
"11161751","2","23","0"
"11161816","12","14","0"
"11162007","1","8","0"
"11162433","0","2","0"
"11162837","0","9","0"
"11165646","0","0","0"
"11165648","0","1","0"
"11166423","0","4","0"
"11166949","0","1","0"
"11167247","2","17","0"
"11167395","0","3","0"
"11168135","2","14","0"
"11169272","0","1","0"
"11169388","0","4","0"
"11169761","3","6","0"
"11170352","3","18","0"
"11170382","0","8","0"
"11171071","2","16","0"
"11171427","1","35","0"
"11172562","0","4","0"
"11174183","0","2","0"
"11179073","0","4","0"
"11180223","0","10","0"
"11180888","11","16","0"
"11183860","0","0","0"
"11185460","1","2","0"
"11186444","0","9","0"
"11186896","0","0","0"
"11187582","1","6","2"
"11189585","0","0","0"
"11190435","0","0","0"
"11191942","1","9","0"
"11192394","1","1","0"
"11192694","0","5","0"
"11193936","0","10","0"
"11193953","0","4","0"
"11193990","1","0","0"
"11194619","6","27","0"
"11194777","0","0","0"
"11195564","3","44","0"
"11196534","0","2","0"
"11197189","0","0","0"
"11197916","0","9","0"
"11198313","0","15","0"
"11198719","4","1","8"
"11199469","0","1","0"
"11199696","5","17","0"
"11199902","0","10","0"
"11200901","0","2","0"
"11200997","0","5","0"
"11201172","3","1","0"
"11202964","0","0","0"
"11203109","1","5","0"
"11203680","1","10","0"
"11206583","0","3","0"
"11208050","0","2","0"
"11208409","0","3","0"
"11209337","0","31","0"
"11209506","0","2","0"
"11209562","0","13","0"
"11209575","0","21","0"
"11211100","11","6","0"
"11211151","0","4","0"
"11211289","0","7","0"
"11212921","0","36","0"
"11213443","1","4","0"
"11213965","0","8","0"
"11214022","0","7","0"
"11214331","0","14","0"
"11214397","1","16","0"
"11216157","1","21","0"
"11216188","0","3","0"
"11216230","2","7","0"
"11217345","0","0","0"
"11217538","0","2","0"
"11217551","0","6","0"
"11218505","0","23","0"
"11218891","0","10","0"
"11219817","0","3","0"
"11220463","0","2","0"
"11222487","1","4","0"
"11222839","0","3","0"
"11222924","0","6","0"
"11223779","1","0","0"
"11224593","8","20","0"
"11224645","0","10","0"
"11225180","0","2","0"
"11226424","1","15","0"
"11227876","0","3","0"
"11228377","7","39","4"
"11229226","1","1","0"
"11229735","2","14","0"
"11231119","7","11","0"
"11231350","15","8","1"
"11231474","0","2","0"
"11231534","0","11","0"
"11232255","14","2","11"
"11233485","0","1","0"
"11233910","0","15","0"
"11237654","3","10","0"
"11237868","0","3","0"
"11238052","0","8","0"
"11238817","3","0","0"
"11238972","0","19","0"
"11239071","4","13","0"
"11239673","0","7","0"
"11240138","0","10","0"
"11240558","0","0","0"
"11241536","3","32","0"
"11242696","0","2","0"
"11242734","0","0","0"
"11244192","5","54","0"
"11246777","0","1","0"
"11247181","1","7","0"
"11248197","1","10","0"
"11248668","0","12","0"
"11250089","2","8","0"
"11251744","0","3","0"
"11251983","1","6","0"
"11252223","0","1","0"
"11252596","3","33","0"
"11253625","0","1","0"
"11254299","0","4","0"
"11255886","3","29","0"
"11256510","0","0","0"
"11258507","1","0","0"
"11259912","0","2","0"
"11262281","0","4","0"
"11264219","0","2","0"
"11264448","0","1","0"
"11264546","1","0","0"
"11265847","0","32","0"
"11267417","7","8","0"
"11267494","0","23","0"
"11269944","0","2","0"
"11270725","7","9","0"
"11271927","3","12","0"
"11272002","0","0","0"
"11272451","2","8","0"
"11273405","4","2","0"
"11274093","0","6","0"
"11276254","0","5","0"
"11277281","0","4","0"
"11277503","0","3","0"
"11277611","0","10","0"
"11278589","0","1","0"
"11279769","0","24","0"
"11281144","0","3","0"
"11281203","0","0","0"
"11282193","0","1","0"
"11282779","0","0","0"
"11284999","0","13","0"
"11286403","0","4","0"
"11286934","0","4","0"
"11289473","0","4","0"
"11291663","6","23","0"
"11291691","2","2","0"
"11292167","0","15","0"
"11293908","0","0","0"
"11295202","2","15","0"
"11295420","0","0","0"
"11296969","4","0","0"
"11297239","3","11","0"
"11297747","17","3","0"
"11299153","0","0","0"
"11299601","0","15","0"
"11299786","1","6","0"
"11299954","2","2","0"
"11300845","2","0","0"
"11302398","1","0","0"
"11302678","0","2","0"
"11302939","0","6","0"
"11303128","1","8","0"
"11304352","4","1","0"
"11305428","0","7","0"
"11306363","0","4","0"
"11306669","1","8","0"
"11310266","0","8","0"
"11310742","0","7","0"
"11311114","1","21","0"
"11311941","3","9","0"
"11312482","0","1","0"
"11312865","0","15","0"
"11314908","1","3","0"
"11315351","1","55","0"
"11316626","0","2","0"
"11316913","0","5","0"
"11317165","0","6","0"
"11318284","1","1","0"
"11319603","0","3","0"
"11320666","0","6","0"
"11321886","0","3","0"
"11322981","1","41","0"
"11323821","5","24","0"
"11325092","0","3","0"
"11328279","3","3","0"
"11329126","0","16","0"
"11329158","10","13","0"
"11329350","0","7","0"
"11330290","5","8","0"
"11332666","0","3","0"
"11334082","1","0","0"
"11334086","0","0","0"
"11334152","1","3","0"
"11334371","0","0","0"
"11335823","0","3","0"
"11336082","0","2","0"
"11336167","2","3","0"
"11336449","0","64","0"
"11336840","3","10","0"
"11337276","0","13","0"
"11338675","0","1","0"
"11339020","0","2","0"
"11339304","0","8","0"
"11339443","0","12","1"
"11341068","0","3","0"
"11343425","9","22","0"
"11343963","1","3","0"
"11344936","2","5","0"
"11345007","0","2","0"
"11345276","2","3","0"
"11345521","0","1","0"
"11345701","0","5","0"
"11347715","0","5","0"
"11347890","0","10","0"
"11348700","0","0","0"
"11349488","17","1","0"
"11350529","1","1","0"
"11350567","1","2","0"
"11350682","4","4","0"
"11351004","0","3","0"
"11351410","0","1","0"
"11351501","0","7","0"
"11351620","12","43","0"
"11352450","0","7","0"
"11352550","0","0","0"
"11353246","0","0","0"
"11353625","0","0","0"
"11353898","0","4","0"
"11354378","0","2","0"
"11354897","0","1","0"
"11354923","10","17","0"
"11355219","0","14","0"
"11357645","0","5","0"
"11358838","1","4","0"
"11359249","0","0","0"
"11360856","0","4","0"
"11361951","0","6","0"
"11362327","0","4","0"
"11363114","3","5","0"
"11364184","2","8","0"
"11365366","0","36","0"
"11366805","3","0","0"
"11366906","3","6","0"
"11367844","6","0","0"
"11368024","0","0","0"
"11368147","0","3","0"
"11368366","0","1","0"
"11368784","1","2","0"
"11370666","7","13","0"
"11372501","1","11","0"
"11373066","0","1","0"
"11373178","0","1","0"
"11373689","0","4","0"
"11374424","0","2","0"
"11374501","1","7","0"
"11375161","0","2","0"
"11375591","0","4","2"
"11375945","0","4","0"
"11376965","0","1","0"
"11377682","0","11","0"
"11377884","7","65","0"
"11378011","0","0","0"
"11378446","0","13","0"
"11379189","2","11","0"
"11381252","0","10","0"
"11382791","1","13","0"
"11383370","9","10","0"
"11383650","4","13","0"
"11384123","0","4","0"
"11385006","2","6","0"
"11385884","0","4","0"
"11385954","0","2","0"
"11386215","0","6","0"
"11388010","0","12","0"
"11388040","0","11","0"
"11389362","0","4","0"
"11389598","10","16","0"
"11389767","0","13","0"
"11390112","0","5","0"
"11391012","3","32","0"
"11391975","2","6","0"
"11392196","0","11","0"
"11393322","3","26","0"
"11393399","0","5","0"
"11394198","0","1","0"
"11395361","0","5","0"
"11395466","0","33","3"
"11395491","12","7","0"
"11395898","1","23","0"
"11396463","1","0","0"
"11396765","0","2","0"
"11397224","0","1","0"
"11397913","0","1","0"
"11403116","0","4","0"
"11403603","0","2","0"
"11404561","0","3","0"
"11404661","0","0","0"
"11405055","0","9","0"
"11405436","0","10","0"
"11405471","1","1","0"
"11406071","15","1","0"
"11407141","0","0","0"
"11407290","0","5","0"
"11407831","0","13","0"
"11409639","1","5","0"
"11409706","1","0","0"
"11409835","0","0","0"
"11411191","0","3","0"
"11411596","0","16","0"
"11411938","0","0","0"
"11412232","0","6","0"
"11412643","1","2","0"
"11413792","0","0","0"
"11414277","0","12","0"
"11415192","0","1","0"
"11415346","14","1","0"
"11415669","1","5","0"
"11416046","6","3","0"
"11416086","0","4","0"
"11417051","0","4","0"
"11417540","0","1","0"
"11418429","0","3","0"
"11418981","0","1","0"
"11419295","0","2","0"
"11419314","0","1","1"
"11419809","0","2","0"
"11420123","0","21","0"
"11420127","0","15","0"
"11420134","1","20","0"
"11420254","0","5","0"
"11420970","2","2","0"
"11421188","0","11","0"
"11421836","0","2","0"
"11423530","0","1","0"
"11423549","0","5","0"
"11424945","1","5","0"
"11425910","0","1","0"
"11425998","0","0","0"
"11426537","0","7","0"
"11428978","1","10","0"
"11430828","3","1","0"
"11431975","0","13","0"
"11432986","12","3","0"
"11433019","0","2","0"
"11433749","11","1","4"
"11433762","0","9","0"
"11433905","0","0","0"
"11435941","0","2","0"
"11439276","4","2","0"
"11439615","0","5","0"
"11440563","8","4","0"
"11440838","0","3","0"
"11440884","0","15","0"
"11440926","1","3","0"
"11441484","0","0","0"
"11441610","3","5","2"
"11442065","0","7","0"
"11442980","0","1","0"
"11445345","1","7","0"
"11448963","2","33","0"
"11449677","1","7","0"
"11450642","0","2","0"
"11451420","0","0","0"
"11451453","0","1","0"
"11451863","0","0","0"
"11452134","2","48","0"
"11455069","0","19","1"
"11456098","0","46","0"
"11457431","0","3","0"
"11457876","5","14","0"
"11458094","0","7","0"
"11460648","0","5","0"
"11461574","0","0","0"
"11462588","0","6","0"
"11463031","0","0","0"
"11463107","2","6","0"
"11463153","4","1","0"
"11463733","0","4","0"
"11464014","0","2","0"
"11464737","5","43","0"
"11464924","0","11","0"
"11465478","0","7","0"
"11466416","13","2","0"
"11470112","0","2","0"
"11471439","8","6","0"
"11471781","0","1","0"
"11472644","15","2","0"
"11472732","5","13","0"
"11472856","17","17","0"
"11474166","0","0","0"
"11476283","0","6","0"
"11479132","0","6","0"
"11479756","0","18","0"
"11480409","0","12","0"
"11482313","0","3","0"
"11483291","0","1","0"
"11484621","0","28","0"
"11485806","1","1","0"
"11487339","2","6","0"
"11488675","0","4","0"
"11489088","16","39","0"
"11490368","0","1","0"
"11491600","2","24","0"
"11491671","0","2","0"
"11493323","0","1","0"
"11494804","0","9","0"
"11496732","0","8","0"
"11497688","5","4","0"
"11497951","0","4","0"
"11500187","0","1","0"
"11502844","2","21","0"
"11505007","2","3","0"
"11506469","0","0","0"
"11507237","8","23","0"
"11508970","0","11","0"
"11510469","0","3","0"
"11510589","1","8","0"
"11510596","0","12","0"
"11511200","0","5","0"
"11511296","0","4","0"
"11511977","15","27","0"
"11514647","0","7","0"
"11515080","0","1","0"
"11515162","0","5","0"
"11516790","1","4","0"
"11517742","0","1","0"
"11518056","1","4","0"
"11518215","0","2","0"
"11519088","0","10","0"
"11519785","1","4","0"
"11519884","0","10","0"
"11520138","0","0","0"
"11520912","0","2","0"
"11521654","4","13","0"
"11521665","5","42","0"
"11522644","0","3","0"
"11523584","0","10","0"
"11524115","0","1","0"
"11524123","0","9","0"
"11524873","1","0","0"
"11526231","0","4","0"
"11526505","0","12","0"
"11527519","4","3","0"
"11527575","5","2","0"
"11527689","0","4","0"
"11528102","0","1","0"
"11528787","0","8","0"
"11529048","24","19","0"
"11529150","2","3","0"
"11530691","8","28","0"
"11532012","0","0","0"
"11533393","4","19","0"
"11534324","0","0","0"
"11535103","0","9","0"
"11535284","0","1","0"
"11535905","0","12","0"
"11536609","0","0","0"
"11537219","0","32","0"
"11537568","4","2","0"
"11538031","1","5","0"
"11538740","3","38","0"
"11539508","0","6","0"
"11543864","2","13","0"
"11543932","0","2","0"
"11544899","0","2","0"
"11545389","0","0","0"
"11545419","7","15","0"
"11545457","55","70","0"
"11545839","0","0","0"
"11545959","0","0","0"
"11546130","0","5","0"
"11548316","3","5","0"
"11549544","1","12","0"
"11549977","0","16","0"
"11550778","0","36","0"
"11551325","0","3","0"
"11551911","2","3","0"
"11552880","0","4","0"
"11553066","8","63","0"
"11556041","4","11","1"
"11556649","0","1","0"
"11557299","1","1","0"
"11557579","1","6","0"
"11558487","1","11","0"
"11559177","0","0","0"
"11559603","6","1","0"
"11559838","0","37","0"
"11560647","0","3","0"
"11561413","4","1","0"
"11561466","0","6","0"
"11561910","0","1","0"
"11561993","3","13","0"
"11562743","2","19","0"
"11562997","1","6","0"
"11564138","0","8","0"
"11564226","0","5","0"
"11565523","1","18","0"
"11567046","0","4","0"
"11567589","0","20","0"
"11568511","0","0","0"
"11568661","0","3","0"
"11569049","1","1","0"
"11569193","1","2","0"
"11569778","4","7","0"
"11571587","1","2","0"
"11572155","6","17","0"
"11572258","0","4","0"
"11572492","0","3","0"
"11572807","0","7","0"
"11572970","3","22","0"
"11573859","0","0","0"
"11573887","12","7","0"
"11573969","1","29","0"
"11574627","16","6","0"
"11574853","0","1","0"
"11575659","0","13","0"
"11576394","4","2","0"
"11577459","0","5","0"
"11577746","0","4","0"
"11578449","0","4","0"
"11578453","0","3","0"
"11579089","1","26","0"
"11579324","0","7","0"
"11579483","0","0","0"
"11580142","6","0","0"
"11581670","2","6","0"
"11582724","6","29","0"
"11582827","5","30","0"
"11583308","1","1","0"
"11583351","0","1","0"
"11584033","3","8","0"
"11584161","0","4","0"
"11584366","0","1","0"
"11585102","0","16","0"
"11585493","0","1","0"
"11586250","0","33","0"
"11588364","0","4","0"
"11590027","1","69","0"
"11591467","0","0","0"
"11591491","3","29","0"
"11591599","1","9","0"
"11592100","0","1","0"
"11593686","4","0","0"
"11595665","0","5","0"
"11598482","0","0","0"
"11598505","0","1","0"
"11598864","0","1","0"
"11599178","0","1","0"
"11600715","0","0","0"
"11601491","6","0","0"
"11603122","0","6","0"
"11603508","0","0","0"
"11604994","2","1","0"
"11609051","0","2","0"
"11609462","2","17","0"
"11613013","0","4","0"
"11613036","2","0","0"
"11613426","0","5","0"
"11616708","0","92","0"
"11617436","0","15","0"
"11617856","0","11","0"
"11618025","1","0","0"
"11618033","0","14","0"
"11618127","0","9","0"
"11618255","0","0","0"
"11618664","1","7","0"
"11619215","0","21","0"
"11620108","0","22","0"
"11621983","4","4","0"
"11622006","12","7","0"
"11622109","0","0","0"
"11627404","0","2","0"
"11627879","1","7","0"
"11629534","1","2","0"
"11630287","2","32","0"
"11630315","0","21","0"
"11634537","2","1","0"
"11635682","0","16","0"
"11636794","0","31","0"
"11637083","0","2","0"
"11637125","0","0","0"
"11637934","0","1","0"
"11640307","0","39","0"
"11641215","3","27","0"
"11642262","1","1","0"
"11643143","2","15","0"
"11643193","3","6","0"
"11643781","0","14","0"
"11643934","1","2","0"
"11644758","0","19","0"
"11647955","1","26","4"
"11648310","0","2","0"
"11648491","4","0","1"
"11649057","0","2","0"
"11649497","0","5","0"
"11649502","0","10","0"
"11649635","0","5","0"
"11650238","0","7","0"
"11651921","0","0","0"
"11652735","0","3","0"
"11653404","0","25","0"
"11655642","0","19","0"
"11655730","11","4","0"
"11655977","2","2","0"
"11656482","3","35","0"
"11656785","0","4","0"
"11656910","0","2","0"
"11657893","1","2","0"
"11658026","0","1","0"
"11658641","0","5","0"
"11659424","0","8","1"
"11659677","11","9","5"
"11660414","0","5","0"
"11660446","0","11","0"
"11661101","5","3","0"
"11661978","0","3","0"
"11662214","0","6","0"
"11662383","1","18","0"
"11662972","0","5","0"
"11663756","3","6","0"
"11664046","14","19","0"
"11665972","3","28","0"
"11666618","0","1","0"
"11666888","1","7","0"
"11667082","0","3","0"
"11667138","0","1","0"
"11668142","0","3","0"
"11668500","0","5","0"
"11669308","0","0","0"
"11670863","0","1","0"
"11671103","0","17","0"
"11671944","14","2","0"
"11672379","0","11","0"
"11673912","0","63","0"
"11674006","0","3","0"
"11675085","0","2","0"
"11675098","0","0","0"
"11675164","0","6","0"
"11675243","0","9","0"
"11675539","0","1","0"
"11676020","0","1","0"
"11676240","0","2","0"
"11676247","0","1","0"
"11676468","0","0","0"
"11679021","1","7","0"
"11679834","0","4","0"
"11680696","1","6","1"
"11681208","0","0","0"
"11683394","0","7","0"
"11684077","0","4","0"
"11684466","5","6","0"
"11684875","0","0","0"
"11685030","0","3","0"
"11685998","0","5","0"
"11686526","1","4","0"
"11686638","10","21","0"
"11687831","0","0","0"
"11688978","0","1","0"
"11690507","0","2","0"
"11693211","0","0","0"
"11695435","0","14","0"
"11696106","0","1","0"
"11696136","0","1","0"
"11696753","0","8","0"
"11697572","0","1","0"
"11698213","0","6","0"
"11699086","1","1","0"
"11699146","0","24","0"
"11701032","0","5","0"
"11701249","0","25","0"
"11701674","7","16","0"
"11701717","0","7","0"
"11703353","0","3","0"
"11704485","0","4","0"
"11705689","0","0","0"
"11705978","0","4","0"
"11707666","8","13","0"
"11708570","0","0","0"
"11709683","2","6","0"
"11709984","0","11","0"
"11710761","0","19","0"
"11712103","6","11","0"
"11712575","13","23","0"
"11714704","1","0","0"
"11717228","3","0","0"
"11717445","0","3","0"
"11717595","0","7","0"
"11718554","1","3","0"
"11719624","5","18","0"
"11720587","0","10","0"
"11722840","1","19","0"
"11722925","2","4","0"
"11723014","1","5","0"
"11723126","1","34","0"
"11726273","7","6","0"
"11726540","11","21","0"
"11726761","0","0","0"
"11727422","11","5","0"
"11727788","0","0","0"
"11729954","27","19","0"
"11729971","54","31","0"
"11730232","0","5","0"
"11730571","1","30","0"
"11731991","0","0","0"
"11733513","2","3","0"
"11734631","1","2","0"
"11735881","0","10","0"
"11737766","0","3","0"
"11739189","0","0","0"
"11739330","1","23","0"
"11742456","1","8","0"
"11742875","1","0","0"
"11743857","0","1","0"
"11744520","0","1","0"
"11745250","0","9","0"
"11745695","0","1","0"
"11745699","0","0","0"
"11746990","0","1","0"
"11747375","2","0","0"
"11747484","3","8","0"
"11747650","1","8","0"
"11748563","0","2","0"
"11749309","6","31","0"
"11750723","3","17","0"
"11751265","0","1","0"
"11751282","0","0","0"
"11751570","0","0","0"
"11751900","13","15","0"
"11753047","0","4","0"
"11755919","0","2","0"
"11756054","0","5","0"
"11756439","0","14","0"
"11758622","2","4","0"
"11758880","0","5","0"
"11759276","0","1","0"
"11759356","0","2","0"
"11760549","3","6","0"
"11760835","3","4","0"
"11763172","10","9","0"
"11764752","1","5","0"
"11765323","0","6","0"
"11767160","0","3","0"
"11768746","0","0","0"
"11769574","0","2","0"
"11772682","18","4","1"
"11773575","0","3","0"
"11773772","0","3","0"
"11774427","14","4","0"
"11775255","2","1","0"
"11775423","18","20","0"
"11775872","0","1","0"
"11775878","0","3","0"
"11777078","5","16","0"
"11777638","0","9","0"
"11778534","0","9","0"
"11778624","0","1","0"
"11778844","0","19","0"
"11779053","0","4","0"
"11779221","8","0","0"
"11779243","2","2","0"
"11780009","37","33","1"
"11780033","3","5","0"
"11780608","0","0","0"
"11781125","1","13","0"
"11781799","0","13","0"
"11782763","0","6","0"
"11783290","1","14","0"
"11783513","1","3","0"
"11783657","0","0","0"
"11784550","0","32","0"
"11786490","0","0","0"
"11786491","0","0","0"
"11787027","0","20","0"
"11787578","0","2","0"
"11789345","0","7","0"
"11789804","0","19","0"
"11790181","0","7","0"
"11790546","0","3","0"
"11794712","0","5","0"
"11795653","4","19","0"
"11796804","0","11","0"
"11797105","0","0","0"
"11798572","3","15","0"
"11798799","0","10","0"
"11798831","0","2","0"
"11799373","0","1","0"
"11799970","1","2","0"
"11801147","0","8","0"
"11803029","0","3","0"
"11804517","5","13","1"
"11805719","1","1","0"
"11805821","0","5","0"
"11806050","2","2","0"
"11806970","0","1","0"
"11807648","2","0","0"
"11808081","6","10","0"
"11809836","0","12","0"
"11810453","0","2","0"
"11811906","0","1","0"
"11811981","0","31","0"
"11812230","6","3","0"
"11812542","0","2","0"
"11814244","4","2","0"
"11814487","0","4","0"
"11814556","0","6","0"
"11814794","1","32","0"
"11815090","0","1","0"
"11815509","0","0","0"
"11815954","8","24","0"
"11816322","1","21","0"
"11817153","0","1","0"
"11818994","1","7","0"
"11819569","2","16","0"
"11819676","2","6","0"
"11820420","0","2","0"
"11820775","0","13","0"
"11820819","0","3","0"
"11820899","7","2","0"
"11822272","0","6","0"
"11823381","1","0","0"
"11824033","5","5","0"
"11824475","3","7","0"
"11824872","0","0","0"
"11826520","0","3","0"
"11826752","0","11","0"
"11826845","3","36","0"
"11826986","0","5","0"
"11827985","6","4","0"
"11828763","3","8","0"
"11828995","13","17","0"
"11829625","2","4","0"
"11830159","0","0","0"
"11830339","13","17","0"
"11832749","10","15","0"
"11832873","0","12","0"
"11834362","1","53","0"
"11834577","0","45","0"
"11834595","0","0","0"
"11835095","0","12","0"
"11836566","1","2","0"
"11837371","1","1","0"
"11837648","1","6","0"
"11838061","0","2","0"
"11839142","2","1","0"
"11840358","0","4","0"
"11840909","2","2","0"
"11841240","1","10","0"
"11843054","20","11","0"
"11845869","4","5","0"
"11846787","0","17","0"
"11848633","0","0","0"
"11850665","0","7","0"
"11851132","2","1","0"
"11852002","0","1","0"
"11852137","2","1","0"
"11853491","4","20","0"
"11853945","0","0","0"
"11853960","2","13","0"
"11855580","6","0","0"
"11857076","0","2","0"
"11857487","0","3","1"
"11858157","0","13","0"
"11861734","1","14","0"
"11861977","1","9","0"
"11863368","0","7","0"
"11863582","8","5","0"
"11864255","6","3","0"
"11867299","0","4","0"
"11868322","1","1","0"
"11869043","1","4","0"
"11869442","0","8","0"
"11872622","1","21","0"
"11874681","0","10","0"
"11876374","0","2","0"
"11877521","0","15","0"
"11878891","0","0","0"
"11880087","3","6","0"
"11880634","0","10","0"
"11881765","0","3","0"
"11881928","6","9","0"
"11882543","17","9","0"
"11882729","0","16","0"
"11883685","2","5","0"
"11885251","0","0","0"
"11885820","0","1","0"
"11886531","2","2","0"
"11886897","0","6","0"
"11888674","15","5","0"
"11889865","0","14","0"
"11893675","0","5","0"
"11894831","31","64","2"
"11895010","7","1","0"
"11895230","0","1","0"
"11895964","0","0","0"
"11896620","0","3","0"
"11897386","0","0","0"
"11898208","6","28","0"
"11898242","0","2","0"
"11899118","0","0","0"
"11899189","0","0","0"
"11901089","3","10","0"
"11902460","20","3","2"
"11902569","0","0","0"
"11903620","0","6","0"
"11904702","0","12","0"
"11904876","1","21","0"
"11905409","0","5","0"
"11907016","1","14","0"
"11907506","0","5","0"
"11907742","0","0","0"
"11908297","17","49","0"
"11911397","0","6","0"
"11911399","4","7","0"
"11912872","1","11","0"
"11913236","2","3","1"
"11914047","0","2","0"
"11914142","5","19","0"
"11914162","0","0","0"
"11914431","0","1","0"
"11914568","0","3","0"
"11916759","5","14","0"
"11917056","0","2","0"
"11918083","0","6","0"
"11918678","0","0","0"
"11918697","1","16","0"
"11918751","0","0","0"
"11919026","0","3","0"
"11920524","0","0","0"
"11922126","1","10","0"
"11922177","0","9","0"
"11922545","0","1","0"
"11923747","10","8","0"
"11924440","3","5","0"
"11925803","0","3","0"
"11926259","0","2","0"
"11926287","0","2","0"
"11927005","0","4","0"
"11927652","0","9","0"
"11928441","0","0","0"
"11928675","2","9","0"
"11929336","0","5","0"
"11930703","0","2","0"
"11930825","3","15","0"
"11931524","5","76","0"
"11932313","0","18","0"
"11933249","1","23","0"
"11934228","5","10","0"
"11934279","0","1","0"
"11934814","6","9","0"
"11935204","0","11","0"
"11935673","0","0","0"
"11936773","0","12","0"
"11937913","0","5","0"
"11938264","0","5","0"
"11938330","0","4","0"
"11938374","0","2","0"
"11939288","0","3","0"
"11939335","0","5","0"
"11939522","0","1","0"
"11940250","17","20","0"
"11941707","1","1","0"
"11942585","0","0","0"
"11942812","0","4","0"
"11943774","0","19","0"
"11943914","0","5","0"
"11945823","1","1","0"
"11945932","0","2","0"
"11946373","3","4","0"
"11947315","3","4","0"
"11948079","2","1","0"
"11949273","8","22","0"
"11950938","0","0","0"
"11952767","0","8","0"
"11953446","3","14","0"
"11954354","0","8","0"
"11955084","0","0","0"
"11955613","0","19","0"
"11956186","1","17","0"
"11956480","0","24","0"
"11957291","0","11","0"
"11957422","1","0","0"
"11957546","0","3","0"
"11958007","21","12","1"
"11958481","0","7","0"
"11958931","7","1","0"
"11959421","2","7","0"
"11960914","0","10","0"
"11962301","1","26","1"
"11962518","5","0","0"
"11962536","0","5","0"
"11964591","1","8","0"
"11965172","0","0","0"
"11968213","5","8","0"
"11968666","0","9","0"
"11968859","1","1","0"
"11969696","0","7","0"
"11970472","0","6","0"
"11971137","1","11","0"
"11971765","2","4","0"
"11973491","0","4","0"
"11973664","1","12","0"
"11974317","4","0","1"
"11974339","0","43","0"
"11974537","0","6","0"
"11974570","0","1","0"
"11974708","3","27","0"
"11975017","0","0","0"
"11975204","2","11","0"
"11975276","1","1","0"
"11976344","0","5","0"
"11977152","5","1","1"
"11977664","0","0","0"
"11977900","0","5","0"
"11978375","8","27","0"
"11978448","0","16","0"
"11978973","1","5","0"
"11979729","7","11","0"
"11980301","0","9","0"
"11981583","0","20","0"
"11982309","0","64","0"
"11982894","0","7","0"
"11982933","0","30","0"
"11984655","0","1","0"
"11984900","0","0","0"
"11985806","0","8","0"
"11986070","0","8","0"
"11987013","1","50","0"
"11987129","1","1","0"
"11987162","0","0","0"
"11987760","0","51","0"
"11987766","0","9","0"
"11987791","0","17","0"
"11987812","0","1","0"
"11988032","0","0","0"
"11988292","0","3","0"
"11988331","0","1","0"
"11989003","0","11","0"
"11992866","0","7","0"
"11994767","0","0","0"
"11994959","0","0","0"
"11995052","0","11","0"
"11995135","0","1","0"
"11995192","0","11","0"
"11995503","67","1","1"
"11995781","0","0","0"
"11997538","0","1","0"
"11997705","1","3","0"
"11999789","0","12","0"
"12000549","0","2","0"
"12000733","0","1","0"
"12002242","0","11","0"
"12002311","0","1","0"
"12002711","1","10","0"
"12002831","0","26","0"
"12003182","0","2","0"
"12003581","0","0","0"
"12004427","0","22","0"
"12005644","0","7","0"
"12006299","0","3","0"
"12006894","0","10","0"
"12007280","2","4","0"
"12007377","0","2","0"
"12007756","0","3","0"
"12008056","0","3","0"
"12008346","0","2","0"
"12008627","0","3","0"
"12008630","2","3","0"
"12008648","1","0","0"
"12008827","0","3","0"
"12009306","3","36","0"
"12009358","4","33","0"
"12009526","0","5","0"
"12011195","3","44","6"
"12011541","1","13","0"
"12012896","0","2","0"
"12013185","2","1","0"
"12013270","0","9","0"
"12014122","2","5","0"
"12016364","3","3","0"
"12019191","1","3","0"
"12019503","0","15","0"
"12019557","0","0","0"
"12021064","0","1","0"
"12021448","0","7","0"
"12021628","0","24","0"
"12021701","4","15","0"
"12021710","1","16","0"
"12022319","0","0","0"
"12022398","1","1","0"
"12024043","0","4","0"
"12024267","2","1","0"
"12025933","4","23","0"
"12026421","0","1","0"
"12027924","0","6","0"
"12028513","4","0","0"
"12030603","4","7","0"
"12030753","0","1","0"
"12031098","0","3","0"
"12032020","0","5","0"
"12033559","0","2","0"
"12034976","3","15","0"
"12035598","0","12","0"
"12036254","2","8","0"
"12036438","3","4","0"
"12036769","1","15","0"
"12037038","1","0","0"
"12037101","2","8","0"
"12037153","0","12","0"
"12037478","2","8","0"
"12038309","4","3","0"
"12038751","0","3","0"
"12039761","0","17","0"
"12039826","0","0","0"
"12040488","2","0","0"
"12041334","0","0","0"
"12041394","4","12","0"
"12041519","1","3","0"
"12042909","5","0","0"
"12043732","1","10","0"
"12044601","1","1","0"
"12046967","0","0","0"
"12047009","2","15","0"
"12049123","9","9","0"
"12050799","0","10","0"
"12052528","0","12","0"
"12053852","0","3","0"
"12056544","3","3","0"
"12057272","1","0","0"
"12057446","0","0","0"
"12057872","1","4","0"
"12058001","0","27","0"
"12060353","2","2","0"
"12060672","4","6","0"
"12061072","0","19","0"
"12061204","0","27","0"
"12061669","0","1","0"
"12062297","0","4","0"
"12062709","0","27","0"
"12063597","0","0","0"
"12063610","2","2","0"
"12063888","15","14","0"
"12064118","6","5","0"
"12065291","0","5","0"
"12065756","0","7","0"
"12066138","0","0","0"
"12066718","0","3","0"
"12067438","0","1","0"
"12067493","0","1","0"
"12068284","0","3","0"
"12068529","4","18","0"
"12068935","1","24","0"
"12069555","0","0","0"
"12069846","0","0","0"
"12070531","0","0","0"
"12071144","1","3","0"
"12071682","2","3","0"
"12072709","0","7","0"
"12073317","0","6","0"
"12074966","0","0","0"
"12075658","0","0","0"
"12077117","0","1","0"
"12077200","0","11","0"
"12077805","0","1","0"
"12078434","1","0","0"
"12079044","3","5","0"
"12079058","2","19","0"
"12079117","0","10","0"
"12080570","0","4","0"
"12081075","1","4","0"
"12083049","7","0","0"
"12083542","13","41","0"
"12083816","1","6","0"
"12083943","0","22","0"
"12084696","0","1","0"
"12084859","1","21","0"
"12085807","0","2","0"
"12086075","0","8","0"
"12087525","1","13","0"
"12088610","0","16","0"
"12092197","3","9","0"
"12094184","0","6","0"
"12094709","34","1","0"
"12095191","14","16","0"
"12095194","0","5","0"
"12096138","0","7","0"
"12097030","4","4","0"
"12097072","0","16","0"
"12098337","13","16","0"
"12099013","0","1","0"
"12099046","1","5","0"
"12099344","0","3","0"
"12099375","0","1","0"
"12100016","1","7","0"
"12101795","0","21","0"
"12103312","1","2","0"
"12103912","3","5","0"
"12105534","0","0","0"
"12105742","0","0","0"
"12105954","9","34","0"
"12105959","0","7","0"
"12109162","1","5","0"
"12109178","0","4","0"
"12109453","0","1","0"
"12112306","0","2","0"
"12114320","7","21","0"
"12116036","0","3","0"
"12116296","0","1","0"
"12118034","0","4","0"
"12118468","0","1","0"
"12118483","1","11","0"
"12118519","0","0","0"
"12118532","0","2","0"
"12119212","2","8","0"
"12120585","0","10","0"
"12121119","0","3","0"
"12121297","1","3","0"
"12122990","1","4","0"
"12123712","0","12","0"
"12126576","0","6","0"
"12127169","0","12","0"
"12128294","0","3","0"
"12130308","0","3","0"
"12130817","2","3","0"
"12130980","9","1","0"
"12131849","2","2","0"
"12132413","0","2","0"
"12133068","6","3","0"
"12133214","0","7","0"
"12133280","3","21","0"
"12134209","0","4","0"
"12134289","0","1","0"
"12134984","1","0","0"
"12135042","7","10","0"
"12135529","0","3","0"
"12135619","12","9","0"
"12136004","0","0","0"
"12138213","0","4","0"
"12138245","1","6","0"
"12138310","2","14","0"
"12141512","1","0","0"
"12141701","5","14","2"
"12142947","4","10","0"
"12143067","3","6","0"
"12143234","1","4","0"
"12143300","0","5","0"
"12145051","0","3","0"
"12146588","0","7","0"
"12147051","1","38","0"
"12148551","0","4","0"
"12148647","0","7","0"
"12148901","1","8","0"
"12149334","0","0","0"
"12151306","0","9","0"
"12154036","3","7","0"
"12154601","0","12","0"
"12155602","0","1","0"
"12155702","1","2","0"
"12158653","0","8","0"
"12159196","0","4","0"
"12160420","0","8","0"
"12161087","2","4","0"
"12161328","0","1","0"
"12161568","3","8","0"
"12161935","0","1","0"
"12162657","0","7","0"
"12165732","0","14","0"
"12166744","0","1","0"
"12166749","3","4","0"
"12169276","5","1","0"
"12169589","0","7","0"
"12170868","3","14","0"
"12171536","0","5","0"
"12171869","2","10","0"
"12171976","12","0","0"
"12172313","0","21","0"
"12172680","4","9","0"
"12172880","0","3","0"
"12173580","0","8","0"
"12175801","0","6","0"
"12175903","0","6","0"
"12176011","0","3","0"
"12176236","0","0","0"
"12176602","1","2","0"
"12176973","9","6","0"
"12177065","0","1","0"
"12178412","0","0","0"
"12178594","0","0","0"
"12180113","0","11","0"
"12180140","0","8","0"
"12180320","0","6","0"
"12180709","1","1","0"
"12181868","3","4","0"
"12182218","0","91","0"
"12182508","1","6","0"
"12185026","0","5","0"
"12185028","1","7","0"
"12186354","0","9","0"
"12186804","0","2","0"
"12187548","0","13","0"
"12189042","5","6","0"
"12189626","0","8","0"
"12189648","0","0","0"
"12189751","7","8","0"
"12190063","2","4","0"
"12190613","0","10","0"
"12190729","3","2","0"
"12191011","9","5","0"
"12191232","0","3","0"
"12191567","0","6","0"
"12192271","3","9","0"
"12192391","1","10","0"
"12192653","3","1","0"
"12192973","0","10","0"
"12194140","1","15","0"
"12194227","15","20","9"
"12194386","0","13","1"
"12194802","1","6","0"
"12195751","0","4","0"
"12195775","2","1","0"
"12197001","0","4","0"
"12197845","3","1","0"
"12198981","4","6","0"
"12199199","0","17","0"
"12199450","0","0","0"
"12200628","9","14","0"
"12200835","0","0","0"
"12201028","0","2","0"
"12201035","0","0","0"
"12201376","0","52","0"
"12201614","0","6","0"
"12201908","0","6","0"
"12202120","10","20","0"
"12204202","0","6","0"
"12204458","2","14","0"
"12208634","0","7","0"
"12210283","0","2","0"
"12210644","0","3","0"
"12210888","0","4","0"
"12210952","0","0","0"
"12210967","0","4","0"
"12212051","38","45","0"
"12212317","0","12","0"
"12214580","1","9","0"
"12215288","0","6","0"
"12215362","0","1","0"
"12216383","16","1","2"
"12218834","0","2","0"
"12219629","0","2","0"
"12220761","0","2","0"
"12222909","1","8","0"
"12224653","0","25","0"
"12226091","10","6","0"
"12226444","0","2","0"
"12228149","0","8","0"
"12228384","0","0","0"
"12228510","0","17","0"
"12228688","20","1","1"
"12230034","3","15","0"
"12230951","0","9","0"
"12231983","0","3","0"
"12232499","3","4","0"
"12233224","0","44","0"
"12238257","17","141","0"
"12239887","0","7","0"
"12241692","3","6","0"
"12241909","1","12","0"
"12242894","0","14","0"
"12242955","5","11","0"
"12243531","0","16","0"
"12244838","0","1","0"
"12245505","0","4","0"
"12246264","21","17","2"
"12246735","3","9","0"
"12248328","4","11","1"
"12249422","34","25","0"
"12249773","0","4","0"
"12250062","0","5","0"
"12252461","0","0","0"
"12252645","5","84","0"
"12252666","13","8","0"
"12252679","1","13","0"
"12252869","0","6","0"
"12255375","0","3","0"
"12255620","24","15","0"
"12255794","9","9","1"
"12256798","1","12","0"
"12257283","0","24","0"
"12258063","0","1","0"
"12258797","0","2","0"
"12260023","0","4","0"
"12260268","0","31","0"
"12260544","0","5","0"
"12261081","0","12","0"
"12261629","0","4","0"
"12261640","0","4","0"
"12262627","0","4","0"
"12262956","22","29","0"
"12264300","0","15","0"
"12264501","0","0","0"
"12264600","0","0","0"
"12265470","0","6","0"
"12267029","1","19","0"
"12267202","0","38","0"
"12267311","0","0","0"
"12268849","0","3","0"
"12269776","2","6","0"
"12271495","6","1","0"
"12271639","0","4","0"
"12272046","0","51","0"
"12274046","3","3","0"
"12274586","1","1","0"
"12274901","0","12","0"
"12275656","0","9","0"
"12276080","0","24","0"
"12276830","0","6","0"
"12277078","1","5","0"
"12277392","9","55","0"
"12278292","59","33","1"
"12279315","7","9","0"
"12280485","0","6","0"
"12281269","1","19","0"
"12281325","2","0","0"
"12282288","0","6","0"
"12282361","2","45","0"
"12283001","0","2","0"
"12284549","0","16","0"
"12284562","3","30","0"
"12284746","0","6","0"
"12285347","3","16","0"
"12285928","0","3","0"
"12286045","3","0","1"
"12286645","6","6","0"
"12288311","0","6","0"
"12288595","0","16","0"
"12288988","0","1","0"
"12289278","1","1","0"
"12289324","0","7","0"
"12289678","25","46","0"
"12289913","0","5","0"
"12291174","48","0","0"
"12291277","1","3","0"
"12291777","3","61","0"
"12291837","0","0","0"
"12292989","1","25","0"
"12295256","1","0","0"
"12295873","1","3","0"
"12300188","0","8","0"
"12302146","2","8","0"
"12302691","1","4","0"
"12302782","0","26","0"
"12304367","2","2","0"
"12304439","0","0","0"
"12304937","0","13","0"
"12305553","0","6","0"
"12305701","0","2","0"
"12305989","0","4","0"
"12306220","0","1","0"
"12307560","2","2","0"
"12307961","0","2","0"
"12309114","0","5","0"
"12309235","0","3","0"
"12309729","1","25","0"
"12311703","0","5","0"
"12313727","3","1","0"
"12315558","1","2","0"
"12315835","0","3","0"
"12316314","3","2","0"
"12317548","0","3","0"
"12318166","0","2","0"
"12318227","2","14","0"
"12318687","0","3","0"
"12319116","0","0","0"
"12319468","0","2","0"
"12319961","2","0","0"
"12320283","0","0","0"
"12321366","24","2","0"
"12322378","0","3","0"
"12325961","0","6","0"
"12326072","0","25","0"
"12326471","1","5","0"
"12327305","11","6","0"
"12328791","0","2","0"
"12331329","2","1","0"
"12331682","3","5","0"
"12333367","0","12","0"
"12333881","0","6","0"
"12334314","0","1","0"
"12334317","0","12","0"
"12334353","6","13","0"
"12335595","0","3","0"
"12336962","0","14","0"
"12337783","0","42","1"
"12338482","12","14","1"
"12338839","2","13","0"
"12339258","0","23","0"
"12339470","0","1","0"
"12339739","0","5","0"
"12339760","1","10","0"
"12340604","0","18","0"
"12340768","0","0","0"
"12341091","1","5","0"
"12341397","1","17","0"
"12342554","1","4","0"
"12343741","3","50","0"
"12343742","0","0","0"
"12343828","0","10","0"
"12344938","0","20","0"
"12345062","7","10","0"
"12346099","0","7","0"
"12346628","0","4","0"
"12347122","0","16","0"
"12347360","1","1","0"
"12347709","2","2","0"
"12348853","0","0","0"
"12349230","0","4","0"
"12349783","0","18","0"
"12350536","1","9","0"
"12351212","0","14","0"
"12355640","0","5","0"
"12355947","3","15","0"
"12356477","8","3","1"
"12356847","0","3","0"
"12357392","0","0","0"
"12359120","0","45","6"
"12359695","9","2","0"
"12359863","11","20","0"
"12361414","4","20","0"
"12364626","2","9","0"
"12365214","1","13","0"
"12365577","0","1","0"
"12365933","2","12","0"
"12365975","0","3","0"
"12366715","0","4","0"
"12366978","1","0","0"
"12368176","0","1","0"
"12369479","0","5","0"
"12369894","1","12","0"
"12369910","4","16","0"
"12371668","0","0","0"
"12371874","9","3","3"
"12372702","0","4","0"
"12373880","0","5","0"
"12374215","0","0","0"
"12374444","0","0","0"
"12374463","0","9","0"
"12375196","0","22","0"
"12376255","0","15","0"
"12376616","0","0","0"
"12378094","1","12","0"
"12378278","0","0","0"
"12379401","6","2","0"
"12379546","8","8","0"
"12379695","0","8","0"
"12379758","0","7","0"
"12382178","0","0","0"
"12382636","0","3","0"
"12383007","0","4","0"
"12383571","1","6","0"
"12384806","1","5","0"
"12385278","0","21","0"
"12386658","6","7","0"
"12387614","2","4","0"
"12387711","0","14","0"
"12387754","0","4","0"
"12388621","1","10","0"
"12389380","0","3","0"
"12389642","1","3","0"
"12390144","0","4","0"
"12390764","5","0","0"
"12390835","10","9","0"
"12391609","2","6","0"
"12391896","2","7","0"
"12391930","1","9","0"
"12393723","8","12","0"
"12394291","8","15","0"
"12395807","0","9","0"
"12396312","0","0","0"
"12397986","0","0","0"
"12401112","0","3","0"
"12401819","0","12","0"
"12403395","0","1","0"
"12403754","0","0","0"
"12403767","0","7","0"
"12405221","0","3","0"
"12405368","9","54","0"
"12409572","4","20","0"
"12410280","0","43","0"
"12412231","0","1","0"
"12412262","0","19","0"
"12413832","4","19","0"
"12415334","0","30","0"
"12416058","1","25","0"
"12417175","1","9","0"
"12417530","0","5","0"
"12418743","0","21","1"
"12420342","0","13","0"
"12421057","0","0","0"
"12421110","4","2","0"
"12421241","0","0","0"
"12421440","1","16","0"
"12421921","0","3","0"
"12422267","0","8","0"
"12422326","0","12","0"
"12423870","0","4","0"
"12424320","0","27","0"
"12424622","2","2","0"
"12425619","9","2","1"
"12428813","4","0","0"
"12430356","0","7","0"
"12432903","0","12","0"
"12433240","0","55","0"
"12435588","0","2","0"
"12435976","0","1","0"
"12436158","1","1","0"
"12439522","0","1","0"
"12439637","0","2","0"
"12440036","5","5","0"
"12440415","1","17","0"
"12440539","5","14","0"
"12441586","1","17","0"
"12442823","1","8","0"
"12445526","0","1","0"
"12446002","0","3","0"
"12446522","0","12","0"
"12451451","0","7","0"
"12451991","2","2","0"
"12452008","3","10","0"
"12454821","0","6","0"
"12456014","0","0","0"
"12456264","1","1","0"
"12456433","0","0","0"
"12456968","5","4","0"
"12457171","2","7","0"
"12459029","0","5","0"
"12459786","3","0","0"
"12460507","3","10","0"
"12460626","8","23","0"
"12461473","0","0","0"
"12462712","0","8","0"
"12462885","0","15","0"
"12462923","0","0","0"
"12463055","1","9","0"
"12463064","0","6","0"
"12463548","0","12","0"
"12464144","1","1","0"
"12464864","0","5","0"
"12464880","0","91","0"
"12464892","4","9","0"
"12464925","0","22","0"
"12464952","0","11","0"
"12465796","2","5","0"
"12465916","0","0","0"
"12466366","0","36","0"
"12467484","2","68","0"
"12468111","14","2","1"
"12468283","1","1","0"
"12468922","0","6","0"
"12469248","0","4","0"
"12469275","5","6","0"
"12470495","0","7","0"
"12471164","2","3","0"
"12471918","0","0","0"
"12472088","0","8","0"
"12472146","0","11","0"
"12472934","0","9","0"
"12472937","0","1","0"
"12472959","0","2","0"
"12473607","0","13","0"
"12473698","1","2","0"
"12474305","0","23","0"
"12474395","0","6","0"
"12474721","0","2","0"
"12476026","0","10","0"
"12476275","0","0","0"
"12477643","6","5","0"
"12478074","6","3","0"
"12478211","0","2","0"
"12479214","0","9","0"
"12479315","1","0","0"
"12479689","0","0","0"
"12480108","0","0","0"
"12480692","0","13","0"
"12481509","0","7","0"
"12483092","0","4","0"
"12485825","2","1","0"
"12486979","0","4","0"
"12487006","0","7","0"
"12487076","1","2","0"
"12487413","4","23","0"
"12487682","1","5","0"
"12488034","0","7","0"
"12488167","10","10","0"
"12490440","0","3","0"
"12490479","0","4","0"
"12490561","4","7","0"
"12492113","4","37","1"
"12492468","0","7","0"
"12492642","1","8","0"
"12492815","5","6","0"
"12492967","2","8","0"
"12494138","0","8","0"
"12495084","0","0","0"
"12495388","0","2","0"
"12496947","0","1","0"
"12497744","4","2","0"
"12497813","0","19","0"
"12498746","0","8","0"
"12499225","3","40","0"
"12499617","1","0","0"
"12500840","1","10","0"
"12500898","0","8","0"
"12501192","0","4","0"
"12502042","0","7","0"
"12502416","0","23","0"
"12502568","5","22","0"
"12503693","0","2","0"
"12504192","0","2","0"
"12504196","0","2","0"
"12504544","0","7","0"
"12505071","15","16","0"
"12505723","1","4","0"
"12506059","2","5","0"
"12506554","21","13","3"
"12506990","10","3","0"
"12508141","1","2","0"
"12508828","0","17","0"
"12510464","3","19","0"
"12511391","1","4","0"
"12511566","0","11","0"
"12512617","5","19","0"
"12512650","0","26","0"
"12514005","1","15","0"
"12516004","0","19","0"
"12516287","0","1","0"
"12517302","10","24","1"
"12517370","0","9","0"
"12518361","0","6","0"
"12518633","3","4","0"
"12518969","0","2","0"
"12519284","0","3","0"
"12519564","0","2","0"
"12519864","155","0","2"
"12519972","0","5","0"
"12520173","0","1","0"
"12520370","0","1","0"
"12520407","0","6","0"
"12521653","0","5","0"
"12522881","2","5","0"
"12523079","15","12","0"
"12523167","1","2","0"
"12524696","1","5","0"
"12526984","2","25","0"
"12527080","0","7","0"
"12527260","2","20","0"
"12528974","2","18","0"
"12529459","0","1","0"
"12530299","3","0","0"
"12531078","0","2","0"
"12531578","5","0","0"
"12531625","0","1","0"
"12531906","0","1","0"
"12531920","2","54","0"
"12532291","1","4","0"
"12533413","0","3","0"
"12533736","0","1","0"
"12534871","4","26","0"
"12535358","0","3","0"
"12536007","0","3","0"
"12536525","0","15","0"
"12536629","0","16","0"
"12536805","0","0","0"
"12536878","0","7","0"
"12538510","0","0","0"
"12538581","0","5","0"
"12540317","0","3","0"
"12543865","0","3","0"
"12544611","5","2","0"
"12544896","1","9","0"
"12546784","0","2","0"
"12548345","0","6","0"
"12549948","0","3","0"
"12550264","0","4","0"
"12550450","0","0","0"
"12550791","2","0","0"
"12550913","0","1","0"
"12551025","0","0","0"
"12551088","0","0","0"
"12551135","2","1","0"
"12551865","0","5","0"
"12552884","10","15","0"
"12553246","4","2","0"
"12553428","0","0","0"
"12553583","0","40","0"
"12553730","14","42","1"
"12554173","0","8","0"
"12554339","7","18","0"
"12554566","0","5","0"
"12555168","0","3","0"
"12557899","7","9","0"
"12558039","0","0","0"
"12561254","0","18","0"
"12561277","10","7","1"
"12563306","0","1","0"
"12563661","0","4","0"
"12563873","1","19","0"
"12564020","3","7","0"
"12565329","5","29","0"
"12566149","0","5","0"
"12566464","0","12","0"
"12567622","6","61","0"
"12567942","2","4","0"
"12567966","0","5","0"
"12568156","1","24","0"
"12568350","1","10","0"
"12570402","0","0","0"
"12571724","3","2","0"
"12571947","6","26","0"
"12572255","0","3","0"
"12573094","0","1","0"
"12574067","0","4","0"
"12574225","0","5","0"
"12574962","0","20","0"
"12576070","0","4","0"
"12576273","1","8","0"
"12576370","7","10","0"
"12576382","0","1","1"
"12576593","0","7","0"
"12576682","0","2","0"
"12577044","0","6","0"
"12578079","0","12","0"
"12579434","0","2","0"
"12580003","0","30","0"
"12580579","1","48","0"
"12580964","5","14","0"
"12581865","0","5","0"
"12581876","0","9","0"
"12583436","0","4","0"
"12584896","0","1","0"
"12585274","3","16","0"
"12585571","0","12","1"
"12586621","0","10","0"
"12587382","3","11","0"
"12587464","1","6","0"
"12587470","0","1","0"
"12588118","1","9","0"
"12588250","0","18","0"
"12588927","8","4","0"
"12588979","0","5","0"
"12590217","0","2","0"
"12590798","0","4","0"
"12590983","3","0","0"
"12591119","0","1","0"
"12593296","0","8","0"
"12593600","3","13","0"
"12594963","1","4","0"
"12596113","0","0","0"
"12597252","3","19","0"
"12597634","3","0","0"
"12599491","0","8","0"
"12600300","1","2","0"
"12600501","4","9","0"
"12603756","0","0","0"
"12606442","0","4","0"
"12606740","0","4","0"
"12607493","2","15","0"
"12608183","0","4","0"
"12609922","0","14","0"
"12612778","0","2","0"
"12613343","14","7","0"
"12613405","4","16","0"
"12614300","0","0","0"
"12614581","0","1","0"
"12614983","5","7","0"
"12615294","0","4","0"
"12615735","7","40","0"
"12615886","4","9","0"
"12616764","0","3","0"
"12619432","3","5","0"
"12619589","0","21","0"
"12620340","1","2","0"
"12622162","6","28","0"
"12623421","0","2","0"
"12624390","2","1","0"
"12626944","0","12","0"
"12628138","0","6","0"
"12628960","0","0","0"
"12630589","0","0","0"
"12631570","17","39","0"
"12631837","0","8","0"
"12631978","0","1","3"
"12632193","0","0","0"
"12633228","0","27","0"
"12635487","1","3","0"
"12635565","3","25","0"
"12636255","3","8","1"
"12636391","1","28","0"
"12636967","0","4","0"
"12637459","0","7","0"
"12637493","0","4","0"
"12637994","0","1","0"
"12639165","4","20","0"
"12639184","1","4","0"
"12639995","0","4","0"
"12640916","1","17","0"
"12641617","5","17","0"
"12642499","0","245","0"
"12642729","1","35","0"
"12644913","0","3","0"
"12645589","4","0","0"
"12645793","2","10","0"
"12646254","0","4","0"
"12646287","0","3","0"
"12646674","0","0","0"
"12647344","2","4","0"
"12647753","1","3","0"
"12649627","0","15","0"
"12649802","0","3","0"
"12650176","3","9","0"
"12650566","0","0","0"
"12652060","0","15","0"
"12652701","4","15","0"
"12654535","2","1","0"
"12655022","2","2","0"
"12655258","0","2","0"
"12656190","1","9","0"
"12657350","0","8","0"
"12657708","0","40","0"
"12658480","0","20","0"
"12659563","0","0","0"
"12663333","3","2","0"
"12664011","0","8","0"
"12664279","3","17","0"
"12664714","3","3","0"
"12664842","0","2","0"
"12665199","3","6","0"
"12665616","1","0","0"
"12666301","0","11","0"
"12666476","0","0","0"
"12666897","0","26","0"
"12667283","1","30","0"
"12667631","0","1","0"
"12667988","0","0","0"
"12668719","0","6","0"
"12669673","1","3","0"
"12673581","0","6","0"
"12673911","0","2","0"
"12674281","0","0","0"
"12676370","0","5","0"
"12677253","2","1","0"
"12677411","0","6","0"
"12677413","0","0","0"
"12677653","14","7","3"
"12677894","1","9","0"
"12678385","0","0","0"
"12681992","2","26","0"
"12682321","4","8","0"
"12682491","2","11","0"
"12682515","0","4","0"
"12683622","3","13","0"
"12685348","0","0","0"
"12688707","0","0","0"
"12689989","0","7","0"
"12690211","0","1","0"
"12690348","51","12","3"
"12692272","2","11","0"
"12693387","0","18","0"
"12694476","0","0","0"
"12694648","4","12","0"
"12694952","0","6","0"
"12695057","18","5","0"
"12695327","0","13","0"
"12696035","0","4","0"
"12697140","3","5","0"
"12697989","0","2","0"
"12698116","0","5","0"
"12698729","0","1","0"
"12698926","0","1","0"
"12699001","0","4","0"
"12699005","0","0","0"
"12700250","0","4","0"
"12700614","0","17","0"
"12701803","1","21","0"
"12702562","0","1","0"
"12702595","2","1","0"
"12703411","8","16","0"
"12703534","2","0","0"
"12703638","0","10","0"
"12703899","0","4","0"
"12704030","0","2","0"
"12704908","1","8","0"
"12706359","0","0","0"
"12706366","5","4","0"
"12706523","2","23","0"
"12708019","3","3","0"
"12709358","11","76","0"
"12710567","0","9","0"
"12711133","4","19","0"
"12712233","2","9","0"
"12714940","0","0","0"
"12716668","0","0","0"
"12717025","0","4","0"
"12720020","0","13","0"
"12720807","1","8","0"
"12723936","0","4","0"
"12724430","1","0","0"
"12724927","0","28","0"
"12725318","3","17","0"
"12725545","2","5","0"
"12725825","13","22","0"
"12726693","3","39","0"
"12727185","3","17","0"
"12727918","1","4","1"
"12728268","0","1","0"
"12729135","2","18","0"
"12729474","6","13","0"
"12730715","7","18","0"
"12730875","1","1","0"
"12733465","0","6","0"
"12733466","27","29","0"
"12735555","3","6","0"
"12736321","0","13","0"
"12737833","2","3","0"
"12738618","1","2","0"
"12738660","1","5","0"
"12738824","0","6","0"
"12741063","0","1","0"
"12741671","3","3","0"
"12742617","0","23","0"
"12743105","0","3","0"
"12743323","0","7","0"
"12746710","0","0","0"
"12746767","6","8","0"
"12747476","0","0","0"
"12747764","0","54","0"
"12749158","1","3","0"
"12751927","1","1","0"
"12751936","0","2","0"
"12754019","0","3","0"
"12754285","2","2","0"
"12754544","0","6","0"
"12754792","3","7","0"
"12755627","5","8","0"
"12755658","0","3","0"
"12755986","0","0","0"
"12756065","0","9","0"
"12756596","0","1","0"
"12757255","0","1","0"
"12757365","0","10","0"
"12757555","1","2","0"
"12757683","0","0","0"
"12758069","0","5","0"
"12759970","1","0","0"
"12760602","0","14","0"
"12761167","6","13","0"
"12761873","4","9","0"
"12762250","0","35","0"
"12762510","0","7","0"
"12762871","4","8","0"
"12763382","6","11","0"
"12763693","3","18","0"
"12765921","2","2","0"
"12768056","0","5","0"
"12768772","0","4","0"
"12768885","0","0","0"
"12769434","0","2","0"
"12769604","9","40","0"
"12769984","0","1","0"
"12771717","0","2","0"
"12771724","3","1","0"
"12772716","0","6","0"
"12773977","0","5","0"
"12774229","3","5","0"
"12775090","3","9","0"
"12775291","11","22","0"
"12775618","0","12","0"
"12775971","0","0","0"
"12776112","0","2","0"
"12776204","1","0","0"
"12776496","1","2","0"
"12776623","5","6","0"
"12776740","0","1","0"
"12777005","0","2","0"
"12777955","1","0","0"
"12778051","2","1","0"
"12779682","0","3","0"
"12781179","0","1","0"
"12782922","0","4","0"
"12785964","0","6","0"
"12786740","0","16","0"
"12789292","0","3","0"
"12790061","0","4","0"
"12791075","0","3","0"
"12791698","0","11","0"
"12791811","2","6","0"
"12793815","4","5","0"
"12797444","0","3","0"
"12797458","5","3","0"
"12798180","18","13","0"
"12799518","3","15","0"
"12800045","0","11","0"
"12800810","0","0","0"
"12801410","2","6","0"
"12802152","1","2","0"
"12802377","0","6","0"
"12802892","0","1","0"
"12803095","1","19","0"
"12804748","2","18","1"
"12805254","0","16","0"
"12806234","0","0","0"
"12808460","1","33","0"
"12810070","0","8","0"
"12813559","2","36","0"
"12813569","0","1","0"
"12813584","0","22","0"
"12814009","1","4","0"
"12814645","1","13","4"
"12814680","5","18","0"
"12815133","0","2","0"
"12815631","17","95","0"
"12815882","0","11","0"
"12817385","2","8","0"
"12818154","7","9","0"
"12819020","8","11","0"
"12821102","0","25","0"
"12821956","0","2","0"
"12822178","0","5","0"
"12823329","2","0","0"
"12824395","0","0","0"
"12825997","0","2","0"
"12827264","0","4","0"
"12827471","0","1","0"
"12827530","1","1","0"
"12827591","1","3","0"
"12828357","0","4","0"
"12828626","1","2","0"
"12828765","0","3","0"
"12828793","0","8","0"
"12829775","2","4","0"
"12830864","0","0","0"
"12830907","0","6","0"
"12831866","3","11","0"
"12832004","0","5","0"
"12833084","0","8","0"
"12834388","2","0","0"
"12835892","6","3","0"
"12837532","0","1","0"
"12838577","0","8","0"
"12839543","8","9","0"
"12841602","0","5","0"
"12843675","0","14","0"
"12843942","2","28","0"
"12845003","0","6","0"
"12846120","0","1","0"
"12846242","11","1","1"
"12846266","0","6","0"
"12846672","0","2","0"
"12846701","5","14","0"
"12847183","0","21","0"
"12847581","0","1","0"
"12847723","0","3","0"
"12848033","0","15","0"
"12848213","5","10","1"
"12851097","0","14","0"
"12852012","0","8","0"
"12852097","0","7","0"
"12852111","1","4","0"
"12852807","0","34","0"
"12854051","0","1","0"
"12856576","5","7","0"
"12856818","1","5","0"
"12858184","1","0","0"
"12858593","3","7","0"
"12859338","0","19","0"
"12860181","0","3","0"
"12860550","0","0","0"
"12862313","4","12","0"
"12862450","2","15","0"
"12863071","0","12","0"
"12863176","1","16","0"
"12863307","0","3","0"
"12864008","0","4","0"
"12865050","0","2","0"
"12865378","0","15","0"
"12867963","1","1","0"
"12871003","27","5","1"
"12871978","9","0","0"
"12872202","0","18","0"
"12872688","0","34","0"
"12872690","0","4","0"
"12873164","1","2","0"
"12873715","2","12","0"
"12873907","35","15","0"
"12874906","0","1","0"
"12875088","0","3","0"
"12875957","0","3","0"
"12876546","0","1","0"
"12877751","0","0","0"
"12878671","0","1","0"
"12878692","16","12","0"
"12878904","0","9","0"
"12879425","0","14","0"
"12879580","0","2","0"
"12879593","0","2","0"
"12879643","0","4","0"
"12880606","1","0","0"
"12880843","1","0","0"
"12883014","0","5","0"
"12883017","0","7","0"
"12883179","7","34","0"
"12884696","0","2","0"
"12885166","1","5","0"
"12885493","8","16","0"
"12886555","0","38","0"
"12887100","0","7","0"
"12887588","8","46","0"
"12888866","0","25","0"
"12889007","7","14","0"
"12889639","0","1","0"
"12890159","0","51","0"
"12890173","0","5","0"
"12891414","0","8","0"
"12892010","0","5","0"
"12892465","0","13","0"
"12893798","0","37","0"
"12893835","3","11","0"
"12894011","20","31","0"
"12894643","0","8","0"
"12896369","4","3","0"
"12897021","5","6","0"
"12897479","0","6","0"
"12898692","0","3","0"
"12899294","2","9","0"
"12899753","0","2","0"
"12900473","0","1","0"
"12902649","6","8","0"
"12903165","10","14","0"
"12903702","0","6","0"
"12904198","0","2","0"
"12904301","0","0","0"
"12904599","0","93","0"
"12904608","2","21","0"
"12904729","0","3","0"
"12906193","1","4","0"
"12906524","0","6","0"
"12907767","1","0","0"
"12908759","0","2","0"
"12909214","0","2","0"
"12909341","2","8","0"
"12909792","7","6","0"
"12913325","2","17","0"
"12914069","0","1","0"
"12914160","2","3","0"
"12914537","0","3","0"
"12914829","0","1","0"
"12914986","0","3","0"
"12915097","2","5","0"
"12915265","0","0","0"
"12915766","3","7","0"
"12916365","0","0","0"
"12916761","0","5","0"
"12916990","0","11","0"
"12918109","10","28","0"
"12918869","1","4","0"
"12919297","0","2","0"
"12920349","0","3","0"
"12920746","4","8","0"
"12920934","0","5","0"
"12921091","5","11","0"
"12922532","0","2","0"
"12922825","0","11","0"
"12923742","0","0","0"
"12923977","0","22","0"
"12924402","0","9","0"
"12924562","10","11","0"
"12924821","0","1","0"
"12925720","0","0","0"
"12926080","0","0","0"
"12926588","0","1","0"
"12926922","0","5","0"
"12927263","0","2","1"
"12928940","0","12","0"
"12930268","0","0","0"
"12930883","7","4","0"
"12931221","5","27","0"
"12932111","0","2","0"
"12932382","0","5","0"
"12932966","5","32","0"
"12933721","0","8","0"
"12933850","0","6","0"
"12933909","0","1","0"
"12935670","4","0","0"
"12936130","1","8","0"
"12936173","0","0","0"
"12936523","1","1","0"
"12938527","0","13","0"
"12938887","0","10","0"
"12939476","2","1","0"
"12940469","2","0","0"
"12942095","4","0","0"
"12942284","4","29","0"
"12942522","0","17","0"
"12943464","1","3","0"
"12944030","6","3","0"
"12944038","0","1","0"
"12944233","1","22","0"
"12944503","0","8","0"
"12944829","0","2","0"
"12945274","9","5","0"
"12945333","2","47","0"
"12945358","0","12","0"
"12945445","1","1","0"
"12946000","9","1","1"
"12948771","0","4","0"
"12948895","20","4","1"
"12949177","4","10","0"
"12949179","16","3","0"
"12949648","3","16","0"
"12949962","11","7","0"
"12951979","2","7","0"
"12952347","0","0","0"
"12953218","0","1","4"
"12953395","0","17","0"
"12953436","0","13","0"
"12953751","2","22","0"
"12954448","0","9","0"
"12954798","5","1","0"
"12955548","4","5","0"
"12956008","2","3","0"
"12956372","2","1","0"
"12956829","4","1","0"
"12959019","2","13","0"
"12960148","0","5","0"
"12960708","2","6","0"
"12960795","0","2","0"
"12962668","3","19","0"
"12964996","0","0","0"
"12965697","0","3","0"
"12965752","0","6","0"
"12966274","0","2","0"
"12969231","0","7","0"
"12972430","0","1","0"
"12972845","0","12","0"
"12973171","0","0","0"
"12973247","2","2","0"
"12973318","0","4","0"
"12973461","1","7","0"
"12973717","2","14","0"
"12974460","1","5","0"
"12975154","0","9","0"
"12978958","0","0","0"
"12981766","4","13","0"
"12983786","0","11","0"
"12983962","2","23","0"
"12984234","0","3","0"
"12985804","1","5","2"
"12986765","0","0","0"
"12986987","0","61","0"
"12987376","0","0","0"
"12988163","0","8","0"
"12988220","0","7","0"
"12988427","13","15","0"
"12988593","0","1","0"
"12988893","0","1","0"
"12989130","0","4","0"
"12990098","1","6","0"
"12990922","0","0","0"
"12992376","0","4","0"
"12992779","0","0","0"
"12992855","0","8","0"
"12993568","0","17","0"
"12994031","1","16","0"
"12994124","0","0","0"
"12994508","0","7","0"
"12996405","0","42","0"
"12996764","0","1","0"
"12998127","0","3","0"
"12998751","0","3","0"
"13000254","11","33","0"
"13000257","0","15","0"
"13000260","0","8","0"
"13000604","1","5","0"
"13000645","0","1","0"
"13000903","0","0","0"
"13001005","1","0","0"
"13001800","0","7","0"
"13002571","2","10","0"
"13003044","0","16","0"
"13003478","1","0","0"
"13004581","0","11","0"
"13005326","0","0","0"
"13005462","0","4","0"
"13007467","3","22","0"
"13007661","6","6","0"
"13007861","0","2","0"
"13008103","0","1","0"
"13008472","1","7","0"
"13008581","11","16","0"
"13010166","10","27","0"
"13011577","0","5","0"
"13012286","0","0","0"
"13012341","8","4","0"
"13012620","1","3","0"
"13013009","14","19","0"
"13014690","0","5","0"
"13015080","0","8","0"
"13017019","0","2","0"
"13018351","0","22","0"
"13019575","0","1","0"
"13021900","0","5","0"
"13022604","3","11","0"
"13023918","1","20","0"
"13024956","1","10","0"
"13027989","2","1","0"
"13028231","0","0","0"
"13028263","0","0","0"
"13029349","3","12","0"
"13032978","0","17","0"
"13033196","0","0","0"
"13034034","2","27","0"
"13035126","2","2","0"
"13036684","0","5","0"
"13036689","0","1","0"
"13037386","0","0","0"
"13038144","10","15","0"
"13038570","1","9","0"
"13039029","0","3","0"
"13039588","0","10","0"
"13039797","0","16","0"
"13039818","0","23","0"
"13039940","3","4","0"
"13040040","3","38","0"
"13040712","1","2","0"
"13041482","1","0","0"
"13041661","0","6","0"
"13041662","0","21","0"
"13043216","0","3","0"
"13044765","0","0","0"
"13046093","6","72","0"
"13046781","1","1","0"
"13046931","3","9","0"
"13047509","4","1","0"
"13049288","1","15","0"
"13049396","0","10","0"
"13050727","10","10","0"
"13050728","14","13","0"
"13050909","5","8","0"
"13051408","0","12","0"
"13051868","0","4","0"
"13052978","17","1","0"
"13053003","0","0","0"
"13053036","2","3","0"
"13053396","2","58","0"
"13055389","0","14","0"
"13056635","3","5","0"
"13057055","0","17","0"
"13057140","0","0","0"
"13058445","0","19","0"
"13059477","0","3","0"
"13059832","14","17","0"
"13060058","1","23","44"
"13061097","0","2","0"
"13061990","2","7","0"
"13062247","0","3","0"
"13063076","3","2","0"
"13063755","0","2","0"
"13063887","2","0","0"
"13064176","0","5","0"
"13064466","0","4","0"
"13064606","4","8","0"
"13065380","1","4","0"
"13065557","1","22","0"
"13066866","0","1","0"
"13067104","0","21","0"
"13068749","0","1","0"
"13068770","0","6","0"
"13069837","0","4","0"
"13071662","1","15","0"
"13072324","0","2","0"
"13072771","2","0","0"
"13072784","1","0","0"
"13072827","11","6","0"
"13075677","1","1","0"
"13076220","1","0","0"
"13076808","1","2","2"
"13077008","52","18","1"
"13077143","0","4","0"
"13077281","1","5","0"
"13077579","0","4","0"
"13078645","1","4","0"
"13078832","6","6","0"
"13079269","0","11","0"
"13080353","3","8","0"
"13080556","0","2","0"
"13080939","2","5","0"
"13080956","0","0","0"
"13081108","22","54","0"
"13081293","0","6","0"
"13081533","1","5","0"
"13082437","0","0","0"
"13082464","5","13","0"
"13082963","0","2","0"
"13083339","1","32","0"
"13084335","0","14","0"
"13084595","0","25","0"
"13084750","0","0","0"
"13086412","5","12","0"
"13086479","0","3","0"
"13086797","0","1","0"
"13087557","0","20","0"
"13087927","0","7","0"
"13088630","2","13","0"
"13089572","1","3","0"
"13089975","0","21","0"
"13090384","0","1","0"
"13090460","1","1","0"
"13090695","0","1","0"
"13091054","0","1","0"
"13091890","0","3","0"
"13093284","1","13","0"
"13093495","8","1","0"
"13093533","0","6","0"
"13094525","0","6","0"
"13097065","0","4","0"
"13097140","1","1","0"
"13098036","1","19","0"
"13098042","0","14","0"
"13098656","0","9","0"
"13098817","0","0","0"
"13100241","0","1","0"
"13101131","1","9","0"
"13101880","3","12","1"
"13102310","0","12","0"
"13102600","9","16","0"
"13104794","0","3","0"
"13105344","0","3","0"
"13105538","1","0","0"
"13105884","0","0","0"
"13109740","3","3","0"
"13110632","0","1","0"
"13110789","0","0","0"
"13110822","3","16","0"
"13113582","0","1","0"
"13115377","0","4","0"
"13115552","0","13","0"
"13117754","0","2","0"
"13117997","0","0","0"
"13118602","1","1","0"
"13121145","2","0","0"
"13121493","5","3","0"
"13122560","9","15","0"
"13123639","1","2","0"
"13124374","0","5","0"
"13124495","0","0","0"
"13124794","9","33","1"
"13124824","0","5","0"
"13125021","3","3","0"
"13126615","0","18","0"
"13127886","0","3","0"
"13128009","1","4","0"
"13128596","0","0","0"
"13129435","1","3","0"
"13129698","0","8","0"
"13131078","0","8","0"
"13134499","0","2","0"
"13134756","0","5","0"
"13134768","0","1","0"
"13135023","0","0","0"
"13137312","0","0","0"
"13137642","0","0","0"
"13138046","2","2","0"
"13138096","30","10","0"
"13138489","0","0","0"
"13138693","0","3","0"
"13139162","1","10","0"
"13139257","1","7","0"
"13139895","0","1","0"
"13140298","0","5","0"
"13143157","0","0","0"
"13143337","3","38","0"
"13145959","4","18","0"
"13146058","0","0","0"
"13146274","0","30","0"
"13146364","0","5","0"
"13146915","1","1","0"
"13147438","1","1","0"
"13149624","0","3","0"
"13151007","0","0","0"
"13151333","0","4","0"
"13151915","0","9","0"
"13152568","0","2","0"
"13153111","0","5","0"
"13154548","0","13","0"
"13154784","0","6","0"
"13155004","0","6","0"
"13155217","2","14","0"
"13156514","0","10","0"
"13156642","0","10","4"
"13157075","3","0","0"
"13157745","0","2","0"
"13158153","1","25","2"
"13158807","0","3","0"
"13158839","8","27","1"
"13158972","3","22","0"
"13159222","0","4","0"
"13160199","5","12","0"
"13160301","0","0","0"
"13160707","0","0","0"
"13160902","0","0","0"
"13160968","0","1","0"
"13162100","0","4","0"
"13162304","0","0","0"
"13162733","3","14","2"
"13162901","3","18","0"
"13162943","0","2","0"
"13163094","1","1","0"
"13163131","0","31","0"
"13163134","0","0","0"
"13163227","0","4","0"
"13163274","1","0","0"
"13163366","0","5","0"
"13164490","0","10","0"
"13165317","4","6","0"
"13165472","16","10","2"
"13166191","2","10","0"
"13166430","4","37","0"
"13166737","0","0","0"
"13170122","0","14","0"
"13170426","0","43","0"
"13171641","1","0","0"
"13173213","0","7","0"
"13174149","5","29","0"
"13174552","0","7","0"
"13174934","0","3","1"
"13175229","0","1","0"
"13176134","1","14","0"
"13176444","1","3","0"
"13176688","0","1","0"
"13176788","1","0","2"
"13177266","0","6","0"
"13179161","0","0","0"
"13179476","6","8","1"
"13179683","0","6","0"
"13180064","0","2","0"
"13180302","0","0","0"
"13180602","1","0","0"
"13181630","0","0","0"
"13181683","0","0","0"
"13182150","0","10","0"
"13182522","0","4","0"
"13183072","0","11","0"
"13183434","1","52","3"
"13185093","0","2","0"
"13185251","0","0","0"
"13186885","0","10","0"
"13187389","7","8","0"
"13187710","0","23","0"
"13187796","0","14","0"
"13188629","0","12","0"
"13188680","0","1","0"
"13188881","1","2","0"
"13188951","0","0","0"
"13189540","2","1","0"
"13190386","1","8","0"
"13191928","0","3","0"
"13192384","1","14","0"
"13192551","13","13","0"
"13194980","0","0","0"
"13195149","0","1","0"
"13197940","11","12","0"
"13198546","1","1","0"
"13198830","6","52","1"
"13199234","6","15","0"
"13199543","0","4","0"
"13200217","0","7","1"
"13200843","0","21","0"
"13200971","0","4","0"
"13201395","0","15","0"
"13201464","1","13","0"
"13204797","0","2","0"
"13205828","5","24","0"
"13206091","4","6","0"
"13206871","3","4","0"
"13207158","0","2","0"
"13210063","0","19","0"
"13210204","0","9","0"
"13210360","1","20","0"
"13212040","0","42","0"
"13212398","2","6","1"
"13212623","0","5","0"
"13212636","3","0","0"
"13213934","6","25","0"
"13214342","0","5","0"
"13214923","0","4","0"
"13216295","0","9","0"
"13216920","0","6","0"
"13219074","0","9","0"
"13219863","1","6","0"
"13220677","134","28","0"
"13221030","0","0","0"
"13221130","0","12","0"
"13221168","0","4","0"
"13221287","0","2","0"
"13221816","0","7","0"
"13221966","0","5","0"
"13222154","0","11","0"
"13222541","1","0","0"
"13222568","0","14","0"
"13223218","2","1","0"
"13225518","4","1","0"
"13225905","0","0","0"
"13227102","0","33","0"
"13227420","5","11","0"
"13227421","0","0","0"
"13227802","2","1","0"
"13228531","0","10","0"
"13228584","0","20","0"
"13228993","0","5","0"
"13229346","0","10","0"
"13231272","0","5","0"
"13232796","0","7","0"
"13235421","2","2","0"
"13235966","0","4","0"
"13236602","0","3","0"
"13236890","2","6","0"
"13237308","5","13","0"
"13237982","7","57","0"
"13239055","0","31","0"
"13240452","0","34","0"
"13240746","0","0","0"
"13241023","11","36","0"
"13241358","0","3","0"
"13244079","1","14","0"
"13245192","0","4","0"
"13245719","0","0","0"
"13245840","0","5","0"
"13246089","0","1","0"
"13246582","0","12","0"
"13247034","0","2","0"
"13250060","11","10","0"
"13250230","0","5","0"
"13250503","0","0","0"
"13251244","0","0","0"
"13252809","0","20","0"
"13252811","0","26","0"
"13253495","1","0","0"
"13253555","0","4","0"
"13254537","1","1","0"
"13255230","0","0","0"
"13255595","1","8","0"
"13255918","0","5","0"
"13256340","0","4","0"
"13256503","0","1","0"
"13256658","1","5","0"
"13256768","0","1","0"
"13256774","0","1","0"
"13256907","0","4","0"
"13257098","3","18","0"
"13257709","1","0","0"
"13257777","0","3","0"
"13258029","5","8","0"
"13258121","0","8","0"
"13258253","0","1","0"
"13259613","0","4","0"
"13259751","6","16","2"
"13262683","0","32","0"
"13263658","1","2","0"
"13265113","1","18","0"
"13267292","0","6","0"
"13268880","0","0","0"
"13268965","0","2","0"
"13268991","0","1","0"
"13270701","5","2","2"
"13270908","1","4","0"
"13271830","4","28","0"
"13272279","0","0","0"
"13272706","1","3","0"
"13273081","1","21","0"
"13273862","0","1","0"
"13276030","6","0","0"
"13276934","0","9","0"
"13277644","3","8","0"
"13279274","0","2","0"
"13279327","9","4","0"
"13280555","0","9","0"
"13280951","0","0","0"
"13281759","0","3","0"
"13281796","0","1","0"
"13282289","0","1","0"
"13282454","0","2","0"
"13283222","3","13","0"
"13283577","4","0","0"
"13284500","5","12","0"
"13284773","0","1","0"
"13284944","0","1","0"
"13285165","1","45","0"
"13285270","2","1","0"
"13285338","4","3","2"
"13285675","0","4","0"
"13285842","0","5","0"
"13286502","0","0","0"
"13286545","0","1","0"
"13286610","0","2","0"
"13287295","5","3","0"
"13287781","2","7","0"
"13289963","0","0","0"
"13290435","4","9","0"
"13291215","0","2","0"
"13292604","22","12","4"
"13293060","0","4","0"
"13293297","0","9","0"
"13293773","1","2","0"
"13294432","0","4","0"
"13295189","0","3","0"
"13295481","0","15","0"
"13296001","0","6","0"
"13296253","0","2","0"
"13296610","0","0","0"
"13297560","1","9","0"
"13298375","0","8","0"
"13299299","0","1","0"
"13299852","0","0","0"
"13300283","0","0","0"
"13301046","1","5","0"
"13302222","0","0","0"
"13302643","7","17","0"
"13302671","0","12","0"
"13304061","1","14","0"
"13305122","0","0","0"
"13306479","0","4","0"
"13306905","0","10","0"
"13309104","0","15","0"
"13309394","2","10","0"
"13309686","0","2","0"
"13309777","0","14","0"
"13310114","6","6","0"
"13310972","2","0","0"
"13311334","1","9","0"
"13311722","2","22","0"
"13311969","20","24","0"
"13312069","6","20","8"
"13312738","0","0","0"
"13312784","0","4","0"
"13312792","0","4","0"
"13315081","0","0","0"
"13315264","3","5","0"
"13315525","0","25","0"
"13316054","0","8","0"
"13316173","0","19","0"
"13316297","1","0","0"
"13316752","0","2","0"
"13317119","13","9","0"
"13317272","3","7","0"
"13318514","0","0","0"
"13319929","0","2","0"
"13320357","23","10","0"
"13320390","0","14","0"
"13321721","0","2","0"
"13322060","0","8","0"
"13322973","0","1","0"
"13323196","2","4","0"
"13323988","0","5","0"
"13324684","0","4","0"
"13325046","7","6","0"
"13325104","1","2","0"
"13325367","4","21","0"
"13327121","4","1","0"
"13327203","3","16","0"
"13329040","1","9","0"
"13329673","0","4","0"
"13330139","0","5","0"
"13330692","0","5","0"
"13330785","0","8","0"
"13331878","1","5","0"
"13333674","5","3","0"
"13334778","3","14","1"
"13335441","0","11","0"
"13336949","0","10","0"
"13337244","1","6","0"
"13337616","53","38","25"
"13338028","0","0","0"
"13338179","1","0","0"
"13338582","0","37","0"
"13339604","0","18","0"
"13340047","2","63","0"
"13340198","0","0","0"
"13341770","4","31","0"
"13343168","0","4","0"
"13343354","3","11","0"
"13344100","3","1","0"
"13344835","5","3","0"
"13345077","0","10","0"
"13345850","3","3","0"
"13345906","0","0","0"
"13347359","0","0","0"
"13347573","0","0","0"
"13350085","0","0","0"
"13350995","0","9","0"
"13351293","0","12","0"
"13353654","0","14","0"
"13354125","0","4","0"
"13354525","10","20","0"
"13354603","0","0","0"
"13355702","0","2","0"
"13356266","0","9","0"
"13357646","4","44","0"
"13357753","1","0","0"
"13358761","0","3","0"
"13359215","1","6","0"
"13359236","0","4","0"
"13359244","0","1","0"
"13359546","1","18","0"
"13359566","0","4","0"
"13359923","10","35","0"
"13360064","13","34","4"
"13361794","0","0","0"
"13361997","3","1","0"
"13362687","0","3","0"
"13362939","4","12","0"
"13363507","0","8","0"
"13364858","0","1","0"
"13365142","0","3","0"
"13365797","21","8","0"
"13366191","0","8","0"
"13366967","4","24","0"
"13367336","0","2","0"
"13367454","0","7","0"
"13368672","4","7","4"
"13368743","2","10","0"
"13369693","0","0","0"
"13370348","1","15","0"
"13370462","2","1","0"
"13373043","0","12","0"
"13373748","2","3","0"
"13374209","0","5","0"
"13374380","1","7","0"
"13376540","2","13","0"
"13376958","3","6","0"
"13377578","0","14","0"
"13378772","0","16","0"
"13379052","0","83","0"
"13380126","0","3","0"
"13380516","0","12","0"
"13381310","0","1","0"
"13381912","5","7","0"
"13382435","0","4","0"
"13382603","5","23","0"
"13383930","1","2","0"
"13384295","1","4","0"
"13384507","4","37","0"
"13384628","0","8","0"
"13386603","0","11","0"
"13389594","0","11","0"
"13389907","0","0","0"
"13390090","0","19","0"
"13390747","0","4","0"
"13390795","0","7","0"
"13390799","0","3","0"
"13392041","4","0","0"
"13393279","0","2","0"
"13393309","0","2","0"
"13393881","0","4","0"
"13393906","0","28","0"
"13394511","3","14","0"
"13395150","7","3","0"
"13395796","4","43","0"
"13397545","9","13","0"
"13397583","0","2","0"
"13398368","0","1","0"
"13398497","2","6","0"
"13398794","0","1","0"
"13399509","0","1","0"
"13400836","8","16","0"
"13401226","11","14","0"
"13401451","0","2","0"
"13401546","0","27","0"
"13401859","0","12","0"
"13402209","3","6","0"
"13403397","1","15","0"
"13404995","0","3","0"
"13406526","0","10","0"
"13406820","1","1","0"
"13407063","2","3","0"
"13409768","0","8","0"
"13409770","0","1","0"
"13411615","0","1","0"
"13412032","7","10","0"
"13412076","1","9","0"
"13412225","4","29","0"
"13416282","0","4","0"
"13417008","0","15","0"
"13417290","1","0","0"
"13418676","0","0","0"
"13418949","0","6","0"
"13419206","0","28","0"
"13419213","0","4","0"
"13420043","0","2","0"
"13422086","2","1","0"
"13422774","0","4","0"
"13423979","0","7","0"
"13424370","0","2","0"
"13424562","5","1","0"
"13426157","0","71","0"
"13426729","0","1","0"
"13427520","1","4","0"
"13428061","36","49","0"
"13428097","4","8","0"
"13429386","0","43","0"
"13429655","0","1","0"
"13430233","0","12","0"
"13432447","1","0","0"
"13434469","1","5","0"
"13435130","0","0","0"
"13439847","0","28","0"
"13440225","1","2","0"
"13443114","16","18","2"
"13443656","0","12","0"
"13443954","6","4","0"
"13446763","0","1","0"
"13447741","1","0","0"
"13448235","0","27","0"
"13449985","0","13","0"
"13451230","0","0","0"
"13452778","0","0","1"
"13452926","0","6","0"
"13453722","1","5","0"
"13455471","0","6","0"
"13456625","2","42","0"
"13456839","0","1","0"
"13457101","0","8","0"
"13457125","1","2","0"
"13457851","0","0","0"
"13457895","0","13","0"
"13458472","0","0","0"
"13460774","0","13","0"
"13463349","16","20","0"
"13463574","0","6","0"
"13463871","0","0","0"
"13465485","0","5","0"
"13466083","28","4","0"
"13466927","9","20","0"
"13468711","17","11","0"
"13470745","0","6","0"
"13473618","0","5","0"
"13473637","0","9","0"
"13474646","1","7","0"
"13474799","0","1","0"
"13475031","2","0","0"
"13479202","0","5","0"
"13480086","0","0","0"
"13480333","0","0","0"
"13480697","0","3","0"
"13481265","0","3","0"
"13482858","0","18","0"
"13483204","0","2","0"
"13483506","0","1","0"
"13483560","0","12","0"
"13483689","2","32","0"
"13484348","0","15","0"
"13484610","0","2","0"
"13485512","0","3","0"
"13485660","0","1","0"
"13485727","0","8","0"
"13486992","0","0","0"
"13492857","0","0","0"
"13495732","0","0","0"
"13496065","0","5","0"
"13496611","0","8","0"
"13496659","0","3","0"
"13497264","17","58","0"
"13497366","0","6","0"
"13497410","0","3","0"
"13497846","1","1","0"
"13498437","3","13","0"
"13499295","0","8","0"
"13499903","2","39","0"
"13501704","0","14","0"
"13502056","1","3","0"
"13502591","4","7","0"
"13503134","1","1","0"
"13503258","12","3","0"
"13504942","0","5","0"
"13506329","16","35","0"
"13507099","1","3","0"
"13507309","7","24","0"
"13508689","0","6","0"
"13509085","0","5","0"
"13509221","1","2","0"
"13509886","0","40","0"
"13510033","0","1","0"
"13510523","3","5","2"
"13510602","0","1","0"
"13510672","0","60","0"
"13511076","0","4","0"
"13512579","3","16","0"
"13512978","0","6","0"
"13513255","0","7","0"
"13515390","1","2","0"
"13516564","0","15","0"
"13516714","0","0","0"
"13517337","0","5","0"
"13518805","0","7","0"
"13519176","0","5","0"
"13519443","0","1","0"
"13520621","1","1","0"
"13520706","4","9","0"
"13520809","4","1","0"
"13520810","0","5","0"
"13521464","0","2","0"
"13521716","0","18","0"
"13522604","9","0","0"
"13523946","6","31","0"
"13524307","0","2","0"
"13524514","0","0","0"
"13524531","0","5","0"
"13524578","6","3","0"
"13524899","0","4","0"
"13525860","0","0","0"
"13525924","8","11","0"
"13526701","42","65","2"
"13527683","1","7","0"
"13528076","2","1","0"
"13529538","2","27","0"
"13530295","0","0","0"
"13531449","0","13","0"
"13531635","0","9","0"
"13533200","0","2","0"
"13534297","5","10","0"
"13534779","13","48","0"
"13534893","0","0","0"
"13535433","0","2","0"
"13535877","0","9","0"
"13536496","2","15","0"
"13536609","0","2","0"
"13536698","0","0","0"
"13537158","0","53","0"
"13537583","1","18","0"
"13538900","11","3","0"
"13540350","0","0","0"
"13541556","3","1","0"
"13541559","0","5","0"
"13541585","2","19","0"
"13541601","1","2","0"
"13542016","0","1","0"
"13542198","0","10","0"
"13542380","0","20","0"
"13542628","0","13","0"
"13543633","0","5","0"
"13544555","0","26","0"
"13544583","0","5","0"
"13544645","0","26","0"
"13545486","0","0","0"
"13547304","6","2","0"
"13547476","0","0","0"
"13547760","0","11","0"
"13547776","0","1","0"
"13548154","1","0","0"
"13548441","0","1","0"
"13548573","0","0","0"
"13548731","5","6","0"
"13549437","0","4","0"
"13549444","0","2","0"
"13550201","3","1","0"
"13550414","7","3","0"
"13553643","0","1","0"
"13555735","1","0","0"
"13555848","11","7","0"
"13556454","2","4","0"
"13557159","0","19","0"
"13558764","0","4","0"
"13560010","0","13","0"
"13560662","1","17","0"
"13561248","0","0","0"
"13563210","0","5","0"
"13565256","1","0","0"
"13565633","3","2","0"
"13566128","27","11","0"
"13566646","0","12","0"
"13567275","0","7","0"
"13568382","1","5","0"
"13568627","0","2","0"
"13569349","0","12","0"
"13569380","0","8","0"
"13569971","0","5","0"
"13570323","0","2","0"
"13571609","5","5","0"
"13571626","0","1","0"
"13573872","0","0","0"
"13575132","11","7","0"
"13576060","4","12","0"
"13576600","0","10","0"
"13577373","5","15","0"
"13577765","1","14","0"
"13579164","1","6","1"
"13580938","3","13","0"
"13582824","1","12","1"
"13582829","2","8","0"
"13583462","0","20","0"
"13584481","0","1","0"
"13586234","0","23","0"
"13587639","0","0","0"
"13588640","1","4","0"
"13589543","4","11","0"
"13589713","5","8","1"
"13590227","0","17","0"
"13590501","0","0","0"
"13590842","0","1","0"
"13591055","0","22","0"
"13595001","0","1","0"
"13595021","3","6","0"
"13595615","1","12","0"
"13597235","0","2","0"
"13597432","0","17","0"
"13598744","0","1","0"
"13598786","0","1","0"
"13599282","16","5","0"
"13600624","8","29","7"
"13601462","1","10","0"
"13601486","0","4","0"
"13602015","0","2","0"
"13603339","5","3","0"
"13603811","0","0","0"
"13604396","0","29","0"
"13605992","0","0","0"
"13606345","2","0","0"
"13606483","1","3","0"
"13606611","0","6","0"
"13606624","4","37","1"
"13607872","1","6","0"
"13609832","0","15","0"
"13612986","1","22","0"
"13614048","0","4","0"
"13615502","0","20","0"
"13615713","0","6","0"
"13616114","0","3","0"
"13617350","2","2","0"
"13617839","0","3","0"
"13618168","10","2","1"
"13620344","0","1","0"
"13620560","0","0","0"
"13621243","0","47","0"
"13622076","26","72","0"
"13622226","0","8","0"
"13622241","1","11","0"
"13622520","0","38","0"
"13622565","0","15","0"
"13622953","0","5","0"
"13624658","0","6","0"
"13625464","1","3","1"
"13627278","4","1","0"
"13627994","0","3","0"
"13628368","0","2","0"
"13628511","0","3","0"
"13628566","0","4","0"
"13629279","15","16","0"
"13629535","2","6","0"
"13631457","0","5","0"
"13632205","0","1","0"
"13633328","1","6","0"
"13633405","1","2","0"
"13633532","0","0","0"
"13633617","3","1","0"
"13634116","9","9","0"
"13634409","2","7","0"
"13634739","15","2","0"
"13635508","0","11","0"
"13635627","1","7","0"
"13635865","3","3","0"
"13636156","0","3","0"
"13636586","4","2","0"
"13636612","0","14","0"
"13637729","0","5","0"
"13637735","0","1","0"
"13637840","0","8","0"
"13638123","0","5","0"
"13640269","6","16","0"
"13640470","0","14","0"
"13640492","1","1","0"
"13641064","2","1","0"
"13641812","0","3","0"
"13642459","4","21","0"
"13642816","3","4","0"
"13643776","0","0","0"
"13645034","0","6","0"
"13645162","1","3","0"
"13646159","0","0","0"
"13646168","1","5","0"
"13647127","0","4","0"
"13650013","2","21","0"
"13650369","0","4","0"
"13652570","0","1","0"
"13653797","9","30","6"
"13654416","0","0","0"
"13655690","0","2","0"
"13655996","5","0","0"
"13656523","0","0","0"
"13657497","0","3","0"
"13658055","0","22","0"
"13659384","0","5","0"
"13659821","0","6","0"
"13661215","0","0","0"
"13662124","2","7","0"
"13663091","0","1","0"
"13663683","1","6","0"
"13663859","0","2","0"
"13663981","0","1","0"
"13664889","0","14","0"
"13664919","0","3","0"
"13665895","0","3","0"
"13667463","0","11","0"
"13668157","0","8","0"
"13668554","0","3","0"
"13668740","0","1","0"
"13669412","0","3","0"
"13669444","0","2","0"
"13670838","0","20","0"
"13671278","0","1","0"
"13671784","11","0","1"
"13672469","0","0","0"
"13673125","0","7","1"
"13673785","0","0","0"
"13678007","0","11","0"
"13678053","6","4","0"
"13678114","0","0","0"
"13679219","2","22","0"
"13679580","1","7","0"
"13679903","0","25","0"
"13680835","0","7","0"
"13680955","3","8","0"
"13681149","0","1","0"
"13681295","0","2","0"
"13681571","0","2","0"
"13682174","0","10","0"
"13682480","0","2","0"
"13682677","0","4","0"
"13683360","34","8","2"
"13685172","1","3","0"
"13685538","0","0","0"
"13686869","0","5","0"
"13687301","0","2","0"
"13688048","2","1","0"
"13688117","0","1","0"
"13688326","3","13","0"
"13690762","0","11","0"
"13690914","0","5","0"
"13692010","0","0","0"
"13692954","0","13","0"
"13694769","0","5","0"
"13694848","25","8","0"
"13695338","0","30","0"
"13695861","5","4","21"
"13696100","0","1","0"
"13696465","0","25","0"
"13696482","1","0","0"
"13696581","0","14","0"
"13696669","0","2","0"
"13697228","0","47","0"
"13700916","2","18","0"
"13703615","0","18","0"
"13706338","0","9","0"
"13707846","0","15","0"
"13708702","0","0","0"
"13709615","1","9","0"
"13709872","0","1","0"
"13711473","3","0","0"
"13712189","1","6","0"
"13712225","5","4","0"
"13712472","0","7","0"
"13712962","1","1","0"
"13713418","9","18","1"
"13714440","0","0","0"
"13715428","0","13","0"
"13715429","0","3","0"
"13715569","1","17","0"
"13717467","1","8","0"
"13718779","0","0","0"
"13718790","0","4","0"
"13718918","0","5","0"
"13719093","0","3","0"
"13719179","0","0","0"
"13720876","0","10","0"
"13722283","0","1","0"
"13722758","0","11","0"
"13723621","0","14","0"
"13723867","0","1","0"
"13726341","0","3","0"
"13726598","1","5","0"
"13727038","0","7","0"
"13727868","0","9","0"
"13728109","2","12","0"
"13728341","6","6","0"
"13728924","0","7","0"
"13729386","0","1","0"
"13729445","0","22","0"
"13729933","3","46","0"
"13730182","5","4","1"
"13730662","1","5","0"
"13731108","0","0","0"
"13732465","1","9","0"
"13732827","0","2","0"
"13732869","0","0","0"
"13733466","0","11","0"
"13734873","0","3","0"
"13735148","7","11","0"
"13736112","0","2","0"
"13736523","0","3","0"
"13736807","0","1","0"
"13736882","0","2","0"
"13738475","2","9","0"
"13738632","0","4","0"
"13738978","0","0","0"
"13740595","1","13","0"
"13740747","0","5","0"
"13741004","2","1","0"
"13741789","2","5","0"
"13742150","1","3","0"
"13742330","0","11","0"
"13742497","3","2","0"
"13742701","0","4","0"
"13743453","0","9","0"
"13743749","0","5","0"
"13744452","0","4","0"
"13745969","0","2","0"
"13746394","2","6","0"
"13747240","1","11","0"
"13747531","0","1","0"
"13748171","0","0","0"
"13748930","0","10","0"
"13749096","0","11","0"
"13749668","6","6","0"
"13749811","0","5","0"
"13750374","0","1","0"
"13751046","0","6","0"
"13752756","3","3","0"
"13754928","1","3","0"
"13755536","29","27","13"
"13755907","7","3","0"
"13756412","0","7","0"
"13757107","0","7","0"
"13757412","0","4","0"
"13758321","0","8","0"
"13758397","0","13","0"
"13758408","0","4","0"
"13760319","0","0","0"
"13761887","0","0","0"
"13762488","11","14","2"
"13762526","0","2","0"
"13763624","7","6","0"
"13765021","0","1","0"
"13765669","0","30","0"
"13766214","0","8","0"
"13766753","2","2","0"
"13768310","3","7","0"
"13769079","2","6","0"
"13769976","0","9","0"
"13770144","0","0","0"
"13770373","3","2","0"
"13770838","2","2","0"
"13771162","0","6","0"
"13771272","0","1","0"
"13772273","1","10","0"
"13772554","2","9","0"
"13774496","0","1","0"
"13774703","2","11","0"
"13775195","0","6","0"
"13775357","1","5","0"
"13775565","2","4","1"
"13776382","1","4","0"
"13776400","1","16","0"
"13776522","0","0","0"
"13776976","6","12","0"
"13777286","0","3","0"
"13777749","0","11","0"
"13777770","4","3","0"
"13777922","18","56","0"
"13779527","5","5","0"
"13779664","0","6","0"
"13779868","0","2","0"
"13780381","0","0","0"
"13780536","0","0","0"
"13780695","0","1","0"
"13781909","13","15","0"
"13783624","1","31","0"
"13783759","0","0","0"
"13784274","5","8","0"
"13784437","1","8","0"
"13784907","0","0","0"
"13786144","2","5","0"
"13786617","1","3","0"
"13787485","0","0","0"
"13787829","1","3","0"
"13788351","1","9","0"
"13788480","0","0","0"
"13789189","0","2","0"
"13790168","19","0","0"
"13790285","0","37","0"
"13790662","0","18","0"
"13791394","0","2","0"
"13791611","0","5","0"
"13791872","0","7","0"
"13794072","11","113","0"
"13794450","0","0","0"
"13794470","0","8","0"
"13795525","0","8","0"
"13796074","0","25","0"
"13797018","0","6","0"
"13797126","0","0","0"
"13797135","1","2","0"
"13798134","0","11","0"
"13798424","0","8","0"
"13798941","0","0","0"
"13799105","2","7","0"
"13799488","1","19","0"
"13802143","0","0","0"
"13803366","0","0","0"
"13803823","3","10","0"
"13804256","0","28","0"
"13804473","2","11","0"
"13804587","1","5","0"
"13804653","0","4","0"
"13805358","0","6","0"
"13807288","0","5","0"
"13807582","0","9","0"
"13807719","0","1","0"
"13808068","0","16","0"
"13811031","0","2","0"
"13811136","0","26","0"
"13811145","2","9","0"
"13811211","0","20","0"
"13813061","0","21","0"
"13813542","0","3","0"
"13813625","0","7","0"
"13814476","2","5","0"
"13815133","0","2","0"
"13815168","7","17","0"
"13816023","0","1","0"
"13816292","0","18","0"
"13817084","0","0","0"
"13817418","1","13","0"
"13818358","0","0","0"
"13819347","4","15","0"
"13820302","3","2","0"
"13821955","0","2","0"
"13822378","0","2","0"
"13823700","0","6","0"
"13824257","0","4","0"
"13824314","0","1","0"
"13824776","11","2","0"
"13824894","0","7","0"
"13825240","0","2","0"
"13825846","0","0","0"
"13826284","0","2","0"
"13826588","3","9","0"
"13827166","0","5","0"
"13827711","4","4","0"
"13827804","1","1","0"
"13830643","0","6","0"
"13831472","0","8","0"
"13834446","3","8","0"
"13834503","22","9","2"
"13834567","2","1","0"
"13835337","2","26","0"
"13835698","0","2","0"
"13836039","0","0","0"
"13836057","0","2","0"
"13837755","0","6","0"
"13839378","0","10","0"
"13839401","0","1","0"
"13839470","1","5","0"
"13840029","2","4","0"
"13840958","0","9","0"
"13842502","0","6","0"
"13842719","0","1","0"
"13842923","0","61","0"
"13843563","3","45","0"
"13843688","0","26","0"
"13843995","1","0","0"
"13844203","0","0","0"
"13845224","0","12","0"
"13845431","0","0","0"
"13845709","2","5","0"
"13845985","0","1","0"
"13846064","2","14","0"
"13847693","0","1","0"
"13847924","0","4","0"
"13851785","0","19","0"
"13851787","0","0","0"
"13851960","1","4","0"
"13853264","0","5","0"
"13853441","4","14","0"
"13853451","0","12","0"
"13853981","1","8","0"
"13854228","0","0","0"
"13854556","0","4","0"
"13855049","0","10","0"
"13855913","10","16","0"
"13856000","1","5","0"
"13858953","6","22","0"
"13859151","1","2","0"
"13859180","12","12","0"
"13859212","0","3","0"
"13859887","0","3","0"
"13859900","0","2","0"
"13860492","0","0","0"
"13860550","0","11","0"
"13860684","28","5","0"
"13862628","0","7","0"
"13862912","0","4","0"
"13862920","0","1","0"
"13863357","0","2","0"
"13864511","0","1","0"
"13864681","5","13","0"
"13864686","0","3","0"
"13865643","1","37","0"
"13865689","6","1","0"
"13867333","0","2","0"
"13869328","0","1","0"
"13870899","0","0","0"
"13871578","1","5","0"
"13871725","0","14","0"
"13872038","0","1","0"
"13874745","3","7","0"
"13874991","0","17","0"
"13877337","1","2","0"
"13877602","0","3","0"
"13877680","1","17","0"
"13878174","0","10","0"
"13879221","0","6","0"
"13880926","0","2","0"
"13882338","7","2","0"
"13882974","0","3","0"
"13884201","0","1","0"
"13884276","9","13","0"
"13884623","0","2","0"
"13885000","1","14","0"
"13885374","0","16","0"
"13885382","0","0","0"
"13886351","1","24","0"
"13889284","0","2","0"
"13889371","19","12","0"
"13889453","0","1","0"
"13890583","0","3","0"
"13890662","12","48","0"
"13891185","3","5","0"
"13891442","0","11","0"
"13892391","1","0","0"
"13893004","2","14","0"
"13893127","0","3","0"
"13893132","0","26","0"
"13893299","0","11","0"
"13893988","6","18","0"
"13894579","3","4","0"
"13894858","2","4","0"
"13894863","1","4","0"
"13895483","0","1","0"
"13897234","1","14","0"
"13897386","1","3","0"
"13897911","0","3","0"
"13898059","8","1","0"
"13898185","1","1","0"
"13898468","0","11","0"
"13898702","0","3","0"
"13898761","0","7","0"
"13899433","0","0","0"
"13899732","0","0","0"
"13900631","0","10","0"
"13902217","6","1","0"
"13903020","2","3","0"
"13904388","0","0","0"
"13905550","0","11","0"
"13906110","2","3","0"
"13907400","5","2","0"
"13908723","0","0","0"
"13910226","1","0","0"
"13910480","0","13","0"
"13912414","0","2","0"
"13913019","0","0","0"
"13913517","0","0","0"
"13915571","0","14","0"
"13916394","0","3","0"
"13917097","0","6","0"
"13919300","5","2","0"
"13920580","13","5","1"
"13921502","0","25","0"
"13921533","0","4","0"
"13922490","2","7","0"
"13923049","0","5","0"
"13924631","0","8","0"
"13924821","0","10","0"
"13926672","1","1","0"
"13927459","3","19","0"
"13927949","1","14","0"
"13930228","6","3","0"
"13930696","3","15","0"
"13931471","1","15","0"
"13932099","0","8","0"
"13932911","2","2","0"
"13934372","0","0","0"
"13934601","0","0","0"
"13935933","0","22","0"
"13937484","0","0","0"
"13939166","0","0","0"
"13940531","2","10","0"
"13940973","10","11","0"
"13941578","0","0","0"
"13942090","0","25","0"
"13942152","4","31","1"
"13943642","3","5","0"
"13944437","0","9","0"
"13944456","0","17","0"
"13946806","0","17","0"
"13946809","0","40","0"
"13947194","116","81","0"
"13949116","0","5","0"
"13949589","1","22","0"
"13952188","0","9","0"
"13952442","0","3","0"
"13952451","0","0","0"
"13952706","0","26","0"
"13953936","1","11","0"
"13954183","1","4","0"
"13955172","0","0","0"
"13955215","0","7","0"
"13955874","2","5","0"
"13956730","1","9","0"
"13957655","0","0","0"
"13958000","0","6","0"
"13958254","0","3","0"
"13958280","0","3","0"
"13959865","0","10","0"
"13960096","1","0","0"
"13960295","0","30","0"
"13961155","1","0","0"
"13961769","0","0","0"
"13961837","4","7","0"
"13963557","0","11","0"
"13964088","2","3","0"
"13967116","0","3","0"
"13967147","4","0","0"
"13968306","0","0","0"
"13969786","0","7","0"
"13970691","0","10","0"
"13972073","0","1","0"
"13973887","1","5","0"
"13974265","0","6","0"
"13974275","0","12","0"
"13974372","0","10","1"
"13974897","2","20","1"
"13974992","9","1","3"
"13975609","3","26","0"
"13976726","0","3","0"
"13978044","0","11","0"
"13979099","0","2","0"
"13980177","0","0","0"
"13983497","0","1","0"
"13983858","0","0","0"
"13985644","7","0","0"
"13985662","1","13","0"
"13986111","0","0","0"
"13986340","4","4","0"
"13986485","5","17","0"
"13987029","1","9","0"
"13988925","0","0","0"
"13989342","0","7","0"
"13989650","1","12","0"
"13990137","0","9","0"
"13990352","0","3","0"
"13990977","3","24","0"
"13991234","0","2","0"
"13991407","0","14","0"
"13991570","0","1","0"
"13991588","1","2","0"
"13992590","2","25","1"
"13993450","6","0","0"
"13994039","0","16","0"
"13994040","0","28","0"
"13994120","1","13","0"
"13994973","0","0","0"
"13996646","1","11","0"
"13998537","2","9","0"
"13999030","1","9","0"
"13999098","0","1","0"
"13999586","0","1","0"
"14000587","0","10","0"
"14000845","10","17","0"
"14000849","2","4","0"
"14001706","0","1","0"
"14002401","0","2","0"
"14003063","0","0","0"
"14003273","14","4","0"
"14003858","23","25","17"
"14004073","0","16","0"
"14004563","1","7","0"
"14005181","0","0","0"
"14005384","3","2","0"
"14005542","2","7","0"
"14006673","0","3","0"
"14007574","10","15","0"
"14007685","0","1","0"
"14008610","4","7","0"
"14009366","3","2","0"
"14009395","0","0","0"
"14012142","1","32","0"
"14013471","1","8","0"
"14014000","0","0","0"
"14014255","0","22","0"
"14014537","0","14","0"
"14014563","1","8","0"
"14014925","6","8","0"
"14015478","1","28","0"
"14015788","0","0","0"
"14016260","0","4","0"
"14017100","3","5","0"
"14017449","0","0","0"
"14018523","0","1","0"
"14018630","0","21","0"
"14020465","0","1","0"
"14021064","0","3","0"
"14021280","0","4","0"
"14022423","2","10","0"
"14022951","0","5","0"
"14023423","3","6","0"
"14024013","0","17","0"
"14024839","0","0","0"
"14026984","0","8","0"
"14027226","0","1","0"
"14027230","19","22","0"
"14027466","4","12","1"
"14028037","0","4","0"
"14028302","2","6","0"
"14028586","0","1","0"
"14029072","0","12","0"
"14030805","9","14","0"
"14031171","15","27","0"
"14031249","0","1","0"
"14031476","0","7","0"
"14031794","0","0","0"
"14032911","6","25","1"
"14033611","0","6","0"
"14033758","0","4","0"
"14034817","0","34","0"
"14035342","0","0","0"
"14035408","0","15","0"
"14036048","0","5","0"
"14036406","5","16","1"
"14036516","0","0","0"
"14036711","0","7","0"
"14037320","0","4","0"
"14038150","0","1","0"
"14038769","0","6","0"
"14038786","0","4","0"
"14039624","0","3","0"
"14039774","3","1","0"
"14040015","0","8","0"
"14040548","0","7","0"
"14041268","0","18","0"
"14041357","2","2","0"
"14041364","4","2","0"
"14041994","0","41","0"
"14042465","3","44","0"
"14044086","0","6","0"
"14044501","0","1","0"
"14045484","0","1","0"
"14046648","0","2","0"
"14047427","0","10","0"
"14047851","1","1","0"
"14048001","0","1","0"
"14048442","1","14","0"
"14048816","1","30","0"
"14049087","0","8","0"
"14049152","2","15","0"
"14049310","0","5","0"
"14050069","0","20","0"
"14051453","0","2","0"
"14051512","0","0","0"
"14052058","2","7","0"
"14052938","0","2","0"
"14054111","3","3","0"
"14054435","0","6","0"
"14055137","0","12","0"
"14056614","2","11","0"
"14056831","0","5","0"
"14057695","9","26","0"
"14057961","0","23","0"
"14059235","0","12","0"
"14062116","0","5","0"
"14062215","1","0","0"
"14062288","1","25","0"
"14062341","0","0","0"
"14062833","4","1","0"
"14062977","0","2","0"
"14065433","2","8","0"
"14066260","8","18","0"
"14066859","0","8","0"
"14067276","0","5","0"
"14067591","7","7","0"
"14067795","6","2","1"
"14069894","0","5","0"
"14069968","1","0","0"
"14070020","0","2","0"
"14070105","0","16","0"
"14070414","0","13","0"
"14070467","0","0","0"
"14070692","1","1","0"
"14071025","0","6","0"
"14071569","1","1","0"
"14072441","0","3","0"
"14072521","0","0","0"
"14072541","1","11","0"
"14072948","0","0","0"
"14073166","0","2","0"
"14074651","0","6","0"
"14077184","0","1","0"
"14077212","0","8","0"
"14077458","0","8","0"
"14077549","0","38","0"
"14077995","0","28","0"
"14078190","0","10","0"
"14078264","1","0","0"
"14078648","0","12","0"
"14079170","0","0","0"
"14079184","0","1","0"
"14081018","5","5","0"
"14082033","0","14","0"
"14083348","0","4","0"
"14083521","0","5","0"
"14084601","0","2","0"
"14084688","0","24","0"
"14086220","0","3","0"
"14086467","0","0","0"
"14087624","0","1","0"
"14087854","7","1","18"
"14088395","0","4","0"
"14088854","0","5","0"
"14089890","0","9","0"
"14090236","0","0","0"
"14090747","1","1","0"
"14090914","7","5","0"
"14091289","3","13","0"
"14091713","1","5","0"
"14092127","0","1","0"
"14092204","0","15","0"
"14093511","0","2","0"
"14094598","0","0","0"
"14095003","0","16","0"
"14095529","3","1","0"
"14095928","1","1","0"
"14096042","0","5","0"
"14096328","0","0","0"
"14096471","15","13","0"
"14096849","10","14","0"
"14097552","0","7","0"
"14097974","33","20","0"
"14098933","0","0","0"
"14099193","1","10","0"
"14099436","0","0","0"
"14099883","4","11","0"
"14100401","0","92","0"
"14100603","0","1","0"
"14101463","2","3","0"
"14101496","0","0","0"
"14101811","0","7","0"
"14102069","0","5","0"
"14102221","1","1","0"
"14102316","0","8","0"
"14102421","0","0","0"
"14103418","11","2","0"
"14103833","0","46","0"
"14104677","0","8","0"
"14105300","1","4","0"
"14105851","15","33","0"
"14106028","11","5","0"
"14106392","4","8","0"
"14107013","3","2","0"
"14107400","0","18","0"
"14110101","5","25","0"
"14110132","0","4","0"
"14110537","4","26","0"
"14111427","0","0","0"
"14111751","0","0","0"
"14111809","5","3","0"
"14113332","3","9","0"
"14113432","0","3","0"
"14114942","0","3","0"
"14115415","0","7","0"
"14116701","0","7","0"
"14116726","0","24","0"
"14116735","0","1","0"
"14117150","5","12","0"
"14118153","0","9","0"
"14119764","3","4","0"
"14120463","0","8","0"
"14121581","0","22","0"
"14121685","0","5","0"
"14122778","4","4","0"
"14123115","5","24","0"
"14123402","4","3","0"
"14123710","0","8","0"
"14124032","2","2","0"
"14125161","0","16","0"
"14125212","0","4","0"
"14125569","0","24","0"
"14125846","0","17","0"
"14126426","0","1","0"
"14126467","0","1","0"
"14126932","0","2","0"
"14127270","0","7","0"
"14127518","0","0","0"
"14127764","0","1","0"
"14127821","0","4","0"
"14127907","1","1","0"
"14129539","5","4","0"
"14130304","3","19","0"
"14131368","0","7","0"
"14131904","0","1","0"
"14131958","0","6","0"
"14132030","0","0","0"
"14132343","1","6","0"
"14132412","0","6","0"
"14133911","0","21","0"
"14133920","3","16","0"
"14133939","3","11","0"
"14134719","0","1","0"
"14135290","0","17","0"
"14135745","0","0","0"
"14136453","0","9","0"
"14137569","4","7","0"
"14137613","0","1","0"
"14137766","1","2","0"
"14137830","1","1","0"
"14138101","0","1","0"
"14138691","6","0","0"
"14139030","0","5","0"
"14140317","0","0","0"
"14140738","0","3","0"
"14140870","0","2","0"
"14143776","0","16","0"
"14144329","4","0","0"
"14144625","3","6","0"
"14144645","1","48","0"
"14145197","9","3","0"
"14146914","0","8","0"
"14147060","0","1","0"
"14147717","6","8","0"
"14147982","0","1","0"
"14149622","1","6","0"
"14149847","1","0","0"
"14151086","0","1","0"
"14151927","3","14","0"
"14152018","5","3","0"
"14152024","0","0","0"
"14152860","1","10","0"
"14153094","0","5","0"
"14155365","0","3","0"
"14156200","0","11","0"
"14156332","0","2","0"
"14156581","0","22","0"
"14157054","0","3","0"
"14157146","0","9","0"
"14157959","0","2","0"
"14158852","0","1","0"
"14160951","0","4","0"
"14161452","0","18","0"
"14161649","2","15","0"
"14162527","0","11","0"
"14163285","0","6","0"
"14163500","0","0","0"
"14163839","0","15","0"
"14163928","4","8","0"
"14164923","6","16","0"
"14164957","5","6","0"
"14165494","22","11","0"
"14166084","0","7","0"
"14166398","2","6","0"
"14167674","0","3","0"
"14168100","0","2","0"
"14168559","0","12","0"
"14169295","0","9","0"
"14169348","10","0","0"
"14170083","3","28","0"
"14170341","0","3","0"
"14170690","0","11","0"
"14170782","20","44","0"
"14171757","0","11","0"
"14171873","0","3","0"
"14172469","7","26","0"
"14172831","0","1","0"
"14173036","5","12","0"
"14173498","0","2","0"
"14173752","0","15","0"
"14173935","4","19","0"
"14175627","1","5","0"
"14176855","0","3","0"
"14177366","10","2","0"
"14177537","2","12","0"
"14177859","1","1","0"
"14178855","1","6","0"
"14179419","0","1","0"
"14180819","2","2","0"
"14180967","1","7","0"
"14181068","4","1","0"
"14181277","0","8","0"
"14183621","0","3","0"
"14184213","0","3","0"
"14186116","7","29","0"
"14186237","0","2","0"
"14187575","1","8","0"
"14187638","0","21","0"
"14187647","3","13","0"
"14187779","1","12","2"
"14189876","0","6","0"
"14190971","1","4","0"
"14192015","0","1","0"
"14192616","2","3","0"
"14193020","2","2","0"
"14193101","3","9","0"
"14194392","2","13","0"
"14194738","0","0","0"
"14194981","0","6","0"
"14195705","2","2","0"
"14196135","0","274","0"
"14196152","0","4","0"
"14196784","0","24","0"
"14197864","0","5","0"
"14198019","0","0","0"
"14198784","0","0","0"
"14198822","3","5","0"
"14199991","0","14","0"
"14201514","0","17","0"
"14201841","0","7","0"
"14202100","8","11","0"
"14203662","0","7","0"
"14203819","0","6","0"
"14204323","0","0","0"
"14204392","0","4","0"
"14205040","1","7","0"
"14205161","0","5","0"
"14205498","0","4","0"
"14206019","0","1","0"
"14206311","0","8","0"
"14208092","1","18","0"
"14209707","1","18","0"
"14209943","1","5","2"
"14210971","5","1","0"
"14211829","9","22","0"
"14213484","0","2","0"
"14214258","3","4","0"
"14214444","0","0","0"
"14215608","0","7","0"
"14216148","0","7","0"
"14216457","0","3","0"
"14217943","1","21","0"
"14218075","1","13","0"
"14219415","0","4","0"
"14220201","0","6","0"
"14220668","0","0","0"
"14221828","4","1","0"
"14222695","0","3","0"
"14222965","3","106","0"
"14223215","0","31","0"
"14223779","0","0","0"
"14224671","0","2","0"
"14225250","0","19","0"
"14225304","1","12","0"
"14225971","0","1","0"
"14225979","0","27","0"
"14227165","0","3","0"
"14227727","0","4","0"
"14228343","0","39","0"
"14230164","0","0","0"
"14230471","2","15","0"
"14231298","7","47","0"
"14231880","3","3","0"
"14233544","0","15","0"
"14235063","1","4","0"
"14236110","0","3","0"
"14236309","0","5","0"
"14236703","0","1","0"
"14237618","0","8","0"
"14237825","0","4","0"
"14240248","0","7","0"
"14241193","1","6","0"
"14243411","0","0","0"
"14243731","7","22","0"
"14245047","5","2","0"
"14245137","0","3","0"
"14245686","10","2","0"
"14246627","0","14","0"
"14247347","3","6","0"
"14247846","2","1","0"
"14247883","1","19","0"
"14248045","1","5","0"
"14248076","1","10","0"
"14248823","0","0","0"
"14249497","5","3","0"
"14250252","0","15","0"
"14250642","8","10","15"
"14251593","0","0","0"
"14251785","1","9","0"
"14253533","2","14","0"
"14254426","0","8","0"
"14254771","7","10","0"
"14255204","2","11","1"
"14255230","0","5","0"
"14255891","0","12","0"
"14256104","0","9","0"
"14256509","0","32","0"
"14256903","0","2","0"
"14257546","2","3","0"
"14257757","2","18","0"
"14258459","3","5","0"
"14258470","8","29","0"
"14258827","4","10","0"
"14259598","2","3","0"
"14260355","1","22","0"
"14261686","1","13","0"
"14261967","0","11","0"
"14263030","0","0","0"
"14263125","3","24","0"
"14263897","4","3","0"
"14264760","1","4","0"
"14265581","1","8","0"
"14266487","1","17","0"
"14266555","0","3","0"
"14266726","0","8","0"
"14266929","0","0","0"
"14267419","0","15","0"
"14268481","0","13","0"
"14269062","1","0","0"
"14269427","2","7","0"
"14270580","8","33","0"
"14272487","0","27","0"
"14272611","0","1","0"
"14272982","0","3","0"
"14273035","1","0","0"
"14274278","0","0","0"
"14274908","0","21","0"
"14275097","0","4","0"
"14275813","6","7","0"
"14277868","1","0","0"
"14278000","0","0","0"
"14279755","2","0","0"
"14280471","0","9","0"
"14282137","0","2","0"
"14283168","0","31","0"
"14283546","0","2","0"
"14284118","10","0","0"
"14284633","2","5","0"
"14286030","0","0","0"
"14286161","9","34","2"
"14286618","0","16","0"
"14286817","0","3","0"
"14287056","0","2","0"
"14287408","0","6","0"
"14287783","0","35","0"
"14288109","0","14","0"
"14289249","0","0","0"
"14290361","3","11","0"
"14291381","0","11","0"
"14291809","0","80","0"
"14295211","1","4","0"
"14295533","1","0","0"
"14295919","0","6","0"
"14296038","1","2","0"
"14296280","1","3","0"
"14296678","0","7","0"
"14296877","1","4","0"
"14297075","0","3","0"
"14297384","0","4","0"
"14298786","8","4","0"
"14299072","0","21","0"
"14299229","0","5","0"
"14299421","0","0","0"
"14299453","0","0","0"
"14299517","0","39","0"
"14299598","0","18","0"
"14299876","0","0","0"
"14301060","0","1","0"
"14302216","4","0","0"
"14302879","2","2","0"
"14303257","0","3","0"
"14304739","1","11","0"
"14305423","0","16","0"
"14306096","1","1","0"
"14306125","0","11","0"
"14306691","2","6","0"
"14306793","0","8","1"
"14307094","2","1","0"
"14307231","0","6","0"
"14307813","0","0","0"
"14308480","1","2","0"
"14309348","0","3","0"
"14311451","0","0","0"
"14311633","15","43","1"
"14311637","1","5","0"
"14313338","0","26","0"
"14313631","1","16","0"
"14314366","0","0","0"
"14315170","0","0","0"
"14315384","0","0","0"
"14315926","0","12","0"
"14317123","3","11","0"
"14321114","0","4","0"
"14321922","1","3","0"
"14322045","0","0","0"
"14322137","5","18","0"
"14322227","0","2","0"
"14322936","0","0","0"
"14324634","0","33","0"
"14324931","0","9","0"
"14326456","0","23","0"
"14326884","0","4","0"
"14327169","0","0","0"
"14327540","0","2","0"
"14327609","25","39","0"
"14328069","0","3","0"
"14328460","0","1","0"
"14329478","0","2","0"
"14329769","0","1","0"
"14329886","0","4","0"
"14329945","12","10","0"
"14330111","0","5","0"
"14332340","0","2","0"
"14332805","0","14","0"
"14332808","5","39","0"
"14333154","0","17","0"
"14333586","0","0","0"
"14333706","0","2","0"
"14333778","0","31","0"
"14334255","3","30","0"
"14334440","0","4","0"
"14334528","0","42","0"
"14334986","0","0","0"
"14335620","0","34","0"
"14337256","0","9","0"
"14338747","0","4","0"
"14339265","0","77","0"
"14340576","7","7","0"
"14341447","0","14","0"
"14342112","6","4","0"
"14342247","0","4","0"
"14343402","0","4","0"
"14343411","1","5","0"
"14344037","0","6","0"
"14345522","0","7","0"
"14346235","0","79","0"
"14348328","0","1","0"
"14348907","0","1","0"
"14348984","2","2","0"
"14349247","0","3","0"
"14349416","2","9","1"
"14349429","0","38","0"
"14349632","0","10","0"
"14349901","2","1","0"
"14349944","3","2","0"
"14350340","0","9","0"
"14350717","1","0","0"
"14351788","0","5","0"
"14351825","2","11","0"
"14352359","0","8","0"
"14354383","0","0","0"
"14354973","0","9","0"
"14355404","1","28","0"
"14356409","1","20","0"
"14357715","1","22","0"
"14358355","1","0","0"
"14358439","0","5","0"
"14358689","0","10","1"
"14359742","0","14","0"
"14359880","0","7","0"
"14360228","0","0","0"
"14360446","0","12","2"
"14361465","0","9","0"
"14361772","6","2","0"
"14361998","5","1","0"
"14364242","2","4","0"
"14365411","0","1","0"
"14365833","1","5","0"
"14366207","0","11","1"
"14366486","7","11","0"
"14367347","0","2","0"
"14367715","0","5","0"
"14368652","0","2","0"
"14370760","15","15","0"
"14372203","0","37","0"
"14373336","0","11","0"
"14373455","1","28","0"
"14373609","0","0","0"
"14373707","0","4","0"
"14373720","2","5","0"
"14374655","1","6","0"
"14375655","2","8","0"
"14376171","0","13","0"
"14377742","0","11","0"
"14378221","1","6","2"
"14378224","0","2","0"
"14380136","0","0","0"
"14382714","0","0","0"
"14382737","0","7","0"
"14384237","0","10","0"
"14384783","0","0","0"
"14384817","0","3","0"
"14384850","0","1","0"
"14385064","0","14","0"
"14385413","0","1","0"
"14387700","0","2","0"
"14388047","3","0","0"
"14391878","12","41","0"
"14393119","0","1","0"
"14394849","0","3","1"
"14394850","0","11","0"
"14395123","0","15","0"
"14395607","0","19","0"
"14395688","4","7","0"
"14395986","0","2","0"
"14396347","0","6","0"
"14397007","0","50","0"
"14397825","3","1","0"
"14399624","7","4","0"
"14399649","5","12","0"
"14399782","3","79","0"
"14399904","1","9","0"
"14400445","0","0","0"
"14400845","0","3","0"
"14401930","2","3","0"
"14403111","0","32","0"
"14403749","0","4","0"
"14404801","0","9","0"
"14404907","0","0","0"
"14405156","0","8","0"
"14405206","2","1","0"
"14405867","0","7","0"
"14406683","2","2","0"
"14407322","0","0","0"
"14407338","0","1","0"
"14407452","0","9","0"
"14407713","2","24","0"
"14408656","3","7","0"
"14409242","0","1","0"
"14409527","0","0","0"
"14409952","0","0","0"
"14410362","0","2","0"
"14411242","0","2","0"
"14411451","0","6","0"
"14412408","0","6","0"
"14412760","1","6","0"
"14413247","0","3","0"
"14413913","0","2","0"
"14414722","0","8","0"
"14414851","6","2","0"
"14416830","0","6","0"
"14417296","0","1","0"
"14418911","0","25","0"
"14418933","3","1","0"
"14419885","2","2","0"
"14422401","0","1","0"
"14422921","2","17","0"
"14424618","0","12","0"
"14424929","1","2","0"
"14425132","0","5","0"
"14425729","0","3","0"
"14426301","0","54","0"
"14427002","0","11","0"
"14429358","0","6","0"
"14430410","0","3","0"
"14431127","1","6","0"
"14431186","0","0","0"
"14431936","0","1","0"
"14432226","2","39","0"
"14432442","0","2","0"
"14432553","0","5","0"
"14432913","2","1","0"
"14434426","9","20","21"
"14436537","0","0","0"
"14437325","0","0","0"
"14437947","0","9","0"
"14439887","0","1","0"
"14440070","4","0","0"
"14440408","0","5","0"
"14441384","0","4","0"
"14442225","0","17","0"
"14442401","0","2","0"
"14443144","0","9","0"
"14445782","0","3","0"
"14446795","0","12","0"
"14446924","0","3","0"
"14447498","0","13","0"
"14447630","0","1","0"
"14448038","1","0","0"
"14448341","4","4","0"
"14448593","4","39","0"
"14448694","17","2","1"
"14449940","0","12","0"
"14450820","5","3","0"
"14451606","1","12","0"
"14451967","0","0","0"
"14453612","1","11","0"
"14454498","0","21","0"
"14454600","1","14","0"
"14454663","0","2","0"
"14456050","2","3","0"
"14456737","1","11","0"
"14456832","0","0","0"
"14458294","1","15","0"
"14458518","1","1","0"
"14460051","1","4","0"
"14460178","0","3","0"
"14460382","0","0","0"
"14461286","27","14","0"
"14461379","3","2","0"
"14462728","1","18","0"
"14464173","2","0","1"
"14464831","0","0","0"
"14465032","0","4","1"
"14465181","7","3","0"
"14466285","10","36","0"
"14466436","3","4","0"
"14466511","0","0","0"
"14468058","1","45","0"
"14470184","3","26","0"
"14470940","3","38","0"
"14471263","0","4","0"
"14471566","0","1","0"
"14471664","0","6","0"
"14471757","0","2","0"
"14471794","1","2","0"
"14471805","0","0","0"
"14471944","0","23","0"
"14473087","1","9","0"
"14473410","7","18","0"
"14473670","0","11","0"
"14474244","1","1","0"
"14475036","0","25","0"
"14476286","0","39","0"
"14476416","0","27","0"
"14476782","7","9","0"
"14476798","0","5","0"
"14477325","1","6","0"
"14477397","6","16","0"
"14477834","3","9","0"
"14478322","0","4","0"
"14479029","0","0","0"
"14481500","12","30","0"
"14481779","0","1","0"
"14482706","0","0","0"
"14483075","0","8","0"
"14483799","3","53","0"
"14485623","0","7","0"
"14488190","2","2","0"
"14488354","0","3","0"
"14489599","0","12","0"
"14491457","0","12","0"
"14491879","0","7","0"
"14492048","1","5","0"
"14492128","0","0","0"
"14492150","10","15","0"
"14492466","9","1","1"
"14492475","0","0","0"
"14493580","0","6","0"
"14494564","0","1","0"
"14495284","0","5","0"
"14495954","0","1","0"
"14497319","0","2","0"
"14497417","1","26","0"
"14498035","0","2","0"
"14498055","0","2","0"
"14498931","1","4","0"
"14500634","0","6","0"
"14502688","7","3","0"
"14502999","7","8","0"
"14504695","0","1","0"
"14505562","0","31","0"
"14507234","0","2","0"
"14507581","0","19","0"
"14507665","0","0","0"
"14507972","0","15","0"
"14508002","0","2","0"
"14508101","2","33","0"
"14508232","1","18","1"
"14508690","8","67","0"
"14510375","3","7","0"
"14510833","0","13","0"
"14511145","0","0","0"
"14511686","0","10","0"
"14511992","1","7","0"
"14512356","0","4","0"
"14512450","0","6","0"
"14512907","0","32","0"
"14514616","11","5","2"
"14516008","10","2","0"
"14516300","0","6","0"
"14516454","3","0","0"
"14516865","0","15","0"
"14517058","0","8","0"
"14521222","0","4","0"
"14522075","1","14","0"
"14522393","0","1","0"
"14524734","0","12","0"
"14524978","0","0","0"
"14525084","0","2","0"
"14525381","5","4","0"
"14525606","0","5","0"
"14527588","2","42","0"
"14527770","0","1","0"
"14527914","0","7","0"
"14528236","7","17","0"
"14528242","0","4","0"
"14528981","0","2","0"
"14529403","0","1","0"
"14529680","0","0","0"
"14531373","0","7","0"
"14533334","6","12","0"
"14533607","0","5","0"
"14534530","1","14","0"
"14535088","0","55","0"
"14537788","0","4","0"
"14537981","0","12","0"
"14538687","2","29","0"
"14538776","22","15","0"
"14539774","1","17","1"
"14540793","0","13","0"
"14541164","0","22","0"
"14542283","0","0","0"
"14544767","0","2","0"
"14544937","4","6","0"
"14545629","0","6","0"
"14545655","1","2","0"
"14545744","0","5","0"
"14546245","0","6","0"
"14546482","54","57","0"
"14547251","0","1","0"
"14547510","0","1","0"
"14548114","0","2","0"
"14549188","4","5","0"
"14549262","1","3","0"
"14549987","0","4","0"
"14551409","1","9","0"
"14551796","0","60","0"
"14552563","1","3","0"
"14553195","0","17","0"
"14553393","0","2","0"
"14554724","2","17","0"
"14554871","0","5","0"
"14554993","0","0","0"
"14555143","0","4","0"
"14555988","0","9","0"
"14556013","0","5","0"
"14557151","6","2","0"
"14557599","19","31","0"
"14557680","15","8","3"
"14558090","0","9","0"
"14558544","0","0","0"
"14559207","0","27","0"
"14559544","0","0","0"
"14559762","0","21","0"
"14560120","3","5","0"
"14560388","1","10","0"
"14561220","6","1","0"
"14561388","3","12","0"
"14562389","1","1","0"
"14562659","0","6","0"
"14562817","0","6","0"
"14562832","0","1","0"
"14562929","0","0","0"
"14563395","0","1","0"
"14563463","3","3","0"
"14563715","0","1","0"
"14563739","0","0","0"
"14564110","0","2","0"
"14564685","0","6","0"
"14564705","0","0","0"
"14564769","4","7","0"
"14565309","0","0","0"
"14565620","0","4","0"
"14566355","0","13","0"
"14567528","0","32","0"
"14568589","0","0","0"
"14568649","1","8","0"
"14570121","18","20","0"
"14570933","0","0","0"
"14570999","1","3","0"
"14572774","0","9","0"
"14573257","0","0","0"
"14576314","2","12","0"
"14576509","6","13","1"
"14577421","2","1","0"
"14577847","0","13","0"
"14577985","9","4","0"
"14578002","0","2","0"
"14578749","7","1","0"
"14579051","1","1","0"
"14579156","0","27","1"
"14579185","0","3","0"
"14580023","0","26","0"
"14580983","9","38","0"
"14581154","1","1","0"
"14581661","11","8","5"
"14581890","1","1","0"
"14582628","2","2","0"
"14583128","0","2","0"
"14584978","1","12","0"
"14586843","13","24","0"
"14587004","2","1","0"
"14587250","0","5","0"
"14587309","0","8","0"
"14587399","0","12","0"
"14589739","0","3","0"
"14590206","0","0","0"
"14590695","0","5","0"
"14591149","0","5","0"
"14591435","0","0","0"
"14591437","0","2","0"
"14591453","4","4","0"
"14591547","0","13","0"
"14591808","4","1","0"
"14592204","0","12","0"
"14592521","1","21","0"
"14592759","0","4","0"
"14593907","2","2","0"
"14595023","0","4","0"
"14596124","2","0","1"
"14596207","3","6","0"
"14597043","6","1","0"
"14598472","0","8","0"
"14598823","0","1","0"
"14604057","0","12","0"
"14604114","0","14","0"
"14604224","0","2","1"
"14604485","1","15","0"
"14604591","0","1","0"
"14604623","4","12","0"
"14605089","0","0","0"
"14606501","0","9","0"
"14606607","0","5","0"
"14606777","12","3","0"
"14607980","5","56","2"
"14608129","7","27","0"
"14610481","3","2","0"
"14611309","6","4","3"
"14611542","0","4","0"
"14611692","1","0","0"
"14614018","0","0","0"
"14614305","0","1","0"
"14614728","0","5","0"
"14615037","1","1","1"
"14615528","5","4","0"
"14616115","0","1","0"
"14617194","0","8","0"
"14619182","0","82","0"
"14620607","0","1","0"
"14621166","0","0","0"
"14622394","10","7","1"
"14624172","7","6","0"
"14624519","0","7","0"
"14625624","0","1","0"
"14626222","6","3","0"
"14627189","0","0","0"
"14627620","0","2","0"
"14628358","5","15","0"
"14628838","1","15","0"
"14628929","0","6","0"
"14629458","15","156","0"
"14630714","1","10","0"
"14630767","0","4","0"
"14631114","0","3","0"
"14631494","0","73","0"
"14632122","0","3","0"
"14632157","0","2","0"
"14632345","7","65","0"
"14633335","0","11","0"
"14633925","0","2","0"
"14634731","0","17","0"
"14634910","2","2","0"
"14635141","0","4","0"
"14635852","1","23","0"
"14635913","0","2","0"
"14637471","0","0","0"
"14639553","9","0","0"
"14640192","0","12","0"
"14641092","0","0","0"
"14641214","0","8","1"
"14641365","0","16","0"
"14642556","0","17","0"
"14642689","1","0","0"
"14642730","0","17","0"
"14642821","0","10","0"
"14643150","6","1","0"
"14643807","0","9","0"
"14645279","0","0","0"
"14645910","0","1","0"
"14646589","0","3","0"
"14648642","9","8","0"
"14648732","0","35","0"
"14648783","3","1","0"
"14649152","12","3","0"
"14649447","0","4","0"
"14650340","0","2","0"
"14653270","1","9","0"
"14653627","0","7","0"
"14653662","9","7","0"
"14654948","0","7","0"
"14655252","6","34","0"
"14655526","6","1","0"
"14656752","2","16","0"
"14657208","1","6","0"
"14657812","0","1","0"
"14657882","0","0","0"
"14659697","0","3","0"
"14659871","1","0","0"
"14661818","0","0","0"
"14662161","0","6","0"
"14663085","1","10","0"
"14663910","0","22","0"
"14664325","0","19","0"
"14664344","0","2","0"
"14664569","0","6","0"
"14664997","0","1","0"
"14665256","0","11","0"
"14667184","0","3","0"
"14667194","11","1","0"
"14667978","0","4","0"
"14668004","1","2","0"
"14668540","0","33","0"
"14670348","0","2","0"
"14671155","0","5","0"
"14671536","6","1","0"
"14673615","2","28","0"
"14674523","0","2","0"
"14675120","1","5","0"
"14675131","1","3","0"
"14675257","3","37","0"
"14676301","1","4","0"
"14677211","4","9","0"
"14677542","6","19","0"
"14677915","0","0","0"
"14678918","1","4","0"
"14678978","2","2","0"
"14679439","0","48","0"
"14679462","0","9","0"
"14680048","2","34","0"
"14681227","0","5","0"
"14685130","0","5","0"
"14685187","1","20","0"
"14685679","0","3","0"
"14686926","1","1","0"
"14687311","2","8","0"
"14688730","0","3","0"
"14689875","0","12","0"
"14691247","0","3","0"
"14692430","9","8","0"
"14692938","0","2","0"
"14693142","1","2","0"
"14693268","6","31","0"
"14693668","0","4","0"
"14694068","13","20","0"
"14694240","2","3","0"
"14694660","67","10","17"
"14694981","0","8","0"
"14695247","0","0","0"
"14695255","1","2","0"
"14695961","0","1","0"
"14697803","1","0","21"
"14698152","12","44","0"
"14698534","1","11","0"
"14698690","1","32","0"
"14699660","0","5","0"
"14700237","0","24","0"
"14700539","0","47","0"
"14701270","0","5","0"
"14701607","0","6","0"
"14701736","0","13","0"
"14702308","0","9","0"
"14702599","0","5","0"
"14705072","5","10","0"
"14705210","0","28","0"
"14706624","0","0","0"
"14706764","1","3","0"
"14707633","0","7","0"
"14708584","0","2","0"
"14708870","0","4","0"
"14709177","1","3","0"
"14710784","0","0","0"
"14710975","0","12","0"
"14711009","2","11","0"
"14711023","1","2","0"
"14711374","0","2","0"
"14712252","4","63","0"
"14713823","6","1","0"
"14713899","0","1","0"
"14715054","0","61","0"
"14715055","5","11","0"
"14716055","0","7","0"
"14716166","0","4","0"
"14716537","0","8","0"
"14717905","0","22","0"
"14719293","5","10","0"
"14719369","0","4","0"
"14720206","0","2","0"
"14720453","0","8","0"
"14721768","0","0","0"
"14721843","1","5","0"
"14722381","2","0","0"
"14723492","0","12","0"
"14723812","0","2","0"
"14723898","1","7","0"
"14724361","0","4","0"
"14724559","0","3","0"
"14725559","1","7","0"
"14727019","0","22","0"
"14727166","0","12","0"
"14727778","0","14","0"
"14728070","0","11","0"
"14728933","0","6","0"
"14728977","0","5","0"
"14730176","0","8","0"
"14730311","0","0","0"
"14731515","0","5","0"
"14731750","3","22","0"
"14732011","0","0","0"
"14732606","0","11","0"
"14732712","10","1","0"
"14732841","0","1","0"
"14733216","0","37","6"
"14733337","2","0","0"
"14734258","0","5","0"
"14734879","0","16","0"
"14735733","0","5","0"
"14737378","0","15","0"
"14738120","10","18","1"
"14739138","1","4","0"
"14739273","29","25","0"
"14739428","2","21","0"
"14739439","0","0","0"
"14739623","2","1","0"
"14741195","0","1","0"
"14741947","2","25","0"
"14742111","1","98","0"
"14742653","0","0","0"
"14744443","0","39","0"
"14744970","15","83","0"
"14746726","0","5","0"
"14746777","0","20","0"
"14746858","0","8","0"
"14747080","0","12","0"
"14747369","14","1","0"
"14748830","1","26","0"
"14749084","0","5","0"
"14750216","0","13","0"
"14750388","2","3","0"
"14750458","28","12","0"
"14751691","1","7","0"
"14752949","0","2","0"
"14753452","0","1","0"
"14754410","0","2","0"
"14754870","0","27","0"
"14755443","0","30","0"
"14755898","0","2","0"
"14756421","0","24","0"
"14756506","1","6","0"
"14756716","1","1","0"
"14756734","0","0","0"
"14758388","8","65","0"
"14758820","0","0","0"
"14759019","0","0","0"
"14759265","0","3","0"
"14760811","0","0","0"
"14761252","0","32","0"
"14761615","0","0","1"
"14761798","9","14","0"
"14761811","0","0","0"
"14761908","0","5","0"
"14762996","0","0","0"
"14763453","0","7","0"
"14764572","0","0","0"
"14764973","19","13","0"
"14765047","0","0","0"
"14765387","0","3","0"
"14766015","1","25","0"
"14766059","1","4","0"
"14766148","0","17","0"
"14766235","0","3","0"
"14766774","0","0","0"
"14766910","1","3","0"
"14768312","0","1","0"
"14768498","11","23","0"
"14769766","6","10","1"
"14771666","1","11","0"
"14771689","0","2","0"
"14772281","18","19","0"
"14773060","0","7","0"
"14773454","2","52","0"
"14773537","1","6","0"
"14773569","0","1","0"
"14773854","4","37","4"
"14773942","7","33","0"
"14774535","1","4","0"
"14774669","0","1","0"
"14776411","0","0","0"
"14776441","0","1","0"
"14777336","1","1","0"
"14777448","0","1","0"
"14777961","0","2","0"
"14778218","0","13","0"
"14779029","3","15","0"
"14779061","0","2","0"
"14780215","4","10","0"
"14781509","0","1","0"
"14782128","0","5","0"
"14782135","0","2","0"
"14784580","0","2","0"
"14785423","0","3","0"
"14787015","6","9","0"
"14787412","1","11","0"
"14787618","0","16","0"
"14787742","0","0","0"
"14788442","0","0","0"
"14789918","0","1","0"
"14790684","0","0","0"
"14791708","0","1","0"
"14791847","0","0","0"
"14792693","0","2","0"
"14793476","0","1","0"
"14793796","1","24","0"
"14793963","1","36","0"
"14794107","5","8","0"
"14794335","0","21","0"
"14794438","2","0","0"
"14794477","0","2","0"
"14794863","0","4","0"
"14794890","2","2","0"
"14795206","4","4","1"
"14796492","0","2","0"
"14799185","0","9","0"
"14799278","1","10","0"
"14799687","1","1","0"
"14801674","0","0","0"
"14803340","0","6","0"
"14803460","0","1","0"
"14803494","0","7","0"
"14804066","0","17","0"
"14804339","2","4","0"
"14805178","1","0","0"
"14805354","0","0","0"
"14805530","0","3","0"
"14805927","0","2","0"
"14806680","1","24","0"
"14806960","0","0","0"
"14808040","0","4","0"
"14808817","3","21","0"
"14809236","74","72","0"
"14809952","0","27","0"
"14810188","0","14","0"
"14810367","4","4","0"
"14812333","3","51","0"
"14812623","0","4","0"
"14813453","3","5","0"
"14813579","2","8","0"
"14815236","0","10","0"
"14815344","0","0","0"
"14815849","0","4","0"
"14815949","0","4","0"
"14818797","0","7","0"
"14819077","5","6","0"
"14819138","0","2","1"
"14819955","0","17","0"
"14820215","0","12","0"
"14820483","0","0","0"
"14821287","3","4","0"
"14821874","0","9","0"
"14823254","9","10","0"
"14824455","0","0","0"
"14825360","0","2","0"
"14827052","0","0","0"
"14828354","8","18","0"
"14828615","0","9","0"
"14830457","19","35","1"
"14831280","1","5","0"
"14831655","0","3","0"
"14831756","5","1","0"
"14831791","0","9","0"
"14832835","3","5","0"
"14833238","18","17","0"
"14833560","0","12","0"
"14833818","1","10","0"
"14834829","0","3","0"
"14835220","0","5","0"
"14835820","0","9","0"
"14836107","0","5","0"
"14836289","4","12","0"
"14836368","0","3","0"
"14836563","0","0","0"
"14837126","0","0","0"
"14837481","0","48","0"
"14838142","0","8","0"
"14838434","0","13","0"
"14839219","4","2","0"
"14839290","0","4","0"
"14839305","0","42","1"
"14839602","8","15","0"
"14839886","1","7","0"
"14840097","0","37","0"
"14840225","0","21","0"
"14840385","0","4","0"
"14840883","0","26","0"
"14842053","3","6","0"
"14842098","0","1","0"
"14843000","0","23","0"
"14843373","2","9","0"
"14843635","0","2","0"
"14844306","0","49","0"
"14844414","0","3","0"
"14845251","3","0","0"
"14845951","12","45","0"
"14846227","0","7","0"
"14846296","0","22","0"
"14847201","2","2","0"
"14847337","0","21","0"
"14847578","0","3","0"
"14848227","0","9","0"
"14849005","0","2","0"
"14849519","0","3","0"
"14849657","0","24","0"
"14850026","0","3","0"
"14850064","0","9","0"
"14850218","0","36","0"
"14850526","0","4","0"
"14850978","1","12","0"
"14851400","1","3","0"
"14852237","0","1","0"
"14852441","0","8","0"
"14852564","0","4","0"
"14852793","0","12","0"
"14853599","0","9","0"
"14853869","1","4","0"
"14854583","0","8","0"
"14854878","1","6","0"
"14855004","2","4","0"
"14855024","0","23","0"
"14855070","1","10","0"
"14856096","3","2","0"
"14857696","1","5","0"
"14857860","0","0","0"
"14858924","2","2","0"
"14859549","1","3","0"
"14860100","0","10","0"
"14860459","5","5","0"
"14860818","0","9","0"
"14862260","0","3","0"
"14862481","0","1","0"
"14862649","7","11","0"
"14863381","0","0","0"
"14865032","0","0","0"
"14865343","0","3","0"
"14865645","4","14","5"
"14866016","2","46","0"
"14866194","0","0","0"
"14866668","3","9","1"
"14868085","0","8","0"
"14868118","0","2","0"
"14870519","1","5","0"
"14870572","0","0","0"
"14870587","1","19","0"
"14871277","0","2","0"
"14872762","2","0","0"
"14872824","1","3","0"
"14872851","0","2","0"
"14873522","2","2","1"
"14873672","0","0","0"
"14874550","2","5","0"
"14874654","6","0","0"
"14875027","19","25","0"
"14876576","3","18","0"
"14877188","0","12","0"
"14879238","1","1","0"
"14879411","2","6","0"
"14879724","3","2","0"
"14880506","8","5","0"
"14880905","0","9","0"
"14881707","3","11","2"
"14881972","0","0","0"
"14882170","6","2","0"
"14882236","10","2","1"
"14882383","0","2","0"
"14882978","0","6","0"
"14883431","0","15","0"
"14884654","0","2","0"
"14884985","0","4","0"
"14885070","0","5","0"
"14885612","6","9","0"
"14886953","0","0","0"
"14887225","0","0","0"
"14887690","0","0","0"
"14887735","0","32","0"
"14891562","0","3","0"
"14891756","2","19","0"
"14891896","0","4","0"
"14892922","0","0","0"
"14894585","0","8","0"
"14895492","0","10","0"
"14895961","0","3","0"
"14895997","7","21","0"
"14896254","1","0","0"
"14896542","3","3","0"
"14896772","0","6","0"
"14896818","0","6","0"
"14896900","0","7","0"
"14896907","0","3","0"
"14897155","0","39","0"
"14897766","0","1","0"
"14897805","0","17","0"
"14899222","0","0","0"
"14900114","0","6","0"
"14900930","0","3","0"
"14900935","0","8","0"
"14901693","0","4","0"
"14901866","0","0","0"
"14901922","0","10","0"
"14902568","6","7","0"
"14904772","0","2","0"
"14905584","0","8","0"
"14906184","0","2","0"
"14906436","4","2","0"
"14906528","0","1","0"
"14906707","3","5","0"
"14906711","0","0","0"
"14906909","0","5","0"
"14907835","0","3","0"
"14908558","0","12","0"
"14908626","2","8","0"
"14908811","0","8","0"
"14909189","0","3","0"
"14909483","0","3","0"
"14912756","5","10","1"
"14912887","0","6","0"
"14914517","3","10","0"
"14914817","0","14","0"
"14915511","1","1","4"
"14916114","1","1","0"
"14916389","4","2","0"
"14916414","1","14","0"
"14917215","0","5","0"
"14917808","0","13","0"
"14918084","0","27","0"
"14918877","0","20","0"
"14919151","0","4","0"
"14920016","0","1","0"
"14920575","0","5","0"
"14921272","0","14","0"
"14921363","0","4","0"
"14921878","0","11","0"
"14923589","0","1","0"
"14923792","6","5","0"
"14924206","2","35","0"
"14925332","0","3","0"
"14927979","0","0","0"
"14928212","5","6","0"
"14929296","0","16","0"
"14929537","1","8","0"
"14929689","0","30","0"
"14930500","0","27","0"
"14932096","1","8","0"
"14933013","6","6","0"
"14933987","0","1","0"
"14935078","1","0","0"
"14935983","0","4","0"
"14936255","0","13","0"
"14937262","11","2","0"
"14937332","0","39","0"
"14938047","0","3","0"
"14938049","1","0","0"
"14938670","1","12","0"
"14938739","0","5","0"
"14938768","0","4","0"
"14939485","1","5","0"
"14939870","0","2","0"
"14939967","1","6","0"
"14940120","0","2","0"
"14940361","0","27","0"
"14940782","0","1","0"
"14943717","0","3","0"
"14944162","1","5","0"
"14944639","2","3","0"
"14945758","0","11","0"
"14946345","0","17","0"
"14946407","0","8","0"
"14946461","0","15","0"
"14946864","0","9","0"
"14948116","0","1","0"
"14948158","7","34","0"
"14948344","0","4","0"
"14949381","0","2","0"
"14949565","0","3","0"
"14950800","0","1","0"
"14952296","0","35","0"
"14953299","0","5","0"
"14954028","0","0","0"
"14954110","2","3","0"
"14955092","0","4","0"
"14957121","0","5","0"
"14957734","0","4","0"
"14958309","0","10","0"
"14958468","1","26","0"
"14958624","0","2","0"
"14958770","0","4","1"
"14959279","0","10","0"
"14961042","0","19","0"
"14963228","0","2","0"
"14963397","2","23","1"
"14963473","0","5","0"
"14963630","0","2","0"
"14964835","0","0","0"
"14965140","0","0","0"
"14965947","0","16","0"
"14966581","1","9","0"
"14967139","0","8","0"
"14968653","0","7","0"
"14968662","0","2","0"
"14969055","0","9","0"
"14969187","0","11","0"
"14970135","7","18","0"
"14970310","0","1","0"
"14972237","3","9","0"
"14973826","0","4","0"
"14974617","2","14","0"
"14974627","0","17","0"
"14974954","15","1","0"
"14975651","0","28","0"
"14976735","2","9","0"
"14977368","0","28","0"
"14977898","0","0","0"
"14978614","0","7","0"
"14979653","0","12","0"
"14980796","0","1","0"
"14980928","0","0","0"
"14981083","4","0","0"
"14981401","0","1","0"
"14982837","0","3","0"
"14982861","0","4","0"
"14983131","0","11","0"
"14983372","6","14","2"
"14983457","8","19","0"
"14983973","0","0","0"
"14984532","0","3","0"
"14985536","0","2","0"
"14986213","0","5","0"
"14986276","0","13","0"
"14986327","0","14","0"
"14986337","0","1","0"
"14987766","0","7","0"
"14988695","3","14","1"
"14988711","1","20","0"
"14989228","0","7","0"
"14989558","0","11","0"
"14990454","1","3","0"
"14990516","0","14","0"
"14990680","0","8","0"
"14992100","0","5","0"
"14993351","2","6","0"
"14993457","0","2","0"
"14994541","0","0","0"
"14995902","0","8","0"
"14996368","0","1","0"
"14996650","0","0","0"
"14997302","0","0","0"
"14998011","0","2","0"
"14998208","0","9","0"
"14998237","11","20","0"
"14999176","0","2","0"
"14999427","0","20","0"
"14999997","0","5","0"
"15000290","0","0","0"
"15000576","0","9","0"
"15000581","1","4","0"
"15000958","0","6","0"
"15001063","0","0","0"
"15001305","1","0","0"
"15002486","1","0","0"
"15003943","0","1","0"
"15004576","0","4","0"
"15004918","1","12","0"
"15005077","7","3","0"
"15005375","0","1","0"
"15007593","3","7","0"
"15007920","0","9","0"
"15009376","6","6","0"
"15009943","0","6","0"
"15010152","0","15","0"
"15011055","17","41","0"
"15011149","0","11","0"
"15011419","3","7","0"
"15011773","0","1","0"
"15011868","1","19","0"
"15012176","0","3","0"
"15012262","2","6","0"
"15012391","0","28","0"
"15012907","0","5","0"
"15013984","0","0","0"
"15014116","0","4","0"
"15014521","0","2","0"
"15014628","1","2","0"
"15015677","0","14","0"
"15017829","3","1","0"
"15018806","0","11","0"
"15019028","0","1","0"
"15019331","0","5","0"
"15019777","1","8","0"
"15020240","0","0","0"
"15021293","2","14","0"
"15022964","2","5","0"
"15023712","0","9","0"
"15023844","0","5","0"
"15023927","0","3","0"
"15024853","0","0","0"
"15025310","1","3","0"
"15025508","0","11","0"
"15026341","0","2","0"
"15026845","0","6","0"
"15027711","0","3","0"
"15028845","5","4","0"
"15029660","0","0","0"
"15029720","0","1","0"
"15029896","1","2","0"
"15029980","0","2","0"
"15030095","0","1","0"
"15031881","1","3","0"
"15032294","0","29","0"
"15034002","9","4","0"
"15034266","0","12","0"
"15035277","0","10","0"
"15035853","0","12","0"
"15035910","0","16","0"
"15036361","0","31","0"
"15040689","4","37","1"
"15042224","0","9","0"
"15043397","3","11","0"
"15043728","19","19","0"
"15045243","3","24","0"
"15045637","0","1","0"
"15046005","4","29","0"
"15047837","0","0","0"
"15049285","3","21","0"
"15049456","5","6","0"
"15051421","0","4","0"
"15051523","0","39","0"
"15052050","4","5","0"
"15052608","2","2","0"
"15053084","0","0","0"
"15053632","0","7","0"
"15055898","0","4","0"
"15057693","0","1","0"
"15057809","1","3","0"
"15058157","0","2","0"
"15058523","7","16","0"
"15059683","0","4","0"
"15060636","0","5","0"
"15060743","0","8","0"
"15060875","0","8","0"
"15061122","0","18","0"
"15062892","8","1","0"
"15065906","0","3","0"
"15066285","0","8","0"
"15067358","10","15","0"
"15067551","0","6","0"
"15067572","7","3","0"
"15069079","1","5","0"
"15069385","1","33","0"
"15069474","0","0","0"
"15069801","0","2","0"
"15069855","3","47","0"
"15069902","0","17","0"
"15070114","3","11","0"
"15070799","3","2","0"
"15071024","0","11","0"
"15071148","0","3","0"
"15071778","2","5","0"
"15072147","0","2","0"
"15072425","1","1","1"
"15073036","0","3","0"
"15073372","0","0","0"
"15074634","0","7","0"
"15074719","0","2","0"
"15075210","0","2","0"
"15075863","0","12","0"
"15076691","0","5","1"
"15079366","0","5","0"
"15080117","5","1","0"
"15080467","3","0","0"
"15080514","5","24","0"
"15081138","0","2","0"
"15081184","0","0","0"
"15082730","3","36","0"
"15082737","0","4","0"
"15082994","0","4","0"
"15083206","1","6","0"
"15084089","0","8","0"
"15085940","1","6","0"
"15086124","0","2","0"
"15086379","0","2","0"
"15087483","0","8","0"
"15088002","10","45","0"
"15089615","0","3","0"
"15090285","0","5","0"
"15091165","0","0","0"
"15091527","7","7","0"
"15093174","0","2","0"
"15095309","2","2","0"
"15095544","12","14","0"
"15095727","0","5","0"
"15097368","0","2","0"
"15097720","1","19","0"
"15098668","0","16","0"
"15099116","0","1","0"
"15100309","2","3","3"
"15100466","0","0","0"
"15101451","1","3","0"
"15101756","1","8","0"
"15102108","20","6","0"
"15102173","0","12","0"
"15102862","0","0","0"
"15103163","0","3","0"
"15103978","6","13","0"
"15104470","0","1","0"
"15105978","0","2","0"
"15106651","2","10","0"
"15107393","1","0","0"
"15107706","1","10","0"
"15107749","18","14","0"
"15108873","0","0","0"
"15108955","0","0","0"
"15108972","0","0","0"
"15111286","0","0","0"
"15112544","0","0","0"
"15113622","0","0","0"
"15113795","0","1","0"
"15115377","1","2","0"
"15117335","0","1","0"
"15117498","3","2","0"
"15118916","0","13","0"
"15119033","0","29","0"
"15119767","4","10","0"
"15120407","0","2","0"
"15120761","0","2","0"
"15120945","0","2","0"
"15120975","15","30","2"
"15122834","9","0","0"
"15123109","1","1","0"
"15123204","0","12","0"
"15123379","0","1","0"
"15124145","0","2","0"
"15124150","0","15","0"
"15124650","0","1","0"
"15124881","0","7","0"
"15125033","1","25","0"
"15126077","0","5","0"
"15126320","0","1","0"
"15126747","0","4","0"
"15126763","3","14","0"
"15126914","0","1","0"
"15127293","0","3","0"
"15128124","13","12","0"
"15128375","0","2","0"
"15128679","0","17","0"
"15129630","2","8","0"
"15129841","0","0","0"
"15130397","0","28","0"
"15130685","1","1","0"
"15130779","34","33","0"
"15130966","1","1","0"
"15131533","1","1","0"
"15131635","0","1","0"
"15131899","0","0","0"
"15131974","0","103","0"
"15132261","0","7","0"
"15133132","0","7","0"
"15134573","0","2","0"
"15134833","0","1","0"
"15136810","4","4","3"
"15136892","0","37","0"
"15138000","0","21","0"
"15138287","4","18","0"
"15140144","22","5","2"
"15140260","8","12","0"
"15140736","0","9","0"
"15141243","2","14","0"
"15142613","0","0","0"
"15142774","0","4","0"
"15142997","1","24","0"
"15143407","0","9","0"
"15145842","2","7","0"
"15145899","6","3","1"
"15146780","1","8","0"
"15147523","13","9","0"
"15148038","1","9","0"
"15148740","0","4","0"
"15148813","0","5","0"
"15149512","0","71","0"
"15149679","0","6","0"
"15149911","0","1","0"
"15150382","0","3","0"
"15151966","4","3","0"
"15153906","0","38","0"
"15155291","1","2","0"
"15156582","0","1","0"
"15157918","4","10","0"
"15157925","14","24","0"
"15157946","0","1","0"
"15159198","3","18","0"
"15159620","0","2","0"
"15159685","0","15","0"
"15159953","1","9","0"
"15160043","0","1","0"
"15160291","0","7","0"
"15162207","1","38","0"
"15162628","7","2","0"
"15163261","0","10","0"
"15164825","4","17","0"
"15165261","0","4","0"
"15166102","0","35","2"
"15166175","0","3","0"
"15166428","0","15","0"
"15166609","0","3","0"
"15167753","0","16","0"
"15167912","0","7","0"
"15168142","0","2","0"
"15169042","3","13","0"
"15169801","0","10","0"
"15169971","0","1","0"
"15170833","0","2","0"
"15171024","1","6","0"
"15171608","0","0","0"
"15171762","0","7","0"
"15175112","0","6","0"
"15175611","1","1","0"
"15176148","6","3","0"
"15177309","0","4","0"
"15177375","1","45","0"
"15177582","0","8","0"
"15178397","1","3","0"
"15178790","0","4","0"
"15179589","0","24","0"
"15179800","0","1","0"
"15180061","0","20","0"
"15181384","1","4","0"
"15183075","23","82","0"
"15183178","0","28","0"
"15183481","0","0","0"
"15184097","0","2","0"
"15185138","0","3","0"
"15185925","0","2","0"
"15187131","5","0","0"
"15189054","0","38","0"
"15189777","0","9","0"
"15190069","0","5","0"
"15190092","10","0","0"
"15190589","1","5","0"
"15191106","1","3","0"
"15192163","0","0","0"
"15192731","0","7","0"
"15192858","0","1","0"
"15195723","4","12","0"
"15195788","0","7","0"
"15196379","4","1","0"
"15197597","7","16","0"
"15198476","0","1","0"
"15198620","0","13","0"
"15198761","0","7","0"
"15198788","1","2","0"
"15199227","0","4","0"
"15200745","0","1","0"
"15201686","0","3","0"
"15202980","0","1","0"
"15203081","0","10","0"
"15203875","0","6","0"
"15203976","20","12","3"
"15204127","2","2","0"
"15204172","0","6","0"
"15204250","25","15","5"
"15204345","0","0","0"
"15204601","17","8","1"
"15205828","0","2","0"
"15205950","0","1","0"
"15206462","1","4","0"
"15206696","0","3","0"
"15207166","0","9","0"
"15207899","3","6","0"
"15208051","0","13","0"
"15208769","0","6","0"
"15209344","0","1","0"
"15209376","0","2","0"
"15209447","0","2","0"
"15212468","2","11","0"
"15212486","0","0","0"
"15212545","0","0","0"
"15212573","12","4","0"
"15213484","34","56","0"
"15213499","1","10","0"
"15213543","0","8","0"
"15213608","0","1","0"
"15213883","3","27","0"
"15214802","0","2","0"
"15216079","0","6","0"
"15217270","0","3","0"
"15217376","0","8","0"
"15218722","3","28","0"
"15219343","1","6","0"
"15219861","3","25","0"
"15220219","5","9","0"
"15220868","3","4","1"
"15220917","30","53","0"
"15221189","2","14","0"
"15221862","0","0","0"
"15222200","13","26","0"
"15222277","0","7","0"
"15222409","0","17","0"
"15222559","0","0","0"
"15223794","0","10","0"
"15223969","0","1","0"
"15224199","0","7","0"
"15225102","0","0","0"
"15225267","4","14","0"
"15225828","0","2","0"
"15226563","4","4","0"
"15227246","0","0","0"
"15227830","7","20","0"
"15230097","0","2","0"
"15230310","1","5","0"
"15231991","0","0","0"
"15232682","0","0","0"
"15233276","0","8","0"
"15234061","0","30","0"
"15234175","0","3","0"
"15234181","1","3","0"
"15234493","0","1","0"
"15235392","0","7","0"
"15235797","0","1","0"
"15236938","0","2","0"
"15237828","0","5","0"
"15238563","0","4","0"
"15238607","0","0","0"
"15238710","0","3","0"
"15238879","0","5","0"
"15239717","10","27","0"
"15242023","2","9","0"
"15243160","0","16","0"
"15243328","0","9","0"
"15244151","0","11","0"
"15244268","2","18","0"
"15244753","1","0","0"
"15245411","4","9","0"
"15245758","2","13","0"
"15248353","0","29","0"
"15248529","0","63","0"
"15249004","0","1","0"
"15250105","0","6","0"
"15250248","1","16","0"
"15251270","0","3","0"
"15251685","0","7","0"
"15252058","1","0","0"
"15252636","7","8","0"
"15252941","4","17","0"
"15256838","0","8","0"
"15258741","1","0","0"
"15258812","0","4","0"
"15260169","0","9","0"
"15260416","2","28","0"
"15260560","2","1","0"
"15260745","1","4","0"
"15260964","0","3","0"
"15261021","0","1","0"
"15261366","1","29","0"
"15262014","9","1","0"
"15263184","0","6","0"
"15263316","1","1","0"
"15266844","0","4","0"
"15266877","0","22","0"
"15267028","0","12","0"
"15267060","0","11","0"
"15267200","0","13","0"
"15268502","1","0","0"
"15269018","0","11","0"
"15269685","0","5","0"
"15269852","0","3","0"
"15270555","0","1","0"
"15270850","0","23","0"
"15271699","0","2","0"
"15272035","0","11","0"
"15272584","0","18","0"
"15272840","0","8","0"
"15274217","0","10","0"
"15274669","41","33","0"
"15274900","1","5","0"
"15275530","1","35","0"
"15275667","0","1","0"
"15277120","0","89","0"
"15278421","0","2","0"
"15279383","0","15","0"
"15279460","0","11","0"
"15279634","0","1","0"
"15280648","0","0","0"
"15280808","0","13","0"
"15281426","2","9","0"
"15281498","0","0","0"
"15282206","2","0","0"
"15282491","0","0","0"
"15283686","11","22","0"
"15285930","8","1","0"
"15286823","0","1","0"
"15287321","0","3","0"
"15288663","0","4","0"
"15289532","1","1","0"
"15289789","0","13","0"
"15289953","1","25","0"
"15292496","13","18","0"
"15293962","1","0","0"
"15296340","1","4","0"
"15296744","0","10","0"
"15297124","0","4","0"
"15297137","0","4","0"
"15297324","0","5","0"
"15298157","0","7","0"
"15298398","2","4","0"
"15300164","1","0","0"
"15300260","4","3","0"
"15301757","0","4","0"
"15304208","0","0","0"
"15305701","1","17","0"
"15307667","0","5","0"
"15308496","0","6","0"
"15308843","0","3","0"
"15309870","0","0","0"
"15310055","0","6","0"
"15310784","0","1","0"
"15311188","0","13","0"
"15311842","2","7","0"
"15311963","0","1","0"
"15312340","0","0","0"
"15313779","1","1","0"
"15313947","1","3","0"
"15314022","0","26","0"
"15316462","1","11","0"
"15316630","0","5","0"
"15317196","0","26","0"
"15317596","1","4","0"
"15318755","3","8","0"
"15318904","0","4","0"
"15319257","0","3","0"
"15320379","0","0","0"
"15321226","6","22","0"
"15322661","0","1","0"
"15322728","6","5","0"
"15323286","0","11","0"
"15324778","2","7","1"
"15324798","4","4","0"
"15324906","0","3","0"
"15325295","5","19","0"
"15325670","0","4","0"
"15326460","0","7","0"
"15326522","6","3","0"
"15327630","11","32","0"
"15328090","2","2","0"
"15328282","0","13","0"
"15328720","0","3","0"
"15330819","4","4","0"
"15331795","0","6","0"
"15331960","1","5","0"
"15333317","6","10","0"
"15333370","1","3","0"
"15334433","0","2","0"
"15334716","0","1","0"
"15335938","1","1","0"
"15336937","0","31","0"
"15338570","0","3","0"
"15338614","0","3","0"
"15339025","0","7","0"
"15339167","3","6","0"
"15339181","1","25","0"
"15340142","0","35","0"
"15341276","3","8","0"
"15341797","0","1","0"
"15341837","0","4","0"
"15342124","2","4","0"
"15342452","2","75","0"
"15342786","0","2","0"
"15342791","17","9","1"
"15342940","1","10","0"
"15343393","0","1","0"
"15343446","0","10","0"
"15343794","0","0","0"
"15345361","3","7","0"
"15345469","2","23","1"
"15345612","0","0","0"
"15346705","0","0","0"
"15346895","0","1","0"
"15347182","12","11","0"
"15347190","0","2","0"
"15347274","0","8","0"
"15348257","0","2","0"
"15348855","7","6","0"
"15349625","0","12","0"
"15350391","0","3","0"
"15351040","3","10","0"
"15351112","0","4","0"
"15351275","0","8","0"
"15351550","0","18","0"
"15352195","1","1","0"
"15352308","0","7","0"
"15353192","3","40","0"
"15353221","1","4","0"
"15353504","20","14","1"
"15354395","1","28","0"
"15354667","0","6","0"
"15355943","18","11","0"
"15356612","0","2","0"
"15358125","0","6","0"
"15358600","0","2","0"
"15358965","0","2","0"
"15359767","0","4","0"
"15360188","15","21","0"
"15360399","0","0","0"
"15361430","0","2","0"
"15362075","0","0","0"
"15362317","4","37","1"
"15362442","0","0","0"
"15363179","2","2","0"
"15363748","0","2","0"
"15365931","1","0","0"
"15366728","0","0","0"
"15368167","0","17","0"
"15368354","0","0","0"
"15368739","0","3","0"
"15368950","0","9","0"
"15369632","0","3","0"
"15370142","1","10","0"
"15370799","0","14","0"
"15371153","8","8","0"
"15372196","9","25","0"
"15372369","0","0","0"
"15372587","1","1","0"
"15373344","0","14","0"
"15373361","0","24","0"
"15373427","0","2","0"
"15374309","0","4","0"
"15374745","2","0","0"
"15375292","3","8","0"
"15375417","1","2","0"
"15376204","0","22","0"
"15376977","0","27","0"
"15377421","0","15","0"
"15378398","1","6","0"
"15378527","0","1","0"
"15378602","0","3","0"
"15379130","0","4","0"
"15380439","22","39","0"
"15380981","0","3","0"
"15381364","0","25","0"
"15382343","3","10","0"
"15383032","2","15","0"
"15383394","1","21","0"
"15384249","0","8","0"
"15384644","0","0","0"
"15385970","3","1","1"
"15387185","0","0","0"
"15387226","0","7","0"
"15387464","0","2","0"
"15388412","0","4","0"
"15389410","1","42","0"
"15389448","0","2","0"
"15389957","0","22","0"
"15390310","0","6","0"
"15391157","2","0","0"
"15392319","8","8","0"
"15393021","1","1","0"
"15395078","2","2","0"
"15395146","0","6","0"
"15395288","0","3","0"
"15395740","0","17","1"
"15395972","0","0","0"
"15396865","0","0","0"
"15397886","6","1","0"
"15398202","0","30","0"
"15399410","1","2","0"
"15402734","3","12","0"
"15402757","0","2","0"
"15402784","0","3","0"
"15403179","3","17","2"
"15404600","0","1","0"
"15404748","0","4","0"
"15405862","0","14","0"
"15405927","2","13","0"
"15406141","0","5","0"
"15406289","0","6","0"
"15406491","1","2","0"
"15407307","30","2","1"
"15407577","0","1","0"
"15408466","0","3","0"
"15408580","0","5","0"
"15409326","0","16","0"
"15409495","0","1","0"
"15410147","2","60","0"
"15410312","3","19","0"
"15411861","0","3","0"
"15412199","0","1","0"
"15412266","0","4","0"
"15412528","0","2","0"
"15413587","14","22","0"
"15413743","0","7","0"
"15414213","0","2","0"
"15414462","0","3","0"
"15415297","1","17","0"
"15415819","0","0","0"
"15416118","1","18","0"
"15416614","2","12","0"
"15416774","5","2","0"
"15417167","0","15","0"
"15417295","0","0","0"
"15417833","0","1","0"
"15419924","0","1","0"
"15420019","0","0","0"
"15420628","0","7","0"
"15421728","1","14","0"
"15421983","2","3","0"
"15423701","0","6","0"
"15424049","0","2","0"
"15425081","0","1","0"
"15425619","0","90","0"
"15425628","0","31","0"
"15425970","0","6","0"
"15427531","1","2","0"
"15428767","10","2","0"
"15428994","1","2","0"
"15429113","2","23","0"
"15429621","0","15","0"
"15430200","4","10","0"
"15430255","0","3","0"
"15430273","1","0","1"
"15430667","6","16","0"
"15431167","0","1","0"
"15431457","0","7","0"
"15431765","0","4","0"
"15434268","5","7","0"
"15434961","0","0","0"
"15435012","1","0","0"
"15435361","10","5","1"
"15436605","0","5","0"
"15436681","12","10","0"
"15437155","1","10","0"
"15438510","6","4","1"
"15441174","1","0","0"
"15441372","0","3","0"
"15441855","0","0","0"
"15441878","0","0","0"
"15442064","0","1","0"
"15443217","0","7","0"
"15443747","0","11","0"
"15443980","0","1","0"
"15445465","0","7","0"
"15445680","0","6","0"
"15445747","0","0","0"
"15445836","0","10","0"
"15445843","0","14","0"
"15445917","2","0","0"
"15446797","1","10","0"
"15446959","4","13","0"
"15447343","0","1","0"
"15447435","6","8","0"
"15448247","0","1","0"
"15450213","0","0","0"
"15450358","5","33","0"
"15450628","0","0","0"
"15450917","2","0","0"
"15451065","2","31","0"
"15452072","3","17","0"
"15452110","0","1","0"
"15452367","0","1","0"
"15452572","0","63","0"
"15452880","0","28","0"
"15453477","0","17","0"
"15454584","0","1","0"
"15455285","2","3","0"
"15455335","3","21","0"
"15457102","0","5","0"
"15458132","0","18","0"
"15458750","0","0","0"
"15459230","7","8","0"
"15460398","0","17","0"
"15460455","3","1","0"
"15460700","0","15","0"
"15461255","2","14","2"
"15461774","0","6","0"
"15463404","0","2","0"
"15464376","1","6","0"
"15466337","3","5","0"
"15466730","0","1","0"
"15467836","0","8","0"
"15469762","0","0","0"
"15471211","0","15","1"
"15471232","0","3","0"
"15472709","0","0","0"
"15473629","0","6","0"
"15474105","0","11","0"
"15474677","0","6","0"
"15476044","0","0","0"
"15476512","0","7","0"
"15476816","0","2","0"
"15477112","2","11","0"
"15477146","0","1","0"
"15477201","0","0","0"
"15477500","1","3","0"
"15477963","0","3","0"
"15478339","0","2","0"
"15478830","0","6","0"
"15478990","0","0","0"
"15479069","2","58","0"
"15479824","4","1","0"
"15482224","0","1","0"
"15482755","0","2","0"
"15482811","5","7","0"
"15483338","0","5","0"
"15483565","0","0","0"
"15484212","6","14","0"
"15485299","4","30","0"
"15487503","0","1","0"
"15487762","0","2","0"
"15488129","0","18","0"
"15488610","1","1","0"
"15490350","2","14","0"
"15491788","0","19","0"
"15492585","28","10","5"
"15492642","0","10","0"
"15492762","0","2","0"
"15493081","0","3","0"
"15493370","0","25","0"
"15494156","0","2","0"
"15495138","13","6","0"
"15496619","0","15","0"
"15496666","0","34","0"
"15497008","0","18","0"
"15497831","1","6","0"
"15498162","0","7","0"
"15498583","4","5","0"
"15500012","0","1","0"
"15501060","0","2","0"
"15502496","0","1","0"
"15502607","0","20","0"
"15502957","3","11","0"
"15503382","0","0","0"
"15504463","0","13","0"
"15505016","0","5","0"
"15505732","0","2","0"
"15505829","0","6","0"
"15506336","0","0","0"
"15506915","2","7","0"
"15507760","4","13","0"
"15508688","0","10","0"
"15508996","0","8","0"
"15509189","2","12","0"
"15509192","5","7","0"
"15510323","0","7","0"
"15511159","4","20","0"
"15511431","0","11","0"
"15511652","0","0","0"
"15512240","0","4","0"
"15512295","0","7","0"
"15512418","0","11","0"
"15512520","0","1","0"
"15512931","0","12","0"
"15513188","0","33","0"
"15513689","0","21","0"
"15513909","2","26","0"
"15513957","7","18","0"
"15514420","0","4","0"
"15515143","2","7","0"
"15515330","0","2","0"
"15515383","1","6","0"
"15515732","0","4","0"
"15515773","0","0","0"
"15515891","1","6","0"
"15516299","0","1","0"
"15516441","0","0","0"
"15516506","0","8","0"
"15516912","2","5","0"
"15517956","1","9","0"
"15518872","0","8","0"
"15519326","0","5","0"
"15519348","0","2","0"
"15520369","1","14","0"
"15520431","0","1","0"
"15520725","0","3","0"
"15520804","0","3","0"
"15522586","0","5","0"
"15523781","7","0","2"
"15524017","0","11","0"
"15525629","0","3","0"
"15527666","0","10","0"
"15528526","0","0","0"
"15529239","5","9","0"
"15529253","0","6","0"
"15529296","0","5","0"
"15529691","13","17","3"
"15531154","7","5","0"
"15532959","0","14","0"
"15534610","0","4","0"
"15536371","0","18","0"
"15537165","0","12","0"
"15537383","0","6","0"
"15538162","0","1","0"
"15538993","0","5","0"
"15539013","4","3","0"
"15539585","0","7","0"
"15539973","11","51","0"
"15540012","1","14","0"
"15541070","0","1","0"
"15541146","6","0","0"
"15541450","1","6","0"
"15541550","38","47","0"
"15541786","0","5","0"
"15541914","2","0","0"
"15542706","0","1","0"
"15542716","1","4","0"
"15542913","0","0","0"
"15542990","0","4","0"
"15543025","0","26","0"
"15543476","0","6","0"
"15543956","0","25","0"
"15544003","0","0","0"
"15544081","0","4","0"
"15544563","0","0","0"
"15545221","0","2","0"
"15545451","2","4","0"
"15545774","2","9","2"
"15545802","0","0","0"
"15547098","14","18","2"
"15548358","0","2","0"
"15548593","0","1","0"
"15548981","0","9","0"
"15549219","0","2","0"
"15551493","2","0","0"
"15552025","0","24","0"
"15553401","0","3","0"
"15553429","0","11","0"
"15553442","6","18","1"
"15554800","0","0","0"
"15555115","0","0","0"
"15556055","0","9","0"
"15556725","1","0","0"
"15558255","21","1","1"
"15558381","0","3","0"
"15558872","0","0","0"
"15559063","0","2","0"
"15559492","1","4","0"
"15559606","0","30","0"
"15559986","0","5","0"
"15560216","2","22","0"
"15562307","3","1","0"
"15563114","4","17","0"
"15563359","0","1","0"
"15564089","0","1","0"
"15564447","0","30","0"
"15564661","1","8","1"
"15565539","0","5","0"
"15566000","1","1","0"
"15566288","0","2","0"
"15566688","0","0","0"
"15566998","0","1","0"
"15567152","0","4","0"
"15567914","10","8","0"
"15568147","0","4","0"
"15568297","2","23","0"
"15568446","0","0","0"
"15568908","0","2","0"
"15569025","2","4","0"
"15569027","0","19","0"
"15570887","0","6","0"
"15573016","3","3","0"
"15573608","0","7","0"
"15574114","0","3","1"
"15574227","0","9","0"
"15575310","0","2","0"
"15575427","0","0","0"
"15576591","0","8","0"
"15576745","0","16","0"
"15576973","0","6","0"
"15577189","0","0","0"
"15578904","0","7","0"
"15579753","0","5","0"
"15580038","0","0","0"
"15580351","1","8","0"
"15581042","0","18","0"
"15581952","1","55","0"
"15582061","14","0","10"
"15582867","0","16","0"
"15584208","4","19","0"
"15584394","0","3","0"
"15584866","1","15","0"
"15586101","0","7","0"
"15586963","0","19","0"
"15587069","0","0","0"
"15589503","0","3","0"
"15590426","0","0","0"
"15590690","0","1","0"
"15592981","32","12","0"
"15593118","0","19","0"
"15594072","1","6","0"
"15596427","0","4","0"
"15596537","2","11","0"
"15596945","0","0","0"
"15597511","12","29","1"
"15598519","0","16","0"
"15598796","0","6","0"
"15600263","0","19","0"
"15601037","0","6","0"
"15601370","1","1","0"
"15603566","1","0","0"
"15603867","2","6","0"
"15605026","7","2","0"
"15605049","0","10","0"
"15605135","0","21","0"
"15606783","0","4","0"
"15606951","0","2","0"
"15607550","0","4","0"
"15607854","0","1","0"
"15609358","0","6","0"
"15609577","7","3","0"
"15610658","0","5","0"
"15611379","8","0","0"
"15611572","8","8","0"
"15614129","0","2","0"
"15615829","0","4","0"
"15618241","1","3","0"
"15619550","0","3","0"
"15619907","2","8","0"
"15621652","0","0","0"
"15622190","3","2","0"
"15622310","4","6","0"
"15622796","2","1","0"
"15622823","0","28","0"
"15623419","9","6","0"
"15623904","0","1","0"
"15624965","2","21","0"
"15627007","0","2","0"
"15627590","0","35","0"
"15627733","0","2","0"
"15627777","1","2","0"
"15628159","1","17","0"
"15628812","1","1","0"
"15632347","1","13","0"
"15633731","7","1","0"
"15634321","1","16","0"
"15635029","2","12","0"
"15635042","0","7","0"
"15635269","0","0","0"
"15635483","1","20","0"
"15635880","0","1","0"
"15637940","10","39","2"
"15638280","1","9","0"
"15639663","2","18","1"
"15639791","5","0","0"
"15640606","0","4","0"
"15641594","0","1","0"
"15645180","0","3","0"
"15647017","2","12","0"
"15647236","3","9","0"
"15647384","0","13","0"
"15647563","2","3","0"
"15649242","0","7","0"
"15649921","0","5","0"
"15651419","0","20","0"
"15652171","0","5","0"
"15653902","0","12","0"
"15654520","0","1","0"
"15656233","0","6","0"
"15656258","0","5","0"
"15657255","0","3","0"
"15660496","0","2","0"
"15660890","1","1","0"
"15661114","0","6","0"
"15662936","0","19","0"
"15663265","0","1","0"
"15664037","0","0","0"
"15666954","0","0","0"
"15667462","0","2","0"
"15668042","0","3","0"
"15668274","0","9","0"
"15668457","2","10","0"
"15670088","0","1","0"
"15670457","0","5","0"
"15672343","0","31","0"
"15672932","0","1","0"
"15673412","5","53","0"
"15673855","2","34","0"
"15673860","0","14","0"
"15675344","0","31","0"
"15676321","0","3","0"
"15677678","0","5","0"
"15680126","0","12","0"
"15680797","0","6","0"
"15681093","0","2","0"
"15683044","0","0","0"
"15683157","0","16","0"
"15683380","0","5","0"
"15684466","0","46","0"
"15684495","3","21","0"
"15684963","0","5","0"
"15685403","6","19","0"
"15685598","5","3","0"
"15689647","0","0","0"
"15690446","8","6","0"
"15690728","4","10","0"
"15691185","20","4","0"
"15691399","15","9","0"
"15693412","1","11","0"
"15693922","6","13","0"
"15695468","0","3","0"
"15702124","40","49","0"
"15704193","1","0","0"
"15704778","0","24","0"
"15705673","3","19","1"
"15706153","0","26","0"
"15707042","0","1","0"
"15707830","2","2","0"
"15707923","0","7","0"
"15708166","0","0","0"
"15708304","1","8","0"
"15708327","2","10","0"
"15708780","0","42","0"
"15716027","0","0","0"
"15716144","0","12","0"
"15721021","3","23","0"
"15721441","1","2","0"
"15723286","0","6","0"
"15723533","0","12","0"
"15726370","2","56","0"
"15729117","0","0","0"
"15731687","0","1","0"
"15732885","0","7","0"
"15733964","1","0","0"
"15739096","5","29","0"
"15740318","0","14","0"
"15742951","0","2","0"
"15742955","0","2","0"
"15745106","0","34","0"
"15745115","0","35","0"
"15745128","0","16","0"
"15746321","0","29","0"
"15746803","2","7","0"
"15747003","0","3","0"
"15749073","0","1","0"
"15749118","2","9","0"
"15749518","14","10","0"
"15749734","0","3","0"
"15749744","0","4","0"
"15750261","0","6","0"
"15752899","1","3","0"
"15754339","0","0","0"
"15755662","0","17","0"
"15755741","0","0","0"
"15756325","3","5","0"
"15756389","0","3","0"
"15756733","0","3","0"
"15756879","2","1","0"
"15757193","1","0","0"
"15757366","2","2","0"
"15758658","4","5","0"
"15759011","0","5","0"
"15759097","0","11","0"
"15761608","0","8","0"
"15762089","4","18","0"
"15763443","1","9","0"
"15763991","6","4","0"
"15764274","0","4","0"
"15764425","0","0","0"
"15766131","0","6","0"
"15766779","0","3","0"
"15766800","0","23","0"
"15766955","4","10","0"
"15767505","0","3","0"
"15768033","0","4","0"
"15768315","3","5","0"
"15769162","0","0","0"
"15769579","0","6","0"
"15770731","0","9","0"
"15770918","1","5","0"
"15771338","0","2","0"
"15772257","0","3","0"
"15772513","0","2","0"
"15773392","0","20","1"
"15774855","0","19","0"
"15776106","1","7","0"
"15776226","3","4","0"
"15777628","2","3","0"
"15779541","2","0","0"
"15781662","1","22","0"
"15781680","5","10","0"
"15781928","2","23","0"
"15782993","0","0","0"
"15783539","1","13","1"
"15783678","0","19","0"
"15783873","0","25","0"
"15784542","0","6","0"
"15785178","0","13","0"
"15785997","0","0","0"
"15786876","0","4","0"
"15787240","0","11","0"
"15788271","6","23","2"
"15788964","0","0","0"
"15789222","4","27","1"
"15791388","0","12","0"
"15791761","12","30","0"
"15793113","0","1","0"
"15793230","0","2","0"
"15793732","2","0","0"
"15794392","1","5","0"
"15794765","0","25","0"
"15795723","0","0","0"
"15796014","2","8","0"
"15796487","2","13","0"
"15796815","12","28","0"
"15797109","0","0","0"
"15799577","0","2","0"
"15801265","0","2","0"
"15802076","8","80","1"
"15803701","0","13","0"
"15804359","15","30","0"
"15805169","1","7","0"
"15806017","0","8","0"
"15807651","1","5","1"
"15809896","7","4","6"
"15810641","0","6","0"
"15811495","0","0","0"
"15811766","0","6","0"
"15812328","0","20","0"
"15813444","0","27","0"
"15814542","0","5","0"
"15814754","0","0","0"
"15816207","0","0","0"
"15816786","1","0","0"
"15817444","0","8","0"
"15818333","9","48","0"
"15820076","0","66","0"
"15820509","0","6","0"
"15820754","0","0","0"
"15820776","0","1","0"
"15820858","0","2","0"
"15821624","0","3","0"
"15821993","0","2","0"
"15822377","0","5","0"
"15823248","0","7","0"
"15824028","3","1","0"
"15824424","0","0","0"
"15824823","0","3","0"
"15824844","0","19","0"
"15825161","0","0","0"
"15826033","0","2","0"
"15826994","4","1","0"
"15828620","2","10","0"
"15828688","0","2","0"
"15828912","0","3","0"
"15830205","0","0","0"
"15830250","3","7","0"
"15830616","0","6","0"
"15830773","1","4","0"
"15832325","1","0","0"
"15832899","0","20","0"
"15834429","0","3","0"
"15835162","0","2","0"
"15836164","0","14","0"
"15836334","0","1","0"
"15836670","0","1","0"
"15836836","0","0","0"
"15837436","7","16","0"
"15837519","2","8","0"
"15838088","0","0","0"
"15843084","0","6","0"
"15843097","0","3","0"
"15845365","0","4","0"
"15845974","3","35","0"
"15846113","2","1","0"
"15846202","3","41","0"
"15847172","0","0","0"
"15848586","18","6","0"
"15851233","1","5","0"
"15852214","0","7","0"
"15852900","0","1","0"
"15853416","0","3","0"
"15853446","1","3","0"
"15853851","0","39","0"
"15856247","0","27","0"
"15856327","21","12","0"
"15861185","2","20","0"
"15861213","0","3","0"
"15861926","0","0","0"
"15861949","0","2","0"
"15862198","0","23","0"
"15862353","0","10","0"
"15862448","0","0","0"
"15863135","2","6","0"
"15863739","0","3","0"
"15863979","0","27","0"
"15864221","0","4","0"
"15864707","1","5","0"
"15865357","0","7","0"
"15865445","1","0","0"
"15866230","0","25","0"
"15868779","0","42","0"
"15869039","0","10","0"
"15869245","0","0","0"
"15869680","1","1","0"
"15870976","2","25","0"
"15873120","0","19","0"
"15874918","0","18","0"
"15875774","1","12","0"
"15876453","0","12","0"
"15879103","12","15","0"
"15881426","3","60","0"
"15883057","0","16","0"
"15883459","1","21","0"
"15884123","0","9","0"
"15885581","0","1","0"
"15885831","5","0","2"
"15887240","0","11","0"
"15887492","1","2","0"
"15888753","1","6","1"
"15889317","3","4","0"
"15893582","1","4","0"
"15893723","0","7","0"
"15894415","0","5","0"
"15895688","2","0","0"
"15896638","9","27","2"
"15898866","0","0","0"
"15899042","2","13","0"
"15899290","0","26","0"
"15899303","0","12","0"
"15899687","1","10","0"
"15900229","0","3","0"
"15900388","1","19","0"
"15902281","1","6","3"
"15902780","0","0","0"
"15903949","1","52","0"
"15905472","1","1","0"
"15906783","1","10","0"
"15907342","0","22","0"
"15907651","1","4","0"
"15908339","11","2","0"
"15910007","0","21","0"
"15910205","0","2","0"
"15910951","0","2","0"
"15911824","0","12","0"
"15914517","0","1","0"
"15916719","1","2","0"
"15917380","0","15","0"
"15918820","0","0","0"
"15919200","0","12","0"
"15919467","0","2","0"
"15920393","0","1","0"
"15920442","0","4","0"
"15920786","697","255","57"
"15923114","0","0","0"
"15923474","0","7","0"
"15924734","0","6","0"
"15925326","0","1","0"
"15926872","3","5","0"
"15927691","0","22","0"
"15927898","0","7","0"
"15928200","0","13","0"
"15928285","0","5","0"
"15928906","0","15","0"
"15930440","0","2","0"
"15930948","2","2","0"
"15932042","0","21","0"
"15932659","1","0","0"
"15933576","5","3","0"
"15934375","0","12","0"
"15935039","4","12","2"
"15936745","0","10","0"
"15936866","1","2","0"
"15939217","34","14","0"
"15942375","0","11","0"
"15942680","0","6","0"
"15942819","1","4","0"
"15943212","3","1","0"
"15943424","1","6","0"
"15943658","0","14","0"
"15943765","1","0","0"
"15943951","0","12","0"
"15946835","2","9","0"
"15947390","2","2","0"
"15948615","0","31","0"
"15949910","0","1","0"
"15953760","0","1","0"
"15954282","0","68","0"
"15956657","19","34","0"
"15957470","0","2","0"
"15958197","1","6","0"
"15958428","0","3","0"
"15959060","0","7","0"
"15959848","1","21","0"
"15960536","1","27","0"
"15960609","0","5","0"
"15962190","0","0","0"
"15962448","0","4","0"
"15965038","0","1","0"
"15965216","0","5","0"
"15966604","2","5","0"
"15968541","4","8","0"
"15968684","0","1","0"
"15969816","0","11","0"
"15969941","0","2","0"
"15970615","0","10","0"
"15971793","1","0","0"
"15972022","0","11","0"
"15972701","0","1","0"
"15973528","3","11","0"
"15973707","0","2","0"
"15975034","0","0","0"
"15975987","9","113","0"
"15978727","0","1","0"
"15978740","0","6","0"
"15979723","4","19","0"
"15979930","0","7","0"
"15980424","0","1","0"
"15980487","1","5","0"
"15980535","0","4","0"
"15980616","0","6","0"
"15982132","1","1","0"
"15983878","0","0","0"
"15985993","2","37","0"
"15986016","0","15","0"
"15986074","0","2","0"
"15987641","0","10","0"
"15987847","1","7","0"
"15988683","2","13","21"
"15988765","1","0","0"
"15989582","0","15","0"
"15989588","2","0","0"
"15991312","0","4","0"
"15991886","0","4","0"
"15992326","0","1","0"
"15992775","2","17","0"
"15993055","0","9","0"
"15993378","1","9","0"
"15994504","5","0","1"
"15995870","3","13","0"
"15996416","0","2","0"
"15997119","2","9","0"
"15998582","0","1","0"
"15998872","1","14","0"
"15999216","0","23","0"
"15999754","0","8","0"
"16000277","0","10","0"
"16000542","0","3","0"
"16000803","0","1","0"
"16001580","2","33","0"
"16002501","3","29","2"
"16006742","1","5","0"
"16008046","1","0","0"
"16008183","2","32","0"
"16009613","0","13","0"
"16012169","0","6","0"
"16014407","4","19","0"
"16015309","6","7","0"
"16016385","0","8","0"
"16016637","0","4","0"
"16017180","3","20","0"
"16018235","0","24","0"
"16018832","0","10","0"
"16019434","6","2","0"
"16020146","0","12","0"
"16020568","4","15","1"
"16020851","11","17","1"
"16021237","0","7","0"
"16026348","0","1","0"
"16026785","19","16","0"
"16027883","7","22","0"
"16028533","0","3","0"
"16029826","5","26","1"
"16030581","17","21","0"
"16031240","0","1","0"
"16031756","0","3","0"
"16032468","0","15","0"
"16033021","0","0","0"
"16034378","4","18","2"
"16034438","0","1","0"
"16034574","0","0","0"
"16035631","2","4","0"
"16036973","1","3","0"
"16037571","0","7","0"
"16038483","2","19","0"
"16040136","0","1","0"
"16040742","0","0","0"
"16041857","0","7","0"
"16044293","0","7","0"
"16045385","0","3","0"
"16046846","3","2","0"
"16047457","1","8","0"
"16047988","0","62","0"
"16048052","3","2","0"
"16049405","1","5","0"
"16050848","0","1","0"
"16051077","10","14","0"
"16052228","0","4","0"
"16052812","19","20","0"
"16053101","6","7","0"
"16054374","0","2","0"
"16054918","1","3","1"
"16055338","0","5","0"
"16056140","0","3","0"
"16056184","0","0","0"
"16056216","1","8","0"
"16056749","0","0","0"
"16057816","2","7","0"
"16057905","5","2","0"
"16059484","0","1","0"
"16065654","0","6","0"
"16066069","4","7","0"
"16066673","6","2","0"
"16067048","12","18","0"
"16067320","0","0","0"
"16067738","4","8","0"
"16068019","1","2","0"
"16069214","0","12","0"
"16069468","0","1","0"
"16072563","0","7","0"
"16074188","21","31","0"
"16075195","0","17","0"
"16075379","0","51","0"
"16077506","0","0","0"
"16078017","0","3","1"
"16078098","0","39","0"
"16078649","0","5","0"
"16078816","0","3","0"
"16079232","0","3","0"
"16079500","0","0","0"
"16079539","1","13","0"
"16079771","0","0","0"
"16079872","0","13","0"
"16083169","8","2","0"
"16083592","1","1","0"
"16083654","0","13","0"
"16084985","0","8","0"
"16085184","0","4","0"
"16085202","0","1","0"
"16086474","0","2","0"
"16087142","8","43","0"
"16088798","0","2","0"
"16089277","1","19","0"
"16089525","1","5","2"
"16090212","34","52","0"
"16091151","0","4","0"
"16091749","0","6","0"
"16092119","0","5","0"
"16092295","4","13","1"
"16092312","0","1","0"
"16092363","0","16","0"
"16093630","1","9","0"
"16093860","0","2","0"
"16094181","0","4","0"
"16095263","2","4","0"
"16098385","1","5","0"
"16098431","1","0","0"
"16098832","0","18","0"
"16103775","2","9","0"
"16104529","0","1","0"
"16105421","0","24","0"
"16107370","0","15","0"
"16107737","0","10","0"
"16107797","1","6","0"
"16108057","0","4","0"
"16108925","0","5","0"
"16109419","1","1","0"
"16110005","2","1","0"
"16111063","0","0","0"
"16111158","0","7","0"
"16111405","0","7","0"
"16112853","0","19","0"
"16113044","0","3","0"
"16113187","2","2","0"
"16114044","0","6","0"
"16114387","0","7","0"
"16115628","0","3","0"
"16115720","0","2","0"
"16115829","4","24","0"
"16116202","7","25","0"
"16116615","0","1","0"
"16117504","0","1","0"
"16117652","0","0","0"
"16119152","0","9","0"
"16119169","0","1","0"
"16119509","0","5","0"
"16119813","1","5","0"
"16120017","0","1","0"
"16120981","0","1","0"
"16121084","0","1","0"
"16121393","0","32","0"
"16122454","1","30","0"
"16124464","0","0","0"
"16124889","4","47","0"
"16126386","0","22","0"
"16126522","5","1","9"
"16126737","14","13","0"
"16127639","0","13","0"
"16127973","0","6","0"
"16128442","0","0","0"
"16129812","0","3","0"
"16130855","0","13","0"
"16131003","0","3","0"
"16131734","0","14","0"
"16136459","0","3","0"
"16136963","1","3","0"
"16138348","0","28","0"
"16139086","1","31","0"
"16142058","51","24","5"
"16144900","26","20","5"
"16144941","0","1","0"
"16145046","2","11","0"
"16145733","7","21","0"
"16146395","0","0","0"
"16146522","0","19","0"
"16147842","0","0","0"
"16148344","0","14","0"
"16148585","3","3","0"
"16149885","0","5","0"
"16151695","10","25","0"
"16152337","0","1","0"
"16152434","1","6","0"
"16153807","0","2","0"
"16153948","0","4","0"
"16155502","5","1","0"
"16155908","0","1","0"
"16156431","1","16","0"
"16159917","1","50","0"
"16161065","0","1","0"
"16161630","0","5","0"
"16161919","0","1","0"
"16162152","0","0","0"
"16162279","0","4","0"
"16164298","6","3","0"
"16165766","1","21","0"
"16171672","0","7","0"
"16172154","0","0","0"
"16172291","1","3","1"
"16172729","0","2","0"
"16173668","4","3","0"
"16174212","1","19","0"
"16174761","0","1","0"
"16175227","0","31","0"
"16175571","10","32","0"
"16178069","0","7","0"
"16178238","1","25","0"
"16179688","0","7","0"
"16179704","4","5","0"
"16181141","3","3","0"
"16182731","0","4","0"
"16183103","0","0","0"
"16183914","1","11","1"
"16184047","0","2","0"
"16184054","2","6","0"
"16184530","1","1","0"
"16185833","0","1","0"
"16186448","0","1","0"
"16186538","0","5","0"
"16187758","0","2","0"
"16188373","1","12","0"
"16189179","0","5","0"
"16192057","4","10","6"
"16194446","0","6","0"
"16195196","8","3","0"
"16196327","0","7","0"
"16196608","1","4","0"
"16197220","2","2","0"
"16197374","1","6","0"
"16197546","0","0","0"
"16197898","0","0","0"
"16198563","1","56","0"
"16199170","0","1","0"
"16199525","0","23","0"
"16200672","6","46","0"
"16200950","1","4","0"
"16201558","0","2","0"
"16201706","0","2","0"
"16202032","4","5","0"
"16202451","0","9","0"
"16204281","0","23","0"
"16204556","0","3","0"
"16205278","0","6","0"
"16205302","1","10","0"
"16206318","0","23","0"
"16206535","0","1","0"
"16206610","0","0","0"
"16207532","2","4","0"
"16207647","1","0","0"
"16209796","0","20","0"
"16210223","0","7","0"
"16210809","0","14","0"
"16210843","0","23","0"
"16214132","0","12","0"
"16214167","0","3","0"
"16214359","0","2","0"
"16214410","1","26","0"
"16214429","1","5","0"
"16215270","0","4","0"
"16217518","4","12","0"
"16218690","0","9","0"
"16220642","0","1","0"
"16222165","0","12","0"
"16224172","0","4","0"
"16225778","1","8","0"
"16225884","0","0","0"
"16226077","1","3","0"
"16226393","1","11","0"
"16226643","0","10","0"
"16226816","0","7","0"
"16227834","2","20","0"
"16228521","0","10","0"
"16230385","9","3","0"
"16230574","0","1","0"
"16231228","0","0","0"
"16232205","0","9","0"
"16233618","22","22","2"
"16234737","1","29","0"
"16235523","2","2","0"
"16235893","0","16","0"
"16236541","7","13","0"
"16237016","0","0","0"
"16238474","0","1","0"
"16240219","0","25","0"
"16240306","6","20","0"
"16240643","0","1","0"
"16240753","0","18","0"
"16240777","0","10","0"
"16243290","0","15","0"
"16243433","0","0","0"
"16243884","5","20","0"
"16244128","6","24","0"
"16245469","0","0","0"
"16245775","1","9","0"
"16245802","1","0","0"
"16245897","2","1","0"
"16246870","0","0","0"
"16247629","0","0","0"
"16249465","1","13","0"
"16252296","0","6","0"
"16252323","0","0","0"
"16254120","0","4","0"
"16254783","0","0","0"
"16255006","0","3","0"
"16256636","0","3","0"
"16258145","0","0","0"
"16259275","2","3","0"
"16259726","1","3","0"
"16259898","1","4","0"
"16260442","2","7","0"
"16260445","0","15","0"
"16261014","0","8","0"
"16261589","0","13","0"
"16261724","0","0","0"
"16263149","0","2","0"
"16263565","0","0","0"
"16263588","0","1","0"
"16263828","0","27","0"
"16264081","0","3","0"
"16264211","5","12","0"
"16264296","0","25","0"
"16265936","1","27","0"
"16267122","1","8","0"
"16267450","0","1","0"
"16267716","0","0","0"
"16268028","1","4","0"
"16272997","0","14","0"
"16273760","0","7","0"
"16274087","2","4","0"
"16274464","0","7","0"
"16275301","0","0","0"
"16275384","0","15","0"
"16276672","0","18","0"
"16277032","0","2","0"
"16277792","1","6","0"
"16278173","0","0","0"
"16279937","5","22","0"
"16280365","0","19","0"
"16280454","0","0","0"
"16281066","0","1","0"
"16281150","0","6","0"
"16281514","0","3","0"
"16281949","1","2","0"
"16283338","1","20","0"
"16283580","0","34","0"
"16284742","1","3","0"
"16284812","0","9","0"
"16288175","0","8","0"
"16288349","0","0","0"
"16288497","0","3","0"
"16288520","1","4","1"
"16288586","0","0","0"
"16288838","2","3","0"
"16289042","0","0","0"
"16289046","0","0","0"
"16289704","10","23","3"
"16290160","0","9","0"
"16290522","0","1","0"
"16292904","1","10","0"
"16293155","0","2","0"
"16293767","0","13","0"
"16295487","0","10","0"
"16295769","0","17","0"
"16297251","0","1","0"
"16297497","3","10","0"
"16298382","5","15","0"
"16299117","0","2","0"
"16299280","0","16","0"
"16299794","0","3","0"
"16303669","0","0","0"
"16304100","0","0","0"
"16304817","0","41","0"
"16306633","1","0","0"
"16307476","0","3","0"
"16307851","0","8","0"
"16307981","0","0","0"
"16309920","0","0","0"
"16310795","19","22","0"
"16312625","0","7","0"
"16312980","8","19","1"
"16313045","5","5","0"
"16313975","0","0","0"
"16314136","2","2","0"
"16314185","0","8","0"
"16314882","0","21","0"
"16315116","0","1","0"
"16315750","1","25","0"
"16317008","2","0","0"
"16317643","1","1","0"
"16318413","0","1","0"
"16319779","1","23","0"
"16320430","14","13","0"
"16320675","504","815","0"
"16321271","0","4","0"
"16321472","0","7","0"
"16322155","0","2","0"
"16322368","0","3","0"
"16322406","5","1","0"
"16322773","0","1","0"
"16322997","1","9","0"
"16323026","0","2","0"
"16323206","2","3","0"
"16324327","2","12","0"
"16324736","2","5","0"
"16326041","0","3","0"
"16326352","0","14","0"
"16326401","0","8","0"
"16326886","0","1","0"
"16327154","0","25","3"
"16328664","7","1","0"
"16329742","3","20","0"
"16331171","5","19","0"
"16331833","1","1","0"
"16333114","3","15","0"
"16333505","1","14","0"
"16334704","0","0","0"
"16335018","0","0","0"
"16335132","2","51","0"
"16337150","9","11","1"
"16338602","0","0","0"
"16339676","0","1","0"
"16340303","0","2","0"
"16340714","0","28","0"
"16341397","0","0","0"
"16342156","0","14","0"
"16342910","2","6","0"
"16342964","1","0","0"
"16344708","8","18","0"
"16345314","11","14","0"
"16345778","0","48","0"
"16345931","23","30","4"
"16346053","0","5","0"
"16346374","0","3","0"
"16346389","0","8","0"
"16348802","2","12","0"
"16349206","0","0","0"
"16349273","0","9","0"
"16349451","27","22","0"
"16349670","3","12","2"
"16350154","2","11","0"
"16350392","0","3","0"
"16351448","1","56","1"
"16351560","11","35","2"
"16352985","0","2","0"
"16353848","0","7","0"
"16354694","0","1","0"
"16355189","1","18","0"
"16356619","0","3","0"
"16358266","5","29","0"
"16358601","0","0","0"
"16359307","1","9","0"
"16359609","10","82","0"
"16359976","5","0","0"
"16360035","4","14","0"
"16360249","4","15","0"
"16360534","0","53","0"
"16360640","1","69","0"
"16361152","0","3","0"
"16362751","0","0","0"
"16362766","0","0","0"
"16363643","7","7","0"
"16363934","14","11","0"
"16364947","0","13","0"
"16365678","0","5","0"
"16366253","1","5","0"
"16367225","2","13","0"
"16367495","2","5","0"
"16368306","3","50","0"
"16368641","0","6","0"
"16371710","0","6","0"
"16372654","0","11","0"
"16372776","3","2","0"
"16374814","0","3","0"
"16375478","0","0","0"
"16375617","0","0","0"
"16375620","11","3","0"
"16375959","0","0","1"
"16376264","0","0","0"
"16376355","2","5","0"
"16377205","0","6","0"
"16378872","0","7","0"
"16379892","0","18","0"
"16381539","2","25","0"
"16383056","0","26","0"
"16383874","0","11","0"
"16384196","12","25","0"
"16384621","0","15","0"
"16384721","8","29","0"
"16385065","0","12","0"
"16385301","12","31","0"
"16385372","0","2","0"
"16385374","1","7","0"
"16385479","9","8","0"
"16387179","0","21","0"
"16388185","0","0","0"
"16389156","0","23","0"
"16390253","0","14","0"
"16390946","0","3","0"
"16391694","0","34","0"
"16391931","1","75","0"
"16393002","4","19","0"
"16393680","2","1","0"
"16395306","0","1","0"
"16396679","0","8","0"
"16397120","0","1","0"
"16397629","2","1","0"
"16397979","1","2","0"
"16398195","9","4","0"
"16398766","5","7","0"
"16399190","0","9","0"
"16400007","1","4","0"
"16401542","35","70","0"
"16402055","0","21","0"
"16402513","3","1","0"
"16403532","1","0","0"
"16403786","2","1","0"
"16403992","10","12","0"
"16404501","1","9","0"
"16404549","4","3","0"
"16404907","3","14","0"
"16405989","2","7","0"
"16406174","0","0","0"
"16406322","0","0","0"
"16407315","0","4","0"
"16407717","4","27","0"
"16408711","2","14","0"
"16412496","22","7","0"
"16412574","1","0","0"
"16413229","0","0","0"
"16413572","0","1","0"
"16414128","2","3","0"
"16414566","13","47","2"
"16415917","0","20","0"
"16417224","0","0","0"
"16418755","0","0","0"
"16419719","0","3","0"
"16419976","0","12","0"
"16420813","0","15","0"
"16421119","0","7","0"
"16421253","0","0","0"
"16422168","0","1","0"
"16422275","0","4","0"
"16424529","0","0","0"
"16424654","0","5","0"
"16424700","1","31","0"
"16426005","3","6","0"
"16426012","0","2","0"
"16426230","0","1","0"
"16426657","4","12","0"
"16427076","1","55","0"
"16427588","0","1","0"
"16427804","6","14","0"
"16429545","0","6","0"
"16430579","0","6","0"
"16430752","0","5","0"
"16431434","0","4","0"
"16431873","3","25","0"
"16431920","1","10","0"
"16432222","0","3","0"
"16432921","0","1","0"
"16433021","0","8","0"
"16433328","0","2","0"
"16434562","4","9","0"
"16435383","0","1","0"
"16436095","6","9","0"
"16436372","0","2","0"
"16436722","0","14","0"
"16437679","1","56","0"
"16437918","0","0","0"
"16438214","0","0","0"
"16438572","1","20","0"
"16439096","9","3","0"
"16440746","0","1","0"
"16440873","7","70","0"
"16441179","0","2","0"
"16441693","9","39","0"
"16442182","0","0","0"
"16443387","3","4","0"
"16443993","3","12","1"
"16444770","0","16","0"
"16445477","2","10","0"
"16445804","0","7","0"
"16446748","5","18","0"
"16447439","13","2","0"
"16449365","1","28","0"
"16449438","9","50","0"
"16450345","0","9","0"
"16450550","4","1","0"
"16452241","0","8","0"
"16453266","2","17","0"
"16453402","0","3","0"
"16453584","0","0","0"
"16453684","2","1","0"
"16454298","0","0","0"
"16454377","6","1","0"
"16456259","2","70","0"
"16456741","3","9","0"
"16457342","0","13","0"
"16457729","0","7","0"
"16458798","4","37","0"
"16458918","0","1","0"
"16459274","10","21","0"
"16460145","3","13","0"
"16460849","0","9","0"
"16461166","6","21","0"
"16461637","0","2","0"
"16462842","0","3","0"
"16462886","12","10","2"
"16463893","12","6","0"
"16464187","2","0","0"
"16464565","1","14","0"
"16464848","47","62","0"
"16464891","11","17","0"
"16465140","2","16","0"
"16466092","0","0","0"
"16466281","2","13","0"
"16466539","8","29","0"
"16466939","0","0","0"
"16470049","15","6","0"
"16472692","2","11","0"
"16473660","0","2","0"
"16475108","0","4","0"
"16475345","2","3","1"
"16475616","0","7","0"
"16477030","1","5","0"
"16477430","7","17","0"
"16477536","0","17","0"
"16477764","2","1","0"
"16478346","0","7","0"
"16479143","0","6","0"
"16479524","0","13","0"
"16479803","0","0","0"
"16479961","3","0","0"
"16480316","5","7","0"
"16480445","0","23","0"
"16481632","0","1","0"
"16482622","0","8","0"
"16483772","2","10","0"
"16485156","0","2","0"
"16485214","0","2","0"
"16486510","0","1","0"
"16486764","0","0","0"
"16488177","0","0","0"
"16488830","3","2","0"
"16488841","0","0","0"
"16491097","0","2","0"
"16491195","2","11","0"
"16492410","3","4","0"
"16493039","1","9","0"
"16494399","0","0","0"
"16495403","1","2","0"
"16496060","0","11","0"
"16496319","0","0","0"
"16496399","0","24","0"
"16496546","1","8","0"
"16498652","0","0","0"
"16499154","0","1","0"
"16500523","2","19","0"
"16501332","4","16","0"
"16502352","0","6","0"
"16502557","0","2","0"
"16502949","0","0","0"
"16503313","9","22","0"
"16503713","0","1","0"
"16503769","0","29","0"
"16504640","11","6","0"
"16504654","0","3","0"
"16505128","6","10","0"
"16505433","5","12","0"
"16505947","9","20","0"
"16507840","0","1","0"
"16508913","3","0","0"
"16509036","0","2","0"
"16509091","0","1","0"
"16509954","3","13","0"
"16510864","0","2","0"
"16512168","5","2","3"
"16512200","7","54","0"
"16512206","0","2","0"
"16513118","0","7","0"
"16513173","1","3","1"
"16513399","0","3","0"
"16513476","0","12","0"
"16513477","2","1","0"
"16514821","2","4","0"
"16515324","0","0","0"
"16515786","0","3","0"
"16516539","0","2","0"
"16516864","4","8","0"
"16518282","0","0","0"
"16519092","0","3","0"
"16520132","0","7","0"
"16520700","0","0","0"
"16521918","0","0","0"
"16522224","2","17","0"
"16522544","3","14","0"
"16522942","0","8","0"
"16523771","1","20","0"
"16525322","1","0","0"
"16525780","0","8","0"
"16526426","0","1","0"
"16527769","6","3","0"
"16528238","0","2","0"
"16528861","20","23","1"
"16529219","0","4","0"
"16529490","2","164","0"
"16532673","0","5","0"
"16532758","0","7","0"
"16534694","1","32","0"
"16536899","2","13","0"
"16538426","0","1","0"
"16538580","0","0","0"
"16538769","0","1","0"
"16538912","0","0","0"
"16538978","2","14","0"
"16539564","0","13","0"
"16539675","3","14","0"
"16541146","0","0","0"
"16542571","2","4","0"
"16543985","0","2","0"
"16544258","0","4","0"
"16544674","0","18","0"
"16546021","0","8","0"
"16546150","0","0","0"
"16546375","0","0","0"
"16548454","0","1","0"
"16548946","0","4","0"
"16549167","0","3","0"
"16550663","2","64","0"
"16551430","15","13","0"
"16552153","0","1","0"
"16552231","2","1","0"
"16553103","2","1","0"
"16553976","1","18","0"
"16555221","0","14","0"
"16555620","0","0","0"
"16555716","0","0","0"
"16555987","0","1","0"
"16556424","0","3","0"
"16556582","0","0","0"
"16556694","0","2","0"
"16557244","0","19","0"
"16557377","8","33","0"
"16558242","0","1","0"
"16559301","3","11","0"
"16560397","5","0","0"
"16561009","0","8","0"
"16561343","0","6","0"
"16561433","0","0","0"
"16562148","3","3","0"
"16562364","1","1","0"
"16562519","1","12","0"
"16563237","0","10","0"
"16563286","0","11","0"
"16563710","0","0","0"
"16563796","1","8","0"
"16564712","0","4","0"
"16565396","0","15","0"
"16565535","0","0","0"
"16565620","8","38","0"
"16566092","1","22","0"
"16567245","2","13","0"
"16567319","0","1","0"
"16567620","0","0","0"
"16567918","2","22","0"
"16568181","2","5","0"
"16568234","1","4","0"
"16568695","0","10","0"
"16568780","4","1","2"
"16568875","17","31","0"
"16569183","0","9","1"
"16569394","1","6","0"
"16569581","0","7","0"
"16571006","5","5","0"
"16571212","0","21","0"
"16571234","47","35","0"
"16571858","0","1","0"
"16572127","5","23","0"
"16572980","0","4","0"
"16573465","3","17","0"
"16574130","0","18","0"
"16574349","0","12","0"
"16574413","0","4","0"
"16575867","0","12","0"
"16576038","0","1","0"
"16576847","0","0","0"
"16577282","0","5","0"
"16578438","26","38","1"
"16579236","0","5","0"
"16579288","1","9","0"
"16579620","5","7","0"
"16580236","0","1","0"
"16581025","1","4","0"
"16581486","1","1","0"
"16582308","1","3","0"
"16583145","0","0","0"
"16583656","0","4","0"
"16584127","23","25","3"
"16584420","0","15","0"
"16584685","5","18","0"
"16585114","0","2","0"
"16585144","1","21","0"
"16585472","0","9","0"
"16585602","0","8","0"
"16585673","0","4","0"
"16585904","0","7","0"
"16586783","1","49","0"
"16589374","1","1","0"
"16589861","0","5","0"
"16590457","0","0","0"
"16590579","3","0","0"
"16590662","0","3","0"
"16591702","0","0","0"
"16592103","0","2","0"
"16592270","3","1","0"
"16593440","0","8","0"
"16593508","0","5","0"
"16593670","2","0","0"
"16594125","0","1","0"
"16595020","0","26","0"
"16595881","4","15","0"
"16596445","0","35","0"
"16596681","0","0","0"
"16596973","0","6","0"
"16598508","0","20","0"
"16599761","2","0","0"
"16600368","25","12","0"
"16600821","0","7","0"
"16601094","0","0","0"
"16601101","4","5","0"
"16601124","0","27","0"
"16601474","0","4","0"
"16603679","0","5","0"
"16603927","2","6","0"
"16605279","0","2","0"
"16606026","124","120","0"
"16607067","12","47","2"
"16607268","1","2","0"
"16608640","3","0","0"
"16608876","0","2","0"
"16609530","0","0","0"
"16609939","0","8","0"
"16611259","0","18","0"
"16612350","3","5","0"
"16612929","0","0","0"
"16613318","1","3","0"
"16614515","5","6","2"
"16614773","7","5","0"
"16616472","1","2","0"
"16616583","1","23","0"
"16617447","2","36","1"
"16617450","0","1","0"
"16617833","0","9","0"
"16618287","0","1","0"
"16618779","0","0","0"
"16619026","0","2","0"
"16620010","5","7","0"
"16622637","0","3","0"
"16622924","0","0","0"
"16623816","3","77","0"
"16624191","0","1","0"
"16624473","5","51","3"
"16625299","0","0","0"
"16625307","1","11","1"
"16625506","12","10","0"
"16626320","0","2","0"
"16626467","1","4","0"
"16626959","0","0","0"
"16627279","1","2","0"
"16627557","0","0","0"
"16628567","1","15","0"
"16629192","0","10","0"
"16629963","0","0","0"
"16630860","0","0","0"
"16631998","0","1","0"
"16632604","2","73","3"
"16633625","0","5","0"
"16634006","4","13","0"
"16634183","0","20","0"
"16634948","1","23","0"
"16635445","0","1","0"
"16638553","0","2","0"
"16639265","1","27","0"
"16639781","1","20","0"
"16639913","0","11","0"
"16640245","0","5","0"
"16640330","0","8","0"
"16641566","10","49","0"
"16641719","1","1","0"
"16641758","0","1","0"
"16645289","4","9","0"
"16645466","1","7","0"
"16645882","0","0","0"
"16646057","0","4","0"
"16646781","0","0","0"
"16647067","0","3","0"
"16648338","0","3","0"
"16650069","1","9","0"
"16650110","8","1","0"
"16650432","0","1","0"
"16650865","0","27","0"
"16650931","1","7","0"
"16651308","0","2","0"
"16652400","0","4","0"
"16652572","0","20","0"
"16652621","0","3","0"
"16653063","0","7","0"
"16655201","3","63","0"
"16655290","2","19","0"
"16655357","0","1","0"
"16655757","0","2","0"
"16656247","0","0","0"
"16656366","11","0","0"
"16657457","0","2","0"
"16658341","2","3","0"
"16658536","0","6","0"
"16659069","0","6","0"
"16659145","1","4","0"
"16659874","2","12","0"
"16659957","0","0","1"
"16660051","0","0","0"
"16660336","0","8","0"
"16661931","1","2","0"
"16664469","0","6","0"
"16665056","0","15","0"
"16665308","1","3","0"
"16666760","5","1","0"
"16667564","0","2","0"
"16667765","0","0","0"
"16667856","0","0","0"
"16667945","3","11","0"
"16668638","2","2","0"
"16670934","0","10","0"
"16670992","0","13","0"
"16671436","0","1","0"
"16671927","2","18","0"
"16672014","1","2","0"
"16672969","19","1","0"
"16672975","4","11","0"
"16673557","0","8","0"
"16674378","0","25","0"
"16674379","0","1","0"
"16675301","1","11","0"
"16676293","0","0","0"
"16676977","0","4","0"
"16679830","0","10","0"
"16680959","0","23","0"
"16681242","5","30","0"
"16681359","0","1","0"
"16681502","0","0","0"
"16682103","0","2","0"
"16683990","0","23","0"
"16684205","1","3","0"
"16684431","0","2","0"
"16684555","10","87","0"
"16685653","1","30","0"
"16686178","0","3","0"
"16686183","0","6","0"
"16686308","2","21","0"
"16686765","4","24","0"
"16687903","0","2","0"
"16688094","0","2","0"
"16688400","0","6","0"
"16688806","1","10","0"
"16688940","1","11","0"
"16690008","1","1","0"
"16690173","0","120","0"
"16690419","0","5","0"
"16690585","0","6","0"
"16691318","0","3","0"
"16691734","0","1","0"
"16691831","0","2","0"
"16691904","0","14","0"
"16692176","23","12","3"
"16692198","1","10","0"
"16693450","0","8","0"
"16694317","0","0","0"
"16695223","0","0","0"
"16696399","0","0","0"
"16697048","6","13","0"
"16697441","0","2","0"
"16697860","0","1","0"
"16697937","6","48","0"
"16698614","0","7","0"
"16698727","1","14","0"
"16700566","0","2","0"
"16700886","0","2","0"
"16703162","15","20","0"
"16703301","12","19","0"
"16703418","0","4","0"
"16703493","4","3","0"
"16703774","2","19","0"
"16704278","2","5","0"
"16704510","0","19","0"
"16704549","0","19","0"
"16704952","0","11","0"
"16704980","1","6","0"
"16705849","0","18","0"
"16708006","2","5","0"
"16708107","24","39","0"
"16708111","19","49","0"
"16708764","0","0","0"
"16709922","1","1","0"
"16711198","0","12","0"
"16711507","0","4","0"
"16711980","0","7","0"
"16712155","1","1","0"
"16713522","0","2","0"
"16715236","1","8","0"
"16715608","1","7","0"
"16715725","10","13","0"
"16716587","1","5","0"
"16716618","0","5","0"
"16717129","0","19","0"
"16718974","0","0","0"
"16718979","0","7","0"
"16720161","0","1","0"
"16720823","1","0","0"
"16721729","7","4","0"
"16722323","0","3","0"
"16723327","1","14","0"
"16723832","2","10","0"
"16724681","0","5","0"
"16725431","3","15","0"
"16725701","3","8","0"
"16726006","0","1","0"
"16726276","0","3","0"
"16727345","0","7","0"
"16727358","0","0","0"
"16727569","8","9","0"
"16727807","1","21","0"
"16727992","0","3","0"
"16728369","6","12","0"
"16729686","0","8","0"
"16730448","0","14","0"
"16730531","3","0","0"
"16730692","0","1","0"
"16730951","1","2","0"
"16731239","0","15","0"
"16732106","0","0","0"
"16732181","1","6","0"
"16732560","0","4","0"
"16732835","1","1","0"
"16733271","0","2","0"
"16733605","1","2","0"
"16734290","0","9","1"
"16734793","0","0","0"
"16735044","0","1","0"
"16736153","0","0","0"
"16736456","1","0","0"
"16738890","0","11","0"
"16740373","0","5","0"
"16740431","3","6","0"
"16740472","0","6","0"
"16740588","0","1","0"
"16743260","0","9","0"
"16743314","1","6","0"
"16744360","0","3","0"
"16744609","0","9","0"
"16744844","6","37","0"
"16745652","0","3","0"
"16745699","1","2","0"
"16746141","0","12","0"
"16746214","4","10","0"
"16747388","0","12","0"
"16748594","0","1","0"
"16749757","0","0","0"
"16750888","3","24","0"
"16751264","17","16","0"
"16753241","0","0","0"
"16753321","0","2","0"
"16755079","8","5","1"
"16756296","9","9","0"
"16756416","16","36","0"
"16757026","2","0","0"
"16757269","0","19","0"
"16757280","0","4","0"
"16757394","0","3","0"
"16757869","45","16","0"
"16758137","0","41","0"
"16758600","3","7","0"
"16758647","1","2","0"
"16759195","2","0","0"
"16760821","0","24","0"
"16760993","8","16","0"
"16761992","0","6","0"
"16762098","0","7","0"
"16762372","0","2","0"
"16764381","0","5","0"
"16764813","0","21","2"
"16765688","1","16","0"
"16766066","0","15","0"
"16766360","0","1","0"
"16766936","0","0","0"
"16768028","0","2","0"
"16768779","0","0","0"
"16769804","0","0","0"
"16770488","0","8","0"
"16773095","0","2","0"
"16773605","0","0","0"
"16775065","0","3","0"
"16775304","0","0","0"
"16775611","0","9","0"
"16777241","0","7","0"
"16777615","0","0","0"
"16779887","0","6","0"
"16781656","1","9","0"
"16781682","3","4","0"
"16783135","1","18","0"
"16783361","1","9","0"
"16783911","0","2","0"
"16783986","0","6","0"
"16784946","3","24","0"
"16785067","0","15","0"
"16785359","2","17","0"
"16785538","0","1","0"
"16786025","0","4","0"
"16787943","1","0","0"
"16787956","0","2","0"
"16788088","0","24","0"
"16789193","4","11","0"
"16789522","0","5","0"
"16790137","0","13","0"
"16790914","0","3","0"
"16791209","0","1","0"
"16792037","3","19","0"
"16792256","1","2","4"
"16792757","0","11","0"
"16793507","0","4","0"
"16795175","17","10","1"
"16796866","3","11","0"
"16797104","0","6","0"
"16798204","0","17","0"
"16798330","3","17","0"
"16798636","0","1","0"
"16799425","0","6","0"
"16800821","0","4","0"
"16800976","0","52","0"
"16802528","0","14","0"
"16802720","0","3","0"
"16802761","0","10","1"
"16803069","0","0","0"
"16803819","0","4","0"
"16803868","0","2","0"
"16804858","0","1","0"
"16806191","0","2","0"
"16806454","1","14","0"
"16806649","0","17","0"
"16806783","4","14","0"
"16806784","0","7","0"
"16806842","1","0","0"
"16807278","0","0","0"
"16807881","31","7","1"
"16807965","0","2","0"
"16808372","3","0","0"
"16811577","0","0","0"
"16812292","0","0","0"
"16812850","2","6","0"
"16812950","0","4","0"
"16813234","0","0","0"
"16815007","1","6","0"
"16815155","0","0","0"
"16815462","0","13","0"
"16815849","1","3","0"
"16816364","0","9","0"
"16816592","0","27","0"
"16817370","4","22","0"
"16818831","0","25","0"
"16821204","0","14","0"
"16821720","0","13","0"
"16822178","0","0","0"
"16823150","0","0","0"
"16823353","0","4","0"
"16823608","0","19","0"
"16824228","1","2","0"
"16825536","0","3","0"
"16826499","0","8","0"
"16827599","0","18","0"
"16828157","1","9","0"
"16828253","0","10","0"
"16829545","0","0","0"
"16831987","0","38","0"
"16832516","0","0","0"
"16833415","22","2","0"
"16833982","0","8","0"
"16834766","5","12","0"
"16835662","6","3","0"
"16835827","0","0","0"
"16835981","0","35","0"
"16836348","4","20","0"
"16836508","0","18","0"
"16836810","2","21","1"
"16837666","0","4","0"
"16840893","3","4","0"
"16841082","0","8","0"
"16841401","0","5","0"
"16841560","0","19","0"
"16842630","0","0","0"
"16844801","12","60","0"
"16846629","0","0","0"
"16846844","0","1","0"
"16850571","6","6","0"
"16851614","0","1","0"
"16853460","1","7","0"
"16853654","0","0","0"
"16853862","0","9","0"
"16854244","0","15","0"
"16854651","3","3","0"
"16854916","0","10","0"
"16854945","0","1","0"
"16856257","0","1","0"
"16856898","6","15","0"
"16857618","0","4","0"
"16857830","0","39","0"
"16859412","0","1","0"
"16861069","0","1","0"
"16862959","0","0","0"
"16868156","0","11","0"
"16870716","0","13","0"
"16870961","0","4","0"
"16872665","6","41","0"
"16873261","0","39","0"
"16873707","0","1","0"
"16874075","1","8","0"
"16874595","2","3","0"
"16875283","0","2","0"
"16875928","1","7","0"
"16876966","0","3","0"
"16878491","0","0","0"
"16878492","0","5","0"
"16878931","0","3","0"
"16879293","12","3","0"
"16879354","0","3","0"
"16879648","0","3","0"
"16879813","0","0","0"
"16880331","0","6","0"
"16880334","0","8","0"
"16881135","0","21","0"
"16882147","14","4","0"
"16882415","0","1","0"
"16882530","1","9","0"
"16882806","4","12","0"
"16882993","0","2","0"
"16883653","0","5","0"
"16884434","0","36","0"
"16884475","0","0","0"
"16885192","0","3","0"
"16886036","2","4","0"
"16886772","0","21","0"
"16888056","1","1","0"
"16888722","0","1","0"
"16891993","1","19","0"
"16892196","0","15","0"
"16893481","4","16","0"
"16893629","0","4","0"
"16895314","0","1","0"
"16895442","0","3","0"
"16897345","0","17","0"
"16897480","4","5","0"
"16898932","0","0","0"
"16899900","0","6","0"
"16900026","0","7","0"
"16900384","0","5","0"
"16900821","0","0","0"
"16901373","0","6","0"
"16902223","0","0","0"
"16903361","14","7","0"
"16904729","2","3","0"
"16904838","1","45","0"
"16905647","0","0","0"
"16905893","3","12","0"
"16905923","0","19","0"
"16907209","7","7","0"
"16907406","0","5","0"
"16908294","1","0","0"
"16909544","0","21","0"
"16911341","2","13","0"
"16911908","5","14","0"
"16912753","0","5","0"
"16913341","10","14","1"
"16913587","0","18","0"
"16913824","2","21","0"
"16914725","0","1","0"
"16914783","0","4","0"
"16915045","1","16","0"
"16915566","0","8","0"
"16915698","0","12","0"
"16916634","0","0","0"
"16918715","0","12","0"
"16920850","11","8","0"
"16920990","0","0","0"
"16921211","13","10","0"
"16921540","0","10","0"
"16922025","2","6","0"
"16922046","2","13","0"
"16922427","0","13","0"
"16923394","0","0","0"
"16924243","0","2","0"
"16924673","0","0","0"
"16925151","0","7","1"
"16925291","8","4","0"
"16926343","0","3","0"
"16926453","0","16","0"
"16926611","0","32","0"
"16927700","0","1","0"
"16927895","2","4","0"
"16929285","0","6","0"
"16929776","5","7","0"
"16930765","0","9","0"
"16933011","1","1","0"
"16934467","3","13","0"
"16936870","0","2","0"
"16937036","14","44","0"
"16937458","0","3","0"
"16937963","0","6","0"
"16938861","0","3","0"
"16938995","0","0","0"
"16940827","6","3","0"
"16941263","14","1","0"
"16941925","0","3","0"
"16942902","0","11","0"
"16943727","0","28","0"
"16943869","8","20","0"
"16944449","1","8","0"
"16945061","2","20","10"
"16946646","0","3","0"
"16948601","0","4","0"
"16949497","0","2","0"
"16950216","0","14","0"
"16950492","3","76","0"
"16951141","1","13","0"
"16951710","0","4","0"
"16951720","4","0","0"
"16952372","0","12","0"
"16954261","0","0","0"
"16954609","7","7","0"
"16955107","10","63","0"
"16955114","0","1","0"
"16955233","0","4","0"
"16956694","0","4","0"
"16956756","0","0","0"
"16958203","0","5","0"
"16958518","5","31","1"
"16958615","1","19","0"
"16958680","4","18","0"
"16960058","0","4","0"
"16960263","0","0","0"
"16960624","0","4","0"
"16961006","0","21","0"
"16962755","0","2","0"
"16962864","0","19","0"
"16963686","0","11","0"
"16964462","1","2","0"
"16964751","1","2","0"
"16964784","0","3","0"
"16965639","0","41","0"
"16965953","1","9","0"
"16966916","0","89","0"
"16966945","1","13","0"
"16967128","0","1","0"
"16967172","0","18","0"
"16970794","1","2","0"
"16970888","0","16","0"
"16971088","0","3","0"
"16971595","0","0","0"
"16972077","11","2","0"
"16973044","0","1","0"
"16975776","0","7","0"
"16975831","0","36","0"
"16977177","0","15","0"
"16977300","0","6","0"
"16977407","0","5","0"
"16977796","1","7","0"
"16977936","0","0","0"
"16978454","3","16","0"
"16978684","0","47","0"
"16978720","0","0","0"
"16978791","0","0","0"
"16978907","0","6","0"
"16979395","0","0","0"
"16979676","2","9","0"
"16981042","2","8","0"
"16981389","0","0","0"
"16982262","0","26","0"
"16982298","0","62","0"
"16983493","0","8","0"
"16985741","5","7","1"
"16985897","0","0","0"
"16986976","0","1","0"
"16987405","2","11","0"
"16987566","0","0","0"
"16988223","39","18","0"
"16988841","0","0","0"
"16991126","3","8","0"
"16991468","0","2","0"
"16991948","0","1","0"
"16992231","1","2","0"
"16992531","0","4","0"
"16992749","0","5","0"
"16993198","4","27","0"
"16993561","0","10","0"
"16994009","0","0","0"
"16994353","0","1","0"
"16994791","0","8","0"
"16995214","2","38","0"
"16996424","0","5","0"
"16996584","4","2","1"
"16998145","0","2","0"
"16998838","0","0","0"
"16999008","0","1","0"
"17001308","0","0","0"
"17001353","1","3","0"
"17002321","0","3","0"
"17002336","19","10","0"
"17002604","4","17","0"
"17004662","1","0","0"
"17004953","0","0","0"
"17006313","0","0","0"
"17006808","3","1","0"
"17008122","0","4","0"
"17008418","0","4","0"
"17009162","0","6","0"
"17009742","0","12","0"
"17009935","0","5","0"
"17010345","0","0","0"
"17010467","0","11","0"
"17010647","8","5","0"
"17012151","0","1","0"
"17013800","0","3","0"
"17014321","2","5","0"
"17014361","0","4","0"
"17015034","0","21","0"
"17015208","0","1","0"
"17015257","2","2","0"
"17015528","0","5","0"
"17015805","2","3","0"
"17015932","0","5","0"
"17016542","14","17","1"
"17016971","5","19","0"
"17017316","5","8","0"
"17018440","6","5","0"
"17019651","1","3","0"
"17020072","0","2","0"
"17020280","24","60","0"
"17021151","17","2","0"
"17022837","0","0","0"
"17024479","5","23","0"
"17024577","0","3","0"
"17024672","0","17","0"
"17024974","3","4","0"
"17025498","0","1","0"
"17025725","1","10","0"
"17025740","1","5","0"
"17025840","0","12","0"
"17026389","0","10","0"
"17028242","9","15","0"
"17028343","0","11","0"
"17028594","0","10","0"
"17029890","2","12","0"
"17030069","0","2","0"
"17030578","0","0","0"
"17030588","11","8","0"
"17030676","1","62","0"
"17030712","15","0","0"
"17031192","0","1","0"
"17031969","0","1","0"
"17033081","1","103","0"
"17033240","0","2","0"
"17033887","0","23","0"
"17034161","0","3","0"
"17034204","1","1","0"
"17034442","2","1","0"
"17035316","0","2","0"
"17038259","14","11","0"
"17038291","0","2","0"
"17039095","0","8","0"
"17040619","0","2","0"
"17040927","0","5","0"
"17041637","0","9","0"
"17041973","3","33","0"
"17043233","0","0","0"
"17043619","0","13","0"
"17043775","0","7","0"
"17043790","14","10","0"
"17043933","3","3","0"
"17045315","4","3","0"
"17046081","0","0","0"
"17047120","0","15","0"
"17047126","0","1","0"
"17047322","1","13","0"
"17047423","0","3","0"
"17047436","0","0","0"
"17048280","0","0","0"
"17048834","5","10","0"
"17049230","0","8","0"
"17050391","0","2","0"
"17052051","0","4","0"
"17052204","0","14","0"
"17053025","0","16","0"
"17053202","25","93","0"
"17053240","0","26","0"
"17053967","0","4","0"
"17054068","0","0","0"
"17054178","0","6","0"
"17054653","0","5","0"
"17054685","0","0","0"
"17055238","0","21","0"
"17057896","0","2","0"
"17058285","2","4","0"
"17059396","0","3","0"
"17059613","0","0","0"
"17059718","10","5","40"
"17059835","0","5","0"
"17060253","0","5","0"
"17061201","0","0","0"
"17061999","2","6","0"
"17062475","0","1","0"
"17062869","0","0","0"
"17063461","0","0","0"
"17064478","0","7","0"
"17064706","0","1","0"
"17065258","0","0","0"
"17065309","4","3","0"
"17065867","0","0","0"
"17066074","0","7","0"
"17066122","0","30","0"
"17066777","0","1","0"
"17066911","1","4","0"
"17067135","13","37","4"
"17069669","0","0","0"
"17069722","0","8","0"
"17070241","0","0","0"
"17070371","2","10","0"
"17070421","0","0","0"
"17070458","0","11","0"
"17072078","0","2","0"
"17072352","2","3","0"
"17072404","1","18","0"
"17073807","0","20","0"
"17074238","2","0","0"
"17076141","0","11","0"
"17077123","1","11","0"
"17077329","0","2","0"
"17077741","0","39","0"
"17078478","0","8","0"
"17078589","2","8","0"
"17079464","0","9","0"
"17079528","0","7","0"
"17079912","0","1","0"
"17080162","0","3","0"
"17080772","0","5","0"
"17080991","0","4","0"
"17081554","2","8","0"
"17082429","1","3","0"
"17082567","0","0","0"
"17082611","54","38","0"
"17085419","1","10","0"
"17086032","0","5","0"
"17086135","0","2","0"
"17086459","0","2","0"
"17086806","0","13","0"
"17086870","0","0","0"
"17087153","0","0","0"
"17088109","0","0","0"
"17088178","0","20","0"
"17088843","0","3","0"
"17088978","0","11","0"
"17089583","35","12","1"
"17091771","0","1","0"
"17091911","12","3","0"
"17092110","0","2","0"
"17093315","0","16","0"
"17093673","0","15","0"
"17094284","15","27","0"
"17095111","11","1","0"
"17095766","0","0","0"
"17096834","0","5","0"
"17097179","0","23","0"
"17097798","2","6","0"
"17098141","0","0","0"
"17098465","0","3","0"
"17098913","3","9","0"
"17098926","0","11","0"
"17099045","0","44","0"
"17099154","5","12","0"
"17099768","0","9","0"
"17100296","0","6","0"
"17100464","0","2","0"
"17101385","0","6","0"
"17102871","0","11","0"
"17103026","2","7","0"
"17103622","0","1","0"
"17104037","0","2","0"
"17104620","0","5","0"
"17105703","0","6","0"
"17106583","0","0","0"
"17106939","2","2","0"
"17107119","0","0","1"
"17107599","0","4","0"
"17108179","0","1","0"
"17108385","0","2","0"
"17108793","0","43","0"
"17109929","0","8","0"
"17112314","0","0","0"
"17113459","2","2","1"
"17113997","0","15","0"
"17114959","7","23","0"
"17115012","0","17","0"
"17115294","1","12","5"
"17115313","0","4","0"
"17115516","0","9","0"
"17116900","0","16","0"
"17117328","0","1","0"
"17118363","0","2","0"
"17118493","0","9","0"
"17118761","0","0","0"
"17119021","1","6","0"
"17120153","0","3","0"
"17120602","4","5","0"
"17121432","0","4","0"
"17121708","44","23","3"
"17121947","0","6","0"
"17122008","0","4","0"
"17122042","3","3","0"
"17122769","22","19","0"
"17122831","9","44","0"
"17124201","0","0","0"
"17124211","0","2","0"
"17124619","6","49","0"
"17126147","1","3","0"
"17126804","0","2","0"
"17127521","18","5","0"
"17128928","0","6","0"
"17129515","0","9","0"
"17129702","0","0","0"
"17131559","0","2","0"
"17131562","4","1","0"
"17132041","0","3","0"
"17132585","0","2","0"
"17132618","1","3","0"
"17132887","0","1","0"
"17132919","0","15","0"
"17133603","0","7","0"
"17133755","0","0","0"
"17133994","0","6","0"
"17135014","2","1","0"
"17135829","0","5","1"
"17137614","0","1","0"
"17137639","0","0","0"
"17137666","0","18","0"
"17138169","0","9","0"
"17139828","7","2","0"
"17140256","0","1","0"
"17140396","0","153","0"
"17140793","1","26","0"
"17141586","0","2","0"
"17141644","0","0","0"
"17141716","35","38","0"
"17142464","19","27","0"
"17142635","0","15","0"
"17143025","0","1","0"
"17143812","2","16","0"
"17144169","0","10","0"
"17144934","5","47","0"
"17145946","3","36","0"
"17147344","12","43","0"
"17147964","0","25","0"
"17149811","0","2","0"
"17150010","0","2","0"
"17150051","1","11","0"
"17150516","0","8","0"
"17150857","0","1","0"
"17150924","0","9","0"
"17152928","18","8","2"
"17154158","0","15","0"
"17156150","15","6","0"
"17157973","2","3","0"
"17158950","0","0","0"
"17159562","0","8","0"
"17160128","0","1","0"
"17160379","3","7","1"
"17160417","0","0","0"
"17161390","0","14","0"
"17161673","0","2","0"
"17163855","2","2","0"
"17165747","0","3","0"
"17166530","0","0","0"
"17167219","0","9","0"
"17169046","4","11","0"
"17169484","0","6","0"
"17169637","0","4","0"
"17169913","13","0","1"
"17170174","0","3","0"
"17171571","0","15","0"
"17172204","0","0","0"
"17172397","0","0","0"
"17173476","0","12","0"
"17174060","0","4","0"
"17174109","0","15","0"
"17174122","10","2","0"
"17174461","0","3","0"
"17175372","0","6","0"
"17176133","0","2","0"
"17176482","0","1","0"
"17176825","0","7","0"
"17177007","3","4","0"
"17177726","0","2","0"
"17178915","0","8","0"
"17180119","0","3","0"
"17180200","0","1","0"
"17180779","1","6","0"
"17180898","0","1","0"
"17181018","0","5","0"
"17182454","0","0","0"
"17183088","4","16","0"
"17183809","0","6","0"
"17183817","3","6","0"
"17183942","1","7","0"
"17184060","0","0","0"
"17184061","0","2","0"
"17187496","0","0","0"
"17189000","0","15","0"
"17189468","0","0","0"
"17189874","0","12","0"
"17190120","2","3","1"
"17190208","0","1","0"
"17191042","3","10","1"
"17192448","1","9","0"
"17192866","0","23","0"
"17193963","0","10","0"
"17195225","0","8","0"
"17196218","0","0","0"
"17199156","15","18","0"
"17199922","5","9","0"
"17200097","0","0","0"
"17200488","2","3","0"
"17201436","0","16","0"
"17202062","1","0","1"
"17202092","0","0","0"
"17202156","3","5","1"
"17203221","1","12","0"
"17204784","1","0","0"
"17205274","0","0","0"
"17205307","0","15","0"
"17205746","3","11","0"
"17206346","0","2","0"
"17207029","0","1","0"
"17207507","0","7","0"
"17207737","0","44","0"
"17209064","4","4","0"
"17209963","14","25","0"
"17210533","2","13","0"
"17211692","0","1","0"
"17212605","5","20","0"
"17213189","4","10","0"
"17213191","0","0","0"
"17213387","0","0","0"
"17214033","0","12","0"
"17215574","0","6","0"
"17216570","0","24","0"
"17217052","0","3","0"
"17217071","0","0","0"
"17217956","0","30","0"
"17218249","0","1","0"
"17218277","0","2","0"
"17219280","0","6","0"
"17219562","0","0","0"
"17220235","0","19","0"
"17222127","0","3","0"
"17222370","0","5","0"
"17223443","0","1","0"
"17223698","0","1","0"
"17223896","2","9","0"
"17224293","0","7","0"
"17224387","4","2","0"
"17224662","0","8","0"
"17225109","0","29","0"
"17225187","0","4","0"
"17225742","2","26","0"
"17226270","0","1","0"
"17227709","0","17","0"
"17228182","0","97","0"
"17229877","0","0","0"
"17230117","0","4","0"
"17230719","0","0","0"
"17230749","0","3","0"
"17231465","1","10","0"
"17232308","0","4","0"
"17232657","0","1","0"
"17233048","0","24","0"
"17233625","1","0","0"
"17233863","0","20","0"
"17234023","2","3","0"
"17234634","0","0","0"
"17234645","2","24","0"
"17234935","0","2","0"
"17235720","0","2","0"
"17236065","0","13","0"
"17236195","0","2","0"
"17237035","0","6","0"
"17237579","0","8","0"
"17238007","0","5","0"
"17238726","0","0","0"
"17239069","0","10","0"
"17240540","0","8","0"
"17241002","3","31","0"
"17241644","0","1","0"
"17242566","0","4","0"
"17242665","0","3","0"
"17242923","0","0","0"
"17243645","0","1","0"
"17243824","0","0","0"
"17244029","0","11","0"
"17244624","2","13","0"
"17244969","0","6","0"
"17245261","9","37","1"
"17246545","6","30","0"
"17247125","0","0","0"
"17247655","0","3","0"
"17247979","0","1","0"
"17249398","1","0","0"
"17249411","2","4","0"
"17249574","0","1","0"
"17250001","0","1","0"
"17250130","11","9","0"
"17250198","0","11","0"
"17250643","0","0","0"
"17251879","0","9","0"
"17252066","0","0","0"
"17252154","0","0","0"
"17252227","0","6","0"
"17252338","3","1","0"
"17252895","0","18","0"
"17253379","0","0","0"
"17254553","0","1","0"
"17254694","0","7","0"
"17254775","0","85","0"
"17256101","2","0","0"
"17256386","1","10","0"
"17256461","8","21","0"
"17258654","4","9","0"
"17258784","0","1","0"
"17259224","0","11","0"
"17259343","0","2","0"
"17259882","0","2","0"
"17260476","0","2","0"
"17260568","1","3","0"
"17264193","0","2","0"
"17265066","0","3","0"
"17265105","3","5","0"
"17265380","1","7","0"
"17265409","2","4","0"
"17265541","5","19","0"
"17265684","8","8","0"
"17268222","0","2","0"
"17268243","0","0","0"
"17268995","1","23","0"
"17269871","2","14","0"
"17270192","9","84","1"
"17270207","0","6","0"
"17271483","0","3","0"
"17272599","3","26","0"
"17272796","0","6","0"
"17272997","0","0","0"
"17273369","1","34","0"
"17274958","0","7","0"
"17275216","0","1","0"
"17277282","10","10","0"
"17277520","1","2","0"
"17277677","0","12","0"
"17277716","18","80","2"
"17277857","0","32","0"
"17278207","0","55","0"
"17278519","5","5","0"
"17278921","3","2","0"
"17278956","0","0","0"
"17280613","1","2","0"
"17280663","1","4","0"
"17280745","1","2","0"
"17281056","0","3","0"
"17281269","0","15","0"
"17284184","0","11","0"
"17286206","0","18","0"
"17286780","0","0","0"
"17286933","0","3","0"
"17286998","0","5","0"
"17287267","4","1","0"
"17288160","2","24","0"
"17288207","0","1","0"
"17289256","0","1","0"
"17290897","0","1","0"
"17291008","3","1","0"
"17291181","0","5","0"
"17291858","0","4","0"
"17291914","1","0","0"
"17292083","0","1","0"
"17292144","0","7","0"
"17292547","0","46","0"
"17294807","0","0","0"
"17295666","0","16","0"
"17298934","1","15","0"
"17299518","1","12","0"
"17300012","150","305","0"
"17300141","0","4","0"
"17300949","7","13","0"
"17301791","0","4","0"
"17301834","7","59","1"
"17302523","4","22","0"
"17302615","0","0","0"
"17302793","0","8","0"
"17303857","0","13","0"
"17305609","7","1","0"
"17305921","0","0","0"
"17307447","0","13","0"
"17307516","0","1","0"
"17307703","0","11","0"
"17307978","3","31","0"
"17308658","0","4","0"
"17308890","0","2","0"
"17312019","0","2","0"
"17313537","2","5","0"
"17313564","0","10","0"
"17314491","0","0","0"
"17316514","1","14","0"
"17317410","2","4","0"
"17317514","3","1","0"
"17317537","1","14","0"
"17318006","0","46","0"
"17318037","8","20","0"
"17318131","0","49","0"
"17318796","0","6","0"
"17318894","3","3","0"
"17318939","1","27","0"
"17319452","0","0","0"
"17320013","8","6","0"
"17320082","0","19","0"
"17320621","0","6","0"
"17320779","0","4","0"
"17320810","0","3","0"
"17320835","9","5","0"
"17321123","0","1","0"
"17321234","0","4","0"
"17321296","2","1","0"
"17322664","0","1","0"
"17322958","3","0","3"
"17323081","0","9","0"
"17323426","0","1","0"
"17324149","1","4","0"
"17324341","0","20","0"
"17324920","0","43","0"
"17325229","0","3","0"
"17325694","1","2","0"
"17325695","0","50","0"
"17325726","0","1","0"
"17326518","0","2","0"
"17326952","0","3","0"
"17327611","0","8","0"
"17328996","0","10","0"
"17329041","0","9","0"
"17329141","1","6","0"
"17329258","0","11","0"
"17329364","0","5","0"
"17329958","0","26","0"
"17331309","0","0","0"
"17331488","0","0","0"
"17331686","3","52","0"
"17332064","0","5","0"
"17332762","0","0","0"
"17332887","0","6","0"
"17333120","2","17","0"
"17333512","0","0","0"
"17334008","1","8","0"
"17334287","30","32","0"
"17334667","8","1","0"
"17335765","0","17","0"
"17336317","0","0","0"
"17336750","1","10","0"
"17337059","0","0","0"
"17338535","0","3","0"
"17339499","0","2","0"
"17339985","0","4","0"
"17340424","6","4","0"
"17340781","0","3","0"
"17341218","0","9","0"
"17341850","4","11","0"
"17342280","3","75","0"
"17342450","2","8","0"
"17342679","0","2","0"
"17342869","0","37","0"
"17343167","0","3","0"
"17343261","0","5","0"
"17344029","0","4","0"
"17344072","0","0","0"
"17344570","0","17","0"
"17345694","0","28","0"
"17345772","1","4","0"
"17345944","0","0","0"
"17348590","0","0","0"
"17348751","5","26","0"
"17349359","1","50","0"
"17350710","0","8","0"
"17350905","0","8","0"
"17351698","0","3","0"
"17353907","1","14","0"
"17353961","0","15","0"
"17354067","0","8","0"
"17354214","0","0","0"
"17354589","7","23","0"
"17355076","2","1","0"
"17355447","0","1","0"
"17355510","0","0","0"
"17355758","0","10","0"
"17356111","0","20","0"
"17356177","0","1","0"
"17356409","0","3","0"
"17356761","0","2","0"
"17356807","0","0","0"
"17358386","0","102","0"
"17358572","0","10","0"
"17360688","0","1","0"
"17360785","0","4","0"
"17362058","2","3","0"
"17362426","0","0","0"
"17362914","0","0","0"
"17364139","2","22","0"
"17364376","0","7","0"
"17364557","0","3","0"
"17364738","0","4","0"
"17364813","0","6","0"
"17364867","0","7","0"
"17366226","0","9","0"
"17367939","0","1","0"
"17368943","0","10","0"
"17369172","0","18","0"
"17369346","0","0","0"
"17371071","0","6","0"
"17372377","0","29","0"
"17372625","0","0","0"
"17375017","0","12","0"
"17375274","0","13","0"
"17376024","0","0","0"
"17376577","0","0","0"
"17377132","0","10","0"
"17377657","0","24","0"
"17378543","0","1","0"
"17378664","3","9","0"
"17379300","0","17","0"
"17380103","0","21","0"
"17381037","1","3","0"
"17381204","0","15","0"
"17383009","0","11","0"
"17383032","0","9","0"
"17384295","0","0","0"
"17385403","0","4","0"
"17385629","0","7","0"
"17386477","0","0","0"
"17387535","2","0","0"
"17388018","0","0","0"
"17388934","4","25","0"
"17389005","0","0","0"
"17390006","1","3","0"
"17390100","0","3","0"
"17390541","0","2","0"
"17393268","1","4","0"
"17393518","0","2","0"
"17395132","0","11","0"
"17395338","0","13","0"
"17395509","0","1","0"
"17396165","4","13","0"
"17396222","4","10","0"
"17396433","0","0","0"
"17396603","0","2","0"
"17397086","0","1","0"
"17400744","1","2","0"
"17400858","1","2","0"
"17400912","1","0","0"
"17402322","0","0","0"
"17402491","1","9","0"
"17403599","2","3","0"
"17403667","0","4","0"
"17405262","0","0","0"
"17405703","0","6","0"
"17405862","6","18","1"
"17406132","1","3","0"
"17406460","4","9","0"
"17406540","1","2","0"
"17406649","0","0","0"
"17407974","6","51","0"
"17408195","0","4","7"
"17408994","1","15","0"
"17410068","0","5","0"
"17411335","0","5","0"
"17411406","21","39","0"
"17411652","4","34","2"
"17411806","2","22","0"
"17412014","0","4","0"
"17412631","0","5","0"
"17412644","1","10","0"
"17412749","23","0","2"
"17413141","0","8","0"
"17413634","2","0","0"
"17414624","0","66","0"
"17415419","0","0","0"
"17415483","3","75","0"
"17415680","0","9","0"
"17416117","3","4","0"
"17416467","0","6","0"
"17416783","1","14","0"
"17417001","0","0","0"
"17417246","0","30","0"
"17417342","0","22","0"
"17417451","0","11","0"
"17417673","1","5","0"
"17418377","0","17","0"
"17419157","0","82","0"
"17420892","1","16","0"
"17420895","8","13","0"
"17421438","2","9","0"
"17423976","4","18","0"
"17424092","0","8","0"
"17425458","0","5","0"
"17426448","0","0","0"
"17426691","0","4","0"
"17427052","22","296","0"
"17427776","0","3","0"
"17428092","1","1","0"
"17430505","0","2","0"
"17431079","0","0","0"
"17431189","0","16","0"
"17431200","6","3","0"
"17431816","5","34","0"
"17432439","4","8","0"
"17432841","15","3","0"
"17433421","0","20","0"
"17434850","0","0","0"
"17435191","0","0","0"
"17435420","0","1","0"
"17436112","0","8","0"
"17436756","0","8","0"
"17437404","0","9","0"
"17437742","0","7","0"
"17438654","0","4","0"
"17440360","1","2","0"
"17440402","0","1","0"
"17441062","0","2","0"
"17441983","0","0","0"
"17442705","0","11","0"
"17443931","0","1","0"
"17443948","0","10","0"
"17444096","8","9","0"
"17444641","1","10","0"
"17445117","0","1","0"
"17445511","0","4","0"
"17445724","0","28","0"
"17446046","0","20","0"
"17448024","0","1","0"
"17449910","0","0","0"
"17450519","2","1","0"
"17451659","1","16","0"
"17452507","0","3","0"
"17452632","2","2","0"
"17453013","0","9","0"
"17454907","0","0","0"
"17455126","0","6","0"
"17456899","0","38","0"
"17457026","9","9","1"
"17457445","0","11","0"
"17457752","0","1","0"
"17458039","1","10","0"
"17462384","0","12","0"
"17462412","0","1","0"
"17463642","0","0","0"
"17463731","0","26","0"
"17463805","0","30","0"
"17463821","0","2","0"
"17464614","1","18","0"
"17464757","2","20","0"
"17464962","2","14","0"
"17465178","0","1","0"
"17465930","0","8","0"
"17466049","0","11","0"
"17466572","0","12","0"
"17471620","0","0","0"
"17472734","6","39","0"
"17473064","0","3","0"
"17473197","2","7","0"
"17473998","4","16","0"
"17475667","0","1","0"
"17475828","0","46","0"
"17477397","0","0","0"
"17477508","3","32","0"
"17477550","0","6","0"
"17477699","3","23","0"
"17477904","0","1","0"
"17477945","0","5","0"
"17478946","0","4","0"
"17478980","0","9","0"
"17479825","11","32","0"
"17480142","2","4","0"
"17480816","0","0","0"
"17481049","0","3","0"
"17481061","8","4","0"
"17482571","3","1","0"
"17482666","0","1","0"
"17482789","0","1","0"
"17482928","0","11","0"
"17484663","0","49","0"
"17485236","1","4","0"
"17486345","0","0","0"
"17486887","2","1","1"
"17487723","0","0","0"
"17487752","4","19","0"
"17487834","0","7","3"
"17489275","29","0","1"
"17489459","1","0","0"
"17489637","0","1","0"
"17490159","3","1","0"
"17490178","2","1","0"
"17490310","7","22","0"
"17490779","2","5","0"
"17490952","0","1","0"
"17491177","0","74","0"
"17493215","3","4","0"
"17493225","3","1","0"
"17494057","0","0","0"
"17495587","21","56","0"
"17495698","0","12","0"
"17495765","0","6","0"
"17495768","0","1","0"
"17496608","0","31","0"
"17498311","2","1","0"
"17498928","2","4","0"
"17498940","2","27","0"
"17499053","0","4","0"
"17499478","1","5","0"
"17499520","3","4","0"
"17500715","0","4","0"
"17500915","0","12","0"
"17501164","0","7","0"
"17501209","0","5","0"
"17501236","0","5","0"
"17502128","0","7","0"
"17505196","0","19","0"
"17505804","0","13","0"
"17505907","0","6","0"
"17506012","0","10","0"
"17507254","0","13","0"
"17507613","0","3","0"
"17508345","1","2","0"
"17508643","0","2","0"
"17508957","1","0","0"
"17509104","1","2","0"
"17509710","0","4","0"
"17510207","0","0","0"
"17510339","0","3","0"
"17510542","0","1","0"
"17510595","0","11","0"
"17511504","0","0","0"
"17511733","4","52","0"
"17512096","0","39","0"
"17512310","0","5","0"
"17513179","0","0","0"
"17514712","2","4","0"
"17515843","0","0","0"
"17516205","0","1","0"
"17516232","1","2","0"
"17517503","0","78","0"
"17517937","0","3","0"
"17517947","3","7","0"
"17518341","0","1","0"
"17518641","0","17","0"
"17519012","0","12","0"
"17519222","1","19","0"
"17519455","1","19","0"
"17519470","0","0","0"
"17519534","5","69","0"
"17520257","1","1","0"
"17520349","0","10","0"
"17522194","0","99","0"
"17523021","5","26","0"
"17523898","1","2","0"
"17524070","0","36","0"
"17524128","13","8","2"
"17524918","0","11","0"
"17524926","0","1","0"
"17525745","33","32","0"
"17525800","0","6","0"
"17526957","0","5","0"
"17527880","0","43","0"
"17528452","11","23","1"
"17528562","0","8","0"
"17530133","0","5","0"
"17530579","0","4","0"
"17532510","0","4","0"
"17534039","2","26","0"
"17535828","0","1","0"
"17536386","2","46","0"
"17536653","0","8","0"
"17537075","0","7","0"
"17537202","0","0","0"
"17537722","1","23","0"
"17537755","0","6","0"
"17539420","11","73","0"
"17539963","0","1","0"
"17540150","0","2","0"
"17540647","0","0","0"
"17540664","0","16","0"
"17540894","51","2","0"
"17541219","0","1","0"
"17542117","0","1","0"
"17544627","0","10","0"
"17546497","1","2","0"
"17546520","5","0","0"
"17546839","0","3","0"
"17547653","0","0","0"
"17547957","196","21","2"
"17550058","0","0","0"
"17550173","0","12","0"
"17550384","0","2","0"
"17550594","0","15","1"
"17550663","0","0","0"
"17551191","0","14","0"
"17551510","0","1","0"
"17551773","1","22","0"
"17551891","0","5","0"
"17551976","0","0","0"
"17552035","0","2","0"
"17552057","0","0","0"
"17552215","0","9","0"
"17552608","0","0","0"
"17553188","0","4","0"
"17553278","1","5","0"
"17553792","0","0","0"
"17553803","2","88","0"
"17554137","0","1","0"
"17554224","0","17","0"
"17556306","0","11","0"
"17557030","0","16","0"
"17557773","0","0","0"
"17559025","5","7","0"
"17559815","0","8","0"
"17560290","5","9","0"
"17560402","1","13","0"
"17560651","0","5","0"
"17561086","0","0","0"
"17561151","0","3","0"
"17561855","0","11","0"
"17562026","0","1","0"
"17562058","0","3","0"
"17564434","0","2","0"
"17564688","0","3","0"
"17565439","0","1","0"
"17565505","0","21","0"
"17566325","0","2","0"
"17566907","3","4","0"
"17567264","1","15","0"
"17567551","0","3","0"
"17567597","0","4","0"
"17568895","0","105","0"
"17569135","0","3","0"
"17569174","0","5","0"
"17569309","1","9","0"
"17569502","0","4","0"
"17569967","4","12","0"
"17570148","0","0","0"
"17570239","0","4","0"
"17570290","0","0","0"
"17570426","0","17","0"
"17570782","0","31","0"
"17570800","1","4","0"
"17570866","0","24","0"
"17571093","0","0","0"
"17571488","2","3","0"
"17571659","0","5","0"
"17571850","0","1","0"
"17571999","0","1","0"
"17572092","1","16","0"
"17572754","0","0","0"
"17573350","0","1","0"
"17573705","1","2","0"
"17574875","0","14","0"
"17574954","0","15","0"
"17575187","0","1","0"
"17575249","0","3","0"
"17575251","2","4","0"
"17575410","0","28","0"
"17575465","2","41","0"
"17575522","0","3","0"
"17575710","1","10","0"
"17575792","0","1","0"
"17576389","0","0","0"
"17576734","0","5","0"
"17577146","0","0","0"
"17577431","0","43","0"
"17577722","0","10","0"
"17578181","0","0","0"
"17578550","0","0","0"
"17578611","0","1","0"
"17578920","5","6","0"
"17579082","0","4","0"
"17579555","0","0","0"
"17579558","0","23","0"
"17579572","0","17","0"
"17579943","0","0","0"
"17580001","0","0","0"
"17580723","0","3","0"
"17580981","0","20","0"
"17581287","0","0","0"
"17581675","0","4","0"
"17581979","0","6","0"
"17582202","0","0","0"
"17583101","0","1","0"
"17583457","0","3","0"
"17583649","0","1","0"
"17583756","0","3","0"
"17583972","0","9","0"
"17584430","1","1","0"
"17584555","0","0","0"
"17584582","3","10","0"
"17585039","0","15","0"
"17585162","0","2","0"
"17585648","0","6","0"
"17585934","1","18","0"
"17586018","0","3","0"
"17586135","0","10","0"
"17586162","0","0","0"
"17586397","5","3","0"
"17586645","1","2","0"
"17587784","0","6","0"
"17587827","0","19","0"
"17587903","0","0","0"
"17588101","4","28","0"
"17588802","4","10","0"
"17589388","0","2","0"
"17589615","0","0","0"
"17589951","0","15","0"
"17590000","3","3","0"
"17590572","0","2","0"
"17591594","0","7","0"
"17592648","0","1","0"
"17593050","1","14","0"
"17593167","1","0","0"
"17593512","0","9","0"
"17593545","0","2","0"
"17593676","0","5","0"
"17593750","0","10","0"
"17594398","3","3","0"
"17594428","0","5","0"
"17594555","0","0","0"
"17595402","1","1","0"
"17595533","3","0","0"
"17595706","0","4","0"
"17596065","53","22","0"
"17596165","0","0","0"
"17596183","0","2","0"
"17596296","0","1","0"
"17596321","0","6","0"
"17596480","0","4","0"
"17596920","0","0","0"
"17597733","0","14","0"
"17598042","14","49","0"
"17598277","0","11","0"
"17600005","5","24","0"
"17600048","5","4","0"
"17600104","0","9","0"
"17600120","0","20","0"
"17600284","0","5","0"
"17600990","3","4","0"
"17601158","0","1","0"
"17601619","0","3","0"
"17602031","0","0","0"
"17602044","0","1","0"
"17602404","1","0","1"
"17602731","3","1","0"
"17602965","5","55","0"
"17603453","0","1","0"
"17603476","0","5","0"
"17603509","0","2","0"
"17603530","0","2","0"
"17604003","2","28","0"
"17604152","0","3","0"
"17604707","1","7","0"
"17605099","0","0","0"
"17605105","7","7","0"
"17605472","0","14","0"
"17606354","1","25","0"
"17606529","1","7","0"
"17608420","0","1","0"
"17608510","0","16","0"
"17608766","4","29","1"
"17609564","0","2","0"
"17609669","1","50","0"
"17609755","0","8","0"
"17610585","0","3","0"
"17610962","0","0","0"
"17611209","0","3","0"
"17611767","0","9","0"
"17612457","3","7","0"
"17612982","0","21","0"
"17612995","16","40","0"
"17613030","0","1","0"
"17613627","0","8","0"
"17613738","0","18","0"
"17614350","0","3","0"
"17614576","4","26","0"
"17614945","0","2","0"
"17615078","11","16","0"
"17615867","0","1","0"
"17616093","0","15","0"
"17617350","0","4","0"
"17617395","0","36","0"
"17617576","0","0","0"
"17618742","0","18","0"
"17619099","0","2","0"
"17619446","0","23","0"
"17619771","0","4","0"
"17619821","0","0","0"
"17620776","1","37","0"
"17621403","0","9","0"
"17623141","0","20","0"
"17624424","6","4","0"
"17624749","0","15","0"
"17624801","3","11","0"
"17625183","1","5","0"
"17625317","4","19","0"
"17625511","1","9","0"
"17625629","4","1","0"
"17625755","0","0","0"
"17625843","0","0","0"
"17626001","0","8","0"
"17626080","0","14","0"
"17626346","6","25","0"
"17626690","0","1","0"
"17626989","2","2","1"
"17627437","2","35","0"
"17627467","0","3","0"
"17627790","0","9","0"
"17628734","0","2","0"
"17629048","0","5","0"
"17629275","0","5","0"
"17629671","5","7","0"
"17630023","1","8","0"
"17630139","4","4","0"
"17630580","2","8","0"
"17632159","3","26","1"
"17632419","0","0","0"
"17632536","0","3","0"
"17632647","0","0","0"
"17632784","0","2","0"
"17633871","1","8","0"
"17633935","0","4","0"
"17634483","3","5","0"
"17634969","1","16","0"
"17634984","0","0","0"
"17635091","0","2","0"
"17635289","1","28","0"
"17635340","0","1","0"
"17635458","0","31","0"
"17635725","0","40","0"
"17635889","3","24","0"
"17636477","0","4","0"
"17636769","12","53","0"
"17637282","0","14","0"
"17637431","0","1","0"
"17637496","0","3","0"
"17637655","1","98","0"
"17637967","0","1","0"
"17638323","8","9","0"
"17638736","0","2","0"
"17639272","0","0","0"
"17639438","0","25","0"
"17639449","0","31","0"
"17639901","0","8","0"
"17640042","0","1","0"
"17640059","1","4","0"
"17640172","0","10","0"
"17642114","0","3","0"
"17643829","0","13","0"
"17644054","0","27","0"
"17644122","2","1","0"
"17644712","1","25","0"
"17645500","0","39","0"
"17646023","0","1","0"
"17646340","0","11","0"
"17646343","2","11","0"
"17646642","0","4","0"
"17646774","4","22","0"
"17646885","0","18","0"
"17646964","0","1","0"
"17647983","0","5","0"
"17648040","0","5","0"
"17648375","0","4","0"
"17648401","2","10","0"
"17648410","0","51","0"
"17648551","0","5","0"
"17649155","0","2","0"
"17649667","0","2","0"
"17649989","1","30","0"
"17649993","2","1","0"
"17651108","6","7","0"
"17651337","1","4","0"
"17651383","2","4","0"
"17651468","0","0","0"
"17651928","0","7","0"
"17652276","0","8","0"
"17652616","0","7","0"
"17652912","6","16","1"
"17653190","1","12","0"
"17653378","0","1","0"
"17653621","9","40","1"
"17654076","0","3","0"
"17654196","26","17","0"
"17654681","0","0","0"
"17655076","0","5","0"
"17655083","0","4","0"
"17655218","0","9","0"
"17655529","5","10","0"
"17655556","0","1","0"
"17657057","3","5","0"
"17657666","0","6","0"
"17657692","1","1","0"
"17657980","0","5","0"
"17658606","0","34","0"
"17658664","0","99","0"
"17659606","3","11","0"
"17659912","0","2","0"
"17659924","0","0","0"
"17662137","4","20","0"
"17662651","0","1","0"
"17663093","2","26","0"
"17663174","2","1","0"
"17663721","0","0","0"
"17663902","0","54","0"
"17664230","1","14","0"
"17665172","0","4","0"
"17665213","9","45","0"
"17666143","1","3","0"
"17666399","0","5","0"
"17666908","11","9","0"
"17667233","1","36","0"
"17667321","0","13","0"
"17668743","3","65","0"
"17669067","0","14","0"
"17669616","0","0","0"
"17669690","0","11","0"
"17669817","0","13","0"
"17670380","0","2","0"
"17672171","0","8","0"
"17673002","0","41","0"
"17673612","1","0","0"
"17673745","9","1","0"
"17673805","0","8","0"
"17674071","0","0","0"
"17674349","0","0","0"
"17674637","4","24","0"
"17674749","13","36","0"
"17674984","0","24","0"
"17674999","0","5","0"
"17675012","0","5","0"
"17675203","0","13","0"
"17675264","0","0","0"
"17675398","0","2","0"
"17675969","0","8","0"
"17676424","0","0","0"
"17676641","0","34","0"
"17676788","0","4","0"
"17676795","0","3","0"
"17676931","0","2","0"
"17677779","0","19","0"
"17678908","3","14","0"
"17679344","0","8","0"
"17681867","0","43","0"
"17682024","1","3","0"
"17682212","0","23","0"
"17682471","0","2","0"
"17682939","0","1","0"
"17683676","0","18","0"
"17683709","0","3","0"
"17683864","0","1","0"
"17685973","0","6","0"
"17687015","0","4","0"
"17687290","0","1","0"
"17687802","1","5","0"
"17691420","0","6","0"
"17691526","0","2","0"
"17691654","0","11","0"
"17691939","0","2","0"
"17692100","0","7","0"
"17692107","0","23","0"
"17692595","0","7","0"
"17692789","0","10","0"
"17692927","0","1","0"
"17693486","0","29","0"
"17693526","0","3","0"
"17694286","1","1","0"
"17695090","5","7","0"
"17695134","4","40","0"
"17695482","0","31","0"
"17696495","0","7","0"
"17696643","0","12","0"
"17696644","0","6","0"
"17697272","0","2","0"
"17697525","0","8","0"
"17697574","13","56","0"
"17697691","0","0","0"
"17698659","1","1","0"
"17698696","0","2","0"
"17699256","1","6","0"
"17699406","0","32","0"
"17699897","3","1","0"
"17700155","0","59","0"
"17700220","0","0","0"
"17700801","0","0","0"
"17701030","0","0","0"
"17701864","0","15","0"
"17702006","0","0","0"
"17702026","0","0","0"
"17702325","0","10","0"
"17704062","0","5","0"
"17704327","0","2","0"
"17704418","0","26","0"
"17704436","1","2","0"
"17705591","0","0","0"
"17705747","0","0","0"
"17705940","1","2","0"
"17706061","0","2","0"
"17706426","0","0","0"
"17706527","0","0","0"
"17706960","0","5","0"
"17707830","2","32","0"
"17709151","0","54","0"
"17709482","0","0","0"
"17709525","0","17","0"
"17709569","0","2","0"
"17709886","0","4","0"
"17711141","0","5","0"
"17711864","2","16","0"
"17711945","1","0","0"
"17712615","1","4","0"
"17712729","0","1","0"
"17712814","12","6","0"
"17713449","0","5","1"
"17713715","0","3","0"
"17713719","0","13","0"
"17715218","0","2","0"
"17715373","1","1","0"
"17715739","0","0","0"
"17717094","0","4","0"
"17717225","0","5","0"
"17718109","0","3","0"
"17719285","0","2","0"
"17719754","0","5","0"
"17720111","36","17","4"
"17720644","0","1","0"
"17721106","0","4","0"
"17721156","0","2","0"
"17723710","0","9","0"
"17723748","0","4","0"
"17724172","16","23","0"
"17725091","0","2","0"
"17725172","1","1","0"
"17725465","0","0","0"
"17725562","0","2","0"
"17725844","1","30","0"
"17725958","0","15","0"
"17726194","0","12","0"
"17726261","0","0","0"
"17726897","0","12","0"
"17727151","0","25","1"
"17728087","3","20","0"
"17728539","0","8","0"
"17728701","0","0","0"
"17728810","4","22","0"
"17728955","0","4","0"
"17729013","0","6","0"
"17729019","0","5","0"
"17729087","0","3","1"
"17729134","0","1","0"
"17729240","0","4","0"
"17730273","0","6","0"
"17730801","0","10","0"
"17731079","1","40","0"
"17731272","0","10","0"
"17731460","0","3","0"
"17731523","20","32","6"
"17732133","1","4","0"
"17732575","5","1","0"
"17732827","1","1","0"
"17732956","2","5","0"
"17734847","0","15","0"
"17735868","0","2","0"
"17736037","0","16","0"
"17736824","1","3","0"
"17736839","0","4","0"
"17737657","3","21","0"
"17738361","0","0","0"
"17738659","0","4","0"
"17739372","0","0","0"
"17739628","0","40","0"
"17739641","0","0","0"
"17740574","0","18","0"
"17740876","6","37","0"
"17741246","0","8","0"
"17742141","3","3","0"
"17742795","1","17","0"
"17743299","0","27","0"
"17743636","0","22","0"
"17743900","1","1","0"
"17745562","0","0","0"
"17745885","0","0","0"
"17745970","0","1","0"
"17747351","0","0","0"
"17747654","0","4","0"
"17749156","0","0","0"
"17750094","3","3","0"
"17750363","0","13","0"
"17751007","0","3","0"
"17751028","0","7","0"
"17751518","0","6","0"
"17751639","0","4","0"
"17752111","0","3","0"
"17752587","3","43","0"
"17753712","0","0","0"
"17753770","0","49","0"
"17754050","0","10","0"
"17754056","0","0","0"
"17754099","7","5","0"
"17754106","14","7","1"
"17754422","6","13","0"
"17754436","0","4","0"
"17754697","0","0","0"
"17755683","0","0","0"
"17755708","0","0","0"
"17755737","2","14","0"
"17755749","11","30","1"
"17756178","0","4","0"
"17756275","0","2","0"
"17756599","0","0","0"
"17756708","18","3","0"
"17757145","0","23","0"
"17757546","1","4","0"
"17757713","0","10","0"
"17757960","0","16","0"
"17758344","0","2","0"
"17758848","0","1","0"
"17759066","0","17","0"
"17759546","0","2","0"
"17760540","0","12","0"
"17762949","0","83","0"
"17762974","0","4","0"
"17763015","1","4","0"
"17764230","0","10","0"
"17764295","0","11","0"
"17764875","0","0","0"
"17767138","0","9","0"
"17768469","0","15","0"
"17769133","0","2","0"
"17770502","2","6","0"
"17770826","0","7","0"
"17771123","0","9","0"
"17771159","0","1","0"
"17771880","0","0","0"
"17772046","0","4","0"
"17772544","0","1","0"
"17772674","0","11","0"
"17772840","0","3","0"
"17773920","0","35","0"
"17774185","0","0","0"
"17774378","0","3","0"
"17774714","1","17","0"
"17774732","0","4","0"
"17775141","0","4","0"
"17775627","0","1","0"
"17776142","0","0","0"
"17777770","2","27","0"
"17778358","0","0","0"
"17778871","0","24","0"
"17778949","0","5","0"
"17779236","1","4","0"
"17779372","0","3","0"
"17779589","8","2","0"
"17779786","2","0","1"
"17779863","5","5","0"
"17780003","9","1","2"
"17780483","3","22","0"
"17780636","0","5","0"
"17781423","0","0","0"
"17781827","1","10","0"
"17782982","0","25","0"
"17783369","0","2","1"
"17783601","0","10","0"
"17783863","0","18","0"
"17785521","0","24","0"
"17786405","0","1","0"
"17787056","0","10","0"
"17787336","0","11","0"
"17787359","0","6","0"
"17787846","0","3","0"
"17788165","0","5","0"
"17788342","0","2","0"
"17788742","0","5","0"
"17788846","0","34","0"
"17790231","1","5","0"
"17790732","0","15","0"
"17790742","1","13","0"
"17791089","1","3","0"
"17791142","0","0","0"
"17791364","1","22","0"
"17791413","0","3","0"
"17791486","1","13","0"
"17793157","0","4","0"
"17793995","0","13","0"
"17794298","0","7","0"
"17795208","4","71","0"
"17795272","0","7","0"
"17795480","0","11","0"
"17795766","0","4","0"
"17796113","1","1","0"
"17796595","0","0","0"
"17796649","0","5","0"
"17797041","0","0","0"
"17797142","1","5","0"
"17797223","5","12","0"
"17797258","1","7","0"
"17797398","0","4","0"
"17798157","1","4","0"
"17798307","1","6","0"
"17799585","2","1","0"
"17799972","0","32","0"
"17800293","1","11","0"
"17800723","2","0","0"
"17800919","1","3","0"
"17800980","0","2","0"
"17801042","0","1","0"
"17801412","0","8","0"
"17801425","0","0","0"
"17801973","3","5","0"
"17802069","0","0","0"
"17803092","0","1","0"
"17803339","1","3","0"
"17803626","0","48","0"
"17804074","1","3","0"
"17804398","5","20","0"
"17807070","0","2","0"
"17808268","0","2","0"
"17808606","0","6","0"
"17808861","1","5","0"
"17809729","0","7","0"
"17809758","1","1","0"
"17810039","0","4","0"
"17810866","0","12","0"
"17810988","0","2","0"
"17811762","4","13","0"
"17811896","0","3","0"
"17812376","0","3","0"
"17812598","0","2","0"
"17813175","0","4","0"
"17813370","0","0","0"
"17813818","0","0","0"
"17814133","0","14","0"
"17814276","0","11","0"
"17814295","0","5","0"
"17814321","0","0","0"
"17814714","0","0","0"
"17814832","0","0","0"
"17814944","1","6","0"
"17815425","0","10","0"
"17815577","0","3","0"
"17816405","3","9","0"
"17816441","2","7","0"
"17816655","0","17","0"
"17816883","0","0","0"
"17817112","2","50","0"
"17817171","0","6","0"
"17817221","0","2","0"
"17817297","2","0","0"
"17817440","2","4","0"
"17818706","0","12","0"
"17819286","22","16","0"
"17819649","0","1","0"
"17820485","0","41","0"
"17820797","0","7","0"
"17821738","0","11","0"
"17822042","1","0","0"
"17822183","0","1","0"
"17822736","0","8","0"
"17823067","0","0","0"
"17823433","0","16","0"
"17823813","0","6","0"
"17823883","0","12","0"
"17824749","0","4","0"
"17825249","4","8","0"
"17825257","0","0","0"
"17826254","3","11","0"
"17826660","7","17","0"
"17828266","1","0","0"
"17828443","4","27","0"
"17828529","0","5","0"
"17828996","0","2","0"
"17829280","0","4","0"
"17830704","13","37","0"
"17830998","0","1","0"
"17831020","0","2","0"
"17831167","0","2","0"
"17831210","0","5","0"
"17831221","0","1","0"
"17831273","0","2","0"
"17831374","0","6","0"
"17831553","0","10","0"
"17831741","0","12","0"
"17831877","0","1","0"
"17831947","1","12","0"
"17832003","2","0","0"
"17832243","0","2","0"
"17832324","0","5","0"
"17832660","0","4","0"
"17832858","6","14","0"
"17833072","0","2","0"
"17833328","0","24","0"
"17833384","0","3","0"
"17833505","0","41","0"
"17833935","0","1","0"
"17834461","2","3","0"
"17834853","0","2","0"
"17834877","13","66","0"
"17835404","0","4","0"
"17835938","0","1","0"
"17836076","0","14","0"
"17837629","0","2","0"
"17837804","0","0","0"
"17837863","0","8","0"
"17837890","0","1","0"
"17838075","1","1","0"
"17838258","0","2","0"
"17838455","0","0","0"
"17838896","4","19","0"
"17839283","0","4","0"
"17839542","2","3","0"
"17839680","0","4","0"
"17839894","0","29","0"
"17839936","0","0","0"
"17840126","0","0","0"
"17840129","12","9","0"
"17840398","0","2","0"
"17840575","0","4","0"
"17840704","0","10","0"
"17840715","0","4","0"
"17842555","0","21","0"
"17842877","1","13","0"
"17843709","2","49","0"
"17844027","0","14","0"
"17844883","0","0","0"
"17845251","0","2","0"
"17845381","0","51","0"
"17845736","0","4","0"
"17846561","0","21","0"
"17847871","0","1","0"
"17848207","0","0","0"
"17848671","0","5","0"
"17848716","2","7","0"
"17848908","0","3","0"
"17848924","1","16","0"
"17849631","0","1","0"
"17850531","0","0","0"
"17850851","0","1","0"
"17850874","0","15","0"
"17850902","0","14","0"
"17851014","0","6","0"
"17851522","5","3","0"
"17852097","4","1","0"
"17852107","0","9","0"
"17852207","10","32","0"
"17852218","0","3","0"
"17852419","1","43","0"
"17852624","0","4","0"
"17852877","3","22","0"
"17854090","0","2","0"
"17854639","0","7","0"
"17855837","0","2","0"
"17857821","0","0","0"
"17859668","0","6","0"
"17860509","1","19","0"
"17860938","0","1","0"
"17861668","0","8","0"
"17861720","3","14","0"
"17862135","0","1","0"
"17862208","0","2","0"
"17862240","1","0","0"
"17862468","0","13","0"
"17863242","16","13","1"
"17863667","0","2","0"
"17863820","0","9","0"
"17863927","0","4","0"
"17864598","0","1","0"
"17864647","2","50","0"
"17864707","5","0","0"
"17865491","0","16","0"
"17865701","0","12","0"
"17865928","45","15","10"
"17866351","0","24","0"
"17866601","0","7","0"
"17867255","1","9","1"
"17868034","0","3","0"
"17868622","3","29","0"
"17868845","0","6","0"
"17868883","0","1","0"
"17869281","1","0","0"
"17869568","5","7","1"
"17870322","0","2","0"
"17870699","0","1","0"
"17870778","0","1","0"
"17871124","0","10","0"
"17872148","0","4","0"
"17873096","2","1","0"
"17873944","17","60","1"
"17874607","0","1","0"
"17875174","0","8","0"
"17875341","0","3","0"
"17876402","0","0","0"
"17876572","0","6","0"
"17876693","9","5","2"
"17876870","2","16","0"
"17876941","0","5","0"
"17877011","0","7","0"
"17877077","0","1","0"
"17877649","1","14","0"
"17878110","0","2","0"
"17881185","12","25","0"
"17881188","12","13","0"
"17881270","0","4","0"
"17881423","0","5","0"
"17881650","0","28","0"
"17881820","4","12","0"
"17882434","0","4","0"
"17885863","4","22","0"
"17887333","0","12","0"
"17888388","1","4","0"
"17888442","2","0","0"
"17888674","0","2","0"
"17888743","0","1","0"
"17889023","1","6","0"
"17889221","0","1","0"
"17890254","0","6","0"
"17890874","12","57","0"
"17890931","0","1","0"
"17890988","0","15","0"
"17891154","0","23","0"
"17891858","0","3","0"
"17891971","0","12","0"
"17893064","0","7","0"
"17895088","0","0","0"
"17895323","0","0","1"
"17895336","0","14","0"
"17895488","0","12","0"
"17895539","0","1","0"
"17895692","0","8","0"
"17896101","0","1","0"
"17896457","0","2","0"
"17899042","0","0","0"
"17899339","0","7","0"
"17899844","2","0","0"
"17900036","23","13","0"
"17900250","0","3","0"
"17900527","4","7","0"
"17900551","0","30","0"
"17900612","0","0","0"
"17900955","0","10","0"
"17901287","0","5","0"
"17901307","16","29","1"
"17901650","2","12","0"
"17901828","0","2","0"
"17901874","0","6","0"
"17902242","0","6","0"
"17902376","3","0","0"
"17903077","0","23","0"
"17903348","0","2","0"
"17903735","1","2","0"
"17903744","2","9","19"
"17903854","5","0","0"
"17905491","0","0","0"
"17905497","0","10","0"
"17906003","0","10","0"
"17906044","0","7","0"
"17906760","2","0","0"
"17907331","0","31","0"
"17907353","0","3","0"
"17907758","0","32","0"
"17908446","0","1","0"
"17909026","0","2","0"
"17909458","1","24","0"
"17910253","0","5","0"
"17911163","0","9","0"
"17911521","0","0","0"
"17911585","0","3","0"
"17911914","0","5","0"
"17912100","0","69","0"
"17912138","0","0","0"
"17912740","0","0","0"
"17913251","0","9","0"
"17913726","0","17","0"
"17914167","2","20","0"
"17915375","5","26","0"
"17916385","0","1","0"
"17916411","0","1","0"
"17917952","0","10","0"
"17918047","0","2","0"
"17918187","0","12","0"
"17918357","0","0","0"
"17918363","0","27","0"
"17918989","22","41","0"
"17920058","11","28","0"
"17920115","3","1","1"
"17920475","0","0","0"
"17921442","0","0","0"
"17921501","0","0","0"
"17921756","0","2","0"
"17921879","2","4","0"
"17922074","0","7","0"
"17922091","0","4","0"
"17922129","0","6","0"
"17922545","0","0","0"
"17923125","0","4","0"
"17923425","0","1","0"
"17924169","2","4","0"
"17924193","0","2","0"
"17924400","0","8","0"
"17924655","0","0","0"
"17924830","0","13","0"
"17925238","1","5","0"
"17925539","0","4","0"
"17925705","0","5","0"
"17926695","0","6","0"
"17927082","0","7","0"
"17927114","0","1","0"
"17927794","0","17","0"
"17927798","0","7","0"
"17927952","0","7","0"
"17927980","18","43","0"
"17928112","0","13","0"
"17928298","0","6","0"
"17928307","0","5","0"
"17928674","0","0","0"
"17930413","16","0","0"
"17931319","1","6","0"
"17931838","0","1","0"
"17932189","2","23","0"
"17932359","0","1","0"
"17933093","0","0","0"
"17933430","1","14","0"
"17933513","0","0","0"
"17933520","0","5","0"
"17933631","0","4","0"
"17934024","4","0","0"
"17934821","4","0","0"
"17934914","0","22","0"
"17935543","0","22","0"
"17935718","0","2","0"
"17935964","0","0","0"
"17936316","0","3","0"
"17936388","0","11","0"
"17936657","0","4","0"
"17937091","0","9","0"
"17937223","4","3","0"
"17937245","0","5","0"
"17938577","0","7","0"
"17938773","0","0","0"
"17938874","2","14","0"
"17938945","0","3","0"
"17939109","0","5","0"
"17939375","0","0","0"
"17939597","0","8","0"
"17939644","1","3","0"
"17939949","0","2","0"
"17941444","0","5","0"
"17941776","0","1","0"
"17941944","0","5","0"
"17942198","0","0","0"
"17942447","0","3","0"
"17942512","6","16","0"
"17942729","0","3","0"
"17942760","2","2","0"
"17943583","0","15","0"
"17943969","0","14","0"
"17944941","0","2","0"
"17944979","3","47","1"
"17945302","3","8","0"
"17946386","2","38","0"
"17946652","0","1","0"
"17946925","0","12","0"
"17947170","1","12","0"
"17948008","8","12","0"
"17948385","0","1","0"
"17949281","0","1","0"
"17949439","0","5","0"
"17950121","0","2","0"
"17950311","3","2","0"
"17951403","0","15","0"
"17951430","1","6","0"
"17951654","1","9","0"
"17951781","0","0","0"
"17951822","0","3","0"
"17952510","0","3","0"
"17953108","0","2","0"
"17953147","0","7","0"
"17953733","0","4","0"
"17954174","0","2","0"
"17956339","0","3","0"
"17956766","2","1","0"
"17956869","3","10","0"
"17956956","3","3","0"
"17957014","2","5","0"
"17957703","0","13","0"
"17957712","3","14","0"
"17957819","0","5","0"
"17957852","0","17","0"
"17958614","11","6","0"
"17959510","0","14","0"
"17959722","0","0","0"
"17960302","0","11","0"
"17960636","0","19","0"
"17960688","3","0","0"
"17961007","0","0","0"
"17961552","0","63","0"
"17962090","0","0","0"
"17962148","10","19","0"
"17962447","0","32","0"
"17963959","0","0","0"
"17964994","0","8","0"
"17965148","0","2","0"
"17965378","2","20","0"
"17965729","0","16","0"
"17966815","0","1","0"
"17967556","0","2","0"
"17967915","0","6","0"
"17967999","0","13","0"
"17968151","0","0","0"
"17968468","7","0","0"
"17968491","0","1","0"
"17968670","0","20","0"
"17969148","0","6","0"
"17970328","0","6","1"
"17971158","13","29","0"
"17972097","1","2","0"
"17972497","0","13","0"
"17973069","0","0","0"
"17973124","0","0","0"
"17973287","3","8","0"
"17973966","5","18","0"
"17974058","0","1","0"
"17974541","0","0","0"
"17975466","0","6","0"
"17975884","0","10","0"
"17976262","0","13","0"
"17976293","0","5","0"
"17976796","0","2","0"
"17976798","0","2","0"
"17977603","0","18","0"
"17977673","0","1","0"
"17977692","4","1","0"
"17977703","0","1","0"
"17978724","7","14","0"
"17979459","0","0","0"
"17980066","6","1","0"
"17980956","0","1","0"
"17981284","11","5","0"
"17981941","0","4","0"
"17982361","0","0","0"
"17982417","0","46","0"
"17982763","0","5","0"
"17983349","0","0","0"
"17983433","5","40","0"
"17983657","0","1","0"
"17983830","0","5","0"
"17984456","0","13","0"
"17984799","0","8","0"
"17985490","1","50","0"
"17987461","0","11","0"
"17987933","0","55","0"
"17988682","0","37","0"
"17988722","1","3","0"
"17988804","0","1","0"
"17989385","0","3","0"
"17989581","0","4","0"
"17990197","0","0","0"
"17990405","0","0","0"
"17990524","0","12","0"
"17990633","7","5","9"
"17991175","0","5","0"
"17991769","0","19","0"
"17992063","0","0","0"
"17992492","0","2","0"
"17992581","1","0","0"
"17992649","1","7","0"
"17993635","2","5","0"
"17994701","0","1","0"
"17994842","0","4","0"
"17995694","0","1","0"
"17995822","1","2","0"
"17996262","3","8","0"
"17997565","1","0","0"
"17997988","0","1","0"
"17998458","2","2","0"
"17998702","6","20","1"
"17999664","1","24","0"
"17999907","0","9","0"
"18000070","0","25","0"
"18000441","3","39","0"
"18000902","0","23","0"
"18001138","0","8","0"
"18001299","0","0","0"
"18001345","0","2","0"
"18002495","0","3","0"
"18002960","2","0","0"
"18003391","5","5","0"
"18004281","0","2","0"
"18004422","0","20","0"
"18004491","3","11","0"
"18004537","3","0","0"
"18004761","2","1","0"
"18004774","1","5","0"
"18005449","0","13","0"
"18005739","0","48","0"
"18005793","0","11","0"
"18006609","0","35","0"
"18007256","0","12","0"
"18007300","0","0","0"
"18007793","0","4","0"
"18007885","0","3","0"
"18008668","0","0","0"
"18008710","0","13","0"
"18009521","1","0","1"
"18010120","0","12","0"
"18010532","0","3","0"
"18011041","9","2","0"
"18011249","0","6","0"
"18011519","2","10","0"
"18011559","0","4","0"
"18011570","0","16","0"
"18011737","0","19","0"
"18011833","0","7","0"
"18012096","4","31","0"
"18012425","0","5","0"
"18013637","0","2","0"
"18014134","0","2","0"
"18014148","0","1","0"
"18014200","0","2","0"
"18014482","1","22","0"
"18014565","0","5","0"
"18014807","0","19","0"
"18014866","0","1","0"
"18015570","0","19","0"
"18015686","0","2","0"
"18015983","5","4","0"
"18016292","1","0","0"
"18016617","3","5","0"
"18016761","0","2","0"
"18017427","0","3","0"
"18017649","0","3","0"
"18017974","0","7","0"
"18018312","22","2","2"
"18018440","17","18","6"
"18019147","0","0","0"
"18020279","0","37","0"
"18020315","1","9","0"
"18020578","0","9","0"
"18020846","4","11","0"
"18021505","0","7","0"
"18022608","0","1","0"
"18022768","0","1","0"
"18024965","8","6","0"
"18025121","0","2","0"
"18025253","1","6","0"
"18026073","11","14","0"
"18026407","0","6","0"
"18026586","0","3","0"
"18026862","2","9","0"
"18026958","0","14","0"
"18027512","13","94","0"
"18027573","0","14","0"
"18027678","0","1","0"
"18027781","0","1","0"
"18027865","0","0","0"
"18027926","0","3","0"
"18027956","0","0","0"
"18028215","0","2","0"
"18029678","1","1","0"
"18029950","3","13","0"
"18030033","0","6","0"
"18030819","1","20","0"
"18031053","1","23","0"
"18032104","0","58","1"
"18032335","0","8","0"
"18032774","4","0","1"
"18032908","1","17","0"
"18033861","3","3","0"
"18035371","0","2","0"
"18035688","1","1","0"
"18035952","0","12","0"
"18036340","0","3","0"
"18036541","0","27","0"
"18036550","2","3","0"
"18036868","0","35","0"
"18037341","0","9","0"
"18037907","1","7","0"
"18038680","0","7","0"
"18039002","0","6","0"
"18039029","1","22","0"
"18039128","0","2","0"
"18039914","0","4","0"
"18040331","0","0","0"
"18040354","0","2","0"
"18040689","4","14","0"
"18042296","0","2","0"
"18042977","0","2","0"
"18044164","0","15","0"
"18044473","0","1","0"
"18044562","0","11","0"
"18044782","3","6","0"
"18045072","0","5","0"
"18045131","0","0","0"
"18045679","0","5","0"
"18045702","1","15","0"
"18046084","4","8","0"
"18046485","0","22","0"
"18046749","0","3","0"
"18047085","0","2","0"
"18047375","0","1","0"
"18047853","0","5","0"
"18048394","0","22","0"
"18049037","0","0","0"
"18049876","0","11","0"
"18050019","0","30","0"
"18050083","0","35","0"
"18051217","0","0","0"
"18051370","0","0","0"
"18051606","0","4","0"
"18051692","0","2","0"
"18052428","0","1","0"
"18052690","0","3","0"
"18052737","0","2","0"
"18054247","0","42","0"
"18054760","2","33","0"
"18054825","0","1","0"
"18055582","7","39","0"
"18055886","6","3","0"
"18055906","2","6","0"
"18056685","0","3","0"
"18056715","1","1","0"
"18056958","0","7","0"
"18056986","0","26","0"
"18057019","3","25","0"
"18057441","0","7","0"
"18058120","0","0","0"
"18058354","0","0","0"
"18058767","0","40","0"
"18059037","0","0","0"
"18059243","1","14","0"
"18059272","0","8","0"
"18059330","0","4","0"
"18059648","0","0","0"
"18059899","0","32","0"
"18060011","0","9","0"
"18060154","1","11","0"
"18060222","20","77","1"
"18060917","0","1","0"
"18061298","0","5","0"
"18061810","0","6","0"
"18061852","0","1","0"
"18061901","0","6","0"
"18062273","0","0","0"
"18063617","0","0","0"
"18063786","0","6","0"
"18065093","3","20","0"
"18065797","0","17","0"
"18065912","3","8","0"
"18066447","0","8","0"
"18066841","0","1","0"
"18067740","0","2","0"
"18068028","0","27","0"
"18069095","0","2","0"
"18069445","1","27","0"
"18069487","0","19","0"
"18069540","0","4","0"
"18070868","0","1","0"
"18071842","9","16","0"
"18072035","1","17","0"
"18072651","0","7","0"
"18072933","0","1","0"
"18073270","1","45","0"
"18073305","0","2","0"
"18073341","19","26","0"
"18073412","0","3","0"
"18074436","17","12","0"
"18074728","0","6","0"
"18074821","0","7","0"
"18075006","0","23","0"
"18075169","6","10","0"
"18075272","0","1","0"
"18075667","2","3","0"
"18076232","0","6","0"
"18076578","0","6","0"
"18076918","0","8","0"
"18077439","3","3","0"
"18077529","1","2","0"
"18077678","0","2","0"
"18078065","0","9","0"
"18078120","6","11","0"
"18078333","0","0","0"
"18078362","0","56","0"
"18078521","0","0","0"
"18078534","0","16","0"
"18078965","2","10","0"
"18079220","0","12","0"
"18079889","21","3","0"
"18080318","0","31","0"
"18080401","0","5","0"
"18080674","0","41","0"
"18081181","0","0","0"
"18081308","0","15","0"
"18081785","0","13","0"
"18081892","0","2","0"
"18082000","0","1","0"
"18082381","0","4","0"
"18083011","0","7","0"
"18083395","0","1","0"
"18083442","0","5","0"
"18083544","0","1","0"
"18083887","0","1","0"
"18084063","0","7","0"
"18084071","0","1","0"
"18084165","0","1","0"
"18086332","0","1","0"
"18086901","1","13","0"
"18087552","0","0","0"
"18087581","2","13","0"
"18087680","0","8","0"
"18088947","0","15","0"
"18089257","0","5","0"
"18089268","0","3","0"
"18089850","0","4","0"
"18090202","0","1","0"
"18090256","1","0","0"
"18090509","0","2","0"
"18090612","0","0","0"
"18090919","0","12","0"
"18090994","0","27","0"
"18091265","0","3","0"
"18091480","0","16","0"
"18091487","0","2","0"
"18091548","0","15","0"
"18092622","0","21","0"
"18092639","0","15","0"
"18093479","2","4","0"
"18094690","4","4","0"
"18094834","36","6","0"
"18094849","0","1","0"
"18095275","0","4","0"
"18095595","0","3","0"
"18096213","0","0","0"
"18096946","1","13","0"
"18097068","2","2","0"
"18097074","1","4","0"
"18097447","0","14","0"
"18097492","0","0","0"
"18097524","0","4","0"
"18098372","0","0","0"
"18098760","2","13","0"
"18099004","0","27","0"
"18099141","0","16","0"
"18099730","2","0","0"
"18100161","0","3","0"
"18100435","0","10","0"
"18100578","0","0","0"
"18100925","0","16","0"
"18101033","0","0","0"
"18101166","0","7","0"
"18101318","0","5","0"
"18101320","0","4","0"
"18101380","0","4","0"
"18101847","0","5","0"
"18103224","0","0","0"
"18103927","0","5","0"
"18104532","0","0","0"
"18104879","0","9","0"
"18106145","3","27","0"
"18106922","3","23","0"
"18107147","1","3","1"
"18107780","4","12","0"
"18108156","3","14","0"
"18108546","0","0","0"
"18108815","0","5","0"
"18109169","0","4","0"
"18109197","1","22","0"
"18109333","0","26","0"
"18109555","3","0","0"
"18110873","0","6","0"
"18111072","4","2","0"
"18111752","0","1","0"
"18111921","0","4","0"
"18112648","2","13","0"
"18112750","0","6","0"
"18112834","0","0","0"
"18113554","0","0","0"
"18114757","2","5","0"
"18114808","0","12","0"
"18114986","0","0","0"
"18115174","0","20","0"
"18116260","0","2","0"
"18118017","3","0","0"
"18118040","0","5","0"
"18118214","1","9","0"
"18118384","0","0","0"
"18118693","0","4","0"
"18119519","0","2","0"
"18119652","0","7","0"
"18119997","0","2","0"
"18120148","0","6","0"
"18120173","0","14","0"
"18120580","0","8","0"
"18120645","0","1","1"
"18121299","7","8","0"
"18122075","2","7","0"
"18122297","3","54","0"
"18122498","4","12","0"
"18122876","11","29","0"
"18123471","0","116","0"
"18124080","0","3","0"
"18124211","11","3","0"
"18124302","0","22","0"
"18124658","2","12","0"
"18124943","0","1","0"
"18125566","11","0","0"
"18125665","1","0","0"
"18126001","0","6","0"
"18126324","0","0","0"
"18127679","1","2","0"
"18127707","0","1","0"
"18129010","0","8","0"
"18129175","0","0","0"
"18129429","0","0","0"
"18130731","7","51","0"
"18131734","0","8","0"
"18131749","0","1","0"
"18132030","0","7","0"
"18132195","0","34","0"
"18132592","0","26","0"
"18134116","1","0","0"
"18134786","0","16","0"
"18136124","5","23","0"
"18136292","15","75","0"
"18137586","0","9","0"
"18137649","0","2","0"
"18138156","2","7","0"
"18139542","0","3","0"
"18139953","0","4","0"
"18139991","0","0","2"
"18140409","0","7","0"
"18140625","0","15","0"
"18140760","0","49","0"
"18141109","3","58","0"
"18141221","1","0","0"
"18141260","0","1","0"
"18142006","0","12","0"
"18142084","0","16","0"
"18142721","1","1","0"
"18142851","0","4","0"
"18143487","10","9","0"
"18143677","9","4","0"
"18144086","0","4","0"
"18144510","0","2","0"
"18144822","1","0","0"
"18145404","0","1","0"
"18145581","8","14","0"
"18146287","44","26","0"
"18146371","0","0","0"
"18147022","0","0","0"
"18147649","1","0","0"
"18147761","0","2","0"
"18148227","0","1","0"
"18149099","0","3","0"
"18149857","0","17","0"
"18150641","0","1","0"
"18150664","0","3","0"
"18151086","0","14","0"
"18151398","0","0","0"
"18151665","0","0","0"
"18152001","0","17","0"
"18152210","0","17","0"
"18152454","0","2","0"
"18153274","0","4","0"
"18153277","0","17","0"
"18153348","0","1","0"
"18154499","15","12","0"
"18154640","0","6","0"
"18155054","5","2","0"
"18155672","0","8","0"
"18156375","0","6","0"
"18158095","1","16","0"
"18158216","0","0","0"
"18158304","0","3","0"
"18158837","0","17","0"
"18159130","0","10","0"
"18159786","0","3","0"
"18159867","0","0","0"
"18160055","0","7","0"
"18160084","0","19","0"
"18160178","0","0","0"
"18161003","0","4","0"
"18161475","13","22","0"
"18161877","1","14","2"
"18162964","12","20","0"
"18162974","0","7","0"
"18163454","0","6","0"
"18164056","1","9","0"
"18164076","0","5","0"
"18164415","1","0","0"
"18164421","4","20","0"
"18164845","0","1","0"
"18165173","0","1","0"
"18165318","0","0","0"
"18165343","0","3","0"
"18165817","0","14","0"
"18166707","1","0","0"
"18167322","0","9","0"
"18169316","0","0","0"
"18169953","0","0","0"
"18169991","0","1","0"
"18170608","0","1","0"
"18170810","0","0","0"
"18171042","15","15","3"
"18171271","1","27","0"
"18171329","0","14","0"
"18171332","1","22","0"
"18171521","0","3","0"
"18171669","1","3","0"
"18171703","1","3","0"
"18171752","0","6","0"
"18172103","0","7","0"
"18172115","0","5","0"
"18172381","1","43","0"
"18173142","3","8","0"
"18173471","0","17","0"
"18173772","0","0","0"
"18174425","0","0","0"
"18174700","0","2","0"
"18175300","0","0","0"
"18176048","0","29","0"
"18176857","0","1","0"
"18177720","0","0","0"
"18178239","0","5","0"
"18178640","2","7","0"
"18178999","0","0","0"
"18179967","0","25","0"
"18180120","0","1","0"
"18180291","0","2","0"
"18180504","0","32","0"
"18180630","0","3","0"
"18180644","0","7","0"
"18180735","0","3","0"
"18180754","0","2","0"
"18181119","0","3","0"
"18181128","0","0","0"
"18181155","14","4","0"
"18181243","2","12","0"
"18181790","5","17","0"
"18182422","1","12","0"
"18182699","0","6","0"
"18182775","0","0","0"
"18183112","3","5","1"
"18183749","0","0","0"
"18184495","0","1","0"
"18184792","0","30","0"
"18185259","4","5","0"
"18185413","0","19","0"
"18185470","0","0","0"
"18185753","0","37","0"
"18187259","0","3","0"
"18187688","0","4","0"
"18187699","2","10","0"
"18187791","0","6","0"
"18187974","2","9","0"
"18188391","1","112","0"
"18188673","0","0","0"
"18189088","2","23","0"
"18189451","1","3","0"
"18189489","0","0","0"
"18189862","0","0","0"
"18190002","4","9","0"
"18190238","1","1","0"
"18190852","3","6","0"
"18191019","0","1","0"
"18191906","2","6","0"
"18193037","0","11","0"
"18193128","0","3","0"
"18193445","0","0","0"
"18193599","0","2","0"
"18194209","1","4","0"
"18194594","0","12","0"
"18194683","6","5","0"
"18194898","0","9","0"
"18195045","2","11","0"
"18195201","7","20","0"
"18195556","0","20","0"
"18195787","0","11","0"
"18196170","0","12","0"
"18196465","0","10","0"
"18196470","0","6","0"
"18196652","1","8","0"
"18197081","0","8","0"
"18198250","0","23","0"
"18199545","0","8","0"
"18199845","0","44","0"
"18200784","0","4","0"
"18201304","13","17","6"
"18201892","0","12","0"
"18202354","0","2","0"
"18203130","6","2","0"
"18203710","0","1","0"
"18203742","0","4","0"
"18203752","0","15","0"
"18204071","1","16","0"
"18204817","0","1","0"
"18204888","0","3","0"
"18205684","1","7","0"
"18206446","0","2","0"
"18206974","0","7","0"
"18207271","1","13","0"
"18207666","0","0","0"
"18208164","4","11","0"
"18208438","0","0","0"
"18208953","0","2","0"
"18209408","0","0","0"
"18210022","0","13","0"
"18210204","0","10","0"
"18210365","0","5","0"
"18210480","0","70","0"
"18210819","0","5","0"
"18211609","3","5","0"
"18212440","5","20","0"
"18213578","0","5","0"
"18213704","0","29","0"
"18213708","0","0","0"
"18213952","0","1","0"
"18215416","0","70","0"
"18215691","0","0","0"
"18215735","0","15","0"
"18216361","0","1","0"
"18216736","0","1","0"
"18216997","0","0","0"
"18217028","0","2","0"
"18217151","0","26","0"
"18217314","4","37","0"
"18217435","19","17","0"
"18217440","1","9","0"
"18217648","0","1","0"
"18218099","0","18","0"
"18219258","0","1","0"
"18219625","0","5","0"
"18219665","0","6","0"
"18221459","0","2","0"
"18221476","0","18","0"
"18221520","0","7","0"
"18221551","0","11","0"
"18222419","0","3","0"
"18222546","0","0","0"
"18222560","0","5","0"
"18222755","0","1","0"
"18223556","2","11","0"
"18223566","0","1","0"
"18223876","4","5","0"
"18223946","0","10","0"
"18224604","0","0","0"
"18224693","7","27","0"
"18225452","0","0","0"
"18225587","0","4","0"
"18225653","0","3","0"
"18226710","0","3","0"
"18226798","0","4","0"
"18226818","0","2","0"
"18227062","1","36","0"
"18227335","0","21","0"
"18227549","4","6","0"
"18228017","0","15","0"
"18228210","0","22","0"
"18228263","0","11","0"
"18228447","0","0","0"
"18229254","0","9","0"
"18229361","0","3","0"
"18230038","0","1","0"
"18230154","0","1","0"
"18231299","9","8","0"
"18231350","0","19","0"
"18231876","0","3","0"
"18231973","0","13","0"
"18231984","6","3","0"
"18233160","0","38","0"
"18233221","11","4","0"
"18233595","0","1","0"
"18234431","0","1","0"
"18234758","0","18","0"
"18234964","0","0","0"
"18235030","41","27","0"
"18235066","1","1","0"
"18235635","0","5","0"
"18236283","0","9","0"
"18237126","5","62","0"
"18237151","0","9","0"
"18237983","3","8","0"
"18238120","1","5","0"
"18238538","17","10","2"
"18238922","0","2","0"
"18238945","0","1","0"
"18240433","5","7","3"
"18240568","0","5","0"
"18241066","0","2","0"
"18241184","0","8","0"
"18241250","2","3","0"
"18241377","0","3","0"
"18241665","0","1","0"
"18242351","2","4","0"
"18243581","0","0","0"
"18243773","3","4","0"
"18244351","0","9","0"
"18244529","2","3","0"
"18244537","0","2","0"
"18244576","0","6","0"
"18245153","0","1","0"
"18245194","1","1","0"
"18245229","0","2","0"
"18245444","0","9","0"
"18245969","0","0","0"
"18246171","0","10","0"
"18246635","0","2","0"
"18246669","0","1","0"
"18247288","0","6","0"
"18247317","95","90","10"
"18247507","4","5","0"
"18248076","8","57","0"
"18248455","0","11","0"
"18249395","2","0","0"
"18249541","0","2","0"
"18249598","0","1","0"
"18250923","3","11","1"
"18251210","21","84","0"
"18252984","2","14","0"
"18253653","0","8","0"
"18254133","1","0","0"
"18254154","0","7","0"
"18254158","0","5","0"
"18255690","0","1","0"
"18256370","1","11","0"
"18256987","0","8","0"
"18257801","0","7","0"
"18258744","1","2","0"
"18258789","1","10","0"
"18259220","0","1","0"
"18259638","2","52","0"
"18259689","0","1","0"
"18260966","0","1","0"
"18261014","0","0","0"
"18261438","8","4","1"
"18261495","0","1","0"
"18261729","5","20","0"
"18262004","0","2","0"
"18262380","0","8","0"
"18262575","0","0","0"
"18263739","0","1","0"
"18263761","1","1","0"
"18263961","0","27","0"
"18265440","0","10","0"
"18265479","0","1","0"
"18266636","0","0","0"
"18266788","0","2","0"
"18267042","0","0","0"
"18267362","0","3","0"
"18267828","0","5","0"
"18267832","0","7","0"
"18268137","0","2","0"
"18268649","0","4","0"
"18268763","0","17","0"
"18269066","0","1","0"
"18269766","0","1","0"
"18270164","0","12","0"
"18270248","0","0","0"
"18271396","0","6","0"
"18271859","0","1","0"
"18272040","0","0","0"
"18272314","0","2","0"
"18273129","4","21","0"
"18274223","1","0","0"
"18276367","2","25","0"
"18277479","0","7","0"
"18277480","0","5","0"
"18277552","0","2","0"
"18277567","0","0","0"
"18277865","0","1","0"
"18278062","0","4","0"
"18278289","0","0","0"
"18278632","5","4","0"
"18279120","0","8","0"
"18279795","5","59","1"
"18280576","0","5","0"
"18280625","4","58","0"
"18280632","0","8","0"
"18281466","0","1","0"
"18283023","0","47","0"
"18283445","2","1","0"
"18283743","0","9","0"
"18284087","0","13","0"
"18284282","0","4","0"
"18285304","0","3","0"
"18285375","0","1","0"
"18285911","0","2","0"
"18286399","2","28","0"
"18286518","0","5","0"
"18286749","0","7","0"
"18286834","0","13","0"
"18286914","5","4","0"
"18286961","0","8","0"
"18287518","0","0","0"
"18287569","0","9","0"
"18287651","0","4","0"
"18287939","0","1","0"
"18288062","0","6","0"
"18288115","0","1","0"
"18289298","0","0","0"
"18289364","0","0","0"
"18290052","0","9","0"
"18291382","0","3","0"
"18291782","0","0","0"
"18292321","2","1","0"
"18292391","0","44","0"
"18292502","0","7","0"
"18292805","0","8","0"
"18293066","0","1","0"
"18293113","0","10","0"
"18293915","0","1","0"
"18293976","1","1","0"
"18294154","0","0","0"
"18294863","0","3","0"
"18294904","4","5","0"
"18295397","1","6","0"
"18295985","0","0","0"
"18296953","0","0","0"
"18297147","0","2","0"
"18297879","0","3","0"
"18298044","0","1","0"
"18298464","0","5","0"
"18298515","0","124","0"
"18298771","0","1","0"
"18298810","0","10","0"
"18299044","0","4","0"
"18299735","0","2","0"
"18299742","0","2","0"
"18299750","0","4","0"
"18300635","2","8","0"
"18300745","0","2","0"
"18301333","0","0","0"
"18301789","0","18","0"
"18303005","0","2","0"
"18303253","2","0","0"
"18303386","1","0","0"
"18303615","0","0","0"
"18303844","0","0","0"
"18303977","1","1","0"
"18305797","0","1","0"
"18306645","0","2","0"
"18306788","0","15","0"
"18307259","5","4","0"
"18307489","0","2","0"
"18307736","0","25","0"
"18308393","0","34","0"
"18308751","0","0","0"
"18309210","0","0","0"
"18309336","0","0","0"
"18309814","0","6","0"
"18310003","1","0","0"
"18310568","0","5","0"
"18310814","0","0","0"
"18310881","1","2","0"
"18311577","0","4","0"
"18311672","1","1","0"
"18311683","64","46","0"
"18312494","0","25","0"
"18312559","0","30","0"
"18312766","4","1","0"
"18313131","1","0","0"
"18313518","0","23","0"
"18313588","5","7","0"
"18313963","0","1","0"
"18314179","0","67","0"
"18314847","0","3","0"
"18315357","0","2","0"
"18316497","57","34","1"
"18316694","0","21","0"
"18317161","0","6","0"
"18318003","13","5","0"
"18318011","5","15","0"
"18318071","0","6","0"
"18318238","0","58","0"
"18318912","2","28","0"
"18319511","3","2","0"
"18320250","0","1","0"
"18321252","0","10","0"
"18321477","0","3","0"
"18321854","0","2","0"
"18322031","0","2","0"
"18322745","1","0","0"
"18323261","0","35","0"
"18323484","1","22","0"
"18323564","0","10","0"
"18323659","1","3","0"
"18325243","0","10","0"
"18325366","0","7","0"
"18325795","0","2","0"
"18326020","7","13","0"
"18326398","10","56","0"
"18326526","1","1","0"
"18327122","0","5","0"
"18328219","0","13","0"
"18329815","1","1","0"
"18331543","0","0","0"
"18333276","0","16","0"
"18333574","1","14","0"
"18334668","0","9","0"
"18334945","4","23","0"
"18335192","1","1","0"
"18335553","0","11","0"
"18335584","3","5","0"
"18335934","0","17","0"
"18336654","0","3","0"
"18337391","0","23","0"
"18337675","0","0","0"
"18337814","0","7","0"
"18338107","19","7","18"
"18339086","0","3","0"
"18339291","1","7","0"
"18339674","0","0","0"
"18339779","0","0","0"
"18340423","5","6","0"
"18340507","0","1","0"
"18341350","0","2","0"
"18342648","0","4","0"
"18342854","0","4","0"
"18343292","0","1","0"
"18343885","8","1","0"
"18345490","0","14","0"
"18345721","1","0","0"
"18346272","0","0","0"
"18346506","0","36","0"
"18347432","1","3","0"
"18347601","0","1","0"
"18347837","0","1","0"
"18348760","0","4","0"
"18349142","1","7","0"
"18349156","0","10","0"
"18349185","0","34","0"
"18349222","0","0","0"
"18351244","0","27","0"
"18353788","0","3","0"
"18353829","0","8","0"
"18354539","0","9","0"
"18355496","3","11","0"
"18356681","21","13","0"
"18356893","0","1","0"
"18358427","0","1","0"
"18359159","1","6","0"
"18359481","0","25","0"
"18359635","0","27","0"
"18360265","3","23","7"
"18360321","7","0","0"
"18360367","0","1","0"
"18360521","0","3","0"
"18360551","0","3","0"
"18361869","0","3","0"
"18362389","0","3","0"
"18362710","0","17","0"
"18362842","0","3","0"
"18363147","0","17","0"
"18363844","0","0","0"
"18364563","3","7","0"
"18364807","2","34","0"
"18364911","0","4","0"
"18364950","0","17","0"
"18364994","0","16","0"
"18366097","0","3","0"
"18366295","0","0","0"
"18366671","1","14","0"
"18366890","9","8","0"
"18366972","0","34","0"
"18367006","0","0","0"
"18368385","6","12","0"
"18370086","0","2","0"
"18370867","0","2","0"
"18371004","2","9","0"
"18371235","0","4","0"
"18371282","1","6","0"
"18372131","0","20","0"
"18372301","0","2","0"
"18372589","0","19","0"
"18373142","1","6","0"
"18373353","0","1","0"
"18373414","0","7","0"
"18373464","0","10","0"
"18373487","0","5","0"
"18374554","0","20","0"
"18374576","4","5","0"
"18374649","1","2","0"
"18374898","1","14","0"
"18374903","0","1","0"
"18375093","1","21","0"
"18375560","0","16","0"
"18375624","0","9","0"
"18375672","0","17","0"
"18376769","1","4","0"
"18376854","0","2","0"
"18378043","0","4","0"
"18379192","0","0","0"
"18379213","0","6","0"
"18380162","0","22","0"
"18380493","6","1","0"
"18381717","0","1","0"
"18381792","0","17","0"
"18382743","0","5","0"
"18382931","0","5","0"
"18383672","0","11","0"
"18384148","1","4","0"
"18384775","3","13","0"
"18385064","3","11","0"
"18385580","0","13","0"
"18385965","0","13","0"
"18387924","0","2","0"
"18388488","0","0","0"
"18388760","7","20","0"
"18388896","0","31","0"
"18389026","0","0","0"
"18389606","0","3","0"
"18390717","0","5","0"
"18390926","0","14","0"
"18391173","0","36","0"
"18391983","0","9","0"
"18392571","0","0","0"
"18392797","0","5","0"
"18393222","0","3","0"
"18393224","0","7","0"
"18393500","1","0","0"
"18394056","0","3","0"
"18395956","0","1","0"
"18397681","1","0","0"
"18397791","0","7","0"
"18398237","0","5","0"
"18398332","0","0","0"
"18398512","30","3","0"
"18398703","0","9","0"
"18399073","0","0","0"
"18399373","0","2","0"
"18400457","0","1","0"
"18400727","0","10","0"
"18400778","0","11","0"
"18401475","0","1","0"
"18402085","0","18","0"
"18403260","4","8","0"
"18403393","0","0","0"
"18403743","5","5","0"
"18403999","2","12","0"
"18404557","0","4","0"
"18405141","0","1","0"
"18405577","0","0","0"
"18406310","0","0","0"
"18406594","2","14","0"
"18406890","1","10","0"
"18407844","0","0","0"
"18408870","0","0","0"
"18408939","68","11","2"
"18409637","0","2","0"
"18410568","0","0","0"
"18410773","0","0","0"
"18411353","0","14","0"
"18411631","0","0","0"
"18411863","0","19","0"
"18412305","3","12","0"
"18412769","0","4","0"
"18414111","0","0","0"
"18415226","1","0","0"
"18415633","0","2","0"
"18415955","0","5","0"
"18416001","0","12","0"
"18416264","0","5","0"
"18416403","0","1","0"
"18416677","0","4","0"
"18417726","0","15","0"
"18418208","0","1","0"
"18418625","8","27","0"
"18419414","3","24","0"
"18419601","0","13","0"
"18420035","0","13","0"
"18420669","0","38","0"
"18420694","2","6","0"
"18421308","0","2","0"
"18422455","0","2","0"
"18423170","0","1","0"
"18423808","1","10","0"
"18424425","0","2","0"
"18425567","0","3","0"
"18426118","0","3","0"
"18426258","0","25","0"
"18426288","8","5","0"
"18426546","0","1","0"
"18426816","0","15","0"
"18427557","0","10","0"
"18427893","21","11","6"
"18428162","0","16","0"
"18430277","10","26","0"
"18430882","10","24","0"
"18431016","0","0","0"
"18432135","0","5","1"
"18432631","4","1","0"
"18433459","0","4","0"
"18435788","0","2","0"
"18436869","1","9","0"
"18438516","2","4","0"
"18438802","0","7","0"
"18439266","0","10","0"
"18439584","0","3","0"
"18439613","0","3","0"
"18439816","6","26","0"
"18440149","0","3","0"
"18440338","0","12","0"
"18440788","1","19","0"
"18441288","0","4","0"
"18441431","0","21","0"
"18441572","0","17","0"
"18441633","0","9","0"
"18442186","0","42","0"
"18443060","0","4","0"
"18443177","0","2","0"
"18443266","0","0","0"
"18443480","0","6","0"
"18444070","0","5","0"
"18444783","1","9","0"
"18444965","0","0","0"
"18445912","0","1","0"
"18445974","0","9","0"
"18446878","1","5","0"
"18447016","0","7","0"
"18447176","0","3","0"
"18447954","0","3","0"
"18448007","0","2","0"
"18448848","0","2","2"
"18448971","0","0","0"
"18449528","0","30","0"
"18449543","0","1","0"
"18449617","0","5","0"
"18449859","1","9","0"
"18450691","0","24","0"
"18452486","0","16","0"
"18452705","0","1","0"
"18454534","0","1","0"
"18454578","0","10","0"
"18454989","1","29","0"
"18455931","13","8","0"
"18456285","3","2","0"
"18456323","0","5","0"
"18456370","9","1","0"
"18456372","0","27","0"
"18456452","0","2","0"
"18457388","5","10","0"
"18457492","0","7","0"
"18457618","0","17","0"
"18458455","0","1","0"
"18458946","0","27","0"
"18459148","1","0","0"
"18459415","0","10","0"
"18459769","1","4","0"
"18461245","0","10","0"
"18461575","0","15","0"
"18461647","0","28","0"
"18462118","14","5","0"
"18462876","0","2","0"
"18462932","0","3","0"
"18463920","0","15","0"
"18463945","1","0","0"
"18464287","3","7","0"
"18464679","0","9","0"
"18464790","0","1","0"
"18465358","13","23","0"
"18465761","0","15","0"
"18465962","0","1","0"
"18466392","1","1","0"
"18466656","0","8","0"
"18466936","0","30","0"
"18467121","0","6","0"
"18467344","0","25","0"
"18467494","6","16","0"
"18467520","0","11","0"
"18467845","0","1","0"
"18467876","0","2","0"
"18468350","0","16","0"
"18470524","0","0","0"
"18470707","0","0","0"
"18471078","0","41","0"
"18471328","0","4","0"
"18472442","6","19","0"
"18472980","0","93","0"
"18473077","0","0","0"
"18473320","2","11","0"
"18473737","0","13","0"
"18474843","0","4","1"
"18475214","0","1","0"
"18475351","0","0","0"
"18475990","0","28","0"
"18477992","0","10","0"
"18478131","0","0","0"
"18478165","3","1","0"
"18478168","0","2","0"
"18478589","4","10","0"
"18478617","0","4","0"
"18478673","0","6","0"
"18479129","0","0","0"
"18482459","10","36","0"
"18482760","1","17","0"
"18483033","0","13","0"
"18483488","0","1","0"
"18484551","0","9","0"
"18485946","0","8","0"
"18486012","0","1","0"
"18486067","5","6","0"
"18486257","0","0","0"
"18486711","1","0","0"
"18487040","0","3","0"
"18487262","0","31","0"
"18487340","1","0","0"
"18488483","0","80","0"
"18489845","0","26","0"
"18491457","0","4","0"
"18492679","0","1","0"
"18493033","10","10","0"
"18493171","3","28","0"
"18493968","0","18","0"
"18494157","0","4","0"
"18494333","5","13","0"
"18494366","0","13","0"
"18494837","0","1","0"
"18494866","0","55","0"
"18495127","0","10","0"
"18495180","0","12","0"
"18497177","1","13","0"
"18497354","1","16","0"
"18498182","0","3","0"
"18498344","3","24","0"
"18499658","0","1","0"
"18500170","0","1","0"
"18500805","0","3","0"
"18500877","3","27","0"
"18500939","0","5","0"
"18500998","0","0","0"
"18501762","1","26","0"
"18502512","9","5","0"
"18503018","2","12","0"
"18504189","1","11","0"
"18504339","1","7","0"
"18504344","0","33","0"
"18504506","0","1","0"
"18505118","0","7","0"
"18505307","0","0","0"
"18505615","0","8","0"
"18505766","2","7","1"
"18506174","9","6","0"
"18506358","0","0","0"
"18506922","1","52","0"
"18507303","0","5","0"
"18507903","0","26","0"
"18508022","0","0","0"
"18508594","2","1","0"
"18509968","0","1","0"
"18511518","0","4","0"
"18511969","0","5","0"
"18512396","0","30","0"
"18513089","8","11","0"
"18514044","0","3","0"
"18514407","0","24","0"
"18515189","0","12","0"
"18515495","0","18","0"
"18516526","0","7","0"
"18516849","1","14","0"
"18517076","1","8","0"
"18517737","0","0","0"
"18518423","0","7","0"
"18519143","0","1","0"
"18519656","0","2","0"
"18520267","4","8","7"
"18520285","0","0","0"
"18521042","0","0","0"
"18521280","0","20","0"
"18521685","1","6","0"
"18521918","0","56","0"
"18522215","0","0","0"
"18522241","0","2","0"
"18522566","0","0","0"
"18522747","4","4","0"
"18522830","0","1","0"
"18523016","7","10","0"
"18523806","1","9","0"
"18523972","2","49","0"
"18525424","2","19","0"
"18525506","0","3","0"
"18526699","0","0","0"
"18526920","0","1","0"
"18527136","0","0","0"
"18527205","0","4","0"
"18527418","0","21","0"
"18529806","0","5","0"
"18530022","0","1","0"
"18530075","0","17","0"
"18530822","0","1","0"
"18530879","8","25","0"
"18531178","0","2","0"
"18531972","0","2","0"
"18532813","0","2","0"
"18533222","1","12","0"
"18533375","0","4","0"
"18534903","0","8","0"
"18537585","0","5","0"
"18538013","0","1","0"
"18538769","0","12","0"
"18539971","0","2","0"
"18540381","2","65","0"
"18540474","0","7","0"
"18540662","1","3","0"
"18540738","0","8","0"
"18540919","0","0","0"
"18541426","0","0","0"
"18542740","2","10","2"
"18543009","0","2","0"
"18545946","2","1","0"
"18546364","1","8","0"
"18547277","0","2","0"
"18547529","0","1","0"
"18547566","0","6","0"
"18547633","1","2","0"
"18550768","0","0","0"
"18551203","0","0","0"
"18551776","0","4","0"
"18551815","0","0","0"
"18551934","1","3","0"
"18553273","0","17","0"
"18553330","2","10","0"
"18553882","1","3","0"
"18554291","6","2","1"
"18554333","0","8","0"
"18556483","0","18","0"
"18557445","0","1","0"
"18558235","9","44","0"
"18558474","0","7","0"
"18558532","0","1","0"
"18559175","0","0","0"
"18559525","0","2","0"
"18561714","0","61","0"
"18562467","0","17","0"
"18562616","0","0","0"
"18562668","11","18","0"
"18562728","0","7","0"
"18562839","0","12","0"
"18564163","0","4","0"
"18564949","0","0","0"
"18565838","0","12","0"
"18566488","2","4","0"
"18566783","0","8","0"
"18566901","0","25","0"
"18567049","0","3","0"
"18567711","7","3","0"
"18568045","0","24","0"
"18568075","0","0","0"
"18568535","6","7","7"
"18568624","2","5","0"
"18568887","0","1","0"
"18569103","0","7","0"
"18569854","0","3","0"
"18570007","1","15","0"
"18571301","0","0","0"
"18571385","2","0","0"
"18571602","1","6","0"
"18571989","0","1","0"
"18573662","3","89","0"
"18574568","13","58","0"
"18574645","0","0","0"
"18575869","23","4","0"
"18576304","6","1","0"
"18576371","0","16","0"
"18576556","12","25","0"
"18576597","0","1","0"
"18577453","11","6","0"
"18577491","0","1","0"
"18577520","0","3","0"
"18577747","17","4","1"
"18578004","1","4","0"
"18578694","0","5","0"
"18579556","2","3","0"
"18579772","0","1","0"
"18579937","0","27","0"
"18581554","0","18","0"
"18581818","1","24","0"
"18582073","0","6","0"
"18582516","0","1","0"
"18583944","0","2","0"
"18584468","0","11","0"
"18584501","7","37","1"
"18585122","3","0","0"
"18585332","1","45","0"
"18587531","6","18","0"
"18587779","2","4","1"
"18588172","0","2","0"
"18589093","0","1","0"
"18590218","0","19","3"
"18590896","0","19","0"
"18591002","14","7","5"
"18591638","0","0","0"
"18592996","1","17","0"
"18593865","0","1","0"
"18594419","0","6","0"
"18594485","0","0","0"
"18596055","0","0","0"
"18597013","4","4","0"
"18597245","1","6","6"
"18597569","0","1","0"
"18597810","0","1","0"
"18597819","0","18","0"
"18598213","4","25","0"
"18598222","0","5","0"
"18598766","0","12","0"
"18599892","0","1","0"
"18600126","0","2","0"
"18600540","0","4","0"
"18600833","7","44","0"
"18601620","0","30","0"
"18601912","1","10","0"
"18603292","0","0","0"
"18604348","0","3","0"
"18604520","0","5","0"
"18604532","0","9","0"
"18605311","0","0","0"
"18605835","0","18","0"
"18606491","0","2","0"
"18607168","0","3","0"
"18607237","0","22","0"
"18607452","0","2","0"
"18607492","0","0","0"
"18607681","0","7","0"
"18608184","0","4","0"
"18608429","14","26","0"
"18608766","0","8","0"
"18608851","22","64","0"
"18608869","0","3","0"
"18609631","0","9","0"
"18609709","0","12","0"
"18610162","0","5","0"
"18610510","0","6","0"
"18611219","0","4","0"
"18611316","0","3","0"
"18611968","1","19","0"
"18612097","0","1","0"
"18614867","0","4","0"
"18617173","0","4","0"
"18618314","0","1","0"
"18618357","0","7","0"
"18618577","7","23","0"
"18618838","0","6","0"
"18620048","0","13","0"
"18620455","0","0","0"
"18620559","3","17","0"
"18621046","2","0","0"
"18621523","1","0","0"
"18621903","1","15","0"
"18622370","2","2","0"
"18622515","0","5","0"
"18623026","0","1","0"
"18623283","2","0","0"
"18623466","0","9","0"
"18623516","2","10","0"
"18623576","0","4","0"
"18624163","0","18","0"
"18624880","0","10","0"
"18624908","0","4","0"
"18625175","0","10","0"
"18625386","0","29","0"
"18625710","3","1","0"
"18626208","0","0","0"
"18628065","0","0","0"
"18629192","0","0","0"
"18629721","0","3","0"
"18629824","0","14","0"
"18629857","0","2","0"
"18630241","0","0","0"
"18630482","0","2","0"
"18630590","3","0","0"
"18631280","0","30","0"
"18631966","0","4","0"
"18632251","0","3","0"
"18632478","9","11","0"
"18632745","0","0","0"
"18633469","0","0","0"
"18634266","0","19","0"
"18634775","2","5","0"
"18636175","0","7","0"
"18637015","0","1","0"
"18637382","0","2","0"
"18638118","0","14","0"
"18639817","3","2","0"
"18640432","0","0","0"
"18641727","0","0","0"
"18641937","0","305","0"
"18642026","0","1","0"
"18642316","0","25","0"
"18644076","9","30","0"
"18644626","0","15","0"
"18644913","0","0","0"
"18644939","0","8","0"
"18645553","0","2","0"
"18645885","0","7","0"
"18646319","0","14","0"
"18646675","0","0","0"
"18647144","0","2","0"
"18648400","22","29","1"
"18649607","15","8","0"
"18649839","0","0","0"
"18650236","0","10","0"
"18650321","0","0","0"
"18650474","9","30","0"
"18651076","1","6","0"
"18653164","0","1","0"
"18654189","0","1","0"
"18654817","0","6","0"
"18655992","5","1","0"
"18657175","0","9","0"
"18657502","0","6","0"
"18657988","0","4","0"
"18658435","0","11","0"
"18661382","0","4","0"
"18661838","1","18","0"
"18661952","0","15","0"
"18663517","0","0","0"
"18664620","0","4","0"
"18665138","0","12","0"
"18665782","2","24","0"
"18666199","0","2","0"
"18668328","0","31","0"
"18668728","0","2","0"
"18669410","0","1","0"
"18671312","0","0","0"
"18672341","0","1","0"
"18673187","0","1","0"
"18673434","0","16","0"
"18674968","0","121","0"
"18676264","0","3","0"
"18676995","3","5","0"
"18677434","0","0","0"
"18677995","0","7","0"
"18678158","0","2","0"
"18680505","0","8","0"
"18683051","0","3","0"
"18685251","2","5","0"
"18685959","0","0","0"
"18685985","0","4","0"
"18686041","0","3","0"
"18686384","0","0","0"
"18687455","0","2","0"
"18688916","0","2","0"
"18689392","0","0","0"
"18690536","0","12","0"
"18690553","0","0","0"
"18691011","0","7","0"
"18692981","0","0","0"
"18693152","0","3","0"
"18693223","1","16","0"
"18693690","0","1","0"
"18694180","0","3","0"
"18694889","0","0","0"
"18695967","0","2","0"
"18696905","0","6","0"
"18698325","0","17","0"
"18698589","0","3","0"
"18698837","7","31","0"
"18699558","0","14","0"
"18699741","17","60","0"
"18699781","0","2","0"
"18700100","2","3","0"
"18700236","0","0","0"
"18700916","2","10","0"
"18700992","2","4","0"
"18701654","2","23","0"
"18704324","6","8","0"
"18704403","0","21","0"
"18704753","0","8","0"
"18704880","0","3","0"
"18706075","0","10","0"
"18706412","10","56","0"
"18707490","1","5","0"
"18708271","2","3","0"
"18708447","0","8","0"
"18709498","4","19","0"
"18710014","5","25","0"
"18710872","3","3","0"
"18711482","0","1","0"
"18711725","0","0","0"
"18712938","0","0","0"
"18713499","0","2","0"
"18714672","0","5","0"
"18715249","5","2","0"
"18715290","0","1","0"
"18716198","0","1","0"
"18716452","0","3","0"
"18717057","0","2","0"
"18718142","0","7","0"
"18718251","2","103","0"
"18719075","0","3","0"
"18720568","2","4","0"
"18722853","0","3","0"
"18723649","0","20","0"
"18723969","0","3","0"
"18724350","0","3","0"
"18724786","3","12","0"
"18724999","0","5","0"
"18725253","0","4","0"
"18725280","0","31","0"
"18726329","0","1","0"
"18726537","0","0","0"
"18727527","0","0","0"
"18727675","0","0","0"
"18728416","0","16","0"
"18729271","1","1","0"
"18729411","0","3","0"
"18730456","0","1","0"
"18733639","0","0","0"
"18734363","0","8","0"
"18735113","1","5","0"
"18735247","4","2","0"
"18735969","0","3","0"
"18736359","2","1","0"
"18736802","0","2","0"
"18737249","3","18","0"
"18737438","2","0","0"
"18737616","0","9","0"
"18738457","0","1","0"
"18738468","2","70","0"
"18739216","0","0","0"
"18739255","0","6","0"
"18740205","0","6","0"
"18740501","0","2","0"
"18740627","6","5","0"
"18741410","0","7","0"
"18741422","0","0","0"
"18742081","0","0","0"
"18742430","0","8","0"
"18743013","2","0","0"
"18743571","0","0","0"
"18744198","5","7","0"
"18744623","1","16","0"
"18745148","0","4","0"
"18746880","0","0","0"
"18747301","1","15","0"
"18747371","11","9","0"
"18747557","0","0","0"
"18748312","0","21","0"
"18749514","0","14","0"
"18749556","0","9","0"
"18749981","0","1","0"
"18751272","2","12","0"
"18751939","0","6","0"
"18752453","3","3","0"
"18753000","0","0","0"
"18753408","0","1","0"
"18754453","0","0","0"
"18754816","4","14","0"
"18755085","0","0","0"
"18756775","3","0","0"
"18757469","2","4","0"
"18758000","0","6","0"
"18758361","0","1","0"
"18758797","0","24","0"
"18760650","0","2","0"
"18760764","0","1","0"
"18761633","0","1","0"
"18761971","2","0","0"
"18762096","0","0","0"
"18762612","0","9","0"
"18762628","0","27","0"
"18762996","5","15","0"
"18763174","0","0","0"
"18763508","0","2","0"
"18764218","0","12","0"
"18764285","0","1","0"
"18765564","0","18","0"
"18765627","0","7","0"
"18769596","3","12","0"
"18770190","0","0","0"
"18770541","1","2","0"
"18770645","0","9","0"
"18771660","6","3","0"
"18772006","6","0","0"
"18772141","0","2","0"
"18772705","0","14","0"
"18773499","0","0","0"
"18773878","0","2","0"
"18774539","0","17","0"
"18775070","0","9","0"
"18775901","0","3","0"
"18776053","0","0","0"
"18776158","0","16","0"
"18778238","0","12","0"
"18779031","0","0","0"
"18779311","3","0","0"
"18780520","0","21","0"
"18781269","0","13","0"
"18781337","0","2","0"
"18781392","13","8","0"
"18782224","1","0","0"
"18782710","0","9","0"
"18783204","3","4","0"
"18783523","0","11","0"
"18784158","1","2","0"
"18784419","0","6","0"
"18784484","1","33","0"
"18784962","0","12","0"
"18785886","3","2","0"
"18786160","1","5","0"
"18786445","0","1","0"
"18786679","0","1","0"
"18786998","1","2","0"
"18788602","1","2","0"
"18788632","0","15","0"
"18788893","0","1","0"
"18789126","0","0","0"
"18790524","1","0","0"
"18791044","0","5","0"
"18792668","0","3","0"
"18793777","0","29","0"
"18794537","1","26","0"
"18794566","0","0","0"
"18794680","3","6","0"
"18795480","6","41","0"
"18795655","1","3","0"
"18795664","1","11","0"
"18796377","0","1","0"
"18797689","0","6","0"
"18802077","0","5","0"
"18802544","0","0","0"
"18802880","0","4","0"
"18803067","0","5","0"
"18804078","1","6","0"
"18805120","0","10","0"
"18805171","0","32","0"
"18805373","5","10","0"
"18805831","0","0","0"
"18805841","0","1","0"
"18806562","0","2","0"
"18806829","7","6","0"
"18807763","0","0","0"
"18808859","0","0","0"
"18809515","0","46","0"
"18809717","0","0","0"
"18810052","0","1","0"
"18811658","6","27","0"
"18811868","0","3","0"
"18811917","0","22","0"
"18812548","0","3","0"
"18813094","3","0","13"
"18813527","0","5","0"
"18813719","0","0","0"
"18814200","0","6","0"
"18814322","0","19","0"
"18814380","0","0","0"
"18814386","1","3","0"
"18815202","1","10","0"
"18815893","0","3","0"
"18816352","3","3","0"
"18816434","12","37","0"
"18820280","0","1","0"
"18820662","0","15","0"
"18821127","1","19","0"
"18821827","0","3","0"
"18823274","0","0","0"
"18825032","1","19","0"
"18826075","0","14","0"
"18827509","0","12","0"
"18830059","0","10","0"
"18830755","0","1","0"
"18832663","0","3","0"
"18834849","1","2","0"
"18836892","0","7","0"
"18836968","0","1","0"
"18837431","0","0","0"
"18838684","0","1","0"
"18838842","1","3","0"
"18840766","12","26","0"
"18840965","0","18","0"
"18842544","0","3","0"
"18844713","0","36","0"
"18845050","0","5","0"
"18846191","0","10","0"
"18846474","5","4","0"
"18846798","0","1","0"
"18846933","0","0","0"
"18850311","1","7","0"
"18850425","0","3","0"
"18850835","0","24","0"
"18851202","0","12","0"
"18852301","1","4","0"
"18855288","0","1","0"
"18856613","0","19","0"
"18860752","0","4","0"
"18862022","0","3","0"
"18862100","0","15","0"
"18862361","0","43","0"
"18863165","0","4","0"
"18864044","6","0","0"
"18864389","18","14","0"
"18864864","0","9","0"
"18865058","0","9","0"
"18865220","4","3","0"
"18865420","0","20","0"
"18866890","0","0","0"
"18866979","0","1","0"
"18867363","0","3","0"
"18868020","0","4","0"
"18869942","0","8","0"
"18872613","0","4","0"
"18873721","0","3","0"
"18874064","1","0","0"
"18874268","1","3","0"
"18874896","0","45","0"
"18875083","0","5","0"
"18875698","0","5","0"
"18875812","0","2","0"
"18876759","8","7","0"
"18877734","0","19","0"
"18877819","0","3","0"
"18879354","0","6","0"
"18879529","9","0","0"
"18880109","0","3","0"
"18880581","0","1","0"
"18880981","1","10","0"
"18881714","0","0","0"
"18882084","0","2","0"
"18882992","0","28","0"
"18883263","0","9","0"
"18883650","0","0","0"
"18883774","0","0","0"
"18884489","0","14","0"
"18884610","6","6","0"
"18884906","0","22","0"
"18885664","0","4","0"
"18886657","0","5","0"
"18886788","0","1","0"
"18889112","0","2","0"
"18889666","0","2","0"
"18892295","4","12","0"
"18892664","0","2","0"
"18893232","0","40","0"
"18893404","0","19","0"
"18895342","10","24","0"
"18895813","0","0","0"
"18895854","0","5","0"
"18895946","1","4","0"
"18896353","1","15","0"
"18897290","0","7","0"
"18897690","0","16","0"
"18897822","0","13","0"
"18898617","0","10","0"
"18899626","0","1","0"
"18900843","0","2","0"
"18902234","1","4","0"
"18902563","15","6","0"
"18902848","0","1","0"
"18904392","1","2","0"
"18905024","0","10","0"
"18905807","2","4","0"
"18906612","54","129","0"
"18907407","0","7","0"
"18909135","0","9","0"
"18909947","0","4","0"
"18909997","0","3","0"
"18913188","0","20","0"
"18915682","0","0","0"
"18915975","0","16","0"
"18916973","0","46","0"
"18917022","0","2","0"
"18918235","0","2","0"
"18918953","0","0","0"
"18919446","0","0","0"
"18920194","0","12","0"
"18920297","0","3","0"
"18920490","2","14","0"
"18920948","34","5","12"
"18921557","9","32","0"
"18922187","0","3","0"
"18923833","0","2","0"
"18925629","0","6","0"
"18927125","1","67","0"
"18931013","6","11","0"
"18931874","0","5","0"
"18932743","2","6","0"
"18933864","0","2","0"
"18934671","0","2","0"
"18936178","1","3","0"
"18936800","0","19","0"
"18937062","0","41","0"
"18937595","0","9","0"
"18938501","5","4","0"
"18938661","0","14","0"
"18938819","0","3","0"
"18939647","0","0","0"
"18940175","0","15","0"
"18940372","0","3","0"
"18942308","0","24","0"
"18942405","0","1","0"
"18943813","1","3","0"
"18944758","3","8","0"
"18945400","0","11","0"
"18946279","0","5","0"
"18946901","0","0","0"
"18947078","0","24","0"
"18949438","3","22","0"
"18950114","0","3","0"
"18950250","0","0","0"
"18950754","2","21","0"
"18951345","0","1","0"
"18951590","0","39","0"
"18952432","0","0","0"
"18952547","0","3","0"
"18952662","0","0","0"
"18953419","0","3","0"
"18955226","3","15","0"
"18956438","2","15","0"
"18956890","0","40","0"
"18958207","0","0","0"
"18958752","0","228","0"
"18959066","0","2","0"
"18959859","10","3","0"
"18961210","0","5","0"
"18962213","0","0","0"
"18962487","0","11","0"
"18962551","0","26","0"
"18963328","0","2","0"
"18963652","0","1","0"
"18965699","0","1","0"
"18966189","1","33","0"
"18966287","5","6","0"
"18966520","0","3","0"
"18967145","0","2","0"
"18967939","0","6","0"
"18969360","0","5","0"
"18969715","0","0","0"
"18972072","7","4","0"
"18972481","0","1","0"
"18972788","0","2","0"
"18972846","0","173","0"
"18973111","0","1","0"
"18973205","0","3","0"
"18974108","2","0","0"
"18975067","0","19","0"
"18976640","0","1","0"
"18977051","0","0","0"
"18977455","0","7","0"
"18977483","0","4","0"
"18978057","0","11","0"
"18978117","0","0","0"
"18978313","2","1","0"
"18978601","0","5","0"
"18979831","0","17","0"
"18980725","0","5","0"
"18982073","0","1","0"
"18985812","0","5","0"
"18985864","1","3","0"
"18986442","0","3","0"
"18987410","4","3","0"
"18987572","11","17","0"
"18989637","0","14","0"
"18989926","0","2","0"
"18990321","2","9","2"
"18990544","5","43","0"
"18991903","32","57","2"
"18992689","0","3","0"
"18994329","2","6","0"
"18995569","0","22","0"
"18996721","0","19","0"
"18997048","0","1","0"
"18997482","11","19","0"
"18998510","0","4","0"
"18999683","0","0","0"
"19000143","0","13","0"
"19000189","0","0","0"
"19000358","0","2","0"
"19001258","5","17","0"
"19001479","0","0","0"
"19002974","0","76","0"
"19003459","0","15","0"
"19003757","1","3","0"
"19003861","19","64","0"
"19003871","4","7","2"
"19004120","0","0","0"
"19004884","0","2","0"
"19005214","0","1","0"
"19007562","0","1","0"
"19008294","1","10","0"
"19008623","1","5","0"
"19008817","0","1","0"
"19009169","2","4","0"
"19009380","0","13","0"
"19009577","2","16","0"
"19010017","0","0","0"
"19010295","0","4","0"
"19011338","4","15","0"
"19012343","0","4","0"
"19013228","2","4","0"
"19013332","0","1","0"
"19013436","0","0","0"
"19014404","0","28","0"
"19015333","0","3","0"
"19015424","0","11","0"
"19016095","3","0","1"
"19017948","0","244","0"
"19018876","1","1","0"
"19019047","0","0","0"
"19019821","4","2","0"
"19020089","2","11","0"
"19020549","0","4","0"
"19020980","7","19","0"
"19021177","0","26","0"
"19021281","0","5","0"
"19021757","43","12","1"
"19022239","0","2","0"
"19022586","0","1","0"
"19023408","0","0","0"
"19023468","0","27","0"
"19023515","0","0","0"
"19023610","1","2","0"
"19024142","0","2","0"
"19024203","0","0","0"
"19024489","0","15","0"
"19024531","2","16","0"
"19025166","8","13","0"
"19025191","0","14","0"
"19025372","0","4","0"
"19025436","0","3","0"
"19025854","0","24","0"
"19027292","0","0","0"
"19028100","18","6","0"
"19030224","4","0","0"
"19030462","8","24","0"
"19031936","0","0","0"
"19031977","0","0","0"
"19032274","3","5","0"
"19032431","0","0","0"
"19032511","2","3","0"
"19032622","0","2","0"
"19032667","0","8","0"
"19034638","0","4","0"
"19034672","0","7","0"
"19036320","5","7","0"
"19037213","77","3","0"
"19037426","0","14","0"
"19037767","0","14","0"
"19039483","5","6","0"
"19039678","0","0","0"
"19039853","1","0","0"
"19040512","0","31","0"
"19040571","0","2","0"
"19040741","4","33","0"
"19041294","0","23","0"
"19041674","0","5","0"
"19042045","0","12","0"
"19042314","0","7","0"
"19042892","0","4","0"
"19043015","68","17","8"
"19043850","1","1","0"
"19044212","3","1","0"
"19044435","0","11","0"
"19045640","0","1","0"
"19045723","0","12","0"
"19045771","0","8","0"
"19046209","0","0","0"
"19046541","0","0","0"
"19047042","0","1","0"
"19048941","10","32","0"
"19049412","0","0","0"
"19050169","0","18","0"
"19050373","0","3","0"
"19050675","0","0","0"
"19051393","0","9","0"
"19051601","4","3","0"
"19051627","0","0","0"
"19052469","0","8","0"
"19053259","0","9","0"
"19053429","0","1","0"
"19053778","9","24","0"
"19053788","13","24","0"
"19054129","0","2","0"
"19054709","0","3","0"
"19055225","0","12","0"
"19056719","0","1","0"
"19058210","0","7","0"
"19059099","0","14","0"
"19059583","0","0","0"
"19060168","0","1","0"
"19060245","0","20","0"
"19060474","0","2","0"
"19061258","0","29","1"
"19063680","3","4","0"
"19063904","0","6","0"
"19064160","0","129","0"
"19064311","0","7","0"
"19064880","0","2","0"
"19065577","9","20","0"
"19066023","1","9","0"
"19067174","0","9","0"
"19068624","0","1","0"
"19069015","0","0","0"
"19069037","0","0","0"
"19069159","0","31","0"
"19069787","0","19","0"
"19070774","0","5","0"
"19070801","2","39","1"
"19070918","0","8","0"
"19071114","0","0","0"
"19072482","0","4","0"
"19072833","0","2","0"
"19075136","0","6","0"
"19075405","0","7","0"
"19075486","0","1","0"
"19075688","0","0","0"
"19075858","3","0","0"
"19077683","0","5","0"
"19077766","6","1","0"
"19077908","0","14","0"
"19078334","0","4","0"
"19079006","0","2","0"
"19079173","1","0","0"
"19079252","0","61","0"
"19079768","0","1","0"
"19082457","0","11","0"
"19082655","0","3","0"
"19084192","2","6","0"
"19084343","0","1","0"
"19084389","0","4","0"
"19087368","0","1","0"
"19087418","0","1","0"
"19087618","0","7","1"
"19090253","0","2","0"
"19090344","0","3","0"
"19090379","0","0","0"
"19090588","0","5","0"
"19091209","0","1","0"
"19091260","0","3","0"
"19091346","0","12","0"
"19091801","0","3","0"
"19092939","0","1","0"
"19093758","0","7","0"
"19094331","0","10","0"
"19096486","0","3","0"
"19096569","1","0","0"
"19096782","0","0","0"
"19097140","0","0","0"
"19097289","0","0","0"
"19097292","3","17","0"
"19098243","0","6","0"
"19099627","3","2","0"
"19100566","0","5","0"
"19100950","0","2","0"
"19101225","0","10","0"
"19101368","2","29","0"
"19101835","0","11","0"
"19102038","3","2","0"
"19102910","0","11","0"
"19103115","5","1","0"
"19103528","0","0","0"
"19103570","7","5","0"
"19103633","14","3","0"
"19103675","0","18","0"
"19103809","0","3","0"
"19103974","5","9","0"
"19104187","0","3","0"
"19104772","25","1","1"
"19105716","2","50","0"
"19106406","0","8","0"
"19106588","0","4","0"
"19106782","0","12","0"
"19106964","0","2","0"
"19107084","37","0","0"
"19107625","0","20","0"
"19108308","1","62","0"
"19109298","0","3","0"
"19109416","0","4","0"
"19109553","0","5","0"
"19109663","0","2","0"
"19109685","0","23","0"
"19110028","0","0","0"
"19110863","0","11","0"
"19111234","0","21","0"
"19111581","0","11","0"
"19112154","0","4","0"
"19112855","66","14","3"
"19113328","0","7","0"
"19114163","0","1","0"
"19114890","0","0","0"
"19114956","0","6","0"
"19114964","0","6","0"
"19115206","3","21","0"
"19115786","0","11","0"
"19115931","12","13","0"
"19116183","1","4","0"
"19116804","0","2","0"
"19116877","0","7","0"
"19116898","0","1","0"
"19117106","0","13","0"
"19117399","0","7","0"
"19117488","0","1","0"
"19117690","0","8","0"
"19117906","0","0","0"
"19117955","0","3","0"
"19118102","0","36","0"
"19118189","0","2","0"
"19118257","1","10","0"
"19118295","1","3","0"
"19119158","2","8","0"
"19119227","1","2","0"
"19119482","0","2","0"
"19119598","0","0","0"
"19119805","0","2","0"
"19120055","2","2","0"
"19120449","0","20","0"
"19120729","0","19","0"
"19120939","0","2","0"
"19121443","1","38","0"
"19121624","0","7","0"
"19121958","0","9","0"
"19122481","2","9","0"
"19123792","0","5","0"
"19124172","0","0","0"
"19124377","14","5","3"
"19125030","0","7","0"
"19125388","1","3","0"
"19125840","4","39","0"
"19126107","0","1","0"
"19126312","0","30","0"
"19126553","0","1","0"
"19128066","0","22","0"
"19128335","0","3","0"
"19128638","0","10","0"
"19128673","1","9","0"
"19128775","0","4","0"
"19128862","0","0","0"
"19129102","0","14","0"
"19129532","2","24","0"
"19129727","0","2","0"
"19129837","0","1","0"
"19130532","0","1","0"
"19130814","0","6","0"
"19131041","16","22","0"
"19132654","0","1","0"
"19132818","1","10","0"
"19132871","0","5","0"
"19133477","0","2","0"
"19134648","0","70","0"
"19134808","5","16","0"
"19134838","0","1","0"
"19135021","1","9","0"
"19135131","0","93","0"
"19135271","0","0","0"
"19135312","0","5","0"
"19135379","5","0","0"
"19135414","7","13","0"
"19135659","0","12","0"
"19136356","0","1","0"
"19136999","0","3","0"
"19137302","0","35","0"
"19137440","0","4","0"
"19139073","0","2","0"
"19139505","0","15","0"
"19142628","0","16","0"
"19142720","0","1","0"
"19143520","1","2","0"
"19144016","0","4","0"
"19144104","0","41","0"
"19144656","0","3","0"
"19145002","0","0","0"
"19145261","0","0","0"
"19145837","0","1","0"
"19146740","0","4","0"
"19147086","0","2","0"
"19147430","0","0","0"
"19147642","0","7","0"
"19147857","3","0","0"
"19147871","0","16","0"
"19148160","0","7","0"
"19148673","0","1","0"
"19150145","0","16","0"
"19150177","0","0","0"
"19150268","0","4","0"
"19151271","0","14","0"
"19152103","0","14","0"
"19152298","0","2","0"
"19153819","0","22","0"
"19154878","0","1","0"
"19155853","0","1","0"
"19156593","5","23","2"
"19156917","0","3","0"
"19156965","0","2","0"
"19157546","0","3","0"
"19158205","0","13","0"
"19158474","0","0","0"
"19159002","0","5","0"
"19159073","1","25","0"
"19159252","1","18","0"
"19159360","0","5","0"
"19159415","0","3","0"
"19160729","0","5","0"
"19160815","0","1","0"
"19160987","1","2","0"
"19161462","2","46","0"
"19162802","2","0","0"
"19163024","6","14","0"
"19163379","0","5","0"
"19163892","3","7","1"
"19163907","0","1","0"
"19164261","0","18","0"
"19164582","0","3","0"
"19164831","0","7","0"
"19165018","0","24","0"
"19166078","6","2","4"
"19166238","0","1","0"
"19167186","1","3","0"
"19167964","2","5","0"
"19168453","0","2","0"
"19168863","0","2","0"
"19169083","6","6","0"
"19169631","0","2","0"
"19170200","4","6","0"
"19170317","0","1","0"
"19171624","0","26","0"
"19172062","0","0","0"
"19172141","0","5","0"
"19172498","1","0","0"
"19172507","12","21","0"
"19172539","0","13","0"
"19173185","0","1","0"
"19173318","0","0","0"
"19173329","0","35","0"
"19173855","0","8","0"
"19173885","0","1","0"
"19174581","0","3","0"
"19174990","3","5","0"
"19175531","0","29","0"
"19176503","1","6","0"
"19177109","1","1","0"
"19177207","0","0","0"
"19178917","0","2","0"
"19179399","0","39","0"
"19179929","0","0","0"
"19181018","0","10","0"
"19181107","0","2","0"
"19181921","0","1","0"
"19182766","1","23","0"
"19183108","2","12","0"
"19183816","1","0","0"
"19185251","0","5","1"
"19186519","1","8","0"
"19186589","0","3","0"
"19186708","0","0","0"
"19186780","0","11","0"
"19187125","0","39","0"
"19187248","0","2","0"
"19187253","0","3","0"
"19187445","0","11","0"
"19187635","0","1","0"
"19189125","0","11","0"
"19189787","0","1","0"
"19190301","5","47","0"
"19190349","0","7","0"
"19191800","1","5","8"
"19191808","3","18","0"
"19191819","0","15","0"
"19191829","6","20","0"
"19192101","0","43","0"
"19192256","0","0","0"
"19192273","0","2","0"
"19192296","1","3","0"
"19192533","0","2","0"
"19192614","13","36","0"
"19192670","0","9","0"
"19192899","0","2","0"
"19193293","1","25","0"
"19193624","0","9","0"
"19193636","0","8","0"
"19193856","0","11","0"
"19194563","2","8","0"
"19195076","3","3","0"
"19195226","0","9","0"
"19195289","0","8","0"
"19195895","0","0","0"
"19196064","0","1","0"
"19197717","0","0","0"
"19198326","0","18","0"
"19198363","0","4","0"
"19198812","0","0","0"
"19198860","19","29","0"
"19199059","2","3","0"
"19199222","0","11","0"
"19199231","0","2","0"
"19199423","3","18","0"
"19199827","0","1","0"
"19199831","0","1","0"
"19200232","0","4","0"
"19200445","0","24","0"
"19200495","0","5","0"
"19200554","0","35","0"
"19201370","0","3","0"
"19202105","0","1","0"
"19202125","0","0","0"
"19202959","0","16","0"
"19203149","3","42","0"
"19203618","5","4","0"
"19204129","0","12","0"
"19204577","0","19","0"
"19204854","0","1","0"
"19205249","0","3","0"
"19206053","0","4","0"
"19206105","0","2","0"
"19206274","0","0","0"
"19207212","9","5","0"
"19207474","0","0","0"
"19207621","0","12","0"
"19208136","0","45","0"
"19208272","0","0","0"
"19208500","0","12","0"
"19209498","0","3","0"
"19209687","0","2","0"
"19209743","0","5","0"
"19210144","0","2","0"
"19210262","31","39","1"
"19211604","0","5","0"
"19212248","0","7","0"
"19213695","0","2","0"
"19214091","0","5","0"
"19214190","1","27","0"
"19214409","0","1","0"
"19214655","0","4","0"
"19214823","0","2","0"
"19214981","1","9","0"
"19215224","1","7","2"
"19215298","0","10","0"
"19217368","0","9","0"
"19218043","8","3","3"
"19218824","1","16","0"
"19219119","0","11","0"
"19219247","0","4","0"
"19220331","0","8","0"
"19220341","0","7","0"
"19220606","0","26","0"
"19220777","1","2","0"
"19220969","0","23","0"
"19221070","5","12","0"
"19221186","8","38","0"
"19221326","0","0","0"
"19221753","0","0","0"
"19222466","0","1","0"
"19222565","0","0","0"
"19222764","0","10","0"
"19225737","5","10","1"
"19226724","0","15","0"
"19226934","4","12","0"
"19227320","0","1","0"
"19227362","0","12","0"
"19228134","0","2","0"
"19229048","3","0","0"
"19229467","5","9","0"
"19229614","0","1","0"
"19229766","0","1","0"
"19230092","1","13","0"
"19230225","0","1","0"
"19230623","1","7","0"
"19231426","0","4","0"
"19232025","0","3","0"
"19232392","0","0","0"
"19233044","3","25","0"
"19234431","0","0","0"
"19234686","6","16","0"
"19235731","0","1","0"
"19236687","0","2","0"
"19237129","1","1","0"
"19237377","0","6","0"
"19238209","16","2","0"
"19238352","0","2","0"
"19238601","0","19","0"
"19238643","0","7","0"
"19239198","0","1","0"
"19239331","0","3","0"
"19239543","1","4","0"
"19241285","0","6","0"
"19241538","0","5","0"
"19242681","0","9","0"
"19243588","0","22","0"
"19244184","0","1","0"
"19244438","0","0","0"
"19245082","0","2","0"
"19245127","0","0","0"
"19245388","0","16","0"
"19247431","0","0","0"
"19247838","7","2","0"
"19248024","0","1","0"
"19248194","0","2","0"
"19248201","2","6","0"
"19248812","0","1","0"
"19249238","1","2","0"
"19249371","0","0","0"
"19249686","0","5","0"
"19249695","6","5","1"
"19249733","0","0","0"
"19252299","0","3","0"
"19253406","4","26","0"
"19253836","1","7","0"
"19254101","0","0","0"
"19254743","0","1","0"
"19255938","1","5","0"
"19257035","10","22","0"
"19257474","0","3","0"
"19259155","5","7","0"
"19259519","3","0","0"
"19259550","0","0","0"
"19259912","0","2","0"
"19260038","0","4","0"
"19261069","0","11","0"
"19261416","0","1","0"
"19262136","0","3","0"
"19262395","0","41","0"
"19262615","0","0","0"
"19263164","0","12","0"
"19263207","0","11","0"
"19264333","0","2","0"
"19264346","0","8","0"
"19264629","0","3","0"
"19264895","0","34","0"
"19265404","0","1","0"
"19265992","0","6","0"
"19266041","0","8","0"
"19266935","0","0","0"
"19266987","0","4","0"
"19267262","1","18","3"
"19267849","0","3","0"
"19268148","0","2","0"
"19269043","0","5","0"
"19269459","0","8","0"
"19269506","2","1","0"
"19270727","3","8","0"
"19270976","2","3","2"
"19271220","3","5","0"
"19271916","5","6","0"
"19272564","0","4","0"
"19273724","0","0","0"
"19274851","2","7","0"
"19275262","2","12","0"
"19275286","0","0","0"
"19275334","3","8","0"
"19275378","0","3","0"
"19275492","1","1","3"
"19276242","0","5","0"
"19277269","0","1","0"
"19277463","0","18","0"
"19277782","0","34","0"
"19279132","0","13","0"
"19279924","0","2","0"
"19280247","0","1","0"
"19280804","9","16","0"
"19281995","0","2","0"
"19282328","0","1","0"
"19283051","0","4","0"
"19286637","0","4","0"
"19286752","0","10","0"
"19287299","0","1","0"
"19287931","0","3","0"
"19288094","12","1","0"
"19288468","0","2","0"
"19288493","0","4","0"
"19288967","7","2","0"
"19290428","3","13","0"
"19290904","0","0","0"
"19290926","0","13","0"
"19291069","1","4","0"
"19291482","0","0","0"
"19291641","1","5","0"
"19292054","0","6","0"
"19293062","0","4","0"
"19293886","0","8","0"
"19294354","0","4","0"
"19294469","1","5","0"
"19295218","0","10","0"
"19295685","9","12","0"
"19296734","2","9","0"
"19296973","1","2","0"
"19297165","6","12","0"
"19297784","1","2","0"
"19298364","0","0","0"
"19298513","0","1","0"
"19298579","0","1","0"
"19299100","0","37","0"
"19301268","0","2","0"
"19301428","0","1","0"
"19302546","0","29","0"
"19302905","1","0","1"
"19303401","0","2","0"
"19304291","0","1","0"
"19304399","0","1","0"
"19305506","0","2","0"
"19305641","0","0","0"
"19306415","7","12","0"
"19306657","0","2","0"
"19306994","0","6","0"
"19306998","0","5","0"
"19307008","0","3","0"
"19307084","0","14","0"
"19307124","0","1","0"
"19307152","0","3","0"
"19307829","0","2","0"
"19308127","4","11","0"
"19308421","0","0","0"
"19309689","0","5","0"
"19310174","0","7","0"
"19310452","5","1","0"
"19310737","0","2","0"
"19311932","0","4","0"
"19312729","0","4","0"
"19312979","10","10","0"
"19312990","11","28","0"
"19313340","0","2","0"
"19313399","0","1","0"
"19313433","0","0","0"
"19313724","0","5","0"
"19314955","0","3","0"
"19315706","0","2","0"
"19315709","0","7","0"
"19315924","68","56","1"
"19316334","6","1","0"
"19316951","0","10","0"
"19317160","1","1","0"
"19317199","0","0","0"
"19317223","0","0","0"
"19317794","0","7","0"
"19317919","0","14","0"
"19318120","15","12","0"
"19319231","0","3","0"
"19319422","3","3","0"
"19321077","0","6","0"
"19322107","1","1","0"
"19323125","0","9","0"
"19323805","0","1","0"
"19323916","4","34","0"
"19324428","1","45","2"
"19324555","0","0","0"
"19325064","1","8","0"
"19325234","0","21","0"
"19325912","0","4","0"
"19326200","0","44","0"
"19326240","0","27","0"
"19326345","0","12","0"
"19326826","0","3","0"
"19327032","0","7","0"
"19328067","0","2","0"
"19328457","0","3","0"
"19328707","7","23","0"
"19328934","0","4","0"
"19330078","1","25","0"
"19330968","0","18","0"
"19331011","0","6","0"
"19332052","0","0","0"
"19333036","0","4","0"
"19333216","0","2","0"
"19333436","2","15","0"
"19334618","0","0","0"
"19335364","4","39","0"
"19335804","0","13","0"
"19335841","23","18","2"
"19336104","3","10","0"
"19338748","1","10","0"
"19338816","0","2","0"
"19338939","0","0","0"
"19339660","0","1","0"
"19339998","2","38","0"
"19340995","0","5","0"
"19341146","0","0","0"
"19341213","1","16","0"
"19343702","0","0","0"
"19343796","0","19","0"
"19344177","3","5","0"
"19344229","0","32","0"
"19344626","0","7","0"
"19344671","0","21","0"
"19345164","4","7","0"
"19345335","0","0","0"
"19345464","0","3","0"
"19346315","1","9","0"
"19346766","0","1","0"
"19346863","0","2","0"
"19346953","0","27","0"
"19347094","0","18","0"
"19347116","0","5","0"
"19347756","0","16","0"
"19348046","0","7","0"
"19348056","0","0","0"
"19348152","0","7","0"
"19348820","0","3","0"
"19349562","0","3","0"
"19350153","1","7","0"
"19350156","0","2","0"
"19350642","0","4","0"
"19351325","0","5","0"
"19351581","0","4","0"
"19351780","1","35","0"
"19351966","0","1","0"
"19352335","0","12","0"
"19352974","1","15","0"
"19353294","0","6","0"
"19353509","0","3","0"
"19353921","18","6","1"
"19354546","10","29","0"
"19354687","0","3","0"
"19355123","0","4","0"
"19356249","2","16","0"
"19356313","0","18","0"
"19356439","0","0","0"
"19357355","6","17","0"
"19357964","4","5","0"
"19359347","0","1","0"
"19359546","0","0","0"
"19360878","0","0","0"
"19360970","0","2","0"
"19362261","0","0","0"
"19362675","0","5","0"
"19363199","0","2","0"
"19363485","0","24","0"
"19363955","0","11","0"
"19364336","0","10","0"
"19365326","0","12","0"
"19365511","2","0","0"
"19365734","0","0","0"
"19365876","0","7","0"
"19365920","0","6","0"
"19366230","0","6","0"
"19366721","3","24","0"
"19366829","0","3","0"
"19368907","2","16","0"
"19368995","1","0","0"
"19369207","7","10","0"
"19369820","4","24","0"
"19370072","0","2","0"
"19370106","0","8","0"
"19370144","3","20","0"
"19370273","4","35","3"
"19370392","0","1","0"
"19370702","61","7","31"
"19370965","0","8","0"
"19371185","1","10","0"
"19371258","0","4","0"
"19371350","0","1","0"
"19371552","13","24","0"
"19371699","0","6","0"
"19371700","7","25","0"
"19371754","0","8","0"
"19371813","0","44","0"
"19372739","0","66","0"
"19372996","6","4","0"
"19373091","1","1","0"
"19373112","2","49","0"
"19373604","0","26","0"
"19374335","0","20","0"
"19374481","0","4","0"
"19375054","1","38","0"
"19375828","0","1","0"
"19376237","0","35","0"
"19376891","6","7","0"
"19377508","0","2","0"
"19379762","6","24","0"
"19379843","0","21","0"
"19380041","0","2","0"
"19380143","0","0","0"
"19380897","0","4","0"
"19383203","0","5","0"
"19384527","3","30","0"
"19385087","0","0","0"
"19385694","0","1","0"
"19386256","0","0","0"
"19387322","0","4","0"
"19387695","7","8","1"
"19388787","0","8","0"
"19389219","1","27","0"
"19389498","0","0","0"
"19389833","0","0","0"
"19390218","14","9","2"
"19390491","0","1","0"
"19390701","0","6","0"
"19391114","1","0","0"
"19391219","4","0","0"
"19391240","0","2","0"
"19392359","0","0","0"
"19392385","11","10","2"
"19392406","0","11","0"
"19393849","0","0","0"
"19394130","0","2","0"
"19394715","0","2","0"
"19394846","1","12","0"
"19395482","2","7","0"
"19395835","2","0","1"
"19396181","0","0","0"
"19396420","0","3","0"
"19396519","0","3","0"
"19397776","0","13","0"
"19397881","3","5","0"
"19398714","0","1","0"
"19399312","4","13","0"
"19399439","1","4","0"
"19399527","0","0","0"
"19399642","0","2","0"
"19400377","1","2","0"
"19400810","0","0","0"
"19401288","0","8","0"
"19401302","0","8","0"
"19401827","0","3","0"
"19401932","1","4","0"
"19402349","0","7","0"
"19402498","0","0","0"
"19402547","0","1","0"
"19402660","2","2","0"
"19402699","0","2","0"
"19403948","0","30","0"
"19405864","0","1","0"
"19406370","0","2","0"
"19407265","1","2","0"
"19407450","0","5","0"
"19407522","0","2","0"
"19407815","1","2","0"
"19407842","0","2","0"
"19408153","0","0","0"
"19410154","0","1","0"
"19411175","0","2","0"
"19411271","7","12","9"
"19413171","2","10","0"
"19413548","0","0","0"
"19414952","1","11","0"
"19416044","0","10","0"
"19416776","0","8","0"
"19416878","0","5","0"
"19417436","2","1","0"
"19418111","0","0","0"
"19419589","3","4","0"
"19419754","0","1","0"
"19419803","0","4","0"
"19419817","0","2","0"
"19420291","0","13","0"
"19422021","0","1","0"
"19422066","0","12","0"
"19422381","0","1","0"
"19422704","0","3","0"
"19422735","0","7","0"
"19423023","0","0","0"
"19423034","10","9","0"
"19424202","0","11","0"
"19424365","12","0","33"
"19424457","0","3","0"
"19424533","0","7","0"
"19425470","0","5","0"
"19425659","0","0","0"
"19425753","0","2","0"
"19426256","5","32","0"
"19426259","0","8","0"
"19426547","0","12","0"
"19427183","4","14","0"
"19427520","21","6","24"
"19427792","0","9","0"
"19428021","9","21","0"
"19428467","0","0","0"
"19429354","4","18","0"
"19429448","0","0","0"
"19429580","0","0","0"
"19430862","0","0","0"
"19431240","0","1","0"
"19431523","0","0","0"
"19431524","2","0","0"
"19431641","0","4","0"
"19432371","5","17","0"
"19435217","2","2","0"
"19436156","0","0","0"
"19436441","6","30","0"
"19436464","0","0","0"
"19437897","0","27","0"
"19441175","0","22","0"
"19441616","0","3","0"
"19442297","0","18","0"
"19442382","0","0","0"
"19442464","0","4","0"
"19442782","0","0","0"
"19443694","16","3","0"
"19444623","0","6","0"
"19445057","0","6","0"
"19445246","0","1","0"
"19445960","2","4","0"
"19446442","0","77","0"
"19446800","0","5","0"
"19446852","2","2","0"
"19447089","0","6","0"
"19447232","0","4","0"
"19447534","0","0","0"
"19447792","0","12","0"
"19448419","16","3","0"
"19449899","0","2","0"
"19450820","0","0","0"
"19453080","0","15","0"
"19453177","0","7","0"
"19454251","9","21","0"
"19454844","1","0","1"
"19454921","0","0","0"
"19455186","1","3","0"
"19455957","0","0","0"
"19457060","0","6","0"
"19457794","2","8","0"
"19458000","0","1","0"
"19458156","6","13","0"
"19459384","0","6","0"
"19459663","5","35","0"
"19460394","0","2","0"
"19460851","1","0","0"
"19461429","1","2","0"
"19461978","1","70","0"
"19462157","0","3","0"
"19462159","0","13","0"
"19463851","0","7","0"
"19465820","0","3","0"
"19466497","7","16","20"
"19468812","0","5","0"
"19469415","0","0","0"
"19469480","0","3","0"
"19470742","10","9","0"
"19470749","0","0","0"
"19470887","0","0","0"
"19470950","2","2","0"
"19471420","0","0","0"
"19471422","0","0","0"
"19471658","0","9","0"
"19472268","1","2","0"
"19472583","0","3","0"
"19473099","0","1","0"
"19473610","6","6","0"
"19473611","0","4","0"
"19474169","0","0","0"
"19474539","0","7","0"
"19476231","0","2","0"
"19476294","0","47","0"
"19476877","0","0","0"
"19477086","1","11","0"
"19477369","0","9","0"
"19477782","0","0","0"
"19478517","0","28","0"
"19478929","0","15","0"
"19480623","0","1","0"
"19480959","1","1","0"
"19480978","0","0","0"
"19481077","0","0","0"
"19481302","0","10","0"
"19481903","9","5","0"
"19481907","0","0","0"
"19482272","0","2","0"
"19483613","1","8","0"
"19483765","1","26","0"
"19485096","0","2","0"
"19485352","0","2","0"
"19486276","0","1","0"
"19486977","0","13","0"
"19486986","0","8","0"
"19487113","0","2","0"
"19487538","0","0","0"
"19489435","0","23","0"
"19491379","0","9","0"
"19491703","0","23","0"
"19492353","0","2","0"
"19492396","0","18","0"
"19492454","0","15","0"
"19493014","0","5","0"
"19493445","0","10","0"
"19493852","0","2","0"
"19493977","0","1","0"
"19495378","1","21","0"
"19495565","0","6","0"
"19495827","1","1","0"
"19496025","0","5","0"
"19497251","0","2","0"
"19497465","2","11","0"
"19498988","0","0","0"
"19499567","0","30","0"
"19500270","5","2","0"
"19501019","0","17","0"
"19501517","0","11","0"
"19502141","0","3","0"
"19502454","0","8","0"
"19502464","6","54","0"
"19503120","0","4","0"
"19503266","0","13","0"
"19503297","0","3","0"
"19503368","1","3","0"
"19504570","0","0","0"
"19504921","0","0","0"
"19505257","0","2","0"
"19506163","1","1","0"
"19506586","0","7","0"
"19506894","1","0","0"
"19507604","1","6","0"
"19507723","0","1","0"
"19508355","0","10","0"
"19508364","0","3","0"
"19508490","2","1","0"
"19509250","0","1","0"
"19509693","0","6","0"
"19511315","1","4","0"
"19511737","0","16","0"
"19512580","11","23","1"
"19513069","4","34","1"
"19513476","0","0","0"
"19513885","0","4","0"
"19513932","0","23","0"
"19513993","20","16","0"
"19514773","0","13","0"
"19514884","0","2","0"
"19515176","0","5","0"
"19515543","3","11","0"
"19516653","0","9","0"
"19516972","0","1","0"
"19518333","0","5","0"
"19519554","0","16","0"
"19519748","0","6","0"
"19520560","0","3","0"
"19520630","0","0","0"
"19520749","0","29","0"
"19520915","0","1","0"
"19521767","0","13","0"
"19521797","2","5","0"
"19522329","0","3","0"
"19522927","2","0","1"
"19522963","0","25","0"
"19522981","0","4","0"
"19523267","0","8","0"
"19523606","0","14","0"
"19524416","0","8","0"
"19524472","0","1","0"
"19524489","11","20","3"
"19524587","0","3","0"
"19524775","0","2","0"
"19525299","1","3","2"
"19525398","0","45","0"
"19525651","3","19","0"
"19525744","2","9","0"
"19526203","0","0","0"
"19526204","3","28","0"
"19526287","0","1","0"
"19526729","5","11","0"
"19526817","2","4","0"
"19527184","0","2","0"
"19528122","13","6","0"
"19528389","0","6","0"
"19528572","0","0","0"
"19528631","0","7","0"
"19528882","0","3","0"
"19528884","1","3","0"
"19529280","1","5","0"
"19529459","0","11","0"
"19531844","0","5","0"
"19532009","19","2","0"
"19532454","0","1","0"
"19533238","0","0","0"
"19533388","0","22","0"
"19533736","0","6","0"
"19534266","0","2","0"
"19534534","0","3","0"
"19534628","0","64","0"
"19534731","2","10","0"
"19535309","0","5","0"
"19535437","0","7","0"
"19535637","1","0","0"
"19537048","0","0","0"
"19537383","0","1","0"
"19537626","0","5","0"
"19538002","0","34","0"
"19538232","0","3","0"
"19539026","0","2","0"
"19539238","0","2","0"
"19539285","0","0","0"
"19539520","9","23","0"
"19540382","7","11","1"
"19540428","1","4","0"
"19540700","0","0","0"
"19540812","0","4","0"
"19541223","0","2","0"
"19541963","0","1","0"
"19541982","0","2","0"
"19542562","0","1","0"
"19543022","0","24","0"
"19543451","0","2","0"
"19544066","1","2","0"
"19544129","11","18","0"
"19545008","0","1","0"
"19545214","0","15","0"
"19545589","5","12","0"
"19545863","0","2","0"
"19546298","7","12","0"
"19546447","0","2","0"
"19546633","0","2","0"
"19548123","0","2","0"
"19548273","0","5","0"
"19548278","4","34","0"
"19548898","0","0","0"
"19550828","0","2","0"
"19551187","0","9","0"
"19551472","3","14","0"
"19551843","0","2","0"
"19553088","3","15","0"
"19553137","0","2","0"
"19553174","0","14","0"
"19553572","0","3","0"
"19554161","9","43","0"
"19555971","0","1","0"
"19557324","0","6","0"
"19557586","0","1","0"
"19558604","2","8","0"
"19558627","0","35","0"
"19558815","3","1","0"
"19560513","0","3","0"
"19560593","0","0","0"
"19560919","0","4","0"
"19560954","0","0","0"
"19562239","0","2","0"
"19562258","0","2","0"
"19564057","0","131","0"
"19564240","0","0","0"
"19565329","0","8","0"
"19565507","0","2","0"
"19565657","0","8","0"
"19566421","0","2","0"
"19566671","0","3","0"
"19568218","0","14","0"
"19568815","1","1","0"
"19569143","0","3","0"
"19569597","0","2","0"
"19569762","0","1","0"
"19569763","0","96","0"
"19570235","2","17","0"
"19571126","0","5","0"
"19571301","5","2","0"
"19572117","0","0","0"
"19572626","0","2","0"
"19573033","3","1","0"
"19573154","0","3","0"
"19573290","8","20","1"
"19573911","0","4","0"
"19574138","0","1","0"
"19574391","1","0","0"
"19574575","12","16","0"
"19575234","0","14","0"
"19576113","0","47","0"
"19576145","0","3","0"
"19576273","0","2","0"
"19576461","0","1","0"
"19576499","6","0","2"
"19576523","0","4","0"
"19576553","0","23","0"
"19576916","0","3","0"
"19576917","0","23","2"
"19577539","0","2","0"
"19577706","0","6","0"
"19578928","0","48","0"
"19579563","0","3","0"
"19579786","0","1","0"
"19580061","0","0","0"
"19580067","17","28","0"
"19580087","0","11","0"
"19580544","0","41","0"
"19580991","8","3","0"
"19581466","0","10","0"
"19581890","0","4","0"
"19582071","0","15","0"
"19582635","0","5","0"
"19583313","0","0","0"
"19583530","0","0","0"
"19583989","0","0","0"
"19584240","0","0","0"
"19584435","0","5","0"
"19586160","0","2","0"
"19586394","0","9","0"
"19586465","0","0","0"
"19586497","7","22","0"
"19586543","15","189","0"
"19586694","0","0","0"
"19587749","0","3","0"
"19590041","0","2","0"
"19592598","0","1","0"
"19593172","0","9","0"
"19593206","0","7","0"
"19593265","0","4","0"
"19593305","2","0","0"
"19593821","0","0","0"
"19593837","1","5","0"
"19594737","1","5","0"
"19594746","1","0","0"
"19594877","0","2","0"
"19595199","0","2","0"
"19595755","0","11","0"
"19595981","0","0","0"
"19596031","0","6","0"
"19596199","0","1","0"
"19597327","1","3","0"
"19597505","0","0","0"
"19598216","1","3","0"
"19598454","0","24","0"
"19599898","0","5","0"
"19600063","0","11","0"
"19600120","0","7","0"
"19601262","0","4","0"
"19601405","0","3","0"
"19601663","0","7","0"
"19601836","0","0","0"
"19602255","0","1","0"
"19603779","6","20","0"
"19604071","0","4","0"
"19604158","0","7","0"
"19604225","0","2","0"
"19604677","0","4","0"
"19604766","0","12","0"
"19605347","0","7","0"
"19606347","1","7","0"
"19607092","3","16","0"
"19608001","0","0","0"
"19608355","1","6","0"
"19610539","2","0","0"
"19611459","0","2","0"
"19611592","0","5","0"
"19611934","0","1","0"
"19612574","0","3","0"
"19613162","0","3","0"
"19613998","0","2","0"
"19614031","8","23","0"
"19615073","0","0","0"
"19615353","3","3","0"
"19615542","0","2","0"
"19616394","1","6","0"
"19616472","0","2","0"
"19616654","9","14","0"
"19617785","0","39","1"
"19618692","0","1","0"
"19618717","0","0","0"
"19619329","1","8","0"
"19619662","0","1","0"
"19619910","0","2","0"
"19620610","1","4","0"
"19620657","1","2","0"
"19621250","13","0","0"
"19622248","1","19","0"
"19622619","0","2","0"
"19623288","2","62","0"
"19623532","1","12","0"
"19624734","1","4","0"
"19624812","1","2","0"
"19625377","0","1","0"
"19626334","0","10","0"
"19626454","0","0","0"
"19627355","0","5","0"
"19627586","0","15","0"
"19627860","0","0","0"
"19628072","0","1","0"
"19628173","0","1","0"
"19628220","0","3","0"
"19628615","0","1","0"
"19628700","4","11","0"
"19629255","0","37","0"
"19629878","0","11","0"
"19630650","0","3","0"
"19630914","0","0","0"
"19631699","3","12","1"
"19631789","0","7","0"
"19632993","0","20","1"
"19633254","2","2","0"
"19633267","0","8","0"
"19633355","2","16","0"
"19634114","0","1","0"
"19634123","21","25","0"
"19634302","0","0","0"
"19634896","0","2","0"
"19635291","0","1","0"
"19635455","5","14","0"
"19636184","0","12","0"
"19637603","0","3","0"
"19637859","0","5","0"
"19638174","0","1","0"
"19639186","0","15","0"
"19640037","0","16","0"
"19641571","0","0","0"
"19642283","1","6","0"
"19642323","0","28","0"
"19642390","0","5","0"
"19642781","1","13","0"
"19643121","0","0","0"
"19643790","2","3","0"
"19647418","9","2","1"
"19647611","11","4","0"
"19647816","7","5","0"
"19647863","9","88","0"
"19648070","0","2","0"
"19648352","0","1","0"
"19648859","0","1","0"
"19649481","0","33","0"
"19649724","0","6","0"
"19651015","0","1","0"
"19651081","0","9","0"
"19651356","0","9","0"
"19652021","8","32","0"
"19652525","0","1","0"
"19652639","1","10","0"
"19652887","2","33","0"
"19652902","0","4","0"
"19653278","0","14","0"
"19653545","0","0","0"
"19653570","6","0","0"
"19653747","0","0","0"
"19654274","0","3","0"
"19654523","1","11","0"
"19655587","0","18","0"
"19656108","0","11","0"
"19656840","1","12","0"
"19659146","7","7","0"
"19661019","0","0","0"
"19661649","0","4","0"
"19661769","0","0","0"
"19663076","0","25","0"
"19663148","2","5","0"
"19663441","12","1","0"
"19663739","0","16","0"
"19663907","2","40","0"
"19663922","0","8","0"
"19664304","0","30","0"
"19664722","0","3","0"
"19664738","2","6","0"
"19665312","0","1","0"
"19665543","0","1","0"
"19666339","0","2","0"
"19666772","0","27","0"
"19667625","4","13","0"
"19667753","0","0","0"
"19668106","0","14","0"
"19669490","2","5","0"
"19669556","1","13","0"
"19669649","0","0","0"
"19670857","1","8","0"
"19671394","0","30","0"
"19672061","0","5","0"
"19672158","4","9","0"
"19672487","0","6","0"
"19675123","0","0","0"
"19676197","21","4","0"
"19676291","6","8","0"
"19676891","0","0","0"
"19678340","0","0","0"
"19678500","0","6","0"
"19679917","0","0","0"
"19680248","0","1","0"
"19680793","1","11","5"
"19681078","0","95","0"
"19681181","0","0","0"
"19682043","0","3","0"
"19682156","1","10","0"
"19683409","1","1","0"
"19683595","0","7","0"
"19684302","0","2","0"
"19684604","3","6","0"
"19685253","0","2","0"
"19686627","0","11","0"
"19687376","0","1","0"
"19688301","0","0","0"
"19689455","0","0","0"
"19689601","0","0","0"
"19689801","0","0","0"
"19690025","0","4","0"
"19690888","0","11","0"
"19692077","14","2","1"
"19692949","38","10","0"
"19693195","0","1","0"
"19693550","0","4","0"
"19693628","7","9","0"
"19694882","0","20","0"
"19697020","0","1","0"
"19697413","0","10","0"
"19698003","2","7","0"
"19698135","0","25","0"
"19699404","0","5","0"
"19699656","2","47","0"
"19699689","0","8","0"
"19699903","6","13","0"
"19700043","2","1","0"
"19700613","0","1","0"
"19700970","4","2","0"
"19701301","2","22","0"
"19701552","0","11","0"
"19701852","4","16","0"
"19702017","0","4","0"
"19702144","1","2","0"
"19702287","1","1","0"
"19702819","0","2","0"
"19703464","0","0","0"
"19705714","0","8","0"
"19705775","0","3","0"
"19705806","0","3","0"
"19706075","0","5","0"
"19706510","0","2","0"
"19707808","0","9","0"
"19707843","0","2","0"
"19708567","16","52","0"
"19709590","2","11","0"
"19709641","0","2","0"
"19710200","4","6","0"
"19710664","4","5","0"
"19710930","0","2","0"
"19711540","0","7","0"
"19712115","0","1","0"
"19713049","0","11","0"
"19714751","0","1","0"
"19714860","0","4","0"
"19716660","7","21","0"
"19717079","0","3","0"
"19718207","2","2","1"
"19718656","0","4","0"
"19719240","0","1","0"
"19719997","0","10","0"
"19720073","2","10","0"
"19723806","1","0","0"
"19727902","2","0","0"
"19727909","0","0","0"
"19728365","4","3","0"
"19728895","0","2","0"
"19729216","0","10","0"
"19729263","0","23","0"
"19729483","0","2","0"
"19730174","0","4","0"
"19730236","0","9","0"
"19730311","0","7","0"
"19730434","0","5","0"
"19730682","0","16","0"
"19731237","0","1","0"
"19732946","0","1","0"
"19734485","0","0","0"
"19734722","0","0","0"
"19735003","5","11","0"
"19735179","0","0","0"
"19736157","5","5","3"
"19736914","0","20","0"
"19737398","0","4","0"
"19737588","0","7","0"
"19737775","0","0","0"
"19737867","0","5","0"
"19738619","0","2","0"
"19739305","0","0","0"
"19739471","0","1","0"
"19740201","0","4","0"
"19741383","3","2","0"
"19741486","6","6","1"
"19741556","0","22","0"
"19741639","6","33","0"
"19742267","0","5","0"
"19743016","0","0","0"
"19743545","0","2","0"
"19743717","0","7","0"
"19744436","0","9","0"
"19744583","0","4","0"
"19745277","0","34","0"
"19745330","0","13","0"
"19745466","0","3","0"
"19746527","1","20","0"
"19747009","0","20","0"
"19747908","0","14","0"
"19748675","1","4","0"
"19749236","0","9","0"
"19749681","13","0","0"
"19749827","0","29","0"
"19749950","0","1","0"
"19750802","0","2","0"
"19750896","0","8","0"
"19750906","0","17","0"
"19752016","44","10","0"
"19753194","0","12","0"
"19753631","7","10","0"
"19753671","0","3","0"
"19753785","0","0","0"
"19755385","0","1","0"
"19755813","0","0","0"
"19757092","0","10","0"
"19757852","0","0","0"
"19759161","0","4","0"
"19759188","2","21","0"
"19760123","0","0","0"
"19760279","0","1","0"
"19760581","0","9","0"
"19761010","0","2","0"
"19761037","1","8","0"
"19761554","0","3","0"
"19761597","2","14","1"
"19761763","0","2","0"
"19761857","0","0","0"
"19762979","0","13","0"
"19763059","0","0","0"
"19763591","0","21","0"
"19765188","0","10","0"
"19765838","0","9","0"
"19766465","1","10","0"
"19766732","0","29","0"
"19767441","0","7","0"
"19768247","0","0","0"
"19768409","0","1","0"
"19768538","1","7","0"
"19769066","0","0","0"
"19769586","0","8","0"
"19769746","0","21","0"
"19771458","0","4","0"
"19771748","0","23","0"
"19772192","0","98","0"
"19772307","0","5","0"
"19772349","1","11","0"
"19772599","0","6","0"
"19772697","2","0","0"
"19773122","0","3","0"
"19774930","1","2","0"
"19775121","0","9","0"
"19775612","0","8","0"
"19776908","0","1","0"
"19777005","0","0","0"
"19778603","6","5","0"
"19782160","0","22","0"
"19782169","0","4","0"
"19782285","2","3","0"
"19782461","0","6","0"
"19782462","1","0","0"
"19784153","0","6","0"
"19785805","0","11","0"
"19786048","0","1","0"
"19787138","0","4","0"
"19788560","0","0","0"
"19788843","0","3","0"
"19790114","0","10","0"
"19790242","5","3","0"
"19791731","0","5","0"
"19792272","39","2","1"
"19792340","0","0","0"
"19792639","0","5","0"
"19792864","0","0","0"
"19793281","0","13","0"
"19793554","0","1","0"
"19793583","1","5","0"
"19793626","0","9","0"
"19793686","0","7","0"
"19794265","1","4","0"
"19795688","0","0","0"
"19795735","1","17","0"
"19796642","10","6","0"
"19796723","0","5","0"
"19797418","11","9","0"
"19798114","0","4","0"
"19799113","2","0","0"
"19799529","0","2","0"
"19799743","4","8","0"
"19800108","0","7","0"
"19803567","0","11","0"
"19803803","3","4","0"
"19803810","0","10","0"
"19803853","2","3","0"
"19805115","0","0","0"
"19805275","0","1","0"
"19805946","0","8","0"
"19806623","0","0","0"
"19806647","0","0","0"
"19807623","0","3","0"
"19808534","0","0","0"
"19809508","0","2","0"
"19811221","35","10","0"
"19812830","0","1","0"
"19814518","0","1","0"
"19815044","1","27","0"
"19815110","1","8","0"
"19815326","0","6","0"
"19815385","0","0","0"
"19815719","2","1","0"
"19817126","1","2","0"
"19817174","0","9","0"
"19817953","0","8","0"
"19818088","0","1","0"
"19818359","2","0","0"
"19818478","0","16","0"
"19820238","10","3","0"
"19820370","0","0","0"
"19822406","0","0","0"
"19822792","0","12","0"
"19823977","0","7","0"
"19825554","0","4","0"
"19825967","1","3","0"
"19826504","0","7","0"
"19827928","0","1","0"
"19828325","2","31","0"
"19828651","4","2","0"
"19829260","0","6","0"
"19829483","1","17","0"
"19833581","0","1","0"
"19834372","0","1","0"
"19835061","2","8","0"
"19835453","0","11","0"
"19835545","0","0","0"
"19835625","4","2","0"
"19835828","0","16","0"
"19837400","1","1","0"
"19837872","0","5","0"
"19838902","0","6","0"
"19839348","24","110","0"
"19839411","5","14","0"
"19840609","0","4","0"
"19842543","0","3","0"
"19842649","0","4","0"
"19842804","0","0","0"
"19842994","0","1","0"
"19844059","0","8","0"
"19844909","0","3","0"
"19847700","1","20","0"
"19847954","0","5","0"
"19849347","0","16","0"
"19849709","0","35","0"
"19850943","2","35","0"
"19851394","0","0","0"
"19851562","1","0","0"
"19852159","0","4","0"
"19852730","0","13","0"
"19852945","0","8","0"
"19853319","0","0","0"
"19853762","0","1","0"
"19856629","24","0","0"
"19856836","0","1","0"
"19857533","3","5","0"
"19858610","7","6","0"
"19858827","0","7","0"
"19860022","10","19","0"
"19860801","0","1","0"
"19861380","0","0","0"
"19862329","0","1","0"
"19862368","0","0","0"
"19863556","0","24","0"
"19863775","0","1","0"
"19867158","0","3","0"
"19867464","0","2","0"
"19868082","15","10","0"
"19868455","15","76","0"
"19869102","0","0","0"
"19869293","0","1","0"
"19869890","0","2","0"
"19870660","2","4","0"
"19871048","0","1","0"
"19871890","0","1","0"
"19872009","1","5","0"
"19872368","1","0","0"
"19873400","0","0","0"
"19875165","0","1","0"
"19875520","4","1","0"
"19877425","0","2","0"
"19878777","0","2","0"
"19878952","15","1","0"
"19879044","0","4","0"
"19879472","0","6","0"
"19879474","0","1","0"
"19879704","0","0","0"
"19880347","0","0","0"
"19880397","9","2","23"
"19882153","0","8","0"
"19882427","0","1","0"
"20255186","2","19","0"
"21370799","1","24","0"
"22160376","1","4","0"
"24190641","11","18","0"
"26379831","14","60","0"
"26568928","4","2","0"
"27473261","17","27","0"
"31231866","8","4","0"