UserId,PostComments,PreComments,PostEdits
"202","0","24","0"
"548","1","3","0"
"1013","21","14","4"
"1024","13","48","4"
"1346","0","8","0"
"2266","2","3","7"
"2420","2","5","0"
"2785","0","4","0"
"3121","2","10","0"
"3234","0","23","0"
"4322","21","84","1"
"4372","1","5","0"
"4389","0","13","1"
"6206","24","16","4"
"6713","2","1","3"
"7141","21","69","10"
"7453","53","91","5"
"8831","3","5","0"
"10161","2","9","0"
"10474","8","17","0"
"10562","4","24","0"
"11414","1","2","0"
"11451","4","26","2"
"11461","2","1","0"
"12679","6","12","7"
"13338","9","11","0"
"13562","0","10","0"
"13729","5","9","1"
"14692","1","20","0"
"15127","21","62","2"
"15366","0","6","0"
"15647","4","5","0"
"17419","1","19","0"
"17487","6","4","0"
"18177","8","17","2"
"18603","1","2","0"
"18735","5","12","0"
"19038","14","15","6"
"19317","28","5","0"
"19450","55","95","0"
"19520","4","10","1"
"19816","0","5","0"
"19880","26","31","3"
"20195","4","3","0"
"20444","1","78","1"
"22917","3","2","0"
"23054","7","13","4"
"23607","0","3","1"
"23850","5","4","0"
"24447","52","79","22"
"25406","0","10","0"
"25466","8","22","0"
"26877","10","31","3"
"27922","1","3","0"
"28106","0","0","0"
"28190","45","3","2"
"29467","0","5","2"
"29470","304","284","13"
"30383","7","14","0"
"30933","2","3","0"
"31045","4","12","0"
"31319","3","8","0"
"32352","67","100","9"
"32458","5","0","0"
"33905","22","30","12"
"34170","0","46","0"
"34369","0","1","0"
"34989","34","138","24"
"35323","4","7","0"
"35696","4","14","0"
"35812","26","30","16"
"37083","2","5","0"
"37706","6","0","1"
"38729","13","28","3"
"39296","21","54","7"
"39827","0","10","0"
"40952","19","30","0"
"41169","39","69","0"
"42580","5","7","1"
"42809","4","2","1"
"42962","5","25","3"
"45687","0","14","0"
"46616","4","25","0"
"50003","5","17","0"
"50911","4","9","0"
"51127","3","10","0"
"51560","1","5","0"
"54783","10","3","10"
"55350","1","20","0"
"55870","1","10","0"
"57091","5","14","10"
"58001","0","0","0"
"58678","9","22","1"
"58962","0","19","0"
"59081","51","117","10"
"60340","43","5","39"
"60593","0","5","0"
"61779","6","29","0"
"61818","10","1","9"
"62838","2","13","0"
"63286","22","30","0"
"63437","1","21","0"
"63965","9","2","0"
"65681","78","61","0"
"66766","1","15","0"
"67167","29","405","0"
"68534","0","2","1"
"69358","2","8","0"
"69663","11","7","6"
"69798","3","8","2"
"69966","0","7","0"
"73764","28","114","2"
"74057","3","11","0"
"74435","3","3","0"
"74890","3","17","0"
"75028","5","9","0"
"75129","14","18","1"
"75838","87","112","5"
"77249","5","6","1"
"80075","8","24","0"
"80544","5","17","0"
"81444","13","4","0"
"82303","4","2","0"
"82681","36","55","8"
"82708","3","6","0"
"83037","3","11","0"
"83839","51","72","0"
"83938","6","6","1"
"84538","44","4","11"
"84540","0","5","0"
"85269","19","8","0"
"85696","4","22","0"
"85927","19","21","3"
"87043","25","55","3"
"87713","1","160","0"
"90096","0","0","0"
"90802","11","19","1"
"93105","0","5","0"
"93745","0","9","0"
"93812","1","34","0"
"96201","51","84","2"
"96313","16","21","0"
"97524","4","7","0"
"97803","8","5","0"
"98044","1","8","0"
"100214","11","43","1"
"100856","4","10","0"
"101909","13","6","2"
"102238","53","138","2"
"102792","3","3","1"
"104237","3","15","3"
"105101","2","3","0"
"105886","4","34","1"
"106528","5","88","0"
"106865","6","8","0"
"107626","43","68","12"
"108326","1","17","0"
"108538","226","117","15"
"108574","0","2","0"
"108797","3","9","0"
"109219","7","2","0"
"110570","0","14","0"
"111604","5","8","0"
"112818","1","23","0"
"113659","1","9","0"
"114558","14","61","0"
"117284","2","7","0"
"118608","1","10","0"
"118862","3","7","0"
"119314","17","24","3"
"120290","2","1","1"
"120603","38","10","0"
"121626","0","16","0"
"121676","3","20","0"
"121956","3","18","0"
"122230","0","5","0"
"123545","0","11","0"
"123623","1","12","0"
"123802","4","5","0"
"125032","0","28","0"
"125938","12","7","6"
"126537","0","50","0"
"126833","46","75","0"
"127259","6","54","0"
"127427","2","34","0"
"127497","2","72","0"
"127508","22","17","5"
"127670","24","24","1"
"127839","9","32","2"
"127928","0","1","1"
"128761","46","587","2"
"130230","1","6","0"
"130304","1","11","0"
"131552","0","2","0"
"132319","10","20","2"
"133330","9","8","0"
"134044","431","84","7"
"134120","30","19","0"
"134850","3","31","1"
"135114","1","7","0"
"135160","1","3","0"
"135701","0","1","0"
"135807","8","9","2"
"137071","17","22","2"
"139794","15","10","0"
"140358","2","6","1"
"140927","2","7","0"
"141801","25","15","0"
"142182","4","13","1"
"142233","4","14","2"
"142237","1","5","2"
"143931","15","30","0"
"144578","23","43","0"
"145364","8","13","2"
"145504","8","18","1"
"145537","0","2","0"
"147380","0","3","0"
"147637","0","62","0"
"148298","33","69","0"
"149900","13","58","1"
"150015","0","4","1"
"151150","5","9","0"
"151453","17","9","1"
"152711","7","9","6"
"153610","0","5","0"
"154603","7","31","0"
"154978","0","4","0"
"155035","1","41","0"
"155687","5","1","1"
"155791","1","1","0"
"157045","5","8","0"
"157675","4","3","0"
"158069","4","24","0"
"159365","11","38","9"
"159548","157","145","19"
"160774","0","25","0"
"160829","0","0","0"
"163640","10","12","0"
"164864","5","14","0"
"164925","4","9","10"
"165292","1","6","0"
"165494","6","20","0"
"165806","29","170","1"
"167813","16","21","1"
"169012","0","5","0"
"169274","2","8","0"
"170339","0","23","0"
"171846","1","6","5"
"172272","2","11","0"
"172690","2","2","0"
"173322","1","4","0"
"173623","11","14","1"
"173852","14","6","13"
"174445","2","3","0"
"174843","27","231","19"
"174921","2","2","0"
"174955","1","7","0"
"175554","147","118","26"
"177154","1","2","0"
"177819","0","28","0"
"179545","5","13","1"
"180697","4","5","0"
"180962","1","0","0"
"181174","4","4","0"
"181556","11","25","0"
"183005","0","9","0"
"183763","4","16","0"
"184201","14","18","177"
"185055","0","35","0"
"185510","3","2","1"
"186046","11","10","2"
"186580","0","47","0"
"187223","0","4","0"
"188138","5","8","0"
"188473","1","15","0"
"189018","0","4","0"
"189090","0","6","0"
"189418","7","13","6"
"190042","2","76","0"
"191275","0","8","0"
"191761","76","89","6"
"192798","9","28","0"
"195124","0","1","7"
"195636","9","38","1"
"195787","22","24","18"
"195812","2","1","1"
"197141","4","10","3"
"197962","1","3","0"
"198040","0","3","0"
"198301","1","19","0"
"200794","35","25","4"
"200985","26","62","1"
"201042","4","13","1"
"201990","6","6","0"
"202553","5","19","1"
"202914","0","1","0"
"202969","4","12","0"
"204620","1","13","0"
"204968","34","28","2"
"205546","7","12","2"
"206404","117","415","0"
"208013","0","26","0"
"208581","7","14","0"
"209129","27","15","0"
"209288","29","30","3"
"209942","14","88","0"
"210085","1","4","0"
"210867","30","48","2"
"212264","4","9","1"
"212435","1","17","0"
"212649","9","27","2"
"212774","13","9","2"
"212869","64","78","0"
"212889","5","18","0"
"213050","1","3","0"
"213114","1","6","1"
"213371","1","2","0"
"216248","41","78","4"
"217666","35","12","214"
"217844","11","14","2"
"217909","1","13","0"
"218408","10","13","1"
"219072","4","3","0"
"219153","51","68","0"
"219222","2","5","0"
"219519","5","7","4"
"220040","5","20","0"
"220765","58","45","25"
"220997","28","19","1"
"221007","0","5","0"
"221166","2","11","1"
"221631","0","28","0"
"221794","5","4","0"
"222189","3","3","0"
"223752","23","34","6"
"223960","0","1","0"
"224254","11","7","0"
"224734","6","24","7"
"226118","37","83","0"
"226513","1","4","1"
"227294","2","29","0"
"227711","2","5","0"
"228371","6","13","3"
"228738","4","1","0"
"229250","5","23","0"
"229326","326","23","36"
"229743","18","81","5"
"229864","4","5","14"
"230055","7","21","1"
"230833","0","49","1"
"231125","1","13","0"
"231238","40","18","0"
"231740","12","21","0"
"231762","94","48","1"
"231839","26","42","4"
"232519","23","237","0"
"232649","0","0","0"
"232710","4","8","0"
"233347","5","17","0"
"233365","0","1","0"
"233382","0","8","0"
"234110","9","19","1"
"234440","48","21","7"
"235019","1","1","1"
"235146","4","14","1"
"235548","17","27","1"
"236062","30","27","2"
"237012","3","7","0"
"237222","6","8","0"
"237740","2","3","0"
"238074","29","22","1"
"239101","22","35","31"
"240385","11","15","0"
"240845","3","3","0"
"241153","13","46","1"
"241164","8","14","11"
"241211","18","19","137"
"241552","8","17","0"
"241740","15","20","4"
"241899","0","16","0"
"242021","17","22","0"
"242189","2","114","0"
"242278","9","25","0"
"242365","4","28","0"
"243303","2","4","0"
"243493","1","17","0"
"244136","4","25","0"
"244930","3","37","0"
"245790","3","5","2"
"245858","6","7","0"
"245915","5","31","1"
"247245","8","3","0"
"247451","3","19","0"
"247869","2","13","0"
"248567","18","33","56"
"249097","5","19","0"
"250517","9","21","0"
"250975","0","8","0"
"251267","11","13","2"
"251859","2","37","0"
"252025","23","29","0"
"252858","18","37","0"
"253065","0","11","0"
"253127","7","34","0"
"253961","1","7","0"
"254343","48","60","22"
"254915","0","2","1"
"255243","50","39","9"
"255966","1","16","5"
"256170","3","8","0"
"257470","13","11","2"
"257561","2","3","4"
"258986","9","18","0"
"259538","10","7","1"
"259592","1","12","0"
"259686","7","16","1"
"260313","15","338","17"
"260516","24","26","0"
"260675","0","3","0"
"261010","24","35","9"
"262748","11","13","0"
"263801","6","16","1"
"263858","11","11","7"
"264022","7","10","1"
"264031","2","8","0"
"264294","10","12","0"
"264822","26","15","46"
"265954","8","9","13"
"266254","50","31","2"
"267280","6","6","0"
"267455","8","8","0"
"267693","3","15","1"
"267874","6","41","1"
"268581","39","60","0"
"269931","2","30","0"
"270155","4","7","3"
"270592","13","55","1"
"271450","33","43","0"
"272478","2","5","0"
"272689","0","3","0"
"274030","29","66","4"
"274460","44","39","0"
"276168","4","20","1"
"277128","26","42","7"
"277332","5","19","0"
"277700","2","17","0"
"278403","2","3","0"
"279147","9","17","0"
"279236","22","21","1"
"279738","8","11","1"
"279806","3","17","0"
"280473","4","2","0"
"281221","10","29","1"
"281274","2","6","0"
"281657","12","5","1"
"281965","73","81","0"
"282694","22","20","6"
"282901","6","8","0"
"283787","0","9","4"
"283895","34","40","1"
"284013","8","25","0"
"284285","5","1","0"
"284895","3","12","6"
"285678","33","13","1"
"286807","39","52","2"
"287476","44","152","184"
"287812","4","12","0"
"288096","39","40","0"
"288201","3","18","4"
"288564","1","29","0"
"289784","9","43","2"
"290460","8","14","0"
"290580","8","10","1"
"290910","27","80","0"
"293147","24","49","0"
"294552","1","7","0"
"294836","15","39","0"
"294884","323","224","52"
"296555","17","192","0"
"298103","27","33","0"
"298182","23","18","3"
"299774","38","23","3"
"300664","1","2","0"
"300741","24","43","0"
"301166","12","16","0"
"301514","1","5","0"
"302003","1","38","0"
"303484","39","20","0"
"303723","2","5","0"
"304090","7","8","1"
"304266","11","18","2"
"304645","3","29","0"
"304955","1","15","0"
"305020","21","64","6"
"306323","0","16","1"
"306351","14","8","1"
"306999","1","7","0"
"307944","5","11","0"
"307968","0","8","0"
"308451","0","13","0"
"308523","5","4","1"
"308578","17","20","3"
"308630","4","4","1"
"309031","2","4","0"
"309960","9","101","0"
"310852","2","16","14"
"311168","2","21","0"
"311255","2","12","0"
"312771","0","2","40"
"313265","30","114","1"
"313414","22","38","0"
"313663","28","125","1"
"314193","8","23","0"
"314334","14","15","11"
"315024","30","25","22"
"315702","5","4","1"
"316847","0","12","0"
"317832","7","4","2"
"318414","18","20","1"
"318765","18","20","3"
"319542","5","7","3"
"319826","57","60","160"
"320121","4","8","3"
"321302","7","7","1"
"321542","14","9","0"
"323015","1","13","0"
"323316","2","20","0"
"323631","9","10","0"
"323720","0","1","0"
"324407","7","83","0"
"325868","20","48","0"
"326807","179","316","111"
"327038","1","10","1"
"327598","4","280","0"
"327786","1","8","1"
"328115","13","25","1"
"328730","1","7","3"
"329496","14","9","0"
"331325","10","17","7"
"331655","0","19","0"
"333153","7","28","1"
"333276","3","25","0"
"333403","3","25","0"
"333599","21","22","8"
"333638","14","14","0"
"334357","2","12","1"
"336311","11","11","0"
"337772","0","4","0"
"337934","2","6","0"
"338059","0","34","0"
"338265","16","8","1"
"338560","8","8","1"
"339144","3","14","2"
"341062","3","7","0"
"341744","13","38","0"
"341980","0","24","0"
"341998","0","1","0"
"343452","3","21","1"
"344141","0","5","0"
"344159","2","2","0"
"345350","1","10","2"
"347549","0","2","0"
"348193","0","36","0"
"348851","0","21","0"
"349169","5","18","0"
"349708","0","7","0"
"350937","3","4","0"
"351049","0","80","0"
"351154","1","13","0"
"351708","0","10","0"
"351758","10","5","0"
"351826","0","10","0"
"351836","6","5","0"
"352640","7","8","0"
"352826","5","38","0"
"353714","11","21","1"
"353878","5","6","0"
"353911","11","3","2"
"354473","3","1","1"
"356506","0","7","0"
"356579","7","7","0"
"357222","0","5","0"
"357313","26","19","23"
"357429","8","30","0"
"358006","7","7","0"
"359253","27","67","0"
"359765","10","11","0"
"360362","8","9","0"
"360365","13","27","2"
"361177","4","181","0"
"361413","11","5","3"
"361714","7","4","2"
"362792","5","32","0"
"364157","3","11","0"
"364183","0","4","0"
"364568","0","9","0"
"364595","13","5","104"
"364966","11","32","0"
"365107","12","61","0"
"366749","0","22","0"
"367381","62","11","5"
"367433","5","41","0"
"368034","4","9","1"
"369001","2","16","0"
"370238","2","29","0"
"370594","77","60","8"
"371908","8","17","3"
"372172","95","35","25"
"373438","7","18","0"
"373815","3","15","2"
"374835","0","7","0"
"375148","1","6","0"
"376445","5","19","1"
"376967","6","31","0"
"377476","18","19","0"
"377960","5","11","0"
"378360","2","6","0"
"378506","9","22","0"
"378779","71","629","33"
"379279","8","20","2"
"379779","0","2","0"
"379902","1","16","0"
"381179","67","32","0"
"382177","1","8","0"
"383426","54","36","0"
"383568","9","17","0"
"384309","0","6","0"
"385132","4","4","0"
"387408","9","17","1"
"388158","110","119","0"
"388716","2","8","1"
"389023","4","18","0"
"389976","7","67","0"
"390122","1429","1671","4"
"390462","43","77","1"
"390513","0","7","0"
"391691","20","13","19"
"391715","9","15","4"
"393021","7","4","0"
"393652","0","2","0"
"394253","8","13","0"
"395416","1","5","0"
"395693","5","11","0"
"395879","11","22","0"
"396005","20","53","2"
"396483","124","118","3"
"396573","8","32","0"
"396862","2","5","0"
"397671","3","4","0"
"397807","7","48","0"
"398844","2","3","0"
"399584","8","38","3"
"401059","225","301","24"
"401096","20","36","1"
"401226","5","17","0"
"401278","38","107","4"
"401712","19","31","12"
"403425","51","44","0"
"404861","6","8","0"
"405454","5","15","1"
"406290","0","17","1"
"406642","2","4","1"
"408556","1","5","0"
"409508","1","2","0"
"409533","3","36","0"
"410439","9","13","0"
"410996","2","14","1"
"411262","5","36","0"
"411282","32","31","7"
"412024","0","0","0"
"412528","8","7","0"
"412529","2","8","0"
"412772","6","13","0"
"414415","2","7","1"
"415157","2","6","0"
"415251","23","42","6"
"415334","5","13","0"
"415982","22","14","0"
"416549","0","2","0"
"417513","4","6","0"
"417899","2","5","1"
"418057","4","9","4"
"418332","4","26","0"
"418950","17","62","0"
"420096","49","20","6"
"421467","47","99","3"
"421602","3","8","0"
"421642","6","14","3"
"422663","7","11","0"
"422957","2","43","1"
"423033","6","3","0"
"423199","20","34","0"
"423411","49","37","0"
"423703","2","1","0"
"425722","2","4","0"
"426320","31","120","4"
"427525","17","58","0"
"428586","2","40","0"
"429071","4","16","1"
"429091","16","60","0"
"429100","11","168","5"
"429476","5","20","1"
"429555","1","5","0"
"430151","43","29","3"
"430615","5","3","1"
"431246","3","1","0"
"431698","1","2","0"
"432987","1","8","0"
"433202","37","38","1"
"435682","0","8","0"
"436422","1","4","0"
"436794","6","9","1"
"437054","15","8","1"
"438157","6","4","3"
"438249","4","5","0"
"438267","9","22","0"
"438780","9","15","0"
"440172","10","16","1"
"440472","8","109","0"
"440657","0","7","3"
"440696","16","8","1"
"441197","0","9","0"
"441878","13","16","2"
"441914","3","22","2"
"442041","0","24","0"
"443297","0","1","0"
"443431","9","3","0"
"446039","0","1","0"
"446610","21","35","0"
"446792","15","88","2"
"447599","0","39","2"
"448145","1","16","0"
"448551","1","3","0"
"449007","0","7","0"
"449193","10","15","0"
"449688","5","4","0"
"450356","0","1","0"
"451601","1","24","0"
"451893","200","217","9"
"452414","3","28","0"
"452486","37","25","3"
"453463","24","41","0"
"453623","0","6","0"
"454012","4","9","0"
"454615","46","35","3"
"454827","1","10","0"
"455535","0","1","0"
"456669","19","209","0"
"456791","3","13","0"
"458157","66","57","17"
"459082","0","9","1"
"459345","4","3","0"
"459565","49","61","6"
"459750","30","86","2"
"460147","0","30","0"
"461444","37","31","1"
"461982","16","30","2"
"462162","9","7","0"
"462639","15","29","14"
"462669","21","56","4"
"463206","15","52","3"
"463439","24","19","13"
"464435","6","5","1"
"465100","20","44","0"
"465139","47","20","4"
"465446","4","42","0"
"466048","5","2","0"
"466363","1","3","0"
"467851","12","16","2"
"468384","0","16","0"
"468910","48","41","5"
"469294","13","20","1"
"469491","24","27","6"
"469755","3","28","3"
"470225","1","2","0"
"471376","23","43","19"
"471614","0","18","0"
"472987","4","14","1"
"473481","0","5","0"
"474411","1","3","1"
"475766","3","11","1"
"476266","8","24","0"
"476759","10","18","0"
"477008","7","11","0"
"477496","0","4","0"
"477902","0","19","0"
"478018","24","12","2"
"478162","7","9","0"
"479156","137","740","26"
"479654","2","14","0"
"480118","302","119","0"
"481656","2","16","0"
"481812","12","14","2"
"481816","5","19","0"
"482270","101","10","4"
"482519","4","8","0"
"482682","2","29","2"
"483536","0","53","0"
"484499","0","2","0"
"485674","7","36","0"
"486233","3","3","2"
"486595","39","34","0"
"487056","3","7","0"
"488012","12","6","0"
"488609","5","11","2"
"488905","0","38","0"
"489088","29","14","1"
"490188","12","16","2"
"490953","3","6","0"
"491754","9","150","0"
"492132","1","8","0"
"492158","0","4","0"
"492482","86","110","0"
"493521","38","13","9"
"493566","4","12","0"
"493804","10","45","1"
"495244","0","5","0"
"495995","0","23","0"
"496038","3","575","0"
"496562","7","6","0"
"496854","16","113","0"
"497127","12","66","3"
"497648","17","9","0"
"497719","5","12","5"
"498227","2","1","0"
"498391","17","35","0"
"499131","5","54","0"
"499839","2","12","2"
"500936","4","9","0"
"501017","2","2","0"
"501113","75","14","1"
"501439","5","31","0"
"501827","14","13","1"
"502214","0","17","0"
"502846","7","15","0"
"503246","23","59","0"
"503510","0","64","0"
"504474","15","20","0"
"504685","0","3","0"
"504717","9","31","0"
"505191","2","4","584"
"505984","47","28","0"
"507028","25","32","2"
"507761","79","23","4"
"508134","5","7","0"
"508382","0","5","0"
"508681","6","5","1"
"509940","36","194","0"
"509977","4","29","0"
"510423","1","14","0"
"511012","19","67","0"
"511804","10","9","0"
"513710","58","51","0"
"513729","0","2","0"
"514069","11","19","0"
"514485","7","6","1"
"515310","2","4","0"
"516126","5","4","0"
"518879","82","151","16"
"519348","34","104","1"
"521554","21","19","1"
"521624","54","190","1"
"522330","5","32","2"
"522607","25","86","0"
"523079","43","17","0"
"524324","3","24","0"
"524504","24","56","0"
"525038","98","57","18"
"525203","2","4","1"
"525578","3","13","1"
"527513","26","32","0"
"527516","37","44","1"
"528020","1","3","0"
"528481","16","17","0"
"529282","193","340","26"
"529403","4","17","4"
"529829","14","10","1"
"530545","3","9","0"
"530884","4","28","0"
"531679","10","65","44"
"534056","2","6","0"
"534238","103","15","2"
"534858","7","59","0"
"535884","3","16","0"
"536262","38","31","3"
"536538","8","30","0"
"536590","4","35","2"
"537503","10","41","0"
"537682","9","16","0"
"537980","36","145","23"
"538160","0","3","0"
"538697","31","174","1"
"539048","10","8","6"
"540144","3","1","0"
"541065","1","14","0"
"541917","2","29","0"
"543136","4","4","12"
"543770","10","6","0"
"543913","10","23","0"
"544963","31","77","3"
"545637","10","9","1"
"546634","23","41","20"
"547239","3","11","0"
"548655","25","8","0"
"548997","61","44","3"
"550235","26","16","6"
"551269","10","19","0"
"551357","10","34","3"
"552185","0","4","0"
"552510","16","30","1"
"553663","26","32","97"
"553865","19","14","7"
"555451","8","13","0"
"559079","6","14","4"
"561380","13","299","0"
"561541","0","6","0"
"561710","12","10","0"
"562644","3","14","0"
"563979","1","3","0"
"564092","1","6","0"
"565487","1","6","0"
"565782","8","4","0"
"567595","33","188","0"
"569711","14","102","0"
"571380","2","7","1"
"571517","10","11","4"
"572747","2","3","0"
"573220","6","45","0"
"573505","4","7","0"
"573976","0","9","0"
"574263","37","54","1"
"574379","6","26","1"
"574722","1","24","1"
"575338","1","2","0"
"576153","6","25","1"
"576860","7","40","2"
"577167","32","112","4"
"578552","4","4","1"
"579019","1","0","0"
"579580","0","6","0"
"580937","3","9","0"
"582333","6","67","0"
"583044","19","20","2"
"583301","3","16","1"
"583875","13","36","1"
"584262","0","0","0"
"584670","6","27","0"
"584940","23","11","13"
"585080","2","9","0"
"585495","93","135","3"
"586652","19","9","6"
"587026","3","5","0"
"587370","0","3","0"
"588003","2","6","0"
"588437","21","27","7"
"588492","69","74","0"
"589823","1","7","1"
"589921","12","26","0"
"591234","1","3","0"
"591285","43","67","0"
"592868","3","8","0"
"593146","9","69","0"
"593425","17","56","0"
"594763","38","71","0"
"594832","3","15","0"
"595152","5","6","0"
"595990","9","6","0"
"597065","1","6","1"
"597609","5","7","1"
"598141","27","270","11"
"599390","0","19","0"
"599743","9","13","0"
"599765","35","51","2"
"599884","1","14","0"
"599971","2","0","0"
"600339","0","15","0"
"600360","15","17","8"
"601245","6","9","2"
"601622","9","12","0"
"603036","18","22","0"
"603541","0","10","0"
"603962","0","10","0"
"604048","2","9","7"
"604382","5","5","3"
"604608","2","21","0"
"604990","12","22","0"
"606496","2","8","0"
"606662","3","10","0"
"608042","137","568","20"
"609176","4","5","0"
"609285","36","61","0"
"611819","36","61","5"
"612580","2","33","0"
"612704","1","2","1"
"615030","3","5","0"
"615274","13","26","0"
"616971","0","12","0"
"618099","16","70","2"
"618794","0","6","0"
"620192","9","16","0"
"620723","1","18","0"
"621401","22","13","1"
"621827","9","14","1"
"622145","41","13","1"
"624368","3","9","0"
"624597","5","9","0"
"624624","1","5","0"
"625919","9","21","0"
"626533","4","4","2"
"626601","3","12","2"
"626639","1","9","1"
"628006","18","36","2"
"628318","4","14","0"
"628418","22","7","13"
"628532","18","17","0"
"628981","7","29","0"
"629530","2","10","0"
"630203","13","67","0"
"630780","14","107","3"
"631266","142","430","0"
"631549","4","27","0"
"631764","2","32","3"
"632445","88","90","2"
"632537","6","44","1"
"632555","0","9","0"
"633000","3","11","2"
"633864","21","11","0"
"634336","3","11","2"
"634698","32","52","0"
"634914","1","6","0"
"635364","4","9","0"
"635822","128","22","13"
"636849","2","2","0"
"637208","19","16","0"
"637718","2","10","0"
"638413","15","23","10"
"638764","127","184","63"
"639040","1","6","0"
"639153","2","19","0"
"639441","1","12","0"
"639676","2","52","0"
"639722","11","41","0"
"639829","3","28","0"
"640224","6","12","0"
"640588","0","2","0"
"640746","0","1","0"
"641135","7","54","176"
"641470","4","6","0"
"643208","2","2","0"
"643716","1","9","0"
"644326","3","10","0"
"644511","4","3","0"
"645016","7","9","2"
"646056","1","13","1"
"646173","11","24","0"
"647380","1","3","0"
"648368","7","25","0"
"648499","0","2","0"
"648741","1","20","0"
"649497","3","11","0"
"649922","3","8","0"
"650004","7","8","1"
"650133","0","2","0"
"650158","2","10","3"
"650839","0","1","0"
"651827","26","44","0"
"651887","32","137","0"
"652497","53","48","3"
"652528","19","40","0"
"652728","7","8","0"
"653069","1","10","0"
"653182","151","144","12"
"653473","4","42","0"
"654928","8","17","0"
"655275","0","2","0"
"657703","7","32","0"
"658182","0","22","0"
"658976","90","63","2"
"659077","4","3","0"
"659149","11","63","0"
"659188","2","11","0"
"659466","36","20","1"
"659732","5","15","0"
"659988","4","23","0"
"660896","8","14","5"
"661140","0","17","0"
"661424","15","22","0"
"662345","0","31","0"
"664456","15","21","0"
"666416","1","4","1"
"666887","5","8","0"
"668455","52","36","4"
"669294","0","12","1"
"671282","7","18","1"
"671509","13","13","3"
"672833","19","39","2"
"672958","28","48","0"
"673271","5","17","1"
"673463","1","2","0"
"676439","5","15","0"
"677173","0","0","0"
"677983","0","24","0"
"678412","20","16","0"
"679240","27","87","0"
"680318","5","6","2"
"680583","8","13","0"
"681444","29","81","0"
"681586","3","10","0"
"683319","8","3","1"
"683329","6","295","0"
"683501","3","150","0"
"684776","22","48","24"
"685746","104","150","0"
"685806","254","22","103"
"686184","28","11","1"
"686534","0","13","0"
"687137","53","54","13"
"687896","5","56","1"
"689923","27","30","0"
"690188","7","3","1"
"690374","6","6","0"
"691105","27","28","0"
"692167","11","13","0"
"694162","4","5","0"
"694360","9","11","0"
"696836","7","5","0"
"697031","0","8","0"
"698678","6","10","0"
"698984","3","4","0"
"700170","16","39","6"
"700390","3","5","0"
"700827","24","8","4"
"701263","11","37","0"
"701449","0","3","0"
"701666","0","6","0"
"701869","2","3","0"
"702846","10","18","6"
"703161","2","40","0"
"704132","1","1","0"
"704532","4","0","0"
"704681","3","3","0"
"704808","0","1","2"
"706346","75","182","3"
"706363","23","74","4"
"706983","9","35","0"
"709234","12","27","0"
"709711","3","10","0"
"710286","7","19","0"
"710530","15","8","0"
"712700","8","7","0"
"713861","44","35","2"
"714707","10","2","0"
"715363","3","6","0"
"715458","29","38","4"
"717508","17","10","0"
"718349","10","5","0"
"718960","132","154","19"
"721666","7","11","0"
"721758","0","4","0"
"722393","62","56","16"
"722796","20","18","5"
"726730","75","73","4"
"728815","19","16","0"
"729282","0","2","1"
"729819","26","30","0"
"731178","18","9","0"
"732570","7","35","0"
"733092","54","52","9"
"733637","27","103","8"
"733889","10","19","0"
"734861","17","21","0"
"735897","2","118","0"
"736987","0","12","0"
"737453","37","11","0"
"738287","226","338","22"
"738662","1","3","0"
"738708","5","4","0"
"738953","1","2","3"
"740233","2","26","2"
"740639","2","15","0"
"740888","12","25","0"
"741136","70","9","15"
"741156","2","5","0"
"741368","28","36","0"
"742081","87","77","0"
"744133","4","15","2"
"744680","2","41","3"
"746100","13","40","0"
"748102","0","6","0"
"748503","0","5","0"
"749509","28","67","3"
"750250","1","2","0"
"750376","15","6","0"
"751200","5","6","0"
"752142","0","0","1"
"752920","3","24","0"
"753739","0","3","0"
"754060","1","10","0"
"754250","9","5","0"
"754494","11","5","0"
"754536","11","26","0"
"757071","8","48","3"
"757661","16","23","0"
"757714","46","29","1"
"758288","9","13","0"
"758765","39","38","16"
"761100","23","35","0"
"761388","0","7","0"
"761468","7","7","5"
"761963","8","29","7"
"762028","7","22","1"
"762747","0","1","0"
"764624","16","68","4"
"765076","9","18","0"
"765091","1752","274","0"
"765955","6","7","0"
"765971","8","11","0"
"766952","7","15","0"
"767632","106","54","1"
"767664","1","45","1"
"767903","3","27","0"
"768439","1","6","0"
"768656","1","19","0"
"769326","3","9","0"
"769900","3","6","3"
"771066","3","5","0"
"771431","5","16","0"
"771469","17","24","3"
"771768","45","20","8"
"772810","28","19","5"
"772992","1","10","0"
"773173","1","4","0"
"774432","6","51","7"
"774575","72","61","1"
"775163","3","3","0"
"776348","1","19","0"
"776953","12","12","5"
"777689","20","70","0"
"777745","4","2","2"
"777775","4","28","0"
"777985","29","163","7"
"778117","0","77","0"
"778234","3","13","0"
"778430","9","14","0"
"778508","24","14","1"
"778517","8","3","0"
"779340","12","45","0"
"780291","9","17","0"
"781938","24","49","0"
"782013","17","24","0"
"784771","1","2","0"
"785213","44","22","3"
"785523","44","25","0"
"785593","6","31","5"
"786376","8","48","0"
"786389","20","19","0"
"786559","20","7","0"
"786593","15","54","1"
"786644","0","7","0"
"787182","5","29","0"
"787399","3","75","0"
"787796","0","6","0"
"787958","16","20","0"
"788168","18","8","10"
"789380","8","12","1"
"790737","4","8","0"
"792888","33","38","13"
"793896","9","25","0"
"794128","5","10","0"
"794450","217","717","7"
"794749","385","590","110"
"795131","2","2","0"
"795683","12","16","2"
"795705","1","26","0"
"796761","42","33","25"
"796999","0","9","0"
"797133","19","22","0"
"797223","50","244","1"
"798346","11","63","2"
"798371","5","34","0"
"799379","17","7","0"
"800093","0","16","0"
"803194","4","23","1"
"803359","34","185","2"
"805007","5","79","0"
"805031","3","7","0"
"806430","0","8","0"
"806876","0","36","0"
"809671","5","4","0"
"810007","0","3","0"
"811799","40","15","1"
"812053","10","5","0"
"812102","28","24","11"
"812369","0","33","0"
"812660","2","9","0"
"812915","12","6","0"
"813981","1","3","0"
"814463","2","110","0"
"815371","1","6","0"
"815612","16","40","0"
"816017","3","6","0"
"816116","2","56","0"
"816536","7","12","0"
"818824","10","36","0"
"819007","18","23","0"
"819887","84","49","197"
"820795","0","17","0"
"821497","13","26","0"
"821674","6","34","0"
"821918","4","6","0"
"823368","0","2","0"
"823371","1","1","0"
"824434","6","8","0"
"824904","0","14","0"
"825860","0","2","0"
"826308","19","13","0"
"826511","1","50","0"
"827129","4","42","5"
"828184","5","11","0"
"830841","3","10","0"
"830905","58","25","27"
"830988","11","8","1"
"831460","14","43","1"
"832009","14","112","2"
"832573","3","12","0"
"832859","1","40","0"
"833960","9","17","2"
"834114","27","37","0"
"835145","0","447","0"
"836215","44","30","0"
"836450","2","2","1"
"836748","15","22","5"
"836850","4","4","0"
"836982","6","4","0"
"836995","18","11","0"
"837299","2","5","0"
"837451","1","10","0"
"837717","63","127","1"
"839128","2","14","0"
"839338","5","16","0"
"839513","8","28","3"
"841424","5","12","1"
"843943","148","97","3"
"844177","2","10","1"
"844976","11","1","0"
"845356","14","27","14"
"846117","9","8","0"
"846163","1","14","0"
"846348","26","14","2"
"846504","0","0","0"
"847962","58","46","33"
"848668","10","9","2"
"850138","5","3","0"
"850347","3","5","0"
"850380","11","37","0"
"850980","2","5","0"
"851200","0","34","0"
"854342","6","8","0"
"854694","0","28","0"
"857727","89","204","3"
"857731","1","7","0"
"859485","13","15","0"
"859591","10","9","1"
"860488","5","3","1"
"861594","16","29","5"
"861615","23","35","0"
"861704","1","24","0"
"862382","16","16","0"
"863311","1","8","0"
"863521","24","32","0"
"863651","15","17","1"
"864233","12","72","15"
"864406","4","5","0"
"864696","14","44","3"
"865481","7","3","0"
"866333","13","18","0"
"866527","9","223","1"
"866670","2","4","5"
"867681","1","12","0"
"868247","13","21","0"
"869809","5","9","0"
"869942","26","33","7"
"870207","8","6","0"
"871364","2","168","0"
"871410","57","59","0"
"873003","0","0","0"
"874660","41","203","3"
"874814","1","5","0"
"875083","14","3","2"
"876038","7","20","0"
"878469","22","15","0"
"878700","25","25","0"
"878701","79","65","10"
"879365","2","8","0"
"879601","11","19","1"
"879977","5","8","0"
"880783","98","123","0"
"882102","0","9","0"
"882371","2","15","0"
"882638","3","13","0"
"884101","142","771","3"
"884143","19","32","0"
"884931","47","166","0"
"885098","11","15","0"
"885922","8","22","7"
"886432","41","11","0"
"886945","2","20","0"
"887074","7","22","1"
"888525","20","16","2"
"888580","187","81","4"
"888894","44","37","6"
"889030","5","24","2"
"889126","0","9","0"
"889742","22","28","0"
"890809","6","7","0"
"891715","1","7","0"
"891772","0","14","0"
"893099","0","15","0"
"893231","0","12","0"
"893898","40","64","0"
"893952","35","81","13"
"893991","35","11","0"
"895279","56","62","0"
"895640","1","26","0"
"896012","21","26","3"
"896631","12","5","0"
"896657","1","5","1"
"896886","7","6","3"
"897007","12","27","1"
"898142","1","18","0"
"898678","15","29","0"
"899365","5","11","0"
"899862","58","52","65"
"899863","12","17","0"
"899918","7","6","0"
"900394","11","27","0"
"901290","9","36","0"
"901311","9","15","0"
"901597","8","12","2"
"901899","1","13","0"
"902036","4","23","0"
"903014","0","15","0"
"903783","9","66","0"
"904148","5","5","4"
"904156","16","23","0"
"904178","3","4","0"
"904375","1","14","0"
"904679","0","25","0"
"905374","1","18","0"
"905959","5","2","0"
"907186","15","12","0"
"907480","1","13","0"
"907986","43","48","3"
"908121","2","5","0"
"908624","3","7","0"
"909180","10","8","2"
"910074","39","50","0"
"913347","3","10","0"
"913569","7","19","3"
"913761","0","5","0"
"916225","128","109","158"
"916236","6","10","0"
"916491","0","0","0"
"916826","3","3","1"
"916937","3","55","0"
"917492","19","362","8"
"917885","0","14","0"
"918602","9","10","1"
"918626","9","19","0"
"918858","7","14","0"
"919264","3","12","0"
"920069","1270","1591","43"
"921496","4","8","0"
"921573","16","48","4"
"922723","3","7","0"
"923557","7","7","1"
"924677","9","26","0"
"924820","4","19","0"
"925135","31","66","0"
"925196","4","5","0"
"925592","30","216","0"
"925649","1","4","11"
"927172","0","10","0"
"928532","19","13","0"
"929026","2","26","0"
"929321","20","27","4"
"929437","7","5","0"
"931247","20","30","0"
"931625","16","13","1"
"932052","17","16","4"
"933198","53","526","229"
"934719","2","4","0"
"934829","0","2","0"
"935330","23","19","1"
"935715","3","13","0"
"936269","23","37","4"
"936284","0","5","0"
"936494","13","2","0"
"937938","23","15","0"
"938227","1","68","0"
"938436","0","27","2"
"938956","0","2","0"
"939133","3","97","0"
"939630","101","93","3"
"940637","2","3","0"
"941548","3","7","0"
"942261","4","27","0"
"942774","3","12","3"
"943435","0","0","92"
"944070","1","13","1"
"944190","10","11","0"
"944474","1","16","0"
"944911","60","15","13"
"945226","4","14","4"
"945871","330","463","3"
"946478","6","27","0"
"946500","0","7","1"
"946904","3","19","0"
"947012","14","40","1"
"947229","0","0","2"
"947386","2","10","0"
"947473","0","22","0"
"948359","21","36","4"
"948397","34","62","2"
"949255","2","5","0"
"949280","4","4","0"
"949327","5","37","0"
"950762","1","1","0"
"952480","17","61","0"
"953496","0","14","0"
"954643","10","18","4"
"955594","12","40","1"
"957185","40","166","0"
"957186","32","47","0"
"957841","10","7","3"
"959060","0","6","0"
"959329","4","2","0"
"960819","5","20","1"
"960875","37","26","20"
"963195","1","4","0"
"965666","0","6","0"
"966179","9","25","1"
"966656","72","52","0"
"966940","0","10","0"
"967885","11","19","1"
"968003","8","21","0"
"968671","1","36","1"
"970422","0","52","1"
"970998","5","9","0"
"971695","16","14","0"
"971735","57","21","12"
"972828","6","46","0"
"973402","1","5","0"
"974369","7","9","0"
"974531","1","2","0"
"974700","15","7","1"
"975164","6","103","1"
"975887","6","6","0"
"976470","0","14","0"
"977177","0","2","0"
"978057","40","74","9"
"978302","7","10","0"
"979052","7","355","2"
"979474","6","12","2"
"979898","6","7","0"
"980059","2","1","0"
"980439","1","22","0"
"980521","6","94","0"
"982364","6","27","0"
"983178","1","20","0"
"983559","0","14","0"
"984422","125","213","78"
"984975","6","32","0"
"988260","0","17","0"
"989185","1","9","0"
"989697","0","3","0"
"989920","753","3001","148"
"990129","13","28","0"
"990193","3","10","4"
"991710","30","61","1"
"992165","16","12","0"
"992401","4","33","0"
"992964","3","29","0"
"995018","3","24","0"
"995052","15","334","2"
"995935","11","9","0"
"996787","6","25","0"
"996815","39","32","88"
"996946","6","31","0"
"997251","4","4","1"
"997378","2","7","0"
"997977","0","1","0"
"997979","5","15","0"
"998126","41","21","1"
"998829","0","4","0"
"999223","0","8","0"
"999270","2","6","0"
"1000939","0","6","0"
"1001199","5","9","0"
"1002613","2","3","0"
"1003059","2","48","0"
"1005136","0","7","0"
"1006854","7","22","0"
"1006936","0","4","0"
"1007074","35","10","1"
"1008012","5","3","0"
"1008142","1","16","0"
"1008162","3","2","0"
"1008361","16","9","0"
"1008568","18","21","1"
"1008588","8","13","1"
"1008596","15","78","2"
"1008762","2","3","1"
"1008794","19","48","0"
"1008957","98","240","10"
"1009270","28","101","0"
"1009442","3","28","0"
"1009546","10","80","0"
"1009823","19","66","2"
"1012914","19","165","0"
"1013079","4","4","4"
"1013183","19","10","3"
"1015181","14","25","0"
"1015258","157","120","221"
"1015273","0","12","0"
"1015385","2","20","1"
"1015571","4","15","0"
"1015820","21","18","4"
"1016004","32","80","7"
"1016065","13","17","7"
"1017722","0","3","0"
"1018154","18","35","0"
"1018790","5","15","0"
"1019129","4","96","0"
"1019307","5","14","3"
"1019455","4","12","0"
"1019850","71","251","25"
"1021504","16","94","0"
"1021720","0","8","2"
"1021819","188","342","143"
"1022333","15","6","6"
"1022919","0","2","0"
"1023110","14","36","0"
"1025379","0","2","0"
"1025430","2","6","3"
"1026619","6","6","0"
"1028256","2","12","0"
"1030099","3","104","0"
"1030410","2","34","0"
"1030413","7","30","0"
"1031296","0","4","0"
"1031454","2","5","0"
"1032655","0","6","0"
"1032658","2","15","0"
"1032663","3","55","0"
"1033326","12","13","2"
"1034248","1","2","0"
"1036843","1","26","0"
"1037345","0","8","0"
"1037613","5","5","0"
"1038034","5","5","0"
"1039774","2","4","0"
"1040035","1","74","0"
"1040092","12","55","11"
"1041205","4","25","0"
"1041631","0","72","0"
"1043137","6","27","1"
"1043231","0","53","0"
"1045004","6","10","1"
"1045211","5","22","0"
"1045510","1","10","1"
"1047213","102","33","36"
"1047418","29","36","8"
"1047713","7","10","2"
"1048186","68","102","39"
"1048433","2","9","0"
"1048799","0","97","0"
"1049542","37","30","5"
"1049685","0","3","0"
"1049710","10","3","4"
"1051244","6","9","3"
"1051677","34","31","6"
"1052130","75","41","14"
"1052284","31","30","1"
"1052622","6","11","0"
"1054154","2","19","0"
"1054268","0","4","0"
"1054484","4","2","0"
"1055015","3","11","0"
"1055144","0","2","0"
"1055200","1","8","0"
"1055809","3","15","0"
"1056118","44","58","0"
"1056174","0","8","1"
"1056460","5","32","1"
"1056632","55","45","2"
"1057157","31","64","1"
"1058166","18","13","2"
"1058262","6","9","1"
"1058302","7","12","0"
"1059969","43","93","0"
"1061193","152","139","37"
"1062189","5","2","0"
"1062225","1","47","0"
"1065780","13","29","0"
"1066424","6","10","0"
"1067120","2","6","0"
"1071698","10","42","0"
"1072091","37","52","4"
"1073696","1","5","3"
"1073742","15","39","0"
"1074135","14","11","0"
"1074621","0","38","0"
"1074799","19","33","2"
"1075247","39","159","22"
"1075282","73","43","2"
"1075459","4","7","0"
"1075466","65","105","7"
"1076113","2","8","0"
"1076264","0","111","2"
"1076562","12","47","0"
"1076965","6","7","4"
"1077272","1","14","0"
"1077539","7","24","0"
"1077633","12","30","12"
"1078986","1","29","0"
"1079430","41","36","0"
"1080523","2","418","2"
"1081418","12","11","0"
"1081918","5","13","0"
"1081936","0","21","2"
"1081942","0","12","0"
"1082004","8","13","0"
"1082434","22","19","11"
"1082435","12","27","19"
"1083855","27","25","0"
"1083921","12","81","2"
"1084168","7","11","5"
"1084684","19","15","0"
"1084742","52","57","0"
"1085264","2","13","0"
"1085483","1","7","0"
"1085736","2","7","0"
"1085958","1","10","0"
"1086346","13","35","0"
"1087623","4","15","0"
"1087627","0","3","1"
"1087978","8","13","0"
"1088345","3","2","0"
"1088866","1","4","0"
"1089267","10","14","4"
"1089494","0","32","0"
"1090360","31","61","0"
"1090455","5","4","4"
"1094616","1","12","0"
"1095495","6","51","0"
"1096967","5","6","0"
"1097104","1","3","2"
"1098303","4","34","0"
"1098603","44","65","19"
"1099314","5","8","0"
"1099823","5","6","0"
"1100301","2","7","0"
"1100654","0","2","0"
"1101570","0","2","0"
"1101692","51","166","1"
"1101713","7","32","1"
"1103700","3","12","0"
"1104534","5","13","0"
"1104885","2","13","0"
"1105564","31","19","0"
"1106540","1","7","0"
"1106835","27","10","0"
"1107013","1","42","0"
"1107226","31","18","1"
"1108697","4","13","0"
"1109179","0","33","0"
"1109583","12","37","0"
"1109858","4","22","0"
"1110291","10","88","0"
"1110305","0","4","0"
"1111169","10","21","0"
"1112325","25","11","0"
"1112631","81","29","19"
"1113766","2","35","5"
"1114453","45","70","5"
"1114530","1","8","0"
"1115090","0","10","0"
"1115951","39","118","1"
"1116431","2","10","1"
"1116434","5","11","0"
"1116508","4","1","0"
"1119161","45","61","0"
"1119381","0","1","1"
"1119550","0","23","1"
"1119601","14","9","6"
"1119602","25","28","1"
"1121864","1","7","0"
"1121883","0","4","0"
"1123206","0","81","0"
"1123717","1","3","0"
"1123905","6","23","0"
"1124509","17","44","1"
"1124565","0","14","0"
"1125062","2","40","0"
"1127516","0","1","0"
"1127920","0","5","11"
"1127924","31","49","10"
"1127933","9","26","2"
"1128632","4","5","1"
"1128705","4","6","1"
"1129564","1","15","0"
"1130097","0","5","0"
"1130270","11","9","0"
"1132334","31","32","1"
"1133021","1","1","0"
"1134192","53","107","0"
"1134885","1","5","0"
"1134902","1","27","0"
"1135440","1","12","1"
"1135971","13","26","0"
"1136195","8","3","354"
"1136807","19","12","16"
"1137713","2","9","1"
"1137796","9","5","0"
"1138311","5","15","0"
"1138498","16","15","0"
"1139500","36","30","0"
"1140065","76","116","33"
"1141805","9","3","1"
"1143349","18","26","0"
"1143387","1","48","1"
"1143681","48","39","1"
"1144248","0","5","0"
"1144952","10","15","0"
"1148194","12","134","2"
"1148411","8","17","0"
"1148770","0","39","0"
"1149398","27","42","1"
"1149632","0","41","0"
"1149933","8","13","0"
"1150961","7","2","0"
"1151983","5","31","0"
"1153022","4","19","0"
"1153290","15","25","0"
"1153988","1","8","1"
"1154447","6","30","0"
"1154773","33","50","0"
"1155514","4","21","3"
"1156199","3","12","0"
"1157173","2","18","2"
"1157557","8","11","1"
"1159167","25","60","16"
"1159604","6","20","19"
"1159735","0","1","0"
"1159783","1","14","0"
"1161484","53","109","178"
"1162077","10","21","3"
"1163485","2","23","0"
"1165643","38","64","0"
"1165724","8","90","1"
"1166087","47","42","6"
"1166593","0","39","0"
"1166774","1","3","0"
"1166877","68","59","3"
"1167428","4","57","4"
"1167890","2","12","3"
"1168223","5","8","0"
"1168403","14","28","0"
"1168524","9","3","0"
"1168802","3","10","0"
"1169968","2","2","0"
"1170207","9","52","0"
"1170451","9","19","0"
"1171116","1","7","0"
"1171702","9","33","2"
"1171899","2","10","0"
"1172194","4","5","0"
"1172363","14","49","0"
"1172996","10","11","1"
"1173674","4","22","1"
"1174076","1","43","0"
"1174102","11","57","0"
"1174378","3","12","0"
"1174405","9","15","0"
"1175065","1","45","0"
"1175739","9","6","0"
"1176037","1","9","0"
"1176162","3","52","0"
"1176987","19","15","0"
"1178016","4","91","0"
"1178416","2","34","0"
"1178759","12","26","4"
"1178806","10","10","0"
"1178971","8","18","0"
"1179689","1","10","0"
"1179828","4","32","0"
"1180365","1","19","0"
"1180397","1","2","0"
"1181067","0","28","0"
"1181353","12","34","0"
"1183010","2","9","1"
"1184154","1","11","0"
"1184181","0","20","0"
"1184752","40","66","0"
"1184933","2","14","0"
"1185169","15","33","0"
"1186624","626","220","9"
"1187067","4","3","1"
"1187211","6","14","1"
"1188074","49","102","4"
"1188729","10","10","0"
"1190051","11","16","0"
"1190077","9","14","0"
"1191147","154","214","21"
"1191749","30","126","2"
"1191830","0","0","0"
"1193622","1","3","0"
"1194525","0","5","0"
"1195050","2","3","0"
"1195207","19","13","0"
"1195266","1","30","0"
"1197405","4","11","2"
"1198379","16","11","1"
"1198813","3","12","0"
"1199594","7","8","0"
"1200914","12","39","0"
"1200984","19","16","0"
"1201612","1","5","0"
"1201787","1","10","0"
"1201863","44","30","13"
"1202172","23","101","1"
"1202674","0","8","0"
"1203580","4","38","0"
"1203738","18","37","0"
"1204665","46","45","0"
"1205448","41","104","2"
"1207193","17","33","6"
"1207289","35","9","0"
"1208218","3","15","6"
"1209198","24","28","0"
"1209486","20","35","0"
"1209832","4","30","0"
"1209842","2","8","0"
"1211981","1","2","0"
"1212547","2","10","0"
"1215136","5","181","0"
"1215913","11","35","0"
"1216166","0","10","0"
"1217269","4","88","0"
"1217468","1","1","0"
"1217558","5","20","2"
"1217989","1","4","0"
"1219012","1","9","0"
"1219052","18","12","7"
"1219598","0","0","0"
"1221137","0","2","0"
"1221208","446","954","55"
"1221252","0","4","0"
"1221355","24","71","0"
"1222026","8","12","0"
"1223728","6","8","1"
"1223767","3","7","0"
"1224963","0","19","0"
"1225007","1","5","0"
"1226020","26","37","1"
"1226072","0","32","0"
"1226605","0","12","0"
"1226799","4","23","0"
"1226807","22","29","0"
"1226915","1","14","0"
"1228771","29","111","3"
"1228807","2","1","0"
"1229969","9","25","0"
"1230086","5","34","44"
"1230621","15","19","0"
"1230864","0","3","0"
"1231036","0","3","0"
"1231484","31","54","0"
"1231619","2","22","0"
"1232660","47","40","1"
"1232937","23","71","0"
"1232982","1","18","0"
"1233305","9","48","2"
"1234478","3","13","1"
"1234909","4","58","4"
"1235675","3","12","0"
"1236401","7","25","2"
"1238244","56","53","0"
"1240001","8","15","0"
"1242317","7","30","1"
"1244910","12","8","0"
"1245380","1","0","0"
"1245756","0","17","0"
"1246011","6","11","2"
"1246547","48","34","26"
"1246764","0","8","0"
"1247274","1","20","0"
"1247301","6","20","0"
"1247890","0","5","0"
"1248536","1","11","1"
"1248563","37","13","6"
"1249994","4","0","10"
"1250319","14","16","4"
"1250463","0","121","0"
"1250929","28","10","0"
"1251127","20","11","2"
"1253482","1","3","0"
"1253609","13","29","1"
"1254208","34","28","0"
"1254707","8","17","1"
"1254996","0","26","0"
"1255016","2","7","0"
"1255136","10","7","0"
"1256347","142","24","10"
"1257035","3","6","1"
"1257094","8","21","0"
"1257607","15","32","13"
"1257916","1","23","0"
"1258111","13","13","5"
"1258319","73","18","0"
"1258838","13","82","0"
"1259815","2","10","0"
"1259842","13","7","2"
"1260751","8","13","1"
"1260896","0","4","0"
"1260976","0","0","0"
"1261166","0","1","3"
"1261764","3","26","0"
"1261766","122","108","0"
"1262265","3","9","0"
"1262357","8","15","7"
"1263889","30","24","0"
"1263921","14","33","1"
"1264917","16","18","0"
"1264920","3","7","0"
"1266190","0","4","0"
"1267728","0","4","0"
"1268652","14","10","0"
"1270000","18","495","2"
"1273413","2","19","0"
"1273882","137","54","6"
"1274820","4","50","0"
"1274894","0","4","0"
"1275087","0","12","0"
"1275160","0","2","0"
"1275774","2","17","1"
"1275975","0","18","0"
"1276467","1","7","0"
"1276816","10","50","0"
"1276883","20","16","8"
"1277048","1","2","0"
"1277159","16","28","0"
"1277865","11","31","0"
"1279298","4","14","0"
"1280439","216","319","73"
"1280520","0","11","0"
"1280867","89","140","0"
"1281180","2","25","0"
"1281548","2","19","0"
"1281901","10","5","1"
"1282799","0","9","0"
"1282835","1","8","0"
"1282923","12","12","0"
"1282931","0","22","0"
"1283345","11","61","4"
"1284415","5","24","0"
"1284927","9","17","2"
"1285360","0","5","0"
"1288109","6","2","13"
"1288473","8","15","0"
"1288545","8","13","2"
"1288818","1","12","1"
"1289476","0","0","0"
"1289675","2","18","1"
"1289713","4","209","0"
"1290457","4","10","0"
"1290485","9","7","2"
"1291879","3","15","0"
"1292663","12","1","0"
"1292745","13","91","0"
"1293013","1","6","0"
"1293087","0","20","0"
"1293501","15","42","3"
"1293800","5","5","0"
"1293827","1","21","0"
"1294283","53","77","135"
"1294391","1","2","0"
"1294681","5","8","1"
"1297792","4","41","0"
"1298289","1","27","1"
"1298553","6","2","0"
"1299533","44","14","4"
"1301011","0","6","0"
"1302888","31","25","23"
"1303158","6","9","0"
"1303323","5","4","1"
"1303868","12","120","1"
"1303952","4","6","0"
"1305227","0","11","0"
"1305699","8","17","0"
"1306655","0","0","5"
"1306720","3","3","4"
"1306836","4","4","0"
"1307778","3","20","2"
"1308435","0","1","0"
"1308589","0","0","0"
"1308685","0","3","0"
"1308850","27","26","0"
"1308967","18","20","1"
"1308990","0","7","0"
"1309027","7","30","0"
"1309377","0","32","2"
"1309986","7","23","1"
"1310846","5","8","1"
"1311999","5","23","0"
"1315110","1","17","1"
"1315621","6","40","0"
"1315787","3","24","0"
"1317127","8","3","0"
"1317406","7","18","0"
"1318266","16","15","0"
"1318479","2","55","4"
"1319284","33","69","7"
"1319623","138","50","1"
"1322962","8","5","0"
"1324802","6","13","0"
"1325575","5","23","0"
"1325621","0","3","1"
"1328355","4","7","1"
"1328466","1","10","0"
"1328737","10","9","2"
"1329739","0","3","0"
"1330355","3","64","0"
"1330381","10","27","9"
"1331040","54","98","3"
"1331446","20","23","0"
"1331672","30","22","0"
"1332034","13","20","2"
"1332468","1","15","1"
"1332870","28","15","1"
"1333012","20","43","0"
"1333479","3","34","0"
"1333724","17","14","5"
"1333997","0","3","0"
"1334695","9","4","1"
"1335237","3","47","1"
"1335492","27","33","4"
"1336174","16","26","51"
"1336841","1","37","0"
"1338888","23","41","0"
"1340183","3","4","0"
"1340552","1","20","0"
"1340742","7","10","1"
"1341289","2","9","0"
"1341599","1","10","0"
"1341806","14","13","5"
"1342232","29","36","1"
"1343140","13","34","2"
"1343553","10","19","0"
"1343788","0","21","0"
"1344487","1","0","0"
"1345089","42","66","0"
"1346367","23","108","1"
"1347572","35","25","0"
"1349673","18","29","2"
"1350091","3","5","1"
"1350162","31","32","5"
"1351103","4","4","0"
"1351465","0","69","0"
"1351597","3","4","0"
"1352919","0","3","0"
"1353914","3","31","0"
"1354580","1","9","0"
"1354854","0","45","0"
"1356141","19","10","0"
"1356980","6","9","4"
"1357061","1","3","0"
"1357094","69","16","38"
"1358543","59","155","13"
"1361901","33","100","2"
"1363087","8","25","0"
"1363190","0","19","0"
"1364007","11","70","155"
"1364056","5","30","0"
"1364242","20","74","7"
"1364747","34","43","0"
"1364793","0","1","0"
"1365028","3","8","0"
"1365265","0","16","0"
"1367569","4","10","1"
"1368342","26","46","1"
"1368703","8","7","1"
"1369400","363","12","164"
"1370984","3","25","0"
"1371489","0","13","0"
"1371962","3","5","1"
"1371995","0","16","0"
"1372195","4","17","2"
"1372577","73","99","3"
"1373708","36","61","0"
"1374322","6","25","0"
"1375876","0","9","0"
"1375882","12","33","0"
"1377350","1","20","0"
"1377587","30","35","0"
"1377706","24","22","11"
"1378307","9","23","0"
"1378564","2","9","1"
"1378868","9","14","8"
"1379184","21","79","0"
"1380933","3","26","15"
"1381529","6","18","2"
"1381737","10","34","1"
"1383029","6","7","0"
"1383268","1","0","0"
"1383356","0","79","0"
"1383932","0","3","0"
"1384352","0","6","0"
"1385292","6","11","0"
"1385774","0","28","0"
"1386434","7","7","0"
"1386658","0","6","0"
"1386873","31","67","2"
"1387666","78","33","0"
"1388233","0","20","0"
"1389057","2","21","0"
"1389358","7","6","0"
"1390251","5","5","3"
"1390502","12","5","2"
"1391685","3","12","0"
"1392604","9","15","0"
"1393498","0","2","0"
"1394731","0","25","0"
"1394827","8","21","1"
"1395758","17","49","1"
"1395922","3","2","0"
"1396516","39","40","3"
"1396822","27","20","0"
"1397618","4","5","0"
"1398228","45","44","0"
"1399272","19","24","5"
"1400198","1","32","0"
"1401213","19","44","0"
"1406532","1","9","3"
"1408339","17","31","0"
"1409707","0","8","1"
"1410246","4","13","0"
"1410465","3","8","16"
"1410567","8","22","0"
"1412534","21","326","3"
"1412564","5","9","0"
"1412620","2","1","0"
"1413201","1","13","1"
"1413222","4","4","35"
"1416144","7","7","1"
"1416672","1","20","0"
"1418750","4","60","0"
"1420080","24","29","0"
"1420159","0","12","0"
"1420332","7","50","0"
"1421194","4","30","0"
"1421332","15","44","1"
"1421435","0","1","0"
"1422818","0","7","1"
"1423507","2","30","0"
"1426683","12","23","0"
"1426685","4","30","0"
"1427345","35","187","2"
"1428261","10","20","9"
"1429618","3","12","0"
"1430420","7","45","1"
"1431647","0","2","0"
"1431720","472","566","304"
"1431734","28","28","0"
"1431979","5","13","1"
"1432047","0","1","0"
"1432782","1","0","0"
"1432808","1","6","1"
"1433066","44","17","0"
"1434047","33","41","4"
"1434861","5","8","0"
"1435475","37","37","12"
"1436031","0","50","0"
"1436932","1","2","0"
"1437043","28","16","3"
"1438103","2","2","0"
"1439560","3","56","0"
"1439771","2","6","0"
"1440005","43","380","8"
"1440240","55","58","6"
"1440932","0","2","1"
"1441917","3","6","0"
"1443038","5","24","1"
"1443084","1","8","0"
"1443324","5","11","0"
"1443386","19","23","0"
"1444246","7","1","4"
"1445296","1","1","0"
"1447071","3","0","0"
"1447267","17","23","0"
"1449683","2","8","0"
"1450420","1","8","0"
"1450890","3","7","0"
"1451296","3","7","0"
"1451346","13","51","4"
"1452007","32","136","0"
"1452382","6","20","0"
"1453425","5","4","2"
"1456201","32","37","0"
"1456401","7","34","3"
"1457258","0","8","0"
"1457269","4","13","0"
"1458097","154","158","6"
"1458201","8","7","0"
"1459036","159","39","10"
"1460422","7","11","1"
"1460461","7","7","0"
"1460591","18","19","2"
"1461181","20","26","2"
"1461484","0","8","0"
"1462295","26","174","0"
"1463174","4","18","0"
"1463595","3","30","0"
"1463931","0","4","0"
"1464957","6","4","1"
"1465881","6","5","0"
"1466825","54","57","0"
"1467342","0","6","0"
"1467365","0","3","0"
"1467600","20","49","0"
"1467914","614","574","13"
"1469457","36","37","0"
"1469465","24","49","4"
"1469494","12","9","0"
"1469714","11","18","2"
"1470581","8","14","9"
"1470749","16","26","3"
"1471604","32","140","7"
"1472690","2","6","0"
"1472806","53","21","0"
"1473412","22","20","6"
"1474751","3","16","6"
"1476829","6","13","0"
"1477064","7","6","0"
"1478706","10","67","0"
"1480324","19","26","0"
"1480397","2","5","0"
"1480946","83","26","1"
"1481986","15","14","6"
"1482055","17","5","4"
"1483190","34","18","3"
"1483390","8","94","0"
"1483903","13","6","0"
"1483981","1","25","1"
"1484969","10","7","1"
"1485447","10","9","0"
"1485877","2","7","2"
"1485984","14","17","0"
"1486848","33","146","0"
"1487025","1","1","0"
"1487069","33","39","3"
"1487529","38","19","3"
"1487875","5","4","0"
"1488055","3","6","1"
"1488799","23","31","1"
"1489487","0","16","0"
"1489538","4","6","4"
"1490220","0","14","0"
"1490783","18","28","9"
"1490882","0","6","0"
"1491378","1","13","0"
"1491439","22","85","8"
"1492947","0","3","0"
"1492969","2","4","0"
"1493116","8","19","0"
"1493294","9","31","3"
"1494135","0","4","0"
"1495198","1","11","0"
"1495323","1","6","0"
"1495627","18","69","0"
"1496974","10","18","31"
"1497199","6","14","0"
"1497385","12","44","0"
"1497418","1","52","2"
"1497597","21","32","0"
"1498178","44","25","51"
"1498389","2","13","0"
"1498652","3","15","0"
"1499713","1","5","0"
"1499766","69","42","16"
"1499803","2","12","0"
"1499877","62","240","12"
"1500241","2","88","0"
"1501191","26","18","0"
"1501285","6","12","4"
"1502439","11","18","1"
"1503163","2","7","0"
"1503606","0","9","0"
"1505074","5","16","1"
"1505146","3","20","2"
"1506104","9","13","1"
"1506462","1","1","0"
"1506715","5","6","0"
"1507124","122","170","20"
"1507691","292","376","52"
"1508147","5","3","0"
"1508724","2","9","2"
"1509124","2","209","0"
"1509834","26","28","3"
"1511337","53","110","2"
"1512168","6","11","0"
"1512175","0","1","0"
"1512250","6","23","0"
"1513187","23","41","5"
"1514029","0","2","0"
"1514049","23","20","4"
"1514066","0","1","0"
"1516297","0","2","0"
"1518100","45","1172","0"
"1519574","6","9","0"
"1520083","42","3","60"
"1520211","1","12","0"
"1520278","25","42","4"
"1520850","9","10","0"
"1520991","7","80","0"
"1522117","3","18","1"
"1522548","3","19","0"
"1523120","16","8","7"
"1524702","1","4","1"
"1526321","0","90","0"
"1526396","45","104","0"
"1526406","9","103","0"
"1529246","22","42","4"
"1529324","0","169","0"
"1529843","11","29","1"
"1531040","5","26","0"
"1531280","6","3","4"
"1532919","7","8","0"
"1533068","16","29","0"
"1533592","81","165","2"
"1534084","38","52","0"
"1534182","12","22","6"
"1534218","0","2","0"
"1534925","4","16","0"
"1536197","1","5","0"
"1537154","0","12","0"
"1538042","2","4","0"
"1538604","3","2","0"
"1539100","86","38","1"
"1540019","12","12","0"
"1540177","174","144","1"
"1540264","4","6","1"
"1540501","15","9","1"
"1540563","0","2","0"
"1540749","0","21","0"
"1541397","19","43","3"
"1542982","3","16","0"
"1543163","3","7","0"
"1543502","6","15","1"
"1543596","1","2","0"
"1543677","23","17","0"
"1544278","2","13","0"
"1545014","15","13","2"
"1546137","5","17","0"
"1547335","13","36","0"
"1547872","0","3","0"
"1549818","15","4","8"
"1551027","0","75","0"
"1551102","12","15","0"
"1554195","92","123","21"
"1555190","20","35","0"
"1555261","0","12","0"
"1555405","3","8","0"
"1556106","5","1","1"
"1556746","100","37","25"
"1557060","49","119","4"
"1559116","8","100","0"
"1559401","53","64","0"
"1560953","2","23","5"
"1561146","1","13","0"
"1564935","0","15","0"
"1564947","13","25","2"
"1565971","2","4","1"
"1566899","10","32","1"
"1569204","22","102","2"
"1569675","23","38","1"
"1570415","2","2","1"
"1570972","0","7","0"
"1571407","181","258","50"
"1571950","27","86","2"
"1572330","30","20","2"
"1575416","0","8","0"
"1576196","2","4","0"
"1576254","0","7","0"
"1576822","4","18","2"
"1577058","9","26","0"
"1578867","20","18","3"
"1578898","7","19","0"
"1580348","14","148","0"
"1580941","0","0","1"
"1583877","8","11","0"
"1584167","2","7","0"
"1585218","5","16","0"
"1586498","4","10","1"
"1586731","8","0","1"
"1586860","54","103","0"
"1589542","8","3","0"
"1591819","0","0","0"
"1592639","9","7","0"
"1592756","1","42","0"
"1594263","47","60","2"
"1594286","10","32","2"
"1594359","0","18","0"
"1597964","1","4","0"
"1598163","4","17","1"
"1601122","8","2","2"
"1601580","165","763","5"
"1601849","4","20","0"
"1602014","0","4","2"
"1604261","1","13","0"
"1604311","1","9","0"
"1606231","15","12","0"
"1606689","28","60","0"
"1606853","16","46","1"
"1607249","1","9","0"
"1607937","44","76","6"
"1608226","4","6","0"
"1609614","0","8","0"
"1609952","3","23","0"
"1611620","12","26","0"
"1611714","7","23","1"
"1612142","43","30","0"
"1612190","3","22","2"
"1612369","27","16","1"
"1612383","28","22","1"
"1613005","4","7","2"
"1614319","53","118","30"
"1615594","3","7","0"
"1615838","21","72","1"
"1617550","1","15","0"
"1617563","0","4","0"
"1618513","60","30","6"
"1618630","31","57","2"
"1619193","61","539","1"
"1619432","18","27","0"
"1620380","13","20","0"
"1621111","57","21","0"
"1621444","3","4","0"
"1623023","43","14","1"
"1623645","15","25","4"
"1625339","9","1","0"
"1627296","2","17","4"
"1627904","0","0","1"
"1628812","23","26","29"
"1630244","28","70","2"
"1632305","5","13","1"
"1633985","2","8","0"
"1635450","30","124","0"
"1636173","3","3","2"
"1636377","7","32","0"
"1639189","0","14","0"
"1639359","39","46","6"
"1639675","0","4","0"
"1639918","10","10","0"
"1640578","0","0","0"
"1641112","4","128","0"
"1641220","7","15","1"
"1641381","5","17","2"
"1641443","1","15","0"
"1644618","6","6","0"
"1649043","4","30","2"
"1652219","50","52","0"
"1653187","0","32","0"
"1654143","60","58","7"
"1654631","1","1","0"
"1655064","15","19","1"
"1655245","3","20","1"
"1655674","21","43","0"
"1656813","0","14","0"
"1657465","31","58","52"
"1657610","2","30","1"
"1657639","2","73","3"
"1657886","304","386","56"
"1658168","67","34","0"
"1660013","3","22","0"
"1660757","23","5","11"
"1662619","7","46","0"
"1662766","6","9","0"
"1662997","59","52","0"
"1664318","9","21","1"
"1664624","0","8","0"
"1667351","25","52","11"
"1667822","3","12","0"
"1672318","1","6","0"
"1672598","0","12","1"
"1674992","0","13","0"
"1675168","0","15","0"
"1677285","5","23","0"
"1679220","334","497","16"
"1679754","0","13","0"
"1679903","2","17","0"
"1680826","22","28","2"
"1681903","5","10","2"
"1682146","2","19","2"
"1682353","80","100","1"
"1682525","29","66","2"
"1685196","14","128","1"
"1687766","3","14","0"
"1688590","9","13","4"
"1688785","2","41","3"
"1689180","4","22","0"
"1689261","4","3","0"
"1689698","0","9","0"
"1689770","11","10","0"
"1690199","0","32","0"
"1691152","1","26","1"
"1692179","2","4","0"
"1692651","0","1","0"
"1692709","2","7","0"
"1693057","4","5","0"
"1695049","10","6","1"
"1695062","2","20","0"
"1695078","6","19","0"
"1698723","13","35","0"
"1698736","17","32","0"
"1701388","3","22","0"
"1701415","0","9","0"
"1701776","12","3","0"
"1702413","3","0","0"
"1703491","3","21","0"
"1703730","5","18","0"
"1704411","0","12","0"
"1704634","4","7","0"
"1705829","104","533","1"
"1706744","24","20","0"
"1707353","86","224","6"
"1707427","212","399","69"
"1708626","9","10","0"
"1709337","0","7","0"
"1710523","68","29","4"
"1712345","46","172","32"
"1713519","8","3","0"
"1714171","2","1","1"
"1716574","12","19","0"
"1716859","1","13","0"
"1717210","41","72","0"
"1717259","1","5","0"
"1717535","12","49","0"
"1717729","1","12","0"
"1717828","4","15","0"
"1718575","3","12","0"
"1718633","25","35","0"
"1718722","1","8","1"
"1719569","6","7","0"
"1719926","10","80","0"
"1719931","122","81","26"
"1720085","2","0","1"
"1723372","4","25","1"
"1723944","1","3","0"
"1723954","19","11","1"
"1724128","2","3","0"
"1725177","9","39","0"
"1725871","113","56","111"
"1728790","8","23","1"
"1729094","1","11","3"
"1731460","4","13","2"
"1731532","0","6","0"
"1732775","6","13","0"
"1734439","4","11","0"
"1734722","24","33","0"
"1734815","15","40","0"
"1734996","2","71","0"
"1735603","2","5","0"
"1735672","21","34","15"
"1736679","16","28","9"
"1737913","3","7","1"
"1738003","8","129","4"
"1738579","7","11","0"
"1739949","0","0","0"
"1740154","0","4","0"
"1741346","3","9","20"
"1741690","7","22","26"
"1744230","85","180","11"
"1744743","2","6","0"
"1744873","3","39","0"
"1744914","3","11","1"
"1745616","41","56","0"
"1746685","5","22","1"
"1747583","2","10","0"
"1748754","0","12","0"
"1749551","43","83","13"
"1750282","10","69","1"
"1750324","5","50","0"
"1750509","4","5","0"
"1751266","3","14","0"
"1751321","0","1","4"
"1751977","11","14","0"
"1752366","32","49","2"
"1753435","6","31","0"
"1753903","2","19","1"
"1754322","31","40","1"
"1756721","0","3","0"
"1757980","0","4","0"
"1758051","14","14","1"
"1758082","6","8","0"
"1758701","3","4","1"
"1759063","44","63","1"
"1759443","29","18","0"
"1759499","12","21","0"
"1761307","4","7","1"
"1761806","18","15","0"
"1762295","8","22","0"
"1763012","2","5","1"
"1764442","1","14","0"
"1764528","6","72","1"
"1764696","0","3","0"
"1766219","9","52","3"
"1766544","182","238","1"
"1767316","15","13","1"
"1767482","2","1","0"
"1768179","15","7","1"
"1768565","57","25","1"
"1771155","0","2","0"
"1771766","1","9","0"
"1772990","1","11","1"
"1773592","3","25","0"
"1773841","8","8","1"
"1774081","0","27","0"
"1774332","0","7","0"
"1778275","194","429","0"
"1779091","140","616","0"
"1779532","5","169","0"
"1781318","1","6","0"
"1782782","11","23","2"
"1783632","2","7","0"
"1785729","12","3","1"
"1788771","23","17","1"
"1788961","10","74","0"
"1789202","18","20","2"
"1790728","5","18","0"
"1790864","14","22","0"
"1790912","9","12","0"
"1791546","7","40","0"
"1793968","15","34","1"
"1794000","1","30","0"
"1795357","2","40","0"
"1795483","12","37","1"
"1797000","6","5","0"
"1798328","15","18","0"
"1799219","7","7","0"
"1800369","0","37","0"
"1801403","6","65","6"
"1802179","2","1","2"
"1806763","1","10","0"
"1807452","74","355","12"
"1808417","0","0","0"
"1808924","30","5","0"
"1809211","8","26","0"
"1809268","17","8","0"
"1810810","7","17","7"
"1810962","12","21","0"
"1811348","8","64","0"
"1811700","145","395","2"
"1811775","3","8","0"
"1812942","0","2","0"
"1814268","1","2","0"
"1814970","8","19","3"
"1815028","4","33","0"
"1815449","1","18","0"
"1816112","2","3","2"
"1816667","32","20","5"
"1817031","9","34","0"
"1817640","2","10","0"
"1818279","0","3","0"
"1819452","30","82","0"
"1820340","7","13","0"
"1820553","96","146","2"
"1823705","17","20","1"
"1823740","0","6","1"
"1824828","3","2","0"
"1825390","1","5","1"
"1827642","0","11","0"
"1829045","0","4","0"
"1829048","7","27","0"
"1829772","0","2","0"
"1830549","6","7","0"
"1830563","5","56","0"
"1834212","14","10","1"
"1834941","14","44","2"
"1836461","46","87","5"
"1837006","0","56","0"
"1837080","4","11","0"
"1838233","9","6","0"
"1838547","6","5","0"
"1838726","21","37","5"
"1842273","10","92","6"
"1842350","1","9","0"
"1842599","41","38","163"
"1843175","2","13","0"
"1843329","8","13","0"
"1843737","2","10","0"
"1844376","4","5","1"
"1845672","66","43","11"
"1846040","1","13","0"
"1846993","7","24","0"
"1847378","82","11","1"
"1847960","5","8","0"
"1848953","0","31","0"
"1849261","9","27","7"
"1849358","12","72","1"
"1850978","3","41","0"
"1851678","8","27","0"
"1853243","2","8","0"
"1853479","0","2","0"
"1854124","23","25","3"
"1854793","2","11","0"
"1855177","8","14","0"
"1855801","10","8","1"
"1856338","3","10","0"
"1856429","0","34","0"
"1856451","9","26","0"
"1856861","13","4","0"
"1857909","12","38","0"
"1858327","5","13","3"
"1858466","0","7","0"
"1859027","3","233","0"
"1860517","1","11","0"
"1860868","33","18","0"
"1861044","9","18","0"
"1861328","0","24","0"
"1861864","6","15","1"
"1861935","12","7","0"
"1862658","3","19","0"
"1862808","1","12","0"
"1862861","304","23","78"
"1863775","20","11","19"
"1863938","0","25","0"
"1866009","0","5","0"
"1866752","3","10","1"
"1867549","10","10","3"
"1867854","2","5","0"
"1870054","1","5","0"
"1870254","72","10","15"
"1870799","2","5","0"
"1870832","6","21","0"
"1870873","6","19","0"
"1871207","10","11","0"
"1873521","1","16","1"
"1874113","1","1","0"
"1876355","27","37","2"
"1878141","15","12","0"
"1878728","1","2","0"
"1879822","0","2","0"
"1880203","61","233","1"
"1882497","0","33","0"
"1882699","15","17","0"
"1883479","2","13","0"
"1883707","0","16","0"
"1883876","5","12","0"
"1884363","1","17","0"
"1885713","16","105","6"
"1885921","0","4","0"
"1886357","30","65","0"
"1887603","0","6","0"
"1887645","21","54","2"
"1889607","1","9","0"
"1890396","2","5","0"
"1891133","71","53","5"
"1892256","9","80","0"
"1892584","30","106","2"
"1893976","0","48","0"
"1894908","0","2","0"
"1896107","15","19","0"
"1896134","18","40","25"
"1896554","2","7","0"
"1897466","0","4","0"
"1898527","1","4","0"
"1898538","20","14","0"
"1898992","0","0","0"
"1899628","8","13","0"
"1900441","23","54","2"
"1901574","0","2","0"
"1901658","0","8","0"
"1902910","5","5","0"
"1903793","7","28","0"
"1904146","25","40","1"
"1905491","11","10","1"
"1906094","2","15","0"
"1906322","0","18","0"
"1907755","11","50","0"
"1907888","12","20","0"
"1909132","4","22","0"
"1909499","9","16","0"
"1909864","2","2","0"
"1910735","17","24","0"
"1911619","10","54","0"
"1911652","3","49","0"
"1912127","11","20","0"
"1913367","14","35","0"
"1915920","3","25","0"
"1916449","9","6","0"
"1916917","21","94","4"
"1917187","5","22","0"
"1918193","56","176","3"
"1918962","7","0","0"
"1919821","6","39","0"
"1920035","33","106","2"
"1921541","0","34","0"
"1921546","0","9","0"
"1922763","15","23","0"
"1923095","6","21","0"
"1923139","16","49","8"
"1924798","8","13","1"
"1925272","16","14","3"
"1925616","9","14","0"
"1926806","0","7","0"
"1927444","9","88","2"
"1927991","6","28","0"
"1928380","9","23","0"
"1928691","11","31","0"
"1930496","1","4","0"
"1932011","53","107","1"
"1934484","10","35","12"
"1934750","130","158","0"
"1934800","20","34","0"
"1935338","2","10","1"
"1936841","6","13","0"
"1936966","18","24","0"
"1937507","0","16","0"
"1940850","17","45","217"
"1940851","8","28","1"
"1941545","41","261","0"
"1942463","1","15","0"
"1943525","2","5","0"
"1943849","11","11","0"
"1946412","73","128","1"
"1946679","25","25","0"
"1947330","0","1","0"
"1947482","9","6","0"
"1948252","6","15","1"
"1948511","0","1","0"
"1950503","3","4","1"
"1951448","7","8","0"
"1951485","0","11","0"
"1951885","2","6","1"
"1952287","47","113","26"
"1952626","26","43","3"
"1953718","36","0","45"
"1955044","243","50","6"
"1956072","28","20","7"
"1956540","2","4","1"
"1958726","3","8","0"
"1961413","9","18","0"
"1964277","10","15","0"
"1964969","2","14","0"
"1965599","0","26","0"
"1965774","1","16","0"
"1967571","60","128","18"
"1967800","17","10","0"
"1967864","38","38","0"
"1971062","4","8","0"
"1971438","20","251","0"
"1972372","20","28","0"
"1972388","0","30","0"
"1973651","9","7","0"
"1973735","1","105","1"
"1973861","21","59","0"
"1974021","8","10","0"
"1974681","1","12","0"
"1976597","9","11","0"
"1976617","4","17","2"
"1977053","3","4","2"
"1977143","14","9","1"
"1977773","0","2","0"
"1978311","4","23","0"
"1978840","15","48","2"
"1980105","0","0","0"
"1980863","46","30","0"
"1981088","13","27","33"
"1983409","23","67","0"
"1986532","7","32","0"
"1987437","6","37","0"
"1988798","7","61","0"
"1988874","0","16","0"
"1990522","0","25","0"
"1992773","29","58","0"
"1992811","0","12","0"
"1992866","0","9","1"
"1994646","1","1","0"
"1996066","16","8","0"
"1996443","0","1","0"
"1998801","817","476","513"
"1999873","1","15","0"
"2002514","4","16","0"
"2004073","14","6","1"
"2004532","7","18","0"
"2005038","175","128","8"
"2005232","60","59","2"
"2005490","0","7","0"
"2005666","24","327","0"
"2007153","3","9","2"
"2011071","134","137","5"
"2011622","7","21","0"
"2011679","0","2","0"
"2012487","0","12","0"
"2012715","3","110","0"
"2015452","7","45","0"
"2015909","232","257","5"
"2016436","0","3","0"
"2017567","8","10","18"
"2017590","47","239","2"
"2018278","144","123","9"
"2019542","22","39","1"
"2019965","2","5","0"
"2020002","27","48","7"
"2020886","0","2","0"
"2022115","4","3","0"
"2023941","29","33","6"
"2024469","4","18","6"
"2024527","1","5","0"
"2026065","4","24","0"
"2026277","5","8","1"
"2026659","2","20","0"
"2026768","1","13","0"
"2027196","136","440","3"
"2027839","35","28","5"
"2028066","43","54","0"
"2028741","22","43","0"
"2030808","35","30","17"
"2032777","7","10","0"
"2033675","48","19","0"
"2033800","12","27","0"
"2034048","5","6","0"
"2036070","143","89","5"
"2036221","98","71","0"
"2036859","52","45","0"
"2038383","28","25","6"
"2039546","8","34","16"
"2041077","246","106","64"
"2041317","60","94","2"
"2042827","0","9","0"
"2044454","202","600","6"
"2044706","5","16","0"
"2046428","3","2","0"
"2047614","26","32","1"
"2049208","16","17","0"
"2049986","20","15","27"
"2050306","25","33","4"
"2050652","0","3","0"
"2050745","0","3","0"
"2051392","2","14","0"
"2051938","0","12","0"
"2052097","22","31","2"
"2052575","4","33","0"
"2053617","1","5","0"
"2055187","2","0","0"
"2057463","4","0","0"
"2057925","142","182","7"
"2057955","48","119","3"
"2058131","6","3","0"
"2065080","7","20","1"
"2065587","0","11","0"
"2066474","3","13","0"
"2066546","1","9","0"
"2067157","1","14","1"
"2067264","0","20","0"
"2067631","5","10","1"
"2067667","0","3","0"
"2068732","16","24","7"
"2068766","9","12","0"
"2070111","33","27","18"
"2070861","58","70","0"
"2072165","6","15","0"
"2072882","0","2","0"
"2073920","1","5","1"
"2074736","7","10","2"
"2074794","4","14","0"
"2074831","13","100","6"
"2076049","1","11","0"
"2076973","23","77","0"
"2077270","2","58","2"
"2077386","8","8","3"
"2078975","7","26","3"
"2079189","21","103","2"
"2080486","0","30","0"
"2081835","66","292","18"
"2082439","0","7","0"
"2082723","4","17","0"
"2084798","12","52","4"
"2084960","5","12","4"
"2086966","5","77","0"
"2087198","0","0","2"
"2087551","15","4","4"
"2088029","149","118","0"
"2088053","7","8","33"
"2089182","4","20","0"
"2091803","0","11","0"
"2091951","21","8","0"
"2092781","1","1","0"
"2092927","66","102","3"
"2093029","0","2","0"
"2093371","2","0","2"
"2094893","65","110","33"
"2095383","22","16","0"
"2096986","2","27","0"
"2097036","20","10","0"
"2099704","1","9","0"
"2100372","170","55","3"
"2101117","2","25","0"
"2101290","0","1","0"
"2101808","18","6","0"
"2102379","4","2","3"
"2103218","3","3","0"
"2103602","0","8","1"
"2104280","4","17","0"
"2105670","2","66","0"
"2107657","0","2","0"
"2108433","28","32","0"
"2109620","3","14","0"
"2109769","4","20","0"
"2110865","1","32","0"
"2111430","0","16","0"
"2111584","0","13","1"
"2112512","0","53","0"
"2112722","56","147","0"
"2113451","4","35","0"
"2113612","1","1","2"
"2114313","4","14","0"
"2114786","0","6","0"
"2115836","2","14","2"
"2115971","3","10","0"
"2117872","6","32","2"
"2118777","4","16","1"
"2119562","1","13","0"
"2119863","3","3","2"
"2119960","0","2","0"
"2120073","0","6","0"
"2123547","2","49","0"
"2123706","34","15","0"
"2124529","1","70","0"
"2125351","5","21","0"
"2126077","26","83","7"
"2126254","6","13","0"
"2127008","7","15","11"
"2127354","0","14","0"
"2127950","0","14","0"
"2128265","8","7","2"
"2129097","0","6","0"
"2129219","17","25","0"
"2129937","1","19","0"
"2131039","0","17","1"
"2131212","11","17","10"
"2131717","5","3","2"
"2131957","3","18","1"
"2132005","8","11","0"
"2132421","3","8","0"
"2133111","0","5","0"
"2133271","2","14","0"
"2133695","25","42","0"
"2134604","2","12","0"
"2135504","10","11","0"
"2137382","14","27","0"
"2137458","0","0","1"
"2140747","1","7","0"
"2141469","7","8","0"
"2143128","24","36","2"
"2145097","0","30","0"
"2146491","22","35","6"
"2146803","11","27","0"
"2147204","39","23","5"
"2147218","96","43","0"
"2147814","2","1","0"
"2148365","4","5","6"
"2148416","15","19","0"
"2149093","2","13","0"
"2150879","60","72","1"
"2153636","10","77","10"
"2154661","1","1","0"
"2156952","4","40","1"
"2157862","7","15","0"
"2158271","6","9","0"
"2160695","0","3","0"
"2163927","5","61","0"
"2164736","7","10","1"
"2166856","11","3","0"
"2166947","4","18","0"
"2169853","8","9","0"
"2170368","21","8","0"
"2171928","0","7","0"
"2173392","41","34","9"
"2173890","12","12","1"
"2174741","1","2","0"
"2175704","5","2","0"
"2177047","28","17","0"
"2178112","5","12","0"
"2180570","47","42","1"
"2181188","42","128","0"
"2182349","11","33","0"
"2183035","10","13","4"
"2183547","2","62","1"
"2188186","40","35","4"
"2188587","34","141","2"
"2189500","70","117","8"
"2189544","9","4","0"
"2189922","5","22","0"
"2190488","6","1","0"
"2191065","5","20","0"
"2191652","8","19","0"
"2191979","0","6","0"
"2193968","146","391","8"
"2194843","0","3","0"
"2195440","18","59","0"
"2195555","0","3","0"
"2196220","9","22","0"
"2196456","4","10","0"
"2198470","2","7","0"
"2199001","31","26","0"
"2199525","11","22","1"
"2199687","0","2","1"
"2200711","12","14","1"
"2202018","12","34","5"
"2203038","2","65","1"
"2203890","53","28","13"
"2204040","4","6","0"
"2205080","0","4","0"
"2205089","1","154","2"
"2205785","4","6","1"
"2206209","4","12","0"
"2207154","1","0","0"
"2207924","9","261","3"
"2208372","43","192","0"
"2208909","0","0","0"
"2211268","18","2","1"
"2212770","0","6","1"
"2213309","14","30","2"
"2214440","27","25","0"
"2214597","4","35","0"
"2215241","20","38","0"
"2215649","20","47","0"
"2217859","2","14","2"
"2218838","6","11","0"
"2219237","1","31","2"
"2220997","1","3","0"
"2223027","3","33","1"
"2223566","2","45","0"
"2223706","7","19","0"
"2224047","47","127","24"
"2225087","0","2","0"
"2227070","0","6","1"
"2228638","7","14","0"
"2229234","5","27","0"
"2230249","3","10","0"
"2231814","0","7","0"
"2233706","28","102","0"
"2235274","1","5","0"
"2236855","4","8","0"
"2236921","20","73","4"
"2239318","4","2","0"
"2240406","1","4","0"
"2241145","9","6","1"
"2241766","5","12","0"
"2242359","3","7","1"
"2242705","0","10","0"
"2243104","4","44","0"
"2243324","9","35","2"
"2244284","10","16","0"
"2245256","35","122","0"
"2246272","6","49","6"
"2246559","1","1","0"
"2246849","0","226","0"
"2247541","2","25","0"
"2248943","15","10","0"
"2249175","0","18","0"
"2251058","23","18","0"
"2251303","5","12","0"
"2251840","6","17","1"
"2251990","3","15","0"
"2255764","52","18","2"
"2256407","0","10","0"
"2257198","86","38","0"
"2258077","17","5","0"
"2258611","58","82","0"
"2259432","0","8","0"
"2259878","3","4","0"
"2260604","1","32","0"
"2262856","0","6","0"
"2263152","19","25","2"
"2265190","4","8","1"
"2265283","0","1","0"
"2265446","66","271","14"
"2266583","3","28","0"
"2266682","15","44","2"
"2267308","4","5","1"
"2267817","5","31","0"
"2269574","14","32","4"
"2269826","1","17","0"
"2272326","28","28","0"
"2275286","1","1","0"
"2275490","86","248","41"
"2280890","49","162","5"
"2280961","29","10","8"
"2281257","6","12","0"
"2281274","10","16","0"
"2281472","1","2","1"
"2281853","17","22","0"
"2282575","0","9","0"
"2282880","1","20","0"
"2284136","11","148","1"
"2284490","8","12","1"
"2284676","1","1","0"
"2286415","0","15","0"
"2288476","195","14","10"
"2288986","5","7","1"
"2290151","0","5","0"
"2291328","130","138","26"
"2291357","40","86","0"
"2291935","2","3","0"
"2292276","18","34","1"
"2293666","12","10","0"
"2295549","2","24","5"
"2295592","1","30","1"
"2298251","3","41","0"
"2299087","2","79","0"
"2299978","0","6","0"
"2300177","1","14","0"
"2301185","2","13","2"
"2301186","13","27","0"
"2302262","26","51","0"
"2303235","9","8","1"
"2303348","1","59","0"
"2303693","30","17","0"
"2304204","0","6","0"
"2304751","2","13","0"
"2306102","6","8","0"
"2306481","28","28","7"
"2307873","14","29","7"
"2308473","1","57","0"
"2309862","0","12","0"
"2310450","1","11","0"
"2311167","13","27","3"
"2311559","3","17","0"
"2311619","1","2","0"
"2314443","1","2","3"
"2315162","3","14","1"
"2316540","0","75","1"
"2318162","0","8","0"
"2320127","3","34","0"
"2320445","0","85","0"
"2320961","196","408","71"
"2322099","20","83","0"
"2323393","19","111","1"
"2323607","6","54","0"
"2323934","21","22","0"
"2324154","30","59","0"
"2326640","1","16","2"
"2326961","76","88","71"
"2329060","3","8","0"
"2330666","7","91","0"
"2331956","90","101","3"
"2332337","3","10","1"
"2332852","1","27","0"
"2333663","18","35","0"
"2333754","11","17","0"
"2334352","3","3","0"
"2334932","6","11","0"
"2335020","23","46","0"
"2338477","9","19","1"
"2340939","7","25","0"
"2342529","2","8","2"
"2342537","21","38","3"
"2343011","0","5","4"
"2344011","1","19","0"
"2345158","1","7","0"
"2347210","0","9","0"
"2347716","7","35","0"
"2350083","0","1","2"
"2350808","4","102","0"
"2350941","0","15","0"
"2351246","1","5","0"
"2352507","8","7","2"
"2353713","0","22","0"
"2355006","43","34","6"
"2355088","15","13","0"
"2355176","11","139","1"
"2355482","3","6","0"
"2358794","0","1","0"
"2359679","69","22","17"
"2361131","2","24","0"
"2362852","1","18","0"
"2363967","107","108","3"
"2367950","41","48","0"
"2370015","4","8","0"
"2371031","18","27","7"
"2373748","0","10","0"
"2375855","10","17","1"
"2376954","11","38","0"
"2377399","33","45","0"
"2377961","33","50","6"
"2379009","0","5","0"
"2380702","2","4","1"
"2381321","1","2","0"
"2381942","19","138","1"
"2382420","14","33","1"
"2383408","4","9","0"
"2384066","2","2","0"
"2385218","37","29","0"
"2387970","3","2","0"
"2388257","71","46","2"
"2388943","0","18","0"
"2389552","13","14","2"
"2389923","8","6","0"
"2391859","14","92","0"
"2391964","2","4","0"
"2392087","39","0","0"
"2394542","0","11","0"
"2395282","12","23","1020"
"2395376","1","6","0"
"2395382","5","3","0"
"2397118","24","36","0"
"2397162","1","142","0"
"2397613","3","5","0"
"2397684","65","185","5"
"2398000","2","50","0"
"2401535","11","26","0"
"2403000","59","162","4"
"2403570","1","4","0"
"2403836","8","11","0"
"2404683","20","317","1"
"2407212","0","43","0"
"2407363","18","15","10"
"2407681","0","4","0"
"2408342","6","20","2"
"2408634","5","4","0"
"2413722","1","36","0"
"2415524","69","49","17"
"2417459","127","61","0"
"2418642","31","41","0"
"2419128","4","273","1"
"2419628","0","62","0"
"2419892","15","26","7"
"2419960","0","3","1"
"2420718","0","5","1"
"2422224","13","238","3"
"2423278","6","59","6"
"2425942","4","29","0"
"2426679","5","10","0"
"2427596","9","11","0"
"2428235","4","19","0"
"2428887","0","33","0"
"2430414","2","20","0"
"2430657","0","21","0"
"2430669","48","45","0"
"2431018","4","6","0"
"2431627","3","10","0"
"2434784","3","35","0"
"2435020","10","25","0"
"2435820","5","31","0"
"2436109","7","6","0"
"2438446","0","3","0"
"2438933","1","21","0"
"2439989","19","24","1"
"2440114","0","10","0"
"2442526","0","15","2"
"2443226","105","359","0"
"2444812","104","61","18"
"2445629","12","357","1"
"2445898","1","5","0"
"2446460","8","22","0"
"2446679","0","23","0"
"2446698","6","44","0"
"2448829","3","12","0"
"2449199","1","7","0"
"2449857","7","218","0"
"2453089","0","177","0"
"2458149","5","10","1"
"2460419","0","13","0"
"2461748","146","113","0"
"2462437","10","29","0"
"2463156","5","5","0"
"2463800","3","5","0"
"2464381","5","18","1"
"2464865","9","173","0"
"2465134","14","12","0"
"2468508","2","14","0"
"2468608","0","172","2"
"2469528","1","4","0"
"2469776","5","9","0"
"2470765","17","19","0"
"2470782","54","61","0"
"2472350","3","5","0"
"2472398","1","210","2"
"2473891","14","20","1"
"2475129","2","13","2"
"2475470","60","65","0"
"2476977","79","634","6"
"2477084","3","1","0"
"2477327","27","13","1"
"2479282","3","4","0"
"2479786","1","6","0"
"2480362","14","10","0"
"2480965","1","0","0"
"2481006","193","109","13"
"2481153","0","7","0"
"2481696","0","8","0"
"2483329","4","6","0"
"2484327","2","13","0"
"2487336","0","3","0"
"2487517","21","274","5"
"2487565","170","19","105"
"2487730","0","82","0"
"2489480","12","22","0"
"2489922","0","1","0"
"2490286","3","55","0"
"2490343","7","5","2"
"2491227","45","74","1"
"2491541","16","53","0"
"2492669","15","27","1"
"2493556","9","18","0"
"2495619","0","26","0"
"2497278","23","39","0"
"2498085","25","58","32"
"2502126","93","292","4"
"2503592","20","73","0"
"2505186","5","38","1"
"2510347","28","69","0"
"2511384","3","28","0"
"2511775","8","17","0"
"2513200","98","75","8"
"2514936","2","7","0"
"2516260","1","48","0"
"2516673","5","16","0"
"2516916","24","32","0"
"2517730","3","23","0"
"2517849","1","33","0"
"2519059","20","43","6"
"2519368","2","21","0"
"2520818","2","15","0"
"2521680","15","83","0"
"2522264","4","11","0"
"2523531","1","358","0"
"2523968","14","12","1"
"2524202","0","12","0"
"2525872","63","20","3"
"2526120","0","0","0"
"2527458","10","45","21"
"2530951","4","8","0"
"2531209","6","17","1"
"2531402","13","22","0"
"2531957","1","6","0"
"2532190","13","9","1"
"2532408","34","67","2"
"2532621","25","17","0"
"2532763","11","12","0"
"2533443","16","52","0"
"2534090","0","15","0"
"2534191","23","9","0"
"2534472","8","25","2"
"2534876","0","5","0"
"2535315","4","22","0"
"2537867","4","7","2"
"2538180","9","42","0"
"2540235","12","9","1"
"2540962","0","1","0"
"2541809","14","7","2"
"2542516","1","7","0"
"2543240","5","38","1"
"2543510","0","3","0"
"2544810","13","16","0"
"2545980","20","24","1"
"2546381","4","2","0"
"2546759","2","1","0"
"2548914","19","15","1"
"2549001","13","37","1"
"2549110","7","15","0"
"2550406","35","151","2"
"2550766","5","35","0"
"2550987","0","39","0"
"2551290","1","5","0"
"2551591","4","23","0"
"2551705","0","40","0"
"2556034","6","25","5"
"2557030","2","17","2"
"2557263","79","220","4"
"2557855","70","112","5"
"2558108","1","20","0"
"2558442","30","23","0"
"2558739","10","33","1"
"2559449","0","2","0"
"2560391","8","20","5"
"2560938","4","10","0"
"2561714","20","57","2"
"2564673","2","54","0"
"2565086","13","26","0"
"2568521","30","132","1"
"2570277","12","57","4"
"2570353","0","10","0"
"2570866","0","1","1"
"2571455","0","13","0"
"2573309","83","45","2"
"2573697","0","11","1"
"2574407","5","18","2"
"2574965","1","2","0"
"2578037","23","6","5"
"2578125","18","18","1"
"2579733","0","5","0"
"2580773","0","4","0"
"2581396","0","5","0"
"2581418","60","106","6"
"2581912","17","29","0"
"2582581","1","8","0"
"2583175","2","18","1"
"2583765","10","34","2"
"2584475","9","48","2"
"2590119","24","25","0"
"2590616","10","17","1"
"2592309","8","18","0"
"2592369","4","20","0"
"2594725","0","16","0"
"2595183","6","16","1"
"2595538","0","3","0"
"2598037","20","17","0"
"2598770","494","570","230"
"2599657","6","11","0"
"2599709","8","48","0"
"2600812","35","50","0"
"2601293","7","40","2"
"2601521","1","5","0"
"2602054","0","3","0"
"2605742","0","1","0"
"2605781","9","11","0"
"2606914","8","25","0"
"2607372","45","98","0"
"2611237","1","5","0"
"2611798","3","7","3"
"2612030","26","117","0"
"2615367","13","24","1"
"2616753","0","1","0"
"2618319","0","13","1"
"2619537","11","36","0"
"2624380","1","15","0"
"2624770","22","32","1"
"2624876","11","21","1"
"2625478","15","21","1"
"2626737","15","44","1"
"2627160","6","11","0"
"2627338","67","178","209"
"2628903","5","10","1"
"2630427","7","19","1"
"2630666","18","37","2"
"2630668","22","42","0"
"2635209","15","41","0"
"2635443","14","14","5"
"2636929","416","993","28"
"2638227","274","0","548"
"2639772","13","19","0"
"2640045","4","36","0"
"2641038","13","7","0"
"2641242","69","128","61"
"2641632","2","21","0"
"2642226","2","9","0"
"2643582","16","27","0"
"2645080","1","1","1"
"2645713","437","612","13"
"2647342","0","9","0"
"2648551","48","25","23"
"2650436","15","29","4"
"2651073","29","76","3"
"2651521","0","1","0"
"2652785","1","18","0"
"2652875","5","0","1"
"2654470","54","260","1"
"2657155","1","1","0"
"2658357","0","0","0"
"2658697","140","216","3"
"2659161","248","427","40"
"2663813","13","31","1"
"2666378","8","111","0"
"2667173","10","3","0"
"2667343","30","14","0"
"2668564","0","9","0"
"2669042","0","2","0"
"2670348","105","234","4"
"2670571","5","40","0"
"2670585","21","15","0"
"2671470","22","45","28"
"2672125","37","45","0"
"2672566","0","3","0"
"2674553","14","7","3"
"2674682","0","11","1"
"2674937","4","47","4"
"2675670","5","68","0"
"2676108","1","7","0"
"2676598","4","5","0"
"2678097","143","41","6"
"2678603","0","5","0"
"2680864","4","37","0"
"2681662","79","140","4"
"2683501","0","21","0"
"2685914","6","23","0"
"2688699","4","5","0"
"2689469","0","5","0"
"2690257","36","66","0"
"2691058","24","28","1"
"2691759","42","17","15"
"2691879","11","39","0"
"2692027","16","41","0"
"2692683","75","68","1"
"2692914","1","1","0"
"2693674","23","8","0"
"2693875","16","13","20"
"2696626","0","6","0"
"2697183","17","15","0"
"2697895","17","35","0"
"2699178","12","22","0"
"2701156","2","1","0"
"2701198","25","41","2"
"2702249","6","2","0"
"2703456","23","41","6"
"2703673","160","271","5"
"2705757","13","18","1"
"2705777","2","6","1"
"2707363","4","15","1"
"2708759","2","23","0"
"2708895","0","12","1"
"2710165","2","5","0"
"2711945","0","4","0"
"2712553","0","14","0"
"2715083","2","17","0"
"2715384","4","18","0"
"2715490","0","6","0"
"2716059","12","19","0"
"2716095","2","27","0"
"2716142","0","5","0"
"2717951","25","67","0"
"2717958","4","8","0"
"2718163","48","23","0"
"2718939","109","1","66"
"2720402","0","3","0"
"2720554","24","33","24"
"2721160","3","3","0"
"2723520","4","8","0"
"2725810","213","100","0"
"2727267","82","57","8"
"2727317","7","17","1"
"2727401","32","16","7"
"2727750","12","11","5"
"2729605","0","39","0"
"2730233","13","13","1"
"2733244","6","2","0"
"2733445","7","5","0"
"2733555","2","7","1"
"2735344","28","39","20"
"2736017","14","10","0"
"2736039","3","7","0"
"2736233","2","3","1"
"2736817","12","39","2"
"2738151","1","70","0"
"2738164","34","41","0"
"2738695","0","1","0"
"2739334","16","46","0"
"2739795","3","7","0"
"2740367","0","8","0"
"2740928","1","83","0"
"2741091","66","117","10"
"2741678","3","29","2"
"2741831","26","27","0"
"2741954","11","9","0"
"2744722","21","124","1"
"2745755","0","11","2"
"2745944","15","13","0"
"2746872","0","14","0"
"2747642","23","31","0"
"2748004","1","4","0"
"2748412","38","70","1"
"2750816","2","0","0"
"2751573","186","287","5"
"2754599","7","38","0"
"2754871","4","4","3"
"2755480","2","8","1"
"2755690","11","27","0"
"2755698","20","39","0"
"2756471","5","10","0"
"2757347","0","0","0"
"2757925","52","335","1"
"2758414","11","12","0"
"2758823","311","503","0"
"2759255","9","27","0"
"2759473","6","5","3"
"2761887","7","11","0"
"2761985","0","42","0"
"2763915","15","25","0"
"2764206","2","27","0"
"2770641","1","5","0"
"2771717","11","16","0"
"2773184","0","21","1"
"2774284","0","2","0"
"2774842","3","11","0"
"2774914","4","22","0"
"2776727","11","11","0"
"2777988","6","95","2"
"2778027","0","11","0"
"2778422","0","36","4"
"2778502","4","13","2"
"2778710","755","1071","36"
"2780300","0","46","0"
"2780480","0","21","0"
"2780711","55","137","4"
"2780744","0","4","0"
"2783245","20","6","4"
"2784039","10","11","3"
"2784493","0","58","0"
"2785080","15","29","1"
"2785280","4","21","0"
"2786955","0","129","0"
"2787185","8","18","1"
"2787364","4","3","0"
"2788206","1","53","0"
"2788542","0","1","0"
"2788674","20","16","1"
"2789815","0","9","0"
"2791142","3","35","4"
"2793036","2","6","0"
"2796593","2","1","0"
"2797269","11","15","0"
"2797765","0","9","0"
"2800058","6","18","7"
"2800111","2","8","16"
"2800218","9","9","0"
"2800222","7","23","0"
"2800402","0","14","0"
"2801187","45","13","0"
"2801588","0","7","1"
"2801938","96","44","20"
"2802665","5","14","0"
"2803060","4","2","0"
"2803743","7","21","3"
"2803788","9","8","0"
"2804722","1","12","0"
"2804731","0","0","0"
"2805121","1","26","3"
"2807130","2","4","0"
"2807741","33","131","0"
"2810099","2","4","0"
"2813263","29","65","8"
"2814025","12","20","0"
"2814716","0","40","0"
"2815227","0","8","0"
"2815264","8","7","0"
"2816703","0","2","0"
"2816728","0","7","0"
"2817442","88","27","101"
"2817457","13","9","0"
"2818631","1","19","0"
"2819581","7","29","1"
"2821420","1","15","0"
"2823074","22","12","0"
"2824289","5","17","0"
"2824791","6","10","2"
"2825403","144","221","12"
"2825570","60","48","8"
"2826417","0","14","0"
"2826614","9","21","0"
"2827181","175","59","140"
"2827300","0","9","0"
"2827397","24","35","127"
"2828651","19","14","1"
"2830116","11","15","0"
"2832011","0","2","0"
"2834065","61","41","10"
"2835286","1","24","0"
"2837219","4","5","0"
"2837359","0","3","0"
"2838586","13","34","1"
"2840436","23","6","0"
"2840531","0","2","0"
"2840542","36","47","0"
"2841091","86","138","5"
"2841538","18","7","0"
"2846138","363","551","81"
"2846711","0","0","0"
"2847159","18","35","0"
"2847330","50","410","30"
"2847946","10","7","10"
"2849346","5","23","7"
"2850026","5","71","0"
"2850120","9","24","0"
"2850180","42","87","1"
"2851311","72","1064","11"
"2854001","26","15","0"
"2854608","46","81","0"
"2854993","0","12","0"
"2856202","15","35","0"
"2857135","2","2","0"
"2858268","0","2","0"
"2860267","94","206","125"
"2860931","21","107","0"
"2862341","2","6","0"
"2862406","1","4","1"
"2863011","1","2","0"
"2863995","2","19","0"
"2864160","30","87","1"
"2868899","116","141","2"
"2871922","7","10","0"
"2873896","2","64","0"
"2874789","2","18","0"
"2876271","5","22","0"
"2877427","22","13","2"
"2877982","2","9","13"
"2878438","0","32","0"
"2878796","281","1175","9"
"2878835","0","16","1"
"2879716","5","6","0"
"2879771","44","34","0"
"2879838","0","2","0"
"2882516","1","9","0"
"2883319","8","3","0"
"2884309","5","25","10"
"2888244","3","7","0"
"2891692","9","57","1"
"2892254","2","21","0"
"2894324","14","5","2"
"2894770","0","14","0"
"2894879","0","5","2"
"2895087","17","20","0"
"2895480","2","4","0"
"2896799","7","14","1"
"2896976","4","78","0"
"2897573","5","68","0"
"2902063","3","44","0"
"2902996","11","125","1"
"2906189","8","8","0"
"2907606","5","17","0"
"2908576","2","4","0"
"2908599","54","96","10"
"2909253","0","28","0"
"2911020","18","377","2"
"2912665","3","13","2"
"2915423","26","47","344"
"2916756","46","50","9"
"2919731","41","104","7"
"2920343","9","48","1"
"2920381","3","7","0"
"2921691","78","83","7"
"2921914","23","22","1"
"2922515","1","11","0"
"2924323","3","10","0"
"2924393","2","10","0"
"2924577","16","38","9"
"2925962","8","41","0"
"2926992","9","19","3"
"2929110","0","13","0"
"2930417","0","1","0"
"2930812","0","15","0"
"2931197","9","25","3"
"2931925","4","15","0"
"2935174","2","8","0"
"2936204","28","123","0"
"2936486","3","16","0"
"2938526","106","193","16"
"2939594","15","15","0"
"2940802","8","7","0"
"2941906","2","15","0"
"2942765","1","22","0"
"2945815","0","28","0"
"2945958","1","4","0"
"2946563","17","17","0"
"2947415","0","9","1"
"2948891","36","33","0"
"2951051","8","17","0"
"2952011","15","5","2"
"2954288","22","57","1"
"2955861","6","18","0"
"2956135","176","654","7"
"2958752","5","6","0"
"2960034","132","152","0"
"2960695","11","36","0"
"2961540","12","31","8"
"2962794","1","56","0"
"2965665","17","19","0"
"2965993","10","14","3"
"2966246","2","17","5"
"2967377","0","6","0"
"2967965","0","13","0"
"2968650","4","14","0"
"2969320","2","23","0"
"2970789","9","24","1"
"2971851","3","1","0"
"2972273","3","27","0"
"2974621","6","12","0"
"2975589","1","8","0"
"2976879","15","20","2"
"2977175","77","85","18"
"2977256","10","26","0"
"2979473","4","16","0"
"2979955","3","2","0"
"2981639","103","41","6"
"2983568","16","58","0"
"2983609","2","14","0"
"2984551","118","142","0"
"2985066","1","1","0"
"2986153","4","10","0"
"2986279","6","5","4"
"2987253","41","36","0"
"2987689","23","5","24"
"2989330","28","134","0"
"2990344","18","42","0"
"2991319","21","22","4"
"2991872","1","25","0"
"2992192","2","5","1"
"2992199","3","3","0"
"2993960","26","136","0"
"2994920","4","9","0"
"2995061","3","7","2"
"2996101","2","9","2"
"2996867","8","26","0"
"2997179","1","6","9"
"2998222","0","13","0"
"2998447","2","121","0"
"2999096","10","32","1"
"3000068","1","4","0"
"3000629","84","75","3"
"3001970","10","16","34"
"3002336","9","10","0"
"3004881","27","196","0"
"3007184","1","12","0"
"3007402","12","16","4"
"3009562","0","11","0"
"3012473","43","63","2"
"3012916","6","1","0"
"3013479","10","20","0"
"3013803","14","19","0"
"3013992","10","0","4"
"3014322","0","19","0"
"3015268","6","41","1"
"3016293","12","26","7"
"3016654","4","17","0"
"3018068","4","5","0"
"3018229","3","80","1"
"3018627","3","11","0"
"3020903","27","43","4"
"3025856","1945","1139","1384"
"3025981","0","12","0"
"3026105","1","14","0"
"3030495","0","22","0"
"3030926","23","20","10"
"3033386","13","37","0"
"3033649","10","13","8"
"3034273","80","262","2"
"3035595","44","44","3"
"3035921","9","1","0"
"3036129","1","48","0"
"3036320","7","2","0"
"3036876","6","45","0"
"3040893","4","7","0"
"3040948","0","13","0"
"3041129","14","22","0"
"3042154","19","12","0"
"3043248","7","6","1"
"3044825","1","112","1"
"3047038","0","71","0"
"3047200","16","17","0"
"3047318","1","8","0"
"3049127","0","68","0"
"3050293","107","44","55"
"3051503","0","2","0"
"3051627","7","15","0"
"3052438","102","174","22"
"3053430","4","31","0"
"3054722","29","175","2"
"3055724","5","33","1"
"3056783","4","11","0"
"3057246","59","13","32"
"3057983","28","25","0"
"3058254","5","15","0"
"3059685","11","7","14"
"3061047","28","26","0"
"3061852","11","54","0"
"3062525","3","4","1"
"3063273","2","41","1"
"3064870","2","5","0"
"3066081","8","28","3"
"3066428","6","19","0"
"3067542","6","13","1"
"3069232","10","50","0"
"3070060","37","50","0"
"3070181","51","84","4"
"3070421","3","3","0"
"3070830","1","6","0"
"3071346","0","5","0"
"3071728","7","20","1"
"3072442","62","45","4"
"3073340","2","29","0"
"3076866","37","55","3"
"3078330","3","16","0"
"3079541","40","39","1"
"3080848","68","240","0"
"3080908","0","369","0"
"3081578","0","35","0"
"3081630","0","3","0"
"3083470","21","51","4"
"3084135","4","4","0"
"3084205","1","16","0"
"3084820","48","67","8"
"3086836","0","12","0"
"3089271","0","21","0"
"3091013","39","96","0"
"3091196","1","9","0"
"3092847","5","215","0"
"3094805","1","30","2"
"3097425","2","3","0"
"3098404","1","17","0"
"3098783","35","51","4"
"3099449","11","12","0"
"3099733","51","25","0"
"3100523","0","5","0"
"3102325","8","12","0"
"3103891","2","24","1"
"3104399","14","37","2"
"3105145","0","1","0"
"3105485","283","17","49"
"3106565","0","17","1"
"3106816","2","1","0"
"3107689","12","27","1"
"3107926","12","30","0"
"3109248","12","46","0"
"3111651","1","4","0"
"3111870","2","1","0"
"3112848","2","27","0"
"3113342","0","1","0"
"3113767","8","11","0"
"3120219","1","17","0"
"3120884","49","20","3"
"3121023","0","0","0"
"3121975","40","164","2"
"3122921","10","53","1"
"3123109","3","9","1"
"3124208","1","22","0"
"3124812","16","55","0"
"3125477","0","11","0"
"3125800","0","2","0"
"3126477","1","40","0"
"3126760","12","5","0"
"3127477","3","6","0"
"3127650","0","1","0"
"3129604","6","2","2"
"3130281","10","3","0"
"3131085","3","46","1"
"3131253","3","6","0"
"3131411","2","14","0"
"3131706","0","1","0"
"3131939","36","9","0"
"3133418","49","39","2"
"3134543","0","3","0"
"3135460","1","2","0"
"3137337","198","238","11"
"3138238","7","2","0"
"3140992","8","13","1"
"3143823","31","42","0"
"3144500","0","0","0"
"3145360","4","29","2"
"3146354","3","25","0"
"3146741","1","34","0"
"3146818","0","15","0"
"3149249","9","32","0"
"3149528","34","21","2"
"3150726","0","2","0"
"3151518","0","0","0"
"3155240","79","267","3"
"3155323","0","3","0"
"3157428","7","37","39"
"3158594","8","20","1"
"3159059","2","17","0"
"3159529","0","14","0"
"3160089","12","65","2"
"3160967","9","19","0"
"3161924","119","38","0"
"3163120","18","16","2"
"3163495","45","17","2"
"3163663","31","32","16"
"3163824","2","2","0"
"3164070","127","100","2"
"3165737","1","50","0"
"3166209","3","7","0"
"3166846","2","189","0"
"3167221","2","8","5"
"3167379","3","6","1"
"3167751","6","14","2"
"3168185","3","14","1"
"3169136","0","13","0"
"3169669","0","6","0"
"3170628","1","13","0"
"3174766","15","37","0"
"3176125","9","90","0"
"3177115","14","19","0"
"3179492","8","12","1"
"3182456","3","49","0"
"3183588","1","3","1"
"3185847","4","8","0"
"3187033","6","36","1"
"3187127","0","1","0"
"3187183","9","38","0"
"3188049","11","12","0"
"3188445","16","42","0"
"3190732","39","64","13"
"3192693","3","7","0"
"3193030","1","22","0"
"3193876","11","45","1"
"3194005","5","24","0"
"3196360","5","5","0"
"3196753","91","119","5"
"3197244","0","13","0"
"3197387","4","24","1"
"3199927","13","61","7"
"3202440","0","53","0"
"3203213","0","2","0"
"3203584","0","24","0"
"3204484","6","28","0"
"3207222","39","52","42"
"3207509","4","85","0"
"3209381","0","18","0"
"3209505","0","5","0"
"3209523","17","46","0"
"3210677","4","21","0"
"3211046","21","29","0"
"3212698","46","80","8"
"3214029","1","10","0"
"3215383","142","95","0"
"3215485","33","58","2"
"3215856","6","30","0"
"3215940","16","23","0"
"3216980","33","34","3"
"3218273","102","174","12"
"3219919","1","28","0"
"3220554","36","93","10"
"3221094","3","6","0"
"3221380","25","161","0"
"3222782","0","28","0"
"3222971","8","2","0"
"3223785","15","63","0"
"3224967","3","10","0"
"3227693","8","21","3"
"3228483","0","7","0"
"3228495","42","33","6"
"3228591","0","84","0"
"3231884","8","15","4"
"3232170","1","9","0"
"3232370","4","7","0"
"3232646","3","2","0"
"3233363","4","390","0"
"3233722","2","7","0"
"3233803","1","6","0"
"3234163","9","1","0"
"3235404","4","23","0"
"3237438","2","9","0"
"3238046","5","3","0"
"3239341","1","3","0"
"3242146","62","117","0"
"3244464","2","12","0"
"3244618","5","21","0"
"3246362","68","49","18"
"3246449","24","21","1"
"3248158","11","16","4"
"3249641","39","70","8"
"3252861","3","18","3"
"3253896","18","33","0"
"3254585","37","17","0"
"3257622","194","312","71"
"3258544","0","8","0"
"3258708","0","14","0"
"3259896","1","30","0"
"3260548","9","27","0"
"3260695","3","11","0"
"3261161","7","13","4"
"3261292","26","39","0"
"3262787","0","19","0"
"3263650","0","5","0"
"3263659","4","13","2"
"3265253","0","41","0"
"3268228","18","69","1"
"3271600","5","13","0"
"3271687","11","19","1"
"3275253","1","5","0"
"3275464","198","193","1"
"3276027","2","64","0"
"3276518","13","37","2"
"3276902","14","6","0"
"3277064","31","38","1"
"3279603","0","20","0"
"3279716","2","25","1"
"3279876","0","28","0"
"3281097","4","454","1"
"3281886","49","93","4"
"3282434","0","92","0"
"3284114","0","25","0"
"3284355","17","94","2"
"3284713","5","29","4"
"3286903","3","16","1"
"3287250","2","35","0"
"3290062","1","16","0"
"3291390","2","36","1"
"3293110","13","3","0"
"3293726","6","7","0"
"3294944","3","20","1"
"3298338","18","4","2"
"3298964","1","3","0"
"3300205","0","8","1"
"3302263","29","17","0"
"3302747","3","17","0"
"3306020","8","37","0"
"3306099","15","10","0"
"3307233","0","8","0"
"3312025","7","6","0"
"3312425","8","25","2"
"3315731","0","6","2"
"3315779","9","23","8"
"3318335","2","50","1"
"3319132","18","33","0"
"3319298","1","6","0"
"3324095","43","24","4"
"3324348","0","3","0"
"3325290","38","172","0"
"3325375","10","10","0"
"3329561","24","20","0"
"3330437","12","9","5"
"3330981","3","63","0"
"3336514","5","4","0"
"3339058","2","8","0"
"3341769","4","16","1"
"3348264","2","56","0"
"3348994","0","59","0"
"3349358","3","5","0"
"3351288","18","39","0"
"3351474","29","41","2"
"3355243","46","18","0"
"3355860","19","51","0"
"3356053","1","32","0"
"3357270","16","30","0"
"3357352","104","299","0"
"3357677","0","4","0"
"3358499","54","96","0"
"3359577","3","100","2"
"3359635","34","31","8"
"3361462","34","265","0"
"3362720","24","53","3"
"3362993","3","13","1"
"3365033","1","26","0"
"3365403","17","9","2"
"3367340","1","14","0"
"3367818","3","27","1"
"3368558","0","2","0"
"3368818","66","103","8"
"3370568","12","16","2"
"3373626","0","40","0"
"3373786","0","2","0"
"3373942","1","5","0"
"3374593","7","19","0"
"3379437","1","11","0"
"3379675","24","39","3"
"3383640","3","18","1"
"3385948","6","20","0"
"3388954","13","32","1"
"3390200","8","44","4"
"3390279","15","20","1"
"3390417","28","48","15"
"3392762","2","28","0"
"3393058","12","8","2"
"3393663","2","22","0"
"3394386","130","493","3"
"3394654","1","21","0"
"3396327","0","9","0"
"3396785","15","37","0"
"3397771","358","166","99"
"3397819","5","4","2"
"3403834","33","39","7"
"3405291","75","28","1"
"3405980","67","180","6"
"3410396","18","83","0"
"3410584","13","53","0"
"3410989","0","24","0"
"3411556","2","10","8"
"3412316","30","26","1"
"3412660","29","100","10"
"3414466","1","56","0"
"3415398","19","25","0"
"3415984","4","9","0"
"3415993","2","10","0"
"3416135","2","14","3"
"3416648","20","21","4"
"3416774","205","107","21"
"3422470","5","27","0"
"3423639","1","8","0"
"3425152","1","1","0"
"3425324","12","5","0"
"3426201","0","8","4"
"3426309","304","417","1"
"3426328","39","148","6"
"3427299","33","56","4"
"3427520","11","33","2"
"3429015","15","24","10"
"3429430","47","129","7"
"3430184","2","0","1"
"3430412","0","61","0"
"3433178","225","186","0"
"3433538","52","58","13"
"3434388","18","21","4"
"3436535","1","20","0"
"3437454","1","3","0"
"3437504","0","59","0"
"3438001","11","30","2"
"3438111","90","106","2"
"3439894","0","21","0"
"3439993","5","32","0"
"3440582","13","6","0"
"3441510","3","175","0"
"3442409","7","9","0"
"3443386","13","4","0"
"3444376","0","4","0"
"3446201","11","53","0"
"3450755","10","99","0"
"3450914","17","20","0"
"3451427","0","6","0"
"3457761","19","108","13"
"3458871","0","2","0"
"3461055","7","8","0"
"3461617","0","4","0"
"3462321","0","3","0"
"3462615","28","66","0"
"3462686","0","11","0"
"3464919","8","6","0"
"3466464","1","8","0"
"3466729","5","11","0"
"3466808","1","70","0"
"3466907","0","8","0"
"3468171","8","31","0"
"3469273","4","23","73"
"3469391","0","42","0"
"3470414","10","28","0"
"3474146","9","26","14"
"3474677","10","18","0"
"3475381","0","4","0"
"3476780","230","446","11"
"3479489","2","8","0"
"3480193","5","7","2"
"3480808","7","26","2"
"3482793","3","23","0"
"3484498","1","40","0"
"3485877","41","81","0"
"3486720","10","17","0"
"3487579","0","4","0"
"3489429","3","6","0"
"3491994","15","20","3"
"3498962","2","7","0"
"3501205","1","8","0"
"3503521","151","19","9"
"3503711","6","24","4"
"3506022","1","17","0"
"3508516","2","2","0"
"3508719","4","1","0"
"3512524","22","14","0"
"3513171","0","16","0"
"3515885","3","30","1"
"3515969","23","23","0"
"3516026","29","44","5"
"3518383","129","360","4"
"3518815","0","0","0"
"3521243","5","15","1"
"3521253","2","44","0"
"3521515","6","4","0"
"3522957","10","11","0"
"3525475","41","58","6"
"3527024","33","42","0"
"3528321","0","12","2"
"3528590","9","50","1"
"3529323","0","13","0"
"3529456","33","56","6"
"3532758","1","109","0"
"3534690","14","43","1"
"3535045","32","70","1"
"3538258","6","4","0"
"3540782","15","31","1"
"3541320","20","49","0"
"3543233","5","14","12"
"3544438","22","52","3"
"3546760","13","10","0"
"3547212","60","17","4"
"3548640","49","11","5"
"3548833","0","4","0"
"3550318","16","43","8"
"3550678","14","4","0"
"3552141","6","20","0"
"3552305","48","50","2"
"3552975","17","17","10"
"3553432","3","11","0"
"3554391","42","58","0"
"3556110","24","23","1"
"3556515","1","7","0"
"3556531","6","12","0"
"3558355","47","24","0"
"3558874","2","22","0"
"3561607","1","16","0"
"3561889","18","27","0"
"3565132","10","54","2"
"3565182","2","46","0"
"3565291","4","10","0"
"3566606","5","24","1"
"3569246","16","25","1"
"3569545","12","21","0"
"3569612","0","10","0"
"3569627","0","5","0"
"3570009","0","9","0"
"3572156","7","5","0"
"3573340","0","11","0"
"3573512","0","12","0"
"3573553","4","5","0"
"3574156","27","40","0"
"3574628","11","57","0"
"3577257","0","12","0"
"3577695","0","9","0"
"3577922","2","50","0"
"3580498","0","11","0"
"3581466","4","29","0"
"3581539","6","6","0"
"3581976","5","9","0"
"3582831","8","24","0"
"3583589","5","3","0"
"3584765","2","4","0"
"3584881","2","54","0"
"3586594","43","79","2"
"3586851","16","19","1"
"3586940","1","2","0"
"3588161","8","51","0"
"3588993","3","51","0"
"3589122","78","179","0"
"3589983","8","52","0"
"3590237","2","0","1"
"3591014","6","26","0"
"3592211","0","15","0"
"3592396","49","156","6"
"3592827","1","11","1"
"3593084","0","19","0"
"3593498","7","9","0"
"3593889","0","3","0"
"3593896","13","45","0"
"3593970","67","68","1"
"3595907","48","109","3"
"3596441","5","3","0"
"3596672","48","17","7"
"3597730","3","31","1"
"3599151","9","9","0"
"3601654","2","7","1"
"3601660","58","32","1"
"3603660","3","6","1"
"3605190","0","7","0"
"3605497","23","34","0"
"3608089","53","63","25"
"3608449","6","16","0"
"3612903","0","2","0"
"3613208","4","13","1"
"3613702","31","37","0"
"3614648","3","264","0"
"3615605","7","11","0"
"3615862","19","15","49"
"3616686","3","4","0"
"3621464","21","14","17"
"3622415","10","7","0"
"3622813","12","23","0"
"3623224","0","2","0"
"3623608","0","5","0"
"3625228","5","16","1"
"3625298","15","40","2"
"3625843","0","0","1"
"3626353","13","12","0"
"3628806","39","84","0"
"3631795","43","52","0"
"3633696","4","73","0"
"3634032","11","11","0"
"3636071","28","80","0"
"3636228","204","172","0"
"3636621","0","10","0"
"3638081","1","56","0"
"3640844","0","2","0"
"3645370","1","14","0"
"3645375","4","16","0"
"3645650","1","82","1"
"3646920","24","33","1"
"3648453","6","11","0"
"3649496","5","18","13"
"3651739","0","43","0"
"3653343","2","4","5"
"3654352","1","5","0"
"3654605","12","49","0"
"3656739","329","838","10"
"3656912","1","1","3"
"3657747","7","20","0"
"3659361","1","9","0"
"3660991","2","5","0"
"3662111","3","10","0"
"3665698","4","5","0"
"3665707","14","18","2"
"3667264","50","72","0"
"3667967","2","3","0"
"3668031","7","12","0"
"3668462","5","7","0"
"3670132","29","38","0"
"3670607","3","8","4"
"3671801","11","44","10"
"3672883","8","78","0"
"3673659","24","17","0"
"3677576","50","88","14"
"3678363","7","18","1"
"3679147","48","31","4"
"3680119","12","1","5"
"3681607","2","6","2"
"3682535","4","36","1"
"3684343","101","292","30"
"3686898","31","76","3"
"3688861","23","74","1"
"3688864","0","42","0"
"3689364","1","2","1"
"3691488","2","7","0"
"3692034","1","12","0"
"3692110","6","5","0"
"3692447","8","77","0"
"3697441","4","0","0"
"3697686","0","17","0"
"3697870","22","42","0"
"3700119","1","22","0"
"3700738","0","0","1"
"3700993","226","221","9"
"3701393","61","87","40"
"3703534","3","24","2"
"3703783","64","79","0"
"3703819","34","4","2"
"3704549","6","27","0"
"3704831","0","5","0"
"3705183","29","51","1"
"3705348","1","9","1"
"3705861","4","10","6"
"3706345","1","0","0"
"3706717","7","89","7"
"3708153","0","4","0"
"3708208","0","15","0"
"3709537","3","75","0"
"3710053","177","223","25"
"3711266","6","12","1"
"3712531","7","15","1"
"3712577","15","21","0"
"3714181","4","7","0"
"3715819","17","20","6"
"3716552","6","91","6"
"3716664","45","31","1"
"3717691","122","179","13"
"3718246","0","11","0"
"3719845","8","18","0"
"3721822","0","48","0"
"3722635","7","17","0"
"3723707","9","22","4"
"3725142","25","30","7"
"3729184","1","35","1"
"3730077","7","57","1"
"3730626","136","156","2"
"3731622","18","13","1"
"3733295","9","12","0"
"3734059","4","24","0"
"3736051","9","10","27"
"3737177","20","37","0"
"3737186","2","42","0"
"3738831","0","6","0"
"3739756","0","2","1"
"3740047","29","200","1"
"3740545","0","23","0"
"3741571","50","31","0"
"3741900","65","157","4"
"3743091","13","17","2"
"3745413","102","322","0"
"3748275","6","51","0"
"3749576","2","14","1"
"3750381","1","9","0"
"3758264","2","7","0"
"3758439","2","21","0"
"3760216","40","38","3"
"3760875","0","87","0"
"3761687","5","40","0"
"3764048","6","66","2"
"3768239","20","155","1"
"3771196","0","1","0"
"3775493","13","13","30"
"3776014","16","29","0"
"3778283","0","33","0"
"3780372","1","7","0"
"3781728","16","11","0"
"3783002","85","166","0"
"3783243","485","969","179"
"3787144","0","6","0"
"3787750","1","5","0"
"3788470","3","9","1"
"3789481","14","27","2"
"3789665","332","543","1043"
"3789686","1","3","0"
"3794110","0","39","0"
"3797799","34","15","10"
"3798964","2","6","1"
"3799923","2","23","5"
"3800552","11","43","0"
"3800782","10","24","4"
"3800865","3","11","0"
"3804924","8","25","0"
"3805458","12","11","1"
"3808667","4","3","0"
"3810748","25","36","0"
"3813064","12","11","3"
"3813411","4","10","0"
"3813605","1","292","0"
"3813732","29","37","5"
"3819421","23","105","0"
"3820189","14","32","0"
"3821022","204","48","21"
"3821425","4","51","0"
"3821467","14","478","1"
"3825084","12","31","11"
"3825533","1","2","0"
"3826175","61","18","0"
"3827575","3","12","5"
"3829557","17","1","1"
"3833111","31","56","0"
"3833773","16","23","0"
"3834139","1","23","0"
"3834413","0","152","0"
"3834841","10","11","0"
"3834899","0","8","0"
"3836142","0","0","0"
"3836562","17","42","7"
"3840401","5","39","2"
"3840700","34","53","11"
"3841161","1","12","0"
"3842263","13","7","0"
"3842598","64","299","111"
"3842610","1","17","0"
"3842788","37","17","0"
"3844270","1","52","0"
"3844458","4","22","2"
"3846032","33","39","2"
"3847117","6","42","0"
"3848207","11","61","0"
"3849158","2","12","1"
"3849167","6","28","0"
"3857002","0","24","1"
"3858761","15","36","1"
"3864176","29","34","0"
"3866856","9","66","1"
"3870547","5","4","6"
"3872998","6","7","0"
"3873799","113","48","24"
"3876565","0","8","1"
"3877746","3","2","7"
"3878760","9","28","0"
"3879644","2","70","0"
"3880516","1","2","0"
"3881406","0","0","0"
"3882241","1","2","0"
"3883475","54","47","0"
"3887835","0","0","0"
"3888000","21","20","0"
"3889100","57","83","3"
"3892213","37","40","1"
"3894599","1","0","0"
"3896300","0","36","0"
"3897214","60","46","1"
"3898404","0","5","0"
"3901746","2","10","0"
"3902339","12","24","0"
"3902603","1","13","4"
"3902663","14","7","0"
"3904109","4","48","0"
"3905529","10","9","1"
"3907364","17","13","3"
"3909896","26","51","8"
"3915410","3","5","0"
"3916621","3","31","0"
"3917091","7","22","1"
"3917161","5","1","2"
"3917465","2","1","0"
"3918095","1","19","0"
"3919052","5","23","0"
"3920102","30","29","0"
"3925232","9","18","0"
"3925977","2","11","0"
"3926461","0","0","2"
"3926995","2","11","0"
"3930172","4","6","2"
"3930247","177","91","50"
"3931225","25","23","8"
"3934374","2","3","0"
"3934894","17","26","1"
"3936044","3","61","0"
"3937811","3","13","0"
"3940406","1","6","1"
"3943170","16","105","11"
"3943588","29","20","1"
"3943632","31","19","3"
"3943954","2","10","0"
"3944285","16","26","1"
"3944673","19","73","0"
"3946047","16","20","72"
"3946728","54","119","35"
"3948697","0","4","0"
"3948747","0","1","0"
"3950052","1","6","0"
"3950982","97","37","4"
"3952180","3","15","0"
"3952885","6","25","1"
"3955557","19","56","12"
"3955972","0","45","0"
"3956205","6","9","1"
"3956676","3","7","0"
"3957794","35","76","10"
"3959259","7","39","101"
"3959708","8","7","0"
"3960200","23","30","0"
"3960296","21","129","2"
"3961271","5","6","4"
"3961566","37","123","2"
"3962636","14","62","9"
"3962849","0","7","0"
"3963478","1","21","1"
"3968276","5","15","101"
"3968761","0","200","0"
"3969362","50","30","12"
"3970387","29","5","9"
"3975480","5","11","0"
"3979823","0","56","0"
"3980331","2","48","0"
"3980968","5","4","0"
"3982755","6","32","5"
"3982898","69","14","0"
"3984158","7","40","0"
"3985071","31","19","3"
"3986677","19","17","5"
"3986879","1","10","0"
"3991125","12","34","2"
"3991211","189","214","2"
"3994249","27","87","0"
"3994797","0","10","0"
"3995261","39","59","31"
"3995346","0","30","0"
"4001177","71","370","8"
"4005379","0","12","0"
"4009972","21","31","8"
"4011485","0","1","0"
"4015372","3","6","1"
"4015749","5","3","0"
"4017881","31","37","37"
"4018180","12","85","11"
"4019094","0","131","0"
"4019404","4","32","0"
"4020238","0","23","0"
"4021308","9","17","0"
"4021802","14","34","2"
"4023764","7","41","9"
"4024146","9","7","0"
"4024628","13","20","0"
"4027438","7","71","0"
"4031083","6","38","1"
"4031358","1","2","0"
"4033292","4","25","0"
"4034025","5","31","5"
"4034825","6","155","0"
"4035472","11","11","0"
"4035845","25","75","23"
"4036754","19","28","1"
"4037019","1","17","0"
"4037927","8","10","0"
"4038191","11","54","1"
"4040817","5","15","1"
"4041992","1","10","0"
"4042083","106","128","3"
"4042213","0","2","0"
"4044241","11","26","6"
"4044936","40","94","1"
"4046274","1","10","0"
"4050261","8","12","6"
"4050510","29","54","0"
"4051181","4","18","10"
"4052193","3","9","0"
"4052858","28","43","34"
"4055329","1","4","0"
"4056146","16","11","6"
"4058737","0","43","0"
"4062197","1","41","0"
"4064749","36","43","0"
"4067232","0","47","0"
"4067676","0","15","0"
"4068123","12","59","0"
"4068476","62","87","3"
"4072371","13","42","0"
"4075162","2","10","0"
"4075726","1","28","0"
"4079915","4","15","2"
"4080306","0","1","0"
"4080319","2","27","2"
"4081597","33","93","1"
"4082344","2","68","0"
"4082814","0","21","0"
"4083743","31","55","0"
"4085331","81","126","3"
"4088472","132","98","10"
"4089212","0","19","0"
"4089350","0","15","1"
"4089351","16","22","0"
"4090550","2","1","0"
"4092205","49","64","5"
"4094312","0","22","0"
"4094987","0","5","0"
"4095235","1","4","0"
"4095444","7","15","4"
"4098013","2","25","0"
"4105619","2","28","0"
"4108016","13","143","2"
"4109326","23","63","0"
"4110122","2","2","0"
"4112892","8","19","32"
"4113027","34","21","0"
"4115245","2","24","0"
"4120518","9","17","0"
"4122889","59","119","4"
"4122894","0","10","0"
"4123372","30","49","0"
"4123400","4","178","0"
"4123703","139","304","9"
"4124574","2","13","18"
"4124601","8","11","1"
"4126167","8","19","0"
"4127569","6","9","0"
"4127646","5","29","0"
"4128453","3","4","0"
"4131590","36","38","6"
"4131673","5","8","0"
"4132144","12","69","0"
"4135063","13","49","1"
"4135670","8","15","1"
"4137497","3","15","0"
"4138919","18","28","1"
"4139780","25","90","1"
"4141049","1","5","0"
"4142459","12","30","0"
"4142480","0","13","0"
"4143022","30","22","3"
"4143312","0","24","0"
"4145420","14","21","11"
"4145941","1","18","0"
"4146351","11","21","0"
"4147181","3","11","0"
"4148384","0","4","0"
"4150337","22","15","0"
"4151137","1","7","0"
"4151175","12","16","0"
"4151233","188","151","18"
"4152976","4","24","0"
"4152992","0","26","0"
"4153863","3","11","0"
"4154062","137","113","0"
"4154375","442","306","0"
"4157124","36","47","1310"
"4161385","5","3","0"
"4161471","80","254","103"
"4163254","3","8","0"
"4163879","2","24","0"
"4165552","313","286","10"
"4166459","0","29","0"
"4166522","10","24","0"
"4168972","3","5","0"
"4172685","1","6","0"
"4174789","9","25","0"
"4175515","3","19","0"
"4175647","16","38","0"
"4175822","49","17","0"
"4177009","79","184","1"
"4177828","42","132","4"
"4177926","25","44","20"
"4180276","7","22","0"
"4181011","0","15","0"
"4181222","3","19","0"
"4182029","1","1","0"
"4184203","35","50","1"
"4185785","1","20","0"
"4185994","15","16","8"
"4186830","67","20","0"
"4190402","107","102","30"
"4190564","154","240","1"
"4190565","0","81","0"
"4190933","3","29","0"
"4191716","0","4","4"
"4192097","7","8","1"
"4194079","18","67","4"
"4194514","3","16","0"
"4195981","3","1","0"
"4197293","3","17","0"
"4198099","0","8","0"
"4198180","20","20","18"
"4206951","8","13","0"
"4207394","7","33","2"
"4207704","2","31","1"
"4208174","622","59","54"
"4209657","16","23","1"
"4211947","3","0","0"
"4213662","22","194","1"
"4213803","14","13","2"
"4214241","11","65","0"
"4215651","10","16","0"
"4217232","0","1","0"
"4217452","6","101","0"
"4218046","2","32","3"
"4218245","20","51","2"
"4224575","49","52","1"
"4224718","17","28","3"
"4225229","11","82","1"
"4225384","359","537","4"
"4230093","0","25","0"
"4230409","5","7","1"
"4230970","1","4","0"
"4233342","11","25","1"
"4233951","7","20","1"
"4235636","3","6","1"
"4237254","6","50","1"
"4237591","2","24","0"
"4238323","3","6","1"
"4240413","14","5","18"
"4241624","2","5","0"
"4241780","5","2","1"
"4242086","21","20","0"
"4242097","3","37","0"
"4243635","10","17","0"
"4243912","0","9","0"
"4244684","27","100","0"
"4245525","0","7","0"
"4247268","6","9","137"
"4247599","3","8","0"
"4248842","16","318","2"
"4251829","2","28","0"
"4253183","14","11","13"
"4254681","78","222","3"
"4255107","3","5","1"
"4255978","0","11","0"
"4256260","1","10","0"
"4256346","15","53","12"
"4256419","31","11","9"
"4256749","5","15","3"
"4264864","3","2","0"
"4267015","8","23","1"
"4267439","9","29","0"
"4269730","0","15","0"
"4271375","0","2","0"
"4272651","3","4","0"
"4274933","46","73","0"
"4275413","65","39","1"
"4275660","14","24","0"
"4276647","312","67","0"
"4276951","10","53","17"
"4279006","0","3","2"
"4279704","3","1","0"
"4280620","4","19","0"
"4282026","13","17","1"
"4282081","16","75","5"
"4282847","34","85","3"
"4287943","31","35","0"
"4288506","140","192","4"
"4290768","0","57","0"
"4291272","15","20","0"
"4294399","302","621","4001"
"4298200","12","50","163"
"4298208","2","5","1"
"4298218","2","11","0"
"4299358","352","567","186"
"4300608","7","15","0"
"4301195","41","57","2"
"4302070","0","7","0"
"4303352","3","4","0"
"4303758","0","46","0"
"4305676","16","16","0"
"4307534","7","15","12"
"4308032","1","5","0"
"4308286","4","51","1"
"4308455","837","335","517"
"4309038","1","5","0"
"4311135","0","12","0"
"4313775","6","6","1"
"4314902","3","9","0"
"4316405","10","42","9"
"4316681","1","66","0"
"4317297","23","82","0"
"4317797","14","95","5"
"4322318","0","9","0"
"4322884","1","5","0"
"4324496","99","21","0"
"4326715","4","58","0"
"4326922","14","142","2"
"4327668","0","11","0"
"4331637","30","40","0"
"4331750","3","5","0"
"4332316","17","6","0"
"4332585","7","8","1"
"4333490","0","15","0"
"4334120","27","23","3"
"4335168","0","12","0"
"4335939","11","87","2"
"4340578","16","33","1"
"4341733","2","15","0"
"4343332","12","17","0"
"4346453","13","89","1"
"4348570","16","38","0"
"4348824","12","15","0"
"4350586","22","7","1"
"4353606","7","7","0"
"4355695","20","28","0"
"4356188","1","18","0"
"4356299","0","2","0"
"4357017","9","5","0"
"4357650","0","81","3"
"4358570","49","76","3"
"4359029","0","1","5"
"4359699","21","15","0"
"4360419","1","1","0"
"4360557","5","15","2"
"4361999","23","36","95"
"4364057","10","23","1"
"4364635","91","73","0"
"4366445","12","36","3"
"4366470","0","6","1"
"4370629","5","10","0"
"4372452","134","286","14"
"4373583","3","14","0"
"4373661","47","436","11"
"4375751","1","3","0"
"4375983","1","75","0"
"4376643","64","30","1"
"4379130","4","20","0"
"4381062","2","8","0"
"4382305","4","32","0"
"4383032","4","151","0"
"4383512","4","41","0"
"4384513","0","4","0"
"4385647","42","68","14"
"4385889","19","70","0"
"4386643","13","2","1"
"4389763","10","33","10"
"4391743","0","29","2"
"4393351","15","21","7"
"4394120","79","112","2"
"4396113","0","10","0"
"4398005","9","2","0"
"4399576","0","6","0"
"4400060","10","71","10"
"4401349","5","14","0"
"4402431","12","15","0"
"4406793","10","30","1"
"4406995","19","23","3"
"4407063","15","10","1"
"4407597","1","3","1"
"4408364","1","22","1"
"4408538","49","27","12"
"4410674","1","338","0"
"4412032","1207","616","134"
"4412979","33","15","1"
"4415493","4","19","0"
"4415625","9","167","8"
"4417567","0","130","0"
"4419695","0","6","0"
"4420355","4","20","4"
"4420532","1","14","0"
"4420543","0","14","1"
"4420649","320","425","2"
"4420797","20","46","0"
"4421870","32","28","5"
"4421944","6","56","0"
"4422957","4","16","4"
"4424024","12","40","2"
"4424657","1","10","0"
"4425643","60","39","97"
"4426072","8","40","1"
"4426075","1","6","0"
"4427457","9","7","0"
"4428236","9","10","1"
"4432541","7","62","0"
"4432648","43","81","0"
"4432671","7","4","2"
"4433536","15","23","18"
"4434072","4","7","0"
"4438061","0","2","0"
"4438168","35","75","1"
"4441404","1","15","0"
"4441547","23","78","1"
"4442337","29","30","2"
"4445625","25","79","0"
"4448195","21","52","2"
"4448416","1","27","0"
"4449862","2","3","0"
"4450090","21","82","0"
"4452222","1","29","0"
"4452265","238","194","12"
"4452289","7","1","0"
"4453351","2","2","0"
"4454732","13","20","5"
"4458369","23","241","12"
"4458510","6","6","0"
"4458531","4","40","0"
"4461271","2","17","0"
"4461537","11","8","0"
"4463445","0","4","0"
"4465464","0","16","0"
"4466962","1","7","0"
"4467670","237","57","12"
"4467741","5","11","0"
"4468423","6","18","0"
"4470126","13","21","0"
"4470964","4","21","0"
"4472048","5","1","0"
"4472932","170","39","7"
"4473386","2","38","5"
"4473406","35","22","3"
"4473615","23","23","4"
"4474869","234","20","2"
"4475206","16","14","0"
"4475952","0","24","0"
"4476484","81","39","47"
"4477336","8","1","1"
"4479004","21","14","2"
"4480394","0","37","0"
"4481312","14","38","1"
"4484994","0","19","0"
"4487790","0","8","1"
"4487858","0","5","0"
"4488332","1","8","0"
"4489164","55","30","1"
"4489263","37","511","52"
"4491743","23","170","1"
"4491768","14","49","0"
"4494515","3","7","0"
"4494577","0","36","1"
"4496560","18","56","0"
"4500798","0","4","0"
"4501068","0","2","0"
"4501354","26","18","0"
"4503373","46","19","3"
"4503491","8","8","0"
"4505749","2","9","0"
"4506678","5","31","2"
"4507580","0","20","0"
"4508758","1","2","0"
"4512005","163","144","31"
"4516027","4","919","0"
"4522512","1","25","0"
"4522780","4","30","1"
"4523896","4","7","0"
"4526012","21","132","0"
"4526479","6","20","0"
"4527645","1","115","0"
"4527878","6","26","0"
"4528159","1","20","14"
"4529168","8","55","0"
"4529555","49","51","1"
"4530440","8","12","0"
"4536543","44","44","10"
"4536811","0","6","0"
"4537906","11","12","0"
"4540020","41","28","0"
"4541097","5","4","0"
"4541731","22","56","0"
"4546511","2","7","0"
"4549220","1","3","1"
"4550158","58","42","3"
"4551984","1","19","0"
"4552651","4","2","2"
"4552819","1","2","0"
"4552842","0","1","0"
"4556479","18","10","3"
"4557899","0","32","0"
"4560509","9","44","0"
"4565439","18","22","0"
"4566480","23","5","1"
"4566794","0","7","0"
"4567755","19","10","26"
"4568320","7","14","5"
"4569045","3","5","0"
"4570466","1","3","0"
"4571544","22","111","1"
"4572068","2","20","3"
"4572396","0","2","0"
"4573108","12","23","9"
"4573839","18","21","2"
"4574633","0","33","0"
"4575172","1","11","0"
"4575331","22","40","1"
"4576519","23","9","3"
"4581336","12","33","0"
"4581384","2","9","0"
"4582132","11","81","0"
"4582273","0","5","0"
"4582948","28","66","0"
"4583620","203","236","51"
"4583726","61","278","3"
"4584212","10","12","0"
"4585457","0","3","0"
"4588756","0","9","2"
"4589618","34","26","0"
"4589729","3","8","5"
"4590057","2","3","0"
"4590385","5","7","3"
"4592796","0","5","0"
"4593315","0","47","0"
"4593376","21","6","0"
"4593433","55","34","1"
"4601890","284","158","0"
"4602592","0","7","0"
"4603507","0","15","0"
"4604645","35","181","14"
"4605105","63","292","9"
"4607733","77","21","74"
"4608364","1","41","0"
"4610514","1","14","0"
"4610740","0","25","0"
"4612476","14","33","2"
"4612653","8","17","0"
"4613236","0","9","0"
"4614419","1","2","0"
"4615178","0","9","0"
"4615179","9","66","3"
"4615540","0","1","0"
"4617121","10","126","0"
"4619784","2","0","0"
"4620822","0","4","0"
"4622065","3","22","0"
"4623495","3","26","0"
"4623526","2","52","0"
"4625475","7","16","0"
"4625526","2","37","0"
"4626254","21","7","4"
"4629442","4","16","0"
"4629491","4","14","0"
"4629950","6","18","0"
"4630325","82","499","2"
"4632627","7","36","0"
"4633197","10","132","0"
"4635080","0","28","0"
"4635560","2","2","1"
"4637638","0","3","0"
"4639894","85","95","27"
"4640346","18","51","27"
"4641116","1380","1990","1"
"4641455","13","9","2"
"4641680","7","63","0"
"4641928","1","107","0"
"4642485","1","5","0"
"4644332","0","1","0"
"4644908","2","0","0"
"4645291","17","53","0"
"4650866","12","31","1"
"4650934","6","4","1"
"4650975","38","20","1"
"4652201","3","19","0"
"4653172","58","57","25"
"4653517","5","7","0"
"4654120","5","7","0"
"4654233","32","25","1"
"4654957","12","11","6"
"4655217","5","40","0"
"4655324","1","27","0"
"4655830","8","15","0"
"4656601","48","89","0"
"4657053","0","18","1"
"4659530","4","55","4"
"4660481","1","13","0"
"4661771","1","81","0"
"4664094","1","54","0"
"4668136","3","1","0"
"4669135","28","51","18"
"4669748","9","29","1"
"4670639","3","2","0"
"4671717","5","56","0"
"4672460","136","9","33"
"4672474","3","21","0"
"4674760","1","3","0"
"4676560","59","77","57"
"4679143","0","4","0"
"4679505","20","30","0"
"4681060","3","19","0"
"4681265","4","21","0"
"4682839","17","47","1"
"4684597","2","13","0"
"4685664","4","18","0"
"4687048","4","2","0"
"4687633","79","52","3"
"4687844","8","12","2"
"4688321","618","1149","152"
"4689036","0","1","0"
"4689391","2","1","0"
"4691224","21","31","1"
"4691830","113","149","13"
"4694757","15","55","0"
"4696015","0","37","0"
"4697273","0","59","0"
"4698227","43","70","4"
"4698501","7","54","0"
"4700327","17","82","3"
"4700841","56","77","4"
"4705262","89","74","0"
"4707703","0","14","0"
"4708150","27","40","1"
"4709400","0","12","0"
"4711030","1","25","1"
"4711754","277","163","19"
"4717427","0","36","0"
"4717533","2","3","1"
"4717755","107","195","32"
"4718406","4","7","1"
"4718434","1","20","4"
"4721232","1","8","0"
"4721265","2","4","1"
"4721734","27","7","12"
"4721937","4","15","0"
"4722577","5","6","0"
"4723732","108","101","4"
"4725074","3","13","4"
"4725875","99","276","8"
"4727717","7","7","3"
"4728060","3","1","0"
"4728913","13","228","2"
"4729721","121","714","15"
"4729822","4","21","0"
"4732620","20","38","0"
"4733161","90","611","25"
"4734673","4","8","0"
"4735043","4","42","0"
"4736703","0","18","0"
"4737924","0","15","0"
"4739488","681","764","33"
"4739687","0","50","3"
"4740921","3","22","0"
"4741746","0","1","0"
"4742570","11","91","1"
"4742889","9","18","3"
"4743096","6","43","1"
"4743275","3","15","0"
"4743730","3","15","1"
"4745529","34","139","3"
"4747043","17","27","13"
"4749264","1","26","0"
"4751073","5","4","0"
"4752223","3","16","0"
"4755075","26","21","2"
"4756173","106","37","72"
"4759176","116","54","3"
"4759433","81","49","4"
"4759619","2","3","1"
"4759726","25","39","0"
"4763053","0","0","0"
"4763270","0","9","0"
"4767343","2","7","0"
"4768820","0","2","0"
"4769440","1","11","0"
"4771277","3","0","0"
"4773610","1","132","0"
"4774045","0","85","0"
"4775350","0","19","0"
"4775645","2","52","0"
"4777670","5","76","1"
"4778545","0","5","0"
"4779472","274","795","197"
"4779904","1","11","1"
"4781067","2","19","0"
"4781312","46","113","19"
"4781940","23","105","2"
"4782169","1","188","0"
"4785110","32","96","2"
"4785859","0","0","0"
"4786273","141","58","35"
"4786466","36","343","15"
"4786620","0","29","0"
"4790497","0","11","0"
"4793951","5","17","0"
"4796214","13","22","20"
"4800789","1","49","0"
"4801289","1","5","3"
"4802021","12","15","0"
"4802259","18","16","1"
"4803842","9","53","1"
"4804091","31","29","0"
"4807532","18","7","0"
"4807875","12","11","0"
"4810109","0","4","1"
"4811873","3","29","0"
"4814891","0","1","0"
"4816918","2","3","0"
"4818212","18","87","31"
"4818540","1","51","1"
"4821142","123","29","57"
"4821621","87","5","365"
"4823604","0","24","0"
"4823653","2","1","0"
"4828060","11","5","0"
"4828524","20","83","0"
"4829177","4","16","0"
"4829704","12","10","2"
"4829725","2","22","1"
"4831083","8","50","0"
"4831427","152","71","1"
"4831822","26","29","0"
"4831923","1","3","0"
"4832634","89","56","3"
"4834103","1","5","0"
"4834117","3","7","1"
"4834431","85","152","25"
"4835122","1","16","0"
"4838205","5","17","1"
"4838216","90","75","0"
"4840338","5","52","0"
"4840661","22","38","6"
"4841248","14","13","0"
"4843624","8","17","0"
"4845566","2","7","0"
"4845808","4","1","0"
"4846859","7","9","1"
"4847250","4","117","0"
"4847251","0","11","0"
"4850431","50","18","3"
"4850553","2","5","1"
"4850646","17","7","0"
"4850949","86","75","7"
"4854821","26","53","3"
"4854931","10","89","0"
"4856020","1","1","1"
"4856814","3","11","0"
"4858133","64","133","0"
"4859885","1","4","0"
"4861760","134","159","102"
"4862133","0","17","0"
"4862564","0","8","0"
"4862911","15","18","3"
"4870785","137","89","10"
"4870915","3","1","2"
"4871001","19","22","0"
"4871247","3","0","0"
"4873972","1","3","1"
"4876561","36","41","0"
"4878848","5","63","0"
"4878850","0","8","0"
"4880379","0","7","0"
"4882692","10","304","1"
"4882696","2","4","0"
"4883754","4","10","4"
"4884334","0","9","0"
"4885169","0","30","0"
"4885321","157","206","0"
"4885784","0","2","0"
"4886202","9","12","1"
"4886722","2","31","0"
"4887423","1","24","0"
"4891717","1","28","2"
"4891815","7","138","10"
"4891904","0","0","0"
"4893747","16","5","0"
"4895359","9","9","0"
"4896468","20","42","2"
"4896852","0","3","0"
"4898562","5","17","0"
"4902099","255","250","49"
"4906130","7","50","0"
"4908847","10","59","1"
"4908900","4","23","0"
"4909228","8","9","1"
"4911665","4","17","0"
"4911775","12","10","0"
"4912080","7","11","0"
"4912329","1","18","0"
"4913153","0","24","1"
"4913276","7","14","0"
"4915707","5","23","1"
"4916868","49","11","0"
"4919526","70","254","0"
"4921317","5","5","0"
"4925548","16","108","0"
"4926605","0","7","0"
"4927236","6","18","0"
"4929295","0","5","0"
"4930913","22","64","2"
"4931630","8","26","0"
"4934150","4","18","1"
"4934446","4","3","0"
"4934640","5","17","0"
"4934937","25","41","0"
"4935140","0","3","0"
"4937475","0","7","0"
"4940126","18","5","0"
"4945535","0","8","0"
"4946896","1","1","3"
"4947644","4","12","1"
"4948483","26","32","7"
"4948798","26","73","2"
"4951187","2","3","0"
"4952537","1","12","0"
"4952549","17","283","2"
"4955498","1","20","0"
"4956078","29","45","0"
"4956336","130","136","0"
"4957508","8","39","186"
"4957620","1","39","0"
"4957915","12","4","1"
"4959716","5","9","0"
"4960784","2","22","0"
"4961158","1","73","2"
"4961700","977","1373","44"
"4962130","2","36","0"
"4962355","60","98","31"
"4962858","0","2","1"
"4964791","9","90","0"
"4970442","23","27","18"
"4970679","24","279","91"
"4971065","0","492","0"
"4973076","1","18","0"
"4974784","0","5","0"
"4975772","8","35","5"
"4978865","4","19","0"
"4979159","30","136","1"
"4981515","17","17","1"
"4982691","54","76","68"
"4983082","1","37","1"
"4983752","8","15","5"
"4984564","1","24","4"
"4985099","2","35","0"
"4986557","19","13","0"
"4987648","59","60","0"
"4987673","105","146","4"
"4990392","18","88","11"
"4992248","2","5","0"
"4993045","1","8","0"
"4997879","0","3","0"
"5000776","7","15","0"
"5004011","2","40","0"
"5004822","25","35","0"
"5006866","3","11","4"
"5009293","19","36","2"
"5010285","3","8","0"
"5011469","5","20","1"
"5014221","5","441","1"
"5015758","2","1","9"
"5020294","3","38","0"
"5021151","18","32","0"
"5021687","1","9","0"
"5021963","2","13","1"
"5022605","6","12","0"
"5023438","30","39","8"
"5024514","1","72","0"
"5026136","5","32","1"
"5027456","110","83","17"
"5031337","1","1","0"
"5033247","12","75","22"
"5033303","5","7","0"
"5036171","86","22","1"
"5037430","28","4","54"
"5038157","2","12","1"
"5039333","13","27","4"
"5042987","4","4","0"
"5043356","1","2","0"
"5043424","108","50","10"
"5044294","38","33","0"
"5045467","1","40","0"
"5049799","5","111","0"
"5049813","20","28","3"
"5053266","1","5","0"
"5055190","2","42","0"
"5057350","1","5","0"
"5059031","0","18","0"
"5060151","4","17","0"
"5063031","16","88","0"
"5065796","3","16","0"
"5068914","0","4","0"
"5069951","21","60","0"
"5075755","5","8","3"
"5078765","32","58","0"
"5079799","143","178","1"
"5081063","4","2","1"
"5082504","0","8","0"
"5082978","3","0","1"
"5083043","0","52","0"
"5084841","6","23","1"
"5086631","6","7","0"
"5086732","5","6","0"
"5088165","0","17","0"
"5090928","1","13","0"
"5091720","62","79","2"
"5091874","7","8","5"
"5092978","3","4","0"
"5094044","7","79","0"
"5095128","0","38","0"
"5097539","5","7","0"
"5103577","7","10","11"
"5104777","17","5","2"
"5105383","45","73","1"
"5106317","1","98","0"
"5108631","12","25","0"
"5108673","4","4","0"
"5108695","2","9","0"
"5108777","3","5","0"
"5109043","0","0","0"
"5113030","60","82","11"
"5114465","13","48","9"
"5118861","8","61","0"
"5122581","1","7","0"
"5122615","1","25","0"
"5124383","0","28","0"
"5127330","41","29","7"
"5127346","0","16","0"
"5128464","9","23","0"
"5128466","7","28","0"
"5128755","0","5","2"
"5128826","0","41","0"
"5128831","20","19","1"
"5131026","16","17","3"
"5131255","30","32","0"
"5131640","7","30","2"
"5132456","1","12","0"
"5132804","0","9","0"
"5132823","5","15","2"
"5132860","19","10","0"
"5134722","2","46","0"
"5135157","113","150","2"
"5141328","42","84","0"
"5146848","1","12","0"
"5148738","0","2","4"
"5148795","5","20","3"
"5151202","19","15","3"
"5151355","3","3","0"
"5154683","17","38","3"
"5155422","1","5","0"
"5156054","3","26","1"
"5158636","11","21","0"
"5159431","4","10","0"
"5160077","11","32","2"
"5162073","48","104","32"
"5163085","0","1","0"
"5164318","39","70","0"
"5164462","9","12","3"
"5167831","0","5","0"
"5167909","0","15","1"
"5168782","2","12","0"
"5169186","0","67","0"
"5171120","3","284","0"
"5171169","5","34","0"
"5175802","12","68","1"
"5179478","0","2","0"
"5179748","23","27","0"
"5181464","0","5","0"
"5186159","3","4","0"
"5189472","3","29","0"
"5192105","80","80","9"
"5192528","2","6","2"
"5193915","21","14","44"
"5194348","1","56","0"
"5196093","14","11","1"
"5196286","0","0","0"
"5197712","57","193","37"
"5198805","12","17","0"
"5199418","130","169","12"
"5203563","3","31","0"
"5204318","0","0","0"
"5204833","3","9","0"
"5206464","66","38","0"
"5211514","0","1","0"
"5211752","144","275","8"
"5215131","25","32","1"
"5220489","0","3","0"
"5221626","367","452","2054"
"5223757","68","69","12"
"5224236","14","230","0"
"5225272","27","29","2"
"5226491","0","246","0"
"5228202","10","141","10"
"5229463","2","6","0"
"5230311","6","25","0"
"5231110","45","97","4"
"5232323","7","9","2"
"5234334","4","10","0"
"5240198","3","1","0"
"5243272","32","46","5"
"5243472","54","10","1"
"5246906","64","185","0"
"5248391","12","24","0"
"5250468","1","1","0"
"5251059","12","124","0"
"5251061","1","3","0"
"5251507","0","5","0"
"5252192","9","6","0"
"5253279","4","9","0"
"5254103","0","2","0"
"5254458","0","6","0"
"5254746","2","2","0"
"5256337","2","6","0"
"5256759","0","8","0"
"5258200","0","75","0"
"5260051","1","16","1"
"5260872","1","12","0"
"5262452","0","4","0"
"5262941","6","31","0"
"5264501","6","8","0"
"5266998","0","19","0"
"5267751","156","537","7"
"5269205","46","74","9"
"5270581","0","14","0"
"5271927","45","47","0"
"5272061","0","41","0"
"5272567","108","144","3"
"5273580","33","39","5"
"5274205","24","77","0"
"5275959","24","81","13"
"5276188","23","42","2"
"5279080","8","70","0"
"5279156","1","8","0"
"5282154","152","359","0"
"5287638","15","73","1"
"5288560","1","10","0"
"5290447","147","358","1"
"5290519","35","181","3"
"5292374","0","11","0"
"5292951","3","6","0"
"5293112","27","105","13"
"5294422","1","16","10"
"5295617","2","3","0"
"5296462","1","0","0"
"5298696","60","213","5"
"5299417","7","2","2"
"5304366","5","24","0"
"5305430","16","42","7"
"5306507","29","23","27"
"5308259","33","50","11"
"5309486","3","31","0"
"5309984","39","42","13"
"5314742","5","8","0"
"5316326","9","21","0"
"5316879","18","31","0"
"5317332","114","12","86"
"5318986","1","6","0"
"5319738","1","4","0"
"5320618","1","7","0"
"5320902","4","12","0"
"5329717","29","32","0"
"5329722","19","24","0"
"5330333","67","40","0"
"5330895","4","13","0"
"5331834","0","23","0"
"5332500","6","26","0"
"5332914","15","65","0"
"5333340","1","48","0"
"5334486","212","937","1"
"5335565","4","4","0"
"5336948","19","29","3"
"5338073","2","3","0"
"5338708","42","2","0"
"5338829","15","29","0"
"5339857","0","2","0"
"5339978","3","13","0"
"5342297","11","5","0"
"5343790","0","33","0"
"5345715","11","10","0"
"5347939","7","8","0"
"5348875","28","42","0"
"5349917","6","3","4"
"5351721","174","269","37"
"5353589","0","0","0"
"5354341","23","11","0"
"5355567","1","22","0"
"5356229","2","7","0"
"5356349","33","33","2"
"5357951","0","10","0"
"5359340","7","28","0"
"5359797","1","19","0"
"5360898","11","40","0"
"5361964","1","1","0"
"5362583","10","9","6"
"5363197","15","23","1"
"5367106","0","9","2"
"5368626","4","12","3"
"5369706","9","25","5"
"5371505","68","108","0"
"5371590","0","6","0"
"5372008","5","9","0"
"5372462","6","31","0"
"5375291","0","10","0"
"5376404","3","119","0"
"5377805","14","10","3"
"5378187","3","10","2"
"5379437","0","9","0"
"5379479","6","15","0"
"5379668","6","23","0"
"5380897","1","13","1"
"5381023","25","125","269"
"5389414","0","9","0"
"5390254","0","1","0"
"5394786","27","55","5"
"5400362","2","75","0"
"5400385","35","28","0"
"5400793","1","8","1"
"5400881","0","3","0"
"5403987","10","13","0"
"5404186","4","7","0"
"5404226","2","16","0"
"5405086","1","19","0"
"5405298","2","26","1"
"5411494","1","4","0"
"5412074","13","13","0"
"5412273","4","13","0"
"5413283","8","12","16"
"5414798","14","375","0"
"5416044","0","5","0"
"5418514","4","4","0"
"5423811","0","1","0"
"5424426","2","27","0"
"5425562","1","16","0"
"5425860","11","3","3"
"5426703","1","23","2"
"5427200","1","15","0"
"5427402","1","4","0"
"5430306","26","51","0"
"5436259","83","146","5"
"5436880","0","114","0"
"5436889","2","18","0"
"5437864","11","52","0"
"5438626","219","253","24"
"5439669","12","27","0"
"5440638","8","37","1"
"5440883","104","115","0"
"5442187","3","224","0"
"5442527","18","53","4"
"5442972","0","5","0"
"5443319","8","11","0"
"5443482","1","8","1"
"5444273","0","4","0"
"5445078","13","14","0"
"5445670","179","87","88"
"5446285","15","7","2"
"5447906","12","27","1"
"5449364","3","12","1"
"5449431","4","11","4"
"5451344","4","8","3"
"5451849","114","9","0"
"5452008","36","64","0"
"5452371","12","29","2"
"5454842","35","128","0"
"5456906","9","33","4"
"5457220","5","19","0"
"5457643","1","12","4"
"5458086","2","1","0"
"5459467","5","2","0"
"5459640","0","69","1"
"5459729","10","38","5"
"5462372","27","20","11"
"5463169","16","11","2"
"5471218","1","11","0"
"5472819","3","21","0"
"5473725","3","0","0"
"5477561","4","4","0"
"5480147","19","34","11"
"5480409","7","13","0"
"5481471","13","68","1"
"5483079","39","77","19"
"5483580","9","13","1"
"5484737","4","24","0"
"5489276","33","551","7"
"5490782","1","6","2"
"5491375","4","18","1"
"5494721","12","96","0"
"5496808","35","94","0"
"5497874","0","1","0"
"5498542","7","11","2"
"5500690","35","34","1"
"5501242","0","1","0"
"5501699","9","4","1"
"5502306","38","38","15"
"5503940","4","1","0"
"5504922","140","196","1"
"5506400","104","243","1"
"5506730","4","14","2"
"5506988","12","37","0"
"5507055","4","12","6"
"5509738","26","129","1"
"5511315","6","17","9"
"5512455","3","7","1"
"5513788","26","47","4"
"5515155","4","16","0"
"5515287","1","23","7"
"5516339","130","237","148"
"5517161","16","4","4"
"5518817","9","23","0"
"5519026","1","19","0"
"5519709","3","25","9"
"5519872","3","104","1"
"5520680","1","35","0"
"5521857","7","6","0"
"5522303","42","130","0"
"5526624","45","167","12"
"5527075","22","9","0"
"5528355","0","15","0"
"5529197","24","132","0"
"5529263","6","3","65"
"5530076","26","41","2"
"5530965","37","23","0"
"5535604","0","15","0"
"5536695","4","19","0"
"5545458","0","0","0"
"5546267","2","14","2"
"5547573","0","3","0"
"5548239","5","12","3"
"5549301","0","4","0"
"5551938","4","28","0"
"5552874","25","15","1"
"5553768","0","24","1"
"5559590","6","13","0"
"5559775","1","17","0"
"5559867","1","9","0"
"5560898","15","28","2"
"5562041","10","14","0"
"5562045","3","10","3"
"5562372","5","37","0"
"5564578","6","18","2"
"5565544","68","78","0"
"5567382","8","241","1"
"5568646","0","22","0"
"5571686","22","22","0"
"5575382","5","8","0"
"5575595","0","70","0"
"5575955","7","27","16"
"5577076","10","29","0"
"5578773","13","4","2"
"5581893","76","89","1"
"5582028","1","33","0"
"5582655","1","48","1"
"5585069","6","14","0"
"5587356","3","3","20"
"5587393","11","40","0"
"5588077","1","2","0"
"5589073","7","10","4"
"5589405","2","11","1"
"5593150","92","55","19"
"5595264","0","4","0"
"5597017","8","121","3"
"5600363","12","114","0"
"5600452","11","54","1"
"5601591","3","13","0"
"5601899","0","15","0"
"5602149","0","10","0"
"5602871","1","18","7"
"5604852","7","18","0"
"5605822","1","42","0"
"5605919","8","10","0"
"5607207","27","193","0"
"5607457","5","29","0"
"5608694","12","74","0"
"5609501","0","29","0"
"5614268","11","4","0"
"5614800","4","109","0"
"5615038","0","4","0"
"5618326","21","29","2"
"5619133","0","38","0"
"5620913","27","31","15"
"5623232","83","51","1"
"5623474","2","18","0"
"5625089","3","58","0"
"5625696","5","48","0"
"5626568","14","11","95"
"5629339","0","13","0"
"5632252","1","1","0"
"5632255","17","46","1"
"5632412","2","28","0"
"5633063","5","20","0"
"5634841","3","3","0"
"5635880","4","19","0"
"5637701","23","8","8"
"5638943","149","90","0"
"5639688","73","79","0"
"5640737","2","104","0"
"5641674","0","24","0"
"5644961","17","143","1"
"5645583","2","18","0"
"5645656","108","43","24"
"5647513","61","38","2"
"5649639","57","43","5"
"5651109","1","22","0"
"5657783","2","0","0"
"5658778","4","6","0"
"5659521","0","8","0"
"5660284","37","42","11"
"5661396","11","37","2"
"5662005","287","33","21"
"5662805","3","27","2"
"5663381","0","20","0"
"5668956","1","8","5"
"5670752","11","23","5"
"5670773","9","22","2"
"5671180","0","2","0"
"5671919","1","3","0"
"5674223","0","12","7"
"5674721","6","16","0"
"5678653","19","37","0"
"5680348","3","72","0"
"5681468","1","3","0"
"5686794","3","14","1"
"5689074","18","53","2"
"5692012","5","25","0"
"5694847","0","7","0"
"5695953","1","24","5"
"5698738","1","19","0"
"5704347","0","32","0"
"5704664","2","15","0"
"5704863","5","9","0"
"5705408","3","19","0"
"5708566","0","339","0"
"5709159","7","44","0"
"5710233","5","32","11"
"5710382","37","22","50"
"5710637","4","26","0"
"5717640","33","68","4"
"5718868","2","16","0"
"5719229","154","250","2"
"5721620","11","5","1"
"5722010","10","43","0"
"5722359","35","16","3"
"5722465","0","2","0"
"5724147","8","26","1"
"5724889","0","6","0"
"5727643","4","7","0"
"5729661","5","4","0"
"5730279","109","447","121"
"5731101","20","8","3"
"5731587","17","23","2"
"5732537","0","268","0"
"5733059","0","12","0"
"5734097","9","36","1"
"5736633","76","22","30"
"5736671","23","56","7"
"5737562","18","18","1"
"5738112","2","23","0"
"5739443","137","80","1"
"5739514","8","48","4"
"5740243","69","220","53"
"5744858","25","18","5"
"5746996","6","12","0"
"5747415","3","4","0"
"5748537","1","7","0"
"5749217","3","4","0"
"5750078","6","10","0"
"5752730","5","11","5"
"5752737","5","6","1"
"5756976","12","29","3"
"5759723","9","44","0"
"5761011","3","37","0"
"5762332","50","51","20"
"5763413","46","83","7"
"5765795","2","1","5"
"5767484","84","70","0"
"5767872","94","280","4"
"5770501","1","10","0"
"5771474","3","1","0"
"5771669","3","1","0"
"5771750","11","30","1"
"5772498","0","1","0"
"5775358","22","100","0"
"5778099","4","6","3"
"5779083","7","26","3"
"5780020","1","4","0"
"5781499","222","505","6"
"5784543","6","3","1"
"5784757","28","331","532"
"5784831","14","44","0"
"5784924","65","22","4"
"5784939","10","17","1"
"5785362","12","19","1"
"5790498","1","40","0"
"5790653","270","125","4"
"5791702","0","12","0"
"5792519","54","41","50"
"5793132","13","62","0"
"5793905","8","23","0"
"5795592","6","17","1"
"5797400","2","10","0"
"5800846","9","30","0"
"5802417","57","85","2"
"5804509","5","15","0"
"5804723","3","16","0"
"5808504","8","27","1"
"5808897","1","3","22"
"5809511","3","12","0"
"5809597","6","19","1"
"5810378","1","23","0"
"5810852","0","16","1"
"5811874","0","137","0"
"5812524","97","154","3"
"5812981","13","18","0"
"5815054","10","27","1"
"5817313","0","10","0"
"5819072","6","6","0"
"5819157","1","2","0"
"5820440","0","3","0"
"5822952","2","4","0"
"5824563","31","22","0"
"5825963","43","145","0"
"5827565","18","24","0"
"5828883","0","10","0"
"5829526","0","9","0"
"5831220","5","3","6"
"5833429","4","11","2"
"5833816","6","42","2"
"5835002","34","23","8"
"5836577","22","98","0"
"5836700","1","3","0"
"5837689","130","167","6"
"5838180","22","32","1"
"5840062","0","29","0"
"5841297","0","9","0"
"5844572","13","27","0"
"5844686","0","1","0"
"5845802","6","19","0"
"5846565","0","11","0"
"5848185","1","11","0"
"5851905","1","39","0"
"5852281","0","23","0"
"5852550","6","4","0"
"5853235","0","8","0"
"5853262","1","11","0"
"5859654","7","180","0"
"5861244","4","3","0"
"5862900","4","46","0"
"5864582","0","6","0"
"5868088","3","25","0"
"5869217","1","5","0"
"5869304","102","420","0"
"5875416","0","21","0"
"5876267","6","14","2"
"5876803","0","214","0"
"5877879","0","5","0"
"5882307","336","780","122"
"5882375","1","14","0"
"5886238","9","20","3"
"5887772","0","0","0"
"5889853","9","52","9"
"5891747","0","61","0"
"5897602","51","232","0"
"5898421","226","94","7"
"5899585","0","1","1"
"5899776","34","113","13"
"5904821","5","19","1"
"5905466","219","48","3"
"5909026","69","265","6"
"5909388","0","3","0"
"5909839","12","46","0"
"5911978","2","11","0"
"5912896","1","7","0"
"5916535","0","2","0"
"5919934","54","153","1"
"5921826","257","212","220"
"5923666","7","30","4"
"5924738","0","7","0"
"5927442","21","36","0"
"5928111","0","0","0"
"5929559","4","16","0"
"5931672","49","15","5"
"5932611","2","7","0"
"5934567","0","0","0"
"5938276","117","31","3"
"5938759","3","13","1"
"5939058","3","31","0"
"5941620","2","8","5"
"5942579","7","11","0"
"5948056","67","51","14"
"5951420","1","11","0"
"5952279","9","14","3"
"5953351","9","2","0"
"5953610","18","47","1"
"5955911","2","1","0"
"5956261","221","580","27"
"5958708","9","8","0"
"5958842","132","42","70"
"5959372","5","10","0"
"5959625","28","10","0"
"5964023","0","39","0"
"5966448","0","4","0"
"5967807","7","9","1"
"5967828","0","43","0"
"5967872","18","74","6"
"5971498","7","17","0"
"5972985","11","25","0"
"5976033","11","125","0"
"5980143","5","11","0"
"5980413","0","208","0"
"5982920","0","5","1"
"5983596","8","14","0"
"5983841","7","107","0"
"5986907","98","219","18"
"5987669","35","254","8"
"5987698","5","50","0"
"5989199","6","24","0"
"5990938","1","33","0"
"5993410","3","65","1"
"5993518","5","19","0"
"5996031","4","119","2"
"5996276","16","65","2"
"5997555","5","25","1"
"5999372","1","11","1"
"6005451","0","20","0"
"6010343","14","17","0"
"6011193","0","2","0"
"6012939","10","8","0"
"6013016","51","14","12"
"6014330","4","43","1"
"6016064","43","233","0"
"6016470","4","19","0"
"6019903","3","4","1"
"6021469","1","3","2"
"6022243","8","49","15"
"6023173","80","154","8"
"6026237","19","42","3"
"6026385","68","46","0"
"6027872","8","14","1"
"6028807","18","10","14"
"6029001","2","10","4"
"6032177","55","180","0"
"6032547","3","24","0"
"6033601","5","85","0"
"6034955","7","29","1"
"6035312","0","21","0"
"6036169","6","6","1"
"6036546","1","180","0"
"6037118","2","76","0"
"6037956","1","0","0"
"6038180","2","14","0"
"6038796","1","16","10"
"6039301","15","17","0"
"6039830","11","26","12"
"6039995","1","63","1"
"6040515","0","41","0"
"6044312","1","1","2"
"6044997","7","7","0"
"6046607","4","7","1"
"6050364","5","31","0"
"6051596","19","13","0"
"6052427","4","4","3"
"6053084","29","78","2"
"6056624","20","14","0"
"6060723","1","10","0"
"6060964","10","122","14"
"6064073","6","15","0"
"6064543","2","6","2"
"6064728","11","38","0"
"6066470","5","20","2"
"6066528","15","29","2"
"6067774","30","167","0"
"6068294","54","94","73"
"6069964","0","0","0"
"6070341","41","99","8"
"6071729","14","33","3"
"6072570","13","21","0"
"6073141","54","68","1"
"6073148","32","56","3"
"6075996","0","70","0"
"6076861","2","1","0"
"6077549","5","41","0"
"6077683","9","20","0"
"6079144","0","100","0"
"6079412","1","27","0"
"6080536","9","17","0"
"6081445","1","12","0"
"6082084","1","1","0"
"6082280","1","6","0"
"6083675","7","28","300"
"6084517","18","13","1"
"6084589","41","25","0"
"6085193","1","30","0"
"6085521","5","3","0"
"6085864","0","61","0"
"6089443","0","1","0"
"6091308","2","101","0"
"6092788","2","20","0"
"6095092","22","139","0"
"6095508","1","23","0"
"6095662","4","10","0"
"6097503","0","4","2"
"6103001","3","15","7"
"6105259","10","127","0"
"6108283","6","19","0"
"6108947","4","75","0"
"6109034","0","3","0"
"6110783","5","5","0"
"6112457","11","15","1"
"6112586","0","0","0"
"6113363","15","7","51"
"6113627","4","27","2"
"6117311","11","21","0"
"6119582","309","593","11"
"6121044","25","114","3"
"6121430","3","5","0"
"6123824","73","55","105"
"6124824","19","34","7"
"6128573","2","6","1"
"6130753","14","17","0"
"6131368","13","43","2"
"6131452","9","6","0"
"6131611","7","20","1"
"6133426","190","24","8"
"6136235","9","18","0"
"6139163","7","19","0"
"6140314","6","2","0"
"6140888","1","1","0"
"6141587","29","57","1"
"6141797","1","28","0"
"6143954","6","51","10"
"6144118","9","10","1"
"6144626","7","142","2"
"6146136","184","191","35"
"6147653","1","13","0"
"6151549","41","18","5"
"6156647","0","5","0"
"6156726","3","6","0"
"6157848","0","4","0"
"6158341","21","16","0"
"6159698","0","3","0"
"6160172","1","6","2"
"6160951","0","5","0"
"6162011","1","11","0"
"6162864","10","15","0"
"6163066","2","11","0"
"6163756","2","25","0"
"6167296","1","17","0"
"6167440","0","12","0"
"6168323","8","15","10"
"6170191","6","3","2"
"6170711","2","18","0"
"6170890","1","18","0"
"6172657","5","9","6"
"6175174","23","18","0"
"6186333","9","11","22"
"6190031","135","169","10"
"6191255","4","30","2"
"6192332","0","0","0"
"6194097","1","7","0"
"6197439","91","70","1"
"6200354","33","29","1"
"6200728","43","327","0"
"6202210","6","5","0"
"6203113","76","87","7"
"6203226","0","168","0"
"6203472","1","7","5"
"6204542","3","7","0"
"6204612","4","19","0"
"6208915","8","12","3"
"6209382","14","8","1"
"6210699","2","29","0"
"6212294","3","48","0"
"6214210","40","291","71"
"6216983","58","19","49"
"6220377","26","14","0"
"6221024","76","118","1"
"6221931","0","6","1"
"6222152","17","74","0"
"6224228","0","33","0"
"6224823","0","63","0"
"6224975","27","116","0"
"6236042","46","51","3"
"6237026","0","2","2"
"6237093","388","356","43"
"6238009","4","6","1"
"6240879","0","56","1"
"6241184","0","4","1"
"6241429","0","2","0"
"6244201","8","14","2"
"6245535","0","3","0"
"6246818","11","3","1"
"6249483","0","1","0"
"6250649","1","6","0"
"6251742","102","34","78"
"6252111","0","5","0"
"6252525","10","14","0"
"6255000","7","27","0"
"6255757","17","25","8"
"6255978","0","10","0"
"6258859","47","35","2"
"6261890","277","260","25"
"6263015","1","9","1"
"6267288","4","2","3"
"6269559","11","30","1"
"6270118","0","72","0"
"6271180","2","5","0"
"6271889","13","26","0"
"6272102","1","19","0"
"6273251","297","807","90"
"6275174","1","1","0"
"6276596","9","20","0"
"6276704","14","15","0"
"6277831","0","11","0"
"6280156","22","26","2"
"6284025","15","48","2"
"6284785","1","36","0"
"6285600","10","48","0"
"6295712","0","3","1"
"6296268","5","11","0"
"6296435","4","7","0"
"6296759","45","100","16"
"6296931","8","18","0"
"6298712","10","1022","1"
"6301394","17","38","1"
"6302131","23","18","3"
"6303541","0","6","0"
"6305294","114","146","4"
"6308685","13","12","0"
"6309457","2","75","0"
"6310260","88","395","13"
"6310593","9","110","4"
"6312338","5","12","1"
"6315242","0","14","0"
"6316044","14","40","0"
"6319901","39","53","0"
"6324055","80","94","4"
"6324775","3","11","2"
"6325119","6","22","0"
"6325822","2","7","0"
"6326565","1","13","0"
"6327086","7","5","2"
"6327445","17","61","0"
"6327658","2","11","0"
"6329629","20","53","12"
"6329727","5","11","0"
"6331353","11","61","0"
"6331372","20","12","0"
"6331985","0","6","0"
"6333444","278","722","126"
"6335363","59","139","7"
"6337523","4","30","0"
"6337545","13","33","0"
"6338179","0","4","0"
"6340496","158","695","20"
"6340775","0","5","0"
"6340948","9","10","2"
"6341943","9","30","0"
"6346531","5","8","0"
"6346698","0","8","0"
"6346825","7","3","0"
"6348551","39","39","4"
"6349751","74","101","39"
"6351733","17","96","0"
"6352160","10","17","0"
"6352677","5","25","8"
"6356430","13","40","0"
"6367213","23","74","55"
"6367424","80","277","5"
"6368363","3","6","0"
"6369276","0","17","0"
"6373435","18","20","2"
"6378557","44","99","3"
"6378949","0","5","0"
"6381711","0","8","86"
"6383171","6","22","0"
"6384423","2","11","0"
"6384776","0","80","0"
"6385640","828","159","8"
"6386632","6","25","0"
"6387370","2","13","0"
"6387618","8","8","0"
"6388552","37","442","23"
"6390152","7","12","1"
"6394404","0","13","0"
"6396174","5","4","0"
"6398044","11","10","0"
"6398263","39","172","0"
"6409000","2","7","0"
"6410450","4","17","0"
"6412823","6","36","0"
"6412847","0","35","0"
"6414203","3","19","1"
"6415199","1","5","0"
"6415828","8","14","0"
"6416660","6","10","1"
"6423456","1","70","0"
"6425936","27","63","24"
"6429674","18","56","1"
"6430523","230","429","28"
"6433166","10","27","1"
"6438430","2","21","0"
"6440372","2","32","0"
"6440589","53","74","8"
"6441048","24","69","2"
"6442841","4","30","0"
"6444705","0","12","0"
"6446053","10","80","0"
"6449292","11","16","1"
"6452829","25","28","2"
"6456163","80","218","102"
"6461882","1","47","2"
"6465591","7","5","0"
"6468580","1","11","0"
"6468625","3","1","0"
"6469690","0","125","0"
"6469772","2","17","0"
"6471284","0","10","0"
"6474744","16","8","12"
"6475652","3","14","0"
"6476488","1","1","0"
"6476496","1","47","0"
"6478085","24","8","2"
"6480658","2","32","0"
"6482931","46","58","2"
"6486738","39","251","0"
"6488361","4","3","2"
"6489012","2","15","0"
"6498650","2","27","1"
"6501190","31","48","2"
"6503141","14","61","0"
"6509519","41","52","59"
"6510138","19","8","0"
"6510144","46","84","0"
"6510273","1","20","0"
"6512057","12","20","2"
"6512565","4","8","2"
"6512681","9","29","2"
"6512693","0","1","0"
"6513723","1","34","0"
"6516699","6","46","0"
"6517320","30","22","3"
"6519981","2","51","0"
"6523474","1","4","0"
"6530134","206","224","195"
"6530454","0","4","0"
"6532549","9","34","0"
"6532822","9","8","3"
"6533855","0","22","2"
"6535324","11","21","0"
"6537157","60","70","10"
"6537892","41","22","4"
"6541659","1","11","0"
"6544083","2","19","1"
"6546440","3","69","2"
"6546694","66","89","1"
"6548223","21","12","0"
"6552016","4","7","0"
"6561930","10","25","0"
"6562458","73","156","18"
"6563567","8","50","0"
"6564620","0","22","0"
"6565038","0","271","0"
"6575139","34","87","15"
"6576315","14","52","2"
"6579116","3","44","0"
"6579295","0","8","0"
"6580543","4","140","0"
"6583204","8","21","0"
"6583529","0","56","0"
"6586255","32","35","1"
"6588512","1","2","0"
"6591688","1","0","0"
"6592058","3","18","0"
"6592293","13","26","0"
"6592881","161","330","136"
"6594467","40","33","11"
"6594576","149","120","47"
"6595663","20","9","0"
"6596606","0","10","0"
"6597265","5","6","19"
"6597851","8","21","1"
"6598275","0","2","0"
"6602599","0","10","0"
"6607497","287","190","115"
"6608222","6","21","0"
"6609599","3","5","0"
"6609896","40","53","3"
"6611487","1","37","1"
"6613333","2","7","0"
"6614155","44","32","5"
"6617152","7","66","0"
"6618996","2","9","0"
"6623265","30","29","1"
"6624509","5","24","7"
"6625548","2","22","0"
"6629515","3","12","0"
"6630012","0","14","1"
"6630084","105","203","179"
"6630397","16","32","4"
"6630644","40","46","3"
"6631280","8","17","6"
"6632214","32","23","0"
"6632736","13","40","2"
"6632744","7","70","25"
"6638583","0","10","1"
"6641198","11","63","3"
"6643803","16","33","0"
"6643940","505","86","1"
"6646421","0","14","0"
"6649786","21","160","0"
"6650475","158","151","0"
"6651763","0","3","0"
"6651824","0","39","0"
"6651840","373","407","16"
"6651984","0","27","0"
"6653426","1","15","0"
"6654475","22","92","0"
"6655004","88","48","1"
"6655126","0","1","0"
"6656062","13","10","0"
"6656081","1","0","0"
"6658422","3","26","0"
"6660638","9","128","4"
"6663375","0","5","0"
"6667442","5","5","0"
"6674599","7","0","11"
"6676101","24","55","7"
"6676781","30","42","1"
"6677639","5","33","0"
"6679321","5","9","0"
"6682076","0","5","0"
"6682406","21","98","0"
"6683217","2","1","0"
"6688493","7","1","1"
"6689725","23","58","1"
"6690002","18","45","1"
"6691539","1","4","0"
"6692895","16","106","0"
"6696684","0","2","0"
"6698642","0","205","0"
"6700081","46","102","0"
"6702598","38","103","0"
"6703530","7","10","2"
"6704033","12","49","4"
"6705684","2","8","0"
"6706167","2","4","0"
"6707985","11","37","9"
"6708274","0","37","0"
"6710876","16","5","6"
"6711360","5","7","0"
"6713327","0","203","0"
"6715606","3","6","0"
"6715629","0","8","0"
"6717610","6","3","2"
"6722075","3","20","0"
"6723250","51","84","1"
"6724175","16","89","0"
"6729397","4","22","0"
"6730686","0","6","0"
"6730803","3","15","1"
"6733315","0","29","0"
"6733403","0","41","0"
"6733426","3","10","22"
"6734243","35","10","0"
"6737245","0","79","0"
"6737860","0","5","0"
"6744133","5","47","0"
"6746785","36","61","0"
"6748758","0","5","0"
"6749874","7","3","1"
"6750422","4","37","0"
"6753182","19","48","0"
"6754706","1","39","0"
"6758654","2","17","0"
"6759368","1","35","0"
"6760372","1","21","1"
"6761698","5","4","0"
"6763278","0","5","0"
"6764079","1","20","0"
"6764298","3","55","1"
"6766457","1","23","0"
"6767625","6","14","1"
"6769119","4","3","0"
"6769331","0","19","0"
"6769349","6","16","0"
"6770305","43","126","0"
"6770343","3","12","0"
"6770614","2","4","1"
"6771152","1","8","0"
"6775884","5","9","0"
"6777695","39","13","2"
"6778826","0","19","0"
"6783328","94","129","13"
"6783663","1","27","0"
"6783666","2","6","1"
"6783775","87","59","19"
"6786634","0","47","0"
"6786876","46","91","0"
"6788255","36","71","13"
"6789321","12","281","14"
"6789816","11","47","20"
"6789999","3","21","0"
"6791254","16","11","0"
"6791677","2","8","0"
"6791970","7","12","1"
"6794063","71","104","11"
"6796524","16","21","0"
"6797250","5","20","0"
"6801443","12","7","1"
"6801926","0","8","0"
"6802156","17","96","1"
"6802917","9","70","0"
"6803492","21","29","2"
"6805190","2","26","0"
"6805392","28","48","0"
"6807769","7","19","9"
"6808474","4","30","2"
"6810689","0","4","0"
"6812035","22","23","6"
"6812182","2","8","1"
"6812729","20","44","13"
"6813271","5","1","0"
"6813506","1","9","0"
"6813907","12","21","0"
"6815267","3","8","1"
"6817245","9","65","0"
"6819340","105","497","3"
"6826479","0","84","0"
"6827367","6","49","0"
"6834114","2","27","0"
"6835732","1","34","0"
"6836495","0","6","2"
"6836871","7","14","0"
"6841224","5","50","0"
"6842292","6","5","0"
"6842716","0","709","0"
"6843077","5","10","0"
"6843153","12","58","4"
"6844169","4","11","0"
"6844481","30","17","0"
"6846682","8","18","0"
"6846888","2","15","2"
"6848161","4","3","0"
"6850554","0","10","1"
"6854407","47","51","0"
"6854859","2","11","0"
"6855531","3","41","0"
"6862530","2","4","0"
"6865787","6","88","1"
"6866811","0","1","1"
"6867048","18","19","0"
"6874359","11","63","0"
"6886501","52","321","69"
"6888239","1","31","0"
"6889416","29","75","6"
"6893709","2","3","0"
"6895166","16","10","2"
"6896760","1","9","0"
"6898849","10","7","1"
"6901690","25","38","2"
"6901876","0","73","0"
"6903298","0","9","0"
"6907424","16","61","6"
"6908282","138","143","80"
"6908895","51","29","10"
"6910868","17","6","0"
"6911703","94","69","64"
"6912817","106","315","4"
"6913021","0","0","0"
"6916890","0","5","0"
"6917446","23","48","30"
"6923555","20","19","0"
"6929343","31","96","2"
"6930719","3","0","1"
"6931862","0","15","0"
"6936582","11","20","3"
"6938969","10","34","5"
"6941447","0","39","0"
"6943197","23","35","32"
"6943587","11","37","6"
"6949852","2","18","1"
"6950415","82","520","404"
"6952359","3","24","2"
"6982270","18","22","0"
"6986533","7","10","1"
"6997335","1","2","1"
"7002281","1","1","0"
"7003331","11","72","0"
"7003720","12","63","0"
"7004324","3","12","0"
"7010554","1","2","0"
"7013576","0","9","0"
"7016052","143","225","10"
"7019069","14","22","0"
"7025699","14","276","1"
"7026163","1","7","0"
"7031900","14","16","4"
"7032701","12","20","0"
"7036419","102","166","4"
"7040601","7","9","1"
"7041871","1","2","2"
"7043908","3","24","0"
"7048025","7","5","0"
"7052826","3","65","0"
"7052927","0","38","0"
"7054628","6","18","0"
"7058363","10","24","1"
"7063375","1","4","0"
"7064030","9","58","0"
"7064454","57","71","3"
"7064617","64","268","1"
"7066252","2","7","0"
"7073944","54","54","0"
"7076819","1","11","0"
"7077117","0","7","0"
"7078614","20","20","0"
"7078805","2","3","0"
"7080548","40","7","76"
"7082956","185","178","32"
"7085070","20","22","0"
"7086678","8","8","6"
"7088290","0","0","0"
"7088596","4","8","2"
"7095751","11","23","19"
"7098758","1","18","0"
"7098806","6","50","0"
"7099148","0","9","0"
"7100120","97","17","10"
"7100628","76","112","3"
"7102356","3","16","0"
"7103430","9","30","0"
"7106915","3","11","1"
"7107094","11","10","4"
"7107236","76","107","4"
"7109162","56","598","1"
"7109362","3","25","0"
"7110099","3","85","0"
"7110714","3","7","0"
"7118084","10","64","0"
"7119904","0","6","4"
"7121507","173","161","2"
"7121619","9","21","4"
"7122272","3","10","22"
"7123519","17","49","1"
"7123641","21","51","0"
"7123660","264","431","2443"
"7125938","2","2","0"
"7126113","0","5","0"
"7126139","0","8","0"
"7127182","13","19","0"
"7129076","24","25","5"
"7129318","225","894","6"
"7130855","2","16","0"
"7133482","0","4","2"
"7137090","18","36","2"
"7137658","5","48","1"
"7138366","6","20","0"
"7138814","0","29","0"
"7142322","0","2","0"
"7146596","1","41","0"
"7147231","79","44","0"
"7149454","37","39","3"
"7149882","10","16","0"
"7153055","1","8","0"
"7153764","0","16","0"
"7153928","17","17","1"
"7158380","94","119","1"
"7158959","2","37","0"
"7161215","1","5","0"
"7162232","6","10","0"
"7165279","13","238","0"
"7174241","13","70","0"
"7177346","223","346","49"
"7177558","5","5","1"
"7180349","5","1","0"
"7182381","12","47","0"
"7186598","12","27","0"
"7186739","14","55","3"
"7194773","2","16","0"
"7195666","16","36","9"
"7196540","3","5","5"
"7199966","1","37","1"
"7200018","4","35","0"
"7200133","5","16","5"
"7204912","136","9","10"
"7206632","130","35","63"
"7210250","5","42","0"
"7211548","9","50","0"
"7212665","10","66","1"
"7212929","1","17","0"
"7214142","3","14","0"
"7214815","0","1","0"
"7216508","57","183","63"
"7217896","2","21","0"
"7218656","102","52","315"
"7221362","72","58","6"
"7222588","2","3","0"
"7224354","4","60","0"
"7227627","8","4","0"
"7227834","3","25","0"
"7228140","0","4","0"
"7232295","1","0","3"
"7233155","17","57","0"
"7236077","0","11","0"
"7237062","15","52","3"
"7241513","0","5","0"
"7245379","5","11","0"
"7247051","74","19","0"
"7252805","1","7","0"
"7253775","16","24","0"
"7263027","0","6","0"
"7268901","0","0","0"
"7270649","78","69","8"
"7271221","9","149","0"
"7274380","3","5","0"
"7275319","2","11","0"
"7281675","28","365","2"
"7283600","0","7","0"
"7291317","19","51","9"
"7300865","0","8","0"
"7301455","1","12","0"
"7303303","1","6","0"
"7305183","0","0","0"
"7306511","0","2","0"
"7306868","2","25","8"
"7309962","30","31","0"
"7310077","5","11","3"
"7312335","2","7","0"
"7313094","75","42","24"
"7314155","0","7","0"
"7314871","0","27","0"
"7316365","143","9","1"
"7317408","4","75","0"
"7317816","0","0","0"
"7318120","1369","1521","95"
"7319046","120","18","66"
"7321462","1","1","0"
"7321942","56","52","2"
"7323010","18","24","0"
"7326058","0","9","0"
"7327058","0","133","0"
"7327483","0","79","0"
"7330316","21","120","2"
"7331107","5","13","0"
"7331538","4","39","0"
"7332147","34","65","5"
"7333403","21","52","0"
"7335848","4","22","0"
"7339171","11","123","1"
"7339624","20","13","2"
"7340289","1","3","0"
"7340948","12","177","0"
"7344445","1","25","1"
"7345298","0","12","0"
"7346922","1","19","0"
"7347631","13","24","4"
"7350147","17","11","5"
"7350788","4","63","0"
"7353562","0","10","0"
"7355637","17","23","1"
"7355859","35","7","0"
"7358866","2","14","0"
"7359176","1","18","1"
"7360275","1","5","0"
"7363404","1","10","0"
"7364894","1","10","0"
"7366526","0","27","0"
"7368965","17","21","1"
"7368985","147","74","40"
"7372462","111","252","19"
"7375347","58","55","4"
"7375929","2","30","2"
"7376041","6","10","0"
"7376238","0","33","0"
"7376590","111","484","28"
"7383520","10","58","0"
"7387089","6","29","1"
"7389293","89","212","8"
"7394743","14","10","0"
"7396148","24","90","75"
"7398653","85","126","0"
"7399478","1","56","24"
"7401037","0","41","0"
"7404235","9","38","0"
"7406582","2","7","0"
"7411885","45","155","1"
"7413066","11","16","0"
"7414237","0","11","0"
"7417433","23","49","5"
"7421086","21","21","1"
"7422249","25","28","0"
"7422352","5","31","0"
"7422838","9","7","0"
"7424948","35","42","5"
"7426932","14","12","25"
"7427152","167","294","11"
"7429425","2","4","2"
"7430269","10","39","0"
"7434090","6","85","0"
"7436566","11","26","2"
"7437143","27","60","3"
"7437737","0","4","0"
"7440006","0","18","0"
"7444273","1","7","0"
"7444507","4","4","0"
"7450780","129","7","209"
"7451109","50","169","186"
"7451566","3","1","2"
"7460927","0","32","0"
"7462275","13","105","0"
"7462933","1","24","2"
"7465462","6","50","7"
"7465516","365","19","31"
"7467428","34","59","30"
"7470360","5","10","3"
"7472819","8","24","0"
"7473793","216","337","10"
"7475450","69","87","3"
"7475615","2","5","0"
"7475838","1","44","0"
"7479376","2","30","0"
"7481094","14","17","2"
"7481448","1","4","0"
"7482427","1","76","1"
"7484259","1","5","0"
"7484766","12","25","0"
"7486447","6","4","0"
"7487335","14","21","233"
"7488171","3","5","1"
"7488868","7","13","5"
"7490871","7","31","1"
"7493840","38","25","0"
"7499069","4","23","0"
"7500028","4","10","0"
"7502800","6","60","0"
"7503887","0","46","0"
"7504558","6","47","0"
"7506820","15","108","2"
"7508077","15","22","58"
"7508700","7","46","59"
"7509168","2","20","0"
"7512114","3","6","0"
"7512201","25","28","0"
"7512742","49","42","0"
"7519434","43","112","17"
"7522764","3","71","0"
"7523979","0","5","0"
"7525132","3","51","0"
"7534790","0","0","0"
"7535014","7","22","0"
"7540911","17","150","2"
"7545555","14","5","1"
"7547327","16","58","0"
"7549483","195","12","26"
"7551712","23","51","0"
"7551807","1","1","0"
"7553693","1","34","0"
"7553704","35","109","3"
"7553746","17","43","0"
"7556457","156","93","3"
"7558682","0","36","0"
"7561290","10","40","0"
"7562853","0","16","0"
"7567579","5","46","0"
"7568175","0","22","0"
"7570817","1","4","0"
"7571171","0","16","0"
"7572539","1","17","1"
"7574023","2","35","0"
"7574461","102","199","29"
"7575111","14","27","2"
"7581078","18","52","2"
"7583953","5","8","0"
"7584240","15","157","0"
"7585388","0","23","0"
"7587451","16","82","0"
"7588048","6","4","0"
"7589775","17","107","32"
"7592064","1","11","1"
"7597595","1","0","0"
"7598461","18","17","0"
"7615623","2","19","0"
"7615922","1","15","0"
"7617957","24","10","4"
"7618742","2","95","1"
"7621577","0","3","0"
"7624566","4","5","2"
"7629020","0","23","0"
"7633996","21","11","0"
"7639296","26","82","1"
"7643517","2","3","2"
"7644018","170","382","263"
"7644371","15","31","9"
"7648578","3","7","0"
"7650339","0","16","0"
"7656367","0","1","1"
"7657180","66","281","1"
"7657915","25","87","0"
"7658051","32","51","28"
"7662085","5","22","1"
"7663410","1","19","0"
"7665972","0","381","0"
"7668778","2","5","1"
"7671727","15","166","4"
"7674438","83","11","14"
"7674708","8","5","1"
"7676971","0","2","3"
"7677598","1","1","0"
"7679903","29","30","3"
"7681839","0","29","0"
"7682925","0","15","0"
"7686256","33","17","0"
"7689607","0","24","0"
"7690376","0","9","0"
"7691891","16","72","0"
"7692859","4","6","0"
"7693185","0","4","0"
"7694263","2","82","1"
"7695859","0","8","0"
"7696155","3","33","0"
"7696162","8","121","0"
"7699859","10","27","4"
"7706354","3","223","1"
"7706936","1","7","2"
"7710739","30","20","2"
"7711148","147","56","26"
"7712755","3","69","1"
"7713056","2","14","0"
"7713562","38","60","20"
"7713750","41","26","6"
"7713770","125","186","1"
"7717185","2","9","0"
"7720976","0","2","0"
"7721752","104","214","10"
"7727563","2","6","2"
"7728887","5","15","2"
"7730554","6","34","2"
"7731623","15","88","0"
"7732200","11","4","3"
"7732282","1","9","0"
"7732434","19","17","2"
"7734100","1","12","0"
"7734732","1","13","1"
"7735112","16","10","0"
"7736228","80","0","20"
"7739083","1","8","1"
"7740888","14","33","4"
"7742981","21","49","7"
"7744106","11","12","0"
"7745011","67","122","0"
"7745569","106","180","13"
"7747942","1","2","4"
"7752049","16","15","1"
"7755665","8","249","3"
"7756251","160","184","0"
"7756492","26","10","9"
"7756864","0","10","0"
"7756889","46","69","3"
"7757976","0","7","0"
"7758318","32","58","1"
"7758872","18","8","0"
"7760245","2","5","0"
"7760910","35","147","0"
"7761106","22","33","0"
"7764014","2","31","1"
"7765900","0","0","0"
"7768490","0","5","4"
"7769052","57","37","68"
"7769076","17","10","0"
"7770919","6","24","0"
"7772483","0","7","0"
"7781164","4","5","0"
"7785337","7","214","2"
"7786358","6","9","0"
"7788333","1","26","0"
"7789242","0","0","0"
"7789963","10","327","4"
"7795731","1","0","2"
"7798548","220","296","43"
"7799462","57","8","243"
"7803527","2","4","0"
"7803650","0","4","0"
"7803797","8","6","0"
"7804477","3","43","1"
"7804595","26","4","0"
"7804896","0","3","6"
"7811940","1","15","0"
"7812912","3","6","0"
"7813005","4","14","0"
"7820216","3","16","0"
"7821823","5","11","1"
"7822301","6","9","0"
"7823836","6","18","0"
"7826511","21","194","0"
"7826774","9","32","7"
"7829525","0","11","0"
"7831383","45","102","7"
"7833077","2","4","0"
"7833793","3","8","0"
"7835267","103","548","0"
"7835435","41","62","1"
"7836833","1","7","1"
"7836976","5","50","0"
"7837370","0","0","0"
"7838169","8","56","0"
"7838249","4","10","0"
"7839518","28","51","1"
"7839658","82","98","0"
"7846071","22","52","12"
"7849549","13","14","3"
"7854387","0","3","0"
"7859515","0","33","0"
"7861581","0","8","2"
"7865368","4","57","0"
"7869175","6","15","0"
"7869582","13","34","1"
"7871601","15","33","0"
"7871685","53","29","201"
"7874193","2","36","0"
"7877391","86","64","1"
"7877917","19","49","3"
"7878320","12","21","1"
"7879938","4","32","0"
"7882685","4","104","0"
"7882886","1","3","0"
"7885229","4","17","1"
"7885772","61","41","2"
"7894334","1","1","0"
"7898913","6","32","1"
"7903159","1","16","0"
"7904315","3","6","2"
"7906279","9","4","0"
"7910299","6","30","5"
"7914637","21","20","3"
"7915759","21","25","8"
"7923463","65","261","18"
"7926183","0","1257","0"
"7927036","17","16","0"
"7928721","70","125","40"
"7933477","0","11","0"
"7933689","3","7","0"
"7935057","1","7","0"
"7935244","0","5","0"
"7939593","0","30","0"
"7941251","83","477","69"
"7942242","2","17","0"
"7942856","4","8","0"
"7943474","0","10","0"
"7943893","0","11","0"
"7944027","9","29","0"
"7946823","2","15","0"
"7947225","0","2","0"
"7947994","4","182","1"
"7952244","8","23","0"
"7954021","5","82","2"
"7962825","1","7","0"
"7964098","3","12","2"
"7965567","2","23","0"
"7965770","0","27","0"
"7967164","0","5","0"
"7970787","42","34","0"
"7972989","11","35","0"
"7974082","6","4","6"
"7975771","1","23","0"
"7977288","28","35","4"
"7978627","53","153","2"
"7984318","34","61","0"
"7987502","0","4","0"
"7988287","7","19","3"
"7989581","0","94","0"
"7990032","104","165","8"
"7992070","72","44","1"
"7992600","0","9","0"
"7994192","28","67","3"
"8000382","13","26","0"
"8003058","239","7","37"
"8006854","2","19","1"
"8007403","51","19","101"
"8008340","2","194","0"
"8008396","2","24","0"
"8009006","10","18","0"
"8010568","1","26","0"
"8012192","6","21","0"
"8014824","137","103","29"
"8017666","43","51","3"
"8018879","20","27","0"
"8020009","0","40","0"
"8023022","4","0","1"
"8023701","0","52","1"
"8030651","11","9","8"
"8031784","25","35","28"
"8031980","0","2","0"
"8033585","6","12","2"
"8034986","1","4","0"
"8035582","3","7","0"
"8035711","1","61","0"
"8035759","83","167","29"
"8036360","1","10","0"
"8039858","0","9","0"
"8041634","1","26","0"
"8043806","1","12","0"
"8047262","0","1","0"
"8049950","17","26","2"
"8050514","3","7","0"
"8051819","3","70","8"
"8053714","2","19","0"
"8053817","8","45","1"
"8055025","22","18","0"
"8060017","5","349","0"
"8062491","270","451","3"
"8065832","38","33","4"
"8068675","27","127","3"
"8070948","11","35","3"
"8075540","86","237","130"
"8076879","14","7","0"
"8080648","4","24","0"
"8084828","35","50","0"
"8085668","0","20","0"
"8086424","4","1","0"
"8089660","0","46","0"
"8089674","5","45","1"
"8091093","31","20","5"
"8093394","7","4","1"
"8103819","8","49","0"
"8107362","25","58","6"
"8108312","13","155","1"
"8110255","8","6","1"
"8111755","7","48","0"
"8118147","4","43","0"
"8124931","0","3","0"
"8126219","0","11","0"
"8126784","139","634","1"
"8129670","1","9","0"
"8130251","18","25","9"
"8130690","0","25","0"
"8135721","4","9","0"
"8136803","0","6","0"
"8138192","35","75","0"
"8144311","50","24","17"
"8144405","59","34","1"
"8145128","0","10","0"
"8147165","75","102","8"
"8152775","0","8","0"
"8153147","0","72","0"
"8155208","0","11","0"
"8157304","216","130","78"
"8158692","2","10","0"
"8160613","1","17","3"
"8162252","4","34","0"
"8163071","1","55","0"
"8164333","1","7","0"
"8165986","42","81","12"
"8166854","71","71","0"
"8170390","8","76","0"
"8172933","9","21","2"
"8173870","83","189","32"
"8174223","1","136","0"
"8174768","17","10","0"
"8175467","3","27","0"
"8176451","49","122","0"
"8177355","7","16","0"
"8178842","1","19","0"
"8179939","0","79","0"
"8185995","26","25","2"
"8187400","12","13","10"
"8189867","3","8","7"
"8193706","0","102","0"
"8194089","0","0","0"
"8194837","22","31","18"
"8195987","62","16","0"
"8198873","0","43","3"
"8200791","6","20","0"
"8203357","1","12","1"
"8205919","0","0","0"
"8207228","6","55","0"
"8211613","0","26","0"
"8212173","0","10","0"
"8213277","0","15","0"
"8218203","11","55","0"
"8221703","0","7","0"
"8223070","6","26","1"
"8223954","0","10","0"
"8225569","86","62","3"
"8230810","3","8","1"
"8233548","3","11","0"
"8235053","0","0","0"
"8236642","3","9","0"
"8237683","1","10","0"
"8237877","8","18","5"
"8243241","18","13","3"
"8244632","2","183","0"
"8248570","41","71","10"
"8252267","13","31","0"
"8258079","49","92","2"
"8260484","315","522","102"
"8264778","1","6","0"
"8266651","169","491","4"
"8267304","2","7","0"
"8272698","7","19","0"
"8274756","52","27","114"
"8278075","17","29","0"
"8279585","270","887","87"
"8279879","0","3","0"
"8280112","14","58","0"
"8281848","137","93","17"
"8281994","57","169","0"
"8283737","26","45","7"
"8285811","148","58","25"
"8291686","2","19","0"
"8291840","0","50","0"
"8293585","1","9","0"
"8294118","72","8","0"
"8300620","44","7","8"
"8302373","2","4","0"
"8304176","12","28","5"
"8308743","8","40","0"
"8309113","1","177","0"
"8309643","0","18","1"
"8309701","14","55","0"
"8314394","7","28","0"
"8315843","18","45","0"
"8316183","6","4","0"
"8316900","1","115","1"
"8318088","2","6","0"
"8318731","19","11","9"
"8323969","0","4","0"
"8326080","0","5","0"
"8327458","4","3","0"
"8334991","11","13","1"
"8338100","29","38","0"
"8339172","11","9","1"
"8342742","4","7","2"
"8343843","97","228","3"
"8350647","65","133","3"
"8353711","185","45","84"
"8356224","16","23","7"
"8358501","0","9","0"
"8362448","51","61","0"
"8367943","4","13","2"
"8368871","1","5","0"
"8369565","1","1","0"
"8370334","6","5","0"
"8370915","23","46","139"
"8371825","5","8","0"
"8372455","18","82","0"
"8382028","156","130","4"
"8382067","0","24","0"
"8382203","33","30","7"
"8382929","2","7","4"
"8384910","0","32","8"
"8385666","2","13","0"
"8387516","0","7","0"
"8389583","3","58","0"
"8392648","9","20","0"
"8394877","3","14","1"
"8394915","3","13","4"
"8397835","6","89","0"
"8400446","1","45","0"
"8400475","13","58","0"
"8403689","1","7","0"
"8405122","7","15","0"
"8409922","97","49","17"
"8410290","5","1","1"
"8412676","1","15","0"
"8412959","3","23","13"
"8417783","26","52","2"
"8419650","2","33","0"
"8422820","1","16","0"
"8425824","7","56","6"
"8428397","56","15","78"
"8430155","7","22","5"
"8430649","4","5","0"
"8437740","5","36","0"
"8439435","23","22","2"
"8440598","2","5","0"
"8442410","17","15","2"
"8442437","32","13","15"
"8442868","0","2","0"
"8443430","187","372","2"
"8446413","61","18","15"
"8451814","236","90","40"
"8458083","2","59","0"
"8459521","4","7","1"
"8463053","57","66","1"
"8466523","0","30","0"
"8468264","4","16","1"
"8471798","5","7","3"
"8473031","8","69","0"
"8474894","3","23","2"
"8475638","0","39","1"
"8477999","31","39","0"
"8479387","12","32","1"
"8480069","13","90","2"
"8485403","1","7","1"
"8487424","4","123","8"
"8488913","20","98","1"
"8493521","57","279","1"
"8494588","1","25","0"
"8506548","0","33","0"
"8508777","2","3","2"
"8510370","0","9","0"
"8512262","484","320","159"
"8516269","4","9","7"
"8520923","0","5","0"
"8522818","0","6","0"
"8524301","0","4","1"
"8524584","6","12","0"
"8524922","28","24","0"
"8532748","31","23","0"
"8534285","8","59","0"
"8534482","19","76","0"
"8539278","8","38","1"
"8539736","0","7","0"
"8544123","0","46","0"
"8546205","154","25","2"
"8548160","4","17","23"
"8559300","0","189","0"
"8560709","0","11","0"
"8564999","147","353","3"
"8565010","8","344","30"
"8565438","11","81","9"
"8565521","4","3","0"
"8567231","56","83","7"
"8568159","4","0","0"
"8569928","0","5","0"
"8584904","0","3","0"
"8584929","203","144","1"
"8586803","1","7","0"
"8593424","10","34","0"
"8593689","18","105","8"
"8597510","1","30","1"
"8598377","7","53","0"
"8607826","23","31","1"
"8609330","0","3","0"
"8617118","2","8","0"
"8618242","69","171","40"
"8620332","2","17","0"
"8621764","0","12","0"
"8622814","0","63","0"
"8623159","0","0","2"
"8624276","85","44","52"
"8626173","16","20","4"
"8629960","0","2","0"
"8634147","0","6","0"
"8635547","1","4","0"
"8639723","1","18","0"
"8641776","11","74","2"
"8644294","60","56","1"
"8649091","11","148","0"
"8649763","43","16","14"
"8656248","3","1","0"
"8658157","13","102","2"
"8660527","3","45","0"
"8661624","1","7","0"
"8663643","1","18","0"
"8663760","0","7","0"
"8665500","9","7","0"
"8666197","8","28","0"
"8667766","3","17","3"
"8671053","5","12","0"
"8677015","7","6","0"
"8677071","1","121","0"
"8679627","8","8","1"
"8684551","10","34","2"
"8691102","0","2","0"
"8692657","0","4","0"
"8692914","11","9","0"
"8695110","7","72","0"
"8698101","0","19","0"
"8701024","2","9","1"
"8704180","3","114","0"
"8709100","0","36","2"
"8709603","2","7","0"
"8710265","13","12","2"
"8710344","34","63","2"
"8712494","5","12","1"
"8714235","5","17","0"
"8715278","0","7","1"
"8725275","12","22","18"
"8725395","0","13","0"
"8726488","21","32","0"
"8727490","0","10","0"
"8730140","38","7","1"
"8731272","0","17","0"
"8733427","0","42","0"
"8736569","15","128","0"
"8737144","5","29","0"
"8739330","23","110","0"
"8740349","128","374","196"
"8740387","5","7","2"
"8742505","6","57","0"
"8743099","113","124","0"
"8746648","3","88","1"
"8748308","11","57","0"
"8748686","10","11","0"
"8750174","16","60","0"
"8753991","0","31","1"
"8754782","1","11","0"
"8757033","10","20","10"
"8760805","16","112","0"
"8763097","7","25","0"
"8766350","1","7","0"
"8769985","24","15","0"
"8770336","16","49","1"
"8772744","9","327","9"
"8773309","22","24","10"
"8776746","57","34","7"
"8779275","1","7","2"
"8780258","136","114","7"
"8783685","126","27","3"
"8783885","48","59","1"
"8784402","1","4","0"
"8784938","6","107","0"
"8791436","2","12","3"
"8791491","9","28","0"
"8791568","26","14","17"
"8795673","0","28","0"
"8796806","23","50","0"
"8798818","1","0","0"
"8800237","32","46","1"
"8801599","0","17","0"
"8805095","9","27","1"
"8805293","31","40","15"
"8807231","36","281","1"
"8808193","5","13","3"
"8810271","0","8","0"
"8814131","4","228","0"
"8815948","13","25","9"
"8819761","11","45","0"
"8821969","3","17","0"
"8822610","102","253","53"
"8825020","13","31","3"
"8827624","0","5","0"
"8828524","2","3","0"
"8829775","13","23","2"
"8833279","18","31","0"
"8837312","0","11","0"
"8838148","2","15","1"
"8840359","3","19","0"
"8842694","1","9","0"
"8842945","0","12","0"
"8845480","18","152","6"
"8847587","4","17","0"
"8849755","35","55","0"
"8850735","4","101","0"
"8852158","1","17","0"
"8854824","8","30","0"
"8854921","3","22","0"
"8855844","0","70","0"
"8864226","134","147","121"
"8871569","0","1","0"
"8871891","9","33","3"
"8874388","31","18","2"
"8881420","0","11","0"
"8886456","9","4","1"
"8888756","0","7","0"
"8890345","3","59","0"
"8890604","0","2","0"
"8893827","7","95","0"
"8893847","1","6","0"
"8895292","0","908","0"
"8896457","4","20","3"
"8897909","1","0","0"
"8898138","2","5","1"
"8899044","8","15","0"
"8899386","11","11","10"
"8900683","1","1","1"
"8909235","4","63","4"
"8909353","1","27","1"
"8913983","2","65","0"
"8921450","2","47","0"
"8927098","3","21","0"
"8929855","6","27","6"
"8930321","3","35","0"
"8935380","3","10","0"
"8940630","6","6","0"
"8941307","536","542","5"
"8942566","85","210","0"
"8942966","1","1","0"
"8946627","11","17","0"
"8947430","4","16","0"
"8951571","1","7","0"
"8965420","13","38","0"
"8971773","13","12","0"
"8974088","0","16","0"
"8978229","0","11","0"
"8982034","21","43","68"
"8990846","8","14","1"
"8994998","21","42","6"
"8996211","0","176","0"
"8997395","37","58","1"
"8997916","1","137","1"
"9008140","111","86","1"
"9008233","1","40","1"
"9009196","0","17","0"
"9010134","31","82","1"
"9010507","3","18","1"
"9014308","77","219","1"
"9015942","0","19","0"
"9019998","0","3","0"
"9021186","6","6","0"
"9022665","29","26","9"
"9028384","0","0","0"
"9031516","1","5","1"
"9034195","77","74","0"
"9035237","6","52","0"
"9038475","253","262","62"
"9039646","3","4","9"
"9040866","1","43","0"
"9041075","3","11","0"
"9041632","61","31","0"
"9043475","73","88","7"
"9044370","0","51","0"
"9044720","1","4","0"
"9046550","0","12","0"
"9047589","8","69","0"
"9047701","0","7","0"
"9050514","78","183","18"
"9051006","17","86","1"
"9055350","0","5","0"
"9059424","8","54","5"
"9059680","18","24","0"
"9061224","0","3","0"
"9061264","31","65","21"
"9063139","7","33","1"
"9063935","29","13","5"
"9068895","78","187","40"
"9074134","0","1","0"
"9076175","8","14","1"
"9079411","9","10","0"
"9096420","20","15","13"
"9099261","1","5","0"
"9099423","1","0","0"
"9103250","3","23","0"
"9104189","0","4","0"
"9108912","1","96","1"
"9109560","1","17","11"
"9110909","9","59","1"
"9113457","14","9","0"
"9113679","0","72","0"
"9115195","0","0","0"
"9116982","3","9","2"
"9129832","0","10","0"
"9131961","61","137","73"
"9137395","9","70","0"
"9139384","8","7","5"
"9142279","16","109","2"
"9144990","2","7","0"
"9146565","38","77","0"
"9147721","5","8","0"
"9150146","1","4","0"
"9150652","0","81","0"
"9151084","5","9","3"
"9154668","24","25","15"
"9161478","5","24","0"
"9164015","2","32","0"
"9166855","9","33","1"
"9167762","3","18","0"
"9168390","13","43","0"
"9170346","14","16","11"
"9175097","3","213","1"
"9175247","6","96","2"
"9177810","25","150","1"
"9178992","12","40","0"
"9181204","5","2","0"
"9181558","1","4","0"
"9193668","0","9","1"
"9194639","22","77","12"
"9196560","330","289","45"
"9198260","76","213","0"
"9200941","4","63","0"
"9203158","6","39","0"
"9209203","20","20","1"
"9213345","107","112","147"
"9215033","1","10","0"
"9216229","7","6","2"
"9216512","23","59","4"
"9221698","0","3","0"
"9224219","26","22","3"
"9225733","7","11","1"
"9230154","14","36","0"
"9231401","10","20","0"
"9236525","0","19","0"
"9238928","0","0","0"
"9239311","40","43","0"
"9242225","5","124","0"
"9242301","0","66","0"
"9244861","18","30","3"
"9245623","71","139","1"
"9247039","16","542","0"
"9248098","1","98","0"
"9248718","25","156","2"
"9250490","53","26","0"
"9251185","2","12","0"
"9253414","0","3","0"
"9253778","17","66","0"
"9255057","0","1","0"
"9256189","3","56","1"
"9261558","192","241","45"
"9262535","0","3","0"
"9263083","40","37","1"
"9263418","4","69","1"
"9267296","12","248","8"
"9269177","7","51","4"
"9271266","121","94","0"
"9272040","13","45","0"
"9272654","9","16","1"
"9273406","6","5","4"
"9275224","1","40","0"
"9275568","5","27","0"
"9278493","33","23","0"
"9279354","0","92","0"
"9279682","7","23","3"
"9280279","9","8","0"
"9280848","3","4","0"
"9281109","1","6","0"
"9282844","86","159","2"
"9283918","0","4","0"
"9284962","19","16","0"
"9287628","1","8","4"
"9288063","30","36","1"
"9288580","83","144","13"
"9290986","25","21","4"
"9291557","7","33","0"
"9291851","10","27","1"
"9292770","13","26","0"
"9294837","0","187","0"
"9296093","577","1333","84"
"9297601","10","13","7"
"9302488","0","13","0"
"9304616","20","48","3"
"9307265","54","45","0"
"9307290","6","33","0"
"9308731","19","139","0"
"9316077","6","17","0"
"9324707","29","39","0"
"9332875","21","31","2"
"9333764","5","65","1"
"9334155","1","12","3"
"9342544","4","4","0"
"9346054","25","126","1"
"9346859","5","5","0"
"9350720","51","533","2"
"9351817","3","71","0"
"9361998","1","11","3"
"9363441","23","36","4"
"9363973","14","292","1"
"9363996","84","344","0"
"9364415","7","21","3"
"9365212","5","58","0"
"9365244","25","43","28"
"9369606","0","12","0"
"9372923","0","47","0"
"9377366","0","52","0"
"9378077","0","6","0"
"9381746","81","49","2"
"9385656","3","102","0"
"9393213","7","8","2"
"9395772","10","20","0"
"9399042","39","32","3"
"9405238","1","1","0"
"9410412","51","24","0"
"9412325","6","59","0"
"9414803","0","14","0"
"9418800","7","21","1"
"9422637","2","32","9"
"9422871","0","56","0"
"9423009","2","29","0"
"9424962","0","12","0"
"9428538","6","3","0"
"9428851","33","81","0"
"9430250","40","57","0"
"9430588","2","29","0"
"9434800","0","23","2"
"9439097","20","27","5"
"9440709","10","46","1"
"9443059","3","10","1"
"9447571","1","12","0"
"9448377","4","14","0"
"9450152","1","26","0"
"9453926","3","8","0"
"9455518","77","16","163"
"9455902","10","17","1"
"9456688","6","16","0"
"9457900","7","20","0"
"9462829","46","83","8"
"9468455","66","35","15"
"9470099","4","4","1"
"9470914","1","7","0"
"9471283","2","111","0"
"9471852","0","116","0"
"9477038","2","15","0"
"9477843","2","13","0"
"9478425","2","16","0"
"9479128","5","86","0"
"9480608","22","17","2"
"9482050","37","32","19"
"9484913","33","198","11"
"9489566","12","24","0"
"9490769","49","44","8"
"9492720","1","26","1"
"9492730","330","262","19"
"9493369","0","15","0"
"9494140","3","20","1"
"9497657","5","12","2"
"9499196","154","16","2"
"9501624","62","48","1"
"9504155","3","7","2"
"9504406","5","10","0"
"9504458","0","13","0"
"9506773","39","55","38"
"9507402","13","34","7"
"9508635","8","728","0"
"9510020","55","45","0"
"9512475","17","148","3"
"9515624","0","0","0"
"9522406","0","12","0"
"9524409","3","14","0"
"9525344","0","15","0"
"9529048","3","5","0"
"9529842","36","89","5"
"9535070","1","6","0"
"9538068","45","23","13"
"9541448","3","2","1"
"9541862","111","99","4"
"9542989","32","60","0"
"9543830","0","5","0"
"9545074","54","37","0"
"9547658","18","19","0"
"9548002","2","38","0"
"9549012","126","151","24"
"9549928","18","23","0"
"9551405","1","13","1"
"9552116","0","11","0"
"9560594","18","82","5"
"9565139","1","2","1"
"9566484","10","124","0"
"9568358","291","147","23"
"9570734","108","46","19"
"9575631","0","4","1"
"9583747","35","374","0"
"9585016","158","361","1"
"9585130","40","40","0"
"9585974","1","1","0"
"9586073","7","96","1"
"9586338","25","46","1"
"9595931","38","57","12"
"9597296","2","1","0"
"9598207","4","35","2"
"9599091","27","39","0"
"9602863","0","2","0"
"9604966","15","7","0"
"9616949","20","6","0"
"9618378","0","15","1"
"9621172","4","32","0"
"9625777","2","28","0"
"9636526","6","8","0"
"9643655","3","110","0"
"9658768","11","17","0"
"9663497","50","80","2"
"9667775","5","7","5"
"9670056","5","51","2"
"9675721","10","19","18"
"9677399","0","4","0"
"9681755","47","56","5"
"9689193","2","13","3"
"9689945","55","28","1"
"9696037","0","16","1"
"9698467","6","27","1"
"9698517","15","39","0"
"9702190","3","5","0"
"9703451","56","70","5"
"9705687","18","204","1"
"9708440","1","20","3"
"9709785","0","53","0"
"9714611","9","17","6"
"9715339","0","69","0"
"9715816","7","13","0"
"9718056","262","154","47"
"9722336","8","16","0"
"9723036","117","18","8"
"9724750","7","33","0"
"9730358","18","11","3"
"9730862","0","8","0"
"9731186","8","15","0"
"9733546","0","13","0"
"9741769","0","11","0"
"9749458","4","33","0"
"9753985","2","1","0"
"9754169","6","55","4"
"9758790","11","91","1"
"9764133","2","2","1"
"9764507","2","8","2"
"9768031","12","7","0"
"9768291","3","50","1"
"9769731","52","70","0"
"9770840","0","18","0"
"9774005","13","32","0"
"9778513","27","208","0"
"9778946","1","15","1"
"9779791","38","34","2"
"9788072","24","142","1"
"9792104","0","24","0"
"9792594","9","12","2"
"9793532","0","131","0"
"9795817","12","22","2"
"9808792","14","12","1"
"9815708","19","27","4"
"9818704","1","5","0"
"9820754","0","0","0"
"9829662","5","13","0"
"9831777","88","95","8"
"9833763","6","18","3"
"9834603","3","1","0"
"9837259","1","22","0"
"9850970","29","163","3"
"9852082","25","42","2"
"9854149","1","7","0"
"9856049","47","104","0"
"9856176","0","65","0"
"9857620","0","15","0"
"9858653","0","4","0"
"9860374","19","33","0"
"9866618","0","33","0"
"9868445","37","170","3"
"9868549","5","48","1"
"9870014","5","11","4"
"9870107","37","31","8"
"9871012","23","67","0"
"9871463","5","12","0"
"9874407","1","10","0"
"9877065","293","397","88"
"9877424","7","19","0"
"9877445","4","34","1"
"9881903","18","102","0"
"9884190","2","24","0"
"9884514","0","174","0"
"9885611","11","8","0"
"9888500","0","3","3"
"9889778","3","5","11"
"9890873","89","102","13"
"9895452","0","0","0"
"9897223","0","18","0"
"9904275","0","78","4"
"9909365","10","50","1"
"9909930","3","27","0"
"9910298","8","40","0"
"9910440","41","39","0"
"9912194","0","19","0"
"9912714","48","159","14"
"9918265","37","26","12"
"9920079","0","12","0"
"9920947","0","1","0"
"9926179","2","53","0"
"9929015","0","22","0"
"9935654","7","21","21"
"9936384","26","68","24"
"9936828","15","77","0"
"9937026","162","127","16"
"9938686","0","10","0"
"9940820","25","92","2"
"9941595","0","3","0"
"9942346","9","27","2"
"9942608","0","17","1"
"9945307","20","64","0"
"9947159","46","137","1"
"9948091","3","76","0"
"9951570","12","95","0"
"9962007","125","120","188"
"9967571","0","12","0"
"9967831","6","10","0"
"9968486","0","18","0"
"9971280","0","1","0"
"9977151","61","151","25"
"9977962","0","3","0"
"9978746","0","4","0"
"9978945","2","33","0"
"9980626","0","110","0"
"9986657","0","0","0"
"9987623","122","363","31"
"9989141","54","76","7"
"9994312","15","12","0"
"10000772","15","3","6"
"10000823","17","55","0"
"10004893","0","9","0"
"10006183","2","4","0"
"10009424","2","12","0"
"10009950","2","9","0"
"10010688","2","28","0"
"10012735","1","20","38"
"10016741","43","10","0"
"10020283","14","106","0"
"10020419","45","42","4"
"10021876","3","210","0"
"10024425","754","802","36"
"10026074","20","34","1"
"10027592","225","287","29"
"10027828","5","32","3"
"10030693","27","66","2"
"10035141","8","59","0"
"10046897","18","25","1"
"10052668","1","8","3"
"10053052","3","36","0"
"10055162","54","41","12"
"10059663","30","42","3"
"10064036","22","20","1"
"10065473","41","73","0"
"10069313","9","23","19"
"10071473","7","27","0"
"10077371","0","3","0"
"10090927","2","6","0"
"10093070","5","7","1"
"10107454","381","311","1381"
"10113238","1","65","4"
"10115037","1","2","0"
"10116440","0","61","0"
"10117433","1","19","0"
"10118505","4","18","0"
"10121512","3","22","0"
"10126479","39","38","12"
"10126955","72","226","0"
"10129053","3","86","0"
"10130372","49","27","4"
"10136013","6","72","0"
"10153945","0","9","0"
"10158227","2","9","135"
"10158398","51","59","0"
"10159898","5","12","12"
"10167914","4","40","0"
"10167996","2","0","2"
"10171966","59","192","12"
"10172915","0","5","0"
"10173009","9","30","3"
"10174651","0","6","0"
"10177977","20","34","0"
"10181929","2","1","1"
"10182897","5","37","5"
"10183877","11","37","0"
"10184783","1","5","1"
"10196188","0","11","0"
"10196301","0","2","0"
"10199138","15","17","3"
"10204932","0","11","0"
"10205096","0","30","0"
"10210069","20","25","1"
"10213537","3","24","0"
"10214381","0","10","0"
"10215301","11","43","3"
"10216112","7","788","0"
"10218014","0","1","0"
"10218688","0","22","0"
"10219194","12","12","0"
"10220740","4","10","0"
"10222449","41","68","0"
"10226703","4","15","0"
"10229754","3","58","0"
"10229768","73","251","1"
"10231374","68","52","60"
"10237430","4","87","0"
"10239789","1","13","1"
"10242854","19","2","1"
"10243634","0","37","1"
"10245948","7","20","0"
"10259491","2","61","0"
"10259516","11","11","0"
"10264278","5","85","0"
"10266675","12","52","0"
"10268067","41","83","1"
"10269117","26","40","8"
"10270590","8","27","0"
"10275943","3","6","0"
"10276092","54","108","9"
"10278150","0","93","0"
"10281248","19","4","5"
"10281719","20","35","0"
"10291291","4","40","0"
"10292330","235","241","16"
"10293548","0","24","0"
"10295729","21","83","3"
"10302746","1","60","0"
"10303199","99","81","18"
"10304804","37","130","3"
"10305444","22","29","12"
"10307457","42","8","5"
"10307576","1","35","0"
"10311008","16","155","1"
"10311377","13","42","1"
"10312071","2","2","16"
"10315269","15","30","0"
"10315665","10","126","0"
"10317684","180","388","25"
"10319730","4","8","0"
"10329023","141","122","20"
"10332481","0","13","0"
"10332984","12","83","0"
"10336618","3","2","7"
"10338175","2","10","7"
"10339675","49","123","0"
"10341207","0","8","2"
"10342778","11","112","0"
"10347794","0","1","0"
"10349152","7","21","0"
"10349960","10","27","0"
"10355640","0","15","0"
"10357086","56","29","1"
"10357383","3","109","4"
"10358768","22","48","31"
"10362396","21","40","1"
"10362622","31","109","6"
"10363163","123","9","0"
"10363259","11","7","0"
"10372153","2","3","0"
"10376320","6","10","0"
"10376537","7","3","0"
"10376604","59","40","4"
"10383865","3","2","2"
"10393067","4","6","0"
"10394971","5","109","0"
"10396469","8","12","2"
"10401931","0","16","0"
"10403902","7","94","0"
"10409567","25","150","1"
"10413416","25","19","0"
"10415749","79","218","7"
"10415970","10","24","0"
"10416012","25","134","0"
"10417839","25","5","1"
"10423604","32","13","3"
"10424385","11","80","2"
"10426011","81","103","7"
"10426557","7","18","0"
"10428821","3","5","0"
"10429169","3","58","0"
"10429398","0","5","1"
"10429793","77","68","2"
"10431732","6","49","0"
"10435528","33","17","14"
"10440128","200","161","0"
"10441671","334","553","29"
"10445333","43","116","7"
"10447197","1","11","0"
"10447251","2","2","0"
"10452175","4","36","2"
"10452700","85","95","95"
"10461625","63","52","132"
"10462884","89","177","41"
"10463211","1","126","0"
"10463261","3","19","10"
"10467064","8","60","0"
"10468613","7","55","6"
"10473030","0","93","0"
"10475762","2","145","0"
"10488444","0","6","0"
"10489887","26","104","0"
"10490683","25","46","1"
"10493338","0","20","0"
"10496385","16","20","1"
"10497483","14","24","0"
"10507036","4","38","0"
"10511534","0","15","0"
"10515503","11","57","0"
"10519069","27","43","0"
"10522567","12","160","0"
"10531410","1","57","0"
"10533011","10","7","3"
"10534012","0","170","0"
"10546136","54","109","58"
"10548514","6","8","2"
"10549165","12","32","0"
"10549313","6","2528","0"
"10549827","3","10","1"
"10553341","42","277","0"
"10559142","95","245","16"
"10562084","11","66","6"
"10564162","34","134","1"
"10564312","28","14","12"
"10570201","6","12","0"
"10576494","11","31","2"
"10576970","12","253","4"
"10577976","24","36","2"
"10578638","0","8","0"
"10579013","0","58","0"
"10579969","5","4","0"
"10581132","1","8","1"
"10584605","0","3","0"
"10587554","0","6","0"
"10592609","1","12","1"
"10597533","3","17","0"
"10601286","4","4","0"
"10601917","144","94","11"
"10602679","0","32","0"
"10606962","87","90","101"
"10607772","74","42","1168"
"10617148","69","38","18"
"10626495","61","48","6"
"10627150","0","3","0"
"10628139","4","14","1"
"10628177","10","32","0"
"10628282","1","48","0"
"10630900","20","39","20"
"10632369","330","306","142"
"10637400","32","22","3"
"10647431","1","7","0"
"10654456","5","16","0"
"10655742","72","36","30"
"10657559","20","177","2"
"10662240","10","45","0"
"10664600","16","23","1"
"10667839","36","48","2"
"10668441","1","6","0"
"10669875","24","454","150"
"10674026","2","26","0"
"10678955","13","107","0"
"10681828","72","55","0"
"10682289","18","156","2"
"10684765","3","27","1"
"10684943","2","5","0"
"10685211","262","13","3"
"10686620","7","68","0"
"10688995","2","23","0"
"10693022","0","15","0"
"10695420","2","2","0"
"10697213","9","186","0"
"10699119","1","2","0"
"10699171","2","1","0"
"10702448","0","2","0"
"10710587","77","9","0"
"10711216","3","21","2"
"10712525","2","25","0"
"10718641","306","496","25"
"10720723","0","65","0"
"10721627","171","30","41"
"10732434","129","17","17"
"10735209","0","18","0"
"10738638","18","40","0"
"10739252","6","35","1"
"10744082","111","137","13"
"10749432","0","4","0"
"10749567","14","24","354"
"10755384","8","90","1"
"10756489","56","59","23"
"10758169","2","32","0"
"10760768","93","734","5"
"10766590","3","5","1"
"10766642","11","11","0"
"10772654","5","49","0"
"10774102","6","53","0"
"10782538","17","100","1"
"10782674","9","22","0"
"10796680","0","55","0"
"10798917","5","45","0"
"10801086","0","24","0"
"10802499","0","171","0"
"10803671","191","155","1"
"10805404","3","27","0"
"10805872","6","44","0"
"10809602","0","5","8"
"10811956","1","10","0"
"10813082","16","101","4"
"10816404","7","5","2"
"10818128","1","15","0"
"10824037","14","12","0"
"10824407","30","947","8"
"10824697","2","21","0"
"10827515","1","3","0"
"10829044","38","600","0"
"10830091","0","39","0"
"10832700","0","0","0"
"10833325","0","6","0"
"10835183","0","6","1"
"10836309","208","219","63"
"10839742","0","15","0"
"10842659","0","0","0"
"10844607","12","4","2"
"10846540","1","7","0"
"10848898","12","47","0"
"10850045","4","37","0"
"10851213","27","24","0"
"10853463","100","142","4"
"10855529","2","57","0"
"10856808","11","30","2"
"10860403","648","987","134"
"10866798","0","23","0"
"10867055","3","0","3"
"10867491","11","88","433"
"10867656","1","9","0"
"10868192","0","3","0"
"10870968","0","54","0"
"10871450","3","1","74"
"10873713","132","113","0"
"10873797","2","92","0"
"10878534","8","8","0"
"10879061","6","49","0"
"10883094","18","40","11"
"10885621","1","7","0"
"10892722","138","41","59"
"10893042","3","2","0"
"10898875","3","18","0"
"10899423","1","4","0"
"10906068","20","15","0"
"10907345","0","16","0"
"10907720","1","1","0"
"10909029","22","75","2"
"10910692","101","518","13"
"10911932","17","40","2"
"10912122","0","23","0"
"10917379","1","51","0"
"10919349","0","268","0"
"10920285","0","2","0"
"10928439","65","7","13"
"10933598","0","18","0"
"10935717","0","18","0"
"10944942","0","2","0"
"10946202","51","262","6"
"10947997","2","34","0"
"10949001","0","4","0"
"10950272","6","19","2"
"10951070","125","357","5"
"10952503","244","483","147"
"10953006","3","34","0"
"10957755","0","6","0"
"10957844","2","80","0"
"10962364","17","230","2"
"10962477","17","8","1"
"10963451","1","2","0"
"10967095","5","16","0"
"10967204","0","11","52"
"10968134","3","4","1"
"10972414","0","14","0"
"10973514","12","26","4"
"10974052","0","62","0"
"10975520","2","11","0"
"10975965","14","7","1"
"10976714","0","37","1"
"10988264","15","13","0"
"10992795","3","33","0"
"10994302","4","25","1"
"11003837","12","76","1"
"11006729","0","3","0"
"11011793","44","178","5"
"11016652","186","64","4"
"11023824","3","19","0"
"11025839","0","8","0"
"11028850","50","85","4"
"11039164","36","42","12"
"11039549","9","43","0"
"11044542","4","65","6"
"11048887","49","168","2"
"11051303","261","88","62"
"11057988","31","32","16"
"11065465","0","289","0"
"11065715","0","0","0"
"11065874","126","81","0"
"11067065","0","19","2"
"11067496","7","15","4"
"11070463","7","6","0"
"11075129","60","220","0"
"11080170","9","29","0"
"11081046","13","13","1"
"11086844","2","15","0"
"11101156","2","15","0"
"11102299","1","1","0"
"11104068","31","41","7"
"11104805","0","42","0"
"11106801","227","226","71"
"11107754","4","596","0"
"11109967","1","4","0"
"11110509","39","110","0"
"11111119","1","88","0"
"11111289","0","16","0"
"11122210","15","28","0"
"11122513","8","5","3"
"11125492","0","27","0"
"11135174","63","102","33"
"11145447","8","37","0"
"11156131","12","172","0"
"11157753","37","124","0"
"11159372","12","115","1"
"11161432","3","109","0"
"11163122","13","42","77"
"11168766","0","159","0"
"11170350","13","64","0"
"11171286","7","14","17"
"11183478","4","4","0"
"11188210","18","76","0"
"11191424","0","5","0"
"11199298","2","14","4"
"11199879","35","24","1"
"11204066","1","70","0"
"11206202","0","8","0"
"11207416","28","142","0"
"11209037","4","10","0"
"11210494","0","12","0"
"11217945","3","105","11"
"11218031","3","35","0"
"11218687","37","68","0"
"11220479","6","14","0"
"11220884","0","24","0"
"11222433","10","42","1"
"11223414","13","75","4"
"11225065","4","67","0"
"11225821","9","90","0"
"11235205","115","18","25"
"11243901","1","24","1"
"11245187","69","199","8"
"11248646","26","80","2"
"11251946","153","71","4"
"11255447","1","11","1"
"11259455","2","9","0"
"11260716","4","21","4"
"11260991","0","137","2"
"11261518","0","5","0"
"11270696","10","31","0"
"11270766","2","39","0"
"11272685","53","45","0"
"11276416","0","36","0"
"11280289","6","33","8"
"11281152","36","147","1"
"11282404","58","110","8"
"11287363","10","150","0"
"11292489","3","13","0"
"11297406","21","2","5"
"11301941","40","81","0"
"11306028","15","94","0"
"11318818","273","43","563"
"11320345","2","6","1"
"11322237","8","26","0"
"11329562","134","213","12"
"11335032","14","22","0"
"11336762","18","44","7"
"11339311","0","46","0"
"11342834","1","64","0"
"11348853","3","18","0"
"11350193","79","108","14"
"11355926","198","317","456"
"11360669","3","31","0"
"11374921","16","18","0"
"11374957","4","300","1"
"11380795","11","241","0"
"11381650","5","41","0"
"11382675","4","14","1"
"11383441","17","16","3"
"11384184","23","171","1"
"11385546","2","15","0"
"11389581","4","15","1"
"11397760","3","2","0"
"11404883","6","15","0"
"11405423","64","73","1"
"11405542","24","31","0"
"11421839","37","75","0"
"11423104","208","360","11"
"11424673","28","157","2"
"11430047","2","96","0"
"11432102","1","33","0"
"11434373","9","130","31"
"11434552","28","109","2"
"11434567","37","78","4"
"11441011","15","133","0"
"11455105","8","3","21"
"11455384","276","203","17"
"11461120","1","91","0"
"11462274","39","378","0"
"11463241","7","2","0"
"11463296","12","18","0"
"11465149","5","11","4"
"11468263","1","3","0"
"11470719","0","3","0"
"11471113","6","52","2"
"11472399","9","13","0"
"11472761","0","123","0"
"11473934","8","41","7"
"11475846","2","38","0"
"11476836","12","49","0"
"11487872","4","33","0"
"11494445","10","8","1"
"11497022","1","10","0"
"11498568","0","17","0"
"11502506","0","39","0"
"11502612","10","15","0"
"11504909","0","16","0"
"11506391","0","3","0"
"11506995","13","11","1"
"11509101","17","9","0"
"11514907","4","59","7"
"11516012","142","129","7"
"11528064","2","12","0"
"11532919","56","102","0"
"11533773","0","40","0"
"11535816","28","58","1"
"11535940","27","88","2"
"11543023","83","74","62"
"11548057","5","160","0"
"11550065","4","23","0"
"11552426","144","228","2"
"11555065","0","5","0"
"11566161","132","68","13"
"11572498","59","82","3"
"11583070","0","29","0"
"11589183","1","21","0"
"11591758","5","93","0"
"11597494","0","7","0"
"11598948","118","139","29"
"11598956","4","115","0"
"11598970","20","3","5"
"11599909","5","10","0"
"11602968","0","87","0"
"11603004","12","108","1"
"11604722","3","39","0"
"11606193","7","30","0"
"11606728","45","209","6"
"11608064","0","49","0"
"11611288","4","5","0"
"11611377","0","19","0"
"11612399","3","16","0"
"11612918","210","67","4"
"11617754","2","81","0"
"11619167","0","7","0"
"11622508","6","565","0"
"11625850","130","335","9"
"11641932","0","42","0"
"11642651","82","24","1"
"11643528","58","242","34"
"11643858","12","18","0"
"11645617","13","33","2"
"11646401","0","3","0"
"11647025","13","66","3"
"11657533","12","14","0"
"11659881","13","246","3"
"11664580","28","65","1"
"11665178","91","111","0"
"11667949","9","43","0"
"11671779","26","109","7"
"11674820","0","0","0"
"11675817","17","108","2"
"11680056","48","9","0"
"11690526","29","48","5"
"11693768","39","217","1"
"11695049","114","514","7"
"11698446","6","19","3"
"11698562","2","106","1"
"11703367","42","177","2"
"11704802","4","3","3"
"11713777","36","101","27"
"11715057","9","12","1"
"11715259","106","146","25"
"11715606","2","17","0"
"11719314","3","261","0"
"11719787","1","32","0"
"11720321","1","10","0"
"11722376","4","17","0"
"11725056","9","132","0"
"11726436","129","27","1"
"11728488","15","182","4"
"11731987","43","88","1"
"11737596","22","719","0"
"11740758","33","73","0"
"11741943","28","50","4"
"11745452","31","9","3"
"11747148","32","297","5"
"11747861","8","1","0"
"11750716","3","24","0"
"11751077","2","6","0"
"11758843","5","28","54"
"11758901","2","40","0"
"11760058","73","139","22"
"11769164","13","54","0"
"11769765","19","30","19"
"11770286","1","14","0"
"11770390","181","290","2"
"11772035","0","44","0"
"11774595","2","9","2"
"11788715","0","20","0"
"11790356","1","29","0"
"11790637","8","44","0"
"11792577","1","21","1"
"11792977","8","44","6"
"11793117","24","99","9"
"11806240","2","21","2"
"11808788","11","199","0"
"11809808","2","11","3"
"11812450","3","0","2"
"11814996","6","81","1"
"11818376","5","22","1"
"11823079","0","14","0"
"11825162","2","35","0"
"11825717","16","21","0"
"11826132","33","181","0"
"11828860","10","44","0"
"11829247","57","29","1"
"11829408","1","17","1"
"11832127","25","36","13"
"11832197","51","440","1"
"11833435","2","50","47"
"11834856","197","36","44"
"11848895","0","445","0"
"11849243","5","21","0"
"11850259","65","172","89"
"11854986","219","634","9"
"11856499","6","4","0"
"11861378","1","2","0"
"11861954","0","76","0"
"11866308","1","3","0"
"11867590","170","87","0"
"11869100","20","58","1"
"11872808","189","121","0"
"11873978","4","19","0"
"11876201","1","6","0"
"11877986","4","52","10"
"11901732","11","21","0"
"11905533","45","123","14"
"11916773","17","26","23"
"11922765","74","143","0"
"11923558","0","4","0"
"11932806","13","29","3"
"11932936","66","88","40"
"11935809","8","7","0"
"11946287","3","32","0"
"11947519","2","61","0"
"11950764","16","24","21"
"11952668","10","38","0"
"11954025","6","219","1"
"11958566","8","72","0"
"11960598","13","60","4"
"11966556","0","2","0"
"11968226","78","77","0"
"11969592","4","77","0"
"11970424","2","61","0"
"11971785","17","54","0"
"11976769","0","7","0"
"11977068","67","127","2"
"11977929","0","388","0"
"11979688","6","9","0"
"11983046","14","157","2"
"11983124","2","72","0"
"11984583","2","24","1"
"11984670","0","17","0"
"11985088","113","436","2"
"11985743","0","29","23"
"11986450","0","56","0"
"11987594","0","50","2"
"11992303","2","24","1"
"11993121","287","114","11"
"11998382","124","125","1"
"12000053","24","131","3"
"12001122","0","173","0"
"12005414","1","87","0"
"12007307","82","83","3"
"12010133","3","15","0"
"12011575","0","7","0"
"12014434","0","17","0"
"12016688","31","37","39"
"12025483","6","43","0"
"12030528","0","26","0"
"12031739","0","9","0"
"12038714","68","110","5"
"12042898","11","40","40"
"12044155","11","54","1"
"12046148","0","83","0"
"12050506","432","307","348"
"12056564","7","4","2"
"12061653","2","15","0"
"12065150","7","12","5"
"12066144","44","55","29"
"12072431","2","2","0"
"12078469","3","9","0"
"12078942","2","6","0"
"12096922","30","139","7"
"12098106","11","196","2"
"12100652","0","27","0"
"12104850","18","21","0"
"12109043","10","92","4"
"12111821","58","60","15"
"12113829","13","15","0"
"12118546","18","9","6"
"12120101","40","47","0"
"12121419","2288","3401","0"
"12125181","0","9","0"
"12125691","0","26","0"
"12125755","15","8","1"
"12129146","0","7","0"
"12133434","9","52","0"
"12135518","6","111","6"
"12135618","3","261","0"
"12139569","2","4","0"
"12140067","13","37","0"
"12146388","11","28","0"
"12148402","8","59","0"
"12152982","1","2","0"
"12153248","2","7","0"
"12154054","3","7","2"
"12154890","7","151","1"
"12156637","1","40","0"
"12160777","21","129","13"
"12160881","2","9","0"
"12162258","0","75","1"
"12168235","0","4","0"
"12171521","0","16","0"
"12173376","167","95","0"
"12176280","98","134","9"
"12176460","19","55","0"
"12178980","158","198","4"
"12179956","6","0","1"
"12186851","18","116","0"
"12190301","8","25","0"
"12191177","0","51","0"
"12201472","3","2","0"
"12204620","86","231","1"
"12213612","4","15","4"
"12215054","3","9","1"
"12219679","6","39","0"
"12231984","42","91","6"
"12232720","6","50","0"
"12241335","0","8","0"
"12242625","0","180","0"
"12247391","0","3","0"
"12251558","0","120","0"
"12256545","163","29","18"
"12257250","2","51","3"
"12265898","82","17","5"
"12265927","100","233","43"
"12269582","7","5","0"
"12272687","20","68","0"
"12281892","10","51","8"
"12283168","0","100","0"
"12283863","36","24","4"
"12287457","43","108","5"
"12296332","8","92","2"
"12298276","9","35","0"
"12300287","45","45","4"
"12301864","2","0","1"
"12304000","54","143","0"
"12306687","48","92","2"
"12313309","0","86","0"
"12314413","13","14","0"
"12317235","70","82","0"
"12319746","17","59","2"
"12320109","1","29","0"
"12334309","228","946","2"
"12335762","3","22","78"
"12342919","456","7","14"
"12343998","14","38","0"
"12347708","7","41","1"
"12348584","36","167","7"
"12357035","97","182","3"
"12358693","1","109","0"
"12360005","4","18","0"
"12363750","8","87","0"
"12368154","211","674","12"
"12369920","28","62","5"
"12370687","20","224","17"
"12373791","24","37","1"
"12378899","0","18","0"
"12378923","8","53","0"
"12384224","0","13","0"
"12391423","7","70","1"
"12393365","1","23","0"
"12400214","7","51","8"
"12400385","12","26","5"
"12402732","110","347","3"
"12403467","5","1","0"
"12403612","67","158","0"
"12405298","8","30","2"
"12411536","6","13","2"
"12412595","5","59","0"
"12413404","10","121","1"
"12417531","28","104","0"
"12420884","3","21","1"
"12427268","7","32","0"
"12431576","117","350","2"
"12431728","0","71","0"
"12439119","6","32","1"
"12439683","127","134","149"
"12446721","18","34","114"
"12447766","36","55","15"
"12448530","1","4","0"
"12451243","6","88","1"
"12464931","77","304","2"
"12466239","3","54","0"
"12467282","0","15","0"
"12470196","2","24","1"
"12473843","79","66","31"
"12474862","42","32","2"
"12479639","127","312","34"
"12480431","0","19","0"
"12483346","0","35","0"
"12490386","5","34","0"
"12501050","13","95","0"
"12502959","155","12","36"
"12511801","68","324","6"
"12515963","4","16","2"
"12517976","86","6","21"
"12535743","1","13","0"
"12539935","7","20","0"
"12543191","0","61","0"
"12544391","31","63","3"
"12545861","30","1","0"
"12547996","35","400","0"
"12548617","8","59","0"
"12553450","9","5","3"
"12560668","0","36","0"
"12566751","5","28","0"
"12569596","11","27","1"
"12571484","184","265","101"
"12576990","28","97","49"
"12577650","35","69","0"
"12607126","0","22","0"
"12607443","41","67","5"
"12611354","152","173","1"
"12613186","15","13","4"
"12615044","1","13","0"
"12621346","366","2","0"
"12632699","34","66","163"
"12636223","12","39","0"
"12638118","19","122","8"
"12638504","2","131","0"
"12641717","1","37","0"
"12651320","11","57","0"
"12659872","109","189","0"
"12663744","9","111","0"
"12668727","0","10","0"
"12687061","3","38","0"
"12695188","15","200","0"
"12705912","118","334","46"
"12715723","213","2","39"
"12719767","12","44","2"
"12728244","137","190","60"
"12728748","1","39","0"
"12730112","5","33","18"
"12734169","17","12","24"
"12740184","4","8","0"
"12743692","26","274","7"
"12744275","2","5","0"
"12744323","29","132","1"
"12747692","0","3","0"
"12747833","13","36","0"
"12749998","151","292","112"
"12750399","3","29","0"
"12755187","19","207","7"
"12761369","2","33","0"
"12768467","4","37","0"
"12769288","0","19","0"
"12770455","9","9","0"
"12774291","0","15","0"
"12775531","2","115","1"
"12775662","31","437","7"
"12778539","2","1","0"
"12780418","1","1","2"
"12785490","1","30","0"
"12787936","0","0","1"
"12788251","1","4","0"
"12793185","0","10","0"
"12796137","1","82","0"
"12799351","3","52","0"
"12800717","1","5","0"
"12814623","0","5","0"
"12820205","0","11","1"
"12821675","16","39","0"
"12824207","20","51","0"
"12834972","123","59","19"
"12838568","22","10","13"
"12838877","166","329","8"
"12843923","23","20","0"
"12844632","156","229","5"
"12846952","7","81","4"
"12847824","3","118","0"
"12857703","0","1","0"
"12861001","12","11","2"
"12861639","21","355","7"
"12862111","86","89","2"
"12865444","1","3","0"
"12865944","0","16","0"
"12868928","0","56","0"
"12870513","20","23","6"
"12871582","35","32","1"
"12872199","6","8","2"
"12881844","2","41","0"
"12882771","10","16","1"
"12886326","15","47","3"
"12890689","4","6","0"
"12892553","44","92","3338"
"12892695","24","67","0"
"12894468","6","24","3"
"12898581","4","7","0"
"12900361","8","6","0"
"12902108","9","32","0"
"12902996","13","36","1"
"12913491","285","396","5"
"12914274","2","228","5"
"12917821","1","30","0"
"12924484","16","8","2"
"12925831","3","13","1"
"12929447","2","12","0"
"12930958","3","31","0"
"12935256","4","12","3"
"12952113","7","67","4"
"12952263","0","10","0"
"12965562","11","323","0"
"12967938","10","44","1"
"12971921","59","85","0"
"12972198","18","13","2"
"12974735","18","4","6"
"12975140","177","565","126"
"12981120","8","49","0"
"12981937","1","2","0"
"12984567","0","5","9"
"12989363","116","8","1"
"13000695","5","51","0"
"13001961","91","232","13"
"13002643","1","138","0"
"13020139","11","37","8"
"13029516","43","74","4"
"13032709","41","39","0"
"13037676","0","193","0"
"13048728","41","53","11"
"13055097","8","14","9"
"13063136","3","57","1"
"13073677","0","30","0"
"13076577","4","69","0"
"13078067","213","148","17"
"13083321","3","0","0"
"13087977","22","60","3"
"13098417","7","9","0"
"13099964","2","14","0"
"13100938","65","93","1"
"13110835","49","159","4"
"13111345","5","34","0"
"13111779","0","2","0"
"13118009","373","333","103"
"13129018","0","17","0"
"13130048","160","1512","6"
"13134095","44","115","3"
"13142325","3","4","0"
"13144143","0","11","0"
"13145954","48","14","5"
"13155046","4","21","0"
"13155572","0","20","0"
"13170636","29","15","1"
"13188385","153","119","77"
"13202252","2","30","0"
"13209976","0","12","0"
"13210554","25","461","11"
"13220817","29","33","0"
"13222231","1","12","0"
"13223986","1","3","0"
"13225760","10","37","0"
"13226440","6","10","0"
"13237885","0","2","0"
"13241545","15","127","8"
"13242686","29","27","0"
"13244432","0","41","0"
"13245310","44","52","6"
"13256346","12","106","0"
"13258525","29","32","3"
"13261176","54","45","0"
"13263384","94","212","29"
"13268194","0","1","0"
"13278922","76","258","87"
"13283931","3","39","0"
"13308381","0","3","0"
"13311273","155","69","0"
"13317858","0","5","0"
"13326361","4","12","1"
"13332582","8","15","1"
"13336642","372","513","2"
"13336683","20","9","0"
"13343311","0","1","0"
"13349759","110","192","39"
"13349770","29","218","15"
"13350341","16","80","1"
"13357878","0","30","1"
"13374279","1","11","0"
"13374929","7","246","4"
"13378498","268","353","0"
"13384774","65","120","7"
"13386420","56","6","17"
"13386979","4","14","0"
"13394817","12","265","2"
"13395230","2","6","0"
"13400729","0","237","0"
"13407802","100","501","59"
"13410760","3","54","0"
"13415164","2","14","0"
"13416247","2","191","1"
"13427068","8","72","0"
"13433323","7","28","6"
"13448841","1","263","0"
"13456180","6","84","0"
"13458266","13","33","3"
"13463421","5","23","1"
"13466689","14","215","3"
"13473361","0","10","0"
"13478605","0","21","0"
"13478993","6","423","0"
"13482983","0","0","0"
"13491606","2","24","0"
"13500986","14","101","0"
"13501468","0","14","0"
"13503720","4","14","0"
"13505098","0","5","0"
"13510123","140","170","32"
"13510562","1","16","1"
"13519865","39","45","3"
"13519961","15","28","0"
"13522473","34","66","2"
"13523536","33","10","0"
"13527621","18","42","0"
"13533028","3","114","1"
"13535120","1","359","1"
"13544849","4","115","1"
"13545849","5","10","0"
"13546426","7","44","1"
"13557716","0","15","0"
"13561410","175","130","15"
"13568999","50","204","2"
"13573168","14","96","8"
"13576700","21","68","2"
"13579714","279","330","11"
"13583598","2","9","0"
"13586071","0","1","0"
"13590263","48","75","1"
"13590970","13","37","0"
"13591160","19","29","2"
"13605093","0","12","0"
"13607672","75","121","0"
"13608228","0","15","0"
"13608599","0","6","0"
"13611002","14","509","0"
"13615635","0","42","1"
"13619360","3","4","1"
"13623016","0","1","0"
"13625800","1","69","0"
"13628101","12","36","0"
"13629335","208","595","55"
"13629751","1","12","0"
"13636376","0","19","0"
"13636407","74","104","1"
"13639734","0","42","0"
"13648193","5","21","0"
"13648205","8","30","0"
"13656045","0","64","1"
"13658399","1501","960","127"
"13658816","7","889","1"
"13661061","0","185","0"
"13662339","6","34","0"
"13664137","819","205","487"
"13678817","1","14","0"
"13690331","12","37","2"
"13696660","1","12","0"
"13702221","16","88","1"
"13705979","0","200","0"
"13706735","22","36","0"
"13708022","113","127","1"
"13708712","4","7","0"
"13710015","0","26","15"
"13723165","35","12","85"
"13725696","0","12","0"
"13726668","71","158","9"
"13738464","15","10","1"
"13743233","16","5","5"
"13746389","1","15","0"
"13749957","0","119","0"
"13755144","7","64","0"
"13755246","1","0","0"
"13766744","6","18","0"
"13770936","16","132","0"
"13772090","22","19","0"
"13774992","0","23","0"
"13781069","3","32","9"
"13789135","69","80","4"
"13802115","53","65","2"
"13803176","0","10","0"
"13806652","0","16","0"
"13809290","2","21","0"
"13810872","7","23","1"
"13812982","172","341","4"
"13819714","6","169","0"
"13830677","1","373","0"
"13832769","12","33","5"
"13839521","48","66","49"
"13840530","205","135","2"
"13840864","1","19","0"
"13841248","4","54","0"
"13843268","3","363","0"
"13843935","0","171","1"
"13847690","2","65","0"
"13855549","0","24","0"
"13878071","2","80","0"
"13886104","148","82","0"
"13892264","10","5","0"
"13900139","5","63","4"
"13903283","10","424","0"
"13903942","38","29","23"
"13915313","4","446","0"
"13919668","2","251","0"
"13927032","0","4","0"
"13939333","0","67","0"
"13940180","17","55","8"
"13943651","0","51","0"
"13944750","275","1031","2"
"13946204","74","303","8"
"13947931","3","16","0"
"13949270","3","13","0"
"13949389","80","77","0"
"13954519","72","50","12"
"13959139","1","134","2"
"13963150","179","176","1"
"13968097","19","120","9"
"13968222","4","228","1"
"13968392","23","37","2"
"13968673","2","40","0"
"13969611","1","5","0"
"13970434","98","36","182"
"13972333","369","199","30"
"13979518","9","82","2"
"13980107","0","9","0"
"13992057","3","16","0"
"13993967","0","108","0"
"13995311","14","21","0"
"14000148","0","128","0"
"14004008","13","13","0"
"14015737","16","57","158"
"14016161","6","128","0"
"14016301","5","10","27"
"14026068","1","22","0"
"14032355","55","441","8"
"14037302","32","24","1"
"14043328","0","12","1"
"14045537","4","48","0"
"14048071","0","38","2"
"14055985","23","54","0"
"14058726","42","172","39"
"14070657","8","27","0"
"14071914","12","125","4"
"14075508","45","177","6"
"14078758","0","109","0"
"14087865","0","19","0"
"14094617","70","82","1"
"14099191","1","8","0"
"14107360","13","22","0"
"14109825","1","17","0"
"14112947","41","333","3"
"14133230","8","79","4"
"14137004","201","269","152"
"14141164","1","25","0"
"14141223","2","458","9"
"14154784","11","10","6"
"14157562","0","65","0"
"14159796","0","110","0"
"14162739","0","296","0"
"14168623","0","17","0"
"14170097","0","0","0"
"14171304","395","490","19"
"14175733","44","56","0"
"14183155","10","32","0"
"14190543","82","660","104"
"14190690","1","29","0"
"14193797","15","107","5"
"14194418","1","27","0"
"14201528","9","142","0"
"14212394","0","20","1"
"14222251","3","58","1"
"14229027","2","71","0"
"14229690","1","14","0"
"14247787","3","8","0"
"14249087","456","868","8"
"14263933","0","29","0"
"14267425","15","30","0"
"14267427","335","1225","2581"
"14270735","0","1","0"
"14271633","2","293","0"
"14272882","12","15","0"
"14277722","16","867","5"
"14283885","401","164","24"
"14289654","5","53","0"
"14307703","126","8","0"
"14312225","12","20","1"
"14321954","0","19","0"
"14322498","4","94","0"
"14326899","0","149","0"
"14343465","15","38","1"
"14347717","2","20","0"
"14350333","0","21","0"
"14357441","0","11","0"
"14358677","108","37","5"
"14359374","6","50","3"
"14366538","0","102","0"
"14393739","19","91","32"
"14400998","1","87","0"
"14401160","804","669","153"
"14406495","0","0","0"
"14411997","81","93","1"
"14414324","7","28","0"
"14420546","0","102","0"
"14434976","6","36","0"
"14449816","110","104","34"
"14454939","96","84","9"
"14457833","101","624","25"
"14463396","0","324","1"
"14466860","151","62","101"
"14467132","5","13","0"
"14467607","9","47","2"
"14472571","8","100","0"
"14481105","1","20","0"
"14506951","0","87","0"
"14527886","0","99","0"
"14529779","232","97","326"
"14531062","33","782","3"
"14533126","0","415","0"
"14535309","30","29","6"
"14535517","94","313","29"
"14536215","69","153","105"
"14540754","0","4","0"
"14543462","41","237","2"
"14551426","1","85","0"
"14555001","49","78","0"
"14559436","6","5","3"
"14568089","0","16","1"
"14569750","2","259","0"
"14587041","3","26","0"
"14598871","11","8","0"
"14606046","0","11","0"
"14606049","0","13","0"
"14606052","0","90","0"
"14608750","80","491","1"
"14624729","1","22","2"
"14627505","4","386","5"
"14644941","0","4","0"
"14645101","1","109","0"
"14649310","11","93","0"
"14671235","6","143","3"
"14672114","386","392","0"
"14672383","8","298","2"
"14678216","3","8","0"
"14707109","0","21","1"
"14717238","0","3","0"
"14719161","178","106","2"
"14719844","8","7","1"
"14720380","95","315","2"
"14733669","0","246","0"
"14734532","5","102","0"
"14751619","7","171","0"
"14755500","24","119","0"
"14765128","5","9","0"
"14771613","0","16","0"
"14772619","451","335","0"
"14774959","5","240","9"
"14776809","52","186","8"
"14778592","573","199","20"
"14791020","0","8","0"
"14793358","110","74","0"
"14797322","3","15","0"
"14797384","25","80","2"
"14799981","18","287","214"
"14801225","0","9","0"
"14802285","16","27","0"
"14802384","1","12","0"
"14808988","2","17","0"
"14812170","0","115","1"
"14813577","300","121","38"
"14819065","5","3","0"
"14838540","0","80","1"
"14853083","307","391","60"
"14853666","9","13","1"
"14853907","4","162","0"
"14860394","0","19","0"
"14861737","1","3","0"
"14862885","3","167","1"
"14864687","0","8","0"
"14867730","1","6","0"
"14870617","198","36","63"
"14870925","0","44","0"
"14879760","1","0","0"
"14880656","0","29","0"
"14882395","111","371","4"
"14885325","0","0","0"
"14895985","14","131","17"
"14903754","153","1045","2"
"14909621","143","289","167"
"14909980","25","67","6"
"14912872","49","91","0"
"14923227","6","83","0"
"14927001","0","36","0"
"14936001","33","299","4"
"14944568","1","42","0"
"14950385","50","24","26"
"14952856","16","99","3"
"14954503","0","4","0"
"14956277","80","272","29"
"14973743","133","714","20"
"14976549","3","36","0"
"14976580","1","13","2"
"14986372","1","57","0"
"14989571","0","25","0"
"14992857","111","97","93"
"14994239","0","113","0"
"14996050","281","66","11"
"14999599","84","131","15"
"15000097","35","24","2"
"15004077","12","31","0"
"15016163","19","17","11"
"15019536","0","58","0"
"15032688","1","330","3"
"15035314","2","70","4"
"15040627","10","57","16"
"15042684","4","242","0"
"15048478","31","77","1"
"15055605","34","41","2"
"15057576","11","33","0"
"15062361","103","63","0"
"15069209","3","2","0"
"15091574","5","6","0"
"15097422","1","17","0"
"15110149","3","42","6"
"15115299","3","89","0"
"15116207","29","146","15"
"15119845","18","75","1"
"15131491","1","61","0"
"15159603","0","84","1"
"15160601","18","1","12"
"15169145","14","160","4"
"15170515","7","40","1"
"15182215","34","151","0"
"15187728","31","89","0"
"15204525","2","18","0"
"15211203","213","220","20"
"15225566","14","97","8"
"15261914","767","90","377"
"15262489","27","31","16"
"15280114","52","173","1"
"15281224","1","5","0"
"15282257","4","29","0"
"15291770","271","54","17"
"15299500","18","61","19"
"15304803","2","5","1"
"15304814","34","65","1"
"15306606","0","40","0"
"15335954","3","10","4"
"15344442","0","23","0"
"15347316","0","33","0"
"15347805","0","13","0"
"15357136","70","261","0"
"15358800","38","300","19"
"15359157","254","1310","13"
"15375588","13","72","7"
"15377355","0","143","2"
"15384825","143","211","27"
"15388164","79","82","0"
"15388872","96","259","4"
"15405732","259","16","455"
"15407542","0","242","0"
"15415267","32","238","6"
"15419983","4","13","0"
"15427566","3","81","0"
"15429697","12","4","4"
"15439733","16","284","1"
"15452601","70","328","2"
"15456681","83","452","2"
"15465043","15","27","0"
"15468663","1","101","0"
"15469537","18","89","1"
"15470286","9","12","0"
"15496965","20","24","4"
"15511041","338","219","0"
"15518276","48","76","0"
"15521392","7","1039","0"
"15526396","0","327","0"
"15527686","0","33","0"
"15534441","0","43","0"
"15537201","0","196","0"
"15545116","0","87","0"
"15547292","75","67","1"
"15568504","107","55","2"
"15570927","0","113","0"
"15574320","1","14","0"
"15577665","367","144","4"
"15589010","21","191","20"
"15597936","0","210","0"
"15603477","56","406","2"
"15690271","64","187","4"
"15690398","0","23","0"
"15708401","31","66","0"
"15721671","0","7","0"
"15728644","1","107","0"
"15739040","0","107","0"
"15741905","17","19","0"
"15744300","14","330","2"
"15745105","70","37","1"
"15745136","43","30","4"
"15745153","0","18","0"
"15747757","9","222","0"
"15749574","151","158","30"
"15760624","9","68","63"
"15764378","173","131","21"
"15772377","11","10","4"
"15777370","0","4","0"
"15781079","2","318","0"
"15784650","33","126","0"
"15803365","2","269","0"
"15803686","0","43","0"
"15804190","49","148","32"
"15828895","18","32","0"
"15831316","13","67","0"
"15833313","1","322","3"
"15835039","215","177","24"
"15844296","19","228","0"
"15862569","0","7","0"
"15870118","0","33","1"
"15873043","19","335","1"
"15880865","9","391","0"
"15888601","11","396","4"
"15897202","1","93","10"
"15914159","1","27","0"
"15916361","16","28","0"
"15968720","45","216","1"
"15968808","22","4","14"
"15969041","0","135","0"
"15969107","0","116","0"
"15969165","3","377","1"
"15969334","2","356","0"
"15969417","0","194","0"
"15969833","0","117","0"
"15969981","68","251","2"
"15986703","7","98","0"
"15993687","10","67","8"
"15997690","0","156","0"
"16003875","0","35","0"
"16028966","121","182","14"
"16046521","12","64","1"
"16094734","7","26","0"
"16105404","0","25","0"
"16116506","9","104","0"
"16124033","42","312","173"
"16125139","8","116","0"
"16146701","8","206","0"
"16157878","509","10","739"
"16162444","103","13","12"
"16173669","74","77","0"
"16183552","178","25","11"
"16217248","438","217","1898"
"16231068","55","146","0"
"16246909","17","34","0"
"16279195","0","10","1"
"16280429","10","14","0"
"16281673","1","27","0"
"16310679","12","129","0"
"16310741","34","312","1"
"16313303","6","188","12"
"16328516","0","35","0"
"16332641","1","35","1"
"16357334","6","51","0"
"16360266","12","24","0"
"16364625","3","109","0"
"16375479","0","10","0"
"16376827","2073","1814","10"
"16383578","81","31","19"
"16385213","26","416","23"
"16391991","0","121","0"
"16420018","0","27","0"
"16429780","49","201","17"
"16452840","15","52","1"
"16455421","3","13","0"
"16461952","147","577","57"
"16462878","403","635","104"
"16465802","26","26","2"
"16470281","15","24","2"
"16480631","10","80","0"
"16482938","89","158","3"
"16526895","0","292","0"
"16528000","163","79","42"
"16529576","62","179","7"
"16530078","2","25","2"
"16547945","4","67","8"
"16555279","0","25","0"
"16569443","159","110","1"
"16587746","50","62","734"
"16600319","175","7","5"
"16608627","58","43","0"
"16631565","102","534","40"
"16632281","29","37","56"
"16632344","89","225","12"
"16648127","11","257","0"
"16671736","2","15","0"
"16688813","16","98","3"
"16693876","1","73","0"
"16695245","0","179","2"
"16695341","1","7","0"
"16730940","583","142","17"
"16731401","1","284","0"
"16732898","1","94","0"
"16752210","4","281","3"
"16757174","1","445","0"
"16764520","179","275","0"
"16764901","122","305","26"
"16768672","13","163","4"
"16775594","25","402","49"
"16776451","1","38","0"
"16785907","38","8","36"
"16796366","26","143","0"
"16830299","0","65","1"
"16835308","9","297","1"
"16846346","1","39","1"
"16852041","19","175","0"
"16876542","3","11","0"
"16895625","120","137","5"
"16895640","15","324","3"
"16929894","0","137","0"
"16947723","0","24","0"
"16952036","1","25","0"
"16955687","7","2","2"
"16972547","11","303","0"
"17007184","10","328","0"
"17007704","320","557","0"
"17016144","0","100","0"
"17021429","2","81","1"
"17023430","16","3","105"
"17026900","5","69","1"
"17026934","60","126","1"
"17030540","343","159","4"
"17033559","0","31","1"
"17055403","2","424","0"
"17104517","13","114","1"
"17114025","3","3","0"
"17120692","2","169","0"
"17124525","615","452","185"
"17133283","27","688","0"
"17182878","4","47","2"
"17194313","48","112","1"
"17195992","46","250","10"
"17197068","21","263","1"
"17213355","54","142","2"
"17213526","48","301","2"
"17218429","158","409","22"
"17235431","8","252","12"
"17245830","1","31","0"
"17258510","266","72","3"
"17296043","0","324","0"
"17296084","15","58","0"
"17298437","27","347","2"
"17316773","225","139","0"
"17322895","0","95","0"
"17337430","59","124","6"
"17375573","0","586","0"
"17390145","159","146","1"
"17398063","829","739","43"
"17427213","22","23","0"
"17438890","48","201","1"
"17486894","50","134","4"
"17487348","182","593","63"
"17507911","20","462","10"
"17537072","12","86","0"
"17543773","122","5","166"
"17556172","0","92","0"
"17562044","361","1228","865"
"17568469","2","51","0"
"17587002","9","35","0"
"17614661","15","87","0"
"17620066","6","57","1"
"17627866","63","66","30"
"17628336","220","288","0"
"17632251","26","147","0"
"17641423","3","254","0"
"17645099","2","181","0"
"17650498","11","48","0"
"17663225","1","115","0"
"17665807","0","371","0"
"17667914","0","380","0"
"17674849","1","49","0"
"17676984","35","255","13"
"17684809","0","284","0"
"17718587","18","98","0"
"17720354","9","126","0"
"17743647","0","369","0"
"17750431","6","336","1"
"17761085","3","1","0"
"17778576","1","0","0"
"17790944","84","317","0"
"17795888","300","409","151"
"17798239","0","276","0"
"17804016","42","143","2"
"17808039","4","354","0"
"17839146","0","22","0"
"17841694","3","35","0"
"17862371","28","345","2"
"17872926","1","52","0"
"17873304","18","277","1"
"17896613","0","98","0"
"17902018","7","182","1"
"17917809","49","376","2"
"17918739","74","10","22"
"17926478","106","93","28"
"17926591","94","128","9"
"17939455","30","176","10"
"17954209","6","26","0"
"17978157","4","41","0"
"17978333","88","50","0"
"17980931","76","856","18"
"17991131","119","29","19"
"18043699","339","124","40"
"18069264","9","187","3"
"18079514","80","2","6"
"18108367","110","53","152"
"18125313","202","48","0"
"18135454","32","510","12"
"18145256","1","100","0"
"18189622","5","113","3"
"18229259","93","28","15"
"18229970","151","67","88"
"18229980","47","94","10"
"18242865","81","348","5"
"18251327","51","210","0"
"18265570","249","205","8"
"18265638","170","213","2"
"18289387","3","14","0"
"18309290","188","280","86"
"18318552","7","97","1"
"18366749","47","130","30"
"18387350","208","305","9"
"18387401","0","542","0"
"18400272","81","135","12"
"18422887","401","105","25"
"18431570","38","30","23"
"18452174","0","234","0"
"18522514","174","20","11"
"18554369","95","165","5"
"18554456","1","308","1"
"18571565","88","176","6"
"18620006","23","80","1"
"18645332","37","15","0"
"18647949","3","201","0"
"18667225","121","446","103"
"18670641","34","411","0"
"18694400","11","135","17"
"18703712","93","94","6"
"18728010","16","185","0"
"18746959","0","164","0"
"18748575","15","82","0"
"18778181","92","151","1"
"18789859","189","298","1"
"18793588","0","48","0"
"18794826","457","708","35"
"18799377","108","180","8"
"18824727","152","270","1"
"18844585","192","366","12"
"18877258","0","988","0"
"18878095","107","37","19"
"18943404","11","30","8"
"18954618","3","239","0"
"18963373","105","9","9"
"19023353","144","188","2"
"19023745","3","186","0"
"19042379","34","466","9"
"19077881","553","93","17"
"19121623","0","96","0"
"19170534","18","20","192"
"19174570","9","243","0"
"19198337","6","234","0"
"19205926","66","73","12"
"19212377","61","4","12"
"19214431","72","95","9"
"19223586","113","90","9"
"19230181","197","95","40"
"19255749","0","170","0"
"19271565","213","80","1"
"19280195","1","69","0"
"19287209","0","28","1"
"19290081","69","194","75"
"19316600","144","22","13"
"19335715","325","111","0"
"19347206","7","222","0"
"19353309","806","64","67"
"19469088","35","484","8"
"19512611","1","328","0"
"19529694","8","478","11"
"19544859","29","80","8"
"19547514","178","19","1"
"19579546","30","47","103"
"19635374","0","19","0"
"19639413","925","69","170"
"19642884","121","203","0"
"19657183","0","251","0"
"19657749","33","116","1"
"19696445","344","156","0"
"19697081","83","50","0"
"19724868","41","32","191"
"19739129","14","10","6"
"19767229","464","15","0"
"19774217","470","112","237"
"19785512","535","69","64"
"19838568","84","120","7"
"19846219","9","97","5"
"20623798","42","193","37"