UserId,Reputation,AnsCount,CompetenceProxy,StatusProxy,RelCommentRatio,RelEditsOthers
"22","19744","5","0.800000","0.000000","0.2","0"
"33","30748","13","0.615384","0.153846","0.7692307692307693","6"
"267","394414","33","0.393939","0.242424","20.87878787878788","18"
"414","15847","7","0.857142","0.000000","1.7142857142857142","0"
"476","525454","110","0.472727","0.154545","19.763636363636362","214"
"609","14552","10","0.000000","0.600000","1.3","3"
"893","1006407","6","0.333333","0.166666","2","0"
"900","27203","5","0.200000","0.200000","0.6","2"
"1109","133210","31","0.580645","0.064516","0.25806451612903225","0"
"1199","244200","11","0.727272","0.000000","1.6363636363636365","4"
"1288","407795","99","0.434343","0.212121","0.5454545454545454","25"
"1338","89592","210","0.790476","0.057142","13.285714285714286","23"
"1441","28660","8","0.125000","0.250000","19.625","12"
"1527","49577","11","0.454545","0.363636","2.1818181818181817","2"
"1831","125724","12","0.833333","0.083333","1","1"
"1882","34142","196","0.882653","0.015306","0.9693877551020408","18"
"1968","550439","120","0.450000","0.158333","6.875","944"
"2283","18138","15","0.466666","0.200000","2","2"
"2517","11630","32","0.718750","0.062500","0.75","2"
"2684","27334","35","0.342857","0.314285","4.057142857142857","5"
"2688","156968","8","0.625000","0.125000","0.625","2"
"2788","51771","10","0.500000","0.200000","3.1","1"
"2988","371487","112","0.508928","0.178571","2.3660714285714284","3"
"2998","52820","55","0.836363","0.018181","1.0727272727272728","3"
"3043","418880","413","0.450363","0.217917","2.154963680387409","563"
"3408","28382","8","0.375000","0.500000","1","1"
"3434","35096","5","0.800000","0.000000","0.2","2"
"3474","270885","74","0.418918","0.162162","2.2837837837837838","20"
"3501","102623","394","0.802030","0.050761","2.098984771573604","2"
"3797","20134","18","0.277777","0.111111","0.8888888888888888","0"
"3848","115937","7","0.571428","0.285714","2","11"
"3937","89417","29","0.793103","0.103448","1.2758620689655173","9"
"3978","53539","9","0.444444","0.333333","0.3333333333333333","0"
"4035","37187","8","0.625000","0.125000","1.75","6"
"4086","101188","7","0.285714","0.142857","0.2857142857142857","0"
"4280","33285","13","0.769230","0.230769","0.38461538461538464","0"
"4304","29620","13","0.461538","0.153846","1.3846153846153846","3"
"4323","252763","108","0.583333","0.129629","1.1481481481481481","19"
"4411","10582","5","0.400000","0.200000","4.4","8"
"4418","33583","76","0.671052","0.052631","1.5263157894736843","94"
"4489","17049","8","0.250000","0.250000","0.625","0"
"4494","16414","7","0.857142","0.142857","1.2857142857142858","6"
"4509","18069","10","0.900000","0.000000","1.9","43"
"4510","27407","35","0.742857","0.057142","0.37142857142857144","5"
"4665","19934","51","0.235294","0.372549","5.705882352941177","31"
"4725","147722","9","0.666666","0.111111","2.111111111111111","1"
"4794","56836","8","0.250000","0.250000","1.375","1"
"4834","39664","270","0.414814","0.262962","7.988888888888889","498"
"5050","12071","33","0.424242","0.242424","0.30303030303030304","3"
"5274","70830","6","0.333333","0.166666","2.3333333333333335","6"
"5295","31908","9","0.777777","0.000000","3.4444444444444446","0"
"5821","45621","10","0.500000","0.300000","0.9","1"
"5921","36166","19","0.526315","0.210526","2.736842105263158","7"
"5987","310449","166","0.439759","0.265060","9.463855421686747","7"
"6068","290022","7","0.571428","0.285714","10.714285714285714","9"
"6144","63854","6","0.666666","0.000000","6.833333333333333","9"
"6216","35356","15","0.666666","0.133333","0.4","1"
"6244","11290","5","0.400000","0.600000","1","10"
"6264","35090","10","0.400000","0.100000","0.5","0"
"6309","1370806","2205","0.579138","0.165079","1.0095238095238095","292"
"6509","171819","58","0.741379","0.051724","2.706896551724138","24"
"6560","18728","9","1.000000","0.000000","2","0"
"6568","48290","14","0.357142","0.285714","1.1428571428571428","1"
"6610","41825","16","0.500000","0.437500","2.5625","5"
"6742","52516","25","0.520000","0.320000","3.04","3"
"7231","69572","52","0.500000","0.096153","1.0961538461538463","8"
"7426","47376","29","0.655172","0.137931","6.827586206896552","17"
"7432","389078","546","0.728937","0.064102","3.1135531135531136","338"
"7488","43009","6","0.333333","0.500000","1.6666666666666667","0"
"7491","40529","10","0.400000","0.100000","1.2","0"
"7532","49708","15","1.000000","0.000000","0.06666666666666667","0"
"7552","249264","423","0.359338","0.295508","1.8297872340425532","51"
"7586","138705","6","0.333333","0.166666","2.6666666666666665","5"
"8116","24094","43","0.860465","0.000000","1.2093023255813953","7"
"8127","14885","173","0.537572","0.138728","1.439306358381503","39"
"8261","15590","6","0.166666","0.333333","1.1666666666666667","0"
"8279","79823","5","0.400000","0.200000","0.8","0"
"8427","74125","6","0.833333","0.000000","0.6666666666666666","0"
"8446","92744","33","0.363636","0.181818","1.6666666666666667","23"
"8454","94331","117","0.393162","0.239316","3.3504273504273505","202"
"8479","42267","26","0.269230","0.500000","2.8461538461538463","10"
"8922","74583","21","0.761904","0.142857","3.8095238095238093","0"
"8976","26551","20","0.750000","0.100000","0.8","36"
"9204","171721","39","0.282051","0.307692","1.8974358974358974","1"
"9476","23884","6","0.500000","0.333333","0.6666666666666666","0"
"9604","11746","11","0.636363","0.090909","15.272727272727273","45"
"9636","32424","6","0.000000","0.833333","1.1666666666666667","4"
"9642","20674","8","0.250000","0.500000","1.625","3"
"9664","38526","34","0.588235","0.205882","4.852941176470588","30"
"9922","47121","160","0.750000","0.025000","0.79375","22"
"10077","62402","5","0.800000","0.200000","49.8","20"
"10238","42218","80","0.725000","0.025000","1.175","19"
"10335","40611","24","0.291666","0.291666","1.1666666666666667","5"
"10397","232752","69","0.594202","0.043478","3.8840579710144927","17"
"10508","15353","27","0.851851","0.037037","3.074074074074074","0"
"10527","50278","736","0.754076","0.054347","1.2853260869565217","1"
"10639","15903","5","0.200000","0.400000","0.8","0"
"11002","11635","106","0.415094","0.198113","15.660377358490566","34"
"11047","14882","27","0.629629","0.074074","1.1481481481481481","2"
"11182","64105","91","0.670329","0.065934","16.32967032967033","90"
"11197","17773","5","0.200000","0.200000","0.2","0"
"11432","39661","5","0.000000","0.600000","3.2","0"
"11439","28701","5","0.600000","0.200000","4.8","0"
"11527","42090","20","0.550000","0.300000","1.55","1"
"11635","62305","19","0.526315","0.210526","6.157894736842105","88"
"11683","78994","13","0.461538","0.153846","57.61538461538461","289"
"11799","23452","9","1.000000","0.000000","0.5555555555555556","2"
"12484","27266","13","0.230769","0.538461","2.230769230769231","20"
"12534","18643","9","0.111111","0.333333","0.6666666666666666","0"
"12597","259916","52","0.384615","0.288461","4.788461538461538","103"
"12631","24670","5","0.200000","0.200000","3.8","0"
"12704","24588","6","0.666666","0.166666","0.8333333333333334","0"
"12725","103949","28","0.642857","0.107142","0.5714285714285714","3"
"12943","62967","8","0.250000","0.500000","2.5","1"
"12958","13755","8","0.375000","0.250000","7.25","0"
"12960","273531","8","0.500000","0.375000","4.125","5"
"13022","20644","5","0.600000","0.000000","0.6","1"
"13070","203621","574","0.792682","0.036585","2.6986062717770034","257"
"13279","63344","17","0.647058","0.000000","0.17647058823529413","0"
"13302","760925","95","0.642105","0.073684","8.263157894736842","24013"
"13313","39623","6","0.500000","0.000000","0.6666666666666666","2"
"13317","25874","10","0.900000","0.000000","4.2","25"
"13365","16784","7","0.428571","0.285714","1.2857142857142858","2"
"13433","19712","9","0.555555","0.222222","0.7777777777777778","0"
"13447","48281","76","0.842105","0.013157","4.0394736842105265","727"
"13508","147541","78","0.487179","0.153846","8.41025641025641","103"
"13564","32194","8","0.375000","0.375000","3.125","2"
"13687","25298","26","0.730769","0.038461","1.5384615384615385","1"
"13744","52897","5","0.200000","0.000000","1.6","0"
"13860","80736","15","0.533333","0.133333","6.133333333333334","332"
"14065","267212","40","0.500000","0.325000","5.075","5"
"14104","207848","306","0.359477","0.320261","8.088235294117647","100"
"14122","298357","301","0.601328","0.126245","18.960132890365447","379"
"14131","22565","5","0.000000","0.600000","2","20"
"14343","378860","30","0.700000","0.133333","0.9333333333333333","0"
"14357","121082","66","0.439393","0.227272","3.5454545454545454","28"
"14419","67799","262","0.759541","0.045801","1.1870229007633588","261"
"14455","18275","6","0.333333","0.666666","5","0"
"14558","35439","8","0.125000","0.750000","1.5","0"
"14637","183735","224","0.522321","0.147321","3.0848214285714284","62"
"14660","167658","322","0.580745","0.121118","2.549689440993789","49"
"14731","91020","10","0.400000","0.400000","5.9","8"
"14768","43754","85","0.529411","0.129411","2.8588235294117648","45"
"14860","890714","96","0.531250","0.177083","2.1770833333333335","27"
"14955","264019","5","0.600000","0.400000","3.4","0"
"15168","761286","254","0.594488","0.161417","10.484251968503937","2861"
"15275","22913","50","0.600000","0.060000","0.82","4"
"15371","26183","5","0.400000","0.200000","0.6","1"
"15394","11459","11","0.727272","0.181818","4.7272727272727275","19"
"15410","22494","5","0.400000","0.200000","4.2","5"
"15416","181945","211","0.530805","0.151658","3.5924170616113744","52"
"15461","15321","8","0.375000","0.500000","0.625","0"
"15472","18060","36","0.444444","0.138888","1.5555555555555556","11"
"15498","241132","24","0.541666","0.166666","27.916666666666668","11"
"15613","11452","5","0.800000","0.000000","0.2","0"
"15625","35909","13","0.538461","0.076923","3","3"
"15754","16584","11","0.909090","0.000000","18.363636363636363","37"
"15809","135509","23","0.565217","0.434782","1.608695652173913","4"
"15862","24270","12","0.333333","0.083333","0.5833333333333334","2"
"16007","72395","67","0.402985","0.119402","8.373134328358208","49"
"16076","301775","7","0.571428","0.285714","35.142857142857146","21"
"16287","65985","71","0.521126","0.197183","15.450704225352112","139"
"16361","14161","5","0.800000","0.000000","2.4","1"
"16406","127709","209","0.459330","0.196172","1.7894736842105263","8"
"16582","21096","175","0.617142","0.102857","2.6685714285714286","84"
"16673","34718","7","0.428571","0.428571","3.5714285714285716","9"
"16940","147296","36","0.083333","0.722222","3.111111111111111","3"
"17300","14859","15","0.333333","0.333333","6.733333333333333","22"
"17389","99324","167","0.538922","0.149700","5.023952095808383","29"
"17447","55584","43","0.325581","0.348837","2.116279069767442","50"
"17833","95507","8","0.625000","0.000000","4.5","0"
"18097","16026","5","0.200000","0.200000","2.6","6"
"18122","83631","7","0.571428","0.142857","0.8571428571428571","0"
"18157","87098","38","0.578947","0.078947","10.31578947368421","91"
"18243","48483","12","0.833333","0.000000","1.9166666666666667","0"
"18627","88189","552","0.755434","0.025362","1.6014492753623188","830"
"18747","133390","5","1.000000","0.000000","1.8","1"
"18771","339734","108","0.712962","0.092592","5.175925925925926","115"
"19068","949298","1330","0.591729","0.129323","2.374436090225564","202"
"19165","30041","54","0.537037","0.148148","0.6481481481481481","4"
"19410","97351","6","0.333333","0.333333","4","0"
"19818","13464","10","0.600000","0.200000","1.4","1"
"19937","19020","18","0.333333","0.222222","2.2222222222222223","0"
"20047","26912","10","0.600000","0.200000","1.2","4"
"20270","36782","14","0.857142","0.000000","6.714285714285714","4"
"20382","26836","7","0.285714","0.142857","1.2857142857142858","0"
"20479","36151","11","0.090909","0.909090","2.6363636363636362","0"
"20553","25547","7","0.428571","0.000000","2.142857142857143","2"
"20654","200099","33","0.272727","0.454545","1.6363636363636365","10"
"20712","24494","6","0.666666","0.166666","9","5"
"20860","568659","1026","0.692982","0.067251","1.6988304093567252","532"
"20869","10224","13","0.384615","0.000000","1.7692307692307692","0"
"20977","20628","10","0.800000","0.000000","1.1","5"
"21115","18190","9","0.222222","0.333333","0.3333333333333333","0"
"21501","25340","9","0.222222","0.555555","2.6666666666666665","8"
"21567","49652","27","0.629629","0.148148","4.074074074074074","10"
"21698","27013","13","0.230769","0.384615","0.38461538461538464","9"
"21974","53183","21","0.619047","0.190476","2.761904761904762","5"
"22147","36672","21","0.857142","0.047619","3.619047619047619","0"
"22194","23244","13","0.230769","0.461538","3.6153846153846154","0"
"22237","20106","9","0.111111","0.777777","0.7777777777777778","0"
"22483","44993","96","0.385416","0.270833","4.479166666666667","4"
"22656","1527420","203","0.645320","0.113300","10.044334975369457","89"
"22820","17472","6","0.500000","0.166666","3.5","1"
"22982","59794","19","0.842105","0.052631","1.0526315789473684","8"
"23028","25322","6","0.666666","0.333333","0.16666666666666666","5"
"23118","28650","36","0.555555","0.166666","1.6111111111111112","25"
"23235","14296","10","1.000000","0.000000","0.8","0"
"23264","29905","5","0.800000","0.000000","1.2","0"
"23354","1072321","178","0.623595","0.134831","2.5786516853932584","8"
"23528","191995","54","0.537037","0.203703","18.796296296296298","495"
"23567","31195","19","0.631578","0.105263","1.4736842105263157","5"
"23574","33560","6","0.166666","0.333333","9","3"
"23633","28362","31","0.741935","0.064516","1.3225806451612903","13"
"23649","119539","22","0.545454","0.090909","3.5","14"
"23669","15247","13","0.461538","0.153846","1.3846153846153846","0"
"23852","36318","54","0.888888","0.018518","0.5740740740740741","8"
"23915","18824","6","1.000000","0.000000","3.8333333333333335","0"
"24054","104344","42","0.500000","0.095238","1.7619047619047619","2"
"24718","44188","31","0.258064","0.354838","2.3548387096774195","3"
"24874","313776","15","0.133333","0.466666","2.7333333333333334","8"
"25071","28846","43","0.697674","0.186046","0.8837209302325582","6"
"25124","42953","25","0.840000","0.040000","0.64","1"
"25197","27260","15","0.266666","0.400000","0.6","5"
"25216","45536","5","0.000000","0.600000","1","1"
"25324","109767","59","0.305084","0.389830","11.677966101694915","25"
"25507","58807","10","0.400000","0.400000","0.6","3"
"25714","35457","6","0.333333","0.166666","2.3333333333333335","1"
"26004","37255","34","0.617647","0.088235","3","64"
"26051","54743","6","0.666666","0.166666","0.8333333333333334","3"
"26095","62872","16","0.437500","0.375000","2.3125","1"
"26133","28120","13","0.923076","0.076923","1.2307692307692308","0"
"26286","27635","7","0.285714","0.428571","7.714285714285714","1"
"26406","48211","28","0.714285","0.071428","1.3571428571428572","6"
"26428","364956","9","0.333333","0.222222","21.11111111111111","10"
"26510","73662","18","0.166666","0.611111","1.3333333333333333","6"
"26833","48772","55","0.672727","0.090909","2.109090909090909","1"
"27009","100800","7","0.428571","0.285714","0.14285714285714285","0"
"27194","14122","13","0.692307","0.230769","1.6923076923076923","5"
"27358","51812","13","0.076923","0.538461","1.1538461538461537","4"
"27491","36615","41","0.780487","0.024390","1.4390243902439024","1"
"27678","41475","15","0.333333","0.200000","8.4","5"
"27905","20126","54","0.703703","0.037037","6.296296296296297","50"
"27968","17178","7","0.428571","0.142857","1.2857142857142858","0"
"28128","88210","210","0.523809","0.152380","2.1666666666666665","30"
"28169","402237","22","0.500000","0.318181","1.2727272727272727","1"
"28376","73570","499","0.833667","0.026052","1.8617234468937875","154"
"28804","414479","15","0.866666","0.066666","1.0666666666666667","2"
"29125","14948","5","0.200000","0.200000","4.4","0"
"29157","48529","5","0.400000","0.200000","1.4","3"
"30038","91043","10","0.000000","0.600000","0.5","0"
"30447","29603","17","0.470588","0.411764","3.176470588235294","4"
"30809","19884","35","0.685714","0.142857","0.9428571428571428","16"
"30946","47159","9","0.222222","0.444444","7.222222222222222","9"
"31506","22567","5","0.600000","0.400000","1.8","0"
"31532","11844","5","0.200000","0.800000","5.8","68"
"31569","89575","6","0.333333","0.500000","0.8333333333333334","22"
"31615","51861","20","0.300000","0.250000","0.8","0"
"31782","12869","12","0.333333","0.250000","5.916666666666667","3"
"32090","65011","5","1.000000","0.000000","4.4","1"
"32203","24506","5","0.000000","1.000000","0.8","0"
"32453","67968","16","0.062500","0.687500","6.0625","57"
"32771","10167","19","0.789473","0.105263","1.2105263157894737","1"
"32809","15686","5","1.000000","0.000000","2.4","0"
"32880","110101","7","0.857142","0.000000","88.71428571428571","20"
"32914","85096","6","0.666666","0.166666","6","1"
"33051","27078","5","0.400000","0.000000","2.4","8"
"33264","33302","6","0.500000","0.166666","4","127"
"33518","243764","91","0.648351","0.120879","0.5164835164835165","2"
"33522","76311","50","0.420000","0.260000","8.82","1"
"33795","20890","22","0.818181","0.000000","0.22727272727272727","0"
"33796","60833","11","0.454545","0.090909","2.8181818181818183","4"
"33982","10563","6","0.500000","0.166666","0.16666666666666666","0"
"34088","330419","16","0.500000","0.375000","1.3125","4"
"34372","10427","5","0.400000","0.000000","4.4","0"
"34586","19344","5","0.600000","0.200000","1.2","1"
"34771","21476","5","0.600000","0.200000","0.4","0"
"34824","64956","67","0.358208","0.208955","1.1940298507462686","24"
"34935","21763","14","0.214285","0.428571","3","17"
"35690","92928","9","0.555555","0.222222","1.6666666666666667","6"
"36305","244467","28","0.142857","0.321428","1.8214285714285714","11"
"36433","58086","10","0.300000","0.100000","0.3","0"
"36498","19484","5","0.600000","0.200000","2.6","1"
"37213","309741","61","0.524590","0.196721","4.852459016393443","6"
"37843","47025","8","0.250000","0.375000","4.25","2"
"38024","19666","37","0.594594","0.108108","1.5135135135135136","10"
"38333","16669","10","0.400000","0.100000","0.6","0"
"38368","18305","14","0.214285","0.428571","5.142857142857143","41"
"38522","56157","81","0.320987","0.419753","1.7901234567901234","8"
"39094","10375","6","0.500000","0.166666","2.1666666666666665","1"
"39242","19926","7","0.571428","0.142857","2.4285714285714284","1"
"40013","40824","38","0.736842","0.000000","0.6842105263157895","0"
"40015","26262","12","0.500000","0.000000","4.583333333333333","69"
"40064","27359","55","0.672727","0.054545","2.109090909090909","9"
"40342","309669","48","0.625000","0.166666","12.854166666666666","246"
"40468","54161","87","0.712643","0.068965","0.8620689655172413","17"
"40691","12009","17","0.352941","0.352941","3","0"
"40851","25581","23","0.434782","0.304347","2.8260869565217392","16"
"41403","13798","6","0.500000","0.333333","2.3333333333333335","13"
"41410","16376","42","0.357142","0.238095","0.2857142857142857","0"
"42346","170832","11","0.818181","0.000000","16.363636363636363","14"
"42585","84673","68","0.529411","0.132352","3.3676470588235294","7"
"42659","10975","36","0.444444","0.222222","0.9444444444444444","23"
"43615","12507","12","0.416666","0.250000","3.1666666666666665","39"
"43681","84170","8","0.375000","0.375000","2","4"
"43832","71291","35","0.685714","0.028571","2.342857142857143","7"
"43848","52334","7","0.571428","0.142857","0.42857142857142855","3"
"43992","26733","712","0.443820","0.188202","0.9705056179775281","251"
"44264","17010","7","0.857142","0.000000","1.4285714285714286","0"
"44309","78755","10","0.300000","0.100000","20.6","7"
"44375","11760","8","0.250000","0.500000","2.375","4"
"44729","52294","27","0.777777","0.074074","4.518518518518518","1504"
"45091","39185","44","0.681818","0.090909","2.6363636363636362","4"
"45112","18793","18","0.277777","0.500000","0.7222222222222222","17"
"45249","68131","13","0.307692","0.538461","2.8461538461538463","2"
"45375","456049","1208","0.592715","0.108443","2.0206953642384105","855"
"45685","36155","15","0.333333","0.200000","5.266666666666667","0"
"45756","15883","13","0.846153","0.000000","0.38461538461538464","0"
"45967","24670","6","0.500000","0.166666","2","0"
"45978","17174","8","0.125000","0.250000","1.875","0"
"46207","19281","12","0.083333","0.416666","16.916666666666668","13"
"46223","31294","11","0.909090","0.090909","0.8181818181818182","2"
"46239","12936","8","0.500000","0.125000","3.75","0"
"46914","92423","23","0.391304","0.260869","1.434782608695652","40"
"46942","15598","7","0.714285","0.142857","3.7142857142857144","0"
"47453","82433","36","0.444444","0.194444","1.4166666666666667","97"
"47580","17160","31","0.354838","0.193548","2.4193548387096775","3"
"48136","42809","7","0.142857","0.714285","9.714285714285714","24"
"48503","65382","66","0.833333","0.030303","2.515151515151515","98"
"48660","23671","46","0.673913","0.065217","1.6956521739130435","33"
"48956","15968","8","0.250000","0.375000","8.5","2"
"49220","17915","14","0.714285","0.071428","1.7857142857142858","1"
"49407","30213","6","0.500000","0.166666","1.5","2"
"49746","31910","7","0.285714","0.285714","0.14285714285714285","3"
"49849","20647","35","0.828571","0.028571","1.2285714285714286","0"
"49925","11302","6","0.166666","0.500000","9.166666666666666","11"
"49942","56431","9","0.333333","0.333333","2.888888888888889","8"
"50065","23119","7","0.714285","0.142857","0.7142857142857143","10"
"50476","170969","102","0.784313","0.009803","1.2352941176470589","48"
"50543","42579","6","1.000000","0.000000","1.5","0"
"50617","218355","323","0.777089","0.040247","0.6408668730650154","124"
"51387","35816","5","0.600000","0.200000","5.8","0"
"51428","23001","8","0.250000","0.250000","1.625","5"
"51591","38940","11","0.363636","0.454545","2.727272727272727","12"
"51685","171679","1067","0.639175","0.113402","2.7094657919400187","233"
"52160","10892","18","0.833333","0.000000","1.1111111111111112","3"
"52277","28875","13","0.076923","0.846153","17.615384615384617","29"
"52443","60819","9","0.666666","0.111111","6.333333333333333","14"
"52499","19647","17","0.000000","0.823529","7","18"
"53328","19995","8","0.125000","0.750000","1.75","2"
"53341","87960","154","0.435064","0.214285","5.7272727272727275","78"
"53420","12348","7","0.285714","0.285714","1.2857142857142858","0"
"53491","12397","5","0.600000","0.400000","1.4","0"
"53538","32919","36","0.333333","0.444444","1.9722222222222223","8"
"53897","75501","39","0.641025","0.153846","17.28205128205128","40"
"53960","18072","6","0.833333","0.000000","2.5","5"
"54680","268960","11","0.363636","0.272727","1.5454545454545454","1"
"54684","60572","6","1.000000","0.000000","0.5","0"
"54734","58223","188","0.601063","0.106382","0.2765957446808511","0"
"54937","47969","19","0.473684","0.210526","2.8947368421052633","3"
"55075","169277","15","0.333333","0.600000","1.0666666666666667","7"
"55246","86690","5","1.000000","0.000000","5.6","25"
"55774","57245","6","0.500000","0.166666","0.6666666666666666","0"
"55857","42521","14","0.285714","0.500000","0.7142857142857143","0"
"55925","54481","8","1.000000","0.000000","0.875","0"
"56621","62792","55","0.072727","0.745454","1.2","3"
"56658","10432","9","0.444444","0.000000","3.6666666666666665","0"
"56778","134787","11","0.454545","0.363636","6","2"
"56974","20287","8","0.125000","0.375000","1.125","2"
"57695","535483","22","0.954545","0.000000","2.5454545454545454","1"
"57698","20493","17","0.647058","0.058823","0.35294117647058826","0"
"57719","14130","19","0.526315","0.157894","5","1"
"58082","35432","7","0.714285","0.000000","1.7142857142857142","0"
"58186","123717","138","0.181159","0.463768","0.8478260869565217","10"
"58549","12765","5","0.400000","0.600000","0.4","1"
"58808","179619","28","0.285714","0.392857","1.6428571428571428","7"
"58880","37855","5","0.800000","0.000000","1.2","0"
"58961","61382","6","0.166666","0.333333","2.1666666666666665","0"
"59087","31283","10","0.200000","0.400000","3.3","86"
"59119","31283","6","0.166666","0.500000","5","5"
"59563","26402","99","0.777777","0.020202","1.595959595959596","0"
"60281","71243","58","0.275862","0.327586","8.655172413793103","52"
"60724","46922","16","0.250000","0.250000","0.8125","3"
"60761","275691","150","0.466666","0.160000","2.6733333333333333","104"
"61158","70120","63","0.825396","0.031746","5.5396825396825395","73"
"61305","282426","302","0.529801","0.145695","4.347682119205298","124"
"61311","23613","23","0.695652","0.173913","1.6956521739130435","2"
"61624","68833","13","0.461538","0.307692","10.076923076923077","7"
"61795","12396","12","0.750000","0.166666","7.5","1"
"62076","188344","393","0.676844","0.083969","1.3511450381679388","66"
"62288","25046","19","0.736842","0.105263","1.7894736842105263","1"
"62576","126252","17","0.647058","0.117647","62.588235294117645","5393"
"62623","10652","11","0.545454","0.090909","0.9090909090909091","0"
"62776","39182","10","0.200000","0.600000","2.2","0"
"62937","67957","156","0.730769","0.083333","1.108974358974359","8"
"63308","10378","5","0.600000","0.000000","0.6","0"
"63810","38752","8","0.250000","0.375000","0.25","17"
"64105","17864","5","0.400000","0.200000","2.6","0"
"64348","21897","23","0.608695","0.086956","1.826086956521739","42"
"64904","49395","121","0.595041","0.090909","0.39669421487603307","115"
"65387","285491","22","0.363636","0.409090","4.681818181818182","10"
"65464","37097","9","0.444444","0.222222","3.4444444444444446","2"
"65548","21111","8","0.750000","0.250000","1","4"
"65863","612505","1407","0.670931","0.079601","2.9950248756218905","3386"
"65889","10954","7","0.857142","0.000000","9.142857142857142","1"
"66169","11382","6","0.833333","0.166666","1","0"
"66532","11876","51","0.372549","0.156862","1.3333333333333333","7"
"66686","82787","170","0.676470","0.088235","1.1588235294117648","138"
"66696","12781","18","0.277777","0.333333","0.7222222222222222","4"
"67392","110210","15","0.400000","0.200000","3.1333333333333333","4"
"67579","482425","1510","0.732450","0.046357","1.7450331125827814","107"
"67606","182150","20","0.250000","0.350000","0.4","1"
"68051","13604","16","0.812500","0.000000","1","15"
"68490","20508","299","0.749163","0.053511","1.608695652173913","3"
"68587","365295","204","0.495098","0.181372","2.843137254901961","3696"
"68707","11084","11","0.545454","0.090909","1.3636363636363635","3"
"68972","28402","13","0.461538","0.230769","4.615384615384615","2"
"69545","140088","40","0.175000","0.400000","1.95","53"
"69809","51574","6","0.000000","0.500000","4","2"
"70170","43162","5","0.200000","0.800000","1.4","0"
"70261","29865","8","0.875000","0.000000","2","1"
"70386","101327","7","0.285714","0.285714","2.5714285714285716","1"
"70942","22464","5","0.200000","0.400000","3.2","0"
"71059","63604","5","0.400000","0.200000","2.8","6"
"71141","37185","44","0.636363","0.136363","6.295454545454546","19"
"71376","12680","12","0.916666","0.000000","5","2"
"72178","36511","12","0.416666","0.416666","4.416666666666667","79"
"72437","43122","11","0.545454","0.272727","8.181818181818182","0"
"73226","458064","99","0.545454","0.202020","6.707070707070707","49"
"73573","19401","10","0.400000","0.000000","2.4","0"
"73804","17155","5","0.000000","0.800000","2.2","0"
"74089","19388","21","0.476190","0.238095","1.0952380952380953","244"
"74195","48339","179","0.368715","0.173184","1.100558659217877","34"
"74496","50512","6","0.000000","0.500000","5","0"
"74861","17248","56","0.571428","0.196428","0.8571428571428571","24"
"75103","27612","41","0.463414","0.292682","3.4390243902439024","12"
"75525","253338","15","0.800000","0.133333","0.6","2"
"75652","37493","20","0.650000","0.100000","1","3"
"75699","15942","5","0.400000","0.400000","0.6","5"
"75852","13701","40","0.700000","0.075000","9.125","154"
"76673","13573","6","0.166666","0.833333","3.6666666666666665","0"
"76714","18014","146","0.691780","0.047945","1.5205479452054795","12"
"77335","97293","32","0.718750","0.062500","2.9375","28"
"77567","387837","102","0.578431","0.147058","0.9509803921568627","20"
"78522","25442","30","0.333333","0.233333","2.466666666666667","8"
"78722","54679","9","0.555555","0.000000","1.3333333333333333","0"
"78738","20185","6","0.500000","0.333333","0","0"
"79111","10627","6","0.833333","0.000000","0.6666666666666666","0"
"79125","12382","18","0.388888","0.388888","1.4444444444444444","14"
"79485","15896","16","0.375000","0.187500","5","26"
"79677","34810","13","0.307692","0.307692","0","5"
"79891","23234","5","0.600000","0.200000","3","0"
"80002","63926","8","0.750000","0.000000","14.375","0"
"80353","10940","5","0.600000","0.000000","7","2"
"80434","12597","5","0.000000","0.800000","0.8","2"
"80869","26766","8","0.250000","0.750000","0.125","0"
"80911","101346","128","0.539062","0.109375","5.2578125","7"
"80932","32482","8","0.750000","0.000000","3","2"
"81019","10629","12","0.833333","0.000000","0.08333333333333333","0"
"81216","11219","55","0.509090","0.127272","1.509090909090909","23"
"81491","38524","20","0.600000","0.150000","0.3","1"
"81723","13463","18","0.611111","0.166666","0.3888888888888889","1"
"82294","216298","33","0.636363","0.121212","2.0303030303030303","0"
"82460","12891","5","0.400000","0.600000","1.2","0"
"82511","56215","13","0.538461","0.230769","2.3076923076923075","2"
"82548","254276","141","0.198581","0.496453","5.695035460992908","353"
"82686","38564","17","0.294117","0.352941","0.5294117647058824","0"
"82804","30548","12","0.750000","0.083333","0.8333333333333334","0"
"83096","36318","13","0.538461","0.000000","1.1538461538461537","3"
"83605","20873","23","0.782608","0.086956","3.260869565217391","14"
"84196","17017","5","0.200000","0.600000","1.6","0"
"84507","28250","14","0.785714","0.142857","1.0714285714285714","0"
"85215","10884","26","0.538461","0.076923","1.4615384615384615","3"
"85306","29428","11","1.000000","0.000000","1.1818181818181819","2"
"85360","91377","11","0.727272","0.272727","0.5454545454545454","0"
"85371","401407","482","0.829875","0.026970","2.20746887966805","116"
"85615","14143","7","0.428571","0.285714","2.2857142857142856","5"
"85785","143568","81","0.925925","0.012345","1.0246913580246915","3"
"86072","53677","278","0.550359","0.154676","2","64"
"86485","30648","7","0.714285","0.142857","9.142857142857142","27"
"86611","65763","26","0.692307","0.076923","0.4230769230769231","0"
"86643","22037","7","0.428571","0.285714","4.285714285714286","46"
"86967","55921","9","0.000000","0.333333","4.888888888888889","2"
"86989","123421","19","0.421052","0.263157","1.631578947368421","1"
"87015","273839","222","0.409909","0.211711","2.4594594594594597","383"
"87117","39333","53","0.830188","0.018867","1.1320754716981132","4"
"87189","212530","46","0.521739","0.152173","30.26086956521739","193"
"87234","506959","8","0.500000","0.125000","8.875","5"
"87698","173718","120","0.491666","0.166666","2.9916666666666667","22"
"88076","25290","37","0.567567","0.054054","1.3243243243243243","1"
"88122","11154","26","0.653846","0.038461","1.3076923076923077","3"
"88173","23640","9","0.444444","0.000000","2.2222222222222223","0"
"88204","31543","11","0.000000","1.000000","0.09090909090909091","0"
"88513","10324","33","0.454545","0.212121","1.9090909090909092","11"
"88597","52089","6","0.166666","0.666666","0","0"
"89211","12463","29","0.689655","0.034482","3.586206896551724","8"
"89482","34062","112","0.508928","0.107142","3.125","294"
"89706","16506","16","0.625000","0.187500","3.9375","8"
"89766","51914","137","0.781021","0.036496","1.5474452554744527","63"
"89817","128181","110","0.590909","0.109090","7.836363636363636","16"
"90527","77723","81","0.530864","0.222222","10.88888888888889","258"
"90580","25765","21","0.571428","0.190476","0.5238095238095238","0"
"91822","10332","35","0.657142","0.085714","0.05714285714285714","0"
"92371","15503","5","0.000000","0.800000","1","0"
"92546","15922","19","0.263157","0.157894","19.473684210526315","5"
"93747","59374","19","0.789473","0.000000","2.6315789473684212","12"
"93960","16354","34","0.705882","0.058823","4.4411764705882355","18"
"94148","10488","12","0.416666","0.166666","0.5833333333333334","1"
"94958","10437","5","0.600000","0.200000","0","0"
"95852","14637","8","0.125000","0.500000","6.75","31"
"96588","59875","10","0.400000","0.100000","3.9","3"
"96811","21804","22","0.545454","0.090909","1.1363636363636365","0"
"96944","30326","7","0.428571","0.142857","2.4285714285714284","2"
"97248","88965","20","0.350000","0.200000","2.2","1"
"97337","301774","199","0.643216","0.080402","2.562814070351759","9"
"97471","15375","9","0.333333","0.444444","2.888888888888889","0"
"97926","14436","8","1.000000","0.000000","1.375","0"
"98094","48932","13","0.230769","0.461538","2.230769230769231","3"
"98607","107416","5","0.600000","0.400000","2.2","6"
"98713","293989","6","0.666666","0.333333","4.166666666666667","0"
"98814","18318","7","0.428571","0.571428","5.428571428571429","2"
"98959","17993","13","0.769230","0.000000","1.3076923076923077","14"
"99354","26545","23","0.826086","0.086956","2.217391304347826","1"
"99594","77662","13","0.615384","0.076923","1.6153846153846154","0"
"99692","46420","184","0.706521","0.059782","0.5706521739130435","63"
"99777","31669","7","0.000000","1.000000","2","0"
"99834","173449","9","0.444444","0.222222","2.888888888888889","11"
"99897","14976","12","0.333333","0.166666","1.8333333333333333","0"
"100297","1141932","37","0.621621","0.189189","9.864864864864865","552"
"100904","12098","9","0.888888","0.111111","0.4444444444444444","2"
"100970","27618","6","0.500000","0.333333","1.1666666666666667","1"
"101087","28843","49","0.510204","0.204081","1.3673469387755102","5"
"101197","14080","8","0.250000","0.500000","1.25","0"
"101361","153385","86","0.569767","0.127906","1.058139534883721","1"
"102205","39586","7","0.571428","0.428571","5.142857142857143","4"
"102937","181766","19","0.368421","0.105263","48.94736842105263","211"
"103167","286328","97","0.422680","0.216494","11.783505154639176","17"
"103295","60511","8","0.500000","0.375000","3","1"
"104149","22011","21","0.857142","0.047619","0.5714285714285714","71"
"104380","133690","48","0.104166","0.541666","7.083333333333333","107"
"104458","105518","238","0.546218","0.168067","2.1512605042016806","39"
"104774","14512","20","0.450000","0.300000","2.55","5"
"104891","405608","80","0.837500","0.025000","3.3625","23"
"105539","25055","10","0.500000","0.400000","4.2","4"
"105741","13666","15","0.200000","0.333333","1.2666666666666666","3"
"105904","24088","7","0.857142","0.000000","7.714285714285714","1"
"106104","59305","211","0.630331","0.118483","10.175355450236967","27"
"106140","15890","8","0.875000","0.000000","3.75","3"
"106159","111341","143","0.384615","0.349650","5.2377622377622375","3"
"107090","73030","21","0.523809","0.095238","5.333333333333333","1"
"107409","81196","31","0.064516","0.741935","0.7741935483870968","3"
"107567","10989","5","0.400000","0.400000","2.6","0"
"107625","40953","6","0.833333","0.166666","20.333333333333332","879"
"107744","109065","12","0.333333","0.083333","0.8333333333333334","0"
"107783","46075","19","0.526315","0.315789","2","2"
"108205","114553","279","0.544802","0.154121","1.1827956989247312","38"
"108796","67979","218","0.527522","0.160550","1.7935779816513762","1"
"109122","57187","41","0.439024","0.195121","8.682926829268293","76"
"109360","55735","14","0.285714","0.357142","2.7857142857142856","0"
"109525","14253","63","0.809523","0.063492","1.4126984126984128","18"
"109941","15391","15","0.400000","0.133333","3.8666666666666667","124"
"110451","25422","11","0.909090","0.090909","0.7272727272727273","0"
"111036","15549","26","0.192307","0.423076","1.5","6"
"111124","27444","5","1.000000","0.000000","5.4","2"
"111575","57558","17","0.294117","0.058823","3.5294117647058822","13"
"111794","15635","8","0.625000","0.000000","3.5","1"
"112000","11218","19","0.684210","0.105263","0.7368421052631579","0"
"112079","33093","5","0.200000","0.600000","4.4","3"
"112877","17399","8","0.750000","0.125000","0.75","0"
"112968","270303","535","0.562616","0.168224","2.3121495327102806","308"
"113116","100476","123","0.821138","0.008130","3.0569105691056913","451"
"113195","83174","8","0.625000","0.125000","4.375","0"
"113632","49473","6","0.333333","0.333333","2.6666666666666665","6"
"113848","42121","19","0.789473","0.105263","1","6"
"114029","102838","12","0.000000","0.750000","0.5","35"
"114226","24710","25","0.520000","0.200000","6.68","1"
"114549","14312","7","0.285714","0.714285","0.5714285714285714","0"
"114584","22095","5","0.400000","0.200000","1","1"
"115145","1011892","336","0.744047","0.056547","5.815476190476191","24"
"115305","26895","8","0.500000","0.125000","2.625","0"
"116908","226888","12","0.666666","0.083333","2.5","0"
"117030","18069","27","0.333333","0.148148","0.48148148148148145","2"
"117215","34028","7","0.571428","0.142857","1.8571428571428572","0"
"117839","21388","7","0.571428","0.000000","2.5714285714285716","3"
"118228","29913","25","0.280000","0.440000","1.72","5"
"118587","24409","14","0.500000","0.214285","1.5714285714285714","6"
"118903","100338","84","0.750000","0.059523","0.6309523809523809","17"
"119527","138713","6","0.000000","0.666666","4.833333333333333","8"
"119549","79086","11","0.636363","0.000000","2","7"
"119822","11126","5","0.400000","0.000000","0.4","0"
"119861","11709","15","0.266666","0.466666","2.4","3"
"120513","44375","6","0.833333","0.000000","0.5","0"
"120955","157775","133","0.578947","0.180451","2.736842105263158","18"
"121309","39600","38","0.289473","0.368421","17.105263157894736","53"
"121493","113603","52","0.653846","0.173076","0.5769230769230769","4"
"121747","133947","13","0.230769","0.461538","0.9230769230769231","3"
"122005","103783","27","0.592592","0.148148","1.1851851851851851","36"
"122195","13287","8","0.750000","0.125000","2.5","0"
"122313","33385","5","0.800000","0.200000","7.8","4"
"123238","14140","38","0.394736","0.263157","1.131578947368421","45"
"123336","16802","5","0.200000","0.600000","1.4","0"
"123378","17977","10","0.500000","0.100000","0.8","0"
"123487","23165","6","0.500000","0.000000","1.8333333333333333","0"
"123527","177593","5","0.600000","0.000000","0","0"
"123671","126848","28","0.285714","0.464285","5.678571428571429","164"
"124319","39483","45","0.311111","0.266666","1.9555555555555555","17"
"124386","31468","184","0.641304","0.097826","2.641304347826087","112"
"124486","84882","27","0.444444","0.185185","2","42"
"125212","24033","18","0.777777","0.000000","4.111111111111111","1"
"125407","35821","11","0.272727","0.181818","0.18181818181818182","2"
"125734","253748","228","0.754385","0.026315","1.144736842105263","4"
"125759","16122","24","0.625000","0.166666","3","0"
"125816","231277","14","0.214285","0.357142","24.428571428571427","33"
"125981","34354","151","0.205298","0.377483","4.397350993377484","271"
"126014","234353","55","0.581818","0.145454","1.7818181818181817","58"
"126352","47421","5","0.600000","0.400000","2.8","18"
"126995","22361","75","0.453333","0.213333","2.1466666666666665","1"
"128165","197051","171","0.502923","0.233918","1.7719298245614035","48"
"128384","36190","15","0.866666","0.133333","4","2"
"128940","99622","72","0.680555","0.055555","4.069444444444445","5"
"129130","42762","15","0.600000","0.133333","5.333333333333333","2"
"129202","16408","6","0.166666","0.833333","8.833333333333334","1"
"129805","45309","8","0.250000","0.125000","4.5","1"
"130288","54533","182","0.884615","0.000000","1.4120879120879122","17"
"130427","17886","6","0.166666","0.833333","1.1666666666666667","2"
"131433","100872","5","0.400000","0.200000","1","0"
"131872","324811","69","0.637681","0.072463","9.46376811594203","118"
"131929","23785","7","0.857142","0.142857","2.2857142857142856","4"
"131930","74092","144","0.493055","0.194444","4.604166666666667","39"
"132208","23902","13","0.230769","0.230769","1.0769230769230769","9"
"132364","10730","23","0.304347","0.304347","1","1"
"132382","59336","16","0.437500","0.312500","3.6875","15"
"132438","59853","142","0.471830","0.154929","1.443661971830986","10"
"132599","13376","6","0.333333","0.666666","2.1666666666666665","5"
"133203","27346","40","0.550000","0.125000","21.7","787"
"133327","28478","5","0.000000","0.800000","2.2","7"
"133374","69158","10","0.300000","0.600000","7.3","0"
"133840","39427","13","0.461538","0.230769","1.2307692307692308","1"
"133910","68887","14","0.428571","0.357142","2.5","1"
"134204","135226","309","0.456310","0.184466","19.76051779935275","385"
"134554","124933","128","0.171875","0.453125","0.5078125","0"
"134702","39801","6","0.000000","0.666666","5","0"
"134725","30358","85","0.694117","0.035294","1.0941176470588236","53"
"134904","36480","7","0.000000","0.571428","1","2"
"135531","148474","20","0.750000","0.050000","0.9","3"
"135549","15288","7","0.857142","0.000000","2.142857142857143","28"
"135566","119731","6","1.000000","0.000000","1.6666666666666667","0"
"135589","207766","33","0.515151","0.151515","7.424242424242424","10"
"135769","29161","13","0.384615","0.230769","6.153846153846154","15"
"135978","160827","25","0.760000","0.040000","1.12","1"
"136059","10043","9","0.333333","0.333333","0.3333333333333333","0"
"136208","52694","17","0.705882","0.235294","1.2352941176470589","2"
"136285","12805","12","0.500000","0.166666","2.3333333333333335","43"
"136598","16673","26","0.538461","0.153846","3.076923076923077","49"
"136829","57913","5","0.000000","0.800000","9.2","0"
"137650","53665","199","0.738693","0.080402","5.763819095477387","38"
"138200","22725","15","0.200000","0.466666","2.2666666666666666","2"
"138206","32373","23","0.608695","0.130434","1.1304347826086956","0"
"138513","12878","8","0.250000","0.500000","13.375","0"
"139300","74377","37","0.540540","0.135135","0.4594594594594595","5"
"139985","724190","528","0.541666","0.145833","3.570075757575758","184"
"140037","28533","13","0.538461","0.307692","0.6153846153846154","0"
"140750","215002","287","0.327526","0.327526","5.790940766550523","20"
"141172","150725","45","0.333333","0.333333","4","6"
"141719","53789","18","0.777777","0.111111","1.5","1"
"142191","11618","8","0.250000","0.125000","1.5","0"
"142714","10490","12","0.166666","0.500000","0.25","1"
"143305","370278","118","0.618644","0.093220","3.957627118644068","14"
"143397","13972","5","0.600000","0.200000","9.6","7"
"143475","58378","321","0.919003","0.009345","1.7538940809968848","21"
"143765","26317","22","0.500000","0.136363","0.6363636363636364","0"
"144157","32333","37","0.945945","0.000000","0.32432432432432434","0"
"144351","15889","6","0.666666","0.166666","1.1666666666666667","0"
"144450","11669","10","0.300000","0.000000","0.7","0"
"144491","30572","5","0.600000","0.200000","1.4","0"
"145173","42150","14","0.142857","0.714285","2.0714285714285716","9"
"145989","47287","19","0.157894","0.789473","3.4210526315789473","57"
"146077","28896","8","0.500000","0.125000","1.375","4"
"146325","146901","19","0.368421","0.315789","3.3684210526315788","55"
"146366","13598","5","0.200000","0.600000","2.4","1"
"146656","36712","11","0.545454","0.363636","0.7272727272727273","1"
"147175","28619","15","0.600000","0.200000","4.666666666666667","20"
"147192","304222","7","0.428571","0.142857","6.857142857142857","2"
"147356","319585","675","0.748148","0.069629","2.48","136"
"147407","28694","13","0.538461","0.230769","3.230769230769231","19"
"147511","19335","6","0.166666","0.666666","5.5","33"
"147530","20780","7","0.285714","0.428571","1.5714285714285714","0"
"147562","18297","12","0.333333","0.333333","3.4166666666666665","3"
"148601","19246","11","0.454545","0.090909","3.6363636363636362","14"
"149392","372126","13","0.692307","0.153846","4.3076923076923075","107"
"149872","24369","11","0.545454","0.090909","1.7272727272727273","2"
"150605","16884","26","0.269230","0.307692","14","235"
"150884","10035","7","0.285714","0.571428","1.8571428571428572","4"
"150978","43591","74","0.810810","0.067567","15","178"
"151097","31002","14","0.428571","0.285714","1.9285714285714286","1"
"151312","77740","6","0.166666","0.500000","2.5","6"
"152016","10091","9","0.444444","0.222222","5.666666666666667","1"
"152786","28043","56","0.642857","0.089285","1.2857142857142858","7"
"152794","17980","36","0.777777","0.138888","7.75","4"
"152948","246274","64","0.421875","0.171875","1.375","0"
"153049","14938","5","0.600000","0.400000","2.6","8"
"153574","10125","10","0.400000","0.100000","0.3","1"
"153723","11864","18","0.666666","0.055555","1.3888888888888888","1"
"154112","64416","10","0.700000","0.100000","0.7","1"
"154133","38402","10","0.000000","0.700000","0.9","5"
"154766","22304","7","0.142857","0.428571","2.2857142857142856","1"
"155005","10960","7","0.571428","0.285714","0","1"
"155020","39485","17","0.705882","0.058823","0.7647058823529411","2"
"155077","83270","12","0.000000","0.333333","1.6666666666666667","0"
"155213","41916","9","0.777777","0.000000","0.4444444444444444","0"
"155268","66767","5","0.200000","0.400000","1.4","0"
"155423","441546","25","0.520000","0.080000","11.16","482"
"155926","10255","11","0.545454","0.000000","2.727272727272727","1"
"156771","48241","6","1.000000","0.000000","0.5","0"
"156811","28067","7","0.142857","0.428571","2.7142857142857144","0"
"157247","1083420","1104","0.610507","0.136775","3.6331521739130435","433"
"157605","16180","5","0.600000","0.200000","0.4","0"
"157882","1115679","20","0.850000","0.050000","5.45","236"
"157949","11521","13","0.615384","0.153846","1.6923076923076923","6"
"157957","100069","318","0.572327","0.150943","3.339622641509434","361"
"159145","158903","284","0.591549","0.144366","19.809859154929576","680"
"159270","66689","8","0.375000","0.375000","5.5","6"
"159319","38550","9","0.333333","0.111111","4.888888888888889","3"
"159388","20453","17","0.823529","0.000000","1.3529411764705883","2"
"160245","18547","17","0.764705","0.176470","3.0588235294117645","1"
"160527","24944","5","0.400000","0.000000","8.6","1"
"160665","22191","7","0.285714","0.428571","2.2857142857142856","0"
"160811","22495","6","0.500000","0.000000","4.333333333333333","13"
"161801","93350","8","0.375000","0.375000","0.375","0"
"162070","19717","12","0.333333","0.250000","1.4166666666666667","2"
"162094","18452","35","0.314285","0.285714","1.2285714285714286","2"
"162529","21932","8","0.750000","0.000000","2.875","11"
"162698","15222","27","0.703703","0.037037","22.62962962962963","404"
"163080","19890","10","0.400000","0.300000","2","1"
"164835","197147","28","0.392857","0.321428","1","3"
"165071","23406","10","0.100000","0.700000","2.8","24"
"165154","22834","5","1.000000","0.000000","2.4","1"
"165216","64204","26","0.692307","0.115384","2.1923076923076925","8"
"167735","114915","76","0.394736","0.197368","6.131578947368421","5"
"167745","19509","12","0.250000","0.500000","3.8333333333333335","10"
"167920","18174","10","0.400000","0.600000","0.9","1"
"168143","23011","5","0.000000","0.400000","3.8","7"
"168175","89192","8","0.875000","0.000000","2.75","18"
"168179","30898","6","0.000000","0.833333","8.833333333333334","22"
"168657","119053","13","0.076923","0.230769","0.6153846153846154","0"
"168986","94421","139","0.374100","0.273381","5.661870503597123","199"
"169346","87401","24","0.416666","0.250000","2.5416666666666665","8"
"169394","30383","70","0.685714","0.057142","3.9714285714285715","1"
"169947","24367","6","0.333333","0.500000","8.166666666666666","11"
"169992","80614","10","0.500000","0.500000","17.7","0"
"170352","44848","8","0.750000","0.000000","2.375","1"
"170927","11909","5","0.200000","0.200000","0.4","0"
"171006","20879","24","0.750000","0.041666","0.8333333333333334","2"
"171318","159499","7","0.285714","0.285714","2.7142857142857144","0"
"171456","364324","27","0.555555","0.185185","1.7777777777777777","12"
"171933","45236","6","0.166666","0.666666","1.5","0"
"172131","20228","5","0.600000","0.400000","1.2","1"
"172677","18929","12","0.416666","0.250000","0.8333333333333334","0"
"172815","13454","7","0.285714","0.428571","3.5714285714285716","10"
"172999","58400","16","0.625000","0.125000","1.25","2"
"173149","49962","46","0.130434","0.521739","0.8913043478260869","4"
"173397","50682","711","0.511954","0.174402","3.052039381153305","99"
"174655","18454","7","0.428571","0.428571","4.285714285714286","0"
"174777","273240","777","0.746460","0.047619","2.5135135135135136","2217"
"174983","15141","11","0.363636","0.090909","0.9090909090909091","0"
"176071","31462","5","0.800000","0.200000","2.8","1"
"176877","38215","5","0.200000","0.800000","1.4","0"
"177275","10343","7","0.428571","0.428571","0.8571428571428571","7"
"177489","18310","6","0.166666","0.666666","1","3"
"177498","13028","5","0.000000","1.000000","0.2","1"
"177516","12606","11","0.545454","0.090909","0.36363636363636365","0"
"177931","12286","7","0.000000","0.285714","5.285714285714286","0"
"178757","30577","8","0.250000","0.375000","10.875","5"
"179529","13009","29","0.620689","0.068965","1.896551724137931","3"
"179634","11609","9","0.777777","0.111111","6.666666666666667","0"
"179715","91452","299","0.528428","0.190635","5.066889632107023","80"
"179850","117297","37","0.432432","0.270270","1.4864864864864864","29"
"179910","495638","120","0.425000","0.166666","1.6333333333333333","17"
"180156","10020","12","0.583333","0.000000","1","2"
"180275","40956","5","0.800000","0.200000","4.4","4"
"180286","81490","97","0.690721","0.061855","2.154639175257732","15"
"180719","35844","9","0.444444","0.333333","2.111111111111111","3"
"180736","26292","6","0.166666","0.666666","2.5","0"
"181087","57119","30","0.733333","0.100000","3.7666666666666666","0"
"181336","16299","47","0.468085","0.212765","1.8085106382978724","9"
"181965","61519","95","0.821052","0.063157","1.5789473684210527","32"
"182289","11463","6","0.666666","0.000000","2","0"
"182402","19733","36","0.638888","0.055555","1","0"
"182668","415505","56","0.517857","0.214285","27.285714285714285","71"
"182675","38345","31","0.612903","0.161290","2.3870967741935485","44"
"182971","75935","9","0.333333","0.444444","0.4444444444444444","1"
"183120","33370","5","0.000000","0.800000","10","13"
"183172","78813","6","1.000000","0.000000","3.1666666666666665","35"
"183406","70992","43","0.372093","0.186046","0.9534883720930233","0"
"183692","15694","6","0.500000","0.166666","2.6666666666666665","0"
"183910","50964","37","0.567567","0.162162","1.4864864864864864","0"
"183934","42100","39","0.717948","0.076923","4.076923076923077","17"
"184509","10239","28","0.285714","0.142857","3.7857142857142856","19"
"184546","31209","203","0.596059","0.137931","4.113300492610837","27"
"184572","19254","7","0.000000","0.571428","0.2857142857142857","1"
"185034","20188","8","0.750000","0.125000","4.5","8"
"185123","16289","12","0.500000","0.250000","2.25","36"
"185565","10454","8","0.250000","0.625000","0.625","0"
"185647","24835","149","0.570469","0.080536","4.275167785234899","175"
"185915","19222","6","0.833333","0.000000","1.6666666666666667","0"
"186822","26990","19","0.578947","0.421052","2.0526315789473686","7"
"186997","27547","5","0.400000","0.200000","0.2","0"
"187141","105960","7","0.142857","0.857142","7.428571428571429","4"
"187650","18737","6","0.500000","0.333333","3.8333333333333335","2"
"188031","68220","24","0.500000","0.166666","3","0"
"188096","137119","330","0.775757","0.057575","2.209090909090909","23"
"188246","107900","18","0.833333","0.111111","0.4444444444444444","1"
"188331","54474","27","0.444444","0.259259","13","117"
"188740","58052","15","0.133333","0.533333","3.1333333333333333","4"
"188926","19062","8","0.250000","0.500000","0.375","0"
"189103","12512","17","0.647058","0.117647","4","1"
"189205","111106","8","0.750000","0.000000","19.125","3"
"189247","20826","8","0.375000","0.375000","6.125","3"
"189572","10049","5","0.400000","0.200000","5.6","1"
"189950","77890","28","0.714285","0.071428","18.892857142857142","38"
"190277","231226","411","0.686131","0.058394","2.576642335766423","385"
"190371","29868","20","0.250000","0.250000","1.25","1"
"190625","17160","9","0.555555","0.222222","6.222222222222222","3"
"190791","14724","7","0.285714","0.142857","1","0"
"190823","21704","37","0.756756","0.054054","1.5135135135135136","13"
"191246","32625","30","0.100000","0.733333","1.4","46"
"191647","22532","7","0.142857","0.571428","1.8571428571428572","0"
"192373","57444","5","0.200000","0.400000","9.2","0"
"192727","12903","7","0.142857","0.714285","0.2857142857142857","0"
"192729","59784","5","0.800000","0.200000","5.6","1"
"193178","20313","86","0.662790","0.104651","2.7325581395348837","37"
"194894","24199","5","0.800000","0.200000","2.8","15"
"194982","28497","11","0.636363","0.090909","1.8181818181818181","163"
"195324","10860","61","0.721311","0.016393","0.6065573770491803","12"
"196032","12070","11","0.636363","0.181818","3.5454545454545454","17"
"196507","25380","9","0.111111","0.444444","2.4444444444444446","20"
"196679","27032","5","0.400000","0.400000","2.8","8"
"196713","22257","5","0.400000","0.200000","0","1"
"197546","35994","125","0.736000","0.088000","0.72","31"
"197758","63432","177","0.610169","0.073446","0.005649717514124294","750"
"199017","35792","8","0.875000","0.000000","2.25","4"
"199364","22271","323","0.616099","0.111455","6.3993808049535605","315"
"199607","20657","5","0.600000","0.000000","2.2","4"
"200443","13399","5","0.400000","0.600000","1.2","0"
"200936","55820","35","0.742857","0.057142","1.5142857142857142","0"
"200987","23484","27","0.592592","0.296296","5.296296296296297","25"
"201303","37341","19","0.526315","0.368421","3.3157894736842106","73"
"201359","236976","13","0.538461","0.076923","2.3846153846153846","2"
"201393","11163","6","0.500000","0.166666","2.6666666666666665","6"
"201657","12759","15","0.466666","0.133333","4.8","0"
"201725","77081","10","0.400000","0.300000","3.3","0"
"202009","87004","10","0.300000","0.500000","4.5","0"
"202168","34250","88","0.465909","0.204545","9.590909090909092","38"
"202179","10026","29","0.482758","0.172413","1.0344827586206897","3"
"202229","34241","31","0.258064","0.322580","15.32258064516129","547"
"202694","44585","33","0.787878","0.060606","1.8484848484848484","3"
"203130","80592","14","0.428571","0.071428","1","4"
"203371","20314","9","0.666666","0.333333","2.5555555555555554","14"
"203657","51679","16","0.250000","0.187500","55.3125","92"
"204723","11640","35","0.771428","0.057142","3.742857142857143","26"
"204883","42454","7","0.142857","0.285714","4.571428571428571","0"
"205185","131863","208","0.653846","0.072115","2.4278846153846154","20"
"205233","18132","6","0.833333","0.000000","26.5","595"
"205608","109742","501","0.582834","0.107784","1.532934131736527","487"
"206403","227819","16","0.312500","0.250000","3.3125","30"
"207090","31419","145","0.662068","0.103448","1.3655172413793104","27"
"208273","20702","6","0.500000","0.000000","47.333333333333336","1048"
"208880","70397","51","0.470588","0.098039","1.607843137254902","10"
"209103","604008","2372","0.795531","0.035413","1.3979763912310286","5576"
"210211","26237","17","0.352941","0.411764","0.6470588235294118","0"
"210342","21305","5","0.600000","0.400000","9.4","0"
"210841","11441","144","0.756944","0.048611","1.0625","1"
"211116","94732","33","0.696969","0.030303","2.5757575757575757","8"
"211327","16728","11","0.454545","0.272727","4","7"
"211369","10833","6","0.000000","0.500000","0.6666666666666666","4"
"211627","26173","15","0.533333","0.200000","4.066666666666666","5"
"211960","30177","6","0.666666","0.333333","0.3333333333333333","0"
"212378","21283","47","0.382978","0.361702","4.957446808510638","280"
"212858","68846","93","0.387096","0.268817","3.913978494623656","33"
"212878","19071","13","0.076923","0.384615","0.8461538461538461","1"
"213136","50282","67","0.388059","0.313432","0.9552238805970149","29"
"213269","131026","37","0.648648","0.135135","1.7027027027027026","1715"
"213469","22945","115","0.521739","0.121739","1.373913043478261","20"
"213871","15386","6","0.166666","0.000000","3.5","3"
"214525","11971","64","0.531250","0.218750","9.46875","44"
"214671","127704","11","0.363636","0.272727","4.454545454545454","1"
"214790","80083","7","0.857142","0.000000","0.7142857142857143","2"
"214796","14093","6","0.666666","0.000000","2.5","0"
"214977","28287","48","0.395833","0.166666","4.166666666666667","10"
"214980","15271","8","0.500000","0.250000","3.375","1"
"215120","18531","6","0.000000","1.000000","0","0"
"215266","15382","7","0.285714","0.285714","1","0"
"215282","16718","7","0.571428","0.142857","1.7142857142857142","3"
"215552","12172","38","0.421052","0.236842","55.973684210526315","1869"
"215651","12354","6","0.666666","0.000000","2","4"
"215713","14000","39","0.717948","0.051282","1.8717948717948718","33"
"215752","70763","136","0.463235","0.191176","3.3970588235294117","65"
"216064","18653","13","0.692307","0.307692","1.5384615384615385","3"
"216074","392669","13","0.538461","0.230769","2.3846153846153846","7"
"216164","64901","6","0.666666","0.000000","3.5","0"
"216190","24423","7","0.142857","0.571428","2.7142857142857144","0"
"216440","20439","7","0.000000","0.285714","5.285714285714286","0"
"217076","27975","7","0.428571","0.285714","0.14285714285714285","0"
"217324","96807","62","0.516129","0.209677","2.1774193548387095","37"
"217408","662112","6","0.000000","1.000000","12.5","15"
"217823","13891","5","0.800000","0.000000","11.6","1"
"217867","11670","22","0.363636","0.227272","2.772727272727273","12"
"218196","821055","39","0.384615","0.282051","10.282051282051283","32"
"218349","15465","12","0.500000","0.333333","7.333333333333333","0"
"218663","13647","115","0.347826","0.286956","5.339130434782609","39"
"219159","62002","28","0.607142","0.071428","4.857142857142857","2"
"219640","10358","19","0.684210","0.000000","1.263157894736842","8"
"219661","136531","155","0.387096","0.264516","2.2774193548387096","45"
"220005","19045","9","0.333333","0.555555","1","2"
"220984","20172","7","0.142857","0.142857","2.142857142857143","2"
"220986","19128","6","0.166666","0.500000","1.5","2"
"221768","11581","5","0.400000","0.400000","1.4","0"
"221955","74378","21","0.523809","0.190476","1.1904761904761905","0"
"222151","19638","5","0.800000","0.000000","8.2","0"
"223478","48558","21","0.571428","0.190476","1.1904761904761905","1"
"223992","48380","30","0.400000","0.133333","2.066666666666667","4"
"224132","380924","561","0.607843","0.178253","17.16934046345811","3738"
"224370","39427","9","0.444444","0.111111","4.111111111111111","0"
"225016","33581","70","0.828571","0.042857","4.685714285714286","0"
"225020","27595","59","0.169491","0.440677","1.4915254237288136","9"
"225074","58183","67","0.462686","0.223880","15.17910447761194","13"
"225186","16840","41","0.268292","0.317073","7.2926829268292686","26"
"225217","10920","12","0.250000","0.500000","0.5833333333333334","0"
"225718","10141","7","0.428571","0.142857","0.2857142857142857","0"
"225757","42071","5","0.400000","0.200000","9.6","1"
"225808","19427","5","0.800000","0.000000","1.6","2"
"226391","26403","13","0.769230","0.076923","0.6923076923076923","1"
"227299","92713","49","0.428571","0.224489","10.306122448979592","33"
"227313","17482","14","0.642857","0.071428","1.3571428571428572","0"
"227755","11837","6","0.166666","0.833333","6","3"
"228109","82377","14","0.500000","0.357142","1.8571428571428572","0"
"228369","12930","20","0.250000","0.650000","1.7","0"
"228600","10495","6","0.333333","0.000000","0.5","0"
"228885","26973","11","0.454545","0.181818","6.545454545454546","1"
"229044","241155","84","0.642857","0.083333","2.6904761904761907","94"
"229247","20412","106","0.849056","0.018867","0.7641509433962265","42"
"229792","37499","10","0.100000","0.700000","2.8","3"
"230471","16174","69","0.347826","0.217391","5.449275362318841","332"
"230513","206045","79","0.683544","0.063291","6.012658227848101","172"
"231316","55654","105","0.619047","0.085714","16.02857142857143","86"
"232175","12287","5","0.000000","0.200000","1.2","0"
"232642","10757","37","0.891891","0.027027","0.2972972972972973","6"
"232831","12215","10","0.500000","0.200000","1","5"
"232918","29226","9","0.333333","0.111111","0.8888888888888888","0"
"232943","10367","9","0.666666","0.111111","0.4444444444444444","1"
"234240","10510","5","0.400000","0.400000","0.6","0"
"234590","67041","17","0.470588","0.058823","1.411764705882353","5"
"234593","17097","55","0.400000","0.309090","1.0909090909090908","2"
"234657","10549","17","0.647058","0.117647","0.35294117647058826","0"
"234661","14676","5","0.400000","0.000000","2","0"
"234954","13747","12","0.333333","0.250000","3.5833333333333335","8"
"235648","32838","7","0.285714","0.285714","4.142857142857143","1"
"235671","19421","6","0.666666","0.333333","9.166666666666666","5"
"235698","181381","395","0.630379","0.098734","2.6202531645569622","306"
"236081","17452","5","0.800000","0.000000","1.8","5"
"236465","70005","270","0.462962","0.211111","1.1","4"
"236528","16980","5","0.800000","0.000000","0.2","0"
"237105","34525","14","0.285714","0.571428","5.071428571428571","31"
"237955","31067","18","0.555555","0.166666","1.5555555555555556","9"
"238419","86343","23","0.391304","0.391304","1.8695652173913044","1"
"238671","17844","5","0.400000","0.200000","2.4","7"
"238704","42345","14","0.571428","0.071428","74.07142857142857","171"
"238814","62473","15","0.733333","0.133333","0.6666666666666666","1"
"238884","44859","17","0.470588","0.058823","1.2941176470588236","0"
"239219","35560","8","0.500000","0.375000","19.875","4"
"240443","199914","191","0.492146","0.204188","2.8219895287958114","9"
"241013","12008","14","0.500000","0.071428","1.2142857142857142","0"
"242042","43595","100","0.410000","0.380000","1.1","34"
"242493","37591","18","0.444444","0.055555","1.5555555555555556","3"
"243203","14364","7","0.428571","0.428571","0.5714285714285714","0"
"243392","22467","6","0.166666","0.666666","1.5","37"
"243782","208870","27","0.888888","0.074074","1.1851851851851851","0"
"243925","10402","7","0.285714","0.285714","2.2857142857142856","17"
"243991","15412","5","0.800000","0.200000","1","2"
"244128","157662","5","0.600000","0.000000","0.6","1"
"245183","28207","22","0.500000","0.181818","3.3181818181818183","16"
"245265","29488","7","0.285714","0.571428","5.428571428571429","1"
"246342","176968","10","0.600000","0.000000","6.7","14"
"246461","63423","5","1.000000","0.000000","0.2","0"
"246801","11446","198","0.454545","0.232323","2.1565656565656566","102"
"246886","55484","25","0.480000","0.120000","1.64","6"
"246895","21030","13","0.692307","0.076923","1.6153846153846154","2"
"247090","22073","8","0.125000","0.500000","2.125","0"
"247441","34547","7","0.142857","0.285714","2.5714285714285716","0"
"247623","38505","11","0.181818","0.818181","3.090909090909091","117"
"247696","155327","24","0.208333","0.541666","7.5","90"
"248616","35876","8","0.000000","0.875000","5.875","35"
"248823","241673","1332","0.779279","0.039789","2.084834834834835","427"
"250260","126908","12","0.000000","0.750000","1.0833333333333333","1"
"250962","15424","5","0.600000","0.000000","6.4","0"
"251276","10940","6","0.666666","0.000000","2.6666666666666665","0"
"251311","256297","5","0.600000","0.200000","32.6","4"
"252228","168983","452","0.685840","0.055309","2.584070796460177","37"
"253056","214298","10","0.600000","0.400000","6.8","92"
"253468","46868","11","0.363636","0.636363","3.272727272727273","12"
"254346","26458","57","0.807017","0.052631","0.5087719298245614","0"
"255259","12632","5","0.400000","0.200000","3.8","0"
"255688","36364","6","0.500000","0.166666","1","0"
"256196","427912","449","0.380846","0.249443","2.2628062360801784","191"
"256662","25586","5","0.600000","0.200000","2.8","5"
"256935","10494","5","0.000000","0.600000","0.2","1"
"256970","111073","272","0.128676","0.397058","3.3786764705882355","13"
"257182","148242","122","0.319672","0.278688","6.401639344262295","67"
"257299","21745","7","0.142857","0.714285","9.857142857142858","5"
"257465","48036","13","0.384615","0.230769","1.8461538461538463","3"
"257568","12836","6","0.000000","0.666666","1.5","1"
"258174","13863","61","0.557377","0.180327","6.442622950819672","9"
"258482","16021","6","0.333333","0.333333","0.8333333333333334","1"
"259521","31669","341","0.489736","0.152492","1.2873900293255132","52"
"259769","117518","351","0.344729","0.284900","4.769230769230769","223"
"260229","11677","14","0.142857","0.285714","0.21428571428571427","2"
"260640","10522","17","0.647058","0.294117","2.411764705882353","0"
"260826","10128","12","0.583333","0.000000","2","12"
"262683","38553","10","0.100000","0.500000","1.9","2"
"262727","12226","17","0.647058","0.058823","0.7058823529411765","1"
"262980","18186","5","0.600000","0.200000","2.8","6"
"263268","130711","67","0.805970","0.029850","1.2238805970149254","19"
"263525","384363","17","0.647058","0.117647","3.411764705882353","6"
"263693","461384","263","0.634980","0.102661","1.4980988593155893","0"
"264697","173955","82","0.658536","0.060975","4.304878048780488","281"
"264794","28750","46","0.500000","0.217391","1.673913043478261","3"
"265521","99872","22","0.181818","0.590909","2.909090909090909","4"
"265706","31973","8","0.625000","0.250000","1.125","1"
"266143","152897","69","0.681159","0.072463","4.9855072463768115","31"
"266304","192508","379","0.551451","0.121372","2.7387862796833775","150"
"267482","18974","11","0.545454","0.090909","1.3636363636363635","0"
"267887","118926","33","0.606060","0.181818","3.909090909090909","0"
"268874","48167","5","0.400000","0.000000","6.6","0"
"269970","45057","98","0.571428","0.122448","9.020408163265307","76"
"270287","43590","13","0.461538","0.153846","2.230769230769231","0"
"270986","31369","7","0.571428","0.285714","32.714285714285715","49"
"271012","12636","102","0.647058","0.107843","0.4411764705882353","25"
"271353","32241","40","0.600000","0.075000","1.825","8"
"271415","80160","200","0.725000","0.040000","12.8","210"
"271475","62867","12","0.583333","0.166666","0.6666666666666666","0"
"271616","177522","8","0.375000","0.000000","1.75","7"
"271641","15866","76","0.552631","0.197368","4.934210526315789","44"
"271959","129693","89","0.606741","0.101123","11.426966292134832","6"
"272109","71012","20","0.900000","0.050000","29.2","432"
"272735","10652","13","0.384615","0.230769","2.1538461538461537","8"
"272952","12933","42","0.809523","0.047619","0.9523809523809523","1"
"273767","47778","9","0.777777","0.111111","5.444444444444445","2"
"274535","32498","15","0.666666","0.066666","1.2666666666666666","5"
"274937","18217","308","0.350649","0.246753","0.13636363636363635","3"
"275751","10983","19","0.631578","0.157894","1.263157894736842","6"
"276093","25580","8","0.125000","0.625000","0.75","0"
"276232","21113","19","0.736842","0.157894","4.578947368421052","5"
"276469","11624","29","0.551724","0.172413","24.413793103448278","17"
"277176","72933","44","0.818181","0.045454","2.8863636363636362","38"
"277267","14347","6","0.666666","0.166666","7.333333333333333","7"
"277304","76614","8","0.125000","0.625000","0.625","0"
"277368","11194","12","0.666666","0.083333","1","0"
"277952","23023","5","0.600000","0.000000","2.2","10"
"278842","27261","10","0.200000","0.500000","4","56"
"279255","15011","5","0.200000","0.400000","17.8","6"
"279313","43511","5","0.400000","0.000000","0.8","0"
"279627","609410","29","0.448275","0.241379","10.620689655172415","25"
"280143","21844","41","0.609756","0.219512","1.7560975609756098","8"
"280222","69655","8","0.875000","0.000000","0.125","0"
"280244","121381","10","0.500000","0.200000","1.7","0"
"281278","10448","155","0.548387","0.109677","3.7419354838709675","152"
"281545","34627","12","0.500000","0.166666","2.4166666666666665","22"
"281815","11946","11","0.000000","0.818181","0.09090909090909091","3"
"281848","76845","251","0.689243","0.051792","0.8406374501992032","22"
"282601","31401","18","0.500000","0.111111","1.0555555555555556","10"
"282677","12957","5","0.600000","0.000000","1.4","1"
"282848","110350","62","0.693548","0.048387","9.17741935483871","23"
"282983","10733","5","0.400000","0.000000","0.2","0"
"283078","43190","6","0.333333","0.333333","5","8"
"283366","165797","486","0.615226","0.113168","7.061728395061729","997"
"284240","462103","273","0.509157","0.201465","1.9047619047619047","87"
"284795","138887","10","0.000000","1.000000","0.9","10"
"285069","10122","19","0.578947","0.052631","1.263157894736842","3"
"285465","62481","14","0.571428","0.142857","2.5","0"
"285587","158003","15","0.333333","0.333333","63.93333333333333","805"
"285795","32336","54","0.351851","0.388888","1.3518518518518519","375"
"286335","21666","9","0.111111","0.555555","1.5555555555555556","0"
"286934","20303","73","0.575342","0.109589","12.835616438356164","1377"
"287138","10759","6","0.500000","0.333333","2.8333333333333335","1"
"287586","92335","24","0.333333","0.375000","1.4583333333333333","2"
"287976","27466","6","0.666666","0.166666","1.6666666666666667","9"
"288341","10748","5","0.600000","0.400000","4","0"
"288568","35919","66","0.621212","0.121212","2.6666666666666665","31"
"288906","32530","9","0.333333","0.444444","2.5555555555555554","5"
"289011","18646","15","0.400000","0.400000","3.8","5"
"290085","112886","131","0.641221","0.061068","1.5419847328244274","285"
"290339","16078","14","0.214285","0.571428","0.7142857142857143","37"
"290394","80275","33","0.242424","0.333333","2.090909090909091","5"
"290425","12073","18","0.666666","0.000000","0.6111111111111112","5"
"291240","16307","8","0.250000","0.625000","1.5","0"
"291641","33513","7","0.857142","0.142857","1.7142857142857142","0"
"292502","10909","15","0.200000","0.333333","4.266666666666667","4"
"293280","48039","7","0.000000","0.714285","16.857142857142858","9"
"293609","20412","34","0.705882","0.117647","0.4117647058823529","0"
"293878","14814","20","0.200000","0.450000","0.9","1"
"294017","11605","5","0.800000","0.000000","0.8","0"
"294949","62744","261","0.363984","0.295019","2.3946360153256707","75"
"295004","12356","17","0.823529","0.058823","26.294117647058822","3"
"295783","180488","840","0.460714","0.210714","3.6154761904761905","1706"
"296328","98606","65","0.769230","0.076923","28.16923076923077","16"
"296427","26968","18","0.666666","0.222222","1.1111111111111112","9"
"296568","26443","8","0.375000","0.125000","0.625","8"
"297322","18033","8","0.625000","0.125000","0.25","0"
"297696","80581","99","0.626262","0.111111","5.2727272727272725","137"
"297823","10510","15","0.133333","0.600000","0.8666666666666667","15"
"298029","18589","5","0.600000","0.200000","1.4","0"
"298225","236656","695","0.443165","0.204316","4.420143884892086","194"
"298455","56176","10","0.600000","0.200000","1.4","5"
"298573","19399","10","0.300000","0.300000","1","0"
"298607","104923","226","0.106194","0.579646","1.1858407079646018","38"
"299204","17312","5","0.000000","0.600000","1.2","0"
"299674","12681","8","0.375000","0.375000","3.25","1"
"300257","51725","89","0.651685","0.112359","5.707865168539326","21"
"301513","12963","16","0.375000","0.312500","7.6875","0"
"301832","139266","134","0.582089","0.134328","1.9104477611940298","70"
"302139","71260","17","0.411764","0.294117","2.235294117647059","1"
"303298","15461","27","0.592592","0.185185","0.7407407407407407","18"
"303598","34025","11","0.363636","0.363636","1.7272727272727273","9"
"303612","21677","5","0.800000","0.200000","2.8","0"
"303931","11588","12","0.083333","0.583333","0.25","0"
"304706","13863","6","0.166666","0.333333","0.5","0"
"305319","11474","7","0.142857","0.857142","1.5714285714285714","191"
"305689","11267","5","0.200000","0.400000","3.8","9"
"305973","31795","5","0.200000","0.400000","1","0"
"306030","12918","6","0.833333","0.000000","0.6666666666666666","1"
"306149","67852","6","1.000000","0.000000","1","0"
"307072","14148","6","0.166666","0.500000","0","0"
"308237","27786","16","0.187500","0.437500","1.6875","1"
"308731","14958","12","0.666666","0.083333","4.833333333333333","80"
"309412","65394","11","0.636363","0.181818","1.4545454545454546","0"
"309683","48254","9","0.111111","0.444444","0.8888888888888888","2"
"310139","11996","6","0.166666","0.666666","0.6666666666666666","3"
"310399","16567","6","0.500000","0.500000","1.5","0"
"310726","97524","53","0.584905","0.150943","1.9245283018867925","0"
"311660","30501","9","0.222222","0.555555","4.666666666666667","10"
"312317","14216","9","0.444444","0.444444","4","2"
"312407","10176","22","0.545454","0.181818","1.2727272727272727","0"
"312594","17804","6","0.166666","0.666666","1.1666666666666667","0"
"312725","13497","6","0.833333","0.000000","3","2"
"313400","14762","8","0.375000","0.125000","2.25","4"
"313628","19832","271","0.889298","0.011070","0.8044280442804428","9"
"313768","16973","17","0.529411","0.176470","4.352941176470588","26"
"314056","28304","8","0.125000","0.625000","4.375","4"
"314291","108145","11","0.454545","0.181818","2.3636363636363638","8"
"315052","71110","27","0.333333","0.296296","6.555555555555555","16"
"315168","85460","191","0.575916","0.167539","1.2408376963350785","59"
"316310","13625","52","0.673076","0.153846","1.7115384615384615","0"
"316408","11053","5","0.400000","0.400000","9.8","11"
"316700","39542","14","0.285714","0.571428","1.7857142857142858","3"
"317052","53086","34","0.558823","0.117647","1.588235294117647","47"
"317522","14767","11","0.090909","0.636363","1.7272727272727273","9"
"318493","38558","35","0.542857","0.114285","2.6","1"
"318749","16711","9","0.222222","0.444444","4.333333333333333","2"
"320087","11385","5","0.200000","0.400000","0.2","0"
"320615","223958","87","0.632183","0.080459","1.5057471264367817","0"
"320700","53915","33","0.363636","0.303030","2.5757575757575757","1"
"320726","115188","11","0.454545","0.363636","1.2727272727272727","0"
"321013","39523","12","0.333333","0.333333","2.75","12"
"321697","134923","8","0.500000","0.125000","0.25","0"
"322084","14387","251","0.593625","0.135458","0.9601593625498008","61"
"322395","35337","8","0.375000","0.250000","0.875","0"
"322912","70893","18","0.611111","0.333333","4.333333333333333","14"
"323221","14816","11","0.454545","0.272727","1.9090909090909092","2"
"323407","28420","15","0.666666","0.133333","1.5333333333333334","2"
"324105","74355","29","0.517241","0.137931","2.8620689655172415","5"
"325320","15110","5","0.200000","0.200000","3.2","0"
"325697","14539","16","0.500000","0.062500","1.25","3"
"327026","44562","9","0.000000","0.555555","0.1111111111111111","3"
"327074","13195","16","0.000000","0.687500","4.8125","17"
"327083","31551","6","0.500000","0.000000","16","8"
"327862","26326","5","0.200000","0.800000","0.2","0"
"328193","221454","547","0.544789","0.160877","4.279707495429616","214"
"328294","14910","13","0.461538","0.307692","3.3076923076923075","1"
"330067","15850","5","0.000000","1.000000","0.6","1"
"330457","22481","9","0.444444","0.222222","4.888888888888889","11"
"330867","40157","6","0.333333","0.333333","4.5","0"
"331281","10591","5","0.600000","0.400000","3","6"
"332059","67237","458","0.362445","0.124454","1.3537117903930131","98"
"332578","32354","14","0.214285","0.571428","3.4285714285714284","13"
"333296","10237","6","0.000000","0.166666","3.8333333333333335","1"
"333340","38094","90","0.722222","0.044444","2.933333333333333","28"
"333700","23167","10","1.000000","0.000000","13.1","2"
"334402","25684","104","0.788461","0.067307","0.6826923076923077","0"
"334451","16504","24","0.333333","0.500000","12.291666666666666","1"
"334831","32976","5","0.400000","0.000000","0","1"
"335638","27971","11","0.727272","0.090909","1.1818181818181819","0"
"335858","729753","13","0.461538","0.230769","6.615384615384615","6"
"336378","18666","55","0.618181","0.090909","0.9636363636363636","3"
"336648","19239","18","0.555555","0.388888","0.8888888888888888","26"
"336827","31067","12","0.083333","0.666666","1.8333333333333333","12"
"336920","46346","7","0.285714","0.428571","3.857142857142857","0"
"337149","11445","42","0.523809","0.214285","0.8571428571428571","7"
"338249","12136","9","0.000000","0.777777","1.8888888888888888","12"
"339637","91608","185","0.664864","0.086486","0.6270270270270271","65"
"340088","22327","5","0.400000","0.400000","3","0"
"340688","60521","22","0.590909","0.181818","1.3181818181818181","1"
"340760","100846","6","0.333333","0.166666","1","0"
"340947","44153","6","1.000000","0.000000","8.166666666666666","2"
"341251","136575","5","0.600000","0.200000","2.2","3"
"341750","70786","13","0.769230","0.000000","0.38461538461538464","0"
"341994","541019","535","0.585046","0.110280","5.1271028037383175","116"
"342331","18458","85","0.705882","0.047058","1.2941176470588236","11"
"342553","26918","7","0.714285","0.285714","4.714285714285714","0"
"343159","12780","7","0.285714","0.142857","4","0"
"343302","31834","7","0.000000","0.714285","3.5714285714285716","9"
"343721","33206","13","0.000000","0.615384","2.3846153846153846","6"
"344223","17423","133","0.526315","0.120300","1","8"
"345648","17831","20","0.250000","0.550000","1.05","2"
"347484","10608","28","0.714285","0.107142","5.964285714285714","4"
"347767","10686","24","0.750000","0.000000","0.625","2"
"347964","40812","80","0.775000","0.037500","1.5","3"
"349100","25209","7","0.000000","1.000000","1.4285714285714286","0"
"349130","56505","10","0.600000","0.300000","106","6"
"349659","15201","14","0.142857","0.785714","2.7142857142857144","4"
"350351","37899","13","0.769230","0.000000","0.23076923076923078","0"
"350613","32391","23","0.782608","0.043478","2.4347826086956523","16"
"350858","100324","7","0.428571","0.285714","0.8571428571428571","0"
"351031","48376","5","0.200000","0.400000","2.2","0"
"351305","12295","6","0.333333","0.333333","4","0"
"351564","12041","7","0.428571","0.000000","2.142857142857143","0"
"351705","45168","17","0.294117","0.294117","3.823529411764706","1"
"353337","59865","20","0.250000","0.500000","1.5","30"
"353820","35734","8","0.250000","0.625000","0.5","0"
"354577","139712","298","0.771812","0.050335","8.184563758389261","733"
"355230","124283","301","0.388704","0.259136","7.269102990033223","6061"
"355316","10552","7","0.000000","0.857142","0.2857142857142857","1"
"355438","22553","5","0.200000","0.600000","2.6","6"
"355715","15846","174","0.850574","0.017241","1.4827586206896552","4"
"356838","11092","9","0.777777","0.000000","1.4444444444444444","4"
"356849","65682","64","0.875000","0.000000","2.53125","4"
"357189","19638","6","0.166666","0.333333","2.8333333333333335","6"
"357234","11838","7","0.428571","0.142857","5.571428571428571","14"
"361842","24846","23","0.304347","0.260869","5.434782608695652","8"
"361899","16822","22","0.590909","0.090909","5.5","18"
"362536","163787","114","0.640350","0.096491","2.4473684210526314","25"
"362589","31841","19","0.263157","0.315789","0.6842105263157895","0"
"362951","11362","8","0.250000","0.375000","0.625","45"
"363028","34289","56","0.428571","0.178571","0.6607142857142857","1"
"363437","13162","9","0.444444","0.444444","0.6666666666666666","1"
"363573","43293","6","0.166666","0.666666","4","14"
"363592","17832","5","0.800000","0.000000","0.6","0"
"363751","82287","67","0.119402","0.552238","8.64179104477612","1"
"363821","17814","6","0.833333","0.000000","1.6666666666666667","4"
"364696","158181","424","0.450471","0.250000","4.278301886792453","167"
"365102","28092","69","0.217391","0.521739","2.0144927536231885","1661"
"365237","53845","12","0.500000","0.166666","5.916666666666667","22"
"365261","23008","7","0.000000","0.857142","1.5714285714285714","2"
"365624","15937","10","0.600000","0.200000","3.7","0"
"366348","14250","10","1.000000","0.000000","1","7"
"367401","53316","26","0.538461","0.269230","3.8076923076923075","14"
"367456","200029","93","0.526881","0.107526","4.139784946236559","143"
"367865","16961","41","0.439024","0.195121","18.048780487804876","159"
"368354","10397","6","0.500000","0.333333","2.6666666666666665","8"
"368379","24469","32","0.750000","0.031250","4.9375","46"
"368691","74864","17","0.470588","0.352941","1.588235294117647","3"
"368697","45030","9","0.444444","0.111111","1.1111111111111112","2"
"369434","46431","509","0.811394","0.017681","2.8880157170923377","584"
"369792","29340","10","0.100000","0.400000","3.3","0"
"369874","14144","5","0.600000","0.000000","0.6","0"
"371954","27417","7","0.857142","0.000000","0.7142857142857143","0"
"372239","91859","66","0.500000","0.106060","2.227272727272727","55"
"372643","123475","9","0.555555","0.222222","3.888888888888889","5"
"374310","15903","5","0.400000","0.600000","0.4","0"
"375722","18581","16","0.812500","0.000000","1.5625","3"
"376535","57611","9","0.000000","0.333333","2.5555555555555554","3"
"379311","15951","5","0.400000","0.200000","1","0"
"379855","33256","5","0.400000","0.600000","3","2"
"380316","10536","22","0.227272","0.545454","1.5454545454545454","8"
"380384","29452","132","0.446969","0.257575","2.643939393939394","28"
"380487","55688","20","0.850000","0.000000","0.4","2"
"380607","17401","5","0.200000","0.600000","6.6","6"
"380774","19487","10","0.600000","0.100000","0.3","1"
"381282","38749","96","0.666666","0.062500","2.53125","41"
"381588","23812","17","0.588235","0.117647","1.8235294117647058","0"
"383200","27193","26","0.461538","0.269230","3.3076923076923075","1"
"383710","52986","5","0.200000","0.200000","1","7"
"383888","27849","5","0.400000","0.200000","0.2","0"
"383904","209350","265","0.392452","0.298113","4.192452830188679","180"
"384417","16465","17","0.588235","0.117647","0.8823529411764706","4"
"384674","10606","6","0.333333","0.333333","5","4"
"385017","13326","11","0.363636","0.090909","0.6363636363636364","0"
"385326","17513","31","0.483870","0.290322","1.8064516129032258","0"
"385548","28475","6","0.333333","0.500000","0.5","0"
"385907","13970","5","0.200000","0.400000","14","5"
"385997","56444","53","0.886792","0.000000","0.5660377358490566","2"
"386201","12550","15","0.266666","0.533333","1.9333333333333333","2"
"386738","21238","8","0.750000","0.125000","4.125","3"
"387076","109135","41","0.609756","0.170731","0.5609756097560976","7"
"387194","67300","48","0.666666","0.208333","3.2291666666666665","18"
"388389","57930","12","0.333333","0.166666","1.5","1"
"388520","142935","43","0.488372","0.162790","4.976744186046512","11"
"388827","11554","9","0.777777","0.000000","0.8888888888888888","0"
"388980","31653","7","0.571428","0.000000","1.4285714285714286","3"
"389289","19542","8","0.500000","0.375000","12.125","4"
"390278","136120","30","0.433333","0.166666","3.6666666666666665","8"
"390330","278618","16","0.625000","0.250000","0.4375","1"
"390708","20345","10","0.300000","0.100000","1","4"
"390897","34063","5","0.200000","0.600000","1.6","0"
"391605","29453","5","0.000000","0.800000","1.4","0"
"393701","43279","20","0.400000","0.200000","3.1","10"
"393704","11062","12","0.416666","0.250000","1.4166666666666667","0"
"393931","23363","5","0.000000","0.800000","2.2","0"
"394487","212999","14","0.428571","0.071428","13.785714285714286","2"
"395202","40412","6","0.000000","0.166666","4.5","1"
"395255","12450","7","0.714285","0.142857","5.428571428571429","0"
"395718","16839","32","0.531250","0.125000","3.6875","0"
"395857","85230","20","0.500000","0.350000","1.35","11"
"395910","66882","157","0.484076","0.197452","5.337579617834395","104"
"396476","25864","13","0.230769","0.461538","2.230769230769231","6"
"396567","14301","5","0.400000","0.200000","1.8","0"
"397195","29483","6","0.333333","0.500000","2.1666666666666665","1"
"397524","15251","8","0.375000","0.500000","4.625","10"
"397830","21161","12","0.750000","0.083333","11.25","0"
"398441","41352","7","0.571428","0.000000","2.5714285714285716","0"
"398461","11065","10","0.200000","0.700000","4.5","2"
"398670","330049","5","0.600000","0.400000","2.8","0"
"398963","12637","36","0.638888","0.111111","1.4444444444444444","6"
"399105","16288","13","0.076923","0.538461","1.2307692307692308","2"
"400056","92782","55","0.600000","0.109090","1.509090909090909","8"
"400617","128161","7","0.428571","0.285714","0","948"
"400790","16635","6","0.166666","0.500000","4.166666666666667","2"
"402022","41575","256","0.781250","0.035156","1.171875","25"
"402037","21945","9","0.333333","0.333333","190.88888888888889","83"
"402169","37085","15","0.266666","0.400000","1.8","0"
"402322","24316","57","0.210526","0.368421","2.807017543859649","13"
"402366","15006","20","0.550000","0.100000","3.75","4"
"402428","10934","42","0.309523","0.333333","1.5476190476190477","8"
"403671","141797","78","0.743589","0.115384","12.615384615384615","97"
"404264","26944","58","0.689655","0.120689","2.5","28"
"404970","67075","143","0.321678","0.230769","11.692307692307692","200"
"405238","11667","17","0.470588","0.294117","0.4117647058823529","0"
"405550","49325","10","0.300000","0.300000","1.6","3"
"406249","19891","65","0.523076","0.107692","2.169230769230769","11"
"406691","46869","39","0.717948","0.076923","0.8974358974358975","1"
"406712","42461","9","0.555555","0.222222","1.5555555555555556","3"
"407651","51582","32","0.812500","0.062500","17.15625","494"
"408390","17463","5","0.600000","0.200000","1.4","0"
"409172","37010","43","0.534883","0.139534","1.558139534883721","35"
"409792","15630","8","0.375000","0.375000","0.625","0"
"410767","106927","18","0.500000","0.222222","2.111111111111111","5"
"411846","15969","12","0.583333","0.083333","1.0833333333333333","8"
"412080","137957","33","0.363636","0.242424","3","1"
"412446","16668","231","0.822510","0.021645","0.7705627705627706","9"
"412916","63921","10","0.200000","0.500000","1.8","3"
"413127","76837","26","0.461538","0.269230","4.346153846153846","9"
"413337","79833","55","0.600000","0.145454","4.363636363636363","17"
"413924","15190","7","0.285714","0.285714","2.7142857142857144","1"
"414062","66943","22","0.227272","0.454545","5.681818181818182","4"
"414127","14258","5","0.400000","0.200000","1.2","5"
"415016","23991","98","0.336734","0.316326","2.122448979591837","3"
"415303","23797","68","0.779411","0.058823","0.6470588235294118","17"
"415448","165373","418","0.526315","0.100478","1.5215311004784688","38"
"415559","10220","13","0.692307","0.076923","10","0"
"415661","14435","7","0.571428","0.142857","0.8571428571428571","1"
"416467","185735","54","0.333333","0.370370","3.5555555555555554","13"
"416631","22055","6","0.500000","0.166666","7.833333333333333","0"
"417501","95063","88","0.795454","0.090909","9.113636363636363","47"
"417896","17570","7","0.428571","0.142857","6.285714285714286","0"
"418150","11317","15","0.400000","0.333333","4.133333333333334","91"
"418413","77897","7","0.142857","0.571428","2.857142857142857","4"
"418556","169049","29","0.655172","0.034482","17.689655172413794","1255"
"418599","11361","124","0.556451","0.161290","0.6209677419354839","406"
"419705","15318","67","0.746268","0.074626","4.343283582089552","84"
"419761","20334","13","0.384615","0.461538","3.6923076923076925","2"
"419956","64634","16","0.875000","0.000000","1.6875","11"
"420259","16044","5","0.600000","0.200000","3.6","0"
"421018","77808","35","0.628571","0.057142","7.714285714285714","45"
"421049","22464","22","0.363636","0.500000","9.318181818181818","1"
"421178","11079","8","0.625000","0.250000","4","13"
"421195","123256","104","0.500000","0.182692","6.596153846153846","106"
"421705","56715","41","0.634146","0.121951","2.3902439024390243","206"
"422060","18188","8","0.875000","0.125000","0.5","1"
"423170","41399","14","0.500000","0.142857","0.6428571428571429","0"
"423171","19435","17","0.058823","0.705882","1.0588235294117647","0"
"423497","36590","239","0.686192","0.066945","1.3472803347280335","9"
"423926","17086","36","0.638888","0.194444","0.5277777777777778","4"
"424499","229696","90","0.266666","0.411111","0.5","16"
"425756","11223","15","0.000000","0.733333","3.3333333333333335","1"
"425823","38937","19","0.263157","0.526315","1.894736842105263","3"
"426185","12346","12","0.583333","0.166666","24.25","0"
"426242","14883","7","0.857142","0.000000","1.2857142857142858","0"
"426422","13266","5","0.200000","0.800000","5.8","0"
"427158","40425","12","0.333333","0.416666","3.5833333333333335","3"
"427544","10056","13","0.692307","0.076923","0.6923076923076923","0"
"427899","10721","6","0.666666","0.000000","3.6666666666666665","5"
"428857","17244","7","0.142857","0.000000","6","1"
"429377","33249","9","0.555555","0.111111","4.111111111111111","1"
"429846","175863","34","0.852941","0.000000","1.7647058823529411","8"
"430742","21112","5","0.200000","0.400000","2.8","0"
"430766","35324","79","0.392405","0.227848","1.8101265822784811","5"
"432358","44457","23","0.478260","0.217391","7.3478260869565215","1"
"432681","20560","20","0.800000","0.000000","1.25","1"
"433392","12049","12","0.500000","0.166666","4.75","6"
"433814","22530","5","0.200000","0.400000","9","3"
"434551","207333","5","0.400000","0.200000","2.8","2"
"434742","20581","8","0.625000","0.250000","3.75","11"
"435093","39823","19","0.473684","0.315789","2.526315789473684","33"
"436275","10160","35","0.800000","0.000000","1.1142857142857143","7"
"436341","53300","19","0.000000","0.789473","0.15789473684210525","19"
"436560","81708","526","0.494296","0.192015","1.870722433460076","453"
"436641","70742","12","0.666666","0.083333","1","2"
"438273","34867","793","0.506935","0.177805","1.6923076923076923","101"
"438386","34344","36","0.694444","0.083333","4.138888888888889","12"
"438992","160570","15","0.666666","0.000000","96.4","273"
"439171","15847","5","0.200000","0.400000","0.4","2"
"439194","11096","51","0.901960","0.039215","3.392156862745098","31"
"439790","11745","6","0.333333","0.000000","6.333333333333333","5"
"440558","412063","373","0.528150","0.160857","17.072386058981234","382"
"441757","89473","6","0.666666","0.166666","15.833333333333334","711"
"441979","12012","33","0.848484","0.030303","1.696969696969697","7"
"442760","30090","95","0.747368","0.010526","1.305263157894737","37"
"442945","21355","109","0.293577","0.376146","2.1743119266055047","164"
"443523","13253","15","0.266666","0.333333","4.2","18"
"445131","155605","10","0.100000","0.700000","2.4","26"
"445221","76519","93","0.397849","0.268817","2.6236559139784945","20"
"445425","53267","50","0.600000","0.140000","7.08","129"
"445908","21903","61","0.065573","0.672131","0.6721311475409836","1"
"446554","56834","5","0.600000","0.200000","2","1"
"446594","14129","56","0.732142","0.053571","10.142857142857142","1153"
"446681","26738","14","0.785714","0.000000","1.7142857142857142","2"
"446822","26264","6","0.333333","0.000000","2.8333333333333335","1"
"447156","99154","9","0.555555","0.222222","1.3333333333333333","42"
"447344","22882","22","0.227272","0.363636","1","7"
"447901","16524","65","0.292307","0.307692","2.9846153846153847","17"
"447970","36193","55","0.727272","0.018181","1.5454545454545454","19"
"448078","21302","13","0.538461","0.230769","1.3076923076923077","1"
"448474","15738","5","0.400000","0.600000","1","4"
"448875","28935","172","0.546511","0.151162","2.941860465116279","1"
"448932","29049","16","0.562500","0.062500","28.1875","4"
"450128","72241","58","0.327586","0.206896","2.8620689655172415","1"
"450917","32370","10","0.100000","0.600000","3.5","26"
"451321","11248","23","0.391304","0.130434","5.695652173913044","3"
"451492","10532","38","0.631578","0.157894","1.5","1"
"451600","14767","31","0.387096","0.258064","5.451612903225806","0"
"451634","55491","10","0.000000","0.700000","2","1"
"451941","22143","10","0.900000","0.100000","1.5","1"
"451969","49403","10","0.300000","0.300000","6.8","8"
"452102","22234","5","0.200000","0.600000","8","16"
"452752","14280","29","0.724137","0.103448","1.206896551724138","0"
"452775","12194","7","0.142857","0.285714","8.142857142857142","172"
"452845","12058","10","0.600000","0.100000","4","0"
"453002","54288","49","0.734693","0.081632","6.857142857142857","19"
"453005","38606","37","0.324324","0.324324","0.8378378378378378","15"
"453616","11228","6","0.666666","0.000000","8.833333333333334","0"
"453673","20862","5","0.600000","0.400000","8.8","14"
"453851","15395","5","0.400000","0.400000","8.4","1"
"454780","46107","17","0.235294","0.470588","5.0588235294117645","7"
"455874","17544","6","0.666666","0.000000","4.833333333333333","1"
"456809","14522","6","0.500000","0.166666","0.8333333333333334","0"
"457982","43439","6","0.000000","1.000000","0","0"
"458259","43171","9","0.666666","0.000000","1.5555555555555556","0"
"459557","10393","7","1.000000","0.000000","15.857142857142858","4"
"459640","72585","27","0.370370","0.148148","10.074074074074074","4"
"459745","41633","91","0.219780","0.472527","0.7912087912087912","39"
"460557","23887","19","0.631578","0.210526","11","11"
"460802","34766","5","1.000000","0.000000","0.4","1"
"461499","20389","16","0.312500","0.375000","3.1875","0"
"461847","11584","54","0.759259","0.074074","0.6666666666666666","13"
"462627","167450","40","0.625000","0.125000","3.2","37"
"463115","83404","44","0.363636","0.113636","1.9090909090909092","35"
"463243","22577","41","0.658536","0.097560","1.5609756097560976","6"
"463319","30982","262","0.610687","0.106870","2.1908396946564888","62"
"463758","27934","10","0.000000","0.500000","1.9","1"
"463796","11267","14","0.428571","0.357142","1.4285714285714286","3"
"465053","26437","7","0.000000","0.714285","12.857142857142858","339"
"465183","188766","34","0.294117","0.500000","1.5","17"
"465223","44744","23","0.521739","0.000000","6.173913043478261","2"
"465677","19424","8","0.625000","0.375000","8.375","1"
"466761","19857","6","0.500000","0.166666","3","12"
"466862","110634","175","0.708571","0.091428","12.8","7696"
"467473","75264","252","0.357142","0.265873","0.32142857142857145","96"
"467509","23679","16","0.187500","0.625000","0.5625","2"
"468195","11721","5","0.200000","0.800000","2.8","0"
"468973","47482","23","0.391304","0.173913","4.6521739130434785","14"
"470005","237123","9","0.333333","0.111111","1.7777777777777777","3"
"470184","54360","5","0.800000","0.000000","5.4","0"
"470749","24633","17","0.470588","0.352941","10.176470588235293","17"
"470772","11696","22","0.454545","0.090909","0.9545454545454546","0"
"471070","24472","19","0.894736","0.000000","1.3157894736842106","1"
"471129","27615","248","0.774193","0.052419","3.439516129032258","135"
"471160","50424","13","0.615384","0.230769","1.1538461538461537","0"
"471164","57862","21","0.666666","0.142857","0.7619047619047619","15"
"471213","27167","6","0.500000","0.166666","2.3333333333333335","1"
"471341","19354","5","0.600000","0.400000","0.4","0"
"471930","12550","10","0.600000","0.000000","2.7","1"
"472109","27532","70","0.714285","0.085714","1.3142857142857143","12"
"472495","20233","19","0.210526","0.263157","39.578947368421055","11162"
"472792","38233","10","0.600000","0.100000","1.2","7"
"472876","24193","6","0.000000","0.666666","0.16666666666666666","0"
"472966","10900","6","0.833333","0.166666","0.8333333333333334","0"
"473040","14337","10","0.000000","1.000000","0.6","0"
"474349","58013","7","0.571428","0.285714","5.142857142857143","2"
"474563","20718","10","0.200000","0.700000","1.7","0"
"475031","30735","18","0.777777","0.055555","2","0"
"475727","27887","13","0.692307","0.153846","8.923076923076923","4"
"476074","34030","5","0.800000","0.000000","4.2","0"
"476371","21341","7","0.285714","0.142857","6.714285714285714","46"
"476716","39381","62","0.612903","0.161290","2.0483870967741935","152"
"476791","21823","5","0.600000","0.000000","2.4","9"
"477037","115236","110","0.427272","0.227272","6.1454545454545455","89"
"477420","101206","20","0.500000","0.250000","30.15","161"
"477878","182097","9","0.555555","0.222222","11.88888888888889","6"
"478406","13105","5","0.600000","0.200000","6.6","0"
"478520","20621","6","0.500000","0.333333","3","0"
"478656","29342","184","0.527173","0.173913","0.8804347826086957","39"
"478884","169908","815","0.744785","0.057668","3.7104294478527606","337"
"479251","23394","19","0.578947","0.157894","7.157894736842105","10"
"479863","436640","45","0.688888","0.044444","3.1555555555555554","46"
"480467","10494","7","0.000000","0.571428","0.42857142857142855","0"
"480608","34395","7","0.000000","0.714285","1.5714285714285714","5"
"480937","28084","5","0.600000","0.000000","0","1"
"480982","61312","198","0.505050","0.227272","4.803030303030303","125"
"481061","14671","5","0.400000","0.200000","7.4","7"
"481267","123252","157","0.643312","0.070063","1.089171974522293","9"
"484041","19891","90","0.655555","0.100000","1.1888888888888889","12"
"484082","21484","5","0.600000","0.400000","2.4","0"
"484390","14218","13","0.692307","0.153846","2.3846153846153846","0"
"484814","34004","6","0.500000","0.333333","4.5","9"
"484972","10447","5","0.400000","0.400000","0.8","1"
"485343","86760","63","0.523809","0.174603","1.7777777777777777","29"
"487813","41004","111","0.495495","0.225225","9.567567567567568","81"
"487892","10961","18","0.944444","0.000000","144.55555555555554","330"
"490018","18329","48","0.750000","0.083333","1.6875","176"
"490374","14035","16","0.375000","0.187500","6.75","8"
"492293","13759","9","0.777777","0.111111","4.888888888888889","1"
"492336","80858","14","0.642857","0.071428","2.2857142857142856","24"
"492773","34942","16","0.500000","0.187500","2.75","3"
"493161","38742","5","0.000000","0.800000","1.8","0"
"493729","59902","45","0.666666","0.133333","2.1555555555555554","45"
"494134","33858","256","0.437500","0.238281","8.5","83"
"495041","31330","6","0.833333","0.000000","1.5","1"
"495455","66394","106","0.424528","0.320754","2.707547169811321","119"
"496099","21380","78","0.705128","0.038461","8.653846153846153","1"
"496289","18085","11","0.272727","0.363636","4.363636363636363","12"
"496803","94385","96","0.270833","0.333333","3.7916666666666665","94"
"497139","19552","49","0.612244","0.122448","0.9795918367346939","0"
"497381","17543","33","0.878787","0.000000","0.8787878787878788","3"
"497828","13449","11","0.545454","0.181818","1.3636363636363635","15"
"498256","45667","6","0.333333","0.333333","1.5","11"
"498298","19025","5","0.400000","0.400000","1.4","0"
"498796","14103","6","0.833333","0.000000","3.1666666666666665","2"
"499466","13471","7","0.714285","0.285714","1","2"
"499721","11157","5","0.400000","0.400000","2.6","0"
"501126","17704","7","0.571428","0.142857","1.2857142857142858","0"
"501250","172850","225","0.728888","0.040000","2.8133333333333335","18"
"501557","376407","127","0.629921","0.070866","1.2834645669291338","95"
"502334","12614","16","0.812500","0.062500","1.25","0"
"502366","12367","59","0.796610","0.016949","2.406779661016949","18"
"503046","24355","16","0.750000","0.187500","9.8125","13"
"503402","22613","12","0.666666","0.000000","1.9166666666666667","6"
"504547","13616","7","0.428571","0.285714","1.7142857142857142","5"
"504554","60785","231","0.857142","0.025974","2.70995670995671","218"
"505088","616869","20","0.700000","0.100000","24.8","14"
"505152","19429","21","0.238095","0.476190","3.4761904761904763","2"
"505714","11998","6","0.333333","0.166666","1.5","2"
"506413","37484","9","0.888888","0.000000","16.666666666666668","4"
"506441","34104","121","0.760330","0.041322","1.4710743801652892","6"
"506796","95464","757","0.573315","0.120211","2.6367239101717304","69"
"506855","38320","8","0.500000","0.250000","2.75","0"
"507721","30679","8","0.375000","0.625000","2.875","0"
"507738","23326","57","0.192982","0.438596","6.807017543859649","171"
"507784","38229","6","0.500000","0.000000","2.1666666666666665","2"
"508057","36999","53","0.811320","0.037735","1.7735849056603774","9"
"508907","14460","35","0.171428","0.600000","1.4","11"
"509670","15587","5","0.600000","0.200000","14.6","31"
"509868","28643","37","0.486486","0.297297","2.027027027027027","21"
"511837","10674","8","0.875000","0.125000","2.375","5"
"512042","20488","35","0.914285","0.000000","0.5714285714285714","0"
"512127","11344","7","0.857142","0.142857","0.7142857142857143","2"
"512922","19241","78","0.474358","0.166666","1.6923076923076923","1"
"513413","54002","6","0.166666","0.666666","1.3333333333333333","0"
"514149","10489","6","0.833333","0.000000","4","2"
"514235","70635","8","0.625000","0.250000","6.25","16"
"516548","274275","611","0.350245","0.250409","1.0180032733224222","7"
"516701","20314","53","0.773584","0.037735","0.5849056603773585","0"
"517477","11512","5","0.800000","0.000000","3.6","0"
"517781","20430","6","0.833333","0.000000","11.5","0"
"519216","70868","7","0.000000","0.714285","2","1"
"519333","13884","8","0.500000","0.500000","1.625","3"
"519334","14785","7","0.428571","0.428571","0.5714285714285714","0"
"519360","16423","10","0.300000","0.600000","3.4","4"
"519413","337890","431","0.631090","0.120649","3.4013921113689096","840"
"520275","10292","11","0.636363","0.000000","0.5454545454545454","0"
"520567","19063","17","0.117647","0.588235","3.5294117647058822","1"
"521034","43230","23","0.347826","0.391304","6.3478260869565215","3"
"521209","13753","9","0.666666","0.111111","0.2222222222222222","0"
"521799","224042","298","0.694630","0.130872","1.1979865771812082","55"
"522444","285807","89","0.730337","0.067415","7.887640449438202","214"
"522663","68309","36","0.472222","0.250000","7.944444444444445","9"
"523612","61679","202","0.193069","0.440594","32.163366336633665","1885"
"524368","163308","54","0.518518","0.166666","2.4444444444444446","3"
"524861","16470","10","0.800000","0.100000","3.7","0"
"525036","20821","34","0.588235","0.235294","6.029411764705882","80"
"526704","24645","9","0.222222","0.777777","3.2222222222222223","3"
"526828","16846","29","0.551724","0.137931","0.8275862068965517","0"
"527312","12221","5","0.200000","0.400000","2.8","0"
"528720","11106","23","0.652173","0.130434","9.304347826086957","2"
"529544","10160","5","0.600000","0.400000","1.4","2"
"529618","27378","9","0.555555","0.222222","3.3333333333333335","1"
"529630","42575","30","0.566666","0.233333","1.8666666666666667","2"
"529725","17540","31","0.548387","0.161290","0.41935483870967744","0"
"530160","28630","205","0.668292","0.073170","5.463414634146342","457"
"530630","12845","5","0.400000","0.200000","2","0"
"532695","21608","23","0.304347","0.434782","0.8260869565217391","2"
"533037","12938","47","0.702127","0.042553","2.148936170212766","1"
"533422","21213","10","0.300000","0.700000","4.6","2"
"533426","15059","17","0.588235","0.176470","2.6470588235294117","0"
"533941","20381","11","0.636363","0.272727","5.636363636363637","2"
"534109","21265","6","0.833333","0.000000","1.8333333333333333","9"
"534471","28926","24","0.250000","0.416666","2.0416666666666665","1"
"534877","16251","7","0.142857","0.285714","0.7142857142857143","1"
"535275","50037","99","0.363636","0.303030","17.09090909090909","217"
"535480","22383","215","0.404651","0.297674","5.497674418604651","9"
"535646","19265","19","0.894736","0.000000","16.789473684210527","36"
"536607","19686","5","0.400000","0.400000","1.2","0"
"538284","10764","8","0.000000","0.875000","0.125","0"
"540259","10227","5","0.400000","0.000000","0.6","2"
"540776","12779","5","0.400000","0.600000","4.4","8"
"540873","20998","6","0.500000","0.500000","1.1666666666666667","1"
"540955","12817","32","0.375000","0.281250","1.59375","32"
"541016","10668","20","0.800000","0.150000","3.15","0"
"541038","114530","155","0.483870","0.193548","3.232258064516129","7"
"541686","213078","15","0.333333","0.666666","3.2666666666666666","3"
"542251","30099","28","0.250000","0.464285","20","324"
"542270","85640","6","0.500000","0.166666","4.166666666666667","19"
"543539","40366","27","0.592592","0.148148","2.074074074074074","7"
"543572","15841","11","0.000000","0.909090","0.6363636363636364","3"
"543875","21849","6","0.166666","0.333333","1","0"
"543969","23906","99","0.434343","0.191919","1.0909090909090908","23"
"544825","103215","221","0.669683","0.067873","5.208144796380091","21"
"544947","18248","5","0.200000","0.400000","5.8","7"
"546205","13843","5","0.400000","0.000000","1.8","2"
"546730","188420","440","0.704545","0.075000","1.5363636363636364","153"
"546861","200090","263","0.634980","0.072243","1.9809885931558935","338"
"546871","14166","14","0.500000","0.142857","4.214285714285714","11"
"546967","18092","21","0.857142","0.047619","0.09523809523809523","10"
"547331","47054","21","0.428571","0.333333","1.5238095238095237","1"
"547640","17799","18","0.611111","0.111111","3.4444444444444446","6"
"547981","59487","8","0.875000","0.000000","96.5","25"
"548225","791493","878","0.329157","0.362186","1.6503416856492028","304"
"548473","18974","17","0.176470","0.470588","0.8823529411764706","3"
"548562","32506","273","0.688644","0.076923","5.912087912087912","16"
"549372","80177","360","0.408333","0.263888","2.05","126"
"550094","24533","12","0.416666","0.166666","49","13"
"555045","65997","46","0.608695","0.152173","5.673913043478261","0"
"556495","18810","64","0.765625","0.046875","2.171875","3"
"556617","29809","41","0.634146","0.097560","1.829268292682927","5"
"557179","50653","37","0.621621","0.108108","0.6486486486486487","10"
"558639","35697","8","1.000000","0.000000","3.25","2"
"558892","14826","5","0.400000","0.200000","2.8","1"
"558972","22110","5","0.600000","0.200000","2.8","0"
"559676","29974","21","0.761904","0.047619","2.4285714285714284","21"
"559737","37780","141","0.617021","0.120567","1.3617021276595744","2"
"560942","53399","270","0.781481","0.018518","5.803703703703704","310"
"562073","13278","5","0.200000","0.600000","0","0"
"562154","12824","6","0.166666","0.333333","0.8333333333333334","3"
"562769","139086","47","0.425531","0.234042","4.574468085106383","240"
"564157","20101","9","0.222222","0.333333","0.4444444444444444","0"
"564226","11365","11","0.636363","0.272727","3.4545454545454546","0"
"564509","11171","48","0.812500","0.041666","1.125","0"
"565525","16621","8","0.125000","0.250000","1.125","5"
"565635","119297","48","0.562500","0.166666","0.9583333333333334","4"
"565877","25759","32","0.250000","0.500000","3.15625","8"
"567059","12337","13","0.538461","0.153846","3.3846153846153846","1"
"567292","158520","24","0.666666","0.125000","1.375","1"
"567435","78172","5","0.800000","0.200000","4","7"
"567762","17708","24","0.583333","0.333333","2.6666666666666665","12"
"568209","32938","66","0.590909","0.106060","3.8333333333333335","10"
"568458","34061","6","0.000000","0.166666","4.333333333333333","3"
"568475","14092","10","0.600000","0.000000","1","0"
"568635","22341","5","0.600000","0.200000","3.4","0"
"569302","15470","17","0.000000","0.882352","1.8823529411764706","3"
"569976","16996","8","0.875000","0.000000","6.75","10"
"570118","13034","5","0.200000","0.000000","5.8","5"
"570812","10090","12","0.250000","0.333333","3","18"
"570918","78488","254","0.771653","0.066929","2.578740157480315","223"
"571410","12712","6","0.000000","0.666666","1","0"
"572670","179065","12","0.583333","0.166666","1.5","0"
"572834","11944","9","0.333333","0.333333","5.888888888888889","3"
"573153","10899","13","0.615384","0.000000","2","0"
"573255","10785","88","0.363636","0.238636","1.25","14"
"573927","12893","21","0.142857","0.523809","0.47619047619047616","2"
"574815","13970","25","0.560000","0.120000","1.92","1"
"575376","205489","41","0.536585","0.073170","1.9268292682926829","22"
"575765","24336","13","0.384615","0.153846","1.9230769230769231","0"
"576752","14294","28","0.571428","0.178571","2.2857142857142856","14"
"576911","226623","66","0.515151","0.151515","2.1818181818181817","1"
"577603","56134","12","0.583333","0.166666","0.75","5"
"577765","49404","10","0.900000","0.100000","2.8","20"
"577878","25189","6","0.000000","0.666666","1.3333333333333333","5"
"577926","22810","6","0.833333","0.000000","1.3333333333333333","4"
"578288","30745","6","0.166666","0.666666","0.6666666666666666","15"
"578309","18571","8","0.125000","0.875000","0.5","0"
"578411","42647","12","0.666666","0.000000","8.25","49"
"580083","24434","27","0.518518","0.185185","16.51851851851852","10"
"581076","36182","263","0.368821","0.288973","0.7984790874524715","9"
"584183","54938","129","0.689922","0.124031","4.232558139534884","22"
"584192","79612","14","0.428571","0.214285","16.5","104"
"584518","221648","610","0.319672","0.306557","4.468852459016394","306"
"584676","22128","56","0.642857","0.178571","3.017857142857143","425"
"584947","13610","8","0.500000","0.250000","6.75","0"
"585411","47926","196","0.551020","0.173469","2.0510204081632653","3"
"586227","23037","27","0.074074","0.629629","0.3333333333333333","1"
"587106","21957","18","0.777777","0.055555","1.0555555555555556","2"
"588071","69904","11","0.818181","0.000000","3.3636363636363638","12"
"588532","14684","14","0.714285","0.142857","3.4285714285714284","0"
"588759","15466","8","0.125000","0.750000","4.375","47"
"588868","38035","13","0.538461","0.153846","5.461538461538462","11"
"588916","17382","61","0.295081","0.393442","2.1311475409836067","30"
"589259","94717","92","0.695652","0.097826","6.130434782608695","78"
"589329","39317","6","0.833333","0.166666","0.6666666666666666","3"
"589924","393382","692","0.475433","0.173410","2.8742774566473988","259"
"590437","11462","7","0.142857","0.714285","1.5714285714285714","1"
"590790","19348","15","0.600000","0.133333","3.1333333333333333","3"
"591064","10279","35","0.514285","0.114285","1.3142857142857143","4"
"591487","25673","5","0.200000","0.600000","3","0"
"591656","47845","6","0.333333","0.500000","1.6666666666666667","8"
"592318","11936","6","0.000000","0.666666","0.5","1"
"592355","13489","143","0.573426","0.146853","7.405594405594406","53"
"592958","13383","92","0.500000","0.250000","15.152173913043478","272"
"593382","14648","5","0.400000","0.200000","2.8","0"
"594211","22400","10","0.400000","0.400000","0.6","0"
"595305","16227","26","0.230769","0.384615","3.9615384615384617","1"
"596285","272422","242","0.520661","0.198347","1.9256198347107438","43"
"597657","118328","5","0.000000","0.600000","1.6","0"
"597858","10006","5","0.200000","0.800000","2.8","0"
"598683","34763","15","0.666666","0.066666","6.8","4"
"599346","74885","6","0.833333","0.000000","2.5","0"
"600486","14127","26","0.423076","0.153846","11","70"
"602585","24922","8","0.000000","0.875000","1.25","0"
"603316","32177","20","0.800000","0.050000","7.8","7"
"603516","26465","8","0.000000","0.875000","2.75","0"
"604015","57701","7","0.857142","0.142857","4.857142857142857","19"
"605067","11441","6","0.166666","0.500000","1.8333333333333333","0"
"605153","43142","82","0.548780","0.109756","0.926829268292683","4"
"606371","13641","7","0.428571","0.142857","5.857142857142857","14"
"606679","31442","53","0.830188","0.018867","1.4339622641509433","1"
"607033","26317","141","0.439716","0.184397","0.9361702127659575","5"
"607407","54127","7","0.714285","0.142857","6.285714285714286","0"
"608164","11390","19","0.315789","0.526315","0.631578947368421","7"
"608772","73208","16","0.562500","0.062500","0.8125","13"
"608820","30210","25","0.720000","0.040000","4.24","1"
"608886","10947","20","0.800000","0.050000","0.3","1"
"609290","41800","457","0.743982","0.041575","2.7527352297593","44"
"609639","10674","5","0.400000","0.400000","2.4","1"
"610569","123689","27","0.333333","0.296296","2.2222222222222223","16"
"610979","30549","8","0.000000","0.500000","4.875","2"
"611201","11951","11","0.454545","0.272727","19.363636363636363","2"
"611545","15225","51","0.470588","0.156862","3.607843137254902","3"
"611879","13682","12","0.000000","0.750000","0.75","6"
"612181","18589","28","0.428571","0.250000","0.9642857142857143","5"
"613004","15494","11","0.545454","0.000000","0.9090909090909091","0"
"616443","208643","42","0.500000","0.166666","13.404761904761905","1410"
"616460","40792","24","0.083333","0.791666","8.208333333333334","13"
"618400","20349","39","0.538461","0.205128","2.7948717948717947","3"
"619673","12324","5","0.600000","0.000000","3.2","1"
"619830","14039","172","0.639534","0.081395","1.0813953488372092","0"
"621316","13371","10","0.300000","0.400000","5.8","4"
"621690","16849","14","0.428571","0.214285","1.5714285714285714","4"
"622571","14648","27","0.555555","0.148148","1.4814814814814814","0"
"622813","22295","5","0.000000","1.000000","1","7"
"623041","126703","17","0.588235","0.176470","11.411764705882353","4"
"623133","26334","11","0.636363","0.090909","3","1"
"623519","21627","8","0.625000","0.250000","1.125","2"
"624066","14073","9","0.444444","0.444444","2.111111111111111","1"
"624463","11079","28","0.500000","0.214285","1.1071428571428572","14"
"624466","10660","7","0.571428","0.285714","0.7142857142857143","2"
"624814","11814","7","0.285714","0.428571","7","0"
"625403","93133","106","0.396226","0.188679","2.3962264150943398","54"
"625594","10542","12","0.500000","0.166666","3.5833333333333335","2"
"626692","29602","15","0.466666","0.200000","1.6","2"
"626853","38160","8","0.625000","0.000000","1.5","2"
"627042","12967","16","0.187500","0.500000","2.5625","0"
"627729","15036","9","0.666666","0.111111","0.3333333333333333","1"
"631911","10924","5","0.200000","0.400000","1.4","0"
"632035","10609","11","0.727272","0.000000","0.6363636363636364","0"
"632524","32119","5","0.000000","0.800000","1","0"
"633098","26291","6","0.166666","0.666666","6.166666666666667","8"
"633150","11074","7","0.428571","0.142857","1.7142857142857142","16"
"633183","136301","188","0.308510","0.340425","1.7712765957446808","18"
"633961","28089","26","0.384615","0.384615","4.076923076923077","13"
"634120","11100","15","0.333333","0.200000","1.1333333333333333","2"
"634629","18707","10","0.700000","0.200000","2.3","11"
"634824","244249","72","0.722222","0.097222","3.2222222222222223","23"
"634919","63656","245","0.693877","0.065306","6.551020408163265","107"
"634935","13229","103","0.456310","0.135922","1.029126213592233","55"
"635245","49826","312","0.660256","0.041666","0.7115384615384616","86"
"635982","13556","7","1.000000","0.000000","3.4285714285714284","2"
"636009","16487","52","0.346153","0.269230","9.01923076923077","39"
"636019","63271","8","0.375000","0.125000","6.625","9"
"636077","27335","156","0.448717","0.179487","1.2692307692307692","2"
"636626","37389","9","0.333333","0.333333","2.888888888888889","1"
"637142","36519","35","0.228571","0.542857","0.9142857142857143","11"
"637367","32333","22","0.454545","0.227272","1.1363636363636365","1"
"637669","34688","17","0.647058","0.058823","1.8823529411764706","17"
"637853","88945","40","0.400000","0.250000","18.7","16"
"638028","11886","30","0.433333","0.166666","1.7333333333333334","3"
"638546","28231","5","0.000000","0.600000","0.6","1"
"639520","33832","41","0.560975","0.073170","2.7560975609756095","10"
"640195","12841","20","0.150000","0.550000","0.7","2"
"640205","19116","13","0.000000","0.538461","3.230769230769231","8"
"640325","17018","48","0.812500","0.041666","2.125","0"
"641249","47614","36","0.777777","0.000000","1.1944444444444444","0"
"642070","78063","287","0.435540","0.247386","4.679442508710801","106"
"642096","11850","18","0.500000","0.166666","0.5555555555555556","0"
"642579","22746","212","0.702830","0.108490","1.1839622641509433","138"
"642670","13563","7","0.428571","0.000000","2","0"
"642706","349524","645","0.413953","0.246511","2.565891472868217","394"
"643383","125195","43","0.441860","0.325581","1.6046511627906976","12"
"643393","13989","59","0.610169","0.084745","5.203389830508475","8"
"644010","12254","12","0.833333","0.083333","0.5","1"
"644817","13404","5","0.600000","0.000000","1","0"
"645002","13553","35","0.742857","0.114285","0.6571428571428571","1"
"645128","23257","72","0.291666","0.277777","6.611111111111111","67"
"645551","57089","45","0.400000","0.177777","7.622222222222222","0"
"646382","10471","27","0.518518","0.222222","3.5555555555555554","69"
"646591","10607","11","0.636363","0.000000","0.36363636363636365","14"
"646619","27055","55","0.727272","0.054545","2.2","14"
"646723","10623","6","0.333333","0.333333","4.5","3"
"646761","21975","71","0.732394","0.028169","1.6619718309859155","8"
"648078","16448","5","0.600000","0.000000","2.4","1"
"648658","73508","39","0.307692","0.358974","2.4358974358974357","146"
"648723","13057","16","0.312500","0.375000","3","8"
"649048","10037","30","0.733333","0.100000","0.36666666666666664","5"
"650475","18741","11","0.636363","0.000000","2.4545454545454546","21"
"651174","112758","51","0.333333","0.176470","7.529411764705882","1"
"652669","22044","7","0.142857","0.857142","1.2857142857142858","16"
"653457","21854","43","0.302325","0.372093","3.86046511627907","2"
"653539","12388","50","0.240000","0.300000","1.2","2"
"658497","17400","26","0.115384","0.692307","0.5384615384615384","6"
"659190","35876","44","0.295454","0.363636","6.5227272727272725","19"
"659248","33614","13","0.615384","0.230769","2.230769230769231","12"
"660694","28979","13","0.692307","0.076923","3.3076923076923075","5"
"660921","28037","18","0.666666","0.166666","1.6111111111111112","20"
"661872","46719","65","0.400000","0.230769","12.553846153846154","31"
"662615","20241","10","0.800000","0.000000","4.1","3"
"663604","17448","6","0.500000","0.333333","0.8333333333333334","1"
"666221","104431","10","0.400000","0.400000","2.1","0"
"667301","43301","10","0.400000","0.400000","2.9","40"
"667767","22975","9","0.444444","0.333333","0.8888888888888888","0"
"669576","13603","115","0.486956","0.217391","11","231"
"669586","130480","41","0.609756","0.097560","5.097560975609756","37"
"671366","11544","46","0.586956","0.217391","3.369565217391304","166"
"671491","19241","5","0.800000","0.200000","1.6","0"
"671543","39476","6","0.666666","0.166666","19.166666666666668","5"
"671619","30813","54","0.500000","0.185185","1.7777777777777777","12"
"671639","16952","5","0.800000","0.200000","3.4","1"
"674039","369775","109","0.477064","0.211009","3.981651376146789","88"
"675006","11756","8","0.250000","0.375000","3","0"
"675721","11583","72","0.416666","0.180555","4.194444444444445","85"
"676195","20158","5","0.800000","0.000000","7.4","22"
"677684","33811","6","0.000000","0.666666","1.6666666666666667","0"
"678572","31087","5","0.600000","0.400000","9.6","0"
"679553","12217","25","0.360000","0.440000","1.4","4"
"679824","14781","13","0.923076","0.000000","0.9230769230769231","7"
"680068","56767","136","0.264705","0.419117","3.323529411764706","530"
"680920","70559","11","0.363636","0.363636","2.727272727272727","0"
"681084","18007","6","0.666666","0.000000","1.3333333333333333","0"
"681865","72843","38","0.789473","0.052631","5.815789473684211","684"
"687190","12577","28","0.285714","0.500000","1.0714285714285714","2"
"687262","18057","7","0.714285","0.000000","124.14285714285714","4"
"690413","16116","5","0.400000","0.200000","2","1"
"692942","16452","27","0.703703","0.074074","17.40740740740741","198"
"693642","30719","5","0.200000","0.600000","4.2","0"
"694325","13478","15","0.733333","0.066666","2.066666666666667","4"
"694733","16289","8","0.375000","0.250000","9.625","6"
"695132","25892","34","0.647058","0.088235","4.647058823529412","31"
"695364","66048","112","0.375000","0.241071","4.401785714285714","97"
"695591","13087","7","0.428571","0.000000","3.2857142857142856","2"
"696391","24547","13","0.538461","0.230769","2.3076923076923075","0"
"696535","18595","6","0.000000","1.000000","2.3333333333333335","2"
"696808","32590","7","0.428571","0.000000","3.4285714285714284","2"
"697154","54809","7","1.000000","0.000000","2.857142857142857","11"
"699215","26544","13","0.538461","0.153846","6.3076923076923075","0"
"699305","50556","36","0.305555","0.305555","2.2222222222222223","2"
"700825","31038","6","0.000000","0.833333","19.5","1"
"701092","98078","23","0.739130","0.043478","3.5652173913043477","18"
"701996","31463","9","0.666666","0.111111","21.11111111111111","23"
"702469","29175","7","0.142857","0.285714","4.285714285714286","0"
"702944","55521","9","0.888888","0.000000","0.7777777777777778","2"
"705945","25277","10","0.200000","0.600000","0.2","2"
"706387","11962","5","0.200000","0.400000","0.2","0"
"706456","36075","7","0.714285","0.142857","3.4285714285714284","4"
"707111","226445","75","0.520000","0.173333","5","94"
"707145","24184","7","0.428571","0.285714","6.571428571428571","3"
"708434","28181","9","0.555555","0.000000","0.2222222222222222","0"
"709537","19426","8","0.375000","0.250000","4.125","3"
"710284","29975","8","0.125000","0.625000","0.125","1"
"711206","37165","8","0.625000","0.000000","2.5","1"
"711902","24652","14","0.142857","0.428571","1.4285714285714286","0"
"712334","10239","12","0.000000","0.750000","2.8333333333333335","25"
"712649","179086","643","0.681181","0.074650","3.374805598755832","358"
"714112","25784","6","0.000000","0.666666","31","24"
"716092","33636","10","0.500000","0.100000","0.9","0"
"717267","19250","10","0.000000","0.900000","2.1","33"
"717372","31955","24","0.625000","0.083333","1.75","12"
"717630","22670","13","0.000000","0.769230","0.6153846153846154","0"
"717732","33862","21","0.666666","0.095238","3.1904761904761907","2"
"717898","19532","7","0.428571","0.142857","1.2857142857142858","0"
"719263","36694","48","0.375000","0.229166","2.7291666666666665","36"
"720999","56403","30","0.633333","0.100000","17.5","111"
"721269","183878","78","0.525641","0.166666","3.076923076923077","0"
"721644","60880","63","0.603174","0.111111","10.73015873015873","231"
"721855","26680","397","0.765743","0.055415","2.1309823677581865","555"
"722762","57785","17","0.352941","0.235294","3.1176470588235294","0"
"722804","19317","22","0.681818","0.045454","2.727272727272727","67"
"724039","15649","344","0.500000","0.186046","6.665697674418604","364"
"724411","19395","12","0.666666","0.083333","0.4166666666666667","0"
"725418","68351","77","0.272727","0.324675","6.194805194805195","98"
"725628","20202","32","0.406250","0.312500","3.15625","6"
"726106","23659","6","0.333333","0.500000","2","0"
"726239","18183","17","0.764705","0.058823","2","9"
"726766","11796","5","0.400000","0.400000","3","1"
"727667","12125","11","1.000000","0.000000","0.7272727272727273","1"
"728812","41756","27","0.925925","0.000000","0.18518518518518517","0"
"729907","30898","15","0.666666","0.066666","3.466666666666667","172"
"732221","39262","11","0.727272","0.000000","1.1818181818181819","7"
"733077","19746","9","0.666666","0.111111","2.2222222222222223","3"
"733345","31468","7","0.571428","0.285714","14","15"
"734040","34446","17","0.764705","0.058823","1.7058823529411764","2"
"734069","482923","441","0.718820","0.054421","3.122448979591837","427"
"735926","21623","5","0.000000","0.600000","19.4","36"
"736079","117102","207","0.681159","0.101449","1.9565217391304348","214"
"736162","19642","14","0.714285","0.071428","2.5","0"
"736172","12815","23","0.130434","0.391304","1.608695652173913","14"
"736937","30418","25","0.480000","0.240000","2.6","5"
"740553","54574","59","0.440677","0.186440","23.677966101694917","164"
"741970","38493","5","0.200000","0.400000","2.4","0"
"742314","13038","14","0.928571","0.000000","1.9285714285714286","0"
"743464","32332","11","0.545454","0.363636","19.636363636363637","8"
"744720","18486","10","0.900000","0.000000","7.3","0"
"745903","121225","133","0.496240","0.127819","2.699248120300752","20"
"746882","12075","10","0.500000","0.300000","1.2","2"
"747579","94796","55","0.290909","0.363636","1.3454545454545455","3"
"747965","10426","14","0.500000","0.214285","2.4285714285714284","11"
"749657","10713","70","0.714285","0.057142","2.0142857142857142","11"
"750510","33898","19","0.631578","0.263157","1.0526315789473684","11"
"751090","87743","29","0.862068","0.000000","0.5172413793103449","9"
"751641","16326","12","0.250000","0.500000","0.5","4"
"751863","55207","88","0.806818","0.022727","0.8636363636363636","8"
"752843","63417","15","0.400000","0.200000","2.066666666666667","3"
"752890","20233","29","0.724137","0.137931","1","49"
"752976","39571","5","0.600000","0.200000","2.6","2"
"753632","30103","67","0.447761","0.298507","1.9253731343283582","19"
"755666","11359","21","0.857142","0.095238","2.6666666666666665","1"
"756233","11339","9","0.111111","0.555555","0.5555555555555556","1"
"756809","53076","88","0.909090","0.000000","1.7727272727272727","0"
"757100","16710","31","0.806451","0.032258","3.5483870967741935","2"
"757508","74112","17","0.823529","0.058823","2.7058823529411766","21"
"757777","11786","14","0.428571","0.214285","3.7142857142857144","0"
"758174","26664","211","0.364928","0.255924","1.6303317535545023","11"
"758345","72262","12","0.583333","0.166666","2.3333333333333335","6"
"758836","16321","7","0.000000","0.857142","5.571428571428571","0"
"759126","14407","8","0.375000","0.125000","1","3"
"759558","12234","53","0.490566","0.113207","6.886792452830188","4"
"759991","10636","8","0.500000","0.375000","4.125","0"
"761095","30797","37","0.864864","0.027027","1.864864864864865","32"
"761132","10535","15","0.200000","0.133333","0.8666666666666667","5"
"761202","67395","14","0.571428","0.214285","21.928571428571427","36"
"761212","32848","12","0.750000","0.000000","3","0"
"762363","11408","5","0.600000","0.200000","0.4","0"
"764206","10832","13","0.692307","0.076923","0.3076923076923077","1"
"765226","40504","37","0.594594","0.054054","1.4594594594594594","11"
"765395","19429","41","0.878048","0.024390","1.4634146341463414","68"
"766177","42886","5","0.000000","0.400000","1.2","0"
"768644","108445","676","0.606508","0.112426","1.1301775147928994","20"
"769137","11209","6","0.000000","0.833333","1","2"
"769265","95996","104","0.692307","0.076923","3.4615384615384617","68"
"770710","18262","6","0.333333","0.166666","0.3333333333333333","0"
"770830","34820","35","0.457142","0.257142","5.828571428571428","30"
"772868","10319","44","0.363636","0.227272","5.113636363636363","575"
"773113","63610","64","0.406250","0.328125","2.3125","3"
"773595","13591","11","0.000000","0.727272","2.1818181818181817","2"
"774086","30495","6","1.000000","0.000000","1","0"
"775345","22663","8","0.125000","0.500000","4","0"
"775715","49745","89","0.876404","0.033707","1.550561797752809","41"
"775806","122966","217","0.437788","0.211981","13.368663594470046","24"
"776345","12542","5","0.000000","0.800000","0.6","0"
"777982","17536","7","0.000000","0.714285","1.4285714285714286","0"
"778560","67683","78","0.269230","0.410256","1.7564102564102564","3"
"780717","27442","20","0.250000","0.500000","11.5","0"
"781754","59582","84","0.702380","0.107142","6.7976190476190474","435"
"782034","26263","6","0.500000","0.166666","1.8333333333333333","0"
"783119","167039","73","0.794520","0.068493","7.945205479452055","1287"
"783412","34907","19","0.421052","0.210526","1.368421052631579","1"
"783510","44705","12","0.333333","0.416666","0.9166666666666666","1"
"783743","74589","6","0.666666","0.000000","5.833333333333333","18"
"784387","102417","7","0.857142","0.000000","2.5714285714285716","3"
"784753","31036","9","0.666666","0.111111","8.555555555555555","0"
"785061","21779","19","0.578947","0.052631","1.8421052631578947","20"
"787480","41167","56","0.660714","0.125000","3.9642857142857144","23"
"789545","11947","87","0.793103","0.022988","0.8735632183908046","26"
"790070","22315","5","0.800000","0.200000","2.2","1"
"790842","12755","16","0.625000","0.125000","2.5","7"
"791010","32294","6","1.000000","0.000000","2","0"
"791604","156515","193","0.601036","0.108808","2.466321243523316","32"
"791609","10022","38","0.657894","0.184210","1.0789473684210527","10"
"793607","11113","5","0.800000","0.000000","1.8","2"
"795016","16853","10","0.500000","0.300000","5.1","0"
"797049","96259","56","0.339285","0.375000","1.375","8"
"797303","26814","10","0.400000","0.400000","0.4","1"
"797495","100088","13","0.076923","0.769230","2.3076923076923075","6"
"800619","12419","9","0.222222","0.666666","2.6666666666666665","0"
"801496","10103","23","0.652173","0.173913","1.6956521739130435","14"
"801894","27662","168","0.505952","0.136904","4.125","26"
"803019","10126","11","0.909090","0.000000","2.272727272727273","0"
"804100","12847","8","0.625000","0.250000","2.625","0"
"804440","10841","5","0.200000","0.200000","1.4","1"
"806169","17449","5","0.200000","0.400000","6","15"
"806963","14124","6","0.166666","0.166666","3.1666666666666665","1"
"807037","19988","13","0.461538","0.230769","1.9230769230769231","5"
"807126","320810","323","0.804953","0.034055","2.501547987616099","641"
"811335","39866","16","0.437500","0.187500","2.0625","13"
"811405","35442","10","0.700000","0.100000","4.2","2"
"812183","72509","88","0.681818","0.034090","2.6363636363636362","102"
"812912","71434","12","0.333333","0.166666","2.5","12"
"813951","28229","7","0.142857","0.571428","2.142857142857143","0"
"814253","30017","9","0.555555","0.222222","1","4"
"814548","13676","12","0.250000","0.583333","0.4166666666666667","0"
"814803","23172","19","0.894736","0.000000","3.0526315789473686","9"
"815724","33148","7","0.571428","0.428571","11.285714285714286","35"
"816213","21920","9","0.555555","0.444444","2.3333333333333335","36"
"816620","711833","676","0.695266","0.073964","3.6375739644970415","43"
"817379","10152","8","0.625000","0.250000","0.875","1"
"817643","172397","45","0.466666","0.111111","13.11111111111111","57"
"818326","12245","59","0.254237","0.440677","0.4745762711864407","2"
"819355","28397","19","0.736842","0.000000","0.47368421052631576","0"
"819417","20441","8","0.500000","0.375000","3","3"
"820127","15691","32","0.375000","0.312500","3.9375","5"
"821679","67066","102","0.500000","0.176470","0.5392156862745098","5"
"823617","34458","25","0.800000","0.000000","4.36","20"
"824377","34576","12","0.500000","0.000000","0.25","0"
"825920","29647","5","0.400000","0.200000","17","0"
"826435","15929","5","0.000000","0.600000","0.2","0"
"826983","25838","9","0.222222","0.444444","4.111111111111111","13"
"827263","266445","17","0.235294","0.529411","8.352941176470589","13"
"828193","33847","7","0.285714","0.571428","1.5714285714285714","3"
"828584","17560","12","0.333333","0.666666","1.5","0"
"829493","18918","8","0.875000","0.125000","1.125","3"
"829571","330310","11","0.727272","0.090909","7","23"
"829970","16469","49","0.653061","0.122448","1.8775510204081634","27"
"831507","10815","14","0.857142","0.000000","0.35714285714285715","0"
"832052","15824","100","0.570000","0.110000","2.96","127"
"832230","65005","31","0.161290","0.645161","1.6451612903225807","226"
"835883","62879","5","0.000000","1.000000","1.2","0"
"836318","19030","6","0.333333","0.166666","2","0"
"836330","194195","426","0.460093","0.230046","1.7300469483568075","229"
"836708","12531","16","0.687500","0.000000","1.875","10"
"838912","20311","7","0.571428","0.142857","0.5714285714285714","2"
"839733","25359","41","0.365853","0.365853","7.195121951219512","26"
"840582","11638","16","0.187500","0.500000","1.3125","0"
"841830","29452","23","0.565217","0.086956","2.391304347826087","4"
"842106","20217","5","0.000000","0.400000","0.6","1"
"842935","52111","58","0.758620","0.155172","2.2413793103448274","24"
"843953","25724","251","0.322709","0.278884","6.589641434262949","603"
"844416","80768","195","0.630769","0.087179","1.7692307692307692","6"
"845034","17465","24","0.250000","0.375000","1.7083333333333333","5"
"845092","67745","11","0.272727","0.272727","7.636363636363637","8"
"845414","15256","15","0.600000","0.066666","27.466666666666665","40"
"847116","12923","7","0.571428","0.285714","8.142857142857142","2"
"847269","28437","30","0.700000","0.033333","0.4","0"
"847382","15459","85","0.776470","0.035294","6.576470588235294","11"
"847773","16495","8","0.625000","0.000000","6.375","0"
"847881","11531","19","0.684210","0.000000","9.473684210526315","0"
"848164","144884","18","0.277777","0.222222","5.222222222222222","17"
"849891","71682","114","0.307017","0.263157","5.043859649122807","376"
"850781","60713","22","0.500000","0.136363","1.3181818181818181","12"
"850848","205644","273","0.816849","0.025641","1.9084249084249085","1006"
"851699","13853","34","0.205882","0.647058","1.7058823529411764","0"
"851885","14671","6","0.000000","0.833333","3.1666666666666665","1"
"852806","17132","5","0.400000","0.400000","1.6","5"
"852828","119460","55","0.690909","0.127272","1.2181818181818183","4"
"853360","64556","8","0.625000","0.250000","2.125","6"
"855432","13945","5","0.200000","0.800000","1.4","0"
"856498","40592","13","0.769230","0.000000","2.6923076923076925","0"
"857132","29315","13","0.461538","0.230769","5.846153846153846","2"
"857390","10641","5","0.000000","0.600000","2.4","1"
"857848","11401","11","0.545454","0.272727","2.727272727272727","0"
"860034","15538","33","0.484848","0.121212","5.151515151515151","9"
"860099","94061","13","0.384615","0.461538","3.230769230769231","1"
"860585","22047","10","0.700000","0.200000","7.5","0"
"860630","18471","8","0.750000","0.000000","4.25","1"
"861388","15249","15","0.800000","0.000000","1.3333333333333333","3"
"861716","110127","47","0.510638","0.191489","29.404255319148938","408"
"862231","21223","15","0.600000","0.133333","1.2666666666666666","3"
"863110","29540","33","0.696969","0.090909","2.8484848484848486","36"
"863380","27103","5","0.200000","0.600000","0.4","4"
"865874","99741","80","0.625000","0.125000","3.4125","0"
"866021","17342","16","0.625000","0.062500","0.4375","22"
"866026","44443","9","0.444444","0.555555","1.5555555555555556","0"
"866082","17221","6","0.833333","0.166666","4.5","1"
"868014","70187","22","0.954545","0.000000","2.3636363636363638","23"
"869736","200806","219","0.529680","0.159817","3.374429223744292","5"
"870483","20908","17","0.823529","0.058823","0.35294117647058826","8"
"871026","160179","6","0.666666","0.000000","3","1"
"871096","17733","29","0.758620","0.103448","8.89655172413793","10"
"872328","15355","9","0.111111","0.888888","0.2222222222222222","17"
"874024","60114","15","0.466666","0.333333","1.4","1"
"874188","192337","540","0.451851","0.231481","7.196296296296296","1265"
"876497","20088","32","0.843750","0.031250","2.65625","12"
"878126","116784","19","0.105263","0.578947","11.578947368421053","3"
"878514","21359","5","0.000000","0.600000","0.2","0"
"878532","26173","65","0.461538","0.200000","5.923076923076923","6"
"880619","20394","68","0.647058","0.117647","3.8088235294117645","379"
"880990","114706","303","0.468646","0.227722","2.0066006600660065","307"
"881441","28308","134","0.365671","0.283582","1.0223880597014925","6"
"881798","14755","5","0.400000","0.000000","4","2"
"882003","88380","303","0.597359","0.122112","5.643564356435643","10"
"882875","11156","31","0.677419","0.064516","0.8709677419354839","1"
"884123","60848","329","0.604863","0.115501","0.9908814589665653","50"
"884372","21665","6","0.166666","0.333333","10.833333333333334","0"
"884521","27701","7","0.000000","0.714285","3.2857142857142856","24"
"884862","21145","7","0.571428","0.142857","0.8571428571428571","0"
"886697","15757","44","0.454545","0.159090","1.6818181818181819","3"
"887539","47403","47","0.404255","0.276595","1.9787234042553192","8"
"888472","11756","56","0.464285","0.232142","5.035714285714286","57"
"891440","23709","18","0.277777","0.333333","2.8333333333333335","16"
"892256","60376","8","0.125000","0.250000","8.375","5"
"892493","70375","14","0.857142","0.000000","2.4285714285714284","1"
"892629","25595","28","0.428571","0.214285","1.8928571428571428","12"
"893254","19111","21","0.095238","0.666666","8.761904761904763","4"
"893780","204789","194","0.731958","0.077319","5.11340206185567","48"
"894061","29898","9","0.666666","0.111111","6.888888888888889","3"
"894067","21162","10","0.500000","0.300000","2.2","1"
"894328","22652","17","0.352941","0.235294","4.176470588235294","8"
"894565","31884","27","0.481481","0.222222","0.8888888888888888","11"
"894763","11360","38","0.500000","0.157894","1.4473684210526316","2"
"894792","23799","8","0.125000","0.375000","5.125","9"
"894977","24086","198","0.434343","0.217171","2.257575757575758","9"
"895245","395501","83","0.108433","0.650602","2.0843373493975905","24"
"895789","12689","22","0.590909","0.090909","2.090909090909091","33"
"897326","26572","12","0.166666","0.500000","4.5","1"
"898348","51348","130","0.507692","0.184615","14.176923076923076","630"
"900078","21357","36","0.611111","0.194444","3.0277777777777777","58"
"900130","22361","5","0.200000","0.600000","2.2","5"
"900570","10516","5","0.200000","0.600000","0.2","2"
"901925","233427","786","0.491094","0.146310","4.296437659033079","115"
"902630","35667","5","0.400000","0.600000","1.4","0"
"903011","30782","11","0.545454","0.090909","6.545454545454546","19"
"903061","147541","550","0.560000","0.172727","4.465454545454546","461"
"903446","10352","18","0.666666","0.055555","1.3888888888888888","1"
"903651","15020","8","0.250000","0.125000","7.125","7"
"904393","68185","31","0.806451","0.064516","3.064516129032258","4"
"904422","24496","13","0.461538","0.230769","2.6923076923076925","6"
"905902","44545","30","0.400000","0.300000","15.233333333333333","39"
"906773","52849","44","0.613636","0.136363","1.6363636363636365","4"
"909199","12490","6","0.833333","0.166666","0.8333333333333334","0"
"911419","10677","41","0.512195","0.097560","4.365853658536586","375"
"911519","22549","6","0.500000","0.000000","5.5","3"
"912236","14031","13","0.230769","0.538461","1.8461538461538463","11"
"912319","19370","8","0.125000","0.625000","0.75","0"
"912829","10734","12","0.166666","0.750000","3.4166666666666665","6"
"913098","29033","35","0.428571","0.428571","8.742857142857142","98"
"913124","54132","6","0.500000","0.000000","1.3333333333333333","2"
"913935","16705","24","0.875000","0.041666","1.2083333333333333","1"
"914716","12597","46","0.869565","0.043478","1.108695652173913","2"
"917467","18937","18","0.388888","0.277777","4.666666666666667","0"
"917548","11578","7","0.714285","0.142857","4.714285714285714","3"
"918558","10462","14","0.428571","0.142857","4.5","18"
"918959","134911","7","0.142857","0.142857","8.714285714285714","9"
"920568","15497","6","0.500000","0.000000","0.3333333333333333","0"
"920669","16622","28","0.607142","0.178571","2.357142857142857","4"
"922584","12574","6","0.666666","0.000000","5.166666666666667","0"
"923560","28197","15","0.066666","0.800000","1.8","18"
"924299","29302","7","0.428571","0.285714","10.571428571428571","32"
"924313","32630","5","0.800000","0.000000","1.6","0"
"924597","22160","16","0.375000","0.312500","1.125","5"
"925478","12957","18","0.611111","0.111111","0.8333333333333334","5"
"925913","30473","9","0.333333","0.222222","3.5555555555555554","4"
"926143","48833","29","0.482758","0.172413","0.7586206896551724","0"
"927333","11833","32","0.187500","0.437500","0.40625","0"
"927493","36835","60","0.750000","0.033333","3.2333333333333334","1"
"929187","12580","111","0.702702","0.063063","1.4234234234234233","4"
"930271","25497","11","0.727272","0.181818","2.272727272727273","30"
"930393","20095","5","0.400000","0.400000","8.6","1"
"930640","19146","11","0.363636","0.454545","5","2"
"930728","19646","5","1.000000","0.000000","3","0"
"931379","12365","18","0.888888","0.000000","1.1666666666666667","0"
"932728","30038","138","0.768115","0.057971","3.072463768115942","88"
"933250","15373","11","0.818181","0.000000","6.545454545454546","1"
"934239","77985","17","1.000000","0.000000","1.8823529411764706","5"
"934407","13599","5","1.000000","0.000000","1","2"
"934946","10408","87","0.678160","0.068965","1.5977011494252873","34"
"935687","11878","5","0.800000","0.000000","18.8","4"
"936293","16564","7","0.571428","0.142857","3.7142857142857144","0"
"936310","31010","171","0.842105","0.023391","1.3508771929824561","59"
"936832","48398","62","0.854838","0.016129","0.9838709677419355","5"
"936986","22611","11","0.363636","0.363636","1.0909090909090908","2"
"937222","12293","5","0.400000","0.200000","4.2","46"
"938363","10290","9","0.444444","0.111111","9.88888888888889","0"
"939213","28114","8","0.250000","0.375000","7.25","0"
"939557","102379","292","0.787671","0.027397","2.6575342465753424","2"
"939860","671014","352","0.610795","0.116477","1.3920454545454546","940"
"939986","28423","6","0.500000","0.000000","3.5","1"
"940098","20148","6","0.000000","0.500000","6","18"
"941240","48501","28","0.357142","0.214285","12.75","1"
"941272","55770","7","0.285714","0.142857","2.5714285714285716","3"
"941531","16995","114","0.333333","0.289473","2.219298245614035","12"
"947357","66923","17","0.352941","0.294117","1.411764705882353","3"
"949217","19249","29","0.344827","0.310344","1.0344827586206897","4"
"949890","13639","5","0.400000","0.000000","1","1"
"951349","19662","6","0.000000","1.000000","4.5","3"
"951609","15154","20","0.850000","0.000000","1.25","0"
"952135","10970","9","0.444444","0.333333","1.3333333333333333","4"
"952296","14111","14","0.285714","0.642857","4.714285714285714","1"
"952648","23337","7","0.428571","0.142857","2.4285714285714284","21"
"954927","10005","5","0.400000","0.000000","6.8","0"
"954940","56370","27","0.481481","0.148148","5.074074074074074","0"
"954986","79427","86","0.511627","0.151162","4.476744186046512","27"
"956397","23713","7","0.285714","0.142857","1.1428571428571428","7"
"958373","12960","5","0.400000","0.200000","10.6","7"
"958529","10177","10","0.800000","0.100000","4.5","53"
"960558","98233","97","0.752577","0.010309","0.9484536082474226","23"
"960567","34396","6","0.666666","0.000000","7","0"
"961631","15497","20","0.350000","0.300000","11.95","15"
"962089","62366","11","0.545454","0.090909","15.545454545454545","3"
"962155","12068","11","0.272727","0.545454","11.363636363636363","1"
"964243","50343","12","0.166666","0.500000","2.5833333333333335","106"
"965146","22369","31","0.516129","0.161290","1.064516129032258","189"
"965900","38758","147","0.755102","0.054421","6.585034013605442","22"
"966023","55238","94","0.500000","0.191489","2.106382978723404","1"
"967492","59453","244","0.081967","0.676229","0.3319672131147541","0"
"967621","12858","147","0.183673","0.585034","0.46938775510204084","124"
"968244","24192","7","0.000000","0.857142","0.14285714285714285","10"
"970308","15255","12","0.666666","0.083333","2.25","1"
"971329","10768","6","0.500000","0.500000","1.3333333333333333","0"
"972216","19204","22","0.727272","0.045454","1.7272727272727273","0"
"973552","24432","11","0.181818","0.272727","4.454545454545454","19"
"973651","28750","67","0.611940","0.074626","1.044776119402985","0"
"974045","48063","5","0.000000","0.600000","0.4","0"
"974186","52090","47","0.531914","0.127659","0.48936170212765956","10"
"976391","16175","11","0.272727","0.181818","11.090909090909092","12"
"977017","16524","7","0.571428","0.000000","4.714285714285714","2"
"977083","10194","20","0.400000","0.250000","0.8","7"
"977206","11128","7","0.285714","0.571428","2.4285714285714284","0"
"977919","15344","15","0.733333","0.200000","6.6","40"
"978917","185123","19","0.789473","0.052631","4.421052631578948","27"
"978961","21119","10","0.800000","0.000000","13.8","12"
"979986","14409","39","0.435897","0.282051","0.2564102564102564","7"
"980442","13815","8","0.000000","0.875000","0.375","2"
"980549","14513","6","0.500000","0.166666","1.1666666666666667","0"
"980550","58611","6","0.500000","0.000000","32.166666666666664","18"
"981744","31330","29","0.655172","0.034482","5.344827586206897","9"
"981831","10343","15","0.533333","0.066666","2.2","0"
"981959","172677","8","0.625000","0.000000","5.125","3"
"982149","16535","45","0.555555","0.244444","31.822222222222223","143"
"982161","48444","26","0.423076","0.153846","1.3461538461538463","41"
"982257","23885","25","0.600000","0.240000","6","24"
"982341","30327","40","0.575000","0.025000","1.15","3"
"983476","10280","101","0.554455","0.118811","1.188118811881188","20"
"984421","121813","115","0.782608","0.060869","8.704347826086957","381"
"984471","28023","38","0.026315","0.657894","1.368421052631579","1"
"984823","110638","300","0.310000","0.290000","2.38","22"
"985454","32684","17","0.117647","0.588235","5.764705882352941","10"
"987358","11029","38","0.552631","0.157894","28.44736842105263","92"
"987753","11507","13","0.384615","0.153846","3.5384615384615383","15"
"990750","11226","29","0.448275","0.241379","2.103448275862069","9"
"992484","347675","345","0.724637","0.060869","4.553623188405797","45"
"992490","16818","17","0.294117","0.117647","1.5294117647058822","0"
"992600","11003","11","0.272727","0.363636","2","5"
"993494","14672","6","0.166666","0.500000","0.16666666666666666","0"
"995579","64626","18","0.388888","0.222222","0.3888888888888889","1"
"995714","43610","106","0.283018","0.443396","12.90566037735849","1077"
"995862","58738","10","0.400000","0.200000","1.4","0"
"995891","64093","16","0.312500","0.187500","18.125","6"
"996081","13810","6","0.666666","0.000000","2.5","1"
"997162","17745","6","0.333333","0.333333","5.166666666666667","29"
"997358","119650","248","0.318548","0.266129","0.9354838709677419","172"
"999042","23341","7","0.571428","0.285714","1.2857142857142858","0"
"999617","10928","13","0.615384","0.230769","3.6153846153846154","6"
"999943","19346","8","0.125000","0.375000","3","3"
"1000741","10669","5","0.000000","1.000000","1.6","0"
"1001884","16507","71","0.549295","0.112676","1.4507042253521127","6"
"1003565","62293","6","0.333333","0.166666","10.166666666666666","3"
"1005607","12880","20","0.500000","0.350000","4.45","2"
"1007220","23258","69","0.637681","0.159420","18.6231884057971","2156"
"1007991","13849","20","0.700000","0.100000","2.45","4"
"1008999","38960","23","0.434782","0.391304","1.7826086956521738","5"
"1010363","17861","5","0.600000","0.200000","0","0"
"1011253","11617","51","0.568627","0.098039","2.3333333333333335","10"
"1011435","13321","17","0.764705","0.000000","0.4117647058823529","0"
"1011695","14141","20","0.850000","0.000000","0.5","0"
"1013719","37262","16","0.375000","0.375000","2.9375","20"
"1015483","17728","12","0.500000","0.250000","2.4166666666666665","2"
"1016216","27490","5","0.600000","0.200000","0.8","3"
"1016343","27507","21","0.142857","0.619047","6.238095238095238","58"
"1016435","35533","97","0.505154","0.134020","6.041237113402062","19"
"1016588","26202","10","0.200000","0.600000","0.5","8"
"1017161","12854","7","0.428571","0.142857","1","0"
"1017276","17309","9","0.000000","0.555555","2.111111111111111","3"
"1018140","16031","7","0.571428","0.142857","1.7142857142857142","0"
"1018659","26029","33","0.484848","0.181818","0.6666666666666666","1"
"1021703","26421","57","0.473684","0.175438","6.526315789473684","68"
"1021725","13842","5","0.800000","0.000000","4.8","20"
"1022260","11554","12","0.583333","0.083333","1.6666666666666667","0"
"1022330","13461","5","0.400000","0.200000","6.2","1"
"1023553","11997","35","0.371428","0.228571","1.1714285714285715","1"
"1023911","16859","15","0.666666","0.133333","1.1333333333333333","1"
"1024832","11640","15","0.333333","0.333333","6.066666666666666","2"
"1025391","32660","6","0.500000","0.333333","4.333333333333333","3"
"1026621","18211","7","0.142857","0.857142","0.5714285714285714","0"
"1027367","12772","7","0.714285","0.000000","3.142857142857143","1"
"1028230","17801","9","0.222222","0.555555","12.777777777777779","64"
"1028270","32542","6","0.166666","0.500000","17.5","0"
"1028949","17613","7","0.857142","0.142857","1.8571428571428572","2"
"1029088","15868","7","0.285714","0.428571","3.4285714285714284","20"
"1029453","23641","34","0.588235","0.058823","4.588235294117647","2"
"1030087","17611","8","0.375000","0.250000","1.5","1"
"1030675","245598","225","0.488888","0.195555","1.7066666666666668","37"
"1031175","13962","5","1.000000","0.000000","0.2","0"
"1031191","12674","9","0.111111","0.666666","3.111111111111111","3"
"1031556","16939","19","0.684210","0.105263","0.7368421052631579","1"
"1031689","15930","23","0.913043","0.043478","2.130434782608696","13"
"1031887","10260","47","0.319148","0.297872","2.276595744680851","4"
"1032372","10372","11","0.545454","0.090909","5.181818181818182","192"
"1032613","36821","100","0.530000","0.200000","1.12","14"
"1032785","35524","17","0.588235","0.117647","52","25"
"1032890","18044","43","0.441860","0.162790","1.0465116279069768","8"
"1033422","24968","9","0.555555","0.111111","1.4444444444444444","0"
"1033615","13606","7","0.714285","0.000000","2.142857142857143","6"
"1033654","35340","28","0.750000","0.035714","3.5357142857142856","40"
"1033686","43011","5","0.200000","0.600000","7.6","3"
"1035008","33502","8","0.250000","0.625000","0.625","2"
"1037407","11648","6","0.166666","0.500000","0.6666666666666666","0"
"1038015","125589","70","0.771428","0.057142","8.785714285714286","70"
"1041641","19783","38","0.605263","0.236842","2.1315789473684212","46"
"1043380","17776","132","0.575757","0.159090","10.303030303030303","354"
"1044117","19077","9","0.666666","0.111111","2","0"
"1045142","36624","182","0.736263","0.043956","3.4835164835164836","26"
"1045881","22750","27","0.148148","0.555555","1.7037037037037037","6"
"1046007","12704","8","0.375000","0.375000","6.75","11"
"1046037","17953","41","0.512195","0.195121","7.7560975609756095","2"
"1046610","16508","5","0.600000","0.000000","2.4","2"
"1047662","30451","8","1.000000","0.000000","7.25","20"
"1047788","30088","33","0.212121","0.606060","1.5454545454545454","9"
"1048425","70034","47","0.510638","0.127659","4","6"
"1048572","671642","622","0.541800","0.149517","10.935691318327974","528"
"1050755","11811","6","0.166666","0.666666","3.5","3"
"1054558","58080","101","0.554455","0.069306","1.2376237623762376","69"
"1054992","11917","5","0.400000","0.200000","9.4","0"
"1055118","19428","19","0.368421","0.210526","6.157894736842105","13"
"1055279","25845","19","0.578947","0.105263","2.789473684210526","0"
"1055722","17317","27","0.814814","0.111111","2.5185185185185186","1"
"1056563","64160","29","0.724137","0.137931","7.137931034482759","6"
"1057052","11419","13","0.307692","0.692307","2.769230769230769","0"
"1057429","53633","17","0.529411","0.117647","3","4"
"1057485","22911","39","0.461538","0.102564","8.102564102564102","21"
"1057547","20984","13","0.384615","0.307692","1.3076923076923077","1"
"1058134","16498","8","0.250000","0.375000","9.875","13"
"1059070","10785","8","0.625000","0.000000","0.375","0"
"1059101","74746","18","0.611111","0.222222","3.0555555555555554","9"
"1059372","122002","29","0.172413","0.551724","6.172413793103448","15"
"1059828","16958","7","0.285714","0.571428","1.2857142857142858","0"
"1063716","39862","18","0.055555","0.611111","1.8333333333333333","41"
"1064169","11122","6","0.833333","0.166666","20.666666666666668","5"
"1064245","73212","26","0.423076","0.192307","0.46153846153846156","4"
"1064767","32546","60","0.550000","0.083333","6.333333333333333","39"
"1066234","15482","19","0.421052","0.473684","11.473684210526315","51"
"1066828","31849","21","0.380952","0.142857","3.4761904761904763","37"
"1067003","22670","64","0.546875","0.187500","3.390625","11"
"1068446","12581","11","0.272727","0.454545","2.8181818181818183","3"
"1068879","41085","5","0.800000","0.000000","1.2","6"
"1069083","21377","7","0.142857","0.571428","6","3"
"1071320","32677","32","0.250000","0.312500","1.125","127"
"1072112","47300","7","0.142857","0.571428","3","1"
"1072187","12882","7","0.285714","0.571428","4.428571428571429","0"
"1072846","17111","5","0.200000","0.600000","1.8","1"
"1073758","22966","42","0.428571","0.214285","1.0238095238095237","10"
"1074097","23737","9","0.888888","0.000000","1.2222222222222223","0"
"1076463","36721","8","0.375000","0.375000","1","3"
"1076479","12437","7","0.857142","0.000000","2.857142857142857","1"
"1076640","43706","7","0.428571","0.142857","6.571428571428571","3"
"1077309","66236","19","0.000000","0.684210","1.2105263157894737","18"
"1077672","32599","38","0.236842","0.315789","4.7631578947368425","25"
"1077789","31383","5","0.200000","0.800000","3","15"
"1078009","15896","11","0.636363","0.181818","10.818181818181818","0"
"1078601","14521","23","0.869565","0.000000","0.17391304347826086","0"
"1078969","13760","17","0.705882","0.000000","1.8823529411764706","3"
"1079221","34372","13","0.384615","0.076923","1.3076923076923077","3"
"1079354","107236","19","0.473684","0.421052","4.894736842105263","20"
"1079990","17963","7","0.428571","0.571428","3.5714285714285716","1"
"1080064","14389","6","0.500000","0.166666","89","14"
"1080354","44038","8","0.250000","0.375000","0.75","3"
"1080923","22432","121","0.826446","0.024793","0.5867768595041323","0"
"1081043","39169","18","0.111111","0.611111","3.8333333333333335","13"
"1081110","80310","79","0.531645","0.101265","8.531645569620252","23"
"1081396","41712","13","0.846153","0.076923","2.076923076923077","0"
"1081897","153338","100","0.350000","0.240000","2.82","47"
"1082681","68709","139","0.784172","0.028776","4.251798561151079","174"
"1083093","42946","5","0.200000","0.600000","2","0"
"1083572","28422","56","0.589285","0.142857","6.160714285714286","4"
"1083663","49017","112","0.625000","0.151785","1.8214285714285714","6"
"1084174","40598","6","0.333333","0.333333","6.833333333333333","0"
"1084416","24303","16","0.187500","0.562500","23.625","6"
"1084774","60788","25","0.480000","0.360000","3.72","2"
"1086121","43592","99","0.676767","0.151515","9.545454545454545","40"
"1086398","12014","220","0.713636","0.063636","2.7454545454545456","4"
"1087119","21514","77","0.571428","0.181818","1.0389610389610389","42"
"1089161","19645","216","0.601851","0.087962","0.6944444444444444","31"
"1089967","29584","14","0.142857","0.428571","1.4285714285714286","0"
"1090206","23420","34","0.470588","0.235294","4.647058823529412","38"
"1090438","11614","9","0.222222","0.555555","1.4444444444444444","0"
"1091116","11778","6","0.500000","0.333333","2","0"
"1091436","10536","5","0.000000","0.600000","1","3"
"1092818","10802","21","0.523809","0.238095","2.8095238095238093","2"
"1092820","20367","63","0.619047","0.095238","6.920634920634921","153"
"1094333","24655","88","0.613636","0.147727","1.2045454545454546","14"
"1095108","14757","26","0.076923","0.615384","3.1538461538461537","5"
"1096110","10566","12","0.000000","0.833333","0.08333333333333333","0"
"1097600","10310","11","0.000000","0.909090","0.2727272727272727","0"
"1097780","36613","11","0.545454","0.090909","1.2727272727272727","37"
"1098622","24718","7","1.000000","0.000000","1.1428571428571428","0"
"1098851","123579","34","0.500000","0.176470","1.5294117647058822","2"
"1099571","11555","5","1.000000","0.000000","3.2","5"
"1099876","22661","5","0.200000","0.400000","0.4","1"
"1100107","85429","354","0.669491","0.059322","1.4124293785310735","48"
"1100248","19564","17","0.705882","0.117647","2.6470588235294117","2"
"1102051","26154","53","0.207547","0.528301","2.3962264150943398","7"
"1103511","26256","410","0.763414","0.048780","0.802439024390244","244"
"1103561","20590","5","0.600000","0.400000","1.6","0"
"1103872","201226","9","0.555555","0.222222","6.444444444444445","4"
"1103953","23042","14","0.071428","0.857142","0.5714285714285714","2"
"1104384","107681","11","0.727272","0.090909","2.5454545454545454","8"
"1104402","21740","9","0.555555","0.222222","1.7777777777777777","4"
"1104727","11687","14","0.357142","0.428571","0.8571428571428571","1"
"1108032","47096","6","0.500000","0.333333","2.1666666666666665","1"
"1108213","20964","21","0.619047","0.142857","0.8095238095238095","1"
"1108305","23793","45","0.133333","0.533333","2.7777777777777777","241"
"1110423","37306","102","0.715686","0.049019","4.745098039215686","25"
"1110941","20738","8","0.125000","0.500000","0.5","1"
"1112963","20072","14","0.142857","0.642857","1.2857142857142858","4"
"1113002","38536","24","0.708333","0.000000","3.75","5"
"1113207","40296","9","0.666666","0.111111","1.6666666666666667","0"
"1113486","28471","21","0.857142","0.095238","1.2380952380952381","1"
"1115360","25325","56","0.392857","0.196428","12.589285714285714","140"
"1115491","22001","47","0.617021","0.085106","0.723404255319149","3"
"1116230","12137","42","0.738095","0.095238","68.11904761904762","81"
"1116391","24710","34","0.852941","0.029411","1.3529411764705883","5"
"1117368","11877","187","0.786096","0.048128","0.8235294117647058","420"
"1117851","18079","9","0.000000","0.777777","0.6666666666666666","0"
"1119863","40740","15","0.466666","0.200000","1.2","0"
"1120273","154891","12","0.666666","0.166666","3.9166666666666665","0"
"1121008","10538","114","0.517543","0.201754","1.9210526315789473","288"
"1121249","14828","16","0.500000","0.125000","2.6875","6"
"1121288","17596","60","0.800000","0.016666","0.7166666666666667","4"
"1121352","16876","5","0.200000","0.800000","1.4","0"
"1121497","11647","7","0.000000","0.714285","2.4285714285714284","1"
"1123226","17226","110","0.390909","0.218181","0.7363636363636363","56"
"1123501","20210","13","0.230769","0.230769","0.8461538461538461","3"
"1125159","19536","19","0.421052","0.210526","1.263157894736842","1"
"1125910","12490","11","0.727272","0.000000","0.9090909090909091","1"
"1126273","13881","11","0.363636","0.000000","4.090909090909091","4"
"1126841","540021","1034","0.444874","0.213733","5.9361702127659575","167"
"1127114","55840","12","0.583333","0.166666","1.25","7"
"1127428","28358","142","0.549295","0.112676","17.309859154929576","5544"
"1129332","32560","10","0.300000","0.400000","1.4","1"
"1130542","11903","5","0.400000","0.200000","2.4","1"
"1131467","69558","7","0.428571","0.142857","6.857142857142857","1"
"1134080","10406","5","0.200000","0.400000","11.4","19"
"1135954","13855","6","0.166666","0.666666","1","13"
"1136211","129214","124","0.806451","0.024193","9.314516129032258","211"
"1137055","13697","18","0.500000","0.277777","2.8333333333333335","0"
"1137174","54498","115","0.652173","0.078260","1.4956521739130435","68"
"1137199","35800","22","0.227272","0.272727","3.8181818181818183","3"
"1137669","41321","5","0.400000","0.000000","7.4","0"
"1138192","38919","60","0.366666","0.350000","1.6","11"
"1138523","27307","5","0.600000","0.400000","2.4","8"
"1139393","33619","10","0.800000","0.000000","1.4","0"
"1139697","106664","5","0.800000","0.000000","0.4","5"
"1139830","32840","10","0.600000","0.200000","70","73"
"1140579","149930","38","0.552631","0.184210","5.078947368421052","34"
"1141089","10111","5","0.600000","0.200000","0","0"
"1141493","26521","9","0.333333","0.111111","2.2222222222222223","0"
"1141918","33600","7","0.142857","0.714285","7","0"
"1142348","14328","9","0.333333","0.333333","7.111111111111111","1"
"1143850","12627","64","0.515625","0.125000","2.1875","3"
"1144627","18506","14","0.357142","0.285714","10.928571428571429","22"
"1145388","25858","130","0.776923","0.061538","5.876923076923077","2208"
"1145666","33757","10","0.700000","0.100000","3.1","4"
"1146363","48934","14","0.642857","0.142857","35.07142857142857","2"
"1147688","17953","38","0.315789","0.342105","6.526315789473684","42"
"1150683","28928","7","0.285714","0.428571","6","1"
"1150712","34294","76","0.434210","0.131578","2.013157894736842","37"
"1151521","23883","7","0.285714","0.571428","3.2857142857142856","7"
"1151741","12936","30","0.133333","0.800000","0.6333333333333333","1"
"1151916","17185","12","0.250000","0.500000","1.3333333333333333","1"
"1151929","14020","15","0.400000","0.200000","4.733333333333333","5"
"1153938","35005","7","0.714285","0.000000","3.142857142857143","1"
"1155209","160632","216","0.726851","0.041666","7.157407407407407","146"
"1156452","22770","83","0.698795","0.084337","2.36144578313253","48"
"1157814","36739","9","0.333333","0.111111","7.444444444444445","1"
"1159478","203841","7","0.714285","0.000000","29.285714285714285","2"
"1160445","12992","8","0.375000","0.125000","0.75","0"
"1161878","47146","42","0.523809","0.119047","6.023809523809524","13"
"1162409","17506","20","0.250000","0.500000","4.75","0"
"1163423","59451","29","0.551724","0.137931","1.0689655172413792","7"
"1164465","24582","17","0.294117","0.294117","0.8823529411764706","112"
"1165509","24218","6","0.666666","0.000000","0.5","0"
"1165998","34203","60","0.500000","0.150000","4.35","12"
"1166285","23274","21","0.333333","0.285714","2.5714285714285716","30"
"1166684","24500","14","0.571428","0.000000","2.857142857142857","11"
"1166880","17206","12","0.666666","0.166666","1.75","0"
"1168342","13217","53","0.754716","0.075471","1.3584905660377358","30"
"1168588","18060","6","0.833333","0.000000","1.6666666666666667","3"
"1169096","32528","10","0.600000","0.000000","2.8","6"
"1169349","11345","12","0.416666","0.166666","3.6666666666666665","19"
"1169519","23496","15","0.466666","0.200000","95.4","61"
"1170677","19211","5","0.000000","1.000000","2.4","7"
"1171509","11673","5","0.400000","0.000000","5.6","1"
"1171619","35314","11","0.818181","0.090909","0.8181818181818182","0"
"1172002","109472","7","1.000000","0.000000","3.2857142857142856","2"
"1172189","11626","47","0.574468","0.085106","10.404255319148936","192"
"1173495","10217","37","0.351351","0.378378","0.24324324324324326","1"
"1174024","10779","14","0.571428","0.428571","3.0714285714285716","11"
"1175966","171692","37","0.405405","0.297297","16.81081081081081","4"
"1177147","16194","23","0.521739","0.086956","1.2173913043478262","2"
"1179573","11617","9","0.777777","0.111111","2.6666666666666665","4"
"1180351","10354","168","0.571428","0.184523","2.232142857142857","2"
"1180620","115747","262","0.786259","0.038167","1.8702290076335877","75"
"1180728","10129","10","0.300000","0.400000","1.8","4"
"1182464","27215","10","0.000000","0.800000","1.1","0"
"1184717","10267","11","0.363636","0.272727","1.5454545454545454","1"
"1185254","11459","13","0.615384","0.307692","8","86"
"1185624","12829","5","0.200000","0.400000","0.8","0"
"1187415","541716","35","0.628571","0.057142","7.828571428571428","13"
"1188322","34197","68","0.382352","0.323529","2.073529411764706","36"
"1188513","71587","22","0.500000","0.318181","14.272727272727273","15"
"1189885","77497","45","0.488888","0.155555","5.377777777777778","15"
"1191247","13014","132","0.515151","0.121212","1.7348484848484849","17"
"1191259","66902","5","0.400000","0.200000","2.4","0"
"1192111","11576","11","0.545454","0.272727","0.7272727272727273","37"
"1192188","10228","5","0.200000","0.400000","2.2","3"
"1194415","88007","49","0.632653","0.102040","2.9183673469387754","4"
"1197045","10744","19","0.947368","0.000000","2","7"
"1197251","10255","51","0.470588","0.117647","1.5098039215686274","5"
"1197518","216651","79","0.645569","0.050632","9.189873417721518","47"
"1199289","12059","16","0.500000","0.250000","1.9375","2"
"1199464","12974","22","0.500000","0.090909","3.4545454545454546","14"
"1200545","46904","17","0.941176","0.000000","1.411764705882353","0"
"1201725","10893","5","0.400000","0.400000","1","0"
"1202807","41715","194","0.716494","0.067010","2.2938144329896906","74"
"1204143","181029","13","0.461538","0.076923","2.6153846153846154","6"
"1205871","58251","33","0.181818","0.666666","2.121212121212121","8"
"1207489","10230","6","0.166666","0.333333","1.6666666666666667","1"
"1209921","13302","86","0.232558","0.395348","8.906976744186046","68"
"1210329","161649","64","0.921875","0.000000","2.609375","78"
"1211528","43928","16","0.500000","0.250000","3.8125","0"
"1212012","10149","49","0.714285","0.142857","2.163265306122449","49"
"1212166","13388","28","0.857142","0.000000","2.2857142857142856","8"
"1212401","12462","39","0.538461","0.205128","5.743589743589744","2"
"1212596","84429","7","0.285714","0.285714","1.7142857142857142","0"
"1213708","57323","40","0.600000","0.175000","8.725","70"
"1215076","19042","25","0.800000","0.040000","0.4","0"
"1215291","14091","13","0.538461","0.230769","8.692307692307692","6"
"1215344","13288","9","0.333333","0.666666","4.111111111111111","1"
"1216776","13308","54","0.481481","0.240740","19.537037037037038","11"
"1217358","115950","132","0.757575","0.090909","2.977272727272727","30"
"1218408","15907","9","0.333333","0.333333","2.5555555555555554","24"
"1218512","22773","78","0.564102","0.141025","2.7564102564102564","32"
"1218618","18607","9","0.777777","0.111111","0.7777777777777778","6"
"1218980","17521","6","1.000000","0.000000","35.666666666666664","78"
"1219280","11738","8","0.875000","0.125000","3.75","9"
"1219295","43805","213","0.582159","0.117370","1.2253521126760563","21"
"1219755","26144","5","1.000000","0.000000","35.6","1"
"1220364","12905","116","0.612068","0.068965","1.896551724137931","14"
"1220550","24823","59","0.440677","0.305084","3.2542372881355934","70"
"1221571","395204","40","0.575000","0.125000","1.35","11"
"1222951","44186","7","0.571428","0.142857","20.857142857142858","12"
"1223975","102178","21","0.380952","0.142857","4.761904761904762","5"
"1224069","12465","6","0.666666","0.166666","2.5","3"
"1225328","48957","23","0.391304","0.217391","3.1739130434782608","3"
"1225617","23402","68","0.382352","0.279411","1.2058823529411764","268"
"1226150","11777","5","0.200000","0.200000","2.4","2"
"1227152","19143","11","0.545454","0.090909","4.2727272727272725","40"
"1229023","106973","22","0.545454","0.090909","4.636363636363637","8"
"1229624","24805","5","0.200000","0.400000","1.2","1"
"1230836","76776","34","0.588235","0.088235","2.6470588235294117","0"
"1231450","43293","11","0.272727","0.545454","1.8181818181818181","6"
"1233251","30700","30","0.600000","0.133333","6.3","1485"
"1233320","12812","7","0.571428","0.285714","0.7142857142857143","0"
"1233652","14046","5","0.600000","0.200000","4.2","0"
"1235698","75836","32","0.500000","0.156250","7.9375","471"
"1235929","20384","12","0.250000","0.500000","11.583333333333334","0"
"1236044","15488","19","0.789473","0.000000","2.263157894736842","4"
"1237575","44392","55","0.854545","0.000000","0.6727272727272727","1"
"1238019","68891","11","0.636363","0.181818","1","11"
"1238413","13844","21","0.428571","0.095238","2.5714285714285716","10"
"1238965","22568","9","0.666666","0.222222","14.555555555555555","35"
"1240763","176056","475","0.842105","0.010526","1.591578947368421","52"
"1242842","10693","5","0.000000","0.600000","5.8","1"
"1243247","16603","27","0.185185","0.518518","5.62962962962963","47"
"1243641","50918","314","0.184713","0.452229","2.038216560509554","13"
"1243762","25186","14","0.714285","0.142857","9.142857142857142","44"
"1244597","12288","14","0.071428","0.785714","0.8571428571428571","1"
"1244884","19352","41","0.170731","0.560975","0.7073170731707317","34"
"1245450","18174","84","0.869047","0.011904","0.39285714285714285","10"
"1248114","43231","110","0.700000","0.027272","7.736363636363636","18"
"1248175","47158","9","0.111111","0.444444","0.6666666666666666","0"
"1248177","23875","36","0.305555","0.416666","2","26"
"1248295","20079","7","0.714285","0.285714","3.857142857142857","1"
"1249641","24213","42","0.547619","0.214285","4.0476190476190474","15"
"1249962","27676","94","0.287234","0.244680","0.8191489361702128","18"
"1250772","59323","68","0.161764","0.470588","2.735294117647059","3"
"1252647","16217","5","0.400000","0.000000","7.4","6"
"1252759","142952","63","0.428571","0.238095","8.158730158730158","61"
"1252916","11294","10","0.500000","0.000000","0.4","1"
"1254917","10846","12","0.583333","0.000000","2.5833333333333335","0"
"1255289","42420","95","0.526315","0.189473","10.83157894736842","1906"
"1255356","11176","15","0.733333","0.000000","1.9333333333333333","3"
"1255873","25474","17","0.470588","0.235294","3.823529411764706","2"
"1256041","38029","16","0.312500","0.375000","2.6875","6"
"1256452","502899","838","0.627684","0.082338","5.411694510739856","2015"
"1256697","13818","8","0.625000","0.375000","1.625","4"
"1258041","66533","9","0.333333","0.444444","2.4444444444444446","8"
"1260204","62476","10","0.700000","0.000000","28.2","50"
"1260906","11894","5","1.000000","0.000000","0.4","3"
"1261281","13738","7","0.857142","0.000000","1.5714285714285714","11"
"1261825","26849","19","0.421052","0.210526","1.1578947368421053","1"
"1262551","25462","6","0.166666","0.500000","0.5","0"
"1263942","29990","5","0.000000","0.600000","1.2","1"
"1264304","11131","25","0.120000","0.520000","1.4","1"
"1264804","61438","328","0.484756","0.216463","8.295731707317072","4401"
"1264846","12254","9","0.888888","0.000000","0.5555555555555556","0"
"1265240","23581","6","0.166666","0.833333","0.16666666666666666","1"
"1265393","35680","5","0.000000","0.800000","3.8","295"
"1266040","25400","15","0.266666","0.600000","0.4666666666666667","2"
"1266109","21155","8","0.375000","0.125000","5.25","0"
"1266756","42696","75","0.626666","0.080000","7.1466666666666665","23"
"1267304","21545","18","0.666666","0.055555","1.6666666666666667","7"
"1267778","23221","6","0.000000","0.833333","0.6666666666666666","0"
"1269567","70277","237","0.616033","0.105485","0.9746835443037974","13"
"1270003","15454","8","0.500000","0.125000","6.25","2"
"1270789","15236","18","0.500000","0.111111","7.333333333333333","34"
"1271826","441734","295","0.603389","0.122033","2.0983050847457627","166"
"1272950","16442","11","1.000000","0.000000","2.5454545454545454","0"
"1273080","38522","9","0.666666","0.222222","8.88888888888889","9"
"1274485","15939","7","0.285714","0.714285","3.4285714285714284","18"
"1275169","122540","14","0.571428","0.214285","2.2142857142857144","2"
"1275832","11722","5","0.800000","0.200000","1.8","1"
"1276664","29091","152","0.769736","0.065789","3.3421052631578947","11"
"1281433","86267","7","0.714285","0.000000","2.7142857142857144","10"
"1283554","17825","13","0.692307","0.153846","0.9230769230769231","3"
"1283845","23566","6","0.333333","0.500000","1","2"
"1284760","12183","7","0.285714","0.428571","1.2857142857142858","4"
"1287856","10795","21","0.714285","0.000000","1.2380952380952381","5"
"1290731","62648","154","0.396103","0.233766","1.6948051948051948","8"
"1290746","12826","5","0.600000","0.400000","2.4","1"
"1291492","35269","174","0.465517","0.172413","2.7471264367816093","24"
"1292050","16671","9","0.000000","0.777777","0.2222222222222222","2"
"1292464","26099","11","0.727272","0.090909","1.4545454545454546","2"
"1292848","102794","104","0.673076","0.086538","1.1057692307692308","9"
"1293244","15120","31","0.580645","0.129032","2.5483870967741935","1"
"1294207","34536","34","0.647058","0.088235","2.9705882352941178","5"
"1294667","12071","7","0.000000","0.857142","0.42857142857142855","2"
"1296178","10274","5","0.400000","0.600000","0.2","0"
"1296746","10820","34","0.205882","0.470588","1.1764705882352942","2"
"1297272","12467","7","1.000000","0.000000","0.42857142857142855","4"
"1299005","16730","16","0.875000","0.000000","0.4375","2"
"1299362","16623","11","0.454545","0.272727","1.2727272727272727","7"
"1300730","11205","11","0.818181","0.000000","2.727272727272727","7"
"1301972","85243","88","0.375000","0.250000","1.5454545454545454","21"
"1305121","27970","74","0.662162","0.094594","2.2567567567567566","1"
"1305344","75141","18","0.666666","0.000000","1.6666666666666667","80"
"1305693","16968","50","0.840000","0.060000","0.56","1"
"1305969","29130","94","0.521276","0.074468","1.0957446808510638","99"
"1307905","78621","130","0.692307","0.069230","1.5846153846153845","121"
"1310511","12312","5","0.200000","0.400000","4.6","6"
"1310929","19438","22","0.454545","0.227272","0.6363636363636364","0"
"1312382","25635","127","0.370078","0.251968","10.48031496062992","27"
"1313233","17525","6","0.000000","1.000000","2.1666666666666665","15"
"1314762","12205","20","1.000000","0.000000","2.2","0"
"1315009","11185","5","0.000000","0.200000","4.4","5"
"1315444","46273","38","0.263157","0.447368","1.4210526315789473","8"
"1315767","61427","108","0.296296","0.296296","0.46296296296296297","70"
"1317018","25389","7","0.142857","0.428571","5.428571428571429","0"
"1318694","75879","46","0.543478","0.130434","3.3260869565217392","15"
"1318946","62629","24","0.458333","0.250000","2.3333333333333335","26"
"1319998","27420","26","0.307692","0.423076","1.5","1"
"1320510","20708","11","0.545454","0.000000","0.6363636363636364","7"
"1320693","24824","27","0.666666","0.037037","1.0740740740740742","16"
"1320845","26313","29","0.482758","0.275862","6.103448275862069","8"
"1321564","24707","5","0.800000","0.000000","1.8","2"
"1321917","32727","9","0.111111","0.555555","1.5555555555555556","1"
"1322268","18052","175","0.331428","0.285714","3.902857142857143","21"
"1322401","45830","39","0.358974","0.487179","5.051282051282051","19"
"1322972","66500","100","0.640000","0.110000","19.56","136"
"1324033","43399","43","0.441860","0.325581","10.255813953488373","69"
"1326518","11038","92","0.684782","0.108695","0.6956521739130435","14"
"1326913","12914","12","0.666666","0.083333","0.4166666666666667","3"
"1328439","17363","38","0.500000","0.263157","2.6578947368421053","92"
"1329116","12972","17","0.764705","0.058823","0.8823529411764706","6"
"1329652","99341","9","0.444444","0.222222","1.2222222222222223","5"
"1331399","47929","35","0.257142","0.371428","0.8571428571428571","14"
"1331425","54792","5","0.800000","0.000000","1","0"
"1331451","54443","29","0.379310","0.103448","3.5172413793103448","11"
"1333025","63703","9","0.222222","0.333333","1.3333333333333333","2"
"1336654","62552","20","0.150000","0.500000","5.15","2"
"1337392","17867","17","0.647058","0.000000","1.411764705882353","0"
"1340631","21713","14","0.857142","0.000000","2.642857142857143","10"
"1342082","21545","19","0.789473","0.157894","0.7894736842105263","1"
"1344825","18326","26","0.769230","0.076923","0.2692307692307692","0"
"1346234","43905","179","0.553072","0.150837","4.553072625698324","25"
"1346276","21108","57","0.333333","0.228070","2.6315789473684212","36"
"1347784","11376","19","0.421052","0.105263","1.631578947368421","1"
"1347953","12148","6","1.000000","0.000000","2.3333333333333335","1"
"1348195","277853","18","0.666666","0.055555","6.388888888888889","7"
"1350987","12259","8","0.750000","0.250000","3.5","4"
"1351469","53525","40","0.650000","0.125000","1.125","0"
"1353011","97892","61","0.655737","0.131147","1.0655737704918034","8"
"1354378","12280","51","0.411764","0.235294","1.9607843137254901","30"
"1356107","28979","24","0.500000","0.083333","1.875","11"
"1356110","11019","5","0.800000","0.000000","4","0"
"1357015","11746","8","0.375000","0.250000","5.5","0"
"1358308","16513","69","0.449275","0.217391","3.608695652173913","33"
"1359058","12069","5","0.400000","0.000000","0.4","0"
"1359668","43811","7","0.285714","0.428571","1.1428571428571428","0"
"1360730","11304","5","0.800000","0.000000","2.2","2"
"1361787","14016","11","0.454545","0.090909","14.636363636363637","8"
"1362755","43602","28","0.821428","0.035714","1.1071428571428572","4"
"1364288","28036","20","0.650000","0.050000","1.85","0"
"1364771","21327","16","0.812500","0.062500","1.625","3"
"1366033","31434","40","0.175000","0.600000","1.75","244"
"1366368","11221","10","0.500000","0.200000","11.6","5"
"1366871","52808","54","0.574074","0.111111","1.6666666666666667","74"
"1367454","24733","322","0.419254","0.236024","1.4906832298136645","689"
"1369235","32767","13","0.307692","0.307692","1.7692307692307692","52"
"1371329","17488","25","0.440000","0.200000","5.36","41"
"1374437","75000","23","0.782608","0.043478","2.5217391304347827","1"
"1374461","15161","12","0.500000","0.083333","2.25","0"
"1376536","11146","6","0.833333","0.000000","1.6666666666666667","0"
"1376618","23171","345","0.875362","0.020289","2.527536231884058","16"
"1376627","11122","12","0.250000","0.500000","6.333333333333333","0"
"1377002","63672","675","0.176296","0.514074","3.9140740740740743","384"
"1377097","16960","9","0.666666","0.000000","30.77777777777778","105"
"1377145","17945","10","0.600000","0.300000","1.9","3"
"1377895","13034","9","0.111111","0.444444","6.666666666666667","0"
"1379286","23201","8","0.750000","0.000000","5.125","0"
"1384297","117874","93","0.741935","0.043010","1.6236559139784945","17"
"1384539","18447","69","0.666666","0.086956","1.3768115942028984","4"
"1386054","50180","18","0.388888","0.388888","2.388888888888889","0"
"1386551","32938","359","0.690807","0.072423","0.7827298050139275","977"
"1387174","12328","9","0.444444","0.333333","4","0"
"1387438","40961","194","0.226804","0.396907","6.65979381443299","159"
"1387519","25131","18","0.777777","0.111111","0.4444444444444444","0"
"1388017","19651","8","0.250000","0.750000","0.875","3"
"1388116","14485","26","0.500000","0.153846","1.1153846153846154","8"
"1388192","18492","5","0.200000","0.200000","1.2","0"
"1388292","17129","42","0.333333","0.357142","3.1904761904761907","8"
"1390192","11580","27","0.962962","0.000000","5.962962962962963","10"
"1390548","11455","11","0.454545","0.272727","2","0"
"1392379","60633","72","0.916666","0.000000","2.4166666666666665","65"
"1393766","124595","16","0.750000","0.187500","25.75","135"
"1394353","12329","65","0.169230","0.492307","3.4","10"
"1394697","14402","12","0.833333","0.000000","1.9166666666666667","2"
"1394729","15614","56","0.410714","0.285714","4.892857142857143","32"
"1397946","11537","6","1.000000","0.000000","4.333333333333333","2"
"1399491","38563","8","0.125000","0.250000","2.125","2"
"1400793","58934","99","0.494949","0.252525","5.929292929292929","11"
"1401351","15102","7","0.428571","0.142857","1.4285714285714286","3"
"1401560","17362","13","0.692307","0.153846","4.538461538461538","4"
"1401879","18893","6","0.666666","0.166666","1.3333333333333333","0"
"1404726","17700","14","0.000000","0.857142","3.7142857142857144","25"
"1405065","105702","163","0.490797","0.141104","1.8588957055214723","31"
"1405634","50941","19","0.842105","0.000000","1.4736842105263157","9"
"1407491","10924","10","0.000000","0.800000","3.8","2"
"1407656","18671","12","0.833333","0.083333","1.5","4"
"1408129","24644","6","0.500000","0.166666","2","1"
"1408347","13873","10","0.300000","0.500000","2.8","5"
"1409374","12052","234","0.666666","0.051282","4.85042735042735","206"
"1410303","14321","293","0.201365","0.423208","0.7815699658703071","3"
"1410664","75091","613","0.450244","0.218597","5.2920065252854815","108"
"1411457","31125","19","0.736842","0.000000","1.8421052631578947","0"
"1412059","134898","46","0.456521","0.152173","8.217391304347826","0"
"1413244","10077","116","0.612068","0.155172","1.0775862068965518","1"
"1413395","88957","6","0.666666","0.000000","157.83333333333334","546"
"1413856","17267","27","0.037037","0.703703","4.592592592592593","15"
"1414809","11488","5","0.000000","0.400000","0.8","0"
"1415614","34505","11","0.727272","0.090909","2","2"
"1417694","14449","9","0.777777","0.000000","12.444444444444445","25"
"1419272","15943","44","0.272727","0.295454","2.227272727272727","47"
"1420197","114553","14","0.642857","0.142857","0.6428571428571429","2"
"1420625","21933","11","0.545454","0.181818","1.4545454545454546","2"
"1422096","47952","42","0.238095","0.452380","11.476190476190476","64"
"1422451","108107","356","0.544943","0.103932","2.317415730337079","163"
"1424244","13546","39","0.564102","0.153846","1.7179487179487178","3"
"1424875","41601","31","0.612903","0.064516","2.6129032258064515","7"
"1424877","29391","14","0.428571","0.071428","1.4285714285714286","2"
"1426065","103273","109","0.614678","0.146788","10.486238532110091","527"
"1426469","12573","6","0.666666","0.000000","0.16666666666666666","0"
"1426539","48253","73","0.753424","0.054794","2.5342465753424657","540"
"1426788","36320","7","0.142857","0.571428","0.42857142857142855","2"
"1426891","96425","132","0.651515","0.075757","1.4015151515151516","36"
"1427309","11254","53","0.622641","0.094339","0.3584905660377358","1"
"1427416","253321","7","0.428571","0.285714","3.142857142857143","0"
"1427878","98120","140","0.707142","0.100000","41.59285714285714","80"
"1428606","27256","20","0.800000","0.050000","5.1","7"
"1428679","57691","35","0.371428","0.200000","1.5142857142857142","2"
"1429053","13871","7","1.000000","0.000000","3.857142857142857","0"
"1429387","38811","10","0.100000","0.600000","2.1","9"
"1429487","10711","14","0.357142","0.142857","3.4285714285714284","0"
"1430810","15978","6","1.000000","0.000000","5.5","0"
"1431042","12632","7","0.428571","0.428571","2.2857142857142856","1"
"1431244","10033","5","0.600000","0.400000","0.2","0"
"1431750","16833","35","0.514285","0.171428","3.085714285714286","15"
"1433268","15800","12","0.666666","0.083333","2.9166666666666665","0"
"1435240","11955","16","0.687500","0.000000","0.6875","0"
"1435543","11005","161","0.614906","0.105590","1.279503105590062","116"
"1435741","17943","5","0.600000","0.000000","0.2","0"
"1435869","67783","54","0.129629","0.611111","1.1296296296296295","0"
"1438339","36623","8","0.000000","0.625000","1.25","4"
"1439305","21961","6","0.166666","0.833333","1.1666666666666667","1"
"1440565","84061","312","0.426282","0.205128","6.5","146"
"1441122","133731","5","0.200000","0.600000","5","2"
"1441328","19099","11","0.727272","0.090909","1","0"
"1442917","26932","21","0.714285","0.142857","0.9047619047619048","2"
"1442918","11147","14","0.857142","0.142857","19.714285714285715","6"
"1444609","23511","23","0.391304","0.260869","2.217391304347826","12"
"1445366","66417","7","0.428571","0.285714","1.5714285714285714","5"
"1446916","37227","15","0.733333","0.000000","0.8","1"
"1447509","40501","40","0.325000","0.375000","0.625","19"
"1447675","388135","715","0.237762","0.436363","1.1902097902097901","20"
"1453822","82214","82","0.451219","0.182926","6.487804878048781","34"
"1457000","25645","9","1.000000","0.000000","1.3333333333333333","2"
"1457380","10657","11","0.272727","0.181818","9.454545454545455","8"
"1458413","18279","9","0.666666","0.000000","2.4444444444444446","4"
"1461050","65301","37","0.756756","0.135135","2.2972972972972974","1"
"1461850","31448","22","0.272727","0.363636","1","16"
"1461862","10982","36","0.555555","0.277777","4.138888888888889","51"
"1462718","23545","5","1.000000","0.000000","9.8","0"
"1463518","13690","5","0.400000","0.400000","1.6","1"
"1464084","16796","55","0.581818","0.127272","0.6909090909090909","1"
"1466267","13742","13","0.538461","0.384615","4.538461538461538","1"
"1466970","18088","7","0.000000","0.571428","2.142857142857143","2"
"1467988","11672","12","0.666666","0.083333","0.75","4"
"1468366","61937","14","0.714285","0.071428","1.1428571428571428","0"
"1470092","11974","69","0.434782","0.347826","3.217391304347826","0"
"1470327","15312","12","0.916666","0.000000","3.1666666666666665","0"
"1470607","25468","21","0.476190","0.380952","7.904761904761905","17"
"1471485","11607","61","0.524590","0.180327","1.3442622950819672","30"
"1475228","19088","9","0.333333","0.222222","1.5555555555555556","4"
"1477667","48809","26","0.423076","0.269230","8.115384615384615","22"
"1479535","15928","9","1.000000","0.000000","1.8888888888888888","96"
"1480018","13492","16","0.500000","0.250000","6.5","0"
"1480391","31336","5","0.400000","0.600000","5.6","223"
"1483977","16338","11","0.545454","0.272727","0.6363636363636364","0"
"1485872","35709","38","0.710526","0.105263","8.868421052631579","22"
"1485885","11803","8","0.625000","0.125000","1.75","4"
"1485926","12442","14","1.000000","0.000000","3.5","27"
"1485955","10245","31","0.645161","0.129032","0.7741935483870968","0"
"1486742","10400","9","0.000000","0.888888","1.3333333333333333","0"
"1489726","10629","8","0.750000","0.250000","3.125","0"
"1491707","12018","22","0.909090","0.000000","1.0909090909090908","5"
"1491895","790742","2927","0.554151","0.158865","7.0351896139391865","3156"
"1492496","15162","101","0.485148","0.148514","2.712871287128713","5"
"1494519","22374","10","0.600000","0.100000","1","0"
"1494989","11542","12","0.166666","0.166666","1.8333333333333333","0"
"1495595","12689","29","0.724137","0.137931","1.5862068965517242","1"
"1497139","16084","23","0.347826","0.391304","3.260869565217391","33"
"1497454","44743","7","0.714285","0.000000","5.571428571428571","0"
"1498427","18766","25","0.240000","0.360000","2.12","50"
"1499296","17622","6","0.833333","0.166666","1.5","0"
"1502079","36365","6","0.333333","0.500000","1.8333333333333333","2"
"1504556","19541","13","0.307692","0.307692","3.8461538461538463","1"
"1505939","142873","17","0.588235","0.117647","18","4"
"1506338","18775","17","0.235294","0.411764","3.823529411764706","7"
"1506387","34414","84","0.607142","0.154761","1.3571428571428572","5"
"1506454","35950","80","0.737500","0.050000","3.5375","124"
"1509264","173704","1733","0.461050","0.149451","0.8892094633583382","1383"
"1514861","23691","596","0.385906","0.236577","1.419463087248322","29"
"1515052","20270","19","0.578947","0.157894","0.5789473684210527","20"
"1515819","23193","11","0.090909","0.909090","0.36363636363636365","8"
"1519199","10320","18","0.166666","0.500000","1.3333333333333333","11"
"1521179","57896","22","0.727272","0.090909","2.272727272727273","6"
"1524450","58717","17","0.882352","0.058823","19.470588235294116","35"
"1527504","14469","76","0.618421","0.078947","2.9342105263157894","6"
"1527544","32748","139","0.460431","0.194244","3.5611510791366907","2"
"1527780","10561","73","0.397260","0.232876","1.6712328767123288","59"
"1529346","35359","15","0.400000","0.266666","1.8","20"
"1529709","10782","20","0.400000","0.250000","1.5","42"
"1531054","29444","5","0.400000","0.400000","1","0"
"1531124","140935","41","0.439024","0.219512","16.5609756097561","42"
"1532460","33886","6","0.666666","0.166666","3","0"
"1533576","49410","33","0.696969","0.060606","2.787878787878788","1"
"1533609","32200","6","0.333333","0.166666","2.5","7"
"1534017","26309","5","0.400000","0.600000","6.2","11"
"1536309","20297","8","0.500000","0.000000","0.875","1"
"1537195","16548","67","0.701492","0.089552","2.611940298507463","19"
"1540350","12899","26","0.192307","0.653846","5.230769230769231","8"
"1540468","21689","6","0.500000","0.500000","10.5","31"
"1540818","38463","212","0.669811","0.103773","2.6556603773584904","16"
"1541563","52532","27","0.259259","0.259259","4.962962962962963","8"
"1542667","13728","124","0.629032","0.129032","1.282258064516129","17"
"1542723","19002","7","0.571428","0.142857","3.857142857142857","2"
"1543885","14278","5","1.000000","0.000000","1","0"
"1544203","19190","26","0.692307","0.000000","0.9230769230769231","0"
"1544886","16559","8","0.750000","0.125000","13","17"
"1545088","24284","8","0.375000","0.125000","1.25","1"
"1545308","16562","7","0.714285","0.000000","3.4285714285714284","0"
"1547004","38080","6","0.333333","0.166666","3.1666666666666665","7"
"1548432","19956","6","0.500000","0.166666","11","0"
"1548468","32195","153","0.738562","0.045751","3.869281045751634","146"
"1549541","14503","5","0.600000","0.400000","4.6","0"
"1549918","32684","18","0.111111","0.777777","1.2222222222222223","3"
"1550696","10185","21","0.666666","0.047619","4.095238095238095","11"
"1552534","40227","492","0.241869","0.382113","1.193089430894309","48"
"1552587","22574","15","0.400000","0.266666","7.466666666666667","8"
"1552748","68835","27","0.592592","0.074074","17.22222222222222","26"
"1553090","63701","141","0.609929","0.134751","9.00709219858156","48"
"1553537","11536","18","0.166666","0.388888","2.7222222222222223","9"
"1553851","51086","77","0.402597","0.194805","8.2987012987013","101"
"1553888","54835","14","0.571428","0.285714","8.285714285714286","16"
"1554020","14904","6","0.333333","0.000000","1.5","0"
"1555312","27755","8","0.375000","0.375000","0.875","0"
"1555615","11316","24","0.208333","0.625000","1.2083333333333333","6"
"1556290","13155","10","0.500000","0.200000","1.4","0"
"1559386","11951","26","0.769230","0.000000","0.5384615384615384","0"
"1563833","12182","108","0.425925","0.268518","10.064814814814815","84"
"1564065","10643","10","0.000000","0.900000","0.5","3"
"1565512","13772","73","0.397260","0.342465","1.6849315068493151","10"
"1565525","32518","15","0.466666","0.333333","4.8","4"
"1565698","49045","31","0.322580","0.354838","2.032258064516129","2"
"1566187","11194","12","0.333333","0.166666","1.4166666666666667","1"
"1566221","243819","413","0.668280","0.101694","3.556900726392252","124"
"1566605","15752","7","0.714285","0.000000","2.857142857142857","0"
"1568658","25919","16","0.250000","0.562500","8","1"
"1569967","14051","56","0.732142","0.107142","1.2857142857142858","0"
"1570000","82313","264","0.462121","0.159090","1.8522727272727273","101"
"1570808","12043","7","0.000000","0.714285","0.8571428571428571","0"
"1570854","26607","130","0.584615","0.115384","2.276923076923077","36"
"1572269","21333","11","1.000000","0.000000","1.8181818181818181","0"
"1577308","10844","6","0.500000","0.333333","9.833333333333334","0"
"1577947","19275","17","0.294117","0.411764","2.823529411764706","4"
"1579327","15905","14","0.357142","0.214285","1.2142857142857142","5"
"1580645","11116","197","0.639593","0.126903","2.2588832487309647","10"
"1581090","45011","12","0.666666","0.166666","8.75","0"
"1585136","15266","51","0.882352","0.019607","1.7058823529411764","2"
"1585345","29352","20","0.400000","0.500000","1.7","5"
"1586221","12557","6","0.500000","0.166666","1.6666666666666667","3"
"1587329","38888","32","0.093750","0.531250","0.96875","24"
"1587819","15228","9","0.333333","0.555555","56.888888888888886","9"
"1591921","11690","47","0.638297","0.085106","2.1702127659574466","5"
"1592008","10417","7","0.142857","0.714285","0.8571428571428571","0"
"1592821","18948","40","0.675000","0.150000","1.7","0"
"1592845","13642","5","0.000000","1.000000","5.2","1"
"1593077","139838","162","0.407407","0.265432","3.537037037037037","205"
"1593860","77269","49","0.244897","0.306122","24.93877551020408","21"
"1594867","10778","5","0.600000","0.400000","1.6","1"
"1594915","41075","34","0.764705","0.088235","1.088235294117647","84"
"1595451","39760","424","0.610849","0.070754","2.563679245283019","2843"
"1595669","27294","8","0.625000","0.125000","5","14"
"1595699","21055","7","0.285714","0.428571","0.7142857142857143","1"
"1597744","17493","10","0.700000","0.100000","1.3","6"
"1598537","32555","5","0.600000","0.200000","3.2","7"
"1599004","17405","19","0.789473","0.052631","16.263157894736842","55"
"1600193","13153","9","0.222222","0.666666","1.8888888888888888","2"
"1600898","159687","98","0.561224","0.183673","4.857142857142857","21"
"1602301","22718","9","0.000000","1.000000","0.8888888888888888","4"
"1602555","45418","10","0.200000","0.200000","0.9","8"
"1603351","49816","1387","0.648882","0.056236","0.9444844989185291","1900"
"1603480","13375","20","0.300000","0.400000","2.25","37"
"1603711","10305","51","0.803921","0.019607","0.8823529411764706","11"
"1603746","13902","33","0.696969","0.030303","0.36363636363636365","8"
"1604048","12206","6","0.000000","0.833333","1.8333333333333333","0"
"1606345","41210","48","0.479166","0.187500","5.333333333333333","43"
"1606729","26072","70","0.871428","0.028571","0.9428571428571428","5"
"1609514","11845","62","0.161290","0.419354","2.693548387096774","5"
"1609556","13136","5","0.800000","0.000000","1.8","0"
"1611459","25402","6","1.000000","0.000000","6","217"
"1612146","36852","9","0.222222","0.222222","3","3"
"1612975","82199","7","0.714285","0.142857","14.571428571428571","8"
"1614677","10553","8","0.125000","0.625000","1.125","7"
"1615483","66715","7","0.428571","0.428571","6.571428571428571","0"
"1615903","35606","14","0.642857","0.071428","3.0714285714285716","17"
"1616263","14578","26","0.000000","0.884615","0.23076923076923078","0"
"1620081","22452","7","0.285714","0.285714","6.571428571428571","0"
"1620194","15847","69","0.565217","0.086956","2.1594202898550723","6"
"1620210","27227","7","0.428571","0.428571","1.7142857142857142","5"
"1620671","70232","29","0.689655","0.103448","2.9655172413793105","18"
"1621041","11778","5","0.600000","0.000000","3.6","2"
"1622937","11177","9","0.222222","0.444444","1.2222222222222223","6"
"1623007","63499","75","0.480000","0.133333","1.6933333333333334","14"
"1623249","17557","20","0.600000","0.250000","2.15","12"
"1624552","10832","6","0.333333","0.166666","44","0"
"1625187","26647","18","0.555555","0.277777","22.833333333333332","314"
"1625740","12073","6","0.500000","0.333333","1.8333333333333333","4"
"1627055","18840","6","0.500000","0.000000","5","0"
"1627271","18016","5","0.400000","0.000000","2.8","1"
"1629821","43379","5","0.600000","0.000000","2","7"
"1630618","155160","96","0.583333","0.062500","1.6354166666666667","34"
"1630963","13190","9","0.333333","0.444444","9.222222222222221","1"
"1631193","95301","375","0.722666","0.050666","2.2906666666666666","5"
"1633251","42013","5","0.200000","0.600000","10.2","2"
"1633665","10518","17","0.882352","0.000000","0.7647058823529411","0"
"1633770","23712","26","0.615384","0.038461","0.8461538461538461","4"
"1637351","13801","12","0.666666","0.000000","1.4166666666666667","0"
"1639594","13492","11","0.000000","1.000000","3.5454545454545454","0"
"1639625","83169","65","0.369230","0.338461","4.061538461538461","28"
"1641941","39566","5","0.800000","0.000000","4.4","1"
"1643676","26728","36","0.500000","0.166666","0.6111111111111112","4"
"1645712","12246","29","0.689655","0.034482","2.5172413793103448","0"
"1646240","38517","324","0.552469","0.163580","0.7191358024691358","27"
"1646335","10260","5","0.400000","0.200000","1.8","1"
"1647604","60946","11","0.636363","0.181818","2.3636363636363638","0"
"1648033","19978","8","0.125000","0.125000","0.625","2"
"1650337","10097","38","0.526315","0.210526","18.289473684210527","56"
"1654241","11972","18","0.555555","0.166666","2.5","14"
"1655567","18878","41","0.243902","0.365853","0.8048780487804879","8"
"1658617","27706","266","0.451127","0.255639","1.4473684210526316","53"
"1658906","59795","89","0.831460","0.033707","3.348314606741573","0"
"1660123","10428","5","0.600000","0.400000","2.4","3"
"1663001","120098","87","0.609195","0.160919","10.172413793103448","29"
"1663462","35165","11","0.272727","0.181818","1.3636363636363635","11"
"1665026","10248","18","0.722222","0.055555","1.5555555555555556","1"
"1667023","14936","48","0.687500","0.062500","3.625","1"
"1668575","12243","15","0.800000","0.000000","0.9333333333333333","0"
"1668622","10088","8","0.750000","0.125000","4.125","2"
"1670129","53371","53","0.452830","0.094339","21.849056603773583","6"
"1671066","21112","11","0.363636","0.000000","3.727272727272727","134"
"1672994","10889","56","0.517857","0.214285","3.142857142857143","10"
"1673776","14719","12","0.666666","0.250000","2.8333333333333335","1"
"1673784","21413","6","0.000000","0.666666","2.6666666666666665","1"
"1676363","201635","91","0.802197","0.043956","6.164835164835165","2"
"1678053","14199","6","0.500000","0.333333","2.3333333333333335","5"
"1678362","25002","7","0.571428","0.285714","8","15"
"1678614","19080","8","0.500000","0.375000","1.75","2"
"1678770","11378","14","0.571428","0.071428","10.071428571428571","2"
"1679126","21887","15","0.333333","0.133333","0.8666666666666667","0"
"1679286","15361","238","0.823529","0.004201","1.3361344537815125","205"
"1679849","24793","17","0.588235","0.176470","3.5294117647058822","7"
"1680271","10145","9","1.000000","0.000000","1.5555555555555556","0"
"1680836","12536","6","0.666666","0.166666","5.333333333333333","8"
"1682419","13757","16","0.687500","0.187500","2.6875","5"
"1682820","20821","66","0.545454","0.151515","1.4242424242424243","9"
"1684269","48394","11","0.545454","0.272727","7.090909090909091","12"
"1684977","17731","11","0.545454","0.090909","0.18181818181818182","3"
"1686814","17350","17","0.588235","0.176470","2.4705882352941178","5"
"1687119","235024","470","0.440425","0.242553","0.9276595744680851","126"
"1690193","19463","37","0.270270","0.189189","25.864864864864863","58"
"1690217","17143","200","0.615000","0.105000","2.665","86"
"1693192","43857","605","0.809917","0.031404","0.8462809917355372","35"
"1694368","16724","6","0.000000","1.000000","0.3333333333333333","3"
"1695172","43314","250","0.552000","0.116000","1.152","17"
"1695680","18627","8","0.250000","0.500000","2.875","0"
"1695960","154712","161","0.888198","0.006211","1.7577639751552796","79"
"1697459","44974","14","0.214285","0.642857","1.8571428571428572","11"
"1697642","16543","10","0.300000","0.600000","0.5","0"
"1699075","11383","36","0.666666","0.111111","2.1944444444444446","10"
"1701026","24791","129","0.341085","0.302325","4.217054263565892","9"
"1704458","19698","61","0.459016","0.327868","4.983606557377049","175"
"1705266","31110","15","0.666666","0.266666","9.4","0"
"1705598","423857","305","0.780327","0.068852","2.019672131147541","167"
"1707091","178753","23","0.347826","0.217391","1.0869565217391304","47"
"1709587","159293","11","0.090909","0.454545","4.363636363636363","65"
"1712135","18682","80","0.325000","0.250000","4.175","70"
"1712294","12588","146","0.691780","0.061643","0.8287671232876712","5"
"1712905","17964","25","0.680000","0.120000","4.64","0"
"1713920","10876","5","0.200000","0.600000","4.8","0"
"1714410","115566","178","0.775280","0.061797","1.0056179775280898","85"
"1715121","33847","32","0.125000","0.718750","0.84375","19"
"1715673","19033","12","0.666666","0.166666","2.6666666666666665","2"
"1716339","20509","65","0.369230","0.446153","1.7538461538461538","3"
"1716560","32349","8","0.500000","0.375000","0.5","0"
"1717300","63273","108","0.481481","0.212962","7.277777777777778","69"
"1720199","11443","11","0.272727","0.545454","3.272727272727273","11"
"1721239","45154","382","0.620418","0.081151","4.30890052356021","5"
"1726083","16497","100","0.620000","0.140000","6.03","77"
"1727392","27950","20","0.300000","0.450000","2.75","13"
"1729265","97213","117","0.846153","0.034188","7.9914529914529915","85"
"1729795","24732","13","0.769230","0.000000","2.3846153846153846","2"
"1730895","15058","77","0.818181","0.025974","1.7012987012987013","23"
"1731626","31095","308","0.516233","0.194805","0.9805194805194806","416"
"1735406","96452","5","0.600000","0.200000","5","4"
"1737158","26609","46","0.521739","0.260869","1.934782608695652","7"
"1737201","11372","30","0.200000","0.433333","1.3333333333333333","1"
"1737251","11494","59","0.830508","0.016949","0.9830508474576272","60"
"1738915","15391","20","0.600000","0.100000","6.95","5"
"1740577","24074","468","0.331196","0.333333","1.123931623931624","459"
"1741542","74538","19","0.368421","0.263157","3.0526315789473686","6"
"1743328","24254","15","0.866666","0.066666","1","0"
"1743997","19112","6","0.000000","0.833333","1.3333333333333333","1"
"1744164","19316","21","0.666666","0.000000","8.285714285714286","93"
"1745001","209515","549","0.167577","0.599271","3.0765027322404372","127"
"1745544","12198","43","0.441860","0.302325","15.511627906976743","106"
"1745672","26869","9","0.222222","0.333333","2.7777777777777777","4"
"1746142","12213","10","0.200000","0.300000","2.9","2"
"1746830","36629","6","0.500000","0.500000","10.666666666666666","8"
"1747018","19049","17","0.588235","0.117647","0.5294117647058824","3"
"1749403","223342","98","0.714285","0.091836","1.010204081632653","5"
"1751766","25533","14","0.785714","0.000000","1","0"
"1753073","13945","126","0.373015","0.277777","0.36507936507936506","0"
"1755432","65061","54","0.740740","0.092592","1.1111111111111112","0"
"1755598","146548","31","0.709677","0.096774","0.9032258064516129","41"
"1759915","10095","110","0.918181","0.009090","0.6727272727272727","1"
"1762224","49243","192","0.286458","0.364583","0.7604166666666666","163"
"1763035","13502","15","0.266666","0.400000","1","1"
"1763614","60873","75","0.800000","0.026666","0.41333333333333333","0"
"1765189","27223","17","0.882352","0.058823","0.5882352941176471","5"
"1765658","73531","44","0.159090","0.681818","5.090909090909091","28"
"1766831","143835","974","0.500000","0.143737","2.439425051334702","141"
"1767412","23223","15","0.133333","0.733333","3.7333333333333334","9"
"1768226","21964","27","0.555555","0.185185","0.3333333333333333","1"
"1768303","62200","9","0.222222","0.444444","8","4"
"1769276","12426","21","0.571428","0.047619","0.7619047619047619","1"
"1772898","14732","38","0.131578","0.657894","1.1578947368421053","2"
"1772933","23704","382","0.484293","0.206806","1.4921465968586387","24"
"1773434","21744","5","0.400000","0.400000","2.6","4"
"1773798","30978","225","0.355555","0.377777","3.128888888888889","43"
"1773866","11257","28","0.821428","0.035714","2.107142857142857","0"
"1774667","281102","99","0.464646","0.212121","2.3636363636363638","27"
"1775389","21978","175","0.845714","0.011428","1.7085714285714286","30"
"1778465","36699","47","0.361702","0.319148","4.9361702127659575","31"
"1779113","22802","6","0.666666","0.166666","1.6666666666666667","7"
"1779477","14992","9","0.222222","0.111111","5","13"
"1783588","14255","17","0.000000","0.882352","1.7058823529411764","17"
"1786065","11519","19","0.473684","0.157894","31.210526315789473","38"
"1786428","25378","24","0.625000","0.083333","5.291666666666667","13"
"1787137","15233","5","0.200000","0.400000","0.4","0"
"1788806","30267","5","0.000000","0.200000","1","44"
"1790982","58816","72","0.444444","0.263888","4.75","95"
"1794497","15100","8","0.625000","0.125000","1","1"
"1795356","56631","20","0.500000","0.450000","1.4","4"
"1796579","43956","7","0.285714","0.285714","1.4285714285714286","0"
"1797912","16586","21","0.476190","0.190476","0.7619047619047619","8"
"1801544","26429","98","0.663265","0.112244","17.183673469387756","20"
"1803551","13538","8","1.000000","0.000000","8","18"
"1803853","26991","45","0.600000","0.200000","0.7555555555555555","2"
"1803990","12269","18","0.777777","0.000000","0.3333333333333333","0"
"1804173","27526","5","0.400000","0.400000","9.6","0"
"1804678","25449","24","0.125000","0.583333","2.0416666666666665","12"
"1806780","31497","11","0.636363","0.090909","19.363636363636363","7"
"1807667","63849","44","0.772727","0.090909","0.2727272727272727","24"
"1808494","15916","23","0.304347","0.347826","4.3478260869565215","6"
"1811992","104480","8","0.250000","0.375000","1.125","18"
"1812732","11703","16","0.312500","0.625000","4","2"
"1814420","12193","10","0.300000","0.300000","2","5"
"1814888","15131","8","0.500000","0.125000","0.625","2"
"1818713","20258","29","0.448275","0.206896","1.7241379310344827","0"
"1820446","37433","144","0.743055","0.034722","2.3402777777777777","388"
"1822379","30040","56","0.303571","0.267857","0.7321428571428571","19"
"1824361","19234","15","0.066666","0.466666","1","22"
"1829647","22250","6","1.000000","0.000000","3.3333333333333335","0"
"1830228","17673","9","0.222222","0.444444","5.555555555555555","2"
"1830895","11741","9","0.333333","0.000000","5","2"
"1831717","46281","45","0.933333","0.000000","0.8666666666666667","5"
"1831987","45256","114","0.447368","0.157894","7.5","41"
"1832058","150679","1144","0.780594","0.048951","6.97465034965035","407"
"1832636","20815","7","0.000000","0.285714","9.857142857142858","3"
"1832745","52839","17","0.705882","0.058823","0.8235294117647058","19"
"1832942","14856","14","0.357142","0.214285","1.3571428571428572","7"
"1833961","25236","24","0.291666","0.458333","1.9166666666666667","2"
"1835379","73403","56","0.517857","0.232142","4.482142857142857","99"
"1835470","15292","6","0.333333","0.666666","28.166666666666668","1"
"1838048","45424","64","0.453125","0.265625","4.03125","6"
"1839439","34132","57","0.403508","0.192982","13.175438596491228","11255"
"1840146","15164","65","0.615384","0.046153","12.907692307692308","20"
"1841839","118570","720","0.736111","0.052777","2.5652777777777778","983"
"1847592","23827","71","0.718309","0.070422","5.267605633802817","211"
"1850609","136294","66","0.651515","0.121212","1.4242424242424243","47"
"1850851","10624","48","0.375000","0.375000","9.6875","57"
"1851712","68040","29","0.103448","0.758620","7.379310344827586","337"
"1852924","10381","6","0.666666","0.333333","4.666666666666667","0"
"1853523","25731","53","0.867924","0.000000","0.7169811320754716","4"
"1855677","264391","167","0.497005","0.173652","6.227544910179641","118"
"1858116","22910","22","0.727272","0.000000","0.5454545454545454","0"
"1858357","14876","109","0.513761","0.183486","1.1559633027522935","11"
"1860540","11658","7","0.714285","0.285714","4.571428571428571","1"
"1862590","12134","10","0.000000","1.000000","2.7","12"
"1863229","526758","2441","0.461286","0.204014","1.0405571487095453","144"
"1864294","20775","15","0.066666","0.666666","1.7333333333333334","0"
"1865613","10458","12","0.333333","0.250000","4.75","24"
"1866300","10030","26","0.346153","0.269230","0.8461538461538461","1"
"1866373","19964","11","0.090909","0.818181","3.090909090909091","0"
"1866775","11347","6","0.500000","0.000000","7","0"
"1868008","20945","44","0.568181","0.159090","1.2045454545454546","39"
"1870780","51146","173","0.630057","0.156069","16.728323699421967","2025"
"1870795","15262","8","0.375000","0.125000","4","2"
"1871033","29523","165","0.569696","0.169696","6.533333333333333","78"
"1874522","11556","15","0.333333","0.333333","2.6","22"
"1875256","62662","7","0.714285","0.000000","2.5714285714285716","12"
"1876739","18035","7","0.857142","0.142857","1","8"
"1877620","17948","6","0.000000","0.666666","0.16666666666666666","0"
"1880339","22833","44","0.500000","0.250000","5.2272727272727275","82"
"1883316","55295","1297","0.600616","0.124903","4.567463377023901","220"
"1889329","53409","115","0.721739","0.104347","17.008695652173913","87"
"1891219","15778","6","0.333333","0.500000","2.1666666666666665","0"
"1891677","91123","244","0.610655","0.073770","2.7295081967213113","90"
"1892607","10246","22","0.090909","0.727272","1.2727272727272727","3"
"1892802","11460","9","0.888888","0.111111","0.8888888888888888","1"
"1893164","13286","12","0.250000","0.333333","1.4166666666666667","4"
"1894803","18060","5","0.200000","0.600000","1.2","1"
"1898563","44576","59","0.576271","0.186440","6.288135593220339","63"
"1899640","125085","41","0.634146","0.097560","3.268292682926829","7"
"1902010","180637","47","0.595744","0.148936","8.27659574468085","13"
"1902296","10965","5","0.000000","1.000000","1.2","1"
"1902513","29619","18","0.888888","0.055555","1.5555555555555556","5"
"1903116","240885","5","0.400000","0.200000","4.6","17"
"1908967","16570","5","1.000000","0.000000","1.2","35"
"1909531","15228","15","0.466666","0.200000","0.26666666666666666","1"
"1911064","11542","104","0.615384","0.076923","0.6153846153846154","5"
"1911755","20158","23","0.434782","0.086956","2.608695652173913","4"
"1913729","25651","9","0.555555","0.222222","3.3333333333333335","4"
"1915448","45270","41","0.634146","0.097560","2.4634146341463414","13"
"1915854","15346","9","0.222222","0.555555","2.5555555555555554","1"
"1915893","32214","10","0.200000","0.400000","25.8","70"
"1918561","17972","9","0.444444","0.222222","4.444444444444445","4"
"1919583","21394","123","0.439024","0.203252","2.991869918699187","60"
"1921273","10191","18","0.333333","0.277777","8.333333333333334","11"
"1921385","16499","5","0.400000","0.400000","0.6","0"
"1923190","21207","5","0.600000","0.000000","1.4","0"
"1925257","22064","46","0.760869","0.086956","1.608695652173913","9"
"1926369","64086","12","0.250000","0.500000","1.3333333333333333","0"
"1930721","18151","19","0.315789","0.210526","3.5789473684210527","37"
"1930838","34217","30","0.733333","0.000000","0.8","0"
"1931274","19956","6","0.333333","0.500000","0.3333333333333333","1"
"1932311","23071","286","0.454545","0.199300","2.9335664335664338","72"
"1932552","19110","122","0.180327","0.590163","0.45081967213114754","5"
"1934428","22970","209","0.339712","0.282296","10.660287081339712","11"
"1941241","11408","19","0.631578","0.157894","8.105263157894736","0"
"1942868","12611","5","1.000000","0.000000","56.2","1"
"1945525","15767","92","0.695652","0.130434","1.0543478260869565","35"
"1945651","102178","6","0.333333","0.500000","6","2"
"1946501","47459","12","0.166666","0.416666","1.5","111"
"1948292","32636","19","0.789473","0.052631","14.526315789473685","11"
"1951524","15692","10","0.000000","0.700000","4.1","14"
"1953515","31780","173","0.739884","0.104046","3.0578034682080926","200"
"1953590","10387","8","0.875000","0.125000","5","1"
"1954610","28469","28","0.607142","0.178571","7.5","5"
"1956010","34074","10","0.600000","0.100000","0.5","1"
"1959054","13981","23","0.521739","0.260869","2.5217391304347827","1"
"1959732","19333","10","0.300000","0.100000","1","9"
"1960455","41076","85","0.364705","0.211764","6.658823529411765","82"
"1964272","13996","21","0.476190","0.238095","1.0952380952380953","5"
"1968182","17789","14","0.428571","0.214285","102.35714285714286","160"
"1971013","23161","47","0.574468","0.234042","3.574468085106383","13"
"1971216","15648","76","0.500000","0.184210","1.394736842105263","5"
"1974224","33245","50","0.440000","0.300000","5.72","166"
"1977847","23224","19","0.684210","0.105263","6.052631578947368","13"
"1977871","26181","40","0.025000","0.700000","0.95","10"
"1978251","30558","64","0.562500","0.203125","9.0625","69"
"1978817","10302","6","0.833333","0.166666","3.8333333333333335","2"
"1979703","25713","6","0.000000","0.833333","4.5","2"
"1979861","10342","20","0.100000","0.550000","0.6","6"
"1979882","27299","6","0.500000","0.333333","2.3333333333333335","2"
"1980228","13361","19","0.631578","0.105263","0.42105263157894735","4"
"1987726","15505","30","0.666666","0.100000","2.933333333333333","0"
"1989425","15770","25","0.280000","0.280000","3.8","2"
"1989769","11377","7","0.857142","0.000000","1.8571428571428572","0"
"1990570","13673","7","0.571428","0.142857","2","3"
"1991643","11400","31","0.645161","0.129032","1.3548387096774193","0"
"1993366","40773","11","0.727272","0.000000","1.2727272727272727","11"
"1993501","20764","7","0.714285","0.142857","1.1428571428571428","8"
"1995738","123827","113","0.654867","0.053097","1.008849557522124","194"
"1996435","10732","16","0.062500","0.750000","0.5625","24"
"1997376","45260","37","0.918918","0.000000","1.8108108108108107","51"
"1998051","10064","9","0.222222","0.444444","1.2222222222222223","5"
"2000051","18209","12","0.750000","0.166666","0.5","2"
"2000323","16849","45","0.622222","0.111111","3.7111111111111112","4"
"2000548","50807","18","0.555555","0.333333","1.0555555555555556","4"
"2000823","44432","348","0.827586","0.014367","1.1293103448275863","51"
"2001017","11112","16","0.312500","0.312500","0.8125","0"
"2001654","50134","389","0.827763","0.030848","10.03598971722365","289"
"2005680","42193","23","0.130434","0.565217","1.6521739130434783","9"
"2008111","22480","14","0.714285","0.071428","3.4285714285714284","9"
"2008247","11832","5","0.000000","0.800000","1","9"
"2011147","60231","69","0.507246","0.275362","3.217391304347826","97"
"2013580","33013","10","0.700000","0.300000","0.1","1"
"2016562","370997","272","0.477941","0.209558","0.9522058823529411","282"
"2018133","13912","37","0.648648","0.054054","3.4054054054054053","136"
"2023392","36626","5","0.000000","0.800000","2.2","4"
"2026508","24377","19","0.157894","0.421052","0.7894736842105263","3"
"2029983","98190","486","0.551440","0.133744","13.8559670781893","2889"
"2031033","19016","5","0.000000","0.200000","2.8","0"
"2034787","24008","35","0.285714","0.457142","2.4857142857142858","8"
"2035262","121411","109","0.614678","0.174311","1.6422018348623852","48"
"2038264","15183","9","0.444444","0.444444","0.3333333333333333","8"
"2041092","70018","7","0.571428","0.142857","3","4"
"2044940","12085","9","0.777777","0.111111","1.7777777777777777","4"
"2045611","15283","16","0.437500","0.312500","2.1875","9"
"2051454","16281","9","0.777777","0.111111","10.444444444444445","38"
"2052655","37161","27","0.555555","0.185185","2.8518518518518516","2"
"2054602","14249","167","0.449101","0.209580","0.46706586826347307","31"
"2055998","13447","22","0.545454","0.272727","29.681818181818183","293"
"2056484","17655","8","0.000000","0.750000","1","0"
"2057033","20500","8","0.500000","0.000000","9.25","7"
"2057089","11401","6","0.000000","0.833333","1.1666666666666667","4"
"2057171","17960","11","0.090909","0.727272","4.909090909090909","12"
"2057388","44563","12","0.416666","0.083333","2.3333333333333335","13"
"2057509","13949","5","0.200000","0.200000","2.4","2"
"2057709","16228","97","0.587628","0.092783","8.216494845360824","240"
"2058547","27316","6","0.000000","0.833333","5.166666666666667","4"
"2060725","77798","238","0.512605","0.172268","1.9831932773109244","251"
"2060966","17547","14","0.428571","0.428571","3.857142857142857","4"
"2062785","17537","7","0.571428","0.142857","7.428571428571429","5"
"2063096","15982","5","0.200000","0.600000","1.2","0"
"2063361","48435","10","0.100000","0.600000","1.1","2"
"2063755","10180","6","0.500000","0.333333","15.833333333333334","21"
"2065611","31040","5","0.800000","0.000000","1.8","2"
"2065702","26253","10","0.300000","0.300000","3.8","5"
"2066428","10136","6","0.000000","0.500000","0.8333333333333334","2"
"2067492","12430","53","0.415094","0.150943","7.113207547169812","15"
"2067753","35743","98","0.561224","0.122448","2.13265306122449","40"
"2067877","20258","104","0.682692","0.096153","0.8173076923076923","0"
"2069064","314326","115","0.626086","0.113043","2.0695652173913044","53"
"2069295","15052","6","0.333333","0.666666","0.8333333333333334","3"
"2069407","26074","12","0.083333","0.833333","1.5","0"
"2069605","30806","461","0.906724","0.026030","1.140997830802603","165"
"2071697","24049","27","0.703703","0.111111","3.888888888888889","497"
"2071807","79825","8","0.250000","0.375000","5.625","6"
"2073595","95653","11","0.909090","0.000000","2.727272727272727","1"
"2074981","11449","5","0.400000","0.400000","4.8","4"
"2075944","44983","494","0.734817","0.060728","1.1234817813765183","8"
"2076286","10448","20","0.200000","0.600000","1.4","0"
"2079103","12663","39","0.076923","0.692307","3.8461538461538463","10"
"2079303","240279","665","0.467669","0.215037","0.8902255639097745","3"
"2079345","19576","9","0.444444","0.222222","4","0"
"2082673","65095","89","0.606741","0.101123","0.449438202247191","1"
"2082769","17090","13","0.538461","0.153846","40.23076923076923","18"
"2082964","38434","5","0.400000","0.200000","2.2","5"
"2083766","10392","8","0.500000","0.250000","7.75","1"
"2085626","14719","21","0.476190","0.190476","1.1904761904761905","1"
"2087070","13194","8","0.625000","0.000000","1.25","1"
"2087628","15865","5","0.400000","0.200000","0.6","0"
"2089675","43891","94","0.361702","0.351063","2.893617021276596","94"
"2091181","22290","5","0.000000","0.800000","0","0"
"2091247","10741","16","0.250000","0.125000","1.3125","2"
"2095676","14038","21","0.428571","0.380952","0.2857142857142857","0"
"2095953","12041","6","0.166666","0.666666","1.8333333333333333","1"
"2096769","14046","9","0.333333","0.666666","4.888888888888889","2"
"2097240","86772","27","0.740740","0.148148","3.259259259259259","10"
"2101267","44246","9","0.666666","0.000000","1.4444444444444444","0"
"2102693","25009","6","0.166666","0.000000","10","0"
"2102779","10598","20","0.150000","0.450000","0.9","1"
"2102956","18377","17","0.470588","0.176470","1.3529411764705883","0"
"2104697","43063","40","0.500000","0.225000","1.9","24"
"2106516","16474","52","0.673076","0.057692","1.0384615384615385","18"
"2109233","50737","112","0.589285","0.098214","9.214285714285714","113"
"2111515","10776","60","0.500000","0.200000","1.3","26"
"2111778","15859","36","0.277777","0.388888","2.0833333333333335","17"
"2117239","10197","5","0.600000","0.000000","0.2","0"
"2119757","20367","5","0.400000","0.400000","0.8","0"
"2119941","15460","27","0.185185","0.666666","2.4814814814814814","15"
"2120261","34685","48","0.479166","0.166666","1.25","10"
"2123530","40533","336","0.660714","0.074404","2.5892857142857144","1004"
"2125671","28057","231","0.393939","0.220779","1.5974025974025974","0"
"2127277","14836","19","0.421052","0.263157","3.1052631578947367","6"
"2127508","10749","6","0.666666","0.000000","0.6666666666666666","0"
"2128947","80929","308","0.587662","0.129870","1.0032467532467533","63"
"2129801","14995","50","0.760000","0.040000","1.3","12"
"2131286","19885","7","0.285714","0.428571","1.4285714285714286","0"
"2132157","22833","9","0.111111","0.555555","3.5555555555555554","7"
"2137996","21053","184","0.722826","0.054347","2.347826086956522","24"
"2141621","32273","9","0.555555","0.111111","19.22222222222222","152"
"2142950","12272","70","0.485714","0.200000","13.228571428571428","51"
"2144390","124829","146","0.739726","0.041095","4.095890410958904","208"
"2144578","47205","28","0.857142","0.035714","0.5357142857142857","0"
"2144669","65778","76","0.565789","0.171052","2.763157894736842","10"
"2145769","13370","42","0.738095","0.071428","1.6904761904761905","9"
"2146894","22011","9","0.222222","0.666666","4","1"
"2147481","15624","7","0.142857","0.000000","1.2857142857142858","1"
"2148953","13665","12","0.833333","0.083333","3.8333333333333335","11"
"2150063","13773","27","0.666666","0.074074","0.5185185185185185","17"
"2151351","26958","7","0.714285","0.142857","4.142857142857143","0"
"2152082","56862","95","0.526315","0.136842","3.9157894736842107","50"
"2153777","14010","7","0.428571","0.285714","9.142857142857142","0"
"2156621","73117","213","0.610328","0.084507","0.7183098591549296","8"
"2157640","13823","9","0.111111","0.222222","10.444444444444445","23"
"2157818","17021","11","0.363636","0.181818","1.7272727272727273","0"
"2158479","38857","661","0.488653","0.184568","0.8895612708018155","17"
"2159528","34021","147","0.517006","0.190476","2.8979591836734695","86"
"2164365","21047","277","0.498194","0.191335","2.6209386281588447","683"
"2164728","13200","199","0.778894","0.020100","1.5175879396984924","8"
"2166798","19984","42","0.476190","0.238095","6.714285714285714","85"
"2166823","50124","156","0.782051","0.064102","0.7051282051282052","47"
"2169845","23314","12","0.333333","0.416666","1.75","3"
"2170192","27879","9","0.555555","0.222222","1.6666666666666667","3"
"2170527","22866","57","0.789473","0.105263","2.1403508771929824","28"
"2172547","15812","8","0.375000","0.375000","9.375","17"
"2173773","40968","51","0.647058","0.058823","6.333333333333333","11"
"2173917","134719","26","0.307692","0.269230","2.1153846153846154","26"
"2177413","19005","53","0.509433","0.132075","1.6981132075471699","19"
"2179965","19030","7","0.000000","0.714285","1.8571428571428572","0"
"2181397","50312","108","0.342592","0.324074","0.8611111111111112","13"
"2181514","28800","172","0.569767","0.127906","15.406976744186046","417"
"2189127","211248","133","0.774436","0.022556","5.984962406015038","19"
"2189130","66256","304","0.746710","0.029605","2.335526315789474","950"
"2191473","15190","30","0.800000","0.033333","2.9","8"
"2191572","20811","37","0.432432","0.216216","3.918918918918919","8"
"2192488","32296","8","0.000000","0.875000","0.75","23"
"2192903","31503","32","0.562500","0.156250","3.0625","3"
"2194470","42612","13","0.692307","0.000000","0.3076923076923077","4"
"2196460","149312","9","0.444444","0.222222","1.3333333333333333","1"
"2199600","15105","8","0.750000","0.000000","0.125","0"
"2204410","83731","9","0.111111","0.666666","2.4444444444444446","44"
"2204759","18976","9","0.777777","0.111111","2.7777777777777777","5"
"2209007","20832","7","0.714285","0.000000","5.428571428571429","6"
"2209468","14293","5","0.200000","0.600000","0.6","0"
"2213647","19229","8","0.250000","0.750000","0.5","2"
"2214933","15387","23","0.913043","0.000000","6.260869565217392","14"
"2215147","13661","34","0.911764","0.000000","0.6176470588235294","4"
"2215679","10572","14","0.214285","0.714285","3.142857142857143","3"
"2218635","38949","6","0.500000","0.333333","3.1666666666666665","0"
"2221001","50564","254","0.425196","0.212598","5.181102362204724","303"
"2225104","12230","50","0.240000","0.460000","4.56","9"
"2227420","10056","134","0.776119","0.029850","1.0597014925373134","23"
"2228771","24948","13","0.307692","0.538461","3.076923076923077","1"
"2229945","13739","7","0.714285","0.000000","1.2857142857142858","1"
"2233308","42334","533","0.559099","0.142589","5.183864915572233","36"
"2237469","10827","5","0.800000","0.000000","0.6","0"
"2245707","11751","77","0.324675","0.233766","3.25974025974026","0"
"2250152","22286","278","0.816546","0.035971","0.7949640287769785","140"
"2250190","26094","7","0.714285","0.000000","36.57142857142857","76"
"2252830","25034","12","0.500000","0.083333","107.75","4"
"2255089","90134","49","0.224489","0.306122","3.4285714285714284","23"
"2255491","11232","7","0.428571","0.285714","7.571428571428571","2"
"2257664","10755","5","0.600000","0.400000","8.2","48"
"2261177","13883","5","0.800000","0.000000","1.4","7"
"2261274","13615","48","0.583333","0.104166","1.8333333333333333","1"
"2263507","10885","8","0.250000","0.500000","1.625","2"
"2263631","14590","7","0.142857","0.428571","1.2857142857142858","2"
"2266130","22134","51","0.411764","0.352941","6.2745098039215685","12"
"2266289","12140","19","0.842105","0.105263","1.368421052631579","1"
"2270041","39889","61","0.606557","0.098360","0.8688524590163934","10"
"2270475","47820","58","0.068965","0.672413","2.5172413793103448","15"
"2270762","97106","478","0.349372","0.261506","2.916317991631799","167"
"2274212","94605","121","0.842975","0.049586","1.2148760330578512","0"
"2275388","19937","72","0.708333","0.013888","2.388888888888889","89"
"2278029","18529","8","0.625000","0.000000","2.375","12"
"2279448","11421","12","0.500000","0.166666","1.25","0"
"2279488","20111","12","0.500000","0.250000","1.9166666666666667","3"
"2281790","30660","49","0.367346","0.183673","0.2653061224489796","1"
"2282634","29011","55","0.763636","0.054545","3.8363636363636364","6"
"2285255","10688","7","0.142857","0.714285","1","3"
"2287576","19516","57","0.666666","0.105263","9.070175438596491","262"
"2288659","71069","495","0.563636","0.133333","2.1333333333333333","53"
"2289835","13237","12","0.166666","0.750000","3.9166666666666665","4"
"2292722","21168","41","0.756097","0.024390","7.878048780487805","139"
"2294755","19901","5","0.400000","0.000000","3","1"
"2294978","11566","24","0.291666","0.416666","0.3333333333333333","13"
"2296441","11647","24","0.375000","0.250000","2.6666666666666665","16"
"2296458","118876","123","0.552845","0.170731","1.6747967479674797","71"
"2296787","16757","10","0.000000","0.800000","1.5","2"
"2298070","28637","8","0.375000","0.500000","1.125","4"
"2301224","28440","14","0.000000","1.000000","1.5714285714285714","2"
"2302032","13260","200","0.530000","0.100000","1.15","22"
"2302862","24797","39","0.717948","0.051282","2.5641025641025643","2"
"2303761","17798","5","0.000000","0.800000","0.4","5"
"2303865","237677","132","0.575757","0.113636","8.522727272727273","178"
"2304474","11375","7","0.571428","0.142857","1.5714285714285714","0"
"2308005","11986","23","0.391304","0.260869","3.1739130434782608","3"
"2308683","193216","1671","0.758228","0.059245","3.613405146618791","4726"
"2310289","44895","55","0.472727","0.163636","9.10909090909091","13"
"2310830","94637","231","0.580086","0.121212","13.502164502164502","1380"
"2311074","29747","27","0.259259","0.444444","4.074074074074074","5"
"2311528","10027","16","0.562500","0.125000","2.875","11"
"2314737","29785","92","0.347826","0.304347","0.7282608695652174","69"
"2319407","187684","478","0.372384","0.307531","1.2552301255230125","372"
"2320035","33761","6","0.500000","0.000000","14.5","9"
"2321594","30880","17","0.058823","0.823529","3.2941176470588234","1"
"2324388","18037","13","0.230769","0.461538","6","2"
"2327517","45722","23","0.826086","0.000000","4.260869565217392","0"
"2329464","12961","13","0.769230","0.076923","0.9230769230769231","0"
"2329968","13810","392","0.767857","0.033163","0.6836734693877551","14"
"2330053","39337","201","0.398009","0.243781","1.6069651741293531","35"
"2331445","27246","54","0.648148","0.055555","0.9444444444444444","1"
"2333458","12362","27","0.962962","0.000000","3.4814814814814814","20"
"2334254","11270","81","0.333333","0.271604","2.567901234567901","32"
"2336231","44841","30","0.433333","0.300000","1.8666666666666667","1"
"2336654","295876","53","0.339622","0.377358","2.0943396226415096","6"
"2337736","37519","7","0.285714","0.428571","3.7142857142857144","0"
"2338547","11109","39","0.615384","0.128205","11.307692307692308","36"
"2338750","14939","21","0.619047","0.000000","1.9523809523809523","2"
"2340612","10874","10","0.500000","0.100000","2.2","1"
"2341603","42607","44","0.454545","0.090909","2.6363636363636362","25"
"2347999","42301","54","0.592592","0.148148","1.2592592592592593","71"
"2351696","21966","6","0.166666","0.666666","2.1666666666666665","1"
"2352082","15944","10","0.700000","0.100000","2.1","0"
"2352344","17966","8","0.625000","0.250000","1.125","8"
"2357112","286955","143","0.622377","0.146853","7.538461538461538","55"
"2358409","26450","188","0.750000","0.079787","0.5053191489361702","27"
"2366941","14541","187","0.871657","0.016042","0.6684491978609626","70"
"2370483","31853","6","0.666666","0.166666","15.666666666666666","557"
"2372064","209847","165","0.545454","0.157575","9.581818181818182","256"
"2373249","22076","51","0.607843","0.156862","1.3137254901960784","64"
"2373819","10550","151","0.814569","0.026490","1.5496688741721854","8"
"2377343","57291","14","0.071428","0.642857","3.2142857142857144","17"
"2378643","10980","55","0.600000","0.090909","9.945454545454545","4"
"2379433","35547","19","0.789473","0.000000","2.9473684210526314","1"
"2380830","235664","77","0.363636","0.363636","4.2727272727272725","26"
"2382136","21150","8","0.750000","0.250000","0.75","0"
"2382650","23516","36","0.861111","0.027777","0.7777777777777778","10"
"2382734","27562","19","0.789473","0.157894","1.1578947368421053","2"
"2385133","19744","17","0.411764","0.352941","26.352941176470587","32"
"2385479","12540","26","0.615384","0.115384","2.6153846153846154","72"
"2385808","12136","19","0.631578","0.052631","0.631578947368421","0"
"2386774","26577","39","0.410256","0.205128","4.282051282051282","43"
"2389720","10849","7","0.428571","0.285714","2.142857142857143","0"
"2390182","73753","7","0.285714","0.285714","1","0"
"2391795","18318","6","0.000000","0.833333","6","6"
"2393191","20240","9","0.333333","0.111111","88","3"
"2394052","12472","8","0.000000","0.750000","3.625","1"
"2395796","49792","21","0.857142","0.000000","2.7142857142857144","1"
"2396674","11178","5","0.200000","0.400000","1.2","1"
"2397550","12740","36","0.611111","0.083333","0.6666666666666666","3"
"2398593","23988","7","0.285714","0.428571","5.142857142857143","4"
"2400834","11290","10","0.400000","0.100000","0.2","0"
"2402272","193156","625","0.462400","0.209600","3.8176","117"
"2405040","25920","6","0.000000","0.833333","1.8333333333333333","2"
"2408867","91374","7","0.428571","0.142857","3.142857142857143","2"
"2409793","20034","7","0.285714","0.285714","8.857142857142858","0"
"2410359","159441","632","0.294303","0.348101","4.9034810126582276","170"
"2411243","26360","18","0.666666","0.166666","11.222222222222221","77"
"2411320","73726","12","0.500000","0.166666","2.0833333333333335","29"
"2411960","15600","152","0.710526","0.059210","1.3289473684210527","64"
"2412846","15778","23","0.347826","0.478260","3.217391304347826","3"
"2413201","19625","18","0.666666","0.055555","3.9444444444444446","4"
"2413303","81806","14","0.357142","0.571428","8","9"
"2414948","13202","10","0.000000","0.800000","1.2","0"
"2414957","39025","9","0.444444","0.111111","5.888888888888889","22"
"2415802","13090","6","0.333333","0.500000","3.6666666666666665","2"
"2416958","17726","66","0.636363","0.136363","3.106060606060606","138"
"2419584","12106","8","0.000000","0.500000","1","2"
"2422776","316629","312","0.483974","0.195512","0.6955128205128205","389"
"2423906","14021","30","0.633333","0.166666","7.2","10"
"2425163","23328","88","0.670454","0.068181","1.1931818181818181","28"
"2425787","14705","60","0.933333","0.016666","2.1","0"
"2425851","13087","8","0.000000","1.000000","0.75","0"
"2428802","11121","9","0.888888","0.000000","1.6666666666666667","2"
"2430241","34701","31","0.709677","0.096774","0.5806451612903226","4"
"2430549","21408","51","0.156862","0.666666","2.372549019607843","65"
"2432053","11069","5","0.400000","0.000000","0.4","0"
"2435473","136354","83","0.710843","0.084337","3.216867469879518","38"
"2436175","20685","6","0.000000","0.833333","4.833333333333333","13"
"2436655","12076","27","0.629629","0.111111","1.7037037037037037","33"
"2437508","31870","122","0.516393","0.139344","4.385245901639344","27"
"2441442","17144","7","0.571428","0.142857","6","5"
"2441637","25408","11","0.818181","0.090909","3.5454545454545454","1"
"2441655","18507","7","0.142857","0.428571","10.571428571428571","2"
"2442099","106979","87","0.390804","0.264367","3.2873563218390807","42"
"2442613","11405","71","0.549295","0.112676","3.23943661971831","0"
"2442804","57575","60","0.600000","0.133333","25.2","181"
"2445864","16826","15","0.533333","0.333333","1.6","4"
"2446208","12454","19","0.368421","0.368421","1.8421052631578947","69"
"2446799","12944","7","0.285714","0.428571","0.14285714285714285","0"
"2449192","19910","6","0.333333","0.500000","3.8333333333333335","8"
"2449905","57821","23","0.652173","0.130434","1.608695652173913","14"
"2451726","13251","8","0.375000","0.250000","1.5","32"
"2453432","13686","53","0.584905","0.169811","28.471698113207548","190"
"2454790","31041","14","0.642857","0.142857","0.9285714285714286","4"
"2455888","106700","6","0.166666","0.500000","2.8333333333333335","3"
"2456038","17353","12","0.000000","0.666666","0.08333333333333333","1"
"2458310","13026","9","0.333333","0.444444","1","7"
"2458858","11772","5","0.200000","0.400000","4","1"
"2459096","14150","5","1.000000","0.000000","0.8","0"
"2462531","21727","27","0.259259","0.555555","3.814814814814815","4"
"2463948","12147","17","0.470588","0.235294","7.117647058823529","0"
"2465073","27836","52","0.826923","0.057692","1.9807692307692308","3"
"2466431","11536","9","0.444444","0.333333","2","3"
"2469283","29548","12","0.916666","0.083333","1.1666666666666667","0"
"2470524","13112","11","0.363636","0.545454","2.1818181818181817","9"
"2476735","10831","5","0.800000","0.200000","17.2","2"
"2482744","36271","6","0.500000","0.500000","2.5","0"
"2483313","107963","280","0.589285","0.128571","1.7392857142857143","22"
"2485966","11163","23","0.565217","0.086956","7.782608695652174","2"
"2490074","13228","10","0.000000","0.800000","1.1","0"
"2491900","21787","14","0.500000","0.142857","5.5","10"
"2494262","21196","17","0.235294","0.470588","1.2352941176470589","1"
"2494754","13721","35","0.057142","0.771428","1.0571428571428572","4"
"2497335","21252","40","0.375000","0.325000","0.5","7"
"2497859","10803","438","0.853881","0.034246","0.0776255707762557","31"
"2498956","12608","34","0.588235","0.117647","1.3529411764705883","2"
"2499892","13890","57","0.526315","0.122807","0.7543859649122807","8"
"2501279","153002","860","0.606976","0.104651","1.927906976744186","936"
"2504224","65022","72","0.763888","0.027777","4.5","2"
"2504762","13155","9","0.333333","0.111111","5.333333333333333","0"
"2505965","27168","183","0.672131","0.120218","1.9562841530054644","119"
"2516474","37038","8","0.625000","0.250000","1","1"
"2518231","32343","16","0.250000","0.500000","5.25","12"
"2518285","15543","56","0.625000","0.250000","1.5714285714285714","14"
"2518317","13295","6","0.333333","0.666666","3.3333333333333335","0"
"2519416","16213","11","0.181818","0.363636","4.2727272727272725","26"
"2520800","22389","185","0.475675","0.205405","2.8216216216216217","27"
"2521214","52394","113","0.610619","0.079646","5.752212389380531","83"
"2525948","13741","18","0.388888","0.166666","2.6666666666666665","0"
"2527795","10362","53","0.584905","0.264150","2.4716981132075473","63"
"2527905","60508","59","0.491525","0.118644","3.169491525423729","9"
"2528063","37472","40","0.450000","0.200000","12.15","4"
"2529954","16758","64","0.796875","0.062500","2.953125","15"
"2535611","59472","108","0.379629","0.268518","1.3981481481481481","37"
"2535875","10248","10","0.100000","0.700000","1.7","1"
"2538939","93474","273","0.505494","0.150183","0.663003663003663","21"
"2540471","12385","7","0.714285","0.142857","1.7142857142857142","0"
"2541560","73880","25","0.360000","0.320000","17.16","13"
"2541573","67689","53","0.566037","0.226415","10.69811320754717","187"
"2543416","10446","41","0.487804","0.170731","0.6829268292682927","9"
"2554537","37489","28","0.678571","0.071428","5","29"
"2556520","13650","11","0.272727","0.363636","5","4"
"2557128","27060","79","0.417721","0.227848","7.746835443037975","24"
"2562564","16201","8","0.375000","0.500000","4","0"
"2564847","19368","8","0.625000","0.250000","2.375","1"
"2567683","31937","26","0.461538","0.192307","2.076923076923077","0"
"2569793","12119","11","0.454545","0.000000","2.5454545454545454","0"
"2570261","28691","35","0.400000","0.257142","0.9428571428571428","3"
"2571021","11568","54","0.777777","0.055555","3.6666666666666665","211"
"2571881","12051","31","0.225806","0.354838","0.4838709677419355","0"
"2576254","17724","6","0.333333","0.666666","0.5","0"
"2577687","15055","42","0.428571","0.238095","0.7857142857142857","0"
"2577734","15399","11","0.454545","0.181818","2.1818181818181817","20"
"2579738","22428","28","0.928571","0.000000","6.892857142857143","57"
"2586922","113497","42","0.619047","0.023809","2.9523809523809526","41"
"2587166","18546","10","0.600000","0.200000","3.8","5"
"2587435","209798","5","0.800000","0.000000","43.4","27"
"2587904","17924","5","0.800000","0.200000","5.6","0"
"2588368","12737","12","0.666666","0.083333","1.0833333333333333","6"
"2588800","15823","9","0.888888","0.111111","2.111111111111111","12"
"2602718","15530","9","0.666666","0.222222","3.6666666666666665","3"
"2602877","16576","238","0.512605","0.096638","17.256302521008404","3557"
"2608515","28778","130","0.792307","0.023076","2.2153846153846155","46"
"2609980","10554","20","0.450000","0.300000","1.75","0"
"2610022","17231","16","0.500000","0.125000","3.25","5"
"2610061","28431","495","0.260606","0.369696","0.6626262626262627","73"
"2610810","66791","260","0.434615","0.246153","3.0923076923076924","3"
"2612235","29806","7","0.714285","0.000000","4.571428571428571","5"
"2612259","16872","46","0.391304","0.108695","0.391304347826087","0"
"2613885","18927","5","0.600000","0.200000","0.4","0"
"2614364","46123","7","0.000000","0.428571","0.14285714285714285","1"
"2621917","20307","5","0.400000","0.400000","5","15"
"2625442","35420","65","0.584615","0.107692","0.8769230769230769","18"
"2627018","14799","536","0.789179","0.026119","0.9011194029850746","215"
"2627243","13535","291","0.219931","0.408934","3.020618556701031","575"
"2628868","41269","78","0.564102","0.269230","4.115384615384615","13"
"2630032","35214","6","0.500000","0.166666","1.3333333333333333","1"
"2630078","94731","11","0.636363","0.090909","1.9090909090909092","20"
"2641825","11599","21","0.095238","0.714285","2.2857142857142856","0"
"2648077","46192","12","0.166666","0.666666","0.3333333333333333","2"
"2648811","24886","33","0.242424","0.484848","4.757575757575758","5"
"2650249","68049","27","0.592592","0.222222","4.592592592592593","19"
"2650437","24932","16","0.625000","0.125000","1.25","1"
"2651006","15383","9","0.666666","0.000000","4.222222222222222","0"
"2654518","11278","5","0.000000","0.800000","0.2","5"
"2656275","15541","7","0.142857","0.571428","0.8571428571428571","0"
"2658050","67076","129","0.852713","0.031007","0.8062015503875969","1"
"2658683","10041","5","0.000000","0.600000","3","4"
"2659307","13967","38","0.710526","0.052631","1.5","3"
"2662355","20215","21","0.523809","0.047619","0.6666666666666666","5"
"2664350","11917","6","0.333333","0.166666","3.6666666666666665","8"
"2665425","26720","30","0.633333","0.133333","1.4","3"
"2666289","38077","17","0.588235","0.176470","5.411764705882353","18"
"2670892","111611","70","0.871428","0.028571","9.357142857142858","174"
"2674303","37072","12","0.250000","0.333333","9.5","5"
"2680640","11514","8","0.000000","0.750000","0.25","0"
"2682142","53606","73","0.616438","0.150684","2.0684931506849313","4"
"2684539","230214","325","0.427692","0.196923","4.8246153846153845","228"
"2686899","46084","25","0.800000","0.040000","1.28","0"
"2692688","15993","101","0.475247","0.237623","1.4455445544554455","16"
"2694184","23138","141","0.687943","0.070921","2.0638297872340425","6"
"2696165","52178","34","0.735294","0.147058","1.9411764705882353","3"
"2696260","127226","154","0.642857","0.103896","21.285714285714285","168"
"2698119","14865","22","0.545454","0.227272","1.2727272727272727","5"
"2698552","29854","14","0.785714","0.142857","0.2857142857142857","5"
"2700303","15403","10","0.400000","0.400000","1.5","1"
"2700344","38503","97","0.773195","0.041237","1.1237113402061856","177"
"2700898","20854","8","0.000000","0.375000","3","2"
"2701130","14761","9","0.222222","0.555555","0.3333333333333333","0"
"2702894","25367","33","0.515151","0.121212","2.090909090909091","14"
"2704032","16928","20","0.200000","0.500000","4.45","9"
"2705055","18706","70","0.542857","0.200000","2.3142857142857145","27"
"2705542","71510","76","0.434210","0.184210","1.5921052631578947","3"
"2706707","10776","140","0.271428","0.364285","3.6142857142857143","5"
"2707792","45198","51","0.568627","0.137254","3","36"
"2707864","15938","10","0.200000","0.400000","5.3","0"
"2709090","50138","71","0.746478","0.042253","1.1830985915492958","3"
"2711488","301708","189","0.523809","0.153439","11.825396825396826","88"
"2715393","16934","11","0.818181","0.000000","2.3636363636363638","0"
"2722968","17464","25","0.640000","0.040000","2.04","19"
"2725435","62004","5","0.600000","0.200000","11.4","4"
"2725773","11619","171","0.356725","0.263157","3.2923976608187133","46"
"2728148","11143","7","0.285714","0.428571","1.5714285714285714","0"
"2733851","30737","18","0.666666","0.055555","2.7222222222222223","3"
"2734189","41950","29","0.482758","0.172413","3.0689655172413794","18"
"2735286","14889","25","0.040000","0.840000","0.16","0"
"2736742","10750","9","0.000000","0.888888","1","3"
"2739078","15984","15","0.666666","0.000000","1","2"
"2741273","30246","32","0.531250","0.062500","0.90625","0"
"2742717","15635","44","0.454545","0.181818","7.136363636363637","1"
"2743458","12179","111","0.396396","0.252252","3.3423423423423424","126"
"2745436","16085","7","0.142857","0.857142","2.4285714285714284","0"
"2745495","30678","58","0.620689","0.103448","11.913793103448276","1842"
"2746110","12671","11","0.000000","0.909090","5.909090909090909","0"
"2749397","25488","55","0.436363","0.181818","1.9454545454545455","34"
"2749717","11980","5","0.400000","0.400000","2.2","0"
"2749865","12854","63","0.238095","0.301587","4.111111111111111","3"
"2750743","14099","8","0.000000","0.750000","2.375","31"
"2750966","14913","15","0.400000","0.200000","1.2666666666666666","5"
"2751851","34538","9","0.666666","0.000000","3.4444444444444446","47"
"2752075","104953","324","0.450617","0.200617","7.361111111111111","168"
"2753501","24821","564","0.508865","0.164893","0.6950354609929078","2401"
"2753526","29485","35","0.714285","0.057142","1.4","1"
"2755607","43513","170","0.711764","0.029411","0.5294117647058824","25"
"2756409","21327","53","0.283018","0.377358","15.471698113207546","10902"
"2756547","122726","403","0.888337","0.012406","1.9478908188585609","34"
"2756719","139127","5","0.600000","0.000000","1.4","0"
"2760986","19094","100","0.730000","0.080000","1.78","8"
"2761575","31605","38","0.500000","0.289473","2","17"
"2761641","16357","39","0.256410","0.589743","1.0256410256410255","0"
"2764255","40559","30","0.733333","0.066666","5.166666666666667","12"
"2766176","133836","92","0.369565","0.195652","1.641304347826087","485"
"2767703","10034","5","0.000000","0.200000","0.6","0"
"2771889","25812","64","0.156250","0.640625","0.3125","4"
"2777074","40758","421","0.838479","0.033254","2.5201900237529693","518"
"2780791","23276","11","0.000000","0.818181","1.3636363636363635","11"
"2781454","13525","29","0.931034","0.034482","1.4827586206896552","1"
"2790047","22614","48","0.812500","0.020833","2.2916666666666665","16"
"2790621","15538","5","0.800000","0.000000","4.6","0"
"2791540","52538","55","0.381818","0.218181","4.109090909090909","2"
"2796058","23703","16","0.875000","0.000000","0.75","17"
"2799941","21364","11","0.363636","0.454545","1.8181818181818181","0"
"2800876","42088","18","0.277777","0.500000","1.3333333333333333","7"
"2802040","116258","52","0.403846","0.192307","12.923076923076923","245"
"2805154","20356","67","0.731343","0.074626","1.6567164179104477","50"
"2805305","77282","104","0.413461","0.230769","3.1538461538461537","47"
"2809027","10346","8","0.375000","0.500000","5.25","0"
"2810305","40320","7","0.428571","0.142857","5","33"
"2813224","45320","557","0.229802","0.387791","2.1382405745062836","93"
"2820422","10407","25","0.360000","0.280000","1.24","0"
"2822041","13756","140","0.535714","0.164285","2.7714285714285714","17"
"2823719","46596","323","0.628482","0.133126","2.1331269349845203","31"
"2823755","23891","79","0.379746","0.215189","9.30379746835443","39"
"2828341","10557","411","0.635036","0.090024","1.3236009732360097","450"
"2832282","14197","6","0.333333","0.333333","3.3333333333333335","0"
"2834978","14708","110","0.409090","0.236363","3.7363636363636363","23"
"2835261","35329","120","0.291666","0.350000","2.591666666666667","33"
"2836621","210788","470","0.589361","0.112765","4.468085106382978","132"
"2837741","15119","32","0.218750","0.531250","4.0625","16"
"2843065","15710","21","0.809523","0.047619","1.8571428571428572","0"
"2844319","79208","20","0.500000","0.050000","2.5","3"
"2848676","13453","5","0.200000","0.400000","3","1"
"2851937","35734","89","0.752808","0.011235","10.07865168539326","53"
"2854908","23089","25","0.400000","0.320000","0.96","3"
"2855515","11067","5","0.800000","0.000000","1.6","0"
"2857130","20432","5","0.200000","0.600000","0.2","0"
"2858170","29307","218","0.674311","0.064220","1.348623853211009","40"
"2858934","12084","46","0.804347","0.086956","1.5434782608695652","1"
"2864275","24394","66","0.393939","0.303030","7.681818181818182","34"
"2864740","62591","15","0.533333","0.266666","22.8","32"
"2868801","39710","111","0.774774","0.054054","6.09009009009009","5"
"2872922","62138","310","0.467741","0.177419","2.996774193548387","92"
"2873507","10716","6","0.166666","0.666666","3.3333333333333335","0"
"2875563","37040","12","0.416666","0.083333","2.6666666666666665","28"
"2876079","12886","27","0.333333","0.555555","1.6666666666666667","7"
"2876830","10108","7","0.714285","0.000000","0.5714285714285714","0"
"2877241","313720","1753","0.389617","0.261266","0.8824871648602396","1667"
"2878550","14137","16","0.312500","0.250000","1.125","15"
"2881414","17980","37","0.324324","0.297297","0.43243243243243246","26"
"2883245","17175","35","0.571428","0.200000","5.171428571428572","28"
"2884291","10817","7","0.142857","0.714285","2.5714285714285716","6"
"2884859","26296","24","0.208333","0.458333","0.875","15"
"2886891","22025","10","0.200000","0.600000","6.8","16"
"2887218","341246","814","0.729729","0.046683","5.955773955773956","90"
"2890093","10843","121","0.702479","0.082644","0.6859504132231405","16"
"2897115","12136","7","0.142857","0.285714","5.857142857142857","0"
"2897748","169018","1620","0.856790","0.011728","0.1271604938271605","0"
"2898715","17785","7","0.428571","0.428571","1.5714285714285714","1"
"2901002","868739","3084","0.585603","0.110246","1.0220492866407263","115"
"2902833","23729","287","0.644599","0.076655","3.5888501742160277","38"
"2904896","19309","27","0.851851","0.000000","11.148148148148149","34"
"2905768","17831","170","0.623529","0.100000","4.964705882352941","22"
"2910520","45326","10","0.700000","0.300000","3.1","1"
"2910943","25049","5","0.600000","0.200000","1","26"
"2912349","12723","71","0.816901","0.084507","1.971830985915493","3"
"2913106","11748","104","0.644230","0.105769","0.7403846153846154","18"
"2914140","29225","45","0.155555","0.622222","3.488888888888889","3"
"2922834","18914","6","0.000000","1.000000","0.6666666666666666","0"
"2926754","11186","32","0.718750","0.125000","0.71875","5"
"2927114","12856","7","0.142857","0.714285","0.8571428571428571","5"
"2929562","12245","14","0.500000","0.285714","5.928571428571429","30"
"2930038","10341","168","0.476190","0.190476","2.875","28"
"2932052","10392","13","0.615384","0.230769","9.76923076923077","45"
"2932476","14722","9","0.111111","0.555555","2.4444444444444446","16"
"2933177","24326","88","0.556818","0.113636","1.3181818181818181","11"
"2933977","17650","68","0.602941","0.102941","5.632352941176471","18"
"2937831","88898","171","0.789473","0.035087","0.5730994152046783","9"
"2938364","12763","12","0.500000","0.333333","2.1666666666666665","8"
"2943218","27048","120","0.550000","0.141666","4.166666666666667","45"
"2943403","49697","713","0.086956","0.632538","3.9130434782608696","2085"
"2945027","14661","41","0.439024","0.243902","2.3658536585365852","28"
"2946329","40024","7","0.714285","0.142857","0.8571428571428571","5"
"2946773","10715","8","0.375000","0.375000","1.125","4"
"2947378","21401","67","0.477611","0.253731","3.1044776119402986","60"
"2948212","16074","6","0.500000","0.166666","4.166666666666667","0"
"2951933","13827","7","0.285714","0.285714","9","8"
"2954547","14174","39","0.435897","0.153846","3.641025641025641","33"
"2963652","19168","21","0.190476","0.428571","3.761904761904762","21"
"2964963","10880","65","0.630769","0.076923","2.0923076923076924","14"
"2970947","202106","113","0.407079","0.283185","3.061946902654867","1"
"2974951","10415","134","0.291044","0.350746","1.992537313432836","10"
"2979617","29246","19","0.421052","0.157894","12.31578947368421","3"
"2981429","26928","10","0.300000","0.300000","4","3"
"2981610","13007","20","0.600000","0.150000","9.85","12"
"2985007","59655","99","0.383838","0.232323","0.696969696969697","2"
"2985643","17706","41","0.658536","0.097560","9.195121951219512","72"
"2986984","10782","5","0.400000","0.600000","5","1"
"2988730","115990","375","0.368000","0.298666","5.392","332"
"2989261","62155","12","0.583333","0.250000","2.4166666666666665","17"
"2991525","82964","239","0.502092","0.175732","5.066945606694561","78"
"2991619","17533","13","0.615384","0.076923","11.923076923076923","2"
"2994596","14667","8","0.875000","0.000000","1.75","3"
"2994949","20871","11","0.272727","0.181818","22.454545454545453","44"
"2997825","13480","18","0.611111","0.111111","0.2222222222222222","2"
"3000206","46788","43","0.372093","0.209302","4.023255813953488","5"
"3001761","124245","47","0.489361","0.191489","78.8936170212766","5563"
"3001856","11865","14","0.142857","0.428571","5.214285714285714","1"
"3002584","10750","14","0.428571","0.285714","4.142857142857143","7"
"3003365","14104","33","0.606060","0.090909","44.60606060606061","192"
"3003401","10690","64","0.750000","0.046875","3.8125","17"
"3005167","23805","15","0.466666","0.133333","2.8666666666666667","19"
"3007154","13414","34","0.852941","0.000000","3.1470588235294117","0"
"3011380","49254","125","0.288000","0.448000","0.76","5"
"3015186","35765","10","0.400000","0.400000","8","16"
"3016153","117742","400","0.667500","0.060000","2.58","16"
"3019689","15499","5","0.400000","0.200000","3.4","1"
"3022127","19582","6","0.166666","0.166666","2.3333333333333335","4"
"3027266","60760","352","0.636363","0.130681","4.392045454545454","81"
"3032209","11495","8","0.000000","0.625000","0.5","1"
"3032289","64222","12","0.333333","0.416666","3.25","0"
"3046585","10886","14","0.000000","0.642857","4.214285714285714","2"
"3048453","10533","22","0.454545","0.363636","1.4545454545454546","0"
"3058609","54669","32","0.406250","0.312500","2.84375","9"
"3063243","11960","15","0.333333","0.266666","0.9333333333333333","1"
"3066077","17276","142","0.330985","0.309859","3.767605633802817","29"
"3067485","11752","32","0.500000","0.093750","6.78125","2"
"3068190","26561","120","0.700000","0.041666","1.7833333333333334","27"
"3073272","47464","44","0.045454","0.795454","0.8409090909090909","6"
"3074564","50106","90","0.588888","0.166666","5.9","252"
"3075340","10999","6","0.333333","0.500000","8.833333333333334","0"
"3080723","15671","260","0.438461","0.296153","7.811538461538461","81"
"3080770","18932","60","0.633333","0.100000","0.6833333333333333","11"
"3081018","125675","248","0.790322","0.040322","3.2943548387096775","46"
"3082296","35399","27","0.370370","0.444444","12.407407407407407","86"
"3088045","10194","9","0.000000","0.666666","6.666666666666667","33"
"3088138","26090","84","0.726190","0.059523","4.976190476190476","28"
"3088349","33206","69","0.536231","0.246376","2.7246376811594204","174"
"3092298","19574","59","0.694915","0.050847","7.4576271186440675","135"
"3092377","17614","12","0.500000","0.333333","2.6666666666666665","15"
"3093731","20399","5","0.000000","0.800000","7.4","15"
"3094533","83028","24","0.416666","0.291666","5.833333333333333","5"
"3094731","12760","9","0.444444","0.111111","2","19"
"3098330","10819","45","0.311111","0.511111","0.6888888888888889","57"
"3102264","12139","7","0.142857","0.285714","1.8571428571428572","22"
"3102968","15605","16","0.625000","0.000000","2.8125","0"
"3104226","17682","16","0.875000","0.000000","1.375","1"
"3106920","72351","12","0.333333","0.083333","1.6666666666666667","1"
"3110834","126400","83","0.698795","0.132530","4.409638554216867","113"
"3111149","12779","41","0.560975","0.146341","8.048780487804878","5"
"3120446","14550","5","0.400000","0.000000","3.4","0"
"3124333","10398","20","0.600000","0.200000","4.45","17"
"3129414","13716","70","0.414285","0.214285","1.3","43"
"3132019","15834","40","0.500000","0.300000","1.425","105"
"3133316","35535","63","0.444444","0.206349","44.523809523809526","23"
"3134215","35699","24","0.375000","0.208333","0.6666666666666666","1"
"3136339","14697","10","0.900000","0.000000","1.5","2"
"3141234","63972","108","0.527777","0.138888","6.851851851851852","180"
"3141792","29482","230","0.673913","0.082608","4.717391304347826","34"
"3142139","11238","17","0.294117","0.411764","1.3529411764705883","0"
"3144770","41986","209","0.784688","0.014354","0.7368421052631579","561"
"3146213","14996","45","0.777777","0.066666","4.844444444444444","27"
"3150338","16641","25","0.760000","0.080000","1.36","12"
"3150802","16436","36","0.222222","0.444444","8.333333333333334","35"
"3151675","58395","50","0.240000","0.560000","1.52","42"
"3156906","10470","54","0.611111","0.129629","7.092592592592593","4"
"3157076","33016","48","0.520833","0.145833","6.791666666666667","147"
"3160747","41340","43","0.813953","0.023255","2.558139534883721","14"
"3161139","11461","6","0.166666","0.666666","1.5","2"
"3163618","11654","18","0.000000","0.777777","7.333333333333333","4"
"3176419","13496","291","0.388316","0.264604","1.288659793814433","158"
"3179759","15657","6","0.500000","0.166666","0.3333333333333333","0"
"3180489","13800","43","0.627906","0.139534","0.9767441860465116","46"
"3181104","10156","36","0.333333","0.277777","3.361111111111111","9"
"3181392","37363","55","0.636363","0.109090","5.636363636363637","48"
"3181933","39103","135","0.481481","0.214814","17.48148148148148","383"
"3190076","10899","68","0.264705","0.279411","2.7794117647058822","4"
"3190347","17899","6","0.000000","0.833333","2.6666666666666665","0"
"3191896","34647","10","0.400000","0.500000","1","5"
"3195477","13505","47","0.319148","0.404255","7.25531914893617","445"
"3198983","13079","8","0.000000","0.750000","1","2"
"3199595","30623","9","0.666666","0.111111","1.2222222222222223","6"
"3204551","46007","9","0.222222","0.222222","9.222222222222221","20"
"3208297","29567","9","0.222222","0.444444","0.5555555555555556","0"
"3211932","21104","8","0.125000","0.375000","0.625","3"
"3212865","13622","7","0.571428","0.285714","9.714285714285714","1"
"3214202","10543","12","0.666666","0.166666","2.9166666666666665","0"
"3214872","19323","12","0.416666","0.083333","4.416666666666667","2"
"3216427","13116","174","0.574712","0.149425","8.17816091954023","303"
"3219613","57886","190","0.573684","0.121052","3.4263157894736844","986"
"3220113","20302","65","0.184615","0.384615","1.5538461538461539","9"
"3220135","11205","53","0.547169","0.132075","5.9245283018867925","7"
"3220983","11294","19","0.315789","0.421052","2.6842105263157894","4"
"3225458","12042","17","0.647058","0.117647","3","0"
"3231537","12816","5","0.800000","0.000000","7.6","2"
"3231778","15332","28","0.321428","0.250000","1.5714285714285714","6"
"3233398","12915","11","0.181818","0.454545","0.7272727272727273","0"
"3233827","16275","5","0.400000","0.400000","3.2","2"
"3234959","116712","100","0.490000","0.170000","3.96","19"
"3236925","16640","15","0.600000","0.200000","2.8","9"
"3240583","21587","14","0.142857","0.500000","0.5714285714285714","0"
"3241243","13438","16","0.625000","0.125000","3.1875","264"
"3245749","36500","64","0.562500","0.109375","2.75","7"
"3247006","43538","523","0.114722","0.669216","0.032504780114722756","1340"
"3250829","104966","13","0.923076","0.000000","7.076923076923077","35"
"3255152","31384","17","0.588235","0.117647","1.8823529411764706","0"
"3255455","53067","57","0.298245","0.298245","1.3508771929824561","0"
"3255871","14208","221","0.778280","0.018099","2.085972850678733","27"
"3266847","54284","58","0.551724","0.189655","5.879310344827586","113"
"3270427","10877","24","0.625000","0.166666","8.708333333333334","27"
"3270785","17957","84","0.428571","0.130952","0.40476190476190477","11"
"3280538","24105","100","0.480000","0.230000","2.49","27"
"3281336","11972","14","0.357142","0.428571","3.5714285714285716","5"
"3282056","29523","117","0.547008","0.136752","2.034188034188034","8"
"3282436","13809","60","0.400000","0.233333","7.366666666666666","59"
"3286489","61455","25","0.520000","0.160000","1.52","4"
"3287566","13298","8","0.500000","0.125000","0.75","1"
"3288890","61270","127","0.629921","0.165354","2.5511811023622046","38"
"3297291","23535","68","0.794117","0.073529","0.6617647058823529","8"
"3304426","33133","26","0.692307","0.038461","1.7692307692307692","14"
"3309466","13431","53","0.773584","0.037735","1.509433962264151","6"
"3309790","173695","95","0.568421","0.136842","1.0210526315789474","41"
"3314107","13599","24","0.666666","0.208333","1.7083333333333333","4"
"3315962","11142","44","0.704545","0.045454","1.6818181818181819","2"
"3318517","27675","9","0.555555","0.222222","2.4444444444444446","5"
"3322400","12010","21","0.619047","0.285714","1.7142857142857142","1"
"3325704","12196","5","0.400000","0.000000","0.4","0"
"3340702","16605","15","0.533333","0.266666","1.7333333333333334","17"
"3348604","29187","180","0.700000","0.077777","1.4444444444444444","180"
"3357935","28318","10","0.000000","0.900000","3.5","18"
"3358272","169109","1030","0.544660","0.166019","3.512621359223301","558"
"3367974","11744","7","0.285714","0.571428","8.285714285714286","12"
"3371862","83396","307","0.785016","0.019543","1.6254071661237786","140"
"3379653","36566","57","0.473684","0.122807","6.894736842105263","65"
"3385827","24001","23","0.608695","0.173913","1.4782608695652173","0"
"3386109","35000","11","0.454545","0.181818","89.18181818181819","73"
"3387716","17760","293","0.378839","0.303754","3.6177474402730376","40"
"3390419","26766","209","0.703349","0.071770","2.61244019138756","178"
"3391490","10064","15","0.533333","0.066666","1.4666666666666666","12"
"3399356","10229","160","0.481250","0.150000","0.90625","242"
"3402095","13099","6","0.666666","0.166666","10.5","2"
"3405171","20076","34","0.529411","0.147058","1.3235294117647058","18"
"3406693","34843","17","0.941176","0.000000","5.9411764705882355","12"
"3411787","16890","8","0.000000","1.000000","0.75","0"
"3412322","21659","48","0.562500","0.208333","5.3125","45"
"3413723","12493","10","0.000000","0.500000","0.8","1"
"3418066","116417","81","0.716049","0.074074","16","30"
"3419103","18237","8","0.625000","0.250000","1.75","17"
"3419297","10781","31","0.838709","0.032258","0.9032258064516129","1"
"3422102","85180","215","0.255813","0.367441","8.325581395348838","61"
"3427777","22922","5","0.000000","1.000000","3.8","11"
"3429323","10337","31","0.451612","0.290322","2.2903225806451615","10"
"3437787","62274","69","0.623188","0.072463","1.2028985507246377","68"
"3437900","12730","7","0.142857","0.714285","0.2857142857142857","2"
"3439404","30624","82","0.743902","0.085365","5.853658536585366","46"
"3440745","68033","65","0.723076","0.046153","19.630769230769232","300"
"3446126","20272","18","0.611111","0.055555","1.3333333333333333","5"
"3448419","100264","54","0.796296","0.018518","2","1"
"3448527","60886","119","0.420168","0.210084","1.9243697478991597","248"
"3450034","30138","8","0.750000","0.000000","1.5","0"
"3451975","21776","7","0.285714","0.142857","3.142857142857143","3"
"3453898","10799","17","0.647058","0.294117","5.529411764705882","1"
"3454879","17506","9","0.777777","0.111111","0.2222222222222222","7"
"3460361","11852","5","0.400000","0.000000","7.6","3"
"3460670","30694","187","0.443850","0.160427","0.946524064171123","10"
"3460805","10716","13","0.307692","0.230769","0.8461538461538461","23"
"3461397","18302","128","0.148437","0.375000","0.265625","70"
"3462319","10746","17","0.352941","0.235294","8.235294117647058","65"
"3464971","27778","9","0.000000","0.666666","0","0"
"3474956","10271","13","0.384615","0.461538","1.9230769230769231","9"
"3479456","10435","15","0.666666","0.066666","5.4","11"
"3485434","33430","961","0.539021","0.118626","1.9302809573361082","585"
"3486675","11654","49","0.734693","0.102040","3.122448979591837","28"
"3486691","18213","10","0.700000","0.100000","1.4","2"
"3489155","13062","57","0.263157","0.385964","0.42105263157894735","23"
"3494754","11660","799","0.367959","0.257822","1.0750938673341677","133"
"3494774","11391","161","0.335403","0.322981","1.484472049689441","96"
"3497671","63398","13","0.307692","0.461538","1.0769230769230769","8"
"3499115","14649","18","0.388888","0.333333","2.5","5"
"3501958","12629","40","0.400000","0.350000","0.475","88"
"3509591","18945","20","0.700000","0.200000","2.8","12"
"3512538","12917","9","0.444444","0.222222","5.444444444444445","1"
"3520404","14494","10","0.200000","0.700000","3.7","1"
"3522312","133515","85","0.494117","0.188235","0.9411764705882353","22"
"3527297","56619","396","0.661616","0.075757","1.3585858585858586","87"
"3533584","27365","118","0.771186","0.067796","5.97457627118644","29"
"3536236","23149","33","0.666666","0.151515","11.636363636363637","92"
"3545273","150300","351","0.336182","0.250712","1.4957264957264957","10"
"3553087","96673","17","0.294117","0.294117","2.9411764705882355","6"
"3558931","24688","204","0.063725","0.661764","0.4166666666666667","14"
"3558960","98737","163","0.503067","0.202453","2.4907975460122698","18"
"3561275","15312","31","0.612903","0.096774","1.6451612903225807","2"
"3563993","13314","9","0.222222","0.777777","1","6"
"3566998","14784","17","0.294117","0.235294","4.0588235294117645","1"
"3568092","12236","21","0.523809","0.285714","1.380952380952381","5"
"3576984","34953","5","0.400000","0.200000","10.2","7"
"3577849","17893","31","0.677419","0.161290","1.064516129032258","1"
"3580870","18277","51","0.352941","0.313725","2.3137254901960786","2"
"3581788","12212","7","0.714285","0.142857","4.428571428571429","1"
"3583182","62944","12","0.333333","0.250000","0.4166666666666667","4"
"3585796","91419","321","0.601246","0.161993","3.0809968847352023","932"
"3588876","13961","5","0.200000","0.800000","1.2","1"
"3589092","17744","7","0.285714","0.571428","3.142857142857143","0"
"3593996","112330","10","0.500000","0.100000","0.8","3"
"3597276","376495","52","0.461538","0.269230","2.576923076923077","174"
"3600553","13078","64","0.062500","0.750000","0","14"
"3603681","33852","225","0.555555","0.151111","4.257777777777778","131"
"3607064","14018","5","0.200000","0.600000","1.4","5"
"3607203","11687","13","0.692307","0.000000","4.076923076923077","5"
"3611669","12388","131","0.343511","0.259541","5.374045801526718","41"
"3611989","34168","53","0.622641","0.150943","8.830188679245284","5"
"3617380","20303","45","0.644444","0.133333","3.5555555555555554","8"
"3617886","113365","14","0.928571","0.000000","0.5","3"
"3620003","79302","207","0.314009","0.309178","3.3091787439613527","32"
"3625433","11366","17","0.117647","0.705882","1.7647058823529411","7"
"3627756","13571","145","0.448275","0.220689","1.6620689655172414","134"
"3629249","16584","18","0.500000","0.111111","10.38888888888889","0"
"3636601","69615","94","0.670212","0.095744","8.52127659574468","428"
"3642398","17075","5","0.600000","0.000000","2.2","2"
"3647002","14269","10","0.200000","0.800000","1.3","0"
"3648361","10129","20","0.850000","0.000000","3","0"
"3650362","28783","7","0.857142","0.000000","10.857142857142858","17"
"3652345","16968","41","0.585365","0.073170","2.1951219512195124","6"
"3654061","12178","5","0.400000","0.200000","4.4","1"
"3656904","20816","63","0.380952","0.206349","1.7936507936507937","25"
"3665878","18659","33","0.727272","0.030303","1.6666666666666667","8"
"3667938","15113","8","0.375000","0.250000","0.625","0"
"3669698","17349","9","0.222222","0.444444","0.5555555555555556","3"
"3679490","68099","13","0.307692","0.384615","2","2"
"3680831","20505","7","0.571428","0.142857","1.4285714285714286","4"
"3684265","15972","147","0.530612","0.149659","2.251700680272109","51"
"3684882","21719","8","0.375000","0.250000","4.125","0"
"3689450","29778","84","0.404761","0.285714","31.166666666666668","3127"
"3691891","13188","39","0.461538","0.282051","3.358974358974359","2"
"3699139","34445","25","0.720000","0.160000","2.04","9"
"3701102","16267","27","0.037037","0.851851","0.2962962962962963","8"
"3701228","18164","19","0.736842","0.105263","3.1052631578947367","14"
"3702377","36324","35","0.028571","0.628571","2.4","62"
"3702797","140176","297","0.680134","0.080808","3.973063973063973","107"
"3705127","28148","8","0.375000","0.500000","3.125","0"
"3705840","71673","26","0.384615","0.269230","1.5769230769230769","24"
"3706016","44960","109","0.412844","0.201834","30.807339449541285","2611"
"3706693","19478","12","0.750000","0.083333","7.416666666666667","2"
"3710490","13188","23","0.782608","0.000000","1.6956521739130435","8"
"3710865","13488","14","0.500000","0.142857","2.642857142857143","1"
"3711162","47011","80","0.700000","0.075000","6.4","26"
"3723423","75129","268","0.656716","0.082089","1.3805970149253732","354"
"3723993","21386","27","0.555555","0.259259","0.7037037037037037","1"
"3725596","10312","190","0.868421","0.015789","0.43157894736842106","16"
"3728901","53653","75","0.440000","0.280000","1.3466666666666667","486"
"3731467","10657","5","0.000000","0.800000","1.4","2"
"3731501","227175","206","0.645631","0.097087","9.74757281553398","53"
"3732075","12352","7","0.714285","0.285714","1.4285714285714286","1"
"3732271","891697","3306","0.480338","0.208711","1.2129461584996974","100"
"3734116","11418","8","0.375000","0.375000","0.875","0"
"3737009","21644","36","0.472222","0.250000","0.6944444444444444","1"
"3738171","32015","103","0.582524","0.087378","1.8058252427184467","23"
"3744182","121806","107","0.598130","0.130841","11.08411214953271","979"
"3744304","57279","303","0.379537","0.326732","3.617161716171617","309"
"3744747","11093","33","0.242424","0.333333","0.5757575757575758","34"
"3748349","54771","13","0.461538","0.307692","0.5384615384615384","0"
"3751711","55691","7","0.428571","0.428571","7.428571428571429","2"
"3753826","17782","5","0.000000","0.800000","3.4","6"
"3757232","22474","55","0.472727","0.290909","12.672727272727272","44"
"3761628","24740","85","0.658823","0.117647","1.6","3"
"3762142","10333","5","1.000000","0.000000","2.6","0"
"3764804","19539","8","0.500000","0.250000","2","10"
"3764965","45177","61","0.426229","0.327868","1.1475409836065573","33"
"3765457","10881","5","0.000000","0.800000","0.4","1"
"3767239","36794","101","0.435643","0.287128","2.6831683168316833","8"
"3768871","19033","18","0.611111","0.166666","0.9444444444444444","7"
"3776858","90514","121","0.272727","0.396694","7.0578512396694215","542"
"3776927","17738","101","0.475247","0.227722","16.980198019801982","68"
"3777113","12281","36","0.638888","0.083333","1.8611111111111112","27"
"3779853","11107","15","0.066666","0.666666","2.8666666666666667","0"
"3780494","41924","130","0.815384","0.023076","1.3","4"
"3783478","25053","43","0.302325","0.372093","5.116279069767442","10"
"3783818","12917","5","0.000000","0.000000","1","1"
"3788176","141143","98","0.438775","0.204081","4.418367346938775","21"
"3792198","13378","19","0.105263","0.684210","0.3157894736842105","1"
"3794812","87508","455","0.639560","0.090109","1.6923076923076923","44"
"3795036","11681","15","0.400000","0.266666","5.2","3"
"3796113","30982","60","0.366666","0.333333","0.9666666666666667","5"
"3799759","72099","1064","0.447368","0.250939","1.5018796992481203","108"
"3806017","15664","114","0.596491","0.052631","0.7543859649122807","4"
"3807365","20432","1066","0.573170","0.145403","1.151969981238274","164"
"3807729","49061","13","0.384615","0.384615","16.846153846153847","11"
"3813116","33731","56","0.535714","0.178571","13.071428571428571","29"
"3817004","42800","54","0.203703","0.314814","0.5740740740740741","5"
"3820271","27711","35","0.600000","0.085714","5.2","44"
"3821154","28879","69","0.782608","0.014492","2.0144927536231885","11"
"3830997","18915","6","0.000000","1.000000","1.6666666666666667","0"
"3832970","631746","1920","0.535416","0.179166","1.8333333333333333","2617"
"3833666","14575","10","0.100000","0.800000","6","3"
"3834415","31800","7","0.428571","0.285714","13.428571428571429","2"
"3838691","15116","5","0.600000","0.400000","3","2"
"3840170","27328","65","0.523076","0.169230","3.769230769230769","518"
"3850012","11095","5","0.200000","0.600000","2.4","2"
"3850405","71730","80","0.200000","0.650000","0.525","6"
"3854570","13369","106","0.471698","0.207547","2.9622641509433962","4"
"3857758","30081","32","0.593750","0.187500","0.78125","16"
"3857942","48239","11","0.727272","0.090909","39.18181818181818","181"
"3862378","34818","8","0.625000","0.125000","5","0"
"3867406","14954","6","0.666666","0.333333","0.5","28"
"3874623","92723","179","0.296089","0.374301","4.581005586592179","72"
"3877726","54690","30","0.533333","0.066666","1.2333333333333334","0"
"3879847","18616","10","0.000000","0.900000","5.3","7"
"3888719","15745","377","0.676392","0.079575","5.026525198938992","315"
"3889423","27392","54","0.611111","0.148148","0.6481481481481481","6"
"3889449","71307","116","0.620689","0.146551","4.655172413793103","615"
"3890632","59866","56","0.446428","0.178571","13.928571428571429","1104"
"3893496","13253","6","0.166666","0.166666","8.166666666666666","0"
"3894917","35448","175","0.342857","0.240000","1.5314285714285714","10"
"3895259","12144","7","0.571428","0.285714","1.8571428571428572","0"
"3895697","14022","62","0.306451","0.225806","0.8064516129032258","4"
"3895960","26083","13","0.384615","0.230769","3.3076923076923075","2"
"3896283","15309","5","0.800000","0.000000","1.2","2"
"3897775","29966","89","0.235955","0.539325","1.9887640449438202","17"
"3899431","13292","162","0.216049","0.351851","0.9382716049382716","10"
"3905079","48402","7","0.714285","0.142857","3.857142857142857","9"
"3906760","34493","15","0.533333","0.266666","1.1333333333333333","15"
"3915431","62629","139","0.827338","0.028776","2.762589928057554","12"
"3922207","15185","11","0.090909","0.454545","0.36363636363636365","0"
"3923896","49507","174","0.166666","0.500000","10.701149425287356","94"
"3924803","26733","357","0.669467","0.078431","1.9299719887955182","17"
"3926543","17437","7","0.000000","0.714285","0.8571428571428571","0"
"3929826","14484","11","0.636363","0.181818","85.36363636363636","62"
"3935035","12878","12","0.583333","0.250000","5.5","1"
"3935156","12663","17","0.470588","0.411764","4.176470588235294","1"
"3943312","119054","364","0.552197","0.140109","5.412087912087912","9"
"3944322","30895","257","0.747081","0.058365","1.140077821011673","14"
"3945473","12575","75","0.586666","0.066666","2.8133333333333335","4"
"3949993","15981","10","0.700000","0.100000","0.1","0"
"3955830","31704","36","0.722222","0.055555","4.611111111111111","24"
"3956070","45691","10","1.000000","0.000000","20.7","2"
"3957754","17010","78","0.474358","0.294871","5.089743589743589","10"
"3959875","75457","127","0.850393","0.015748","15.251968503937007","107"
"3962537","19176","5","1.000000","0.000000","36.8","28"
"3962914","391177","519","0.425818","0.219653","0.3352601156069364","53"
"3963067","28991","87","0.413793","0.183908","2.574712643678161","50"
"3965631","29492","92","0.641304","0.119565","12.304347826086957","158"
"3978545","30777","114","0.719298","0.061403","2.6666666666666665","137"
"3982562","21542","92","0.141304","0.510869","2.4565217391304346","128"
"3984221","24050","26","0.769230","0.038461","2.3076923076923075","4"
"3986005","17554","108","0.620370","0.120370","11.101851851851851","40"
"3987294","24580","6","0.500000","0.000000","5.333333333333333","2"
"3992939","18882","54","0.407407","0.259259","4.092592592592593","53"
"3997611","14274","29","0.931034","0.000000","2.9310344827586206","2"
"4001592","62250","141","0.319148","0.340425","1.9148936170212767","40"
"4003419","29823","492","0.396341","0.237804","0.9532520325203252","111"
"4017501","10707","24","0.458333","0.375000","3.4583333333333335","6"
"4032703","12249","23","0.304347","0.478260","4","270"
"4039431","32574","201","0.761194","0.029850","1.8955223880597014","69"
"4044696","20400","21","0.523809","0.190476","3.5238095238095237","4"
"4045502","17665","44","0.795454","0.000000","3.25","1"
"4046632","14413","81","0.518518","0.209876","13.975308641975309","268"
"4055033","16775","16","0.187500","0.750000","1.75","0"
"4056181","13241","22","0.318181","0.272727","1.7272727272727273","8"
"4058484","10879","10","0.000000","1.000000","0","0"
"4061501","16415","6","0.500000","0.333333","2.6666666666666665","2"
"4062354","75112","129","0.488372","0.155038","1.573643410852713","66"
"4068779","21939","5","0.800000","0.000000","0.6","3"
"4070848","13539","5","0.400000","0.400000","19","6"
"4076764","16647","14","0.071428","0.785714","4.428571428571429","1"
"4079967","14548","19","0.526315","0.210526","0.631578947368421","1"
"4081336","14988","14","0.357142","0.071428","3.5","8"
"4082052","23905","37","0.135135","0.567567","2.108108108108108","5"
"4083045","17834","14","0.285714","0.214285","0.7142857142857143","2"
"4085910","71964","7","0.714285","0.000000","1.5714285714285714","13"
"4086177","11660","16","0.500000","0.187500","1.4375","3"
"4086774","10467","9","0.333333","0.333333","1.5555555555555556","0"
"4094231","21665","6","0.333333","0.666666","3.3333333333333335","0"
"4094260","13092","10","0.200000","0.300000","2.2","2"
"4095056","14209","51","0.411764","0.333333","0.9019607843137255","7"
"4099454","14265","10","0.300000","0.700000","0.3","2"
"4101154","15435","10","0.200000","0.500000","0.4","15"
"4108590","21149","9","0.444444","0.222222","1.1111111111111112","0"
"4108803","47514","208","0.552884","0.221153","1.4903846153846154","1385"
"4111404","23043","113","0.601769","0.132743","7.415929203539823","21"
"4114907","16360","9","0.555555","0.222222","4.777777777777778","28"
"4115031","12670","12","0.500000","0.333333","0.5","7"
"4116017","32884","13","0.230769","0.461538","2.1538461538461537","6"
"4116300","27375","933","0.269024","0.379421","0.969989281886388","518"
"4117728","129334","624","0.466346","0.198717","6.028846153846154","215"
"4125191","34778","5","0.400000","0.200000","26.4","9"
"4125751","20690","62","0.790322","0.080645","0.6290322580645161","11"
"4126114","10405","7","0.000000","0.571428","2.7142857142857144","0"
"4126893","20587","72","0.722222","0.000000","0.9861111111111112","0"
"4131048","31692","16","0.687500","0.000000","1.375","8"
"4137061","11177","17","0.529411","0.176470","1.2941176470588236","4"
"4137489","28410","18","0.277777","0.277777","4.666666666666667","13"
"4137916","29087","14","0.714285","0.142857","144.78571428571428","8"
"4138801","11893","9","0.444444","0.333333","9.555555555555555","12"
"4139809","11736","104","0.346153","0.250000","9.903846153846153","1"
"4142924","34895","56","0.660714","0.142857","50.375","165"
"4144042","12029","6","0.500000","0.000000","2.1666666666666665","3"
"4151599","31382","103","0.495145","0.184466","2.058252427184466","5"
"4153426","13821","16","0.375000","0.312500","1.5625","1"
"4157589","15605","59","0.830508","0.050847","0.22033898305084745","28"
"4158274","14947","19","0.736842","0.000000","0.8421052631578947","3"
"4158862","14567","33","0.606060","0.181818","3.9696969696969697","38"
"4162356","37752","65","0.138461","0.600000","2.123076923076923","33"
"4167200","30594","176","0.744318","0.056818","4.284090909090909","152"
"4168607","21173","52","0.500000","0.115384","8.442307692307692","140"
"4170935","10489","6","0.000000","0.500000","1.6666666666666667","4"
"4183191","22501","27","0.592592","0.148148","2.3333333333333335","6"
"4183498","10029","13","0.692307","0.076923","0.6923076923076923","1"
"4184842","11989","5","0.800000","0.000000","1.2","0"
"4185234","24024","19","0.421052","0.157894","0.42105263157894735","1"
"4189814","19480","250","0.620000","0.092000","1.636","31"
"4191767","10461","10","0.800000","0.000000","2","5"
"4212158","20422","9","0.222222","0.555555","1.1111111111111112","1"
"4216641","20315","50","0.520000","0.060000","20.36","97"
"4217682","19561","236","0.686440","0.080508","1.2796610169491525","0"
"4222206","10030","451","0.589800","0.130820","0.9490022172949002","19"
"4230618","24049","9","0.888888","0.000000","1","2"
"4233642","18364","42","0.857142","0.023809","1.4761904761904763","14"
"4235784","21657","9","0.666666","0.000000","3.2222222222222223","8"
"4238408","151178","333","0.495495","0.195195","2.6096096096096097","73"
"4244136","15876","31","0.774193","0.129032","18.93548387096774","138"
"4245446","13964","5","0.200000","0.600000","6.2","2"
"4248328","72243","36","0.444444","0.222222","3.8333333333333335","81"
"4252352","10009","16","0.687500","0.125000","8.25","1"
"4253229","18726","6","0.333333","0.000000","200","41"
"4254517","40631","96","0.489583","0.135416","2.1770833333333335","3"
"4262344","12516","448","0.426339","0.227678","4.270089285714286","20"
"4262407","10776","53","0.660377","0.037735","2.1132075471698113","4"
"4265103","17822","43","0.720930","0.093023","2.186046511627907","0"
"4265352","73650","35","0.228571","0.400000","4.9714285714285715","3"
"4267244","28726","24","0.583333","0.166666","5.916666666666667","21"
"4269535","16558","320","0.615625","0.053125","0.490625","1348"
"4275342","24867","14","0.642857","0.142857","2.7857142857142856","16"
"4279155","17547","410","0.378048","0.275609","1.3902439024390243","335"
"4281353","23144","24","0.375000","0.375000","0.9583333333333334","0"
"4296747","54032","8","1.000000","0.000000","1.125","1"
"4299560","17731","5","0.200000","0.800000","9","0"
"4301306","44393","11","0.818181","0.000000","1.6363636363636365","0"
"4307136","10090","27","0.703703","0.074074","0.6666666666666666","5"
"4317058","25569","42","0.785714","0.095238","4.261904761904762","85"
"4321299","10907","210","0.809523","0.033333","1.2","21"
"4323935","11072","15","0.333333","0.133333","3.2","7"
"4333359","59717","52","0.384615","0.250000","2.2115384615384617","18"
"4339402","16443","182","0.681318","0.082417","1.3516483516483517","130"
"4341440","35839","38","0.500000","0.210526","4.157894736842105","92"
"4342498","183755","102","0.490196","0.186274","16.04901960784314","87"
"4346285","17718","5","0.600000","0.000000","0.4","0"
"4349415","10843","20","0.350000","0.250000","4.25","3"
"4352772","17654","45","0.777777","0.022222","1.4","1"
"4354477","45070","75","0.520000","0.226666","5.626666666666667","137"
"4363864","10840","18","0.277777","0.333333","1.7222222222222223","3"
"4365460","10678","6","0.833333","0.000000","1.3333333333333333","6"
"4369919","17312","165","0.618181","0.084848","2.9515151515151516","94"
"4370279","11884","5","0.600000","0.400000","1.8","1"
"4378314","11794","15","0.266666","0.400000","7.666666666666667","30"
"4379151","33331","24","0.750000","0.000000","3.125","3"
"4385913","20766","14","0.428571","0.214285","4.071428571428571","1"
"4386427","44748","58","0.293103","0.344827","8.275862068965518","24"
"4388776","13922","6","0.000000","1.000000","0.5","1"
"4390133","19965","11","0.000000","0.818181","1.3636363636363635","36"
"4390160","32497","462","0.549783","0.173160","3.4134199134199132","92"
"4393565","19591","95","0.852631","0.010526","1.1578947368421053","30"
"4394169","11293","100","0.580000","0.150000","1.35","2"
"4398966","15774","221","0.321266","0.289592","1.253393665158371","66"
"4399281","21525","6","0.666666","0.333333","0.6666666666666666","0"
"4403732","23153","31","0.548387","0.129032","4.548387096774194","2"
"4405757","17986","22","0.636363","0.136363","2.272727272727273","8"
"4407666","16161","267","0.344569","0.337078","0.6816479400749064","91"
"4413446","22278","42","0.666666","0.119047","0.6904761904761905","22"
"4415642","12002","5","0.400000","0.400000","4.8","0"
"4419802","15522","45","0.511111","0.155555","0.6222222222222222","1"
"4423545","12062","59","0.101694","0.644067","1.3220338983050848","15"
"4427777","14489","36","0.277777","0.333333","2.0277777777777777","2"
"4431643","12782","5","1.000000","0.000000","1.4","2"
"4433386","37022","154","0.571428","0.077922","4.558441558441558","142"
"4447540","25376","1008","0.447420","0.201388","0.8888888888888888","25"
"4451315","11202","18","0.333333","0.277777","3.4444444444444446","5"
"4451521","10675","10","0.500000","0.200000","19.1","5"
"4459617","10920","48","0.770833","0.020833","1.6458333333333333","5"
"4468021","10873","15","0.600000","0.200000","1.1333333333333333","9"
"4468648","37249","12","0.250000","0.500000","0.5833333333333334","0"
"4470365","23435","23","0.652173","0.260869","0.9565217391304348","32"
"4473405","16185","7","0.571428","0.285714","0.42857142857142855","3"
"4474230","11123","57","0.614035","0.140350","1.8421052631578947","6"
"4474419","16294","13","0.153846","0.769230","3.8461538461538463","0"
"4479309","23656","19","0.473684","0.157894","2.8947368421052633","9"
"4480164","59712","9","0.444444","0.222222","28.666666666666668","7"
"4492932","57378","79","0.405063","0.291139","3.6582278481012658","80"
"4499941","11973","51","0.803921","0.019607","1.0784313725490196","0"
"4504191","31055","5","0.600000","0.000000","2.4","0"
"4506315","16243","8","0.500000","0.375000","2","1"
"4510033","15499","14","0.142857","0.500000","8","1"
"4511702","31642","9","0.777777","0.111111","0.4444444444444444","0"
"4517450","11099","11","0.000000","1.000000","0","0"
"4518274","55578","41","0.731707","0.000000","1.9024390243902438","33"
"4518341","34182","174","0.431034","0.270114","13.051724137931034","2212"
"4519059","17080","5","0.400000","0.600000","1.8","121"
"4534923","11122","162","0.765432","0.043209","2.5","200"
"4535200","26576","37","0.621621","0.108108","4.054054054054054","53"
"4537090","13109","38","0.342105","0.263157","2.236842105263158","5"
"4539709","12505","19","0.263157","0.157894","2.6315789473684212","82"
"4540183","16695","16","0.187500","0.562500","0.375","12"
"4541045","20384","172","0.389534","0.273255","2.5755813953488373","159"
"4543207","26289","59","0.067796","0.661016","2.6779661016949152","10"
"4547701","16474","5","0.200000","0.400000","1.4","0"
"4550695","12258","99","0.555555","0.202020","1.3434343434343434","2"
"4552295","34892","165","0.175757","0.527272","1.3818181818181818","60"
"4554883","10267","41","0.390243","0.390243","6.024390243902439","22"
"4561887","57363","135","0.133333","0.614814","4.651851851851852","197"
"4565947","15419","44","0.522727","0.272727","7.25","49"
"4569506","11262","13","0.769230","0.076923","0.23076923076923078","3"
"4571271","18375","435","0.259770","0.326436","0.9379310344827586","11"
"4573247","73659","66","0.545454","0.151515","1.803030303030303","8"
"4573410","19009","10","0.400000","0.400000","1","1"
"4574281","29277","15","0.000000","0.666666","0.8","4"
"4575197","10540","8","0.625000","0.000000","3.875","0"
"4575350","35334","7","0.428571","0.428571","19.285714285714285","77"
"4581301","34272","71","0.661971","0.028169","53.563380281690144","238"
"4585963","11622","60","0.400000","0.333333","3.816666666666667","4"
"4593267","153078","814","0.407862","0.239557","1.3968058968058967","1042"
"4595675","40113","60","0.350000","0.250000","3.816666666666667","260"
"4600136","13512","5","0.200000","0.800000","0.6","0"
"4603670","31839","33","0.545454","0.212121","2.6666666666666665","23"
"4604579","218652","380","0.823684","0.023684","2.4342105263157894","51"
"4609915","18766","16","0.312500","0.375000","3","28"
"4616087","14640","6","0.166666","0.333333","3.6666666666666665","0"
"4618331","10361","46","0.543478","0.130434","0.8260869565217391","4"
"4619958","17935","56","0.357142","0.321428","3.4107142857142856","9"
"4620771","122421","23","0.304347","0.260869","1.1304347826086956","0"
"4621513","24550","154","0.500000","0.220779","17.7987012987013","5319"
"4622046","11358","7","0.714285","0.000000","2.142857142857143","0"
"4632019","26260","9","0.444444","0.222222","12.777777777777779","11"
"4636534","10933","25","0.560000","0.240000","2.04","0"
"4637585","22626","89","0.629213","0.112359","1.8314606741573034","9"
"4642212","19828","15","0.600000","0.266666","107.26666666666667","431"
"4643584","24812","35","0.200000","0.485714","0.45714285714285713","2"
"4646738","10969","8","0.375000","0.125000","3.125","5"
"4650297","23547","6","0.833333","0.000000","7.166666666666667","11"
"4652358","12958","27","0.407407","0.148148","4.925925925925926","1"
"4652706","20522","123","0.073170","0.715447","0.13008130081300814","11"
"4653379","67462","170","0.300000","0.335294","3.676470588235294","76"
"4653436","10971","13","0.076923","0.538461","1.4615384615384615","0"
"4653485","14973","30","0.766666","0.066666","1.4666666666666666","10"
"4653675","23104","93","0.709677","0.118279","0.8172043010752689","29"
"4657412","31181","74","0.824324","0.054054","4.8108108108108105","14"
"4664415","10581","10","0.400000","0.300000","4.1","0"
"4667835","55140","80","0.637500","0.100000","2.3125","474"
"4669778","12091","13","0.384615","0.153846","3.076923076923077","9"
"4671754","10571","12","0.583333","0.083333","4.166666666666667","16"
"4672588","20856","12","0.583333","0.166666","1.5","9"
"4677305","20202","63","0.634920","0.095238","4.714285714285714","64"
"4679320","14467","45","0.400000","0.244444","21.022222222222222","52"
"4684797","21024","21","0.285714","0.666666","4.428571428571429","30"
"4684861","11251","29","0.413793","0.275862","2.3793103448275863","2"
"4685471","60872","18","0.888888","0.000000","31.72222222222222","4572"
"4690866","26964","40","0.900000","0.000000","1.45","7"
"4690946","15919","12","0.333333","0.333333","3.5833333333333335","2"
"4691279","14818","10","0.200000","0.700000","2","2"
"4692049","14901","15","0.066666","0.666666","0.4666666666666667","7"
"4694013","10629","8","0.000000","0.750000","0.375","0"
"4698790","13549","5","0.000000","0.600000","2.6","5"
"4700156","18392","10","0.200000","0.500000","14.5","11"
"4700922","11538","11","0.181818","0.454545","3.090909090909091","14"
"4702146","11003","5","0.400000","0.000000","0.6","0"
"4704616","10522","5","0.000000","0.800000","2.8","0"
"4706171","23461","35","0.257142","0.428571","0.02857142857142857","43"
"4706711","10636","20","0.800000","0.050000","1.6","1"
"4706785","36822","24","0.166666","0.375000","45.208333333333336","0"
"4712734","16463","194","0.628865","0.128865","1.407216494845361","1"
"4718350","16292","258","0.472868","0.248062","1.813953488372093","148"
"4720018","14849","41","0.317073","0.512195","5.2439024390243905","195"
"4722345","10043","25","0.360000","0.320000","6.88","19"
"4726410","11234","17","0.764705","0.000000","1","1"
"4727702","12330","77","0.545454","0.155844","4.2727272727272725","107"
"4742733","24129","15","0.066666","0.800000","0.8666666666666667","5"
"4744514","57911","451","0.778270","0.035476","0.623059866962306","39"
"4746087","13207","8","0.250000","0.625000","2.25","5"
"4751173","22831","10","0.500000","0.400000","3.3","3960"
"4752675","37861","32","0.562500","0.156250","2.8125","9"
"4753897","12185","6","0.333333","0.500000","4","0"
"4755954","19387","38","0.105263","0.500000","2.710526315789474","9"
"4756299","35175","51","0.470588","0.137254","15.980392156862745","2"
"4758119","23861","6","0.500000","0.000000","5.5","28"
"4758255","29936","29","0.344827","0.206896","4.655172413793103","50"
"4758494","22549","38","0.263157","0.421052","2.236842105263158","12"
"4768502","19275","11","0.909090","0.090909","12.363636363636363","42"
"4770877","35389","117","0.025641","0.675213","0.017094017094017096","35"
"4788546","41688","106","0.641509","0.132075","4.283018867924528","56"
"4790871","32539","18","0.555555","0.166666","4.722222222222222","17"
"4790924","14493","17","0.529411","0.176470","2.823529411764706","10"
"4791116","22431","20","0.100000","0.650000","0.2","1"
"4797289","12370","14","0.071428","0.785714","0.5","0"
"4797603","18797","52","0.192307","0.326923","1.5769230769230769","0"
"4799035","11082","91","0.692307","0.098901","3.868131868131868","93"
"4800344","24697","165","0.739393","0.060606","5.351515151515152","473"
"4808079","11554","9","0.444444","0.222222","2.6666666666666665","2"
"4808122","21338","109","0.348623","0.256880","1.8256880733944953","18"
"4812170","11529","33","0.272727","0.333333","0.30303030303030304","19"
"4813913","32625","6","0.333333","0.666666","22.833333333333332","144"
"4819376","13495","26","0.192307","0.346153","4.730769230769231","75"
"4826457","29656","9","0.444444","0.222222","25","1849"
"4826740","10888","10","0.300000","0.400000","3.7","68"
"4830196","10873","87","0.413793","0.310344","3.5057471264367814","36"
"4832499","21641","20","0.500000","0.100000","16.85","27"
"4833705","19813","41","0.195121","0.609756","4.365853658536586","1"
"4838058","11241","8","0.250000","0.375000","2.375","1"
"4850040","32981","9","0.111111","0.555555","12.555555555555555","47"
"4851565","10927","5","0.000000","1.000000","0.2","0"
"4851590","153575","297","0.659932","0.101010","4.6127946127946124","717"
"4853133","11553","35","0.085714","0.828571","0.4","14"
"4854046","10705","8","0.625000","0.250000","0.625","4"
"4855306","29470","39","0.564102","0.102564","3.3076923076923075","2"
"4859910","11893","17","0.294117","0.294117","0.5882352941176471","2"
"4860513","18727","6","0.833333","0.000000","1.1666666666666667","6"
"4862445","50412","64","0.796875","0.000000","3.734375","1"
"4865723","12561","52","0.403846","0.288461","4.403846153846154","260"
"4870358","16964","6","0.500000","0.166666","1.3333333333333333","1"
"4870695","17768","25","0.400000","0.320000","1.48","0"
"4880924","36283","15","0.066666","0.800000","5.066666666666666","3"
"4891738","73871","171","0.578947","0.204678","0.4502923976608187","293"
"4897779","11631","27","0.592592","0.074074","1.8888888888888888","1"
"4909087","407295","8","0.250000","0.375000","3.625","6"
"4923755","17286","40","0.675000","0.050000","4.225","68"
"4925661","17113","16","0.062500","0.750000","2.75","0"
"4926757","32594","180","0.761111","0.044444","3.6555555555555554","28"
"4928642","21929","5","0.200000","0.800000","6.8","3"
"4929531","14720","37","0.729729","0.135135","1.945945945945946","15"
"4929646","11482","23","0.913043","0.043478","2.347826086956522","13"
"4939915","21765","13","0.384615","0.307692","0.6153846153846154","0"
"4944425","12867","66","0.333333","0.242424","6.545454545454546","10"
"4949918","10072","6","0.666666","0.166666","2.6666666666666665","1"
"4953079","62960","19","0.842105","0.000000","3.1578947368421053","6"
"4954037","47421","44","0.272727","0.409090","3.7954545454545454","5"
"4956907","17140","8","0.750000","0.250000","3.625","4"
"4960953","11354","6","0.666666","0.333333","5.333333333333333","5"
"4964553","14927","16","0.687500","0.187500","0.8125","0"
"4964569","19043","6","0.166666","0.500000","1.6666666666666667","6"
"4964822","17845","142","0.415492","0.260563","6.950704225352113","64"
"4964923","12325","9","0.222222","0.555555","0.6666666666666666","19"
"4965549","52526","330","0.490909","0.139393","2.175757575757576","82"
"4967403","10910","8","0.500000","0.000000","1.25","2"
"4975981","12505","5","0.400000","0.400000","1.2","3"
"4983450","215899","111","0.495495","0.054054","1.8288288288288288","38"
"4985176","23698","83","0.698795","0.024096","1.5060240963855422","38"
"4985733","46952","149","0.476510","0.221476","1.1006711409395973","46"
"4987197","11166","28","0.464285","0.392857","2.642857142857143","9"
"4988637","12789","12","0.333333","0.416666","2.9166666666666665","11"
"4989451","14296","99","0.272727","0.343434","4.646464646464646","5"
"4989460","29265","9","0.666666","0.000000","0.8888888888888888","0"
"4990642","21347","27","0.370370","0.407407","2.3703703703703702","0"
"4992594","11709","16","0.562500","0.312500","1.5625","5"
"4993128","51289","12","0.583333","0.166666","2","13"
"4995828","10113","20","0.200000","0.750000","1.2","12"
"4996248","52116","77","0.519480","0.194805","6.116883116883117","37"
"4996779","22281","73","0.712328","0.068493","2.041095890410959","9"
"4999991","14495","11","0.454545","0.272727","8.727272727272727","13"
"5003756","37051","78","0.538461","0.179487","1.3974358974358974","68"
"5005177","16425","6","0.833333","0.000000","4.666666666666667","2"
"5008284","12460","5","1.000000","0.000000","0.8","1"
"5012099","21044","157","0.707006","0.044585","3.4203821656050954","151"
"5013752","15418","42","0.523809","0.095238","3.857142857142857","55"
"5014455","97872","175","0.434285","0.245714","23.422857142857143","150"
"5015207","13009","12","0.500000","0.166666","1.9166666666666667","1"
"5015238","34498","243","0.460905","0.123456","14.279835390946502","16"
"5015356","13279","25","0.720000","0.040000","1.48","46"
"5019169","11234","7","0.428571","0.142857","1.8571428571428572","1"
"5019386","32143","166","0.843373","0.012048","1.2469879518072289","14"
"5019802","10837","5","0.400000","0.400000","2","7"
"5024726","14193","27","0.814814","0.111111","1","51"
"5025009","33659","8","0.500000","0.000000","4.375","22"
"5025116","33618","50","0.560000","0.180000","2.6","57"
"5028841","12628","51","0.568627","0.176470","1.392156862745098","3"
"5032941","11240","21","0.047619","0.380952","4.333333333333333","5"
"5038107","19624","25","0.800000","0.000000","1.36","0"
"5043585","10641","15","0.666666","0.000000","1.1333333333333333","0"
"5044042","286340","436","0.591743","0.098623","2.555045871559633","79"
"5045688","14323","31","0.387096","0.193548","9.64516129032258","61"
"5047996","35373","76","0.355263","0.289473","4.75","256"
"5050667","22115","5","0.400000","0.400000","2.8","11"
"5052365","13511","18","0.388888","0.388888","2.4444444444444446","12"
"5053002","57137","101","0.504950","0.188118","24.336633663366335","30"
"5059657","39027","18","0.666666","0.111111","5.444444444444445","2"
"5062890","11193","13","0.000000","1.000000","0.3076923076923077","0"
"5067311","35541","37","0.648648","0.162162","4","58"
"5067761","10294","97","0.536082","0.123711","3.814432989690722","1"
"5069957","18441","12","0.750000","0.166666","2.0833333333333335","0"
"5070440","11636","62","0.806451","0.032258","1.467741935483871","9"
"5070879","182869","553","0.446654","0.215189","0.46835443037974683","77"
"5083516","11327","5","0.200000","0.800000","3","0"
"5085211","18359","6","0.833333","0.000000","3","1"
"5086255","11430","130","0.123076","0.592307","3.4692307692307693","39"
"5087136","11079","15","0.533333","0.133333","0.7333333333333333","0"
"5089204","67661","15","0.466666","0.466666","2.466666666666667","1"
"5089567","24967","787","0.583227","0.151207","4.532401524777637","257"
"5090771","61347","63","0.920634","0.000000","1.9047619047619047","63"
"5091073","12983","8","0.625000","0.125000","0.625","3"
"5093961","29601","176","0.482954","0.204545","0.9886363636363636","4"
"5100564","14177","42","0.761904","0.023809","1.7142857142857142","3"
"5101046","29558","55","0.400000","0.218181","3.7818181818181817","17"
"5105949","11415","24","0.458333","0.291666","7.333333333333333","10"
"5106574","34590","19","0.105263","0.578947","0.15789473684210525","0"
"5108418","30099","6","0.333333","0.500000","2.1666666666666665","2"
"5108796","54248","197","0.715736","0.071065","1.1624365482233503","106"
"5114784","18435","19","0.473684","0.210526","3.210526315789474","0"
"5120049","11015","51","0.411764","0.235294","2.3333333333333335","12"
"5120292","11457","6","0.333333","0.500000","4","1"
"5129715","13365","11","0.454545","0.454545","0.36363636363636365","0"
"5133585","295408","658","0.580547","0.139817","2.480243161094225","29"
"5152001","10846","11","0.454545","0.181818","0.6363636363636364","2"
"5153354","11040","39","0.307692","0.384615","1.1538461538461537","17"
"5156075","12891","25","0.440000","0.200000","4.64","17"
"5157454","195886","212","0.466981","0.231132","0.8018867924528302","20"
"5168011","51254","183","0.360655","0.355191","2.431693989071038","69"
"5174436","18071","39","0.435897","0.153846","1.3846153846153846","3"
"5174469","23812","27","0.518518","0.333333","10.148148148148149","69"
"5175709","37120","14","0.214285","0.714285","7.214285714285714","70"
"5176071","46562","508","0.517716","0.163385","1.3188976377952757","191"
"5176992","16544","147","0.292517","0.380952","0.9931972789115646","30"
"5189811","39702","91","0.714285","0.043956","2.1758241758241756","8"
"5193536","49657","790","0.492405","0.155696","2.9772151898734176","552"
"5196394","16313","42","0.642857","0.071428","4.619047619047619","23"
"5202563","208050","78","0.717948","0.115384","5.384615384615385","25"
"5208491","15092","14","0.000000","0.857142","0.35714285714285715","0"
"5211833","18235","59","0.762711","0.084745","10.932203389830509","1151"
"5212614","20528","171","0.497076","0.128654","1.327485380116959","0"
"5212827","10446","6","0.666666","0.166666","1","0"
"5217142","19764","101","0.415841","0.207920","2.1485148514851486","18"
"5218354","27151","87","0.287356","0.390804","3.7586206896551726","49"
"5221944","174120","834","0.528776","0.122302","0.7242206235011991","158"
"5224926","14945","8","0.125000","0.125000","0.75","2"
"5231607","32897","5","0.600000","0.200000","8","54"
"5233410","249719","74","0.729729","0.027027","2.7837837837837838","99"
"5235574","11459","39","0.615384","0.102564","1.2820512820512822","0"
"5237560","42252","340","0.223529","0.473529","0.37941176470588234","0"
"5237614","10246","10","0.000000","1.000000","0.9","3"
"5238158","11975","6","0.166666","0.166666","4","2"
"5239030","11221","8","0.125000","0.750000","1.25","2"
"5241642","19985","9","0.444444","0.444444","1.4444444444444444","0"
"5245033","62917","6","0.333333","0.166666","6.666666666666667","0"
"5246885","139540","593","0.711635","0.045531","4.964586846543002","1223"
"5247279","15120","53","0.433962","0.226415","2","6"
"5249307","23426","6","0.500000","0.166666","4","0"
"5249621","53097","118","0.728813","0.033898","2.8389830508474576","173"
"5250847","31251","140","0.864285","0.021428","0.8071428571428572","24"
"5260024","139519","36","0.277777","0.277777","4.555555555555555","19"
"5264491","18163","89","0.483146","0.213483","11.606741573033707","33"
"5265292","13498","9","0.444444","0.111111","6.777777777777778","0"
"5277820","17335","5","0.800000","0.000000","30.2","167"
"5279996","23025","9","0.000000","1.000000","0.3333333333333333","0"
"5291015","87405","102","0.588235","0.166666","3.107843137254902","130"
"5296106","15574","232","0.288793","0.357758","0.9137931034482759","27"
"5298879","31316","68","0.529411","0.088235","3.014705882352941","13"
"5311735","102244","23","0.739130","0.000000","5.217391304347826","1"
"5317403","48048","465","0.707526","0.070967","4.511827956989247","187"
"5318223","14141","69","0.710144","0.057971","5.231884057971015","56"
"5318303","17876","28","0.035714","0.785714","0.7857142857142857","30"
"5320906","57491","231","0.666666","0.160173","4.1558441558441555","454"
"5325862","16918","18","0.222222","0.333333","31.88888888888889","339"
"5327068","20315","221","0.737556","0.054298","1.9592760180995474","301"
"5329073","19104","433","0.773672","0.057736","1.5311778290993072","45"
"5331061","10370","19","0.526315","0.368421","3.9473684210526314","9"
"5342700","13154","142","0.500000","0.190140","0.9084507042253521","26"
"5343387","29599","157","0.719745","0.025477","5.681528662420382","10"
"5349916","53811","56","0.428571","0.160714","19.607142857142858","153"
"5353753","40579","57","0.350877","0.350877","2.7017543859649122","1"
"5362410","10427","10","0.100000","0.500000","0.9","2"
"5362795","13891","25","0.120000","0.760000","2.16","38"
"5363686","11612","79","0.620253","0.164556","1.2658227848101267","15"
"5372400","18931","36","0.083333","0.722222","1.6111111111111112","7"
"5378816","18200","67","0.447761","0.164179","3.2686567164179103","15"
"5381331","61347","42","0.166666","0.571428","0.8809523809523809","0"
"5382650","34136","199","0.547738","0.130653","6.407035175879397","74"
"5384363","23454","71","0.746478","0.042253","1.2535211267605635","1"
"5385381","20916","75","0.360000","0.240000","2.2533333333333334","113"
"5389127","15997","103","0.669902","0.097087","5.223300970873787","125"
"5389997","34570","10","0.700000","0.100000","60.7","1014"
"5397009","24657","119","0.613445","0.151260","6.243697478991597","62"
"5400548","17869","27","0.111111","0.481481","0.5925925925925926","1"
"5405967","21383","17","0.000000","0.588235","1.411764705882353","45"
"5420008","10307","9","0.333333","0.222222","0.6666666666666666","1"
"5424988","164931","1535","0.330293","0.336156","1.0644951140065146","173"
"5431791","15924","12","0.333333","0.166666","1.6666666666666667","4"
"5436877","12061","27","0.370370","0.259259","0.9629629629629629","29"
"5438616","10009","60","0.600000","0.100000","2.466666666666667","8"
"5442034","14456","166","0.909638","0.012048","1.8855421686746987","145"
"5446749","33174","62","0.596774","0.177419","0.3709677419354839","2264"
"5448626","43775","11","0.727272","0.090909","3.090909090909091","12"
"5451046","10757","204","0.852941","0.029411","1.2549019607843137","0"
"5452365","11672","22","0.272727","0.454545","1.2727272727272727","4"
"5457853","70393","396","0.527777","0.217171","1.0277777777777777","13"
"5458913","19251","47","0.659574","0.085106","0.8723404255319149","12"
"5459839","357876","2118","0.557601","0.161473","1.820113314447592","1681"
"5460719","24342","34","0.441176","0.264705","12.264705882352942","38"
"5465973","13131","6","0.333333","0.500000","2.5","0"
"5468463","28826","9","0.111111","0.222222","32.55555555555556","128"
"5468471","11713","43","0.720930","0.000000","1.1395348837209303","4"
"5470544","19199","33","0.636363","0.121212","4.363636363636363","22"
"5470596","40462","28","0.464285","0.071428","4.321428571428571","13"
"5471709","27045","190","0.626315","0.078947","1.3157894736842106","116"
"5479575","30733","20","0.700000","0.000000","0.65","0"
"5483526","61331","272","0.522058","0.128676","1.5588235294117647","17"
"5485167","215383","26","0.769230","0.076923","2.269230769230769","3"
"5494370","38543","110","0.609090","0.118181","17.454545454545453","357"
"5496433","15883","57","0.491228","0.122807","3.1052631578947367","5"
"5506161","15748","6","0.833333","0.000000","2","4"
"5508175","28759","24","0.625000","0.000000","5.708333333333333","35"
"5511849","13032","6","0.500000","0.166666","0.16666666666666666","2"
"5514747","38229","571","0.500875","0.168126","1.8598949211908933","115"
"5515060","20000","7","0.428571","0.142857","16.857142857142858","56"
"5520354","12658","8","0.375000","0.250000","1.875","0"
"5521607","18603","46","0.413043","0.326086","2.5","4"
"5525824","30680","397","0.581863","0.098236","1.292191435768262","211"
"5527985","18800","125","0.312000","0.416000","4.616","125"
"5529445","50193","8","0.500000","0.125000","1.125","9"
"5529712","12093","57","0.701754","0.052631","3.1228070175438596","7"
"5532516","14501","6","0.666666","0.000000","0.5","0"
"5550507","22331","8","0.375000","0.375000","0.125","0"
"5555803","10180","13","0.461538","0.384615","2.923076923076923","4"
"5555938","16779","21","0.000000","0.952380","0.2857142857142857","0"
"5556177","13337","53","0.679245","0.075471","1.5660377358490567","6"
"5558072","60345","42","0.428571","0.190476","1.3333333333333333","56"
"5561605","23051","7","0.571428","0.142857","0.7142857142857143","0"
"5563083","31912","18","0.444444","0.166666","4.666666666666667","15"
"5573294","10675","7","0.571428","0.142857","13.857142857142858","0"
"5577765","212333","1093","0.820677","0.030192","0.9286367795059469","1867"
"5585371","29395","341","0.797653","0.029325","1.032258064516129","365"
"5593066","10411","36","0.888888","0.000000","0.5833333333333334","0"
"5593959","11243","8","0.625000","0.250000","5.375","3"
"5595926","11431","64","0.390625","0.156250","0.640625","1"
"5603247","13188","26","0.576923","0.038461","1.8461538461538463","3"
"5619143","11504","9","0.666666","0.111111","0.3333333333333333","1"
"5621827","10449","42","0.547619","0.190476","0.6428571428571429","10"
"5623035","125053","63","0.333333","0.365079","0.9841269841269841","13"
"5625534","16977","123","0.715447","0.016260","2.024390243902439","4"
"5625547","45985","409","0.405867","0.290953","2.5158924205378974","260"
"5632629","132015","2043","0.611355","0.095447","0.8805677924620656","1622"
"5635580","51642","127","0.236220","0.519685","1.7244094488188977","115"
"5640200","14192","44","0.795454","0.022727","0.6136363636363636","4"
"5641244","20860","241","0.705394","0.066390","1.1784232365145229","70"
"5641598","15853","80","0.762500","0.012500","1.825","2"
"5641669","67872","286","0.290209","0.356643","0.8111888111888111","212"
"5646962","21960","124","0.750000","0.064516","2.4193548387096775","6"
"5648954","51720","175","0.365714","0.337142","5.988571428571428","160"
"5650447","18987","111","0.738738","0.063063","1.6306306306306306","17"
"5652313","11363","21","0.857142","0.000000","0.23809523809523808","9"
"5664434","11710","11","0.363636","0.363636","2.090909090909091","0"
"5666087","19679","40","0.675000","0.025000","6.5","22"
"5675325","15977","9","0.333333","0.222222","7.555555555555555","38"
"5684257","29914","32","0.718750","0.000000","2.6875","3"
"5690248","10532","143","0.615384","0.153846","2.4405594405594404","153"
"5695162","12086","5","0.800000","0.000000","7.4","3"
"5698672","19707","7","0.571428","0.000000","4.285714285714286","24"
"5699993","17842","68","0.367647","0.235294","1.588235294117647","1"
"5723098","21648","52","0.750000","0.038461","1.3653846153846154","11"
"5724303","18663","55","0.545454","0.127272","1.9272727272727272","2"
"5726027","95172","73","0.835616","0.041095","2.3424657534246576","1"
"5734961","11134","159","0.540880","0.125786","1.270440251572327","2"
"5735010","10603","5","0.200000","0.800000","3.2","1"
"5741643","11040","83","0.457831","0.180722","9.313253012048193","57"
"5743288","26423","122","0.524590","0.147540","12.967213114754099","40"
"5743988","33676","7","0.857142","0.000000","2.857142857142857","6"
"5747944","43075","524","0.732824","0.089694","1.2557251908396947","115"
"5754656","45879","145","0.565517","0.124137","1.7517241379310344","4"
"5758420","10893","27","0.666666","0.037037","3.111111111111111","3"
"5761558","45530","37","0.378378","0.108108","5.837837837837838","40"
"5763590","10287","8","0.625000","0.375000","1.375","3"
"5768908","102450","61","0.836065","0.000000","1.9508196721311475","59"
"5769463","34845","20","0.700000","0.100000","3.1","6"
"5770132","15231","81","0.703703","0.061728","1.2345679012345678","2"
"5771269","42238","197","0.695431","0.060913","0.2893401015228426","78"
"5772095","11762","262","0.576335","0.110687","3.381679389312977","202"
"5772882","87700","24","0.250000","0.625000","62.583333333333336","304"
"5777799","10725","11","1.000000","0.000000","2.6363636363636362","0"
"5779732","16600","6","0.500000","0.000000","1.3333333333333333","173"
"5780109","10353","5","0.000000","1.000000","1","82"
"5783745","56135","183","0.114754","0.595628","1.3005464480874316","16"
"5790492","14014","7","0.000000","0.714285","2.7142857142857144","4"
"5792244","24337","140","0.585714","0.107142","2.2285714285714286","272"
"5801661","44940","26","0.730769","0.000000","6.730769230769231","1"
"5820010","100637","121","0.735537","0.057851","0.6115702479338843","57"
"5820814","34196","130","0.338461","0.276923","1.4692307692307693","47"
"5825294","30833","102","0.362745","0.382352","3.0294117647058822","140"
"5827215","21695","15","0.666666","0.200000","3","4"
"5836671","35700","6","0.666666","0.000000","16.333333333333332","4"
"5841306","65959","584","0.534246","0.166095","1.1455479452054795","1485"
"5844477","10689","39","0.589743","0.102564","1.4102564102564104","4"
"5846045","18322","32","0.593750","0.031250","5.5625","269"
"5866580","134715","587","0.206132","0.550255","2.233390119250426","975"
"5867572","15529","34","0.441176","0.264705","0.7647058823529411","2"
"5867722","40462","11","0.545454","0.000000","0.7272727272727273","0"
"5891912","13206","20","0.200000","0.650000","0.45","4"
"5900011","14157","6","0.833333","0.000000","2","8"
"5910058","32216","13","0.461538","0.153846","62.76923076923077","17"
"5916915","11190","9","0.333333","0.333333","7.888888888888889","27"
"5923139","35928","20","0.500000","0.100000","2.05","2"
"5924562","67250","307","0.596091","0.127035","1.4495114006514658","31"
"5925259","49837","12","0.166666","0.583333","1.0833333333333333","20"
"5934465","12404","11","0.090909","0.818181","2.272727272727273","7"
"5935112","12141","14","0.285714","0.214285","2.2142857142857144","9"
"5936628","11533","10","0.100000","0.700000","1.8","8"
"5946937","11460","12","0.750000","0.000000","0.8333333333333334","4"
"5947043","63266","230","0.691304","0.056521","23.169565217391305","1008"
"5958455","37734","21","0.619047","0.142857","4.9523809523809526","16"
"5962802","14337","142","0.739436","0.056338","3.7746478873239435","1"
"5964557","40496","55","0.145454","0.563636","0.6545454545454545","0"
"5977215","26388","12","0.416666","0.166666","5.833333333333333","8"
"5980430","10712","126","0.317460","0.285714","5.484126984126984","10"
"5985853","17871","20","0.550000","0.250000","0.4","1"
"5994041","12309","32","0.468750","0.125000","1.40625","32"
"6022656","67140","39","0.461538","0.230769","0.717948717948718","13"
"6025788","13503","32","0.250000","0.406250","5.5625","16"
"6028443","26410","16","0.750000","0.062500","4.5625","15"
"6031995","14264","19","0.368421","0.105263","1.5263157894736843","5"
"6036428","42340","133","0.819548","0.037593","1.300751879699248","16"
"6043170","16077","40","0.675000","0.150000","0.55","9"
"6045390","10420","6","0.000000","0.500000","0.6666666666666666","3"
"6045800","19525","109","0.247706","0.467889","9.65137614678899","1542"
"6051176","10137","33","0.696969","0.121212","2.393939393939394","18"
"6059896","17489","16","0.562500","0.250000","1.6875","17"
"6064933","29785","26","0.269230","0.500000","5.6923076923076925","40"
"6083222","11024","24","0.750000","0.125000","5.416666666666667","9"
"6083423","15796","26","0.500000","0.269230","4.3076923076923075","10"
"6089612","14187","83","0.602409","0.120481","7.27710843373494","102"
"6094348","29601","21","0.571428","0.142857","9.380952380952381","39"
"6099327","20046","232","0.293103","0.396551","1.2327586206896552","64"
"6106614","16042","9","0.777777","0.000000","0.3333333333333333","1"
"6106791","20185","182","0.703296","0.082417","1.5","173"
"6108211","15438","15","0.333333","0.533333","1.3333333333333333","3"
"6110094","72770","604","0.352649","0.273178","1.7615894039735098","58"
"6117017","15183","29","0.758620","0.103448","1.7586206896551724","51"
"6126373","23328","203","0.733990","0.024630","3.2807881773399017","646"
"6127393","11012","125","0.288000","0.336000","1.056","44"
"6141025","17404","27","0.111111","0.666666","0.4444444444444444","3"
"6152400","17665","190","0.615789","0.089473","9.773684210526316","101"
"6152891","46561","60","0.416666","0.233333","4.066666666666666","8"
"6160119","13821","9","0.333333","0.222222","0.7777777777777778","47"
"6181599","22322","163","0.711656","0.079754","0.7423312883435583","402"
"6184972","10926","23","0.304347","0.478260","1","0"
"6190582","20802","11","0.636363","0.181818","3.1818181818181817","0"
"6196568","31435","239","0.606694","0.138075","3.2510460251046025","44"
"6197649","12889","23","0.347826","0.304347","2.1739130434782608","2"
"6202327","10080","19","0.789473","0.052631","6.315789473684211","2"
"6204133","10352","8","0.000000","0.875000","0.375","1"
"6210807","13117","9","0.888888","0.000000","1.3333333333333333","1"
"6219979","22861","259","0.424710","0.189189","2.370656370656371","69"
"6220759","11837","99","0.585858","0.171717","2.3636363636363638","43"
"6225326","15501","163","0.693251","0.055214","1.2024539877300613","10"
"6225838","13919","7","0.000000","0.714285","1.4285714285714286","3"
"6230166","10958","6","0.000000","0.833333","0.3333333333333333","0"
"6238977","50177","57","0.491228","0.122807","0.5087719298245614","19"
"6241235","84503","198","0.611111","0.126262","2.525252525252525","37"
"6242613","13469","7","0.428571","0.142857","1.7142857142857142","1"
"6243352","60019","360","0.552777","0.191666","6.588888888888889","1141"
"6245650","10517","8","0.500000","0.250000","5.25","0"
"6248528","11186","17","0.823529","0.000000","6.117647058823529","2"
"6257435","78711","460","0.739130","0.041304","2.260869565217391","11"
"6260170","41868","13","0.461538","0.384615","6.384615384615385","11"
"6263942","10498","13","0.000000","0.692307","2.3846153846153846","22"
"6275103","22834","34","0.352941","0.235294","1.2058823529411764","45"
"6277104","13309","8","0.875000","0.000000","1.625","64"
"6277151","140369","474","0.660337","0.097046","0.9957805907172996","10905"
"6287910","63009","139","0.690647","0.100719","2.352517985611511","15"
"6292621","10930","210","0.533333","0.185714","2.704761904761905","9"
"6293409","32656","23","0.521739","0.086956","3.4782608695652173","21"
"6294072","73582","62","0.516129","0.112903","2.6774193548387095","21"
"6299857","16143","97","0.288659","0.360824","1.7216494845360826","71"
"6305235","14806","23","0.347826","0.434782","0.391304347826087","1"
"6309601","18616","82","0.512195","0.195121","3.975609756097561","33"
"6316508","22449","8","0.625000","0.125000","0.5","0"
"6320039","11788","10","0.500000","0.300000","2.8","17"
"6328256","22780","239","0.338912","0.351464","0.45188284518828453","18"
"6330106","31993","58","0.603448","0.189655","2.4827586206896552","0"
"6331369","41438","315","0.790476","0.053968","1.457142857142857","97"
"6336479","45255","385","0.649350","0.122077","2.4753246753246754","267"
"6356278","27855","180","0.305555","0.366666","1.05","9"
"6361531","154429","366","0.360655","0.284153","1.3989071038251366","42"
"6366770","16753","14","0.428571","0.214285","1.9285714285714286","2"
"6368697","12946","30","0.800000","0.000000","12","12"
"6371123","13198","48","0.791666","0.020833","14.8125","0"
"6382434","19060","62","0.161290","0.645161","0.9193548387096774","3"
"6385184","28131","25","0.400000","0.320000","0.8","11"
"6394722","32192","36","0.638888","0.027777","1.0555555555555556","38"
"6395627","51381","83","0.638554","0.060240","12","58"
"6401241","13641","5","0.000000","1.000000","0.6","2"
"6401656","35445","33","0.696969","0.030303","18.727272727272727","0"
"6413377","12441","17","0.588235","0.176470","1.8823529411764706","6"
"6415268","16239","22","0.818181","0.000000","3.772727272727273","40"
"6419007","54633","12","0.000000","0.833333","7.916666666666667","7"
"6428638","41631","153","0.633986","0.098039","0.9281045751633987","23"
"6429072","13054","68","0.455882","0.220588","0.47058823529411764","20"
"6433023","72638","41","0.780487","0.024390","2.4146341463414633","17"
"6436191","49436","444","0.486486","0.153153","3.470720720720721","160"
"6436545","12007","122","0.557377","0.172131","1.5245901639344261","16"
"6441124","17757","10","0.500000","0.300000","3.8","0"
"6451573","140946","21","0.523809","0.142857","9","143"
"6454622","13332","16","0.375000","0.125000","0.3125","6"
"6457407","11728","182","0.516483","0.148351","3.098901098901099","14"
"6460297","10063","82","0.256097","0.439024","3.1341463414634148","43"
"6461462","35630","74","0.324324","0.324324","1.7702702702702702","279"
"6463558","103944","357","0.789915","0.064425","1.5210084033613445","377"
"6464308","259435","942","0.710191","0.044585","1.7526539278131634","229"
"6469645","11320","79","0.797468","0.025316","1.4050632911392404","30"
"6478047","23627","9","0.222222","0.444444","3.2222222222222223","6"
"6482561","70310","562","0.581850","0.081850","0.6619217081850534","76"
"6485881","13372","74","0.648648","0.067567","1.7162162162162162","130"
"6496010","10670","29","0.551724","0.103448","0.5517241379310345","35"
"6498293","11584","13","0.384615","0.076923","0.3076923076923077","0"
"6501141","12159","11","0.090909","0.454545","3.727272727272727","12"
"6504633","13013","121","0.743801","0.107438","0.8429752066115702","0"
"6505250","35225","46","0.826086","0.043478","18.26086956521739","70"
"6509751","128438","6","0.333333","0.333333","3","13"
"6513921","31260","59","0.322033","0.338983","2.3389830508474576","15"
"6515755","12874","32","0.281250","0.375000","0.28125","11"
"6525724","16656","21","0.476190","0.095238","2.857142857142857","1"
"6527049","30977","133","0.383458","0.263157","3.601503759398496","13"
"6530970","51068","141","0.609929","0.134751","2.517730496453901","13"
"6535399","33741","51","0.803921","0.000000","1.6666666666666667","8"
"6539317","35883","11","0.636363","0.181818","1.8181818181818181","6"
"6567275","12787","71","0.338028","0.394366","4.591549295774648","6"
"6570042","15940","40","0.675000","0.100000","1.475","7"
"6572971","15994","41","0.634146","0.073170","1.2926829268292683","17"
"6573902","17293","7","1.000000","0.000000","2.2857142857142856","10"
"6574038","77046","894","0.270693","0.323266","1.1297539149888143","881"
"6578080","30368","134","0.455223","0.149253","1.544776119402985","312"
"6579744","15862","26","0.692307","0.076923","1.4615384615384615","2"
"6597375","10133","10","0.200000","0.600000","0.1","0"
"6599590","61220","210","0.652380","0.166666","0.8857142857142857","638"
"6600940","12730","107","0.579439","0.130841","2.5514018691588785","27"
"6612932","16166","14","0.571428","0.142857","0.42857142857142855","4"
"6618622","271580","53","0.150943","0.679245","1.0754716981132075","105"
"6622587","245753","71","0.859154","0.000000","3.3661971830985915","466"
"6634591","10096","28","0.428571","0.214285","14.392857142857142","284"
"6646912","15699","33","0.696969","0.121212","4.787878787878788","29"
"6654942","28521","173","0.248554","0.323699","2.208092485549133","13"
"6655160","14921","73","0.356164","0.356164","0.3424657534246575","15"
"6664872","20045","42","0.857142","0.071428","2.238095238095238","42"
"6692043","10117","62","0.870967","0.032258","0.7096774193548387","1"
"6695924","41996","100","0.610000","0.070000","1.66","25"
"6699433","31816","69","0.347826","0.347826","5.260869565217392","47"
"6699447","26281","162","0.567901","0.172839","0.9567901234567902","4"
"6706419","14586","7","0.571428","0.000000","9.428571428571429","1"
"6717054","15669","137","0.525547","0.182481","0.8321167883211679","12"
"6717178","11582","94","0.457446","0.212765","11.191489361702128","118"
"6719819","15765","17","0.176470","0.588235","5.882352941176471","0"
"6727914","21624","17","0.294117","0.470588","2.411764705882353","1"
"6729010","41346","13","0.615384","0.000000","0.6153846153846154","0"
"6738015","38991","145","0.393103","0.220689","5.496551724137931","370"
"6751634","28100","17","0.529411","0.294117","0.5882352941176471","0"
"6752050","44552","325","0.596923","0.132307","4.495384615384616","1035"
"6759844","12116","67","0.746268","0.059701","4.6716417910447765","42"
"6762755","28795","83","0.216867","0.518072","0.5301204819277109","4"
"6770384","27983","18","0.388888","0.222222","2.8333333333333335","6"
"6771046","12936","248","0.653225","0.088709","1.217741935483871","469"
"6779307","61406","13","0.384615","0.230769","2.3846153846153846","4"
"6782754","12444","103","0.504854","0.174757","25.310679611650485","250"
"6793637","20107","24","0.625000","0.041666","1.5833333333333333","1"
"6796354","10840","62","0.661290","0.080645","0.9516129032258065","57"
"6797953","15478","104","0.634615","0.048076","0.6442307692307693","7"
"6808583","32081","68","0.367647","0.279411","0.8676470588235294","25"
"6817835","14246","73","0.424657","0.273972","3.315068493150685","3"
"6831341","13798","78","0.461538","0.205128","4.858974358974359","226"
"6851825","70895","503","0.530815","0.137176","2.095427435387674","59"
"6858244","15886","18","0.277777","0.333333","2.7222222222222223","8"
"6863749","34312","69","0.695652","0.072463","0.9855072463768116","2"
"6865932","24138","55","0.363636","0.309090","3.2545454545454544","91"
"6866309","13079","56","0.375000","0.410714","0.5357142857142857","4"
"6868543","14518","83","0.554216","0.240963","5.192771084337349","14"
"6870228","24447","112","0.437500","0.258928","8.321428571428571","18"
"6870253","19417","28","0.392857","0.214285","14.571428571428571","13"
"6877799","33237","38","0.131578","0.684210","1.5789473684210527","64"
"6879826","22288","20","0.450000","0.300000","4.45","17"
"6881240","26342","13","0.538461","0.230769","1.6153846153846154","5"
"6884590","13784","43","0.790697","0.023255","3.6511627906976742","20"
"6885902","21463","154","0.525974","0.175324","4.64935064935065","2345"
"6890912","109382","227","0.325991","0.348017","1.013215859030837","12"
"6899896","12300","20","0.900000","0.000000","0.6","0"
"6904888","18000","5","0.200000","0.400000","1","413"
"6919963","17996","5","0.600000","0.200000","1","0"
"6933993","18491","114","0.657894","0.061403","3.8333333333333335","219"
"6936545","12887","146","0.479452","0.184931","2.2260273972602738","328"
"6943762","13825","27","0.555555","0.259259","0.3333333333333333","0"
"6951428","11684","8","0.375000","0.125000","1","0"
"7008044","23092","11","0.363636","0.090909","16.545454545454547","27"
"7015400","81221","24","0.666666","0.041666","2.25","40"
"7023245","15708","11","0.727272","0.090909","4.090909090909091","2"
"7023590","14411","16","0.187500","0.437500","1.25","39"
"7028459","15212","5","0.400000","0.000000","1","0"
"7031230","37564","82","0.695121","0.073170","1.2560975609756098","355"
"7032856","15516","5","0.200000","0.800000","2.8","14"
"7053190","30789","8","0.375000","0.375000","0.5","0"
"7058266","16190","156","0.570512","0.185897","0.6987179487179487","23"
"7062291","22207","99","0.757575","0.050505","1.0101010101010102","20"
"7073340","11112","11","0.818181","0.000000","3","3"
"7076153","27205","36","0.416666","0.277777","7.916666666666667","57"
"7093741","29792","111","0.360360","0.288288","1.063063063063063","28"
"7103882","16095","125","0.048000","0.696000","0.048","33"
"7106086","38331","25","0.920000","0.000000","2.36","2"
"7108589","12840","256","0.761718","0.042968","0.99609375","102"
"7108653","203699","1372","0.757288","0.034256","3.206268221574344","375"
"7109869","13948","239","0.334728","0.393305","0.6108786610878661","97"
"7111561","93426","631","0.640253","0.076069","3.5182250396196513","702"
"7117003","10332","36","0.555555","0.166666","1.75","1340"
"7117697","14331","22","0.500000","0.090909","1.1818181818181819","8"
"7121513","16323","133","0.766917","0.007518","3.6390977443609023","54"
"7128154","10804","20","0.000000","0.850000","0.4","3"
"7128934","32638","99","0.242424","0.373737","0.48484848484848486","66"
"7131757","40531","21","0.095238","0.714285","0.38095238095238093","3"
"7132550","42325","46","0.456521","0.369565","1.108695652173913","26"
"7134134","14285","68","0.426470","0.352941","0.47058823529411764","37"
"7141073","11948","6","0.500000","0.000000","0.6666666666666666","0"
"7151494","13549","16","0.312500","0.187500","6.125","6"
"7175713","28990","437","0.096109","0.485125","1.2906178489702518","58"
"7185318","11387","194","0.458762","0.221649","2.1443298969072164","34"
"7194268","14848","79","0.341772","0.240506","0.9493670886075949","4"
"7198006","12653","21","0.142857","0.523809","0.2857142857142857","1"
"7203016","52939","126","0.658730","0.063492","0.3968253968253968","21"
"7209631","22035","684","0.874269","0.011695","0.5818713450292398","348"
"7212686","54251","379","0.395778","0.306068","2.1846965699208445","339"
"7215091","64203","1372","0.560495","0.075801","1.8644314868804666","206"
"7216865","18245","79","0.481012","0.177215","2.2278481012658227","24"
"7237224","30965","215","0.325581","0.390697","0.3116279069767442","10"
"7237884","19641","242","0.512396","0.181818","1.3636363636363635","23"
"7248342","10253","19","0.578947","0.052631","0.631578947368421","5"
"7252182","170235","524","0.736641","0.038167","1.2576335877862594","11"
"7254633","39490","382","0.863874","0.002617","1.044502617801047","29"
"7254781","32963","167","0.880239","0.017964","2.029940119760479","29"
"7256341","19179","8","0.250000","0.375000","0.625","8"
"7264620","10795","10","0.700000","0.100000","27","135"
"7294900","59454","40","0.375000","0.125000","3.325","33"
"7295599","27309","284","0.485915","0.186619","1.7922535211267605","59"
"7296893","32830","36","0.555555","0.111111","2.75","5"
"7297700","90868","790","0.754430","0.026582","1.2582278481012659","220"
"7299782","18215","10","0.500000","0.300000","0.9","0"
"7303447","18368","5","0.800000","0.200000","0.8","5"
"7311767","50137","5","0.800000","0.000000","2.8","63"
"7325599","25720","99","0.595959","0.222222","0.9595959595959596","20"
"7326738","71809","145","0.489655","0.172413","0.6482758620689655","12"
"7328782","61511","143","0.664335","0.083916","9.083916083916083","482"
"7329832","23032","27","0.740740","0.111111","13.777777777777779","1624"
"7336232","20785","22","0.136363","0.545454","0.36363636363636365","0"
"7355741","54198","229","0.484716","0.165938","4.781659388646288","32"
"7356355","13835","11","0.272727","0.454545","2.1818181818181817","5"
"7359094","29236","21","0.666666","0.190476","40.285714285714285","67"
"7361479","14046","28","0.428571","0.178571","2.5357142857142856","2"
"7365461","19157","187","0.802139","0.026737","1.0748663101604279","0"
"7365866","30332","68","0.264705","0.397058","1.2205882352941178","13"
"7366100","39611","472","0.258474","0.461864","2.5211864406779663","145"
"7367293","11891","120","0.816666","0.033333","0.49166666666666664","0"
"7369366","19168","136","0.551470","0.095588","0.7132352941176471","2"
"7370153","11671","16","0.812500","0.062500","2.5","5"
"7371893","12742","228","0.557017","0.083333","1.2719298245614035","64"
"7376526","19862","17","0.705882","0.117647","1.8235294117647058","0"
"7380779","17013","189","0.613756","0.095238","1.8994708994708995","12"
"7388477","31191","115","0.443478","0.156521","0.21739130434782608","12"
"7394871","14733","23","0.347826","0.304347","0.8695652173913043","19"
"7409220","42671","45","0.711111","0.044444","1.8222222222222222","38"
"7424470","27147","45","0.511111","0.222222","1.6444444444444444","49"
"7429447","194858","1495","0.517056","0.151170","1.0073578595317725","2595"
"7436489","10152","9","0.444444","0.333333","9.666666666666666","0"
"7444103","33358","46","0.673913","0.086956","51.21739130434783","324"
"7446760","12309","96","0.708333","0.104166","1.9583333333333333","8"
"7460777","78047","209","0.741626","0.047846","0.5406698564593302","3"
"7461381","68986","5","0.600000","0.200000","0.2","0"
"7462031","17178","102","0.558823","0.137254","3.0686274509803924","28"
"7466674","30676","110","0.818181","0.054545","0.42727272727272725","1"
"7475225","15306","14","0.642857","0.142857","5.785714285714286","1"
"7478597","20523","31","0.580645","0.032258","21.387096774193548","74"
"7483211","10836","17","0.411764","0.411764","4.235294117647059","22"
"7486313","28795","180","0.311111","0.361111","0.7722222222222223","49"
"7494218","18831","160","0.312500","0.400000","0.30625","34"
"7495930","81836","38","0.684210","0.026315","2.789473684210526","15"
"7505395","51861","150","0.333333","0.433333","3.64","97"
"7509065","49268","138","0.623188","0.065217","2.471014492753623","56"
"7531598","16075","14","0.500000","0.071428","0.2857142857142857","7"
"7552340","10881","50","0.420000","0.240000","0.98","1"
"7571258","28406","261","0.544061","0.164750","3.528735632183908","151"
"7576100","14479","5","0.000000","1.000000","1.6","1"
"7579547","28600","32","0.531250","0.187500","2.09375","126"
"7582247","126127","797","0.476787","0.195734","4.979924717691342","402"
"7594711","15668","86","0.558139","0.081395","1.197674418604651","1"
"7599798","31666","217","0.562211","0.082949","3.1566820276497696","170"
"7599833","17813","106","0.839622","0.018867","1.7641509433962264","37"
"7602110","10003","8","0.000000","0.750000","0.75","13"
"7603109","22293","10","0.200000","0.300000","0.6","0"
"7606764","26254","23","0.521739","0.173913","2.5652173913043477","156"
"7607190","21744","160","0.775000","0.037500","9.25625","245"
"7609093","29140","124","0.782258","0.040322","1.2983870967741935","48"
"7619808","14779","10","0.700000","0.000000","2.5","15"
"7621674","11131","30","0.833333","0.000000","5.4","41"
"7623856","15160","221","0.565610","0.126696","2.0316742081447963","11"
"7631480","23445","187","0.508021","0.213903","3.9572192513368982","73"
"7632695","31840","21","0.571428","0.190476","0.3333333333333333","6"
"7635569","18280","58","0.724137","0.051724","1.0172413793103448","26"
"7652758","10319","20","0.450000","0.250000","2.85","18"
"7658985","11558","39","0.461538","0.153846","1.5384615384615385","5"
"7661119","16960","260","0.646153","0.111538","0.9961538461538462","47"
"7662670","27652","108","0.601851","0.083333","1.7407407407407407","18"
"7666442","69960","14","0.428571","0.500000","2.142857142857143","15"
"7668448","21430","14","0.071428","0.642857","1.2857142857142858","1"
"7669809","39289","24","0.291666","0.333333","0.75","3"
"7670262","15179","8","0.750000","0.000000","15.875","15"
"7687666","22782","325","0.750769","0.055384","1.476923076923077","27"
"7691729","19428","118","0.635593","0.093220","5.593220338983051","20"
"7696223","13756","5","0.200000","0.400000","12.6","2"
"7703024","13033","31","0.548387","0.161290","17.903225806451612","2"
"7715250","13560","8","0.250000","0.750000","4.75","0"
"7727429","18600","18","0.388888","0.277777","3.5","9"
"7733418","26828","140","0.492857","0.235714","15.857142857142858","343"
"7734384","13946","13","0.000000","1.000000","2.076923076923077","14"
"7752296","29144","353","0.566572","0.104815","1.56657223796034","88"
"7758804","63407","85","0.505882","0.129411","8.564705882352941","2195"
"7767664","13098","12","0.583333","0.416666","20.916666666666668","2"
"7790376","28034","103","0.621359","0.165048","1.5728155339805825","14"
"7804058","11437","30","0.833333","0.033333","2.1","4"
"7832584","29524","32","0.625000","0.093750","0.65625","0"
"7838401","12099","7","0.857142","0.000000","0.7142857142857143","3"
"7840440","13045","9","0.444444","0.333333","2.4444444444444446","0"
"7860670","38048","19","0.578947","0.157894","11.842105263157896","1"
"7861807","26343","141","0.836879","0.028368","0.44680851063829785","27"
"7867822","14473","31","0.354838","0.258064","4.096774193548387","302"
"7867968","13317","69","0.434782","0.289855","3.289855072463768","36"
"7881859","12209","11","0.272727","0.454545","1.9090909090909092","9"
"7882470","54236","50","0.600000","0.020000","3.38","3"
"7884305","77165","691","0.646888","0.076700","3.228654124457308","624"
"7896849","11966","16","0.125000","0.375000","0.75","10"
"7897395","33220","59","0.610169","0.067796","5.169491525423729","88"
"7899477","11071","101","0.277227","0.475247","0.0891089108910891","3"
"7909676","20542","160","0.737500","0.068750","0.6625","5"
"7910454","22452","14","0.214285","0.571428","4.785714285714286","16"
"7916438","13360","56","0.232142","0.392857","6.660714285714286","10"
"7920473","22976","32","0.812500","0.031250","0.875","43"
"7939871","20485","141","0.226950","0.468085","1.574468085106383","18"
"7941188","24197","151","0.337748","0.311258","3.2847682119205297","132"
"7943564","29210","66","0.530303","0.227272","4.090909090909091","201"
"7948372","14545","19","0.473684","0.000000","1.263157894736842","79"
"7950592","15171","44","0.431818","0.295454","1.3636363636363635","3"
"7954504","41316","8","0.875000","0.000000","4.5","15"
"7964527","324250","954","0.353249","0.292452","0.30712788259958074","22"
"7976758","97973","151","0.701986","0.079470","9.894039735099337","117"
"7976805","23530","39","0.487179","0.102564","19.333333333333332","98"
"8008776","11145","75","0.560000","0.186666","1.6133333333333333","48"
"8011544","24650","18","0.166666","0.666666","0.5","11"
"8012206","12252","5","0.800000","0.000000","2.6","2"
"8012646","25245","9","0.222222","0.222222","1.3333333333333333","6"
"8016720","81905","470","0.717021","0.051063","5.74468085106383","79"
"8017690","55434","829","0.729794","0.067551","1.2074788902291917","1336"
"8039978","21508","234","0.209401","0.427350","0.9829059829059829","6"
"8053274","20159","13","0.769230","0.000000","1.2307692307692308","2"
"8054998","10366","98","0.632653","0.051020","1.7142857142857142","0"
"8059459","37208","9","0.111111","0.888888","0.8888888888888888","1"
"8068625","15960","28","0.464285","0.142857","8.142857142857142","34"
"8079868","25681","29","0.241379","0.551724","1","0"
"8112776","21914","24","0.416666","0.416666","7.083333333333333","172"
"8126362","20530","48","0.416666","0.229166","7.520833333333333","10"
"8143158","17221","56","0.642857","0.160714","1.5357142857142858","2"
"8160318","17013","9","0.444444","0.444444","1.7777777777777777","7"
"8162520","29458","236","0.377118","0.266949","4.012711864406779","391"
"8172857","90059","339","0.554572","0.123893","1.2743362831858407","213"
"8182118","43872","196","0.535714","0.127551","1.846938775510204","12"
"8184139","15827","43","0.744186","0.046511","0.7441860465116279","0"
"8186898","18971","19","0.263157","0.526315","1.263157894736842","4"
"8187800","14523","139","0.697841","0.050359","1.9064748201438848","4"
"8188433","12807","26","0.730769","0.038461","0.4230769230769231","116"
"8188846","20024","13","0.461538","0.307692","4.769230769230769","3"
"8203759","13045","66","0.803030","0.060606","3.303030303030303","25"
"8206434","22530","330","0.590909","0.133333","1.2242424242424241","100"
"8208215","16621","7","0.571428","0.142857","1.2857142857142858","2"
"8235971","16744","102","0.558823","0.127450","0.29411764705882354","1"
"8245406","78735","689","0.476052","0.222060","1.93033381712627","355"
"8253662","21003","35","0.114285","0.742857","1.7428571428571429","20"
"8283848","89570","49","0.795918","0.122448","2.0408163265306123","4"
"8283938","11508","54","0.759259","0.074074","0.8148148148148148","6"
"8289918","14415","30","0.666666","0.200000","1.6","205"
"8290634","12498","47","0.765957","0.000000","5.425531914893617","16"
"8291949","19195","12","0.666666","0.083333","1.9166666666666667","8"
"8292178","15496","40","0.275000","0.350000","1.075","7"
"8298909","54434","19","0.578947","0.157894","1.4736842105263157","0"
"8316315","34187","18","0.666666","0.166666","0.2222222222222222","3"
"8320861","13275","8","0.125000","0.250000","0.375","1"
"8331157","13053","5","0.400000","0.400000","3.8","2"
"8340997","17287","11","0.818181","0.090909","3","25"
"8343484","18767","253","0.774703","0.039525","9.217391304347826","396"
"8344060","26950","60","0.216666","0.516666","2.6666666666666665","9"
"8357357","11435","122","0.721311","0.024590","1.778688524590164","10"
"8360561","14053","12","0.166666","0.583333","2.25","1"
"8366499","12215","36","0.527777","0.083333","3.111111111111111","46"
"8367626","15096","42","0.523809","0.071428","2.9761904761904763","15"
"8372853","61292","34","0.500000","0.176470","14","1678"
"8376184","18839","49","0.306122","0.448979","4.469387755102041","38"
"8380272","80553","977","0.299897","0.334698","2.3541453428863868","35"
"8381946","36397","215","0.874418","0.018604","2.6790697674418604","776"
"8389003","14804","20","0.200000","0.400000","1.55","0"
"8389576","11231","9","0.000000","0.777777","2","4"
"8394265","280207","34","0.500000","0.117647","1.2058823529411764","1"
"8397974","10724","13","0.384615","0.230769","1.4615384615384615","1"
"8398549","15325","17","0.235294","0.470588","22.88235294117647","42"
"8404453","51721","311","0.395498","0.241157","6.932475884244373","1344"
"8405310","30652","202","0.688118","0.074257","0.8762376237623762","0"
"8410477","10173","20","0.300000","0.600000","12.9","171"
"8411406","12010","59","0.389830","0.135593","1.9152542372881356","7"
"8422330","12524","30","0.733333","0.100000","6.166666666666667","2"
"8422953","11875","37","0.567567","0.027027","17.16216216216216","3674"
"8431111","21770","287","0.616724","0.108013","0.8292682926829268","13"
"8437099","10364","11","0.363636","0.363636","1.5454545454545454","15"
"8471931","10993","18","0.555555","0.111111","0.6666666666666666","2"
"8475054","18301","68","0.558823","0.220588","9.514705882352942","16"
"8490598","10522","10","0.100000","0.600000","0.3","5"
"8495254","33621","276","0.594202","0.090579","3.5543478260869565","51"
"8496462","24560","141","0.680851","0.092198","3.801418439716312","24"
"8505817","14076","15","0.466666","0.200000","0.9333333333333333","0"
"8508004","10905","128","0.703125","0.070312","7.8671875","34"
"8510405","13385","399","0.456140","0.208020","1.155388471177945","562"
"8534588","11596","8","0.250000","0.625000","1","0"
"8542346","12759","69","0.231884","0.318840","0.855072463768116","23"
"8556259","13256","210","0.709523","0.057142","0.43333333333333335","5"
"8558186","59159","454","0.471365","0.149779","2.2290748898678414","10"
"8572380","22362","279","0.372759","0.290322","1.5448028673835126","4"
"8573068","19916","7","0.714285","0.142857","5.857142857142857","19"
"8582353","13752","20","0.850000","0.050000","2.05","3"
"8583393","26473","25","0.160000","0.480000","3.2","49"
"8583669","15010","18","0.444444","0.166666","2.1666666666666665","14"
"8583692","26661","103","0.029126","0.893203","1.203883495145631","231"
"8586227","42665","109","0.596330","0.110091","3.55045871559633","12"
"8593414","10382","9","0.777777","0.111111","0.8888888888888888","1"
"8601372","10989","113","0.707964","0.000000","1.752212389380531","30"
"8601760","43548","105","0.457142","0.190476","2.5428571428571427","104"
"8605685","12747","30","0.500000","0.266666","0.9333333333333333","153"
"8613630","24311","625","0.660800","0.075200","1.4464","191"
"8618350","11470","40","0.500000","0.200000","1.225","0"
"8620333","281844","540","0.512962","0.192592","2.2333333333333334","390"
"8649393","13530","25","0.720000","0.000000","3.32","11"
"8651601","16161","120","0.300000","0.283333","0.9083333333333333","63"
"8656552","16185","100","0.320000","0.360000","1.45","4"
"8682983","31867","376","0.768617","0.066489","0.6781914893617021","42"
"8690857","208122","2150","0.598139","0.104651","2.575813953488372","2548"
"8705432","79647","298","0.701342","0.063758","0.7013422818791947","0"
"8708364","71944","39","0.230769","0.410256","2.051282051282051","60"
"8711276","12970","100","0.840000","0.020000","1.81","27"
"8724443","10396","5","0.200000","0.600000","0.2","0"
"8741356","15484","10","0.100000","0.600000","0.3","0"
"8757883","15097","11","0.636363","0.181818","6.818181818181818","153"
"8798220","20024","20","0.300000","0.450000","2.8","8"
"8816585","47266","643","0.676516","0.094867","6.359253499222395","2062"
"8822337","19802","33","0.393939","0.363636","1.3636363636363635","5"
"8870196","10315","34","0.558823","0.147058","0.8529411764705882","86"
"8873508","10119","8","1.000000","0.000000","1.5","14"
"8874958","14744","9","0.000000","0.777777","5.666666666666667","1"
"8879527","10131","188","0.340425","0.356382","0.6382978723404256","43"
"8881141","12510","120","0.683333","0.075000","6.016666666666667","420"
"8891224","14204","87","0.597701","0.103448","0.8160919540229885","0"
"8893686","10526","28","0.535714","0.071428","0.75","121"
"8910547","15782","49","0.489795","0.183673","5.020408163265306","225"
"8950365","21408","19","0.789473","0.000000","2.1052631578947367","0"
"8951377","39394","205","0.839024","0.009756","0.8439024390243902","1"
"8962195","10748","69","0.811594","0.043478","1.8115942028985508","9"
"8967612","19776","78","0.602564","0.102564","6.089743589743589","238"
"8973620","18260","57","0.035087","0.701754","1.0526315789473684","83"
"8977696","17766","26","0.192307","0.538461","1.3461538461538463","2"
"8986975","26734","456","0.313596","0.289473","0.6732456140350878","19"
"8987128","36432","116","0.681034","0.068965","2.060344827586207","121"
"9014097","50793","259","0.884169","0.019305","4.332046332046332","105"
"9019885","30567","255","0.650980","0.094117","0.43137254901960786","0"
"9067615","25107","13","0.461538","0.230769","1.0769230769230769","64"
"9071943","14236","6","0.333333","0.500000","5.833333333333333","15"
"9072753","146712","868","0.564516","0.161290","2.0034562211981566","38"
"9078341","14225","22","0.272727","0.409090","14.954545454545455","17"
"9081267","43486","15","0.466666","0.266666","2.1333333333333333","1"
"9085273","12320","19","0.684210","0.157894","2.1578947368421053","1"
"9086770","12537","61","0.557377","0.114754","3.4262295081967213","6"
"9090751","10941","20","0.800000","0.100000","0.45","2"
"9095551","14443","77","0.766233","0.090909","1.1948051948051948","1"
"9097906","144153","1720","0.554651","0.108720","0.7697674418604651","500"
"9098350","15190","30","0.766666","0.033333","1.3333333333333333","24"
"9119186","32269","11","0.636363","0.090909","3.272727272727273","10"
"9132707","16469","67","0.641791","0.134328","3.029850746268657","1"
"9136348","18603","193","0.295336","0.290155","1.217616580310881","45"
"9150270","14007","31","0.612903","0.161290","8.64516129032258","764"
"9153448","25423","208","0.259615","0.350961","1.5721153846153846","104"
"9164010","14972","25","0.520000","0.200000","3.84","24"
"9164141","13317","13","0.461538","0.307692","1.3846153846153846","1"
"9167382","13861","187","0.288770","0.294117","1.0427807486631016","31"
"9170274","14015","169","0.644970","0.094674","1.9408284023668638","301"
"9177877","14203","64","0.359375","0.312500","5.890625","47"
"9186783","10396","60","0.550000","0.116666","1","3"
"9187350","20153","13","0.384615","0.307692","3","4"
"9189799","22461","17","0.647058","0.117647","2.5294117647058822","8"
"9193372","19771","47","0.510638","0.148936","3.5106382978723403","413"
"9199828","12139","171","0.502923","0.204678","3.0292397660818713","96"
"9200675","23974","92","0.684782","0.108695","0.6630434782608695","14"
"9201587","15612","697","0.449067","0.215208","1.296987087517934","444"
"9203110","11208","92","0.456521","0.271739","2.0434782608695654","12"
"9208887","21311","263","0.600760","0.117870","4.380228136882129","61"
"9214357","12620","48","0.791666","0.020833","0.5416666666666666","80"
"9215780","17327","38","0.736842","0.026315","5.2105263157894735","261"
"9223839","53316","178","0.578651","0.129213","9.640449438202246","341"
"9226213","18028","11","1.000000","0.000000","1.0909090909090908","4"
"9236994","11175","9","0.111111","0.666666","0.5555555555555556","0"
"9241978","17461","17","0.529411","0.235294","6","3"
"9245853","50385","239","0.761506","0.033472","10.493723849372385","1361"
"9248201","16767","36","0.527777","0.166666","0.6111111111111112","0"
"9264230","21843","435","0.682758","0.066666","1.096551724137931","130"
"9274732","29705","82","0.670731","0.134146","2.2560975609756095","4"
"9284423","22609","5","0.600000","0.400000","4.2","3"
"9297144","63121","38","0.052631","0.605263","0.15789473684210525","121"
"9299259","22069","12","0.583333","0.250000","0.5833333333333334","0"
"9305398","26584","10","0.500000","0.200000","2","14"
"9332187","18428","73","0.315068","0.246575","2.191780821917808","45"
"9349302","18689","176","0.437500","0.250000","0.7443181818181818","1"
"9375102","23169","58","0.327586","0.241379","3.6724137931034484","14"
"9381601","14474","39","0.487179","0.153846","11.717948717948717","40"
"9393102","10648","28","0.750000","0.071428","5.107142857142857","1"
"9401096","45868","207","0.608695","0.096618","5.024154589371981","536"
"9441404","31536","498","0.781124","0.032128","0.8393574297188755","8"
"9444073","29492","251","0.434262","0.155378","2.3306772908366535","152"
"9448090","25030","239","0.602510","0.100418","1.405857740585774","6"
"9450991","15233","136","0.602941","0.095588","2.3455882352941178","2"
"9462095","20148","293","0.245733","0.433447","0.89419795221843","47"
"9463489","17835","222","0.297297","0.382882","0.8513513513513513","3"
"9473764","147457","566","0.381625","0.266784","2.5141342756183747","232"
"9473786","11171","186","0.672043","0.091397","3.435483870967742","34"
"9513184","91798","229","0.397379","0.257641","1.0829694323144106","8"
"9515207","373858","1430","0.590909","0.118881","1.1258741258741258","73"
"9558399","15442","11","0.636363","0.090909","0.5454545454545454","0"
"9576186","71796","303","0.795379","0.056105","1.8151815181518152","15"
"9593596","38715","6","0.500000","0.166666","1.1666666666666667","1"
"9597706","52148","104","0.740384","0.019230","5.586538461538462","51"
"9606851","15172","21","0.000000","0.952380","1.3333333333333333","11"
"9607863","31084","55","0.563636","0.236363","3.4909090909090907","23"
"9609840","33968","44","0.431818","0.159090","0.36363636363636365","123"
"9624435","37913","33","0.272727","0.333333","3.121212121212121","11"
"9632621","12074","11","0.636363","0.272727","1.8181818181818181","0"
"9636037","15189","76","0.578947","0.144736","2.1710526315789473","55"
"9640177","19412","5","0.200000","0.600000","0.8","0"
"9644964","10568","202","0.712871","0.089108","1.4059405940594059","17"
"9657861","26758","693","0.761904","0.051948","1.2582972582972582","742"
"9659902","11211","7","0.285714","0.571428","1","0"
"9661424","37837","80","0.512500","0.125000","5.6","77"
"9663070","22992","164","0.640243","0.067073","5.548780487804878","62"
"9664796","14241","64","0.718750","0.062500","1.265625","9"
"9665021","17031","96","0.541666","0.177083","1.15625","101"
"9666018","15415","294","0.588435","0.159863","0.5782312925170068","51"
"9690090","11346","128","0.257812","0.343750","1.59375","26"
"9695286","12707","48","0.333333","0.270833","1.2083333333333333","16"
"9698684","88744","9","0.333333","0.555555","1.8888888888888888","3"
"9750066","10876","94","0.755319","0.021276","1.1170212765957446","0"
"9750706","15759","38","0.684210","0.131578","0.7105263157894737","4"
"9758194","76900","477","0.352201","0.306079","2.4863731656184487","314"
"9758922","11265","5","0.800000","0.200000","1.4","0"
"9765167","10722","82","0.475609","0.219512","2.817073170731707","37"
"9769953","12581","132","0.484848","0.212121","12.818181818181818","71"
"9814069","56997","1073","0.479030","0.147250","1.1276794035414726","318"
"9816472","13032","6","0.500000","0.500000","2.1666666666666665","1"
"9835872","24942","39","0.461538","0.179487","1.641025641025641","34"
"9837301","19280","54","0.351851","0.296296","18.25925925925926","140"
"9840318","15553","10","0.900000","0.000000","1.5","1"
"9840637","75348","63","0.444444","0.190476","1.8412698412698412","20"
"9841389","34690","283","0.770318","0.053003","1.96113074204947","239"
"9851608","41321","111","0.504504","0.225225","3.054054054054054","193"
"9857631","23236","400","0.440000","0.237500","1.53","207"
"9875486","10182","71","0.014084","0.830985","0.056338028169014086","0"
"9898643","62000","541","0.602587","0.077634","2.635859519408503","82"
"9901261","10019","237","0.468354","0.177215","2.9240506329113924","12"
"9926721","11986","161","0.298136","0.403726","1.1180124223602483","262"
"9938317","29914","215","0.558139","0.120930","10.8","1317"
"9952196","54404","362","0.417127","0.267955","4.251381215469613","309"
"9957710","42607","232","0.512931","0.150862","0.8577586206896551","11"
"9959152","40533","21","0.428571","0.142857","0.9047619047619048","11"
"9971404","22887","72","0.291666","0.347222","4.555555555555555","5"
"9971759","11247","80","0.737500","0.037500","1.375","16"
"9997212","11579","22","0.454545","0.272727","1.5909090909090908","29"
"10005707","10809","6","0.166666","0.333333","5","2"
"10008173","166209","730","0.636986","0.087671","5.517808219178082","701"
"10035985","196106","1753","0.510553","0.184255","0.5116942384483743","375"
"10068985","36085","416","0.235576","0.401442","0.9855769230769231","585"
"10075394","18507","6","0.166666","0.500000","0.5","0"
"10112124","15583","107","0.785046","0.037383","0.3644859813084112","4"
"10118270","18167","68","0.867647","0.000000","2.7205882352941178","2"
"10128619","32063","27","0.518518","0.185185","1.8148148148148149","0"
"10133797","19972","11","0.636363","0.272727","4.909090909090909","5"
"10134209","18967","92","0.326086","0.304347","4.608695652173913","28"
"10138734","43412","641","0.603744","0.099843","6.0124804992199685","320"
"10140124","21748","360","0.419444","0.236111","1.2305555555555556","44"
"10147399","30637","119","0.369747","0.268907","2.596638655462185","45"
"10157127","65170","2042","0.490695","0.177766","2.4265426052889323","2719"
"10158551","20267","9","0.777777","0.111111","3.111111111111111","0"
"10188661","37816","7","0.142857","0.857142","1.1428571428571428","1"
"10195153","15045","110","0.718181","0.036363","4.245454545454545","32"
"10197418","26186","143","0.573426","0.104895","7.090909090909091","630"
"10201580","18717","9","0.333333","0.222222","2.111111111111111","0"
"10221765","44347","68","0.397058","0.264705","1.6176470588235294","84"
"10237506","12129","252","0.285714","0.376984","3.753968253968254","76"
"10248678","52168","87","0.390804","0.241379","0.7586206896551724","485"
"10253094","11262","5","0.200000","0.800000","1.4","2"
"10262805","51431","793","0.355611","0.375788","0.6708701134930644","823"
"10265365","15135","6","0.833333","0.000000","2.5","0"
"10289265","21593","72","0.458333","0.222222","1.3611111111111112","25"
"10306997","18060","696","0.456896","0.185344","1.8563218390804597","361"
"10308336","14241","276","0.677536","0.090579","1.6594202898550725","3"
"10309381","11615","87","0.701149","0.045977","2.954022988505747","2"
"10315163","30318","1110","0.423423","0.244144","0.6378378378378379","678"
"10323798","13347","35","0.400000","0.257142","6.457142857142857","190"
"10345775","11005","55","0.600000","0.145454","0.8181818181818182","4"
"10347145","23763","171","0.619883","0.099415","0.5906432748538012","24"
"10348758","16200","82","0.817073","0.012195","1.024390243902439","1"
"10375049","22129","22","0.545454","0.318181","2.590909090909091","57"
"10415047","10919","375","0.696000","0.061333","1.2666666666666666","7"
"10418264","12814","173","0.670520","0.075144","2.005780346820809","16"
"10418515","12111","153","0.784313","0.052287","3.084967320261438","64"
"10431574","42728","62","0.645161","0.145161","1.935483870967742","58"
"10488504","40112","159","0.144654","0.616352","0.89937106918239","2"
"10495893","13488","177","0.796610","0.045197","1.8418079096045197","7"
"10498828","164889","841","0.565992","0.128418","1.5196195005945303","884"
"10521959","12763","44","0.363636","0.295454","2.5681818181818183","54"
"10522842","11713","52","0.826923","0.000000","1.6538461538461537","2"
"10573560","12308","9","0.333333","0.333333","0.5555555555555556","0"
"10606400","28517","6","0.666666","0.000000","7.666666666666667","0"
"10608621","16221","277","0.440433","0.234657","0.7978339350180506","73"
"10611983","16793","10","0.700000","0.000000","3.3","2"
"10612011","19555","176","0.744318","0.045454","2.5511363636363638","29"
"10622916","10014","54","0.407407","0.129629","11.148148148148149","79"
"10646316","28433","396","0.666666","0.093434","4.141414141414141","309"
"10669010","23045","273","0.245421","0.347985","3.2857142857142856","430"
"10676716","223978","156","0.544871","0.121794","0.7692307692307693","395"
"10686048","10187","45","0.488888","0.244444","8.488888888888889","124"
"10692493","12557","47","0.574468","0.170212","2.851063829787234","9"
"10693596","16732","373","0.549597","0.131367","0.8123324396782842","319"
"10696761","10808","14","0.071428","0.857142","1.3571428571428572","1"
"10698741","28111","29","0.448275","0.275862","0.6551724137931034","20"
"10722752","11560","51","0.176470","0.490196","1.5686274509803921","5"
"10746224","16523","6","0.500000","0.333333","0.8333333333333334","6"
"10770370","22476","349","0.747851","0.057306","0.8595988538681948","95"
"10785975","38542","774","0.339793","0.378552","0.4160206718346253","0"
"10789207","12042","219","0.698630","0.068493","1.9223744292237444","16"
"10794031","13352","33","0.636363","0.121212","9.363636363636363","2497"
"10819573","81404","85","0.270588","0.541176","0.9411764705882353","47"
"10834466","12471","11","0.636363","0.181818","3.8181818181818183","0"
"10839134","11658","324","0.712962","0.061728","1.478395061728395","29"
"10858321","21043","275","0.625454","0.149090","1.1890909090909092","335"
"10867454","37691","701","0.466476","0.202567","4.845934379457917","0"
"10871073","52255","260","0.457692","0.238461","6.1923076923076925","1993"
"10871900","17342","50","0.460000","0.240000","6.62","552"
"10885684","33404","172","0.476744","0.174418","1.1162790697674418","85"
"10886420","25285","21","0.714285","0.000000","0.7619047619047619","0"
"10907864","29914","49","0.183673","0.632653","0.2857142857142857","15"
"10908375","37004","5","0.600000","0.000000","6.6","23"
"10944219","11049","13","0.307692","0.461538","0.8461538461538461","0"
"10971581","19110","125","0.320000","0.360000","3.84","5"
"10982972","11039","55","0.618181","0.145454","2.6363636363636362","4"
"10987432","10855","73","0.342465","0.328767","3.0547945205479454","16"
"10990737","15017","120","0.441666","0.283333","2.566666666666667","1"
"11025476","25301","11","0.272727","0.272727","3","1"
"11032044","13936","20","0.700000","0.000000","1.9","4"
"11078857","12799","60","0.716666","0.116666","2.6","1"
"11082165","15024","25","0.400000","0.320000","15.8","100"
"11107541","61698","123","0.617886","0.154471","4.528455284552845","1215"
"11127383","10942","48","0.041666","0.770833","0.7083333333333334","0"
"11129751","13095","32","0.531250","0.218750","1.0625","18"
"11138259","23554","29","0.689655","0.034482","15.10344827586207","212"
"11147346","13138","21","0.666666","0.047619","1.9523809523809523","0"
"11148139","14388","34","0.676470","0.205882","3.411764705882353","11"
"11154841","10040","111","0.090090","0.657657","2.099099099099099","131"
"11162165","47078","44","0.522727","0.181818","2","193"
"11178549","46698","357","0.375350","0.263305","6.0588235294117645","1335"
"11212074","13894","44","0.590909","0.159090","1.9318181818181819","3"
"11225291","27502","23","0.565217","0.043478","0.6956521739130435","19"
"11246056","13710","363","0.914600","0.008264","0.6418732782369146","217"
"11280830","11027","90","0.666666","0.066666","2.111111111111111","10"
"11294831","13383","152","0.572368","0.111842","9.039473684210526","107"
"11329890","18712","117","0.444444","0.162393","0.4017094017094017","44"
"11344502","20856","60","0.683333","0.066666","2.2666666666666666","7"
"11355066","11265","9","0.333333","0.222222","1.1111111111111112","0"
"11355303","12393","163","0.613496","0.116564","1.6993865030674846","12"
"11359076","10277","10","0.400000","0.400000","2.9","26"
"11372593","76798","467","0.695931","0.070663","2.987152034261242","0"
"11374827","39153","159","0.723270","0.081761","1.9056603773584906","13"
"11392290","44468","1233","0.448499","0.185725","1.0932684509326844","255"
"11398810","37290","256","0.765625","0.078125","2.86328125","161"
"11407695","10497","17","0.588235","0.117647","4.235294117647059","468"
"11450820","13944","304","0.375000","0.276315","0.8322368421052632","54"
"11452511","12811","207","0.594202","0.115942","1.3816425120772946","22"
"11490347","13097","121","0.677685","0.099173","2.2975206611570247","7"
"11527076","17363","82","0.426829","0.158536","1.548780487804878","0"
"11551468","15513","70","0.785714","0.042857","2.1714285714285713","25"
"11564487","27100","854","0.115925","0.556206","0.7072599531615925","11"
"11599789","26924","110","0.745454","0.018181","2.018181818181818","2"
"11610186","13482","11","0.181818","0.181818","0.9090909090909091","1"
"11613622","13672","25","0.560000","0.200000","6.64","38"
"11619647","21252","181","0.574585","0.209944","3.0110497237569063","38"
"11638718","47724","306","0.434640","0.176470","1.565359477124183","276"
"11644308","13783","105","0.771428","0.028571","1.5142857142857142","19"
"11711316","12045","5","1.000000","0.000000","0.6","0"
"11717458","17966","13","0.615384","0.076923","4","7"
"11732320","10093","149","0.429530","0.167785","2.174496644295302","45"
"11748454","16789","156","0.858974","0.038461","3.0576923076923075","24"
"11810933","22098","150","0.520000","0.193333","2.466666666666667","148"
"11810946","18907","143","0.797202","0.034965","4.181818181818182","93"
"11841571","13651","26","0.538461","0.153846","1.4615384615384615","19"
"11850033","11066","176","0.670454","0.073863","1.3579545454545454","0"
"11865956","13299","914","0.373085","0.268052","1.5656455142231946","356"
"11872246","15304","6","0.500000","0.333333","4.166666666666667","75"
"11884237","31018","95","0.326315","0.231578","0.7473684210526316","16"
"11887902","17853","737","0.436906","0.249660","0.989145183175034","82"
"11897007","18427","190","0.331578","0.273684","1.2736842105263158","69"
"11908502","10575","18","0.611111","0.333333","3.0555555555555554","63"
"11923999","52616","154","0.629870","0.084415","2.1298701298701297","1"
"11936135","13124","243","0.773662","0.069958","1.3909465020576133","23"
"11942268","14491","52","0.192307","0.538461","2.769230769230769","67"
"11956107","16539","88","0.545454","0.181818","0.9772727272727273","1"
"11969817","39193","556","0.665467","0.068345","2.3902877697841727","0"
"11987538","29775","196","0.846938","0.020408","0.8520408163265306","791"
"11989189","23530","512","0.623046","0.083984","0.513671875","913"
"12002570","50962","1028","0.413424","0.205252","2.5836575875486383","320"
"12010984","11080","23","0.695652","0.043478","4.913043478260869","4"
"12046409","81670","430","0.769767","0.030232","3.1953488372093024","213"
"12098405","14753","29","0.344827","0.344827","1.1724137931034482","0"
"12101554","13480","240","0.533333","0.233333","2.3125","121"
"12109788","18868","221","0.475113","0.208144","1.6108597285067874","253"
"12115778","10336","17","0.647058","0.117647","1.7058823529411764","5"
"12149471","27818","349","0.415472","0.269340","5.123209169054442","376"
"12158757","106422","675","0.142222","0.564444","0.47555555555555556","266"
"12188861","11998","28","0.357142","0.250000","0.42857142857142855","1"
"12257134","10085","6","0.500000","0.000000","4.5","1"
"12258459","47196","89","0.876404","0.033707","0.8202247191011236","78"
"12269857","15678","5","0.200000","0.600000","0","0"
"12299000","51791","92","0.445652","0.239130","7.630434782608695","77"
"12299030","262871","845","0.611834","0.106508","1.6781065088757396","426"
"12342238","39661","571","0.579684","0.124343","1.5569176882661997","4"
"12349734","20774","129","0.511627","0.162790","1.9844961240310077","218"
"12354911","10848","63","0.492063","0.174603","6.015873015873016","37"
"12361700","13169","49","0.897959","0.000000","7.571428571428571","0"
"12416453","20751","51","0.117647","0.549019","5.078431372549019","273"
"12475483","12756","71","0.338028","0.323943","6.352112676056338","231"
"12480730","17176","67","0.850746","0.014925","5.462686567164179","34"
"12483095","29915","36","0.305555","0.472222","5.277777777777778","29"
"12492890","15645","498","0.469879","0.220883","2.174698795180723","842"
"12500315","178836","1965","0.602035","0.117048","1.0315521628498727","247"
"12505251","17063","105","0.400000","0.266666","3.2857142857142856","226"
"12545041","23339","246","0.439024","0.223577","1.6788617886178863","30"
"12550965","10675","206","0.577669","0.097087","0.7524271844660194","27"
"12567365","22712","155","0.767741","0.025806","7.167741935483871","537"
"12634230","12273","182","0.445054","0.115384","3.142857142857143","57"
"12637193","10972","129","0.441860","0.224806","1.6511627906976745","2"
"12647315","10495","48","0.645833","0.104166","1.5625","21"
"12671057","28163","365","0.134246","0.578082","9.934246575342465","113"
"12685768","11579","143","0.475524","0.230769","2.013986013986014","41"
"12704593","17337","182","0.697802","0.071428","2.2362637362637363","11"
"12738750","31167","172","0.639534","0.081395","10.529069767441861","22"
"12750353","14764","235","0.740425","0.102127","1.1574468085106382","15"
"12756381","11332","186","0.473118","0.182795","1.4838709677419355","49"
"12763954","20110","66","0.272727","0.378787","5.333333333333333","252"
"12806961","19049","71","0.183098","0.464788","0.19718309859154928","0"
"12816049","12063","67","0.104477","0.626865","0.08955223880597014","1"
"12833166","71857","480","0.464583","0.245833","0.5729166666666666","58"
"12848411","16183","554","0.555956","0.129963","0.5397111913357401","42"
"12894626","13649","17","0.411764","0.411764","3.235294117647059","1"
"12914833","11080","351","0.527065","0.145299","1.4786324786324787","72"
"12939557","53520","675","0.663703","0.088888","3.114074074074074","111"
"12957340","26753","301","0.538205","0.172757","1.2857142857142858","53"
"12993861","131636","1157","0.714779","0.071737","1.1063094209161626","592"
"13014172","10565","103","0.660194","0.145631","0.6699029126213593","2"
"13045193","22477","270","0.555555","0.148148","1.3592592592592592","69"
"13061224","10247","11","0.727272","0.000000","0.9090909090909091","0"
"13065781","32787","348","0.471264","0.192528","2.1235632183908044","5"
"13086128","31124","118","0.313559","0.364406","1.0169491525423728","550"
"13095326","25182","24","0.416666","0.333333","3.4166666666666665","86"
"13107804","35728","457","0.785557","0.015317","2.4070021881838075","56"
"13112018","13714","41","0.731707","0.048780","1.4390243902439024","18"
"13126651","12006","81","0.604938","0.074074","3.9012345679012346","61"
"13130697","51310","763","0.816513","0.026212","2.197903014416776","1497"
"13131047","15887","32","0.687500","0.093750","5.25","29"
"13138364","42322","158","0.525316","0.208860","1.9113924050632911","654"
"13175138","11135","17","0.529411","0.117647","1.4705882352941178","5"
"13211263","13347","428","0.705607","0.051401","0.8925233644859814","222"
"13250142","17351","14","0.571428","0.357142","2.857142857142857","23"
"13268855","23778","227","0.462555","0.158590","4.185022026431718","1744"
"13279831","19660","183","0.404371","0.284153","0.8306010928961749","91"
"13308991","10637","120","0.508333","0.166666","2.35","1"
"13321647","80274","1499","0.251501","0.379586","0.7018012008005337","53"
"13333279","21493","183","0.879781","0.010928","1.2622950819672132","1"
"13350652","11402","244","0.754098","0.028688","1.319672131147541","0"
"13376511","11170","228","0.451754","0.197368","1.9298245614035088","922"
"13382000","15129","70","0.671428","0.014285","7.414285714285715","70"
"13431819","26150","109","0.330275","0.348623","1.036697247706422","10"
"13434871","13032","159","0.503144","0.169811","7.440251572327044","84"
"13460602","53061","1120","0.318750","0.348214","0.8607142857142858","471"
"13464279","15317","124","0.774193","0.032258","0.6854838709677419","13"
"13464420","37073","249","0.823293","0.052208","0.40963855421686746","2"
"13473525","10492","6","0.166666","0.666666","0.6666666666666666","0"
"13513328","41662","269","0.457249","0.226765","1.453531598513011","176"
"13525512","12861","236","0.627118","0.105932","1.1652542372881356","25"
"13552470","27776","127","0.354330","0.377952","1.4960629921259843","124"
"13558035","12440","47","0.510638","0.148936","1.2765957446808511","1"
"13573444","15226","9","0.000000","0.444444","10","27"
"13583510","10365","170","0.470588","0.229411","5.229411764705882","4"
"13593736","18457","374","0.639037","0.090909","1.267379679144385","302"
"13596037","13199","11","0.545454","0.272727","11","14"
"13598222","19958","519","0.518304","0.165703","1.836223506743738","27"
"13762301","13055","183","0.371584","0.273224","10.185792349726777","377"
"13782669","33507","9","0.777777","0.222222","2.3333333333333335","3"
"13808319","12573","107","0.514018","0.121495","1.5327102803738317","9"
"13809001","10343","258","0.217054","0.496124","1.5852713178294573","1"
"13897065","11325","42","0.380952","0.238095","2.261904761904762","9"
"13899957","18017","45","0.355555","0.200000","8.266666666666667","16"
"13942448","53601","109","0.596330","0.128440","2.4128440366972477","34"
"13944524","17156","277","0.281588","0.375451","1.2707581227436824","783"
"13963086","12715","92","0.478260","0.228260","4.282608695652174","16"
"13997210","15339","348","0.261494","0.445402","1.4195402298850575","212"
"14072420","13327","265","0.400000","0.264150","4.773584905660377","511"
"14072498","11602","24","0.416666","0.041666","3.3333333333333335","12"
"14251221","32565","111","0.459459","0.198198","1.0810810810810811","66"
"14265469","14642","323","0.551083","0.086687","2.5479876160990713","23"
"14278448","13867","128","0.359375","0.312500","0.4375","6"
"14282714","43167","1186","0.413996","0.254637","0.9730185497470489","539"
"14305076","14853","76","0.578947","0.157894","2.3684210526315788","1"
"14311263","11434","252","0.384920","0.246031","2.5317460317460316","379"
"14314520","22078","123","0.211382","0.512195","2.3577235772357725","260"
"14349808","13188","24","0.208333","0.250000","2.5833333333333335","12"
"14351818","31736","25","0.560000","0.240000","5.72","83"
"14389830","20923","292","0.476027","0.232876","0.7705479452054794","316"
"14460824","25367","840","0.573809","0.105952","0.6642857142857143","922"
"14475852","11835","118","0.567796","0.127118","1.7203389830508475","95"
"14487032","16392","62","0.145161","0.596774","0.5161290322580645","2"
"14574199","16808","246","0.678861","0.073170","3.1951219512195124","149"
"14624409","16467","210","0.766666","0.023809","1.2095238095238094","17"
"14697693","15318","132","0.734848","0.060606","0.3181818181818182","1"
"14704799","15849","413","0.602905","0.113801","0.9951573849878934","0"
"14726230","10069","160","0.637500","0.062500","3.15625","9"
"14732669","15635","252","0.742063","0.075396","1.9325396825396826","410"
"14733292","19482","38","0.578947","0.078947","3.236842105263158","4"
"14807111","17872","677","0.221565","0.437223","1.2319054652880355","491"
"14868997","80847","1050","0.502857","0.149523","5.527619047619048","836"
"14969281","10006","325","0.686153","0.092307","1.3846153846153846","213"
"14991864","22410","31","0.580645","0.161290","24.483870967741936","82"
"15015675","19778","312","0.483974","0.163461","0.7724358974358975","18"
"15019380","15422","694","0.518731","0.109510","1.5187319884726225","13"
"15049264","12645","109","0.467889","0.220183","2.229357798165138","41"
"15207568","11476","91","0.681318","0.131868","1.7582417582417582","37"
"15239951","121494","2042","0.466209","0.197845","1.2277179236043094","258"
"15261315","38284","844","0.304502","0.324644","1.6729857819905214","1629"
"15273968","18504","180","0.327777","0.355555","1.4944444444444445","51"
"15288641","47685","608","0.422697","0.284539","1.075657894736842","1952"
"15293191","17044","699","0.314735","0.339055","0.5178826895565093","689"
"15332650","32755","796","0.410804","0.202261","3.557788944723618","513"
"15339544","67194","875","0.616000","0.108571","3.137142857142857","343"
"15497888","35851","42","0.333333","0.166666","7.833333333333333","2070"
"15602349","12464","133","0.451127","0.195488","0.6015037593984962","5"
"15649230","23173","264","0.693181","0.075757","2.3068181818181817","23"
"15969299","11671","166","0.819277","0.036144","1.6566265060240963","78"
"15997509","11363","438","0.824200","0.036529","0.2534246575342466","48"
"16002199","15459","50","0.560000","0.260000","2.76","31"
"16118686","11294","134","0.701492","0.074626","2.470149253731343","16"
"16120011","38315","379","0.527704","0.166226","0.8865435356200527","9"
"16343464","267603","5829","0.422027","0.218733","1.4390118373648997","1319"
"16372109","11397","437","0.169336","0.553775","0.585812356979405","84"
"16404872","10117","403","0.799007","0.039702","0.8833746898263027","145"
"16462950","18340","396","0.699494","0.045454","2.186868686868687","40"
"16466946","10295","30","0.533333","0.100000","5.933333333333334","2"
"16496357","10979","531","0.386064","0.269303","1.3408662900188324","808"
"16572295","17690","185","0.556756","0.135135","1.972972972972973","158"
"16578424","13513","310","0.558064","0.125806","2.632258064516129","287"
"16647496","19572","411","0.338199","0.323600","0.8077858880778589","696"
"16649550","14250","208","0.331730","0.288461","7.644230769230769","13"
"16729175","15163","237","0.383966","0.248945","0.6962025316455697","52"
"16733101","10047","261","0.655172","0.183908","2.7509578544061304","80"
"16759116","10903","14","0.142857","0.714285","1.2142857142857142","0"
"16853114","10795","404","0.631188","0.113861","1.5866336633663367","86"
"16930239","10161","162","0.654320","0.154320","0.4876543209876543","18"
"16997707","21225","879","0.463026","0.185437","0.9362912400455062","461"
"17167312","15600","155","0.638709","0.083870","3.206451612903226","10"
"17169037","17990","945","0.510052","0.154497","1.1174603174603175","168"
"17303805","17785","330","0.418181","0.230303","1.087878787878788","425"
"17438579","10203","318","0.688679","0.097484","1.7547169811320755","16"
"17455524","15442","278","0.719424","0.064748","2.762589928057554","6"
"17580381","29215","1234","0.229335","0.435170","2.2147487844408427","15"
"17623802","11977","162","0.691358","0.024691","0.7716049382716049","12"
"17732522","78449","830","0.650602","0.100000","4.789156626506024","296"
"17769815","19410","813","0.312423","0.338253","1.3997539975399753","870"
"17829451","17461","691","0.674384","0.109985","2.024602026049204","128"
"17865804","39369","326","0.561349","0.128834","0.8343558282208589","845"
"17887301","14178","110","0.372727","0.245454","0.5454545454545454","0"
"17896776","12603","317","0.593059","0.104100","1.4794952681388012","1"
"17949945","29359","998","0.332665","0.309619","1.6683366733466933","1999"
"18043665","23810","260","0.792307","0.023076","0.5461538461538461","81"
"18177989","12551","295","0.647457","0.054237","0.7593220338983051","0"
"18229928","17833","216","0.791666","0.037037","0.5185185185185185","4"
"18244921","26857","769","0.629388","0.102730","4.066319895968791","500"
"18345037","31560","322","0.698757","0.059006","1.5062111801242235","92"
"18359438","10287","454","0.555066","0.134361","0.9713656387665198","19"
"18470692","15304","385","0.493506","0.158441","1.2571428571428571","58"
"18482310","16103","513","0.697855","0.050682","1.838206627680312","120"
"18519921","37789","281","0.558718","0.181494","3.697508896797153","837"
"18836744","11863","182","0.818681","0.027472","1.0824175824175823","1"
"19039920","12309","307","0.534201","0.133550","0.8697068403908795","35"
"19123103","26519","238","0.193277","0.516806","0.07142857142857142","815"
"19133920","10638","271","0.516605","0.147601","0.933579335793358","40"
"19144428","11434","129","0.829457","0.046511","0.5038759689922481","12"
"19355181","24916","11","0.545454","0.090909","0.8181818181818182","0"
"19475185","10508","518","0.583011","0.123552","1.8108108108108107","47"
"19655631","27320","35","0.771428","0.085714","0.2857142857142857","3"
"19770795","20312","217","0.640552","0.115207","1.1612903225806452","106"