UserId,Reputation,AccountAgeDays,PreAnsCount,CompetenceProxy,StatusProxy,RelCommentRatio,RelEditsOthers,LastAnswerAfter,PostAnsTotal,PostComments,PostEdits
"33","30748","4869","5","0.4","0.4","1","6","2022-11-27 20:35:47","12","9","4"
"204","15556","4867","11","0.818181","0.090909","0.9090909090909091","1","","0","3","0"
"267","394414","4866","35","0.542857","0.171428","28.37142857142857","10","2022-08-03 20:04:02","21","408","14"
"404","25535","4865","30","0.466666","0.2","2.7333333333333334","11","","0","6","2"
"476","525454","4864","138","0.507246","0.23913","16.86231884057971","181","2022-11-29 09:16:47","85","1760","163"
"893","1006407","4860","9","0.333333","0.333333","1","2","2022-11-14 00:57:23","6","10","0"
"900","27203","4860","7","0.142857","0.285714","1.1428571428571428","0","2022-07-04 17:45:07","2","2","0"
"905","157200","4860","77","0.636363","0.142857","0.7142857142857143","16","","0","4","0"
"906","10534","4860","10","0.9","0.1","1.9","2","2022-03-23 07:13:10","1","1","0"
"1109","133210","4858","53","0.735849","0.018867","0.6792452830188679","4","2022-10-14 12:18:43","17","5","0"
"1199","244200","4857","10","0.9","0","0.5","2","2022-11-04 10:35:14","10","18","4"
"1288","407795","4856","121","0.454545","0.214876","0.6611570247933884","89","2022-11-28 14:49:12","84","36","24"
"1337","34259","4856","27","0.259259","0.222222","1.5925925925925926","2","2022-08-27 18:47:37","3","11","0"
"1338","89592","4856","286","0.783216","0.031468","10.374125874125873","25","2022-11-29 23:14:49","181","2388","19"
"1441","28660","4855","27","0.444444","0.185185","14.074074074074074","20","2022-08-09 19:55:18","7","144","12"
"1527","49577","4854","9","0.555555","0.222222","1.7777777777777777","1","2022-11-09 20:29:41","9","22","2"
"1831","125724","4852","52","0.903846","0.01923","1.3076923076923077","28","2022-10-13 07:26:59","6","4","1"
"1882","34142","4851","243","0.82716","0.020576","1.1522633744855968","32","2022-11-28 13:41:33","166","148","17"
"1891","30043","4851","9","0.777777","0.222222","0.4444444444444444","1","","0","0","0"
"1968","550439","4851","280","0.425","0.242857","4.207142857142857","2182","2022-11-29 19:47:57","83","646","625"
"2133","29263","4850","10","0.5","0.3","1.2","0","","0","0","0"
"2197","20867","4850","10","0.7","0","1.5","3","2022-11-09 18:48:13","3","12","2"
"2283","18138","4849","44","0.40909","0.25","1.4318181818181819","6","2022-10-26 10:40:04","10","16","1"
"2363","25381","4849","5","0.6","0","1.2","1","2022-09-29 14:45:34","1","1","1"
"2385","39534","4848","7","0.571428","0.142857","0.5714285714285714","1","2022-07-25 17:18:40","3","9","1"
"2684","27334","4846","77","0.480519","0.168831","4.688311688311688","4","2022-11-15 09:35:59","31","120","5"
"2688","156968","4846","5","0.4","0","1.4","7","2022-11-15 16:14:51","5","3","1"
"2988","371487","4844","174","0.390804","0.212643","2.5919540229885056","5","2022-11-26 08:20:40","79","197","1"
"2998","52820","4844","33","0.878787","0","1.0909090909090908","2","2022-11-28 13:36:19","46","52","3"
"3043","418880","4844","318","0.440251","0.194968","2.330188679245283","384","2022-11-29 22:23:07","379","801","495"
"3050","16879","4844","6","0.666666","0.166666","3","10","2022-04-20 15:33:24","1","2","2"
"3171","194781","4843","5","0.8","0","0","0","","0","0","0"
"3306","24987","4843","8","0.625","0","0.25","3","2022-07-20 08:13:57","1","0","1"
"3474","270885","4842","23","0.347826","0.521739","3.217391304347826","6","2022-11-23 21:06:57","71","155","19"
"3501","102623","4842","149","0.805369","0.013422","1.3825503355704698","0","2022-11-29 01:46:35","305","695","2"
"3571","101670","4841","7","0.285714","0.428571","1","2","2022-10-05 22:51:23","1","8","1"
"3820","72286","4839","6","0.5","0.166666","0.5","0","","0","2","0"
"3827","95920","4839","10","0.6","0.1","0.2","0","2022-02-05 23:59:14","1","3","0"
"3848","115937","4839","9","0.777777","0.111111","1.5555555555555556","7","2022-11-15 14:11:08","7","14","7"
"3937","89417","4838","8","0.75","0.25","2.5","1","2022-11-29 13:54:16","29","37","9"
"3978","53539","4838","7","0.857142","0","1","0","2022-08-16 09:27:44","5","3","0"
"4086","101188","4838","5","0.4","0.4","1.4","0","2022-11-19 12:42:36","5","2","0"
"4280","33285","4837","20","0.8","0.1","1.15","0","2022-10-18 15:41:55","11","4","0"
"4304","29620","4837","10","0.6","0.1","0.9","5","2022-10-18 00:00:40","12","16","3"
"4321","51981","4837","5","0.4","0.2","0.6","0","2022-09-24 15:44:10","4","2","2"
"4323","252763","4837","118","0.567796","0.127118","1.194915254237288","20","2022-11-27 13:21:59","92","112","16"
"4376","126930","4836","6","0","0.833333","2.3333333333333335","1","2022-06-28 14:51:40","1","3","0"
"4418","33583","4836","55","0.636363","0.090909","1.8363636363636364","93","2022-11-28 17:29:41","67","108","88"
"4494","16414","4835","25","0.76","0.12","0.68","2","2022-04-30 01:07:29","3","3","6"
"4509","18069","4835","6","0.333333","0","0.8333333333333334","25","2022-11-11 12:36:09","9","18","39"
"4510","27407","4835","35","0.771428","0.028571","0.7714285714285715","3","2022-11-17 08:30:07","22","10","4"
"4665","19934","4834","67","0.238805","0.373134","5.343283582089552","29","2022-11-28 05:06:08","44","227","25"
"4668","166572","4834","8","0.75","0.25","2.625","1","","0","7","0"
"4725","147722","4834","51","0.568627","0.156862","0.7450980392156863","8","2022-10-30 22:54:43","8","19","1"
"4782","37680","4834","5","0","0.6","0.2","0","2022-04-13 12:47:30","2","2","0"
"4794","56836","4834","9","0.444444","0.111111","1.3333333333333333","0","2022-08-11 23:38:52","5","9","0"
"4834","39664","4834","440","0.345454","0.322727","5.040909090909091","588","2022-11-26 20:33:09","265","2117","482"
"4931","10779","4833","7","0.571428","0.142857","0.42857142857142855","0","2022-11-02 00:05:23","2","5","0"
"5274","70830","4831","5","0.6","0.2","3","2","2022-10-12 23:57:51","6","11","6"
"5295","31908","4831","21","0.904761","0","3.4285714285714284","3","2022-11-07 22:58:28","9","30","0"
"5486","211524","4830","5","0.2","0.2","8","9","","0","5","0"
"5836","20331","4828","32","0.71875","0.0625","4.53125","5","2022-11-23 06:31:56","4","29","0"
"5852","12020","4828","7","0.714285","0","1.5714285714285714","2","2022-02-21 21:12:23","1","2","1"
"5921","36166","4828","43","0.465116","0.139534","1.5116279069767442","9","2022-11-19 22:59:22","17","44","7"
"5987","310449","4828","132","0.439393","0.242424","10.962121212121213","0","2022-11-27 05:17:10","142","1319","7"
"6216","35356","4826","14","0.642857","0.142857","0.7142857142857143","0","2022-10-29 18:41:51","15","6","1"
"6244","11290","4826","6","0.5","0.5","1.1666666666666667","17","2022-11-10 15:18:49","4","3","7"
"6264","35090","4826","7","0.428571","0.285714","0.7142857142857143","0","2022-10-27 21:16:47","9","5","0"
"6309","1370806","4826","1934","0.602378","0.181489","1.123578076525336","282","2022-11-29 22:32:05","1815","1826","227"
"6330","75117","4825","14","0.428571","0.285714","0.7142857142857143","0","","0","5","0"
"6365","14458","4825","5","0.8","0","1","1","2022-11-17 00:24:13","2","9","0"
"6366","23021","4825","5","1","0","1.2","0","2022-11-21 07:11:19","3","5","0"
"6509","171819","4824","59","0.745762","0.067796","2.7966101694915255","28","2022-11-29 10:33:45","53","128","23"
"6560","18728","4824","13","1","0","1.3076923076923077","1","2022-11-08 07:32:53","5","15","0"
"6568","48290","4824","21","0.238095","0.333333","2.761904761904762","7","2022-10-20 16:56:26","11","16","1"
"6610","41825","4824","7","0","0.571428","3.142857142857143","1","2022-10-17 14:52:38","12","33","5"
"6742","52516","4824","6","0.333333","0.666666","2.8333333333333335","1","2022-11-03 11:25:23","23","69","2"
"6782","341182","4824","27","0.481481","0.259259","5.074074074074074","0","2022-11-15 23:51:56","3","30","1"
"6899","96840","4824","17","0.352941","0.235294","1.1176470588235294","2","2022-11-01 17:03:39","2","9","0"
"6962","16404","4824","12","0.416666","0.583333","2.3333333333333335","0","2022-08-08 08:45:55","3","26","0"
"7231","69572","4824","112","0.357142","0.241071","1.4821428571428572","21","2022-11-25 17:09:52","37","37","5"
"7267","10449","4824","9","0.666666","0.111111","0.4444444444444444","0","2022-07-04 23:19:10","2","2","0"
"7426","47376","4824","58","0.413793","0.189655","9.017241379310345","23","2022-11-21 18:44:38","26","178","15"
"7432","389078","4824","614","0.711726","0.053745","3.281758957654723","367","2022-11-29 19:20:33","426","1360","274"
"7488","43009","4824","7","0.142857","0.857142","1","0","2022-10-15 16:55:13","5","9","0"
"7491","40529","4824","7","0.142857","0.428571","1.2857142857142858","0","2022-11-16 23:26:25","9","10","0"
"7532","49708","4824","9","0.888888","0","0.2222222222222222","0","2022-11-12 21:10:29","13","1","0"
"7552","249264","4824","464","0.299568","0.342672","1.834051724137931","49","2022-11-29 14:51:29","344","646","42"
"7586","138705","4824","8","0.375","0.25","3.5","16","2022-09-12 10:56:28","5","11","5"
"7671","70497","4824","10","0.5","0","0","0","2022-07-02 02:05:37","1","1","0"
"7734","29074","4824","6","0.333333","0.5","2.1666666666666665","6","2022-08-07 00:24:51","2","17","0"
"8002","43527","4824","5","0.2","0.2","1.4","0","2022-08-09 03:46:44","3","0","0"
"8116","24094","4824","53","0.830188","0","1.3018867924528301","4","2022-10-28 14:16:51","36","47","6"
"8127","14885","4824","27","0.592592","0.148148","2.4814814814814814","4","2022-11-26 08:07:43","141","204","38"
"8155","110493","4824","6","0.166666","0.5","1.5","2","","0","0","0"
"8206","277185","4824","103","0.718446","0.087378","0.8640776699029126","22","2022-07-07 18:31:46","2","5","2"
"8261","15590","4824","7","0.714285","0.142857","1.8571428571428572","1","2022-11-29 11:15:08","4","7","0"
"8279","79823","4824","15","0.533333","0","1","2","2022-11-09 06:16:31","3","2","0"
"8388","10424","4824","5","0.4","0.6","2.8","0","2022-09-04 22:15:31","2","4","0"
"8438","15479","4824","5","0","0.4","1.8","0","2022-05-17 06:38:23","3","5","0"
"8446","92744","4824","7","0.571428","0","0.7142857142857143","3","2022-11-25 14:18:12","30","54","20"
"8454","94331","4824","39","0.230769","0.358974","4.9743589743589745","84","2022-11-26 15:53:22","100","330","177"
"8479","42267","4824","16","0.4375","0.25","3.75","5","2022-11-26 20:47:20","17","59","8"
"8877","11009","4824","8","0.375","0.375","0","397","","0","0","7"
"8922","74583","4824","37","0.432432","0.162162","2.6486486486486487","1","2022-11-22 14:24:58","15","58","0"
"8976","26551","4824","157","0.55414","0.171974","0.7197452229299363","651","2022-11-17 09:28:53","13","9","25"
"9204","171721","4824","103","0.427184","0.213592","1.883495145631068","1","2022-11-25 20:12:38","34","57","1"
"9539","10614","4824","5","0","0.6","0.2","1","2022-04-11 16:00:21","2","0","1"
"9604","11746","4824","42","0.571428","0.142857","6.523809523809524","70","2022-09-23 19:47:13","9","159","41"
"9636","32424","4824","5","0.4","0.6","2.2","3","2022-10-06 18:16:43","4","7","4"
"9642","20674","4824","12","0.416666","0.5","3","0","2022-07-14 22:35:57","5","10","2"
"9664","38526","4824","27","0.481481","0.185185","3.111111111111111","16","2022-11-19 17:00:17","25","120","23"
"9922","47121","4824","94","0.702127","0.010638","0.9361702127659575","11","2022-11-27 23:05:04","127","96","20"
"9950","13188","4824","7","0.571428","0.142857","0.5714285714285714","0","2022-07-05 15:57:30","3","5","0"
"10077","62402","4824","28","0.392857","0.25","17.357142857142858","32","2022-04-20 13:47:59","2","157","12"
"10138","14001","4824","10","0.5","0.2","0.4","0","2022-07-28 16:21:48","1","2","0"
"10238","42218","4824","80","0.7375","0.0625","1.7625","33","2022-10-25 08:36:16","64","69","16"
"10245","12085","4824","5","0.4","0.2","2.6","3","2022-03-09 12:24:07","1","13","0"
"10263","130667","4824","68","0.705882","0.073529","1.9852941176470589","121","","0","3","2"
"10320","95762","4824","16","0.5","0.25","1.0625","1","","0","0","0"
"10335","40611","4824","55","0.254545","0.527272","0.6363636363636364","5","2022-10-24 20:49:56","19","26","5"
"10397","232752","4824","215","0.623255","0.08372","4.134883720930232","58","2022-11-15 18:21:44","54","218","11"
"10431","44482","4824","40","0.4","0.35","4.2","12","2022-11-02 02:27:27","2","8","0"
"10508","15353","4824","93","0.591397","0.075268","1.5698924731182795","0","2022-11-14 18:54:53","19","58","0"
"10527","50278","4824","575","0.707826","0.05913","1.6695652173913043","0","2022-11-29 03:56:12","639","754","1"
"10779","14459","4823","5","0.6","0","0.8","3","","0","0","0"
"11002","11635","4823","182","0.554945","0.208791","9.153846153846153","73","2022-11-27 03:49:17","87","1338","28"
"11047","14882","4823","50","0.62","0.08","1.54","18","2022-11-23 14:52:44","20","26","1"
"11182","64105","4823","80","0.7125","0.0375","15.25","28","2022-11-24 19:01:10","68","1228","83"
"11343","91534","4823","11","0","1","1.0909090909090908","8","2022-02-23 13:20:58","1","2","3"
"11527","42090","4823","10","0.2","0.5","3.4","4","2022-11-28 17:02:37","18","29","1"
"11635","62305","4823","7","0.285714","0.285714","6.857142857142857","63","2022-10-25 16:31:00","16","100","71"
"11654","182083","4823","11","0.90909","0","5.090909090909091","1","","0","9","0"
"11683","78994","4823","38","0.526315","0.078947","41.86842105263158","582","2022-08-24 22:11:19","9","588","217"
"11799","23452","4823","7","0.571428","0.142857","0.5714285714285714","2","2022-02-04 09:00:48","9","5","2"
"11940","18570","4823","9","0.333333","0.111111","1.3333333333333333","4","2022-10-03 23:27:05","4","7","1"
"12280","28836","4823","11","0.363636","0.090909","2","1","2022-08-12 13:22:40","1","7","0"
"12484","27266","4823","6","0.333333","0.5","4.333333333333333","13","2022-11-14 15:51:27","12","27","20"
"12534","18643","4823","9","0.111111","0.666666","1.5555555555555556","2","2022-11-09 14:39:31","9","6","0"
"12597","259916","4823","51","0.45098","0.254901","2.0784313725490198","58","2022-11-26 19:52:33","48","223","99"
"12631","24670","4823","9","0.666666","0.111111","2.888888888888889","0","2022-07-22 07:21:47","4","17","0"
"12711","342597","4823","8","0.375","0.25","4","1","2022-06-18 18:32:24","2","10","0"
"12890","20753","4823","16","0.1875","0.5","0.4375","2","2022-05-06 18:22:53","1","5","1"
"12958","13755","4823","8","0.375","0.125","8.125","5","2022-11-21 04:05:06","8","53","0"
"13000","38553","4823","5","0.2","0.6","2","1","2022-11-09 11:49:16","2","9","1"
"13022","20644","4823","5","0.6","0","2.6","1","2022-09-20 09:22:15","4","3","1"
"13070","203621","4823","312","0.669871","0.083333","2.8653846153846154","94","2022-11-29 21:45:07","516","1372","234"
"13136","10918","4823","12","0.333333","0.666666","0.8333333333333334","0","","0","2","1"
"13302","760925","4823","141","0.588652","0.092198","7.787234042553192","27081","2022-11-23 16:11:09","68","600","18918"
"13317","25874","4823","5","0.4","0.2","13.4","23","2022-11-29 22:31:09","8","34","20"
"13365","16784","4823","13","0.461538","0.538461","0.7692307692307693","4","2022-10-28 06:59:06","7","8","2"
"13422","54805","4823","45","0.311111","0.266666","3.6444444444444444","5","","0","0","0"
"13447","48281","4823","61","0.704918","0.04918","4.819672131147541","908","2022-11-25 14:20:39","70","265","590"
"13508","147541","4823","65","0.492307","0.2","9.923076923076923","90","2022-11-28 17:23:14","53","449","73"
"13663","119522","4823","14","0.642857","0.071428","1.6428571428571428","0","","0","10","0"
"13687","25298","4823","26","0.76923","0.038461","1.1153846153846154","5","2022-11-07 21:35:02","21","32","1"
"13860","80736","4823","67","0.582089","0.089552","10.552238805970148","4036","2022-11-07 16:45:41","12","69","220"
"14065","267212","4823","73","0.369863","0.287671","4.876712328767123","14","2022-10-04 18:00:57","28","148","4"
"14104","207848","4823","346","0.367052","0.268786","8.11271676300578","59","2022-11-28 20:49:06","237","1954","88"
"14122","298357","4823","294","0.530612","0.163265","18.921768707482993","391","2022-11-21 21:28:37","261","4909","335"
"14131","22565","4823","11","0.181818","0.545454","0.2727272727272727","22","2022-11-08 03:51:47","5","9","19"
"14149","15891","4823","9","0.888888","0","0.2222222222222222","0","2022-06-12 23:19:48","2","0","0"
"14343","378860","4823","16","0.75","0.0625","2.625","0","2022-11-22 10:37:38","26","25","0"
"14357","121082","4823","75","0.466666","0.213333","3.2","28","2022-11-24 09:14:16","60","217","27"
"14419","67799","4823","166","0.777108","0.054216","1.3132530120481927","180","2022-11-29 14:54:19","181","201","195"
"14420","18374","4823","7","0.285714","0.571428","2","1","2022-10-28 18:39:41","1","15","0"
"14455","18275","4822","18","0.222222","0.5","3.5555555555555554","4","2022-10-25 09:43:50","6","29","0"
"14558","35439","4822","19","0.157894","0.789473","1.2105263157894737","1","2022-10-02 19:10:36","5","12","0"
"14637","183735","4822","181","0.486187","0.198895","2.955801104972376","43","2022-11-29 12:14:05","212","638","57"
"14660","167658","4822","330","0.612121","0.093939","2.293939393939394","73","2022-11-29 18:04:01","268","694","42"
"14731","91020","4822","6","0.166666","0.5","5","1","2022-09-29 03:45:37","9","53","8"
"14768","43754","4822","229","0.641921","0.12227","1.965065502183406","43","2022-11-26 22:54:54","67","193","38"
"14860","890714","4822","252","0.484126","0.242063","1.3492063492063493","73","2022-11-29 13:06:32","82","195","25"
"14955","264019","4822","25","0.44","0.28","5.44","1","2022-09-30 08:06:46","4","13","0"
"15168","761286","4822","150","0.593333","0.173333","13.56","1425","2022-11-28 19:50:26","207","2259","2554"
"15275","22913","4822","69","0.623188","0.072463","1.0724637681159421","1","2022-11-23 22:05:44","41","38","4"
"15393","37422","4822","20","0.45","0.25","4.35","17","","0","0","0"
"15410","22494","4822","12","0.916666","0.083333","1.9166666666666667","6","2022-06-29 15:50:29","5","19","5"
"15416","181945","4822","220","0.513636","0.2","3.609090909090909","46","2022-11-28 13:26:12","178","653","45"
"15459","41312","4822","11","0.545454","0.363636","1.3636363636363635","0","2022-03-29 14:51:53","1","5","1"
"15472","18060","4822","48","0.520833","0.25","2.6666666666666665","18","2022-11-25 08:57:24","25","39","8"
"15498","241132","4822","50","0.54","0.18","20.18","32","2022-10-25 13:56:45","19","545","10"
"15754","16584","4822","14","0.857142","0","12.142857142857142","56","2022-11-16 02:29:26","7","146","25"
"15809","135509","4822","41","0.243902","0.463414","1.8780487804878048","6","2022-11-04 15:33:37","11","22","1"
"15862","24270","4822","8","0.5","0.5","1.125","3","2022-11-17 18:22:41","9","6","2"
"15934","33266","4822","9","0.888888","0","1.8888888888888888","1","2022-11-24 18:36:43","2","1","0"
"16007","72395","4822","99","0.424242","0.141414","9.16161616161616","89","2022-11-28 15:04:48","58","437","44"
"16012","38949","4822","21","0.333333","0.428571","4","1","","0","10","0"
"16076","301775","4822","18","0.722222","0.166666","20.72222222222222","44","2022-08-11 11:37:40","6","194","18"
"16082","32248","4822","5","0.6","0.4","4.2","4","2022-08-24 16:41:24","1","9","2"
"16241","83520","4822","19","0.736842","0.157894","3.789473684210526","2","2022-09-28 20:27:46","4","17","0"
"16287","65985","4822","113","0.39823","0.283185","7.734513274336283","124","2022-11-18 21:29:09","54","842","98"
"16361","14161","4822","28","0.821428","0.035714","1.3928571428571428","4","2022-10-22 11:40:13","1","6","0"
"16363","108842","4822","41","0.853658","0","1.0975609756097562","6","","0","1","0"
"16391","19642","4822","9","0","0.555555","9.333333333333334","3","2022-07-11 00:05:13","1","9","0"
"16406","127709","4822","238","0.470588","0.172268","1.4327731092436975","7","2022-11-28 18:52:39","154","279","7"
"16582","21096","4822","137","0.576642","0.167883","2.124087591240876","70","2022-11-28 18:18:38","139","371","73"
"16673","34718","4822","14","0.285714","0.142857","3.642857142857143","10","2022-06-30 18:04:59","5","15","6"
"16940","147296","4822","103","0.048543","0.757281","2.563106796116505","11","2022-11-12 03:37:59","32","93","3"
"17300","14859","4821","22","0.272727","0.363636","8.681818181818182","62","2022-11-29 17:53:16","14","96","17"
"17389","99324","4821","206","0.461165","0.174757","3.8058252427184467","157","2022-11-29 19:39:17","126","665","23"
"17447","55584","4821","54","0.351851","0.351851","1.3888888888888888","116","2022-11-29 10:03:19","38","76","30"
"17833","95507","4821","8","0.75","0","5.125","2","2022-11-07 09:34:30","4","11","0"
"18071","24563","4821","6","0.666666","0.166666","0.16666666666666666","0","","0","0","1"
"18157","87098","4821","81","0.530864","0.185185","5.012345679012346","87","2022-11-07 00:37:08","29","298","73"
"18243","48483","4821","11","0.818181","0","2","4","2022-10-12 14:46:07","12","22","0"
"18627","88189","4820","647","0.704791","0.072642","1.5826893353941267","770","2022-11-29 13:38:11","441","728","733"
"18747","133390","4820","42","0.642857","0.071428","1.5714285714285714","18","2022-10-19 08:54:30","5","6","1"
"18771","339734","4820","256","0.667968","0.089843","4.4453125","191","2022-05-11 08:14:24","73","416","86"
"18938","11774","4820","9","0.333333","0.333333","3.2222222222222223","1","2022-08-17 15:07:42","3","4","1"
"19068","949298","4820","1204","0.57475","0.135382","1.9277408637873754","129","2022-11-29 21:47:53","1074","2596","167"
"19165","30041","4820","7","0.857142","0","0.2857142857142857","1","2022-08-19 21:50:22","40","29","3"
"19410","97351","4819","26","0.230769","0.423076","1.6538461538461537","6","2022-05-05 05:45:59","2","9","0"
"19818","13464","4818","53","0.547169","0.132075","0.9622641509433962","7","2022-11-03 16:45:52","2","9","0"
"19851","33499","4818","8","0.125","0.5","2.125","4","","0","2","0"
"19937","19020","4818","32","0.46875","0.1875","2.75","1","2022-11-20 12:00:24","13","30","0"
"20270","36782","4817","9","0.666666","0.222222","16.333333333333332","6","2022-10-23 10:50:50","9","69","3"
"20371","11735","4817","11","0.727272","0.181818","2.3636363636363638","1","2022-02-14 16:37:44","1","9","0"
"20471","51678","4817","6","0.5","0.5","3","4","2022-05-24 21:14:17","1","27","0"
"20520","19503","4820","8","0.125","0.625","1.625","0","2022-04-17 10:12:04","1","8","2"
"20553","25547","4817","8","0.5","0","1.125","4","2022-11-20 22:58:26","7","13","2"
"20654","200099","4817","19","0.368421","0.473684","2.1578947368421053","8","2022-11-18 00:37:22","29","47","6"
"20670","337773","4817","15","0.333333","0.333333","2.466666666666667","6","2022-07-13 13:15:01","2","25","4"
"20860","568659","4816","782","0.664961","0.081841","1.514066496163683","448","2022-11-29 15:47:07","886","1567","472"
"20869","10224","4816","10","0.6","0","1","0","2022-03-03 21:58:52","10","17","0"
"20977","20628","4816","12","0.666666","0.166666","1.0833333333333333","6","2022-08-24 00:12:36","10","11","3"
"21061","34795","4816","13","0.384615","0.153846","2.4615384615384617","0","2022-11-11 16:31:50","4","17","0"
"21062","43845","4816","6","1","0","3.5","1","2022-04-07 16:39:07","1","3","1"
"21115","18190","4816","7","0.285714","0.285714","1.4285714285714286","2","2022-10-22 00:33:12","8","2","0"
"21501","25340","4815","12","0.166666","0.333333","1.8333333333333333","10","2022-09-02 09:58:02","7","21","6"
"21567","49652","4815","19","0.473684","0.315789","3.473684210526316","7","2022-11-22 17:08:52","25","105","9"
"21679","17986","4815","11","0.181818","0.545454","1.8181818181818181","0","","0","0","0"
"21698","27013","4815","16","0.375","0.1875","0.4375","12","2022-11-09 16:36:54","9","1","7"
"21945","87624","4814","204","0.406862","0.328431","1.6176470588235294","33","","0","0","0"
"21974","53183","4814","40","0.675","0.15","2.35","4","2022-11-28 10:27:28","19","50","5"
"22147","36672","4814","55","0.854545","0.036363","2.109090909090909","4","2022-11-01 10:01:13","13","59","0"
"22194","23244","4814","5","0.2","0.6","3.4","0","2022-11-26 00:02:18","13","47","0"
"22483","44993","4813","234","0.465811","0.200854","2.58974358974359","2","2022-11-28 05:13:51","92","423","4"
"22514","42470","4813","5","0.8","0.2","0","0","","0","0","0"
"22656","1527420","4813","202","0.638613","0.084158","10.242574257425742","84","2022-11-28 09:35:03","185","1782","77"
"22820","17472","4813","6","0","0.833333","5","3","2022-09-01 05:10:15","3","17","1"
"22982","59794","4812","12","1","0","1.4166666666666667","0","2022-11-02 10:33:04","17","17","8"
"23023","10172","4812","8","0.375","0.625","2.5","5","2022-08-15 09:29:36","2","5","2"
"23028","25322","4812","9","0.666666","0","0.3333333333333333","2","2022-08-28 08:56:25","4","1","4"
"23118","28650","4811","9","0.333333","0.111111","3.2222222222222223","13","2022-11-28 12:35:39","33","55","25"
"23235","14296","4811","17","0.823529","0","1.1764705882352942","0","2022-11-29 22:07:39","10","8","0"
"23264","29905","4811","12","0.75","0","0.5833333333333334","3","2022-11-09 14:05:22","4","6","0"
"23354","1072321","4810","480","0.666666","0.104166","2.93125","26","2022-11-28 09:45:26","152","380","8"
"23528","191995","4810","39","0.564102","0.102564","14.717948717948717","172","2022-11-24 00:09:49","34","772","346"
"23567","31195","4810","16","0.5625","0.1875","1.375","0","2022-11-28 08:09:40","16","18","4"
"23574","33560","4810","10","0.5","0.2","16","14","2022-10-01 16:42:32","6","46","2"
"23633","28362","4809","33","0.727272","0.121212","2.090909090909091","17","2022-11-22 23:29:53","28","28","10"
"23649","119539","4809","26","0.423076","0.230769","4.846153846153846","19","2022-11-12 01:19:16","5","28","7"
"23669","15247","4809","66","0.636363","0.090909","0.803030303030303","3","2022-09-15 23:53:04","11","16","0"
"24054","104344","4808","92","0.652173","0.141304","1.2608695652173914","9","","0","2","0"
"24718","44188","4806","8","0","1","2.25","0","2022-11-11 09:56:46","29","71","3"
"24874","313776","4806","68","0.5","0.294117","1.2205882352941178","37","2022-11-17 09:55:56","13","36","8"
"25071","28846","4805","17","0.647058","0.17647","1.1764705882352942","2","2022-11-15 00:53:24","29","30","4"
"25122","35460","4805","21","0.571428","0.047619","0.7142857142857143","9","2022-10-12 19:21:21","2","2","3"
"25124","42953","4805","46","0.608695","0.195652","0.6739130434782609","0","2022-10-06 15:41:31","20","12","1"
"25216","45536","4804","24","0.5","0.25","1.4583333333333333","5","2022-03-01 02:22:33","1","2","1"
"25282","26527","4804","22","0.545454","0.227272","1.8636363636363635","4","","0","0","0"
"25324","109767","4804","130","0.315384","0.36923","8.461538461538462","46","2022-10-15 09:53:27","52","567","19"
"25427","11975","4803","6","0.666666","0.333333","0","0","2022-06-17 06:19:31","1","0","1"
"25507","58807","4803","8","0","0.625","1.625","6","2022-11-11 21:05:10","10","6","3"
"25714","35457","4802","6","0.333333","0.5","2.5","1","2022-08-08 03:31:16","6","11","1"
"26004","37255","4801","19","0.736842","0.052631","1.0526315789473684","21","2022-11-10 15:28:54","27","83","50"
"26051","54743","4801","19","0.68421","0","0.7368421052631579","0","2022-09-20 09:19:58","2","3","3"
"26133","28120","4801","21","0.95238","0","0.6666666666666666","0","2022-10-26 03:35:27","8","12","0"
"26286","27635","4801","24","0.25","0.625","4.166666666666667","2","2022-09-02 07:42:22","5","27","0"
"26396","61171","4800","41","0.536585","0.09756","0.5853658536585366","26","2022-02-25 16:17:47","3","4","4"
"26406","48211","4800","15","0.8","0.133333","1.9333333333333333","3","2022-11-27 00:58:28","18","28","3"
"26414","42355","4800","14","0.571428","0.071428","1.9285714285714286","2","2022-03-23 11:46:50","1","0","0"
"26510","73662","4800","17","0.17647","0.705882","1.8235294117647058","11","2022-10-13 14:18:02","16","18","6"
"26833","48772","4799","27","0.666666","0.037037","2.6296296296296298","0","2022-10-29 08:11:24","44","96","1"
"27009","100800","4798","13","0.692307","0.230769","0.6923076923076923","3","2022-08-21 14:27:01","4","1","0"
"27194","14122","4797","9","0.666666","0","2","1","2022-11-02 05:08:51","9","18","2"
"27204","78976","4797","12","0.5","0.083333","2.5833333333333335","0","","0","0","0"
"27358","51812","4796","19","0.052631","0.578947","2.210526315789474","13","2022-11-16 21:51:12","10","8","1"
"27439","103290","4796","6","0.5","0.333333","2.1666666666666665","1","2022-05-17 21:41:19","1","3","0"
"27491","36615","4796","60","0.6","0.116666","1.3","1","2022-11-28 09:52:36","34","53","1"
"27678","41475","4795","37","0.567567","0.189189","5.486486486486487","20","2022-11-14 18:57:31","14","93","5"
"27905","20126","4795","60","0.583333","0.083333","5.3","53","2022-11-14 19:37:54","46","302","47"
"28004","75554","4795","18","0.611111","0.166666","5","5","2022-06-21 18:47:25","3","17","3"
"28128","88210","4794","68","0.529411","0.17647","1.6029411764705883","5","2022-11-28 17:49:22","138","325","20"
"28169","402237","4794","26","0.615384","0.192307","0.8076923076923077","9","2022-11-29 13:09:21","21","28","1"
"28360","15228","4794","27","0.666666","0.185185","0.9629629629629629","25","2022-06-02 17:56:50","3","3","6"
"28376","73570","4794","465","0.836559","0.017204","1.832258064516129","126","2022-09-16 01:13:16","415","806","135"
"29125","14948","4792","5","0.2","0.6","3.6","2","2022-06-22 17:27:46","4","16","0"
"30038","91043","4788","22","0.045454","0.863636","0.22727272727272727","4","2022-10-28 15:34:36","10","5","0"
"30447","29603","4787","8","0.5","0.375","4.75","2","2022-11-14 20:05:05","14","47","3"
"30594","13266","4786","10","0.1","0.5","6","2","2022-11-26 11:32:23","2","8","1"
"30674","87647","4786","7","0.571428","0.142857","6.285714285714286","2","2022-04-28 13:19:28","1","7","1"
"30946","47159","4786","9","0.222222","0.333333","6.555555555555555","5","2022-10-21 21:34:21","7","51","8"
"30997","11882","4786","7","0.285714","0.142857","0.8571428571428571","1","2022-08-18 21:15:25","1","0","0"
"31520","17066","4783","25","0.8","0","1.88","0","2022-10-26 15:07:07","4","16","0"
"31569","89575","4783","5","0.4","0.4","0.8","11","2022-09-14 07:23:23","5","4","22"
"31615","51861","4783","36","0.472222","0.166666","0.8611111111111112","2","2022-04-12 14:19:22","13","9","0"
"31667","34375","4782","8","0.375","0.25","2.75","1","2022-06-20 12:33:34","1","13","0"
"32090","65011","4781","7","0.285714","0","1.4285714285714286","2","2022-11-23 19:02:13","5","15","1"
"32453","67968","4780","47","0.148936","0.574468","3.297872340425532","105","2022-11-01 04:20:28","10","62","27"
"32538","31087","4780","39","0.282051","0.487179","1.7179487179487178","1","2022-07-07 19:06:00","2","0","0"
"32771","10167","4779","55","0.70909","0.127272","1.018181818181818","1","2022-10-27 19:31:40","18","18","1"
"32809","15686","4779","9","0.777777","0.111111","1.5555555555555556","1","2022-08-17 14:49:18","5","12","0"
"32880","110101","4779","19","0.631578","0.052631","41.89473684210526","105","2022-11-11 14:34:45","5","504","15"
"33051","27078","4778","7","0.142857","0.142857","3.4285714285714284","9","2022-11-03 01:41:49","5","12","8"
"33052","13774","4778","11","0.454545","0.181818","0.5454545454545454","0","2022-11-18 02:30:37","3","4","0"
"33252","41450","4778","7","0.714285","0.142857","1.2857142857142858","1","","0","0","0"
"33264","33302","4777","20","0.65","0","1.3","113","2022-05-15 14:40:10","4","17","36"
"33404","16961","4776","5","0.6","0.2","4.8","11","2022-07-18 09:01:55","4","12","2"
"33518","243764","4776","115","0.608695","0.147826","0.808695652173913","2","2022-11-28 08:08:03","72","35","2"
"33522","76311","4775","14","0.428571","0.285714","13.857142857142858","0","2022-11-24 13:05:02","49","387","1"
"33663","24793","4775","5","0.6","0.2","2.2","0","","0","1","0"
"33795","20890","4775","27","0.74074","0.037037","0.5555555555555556","0","2022-11-24 04:09:04","16","5","0"
"33796","60833","4775","7","0.571428","0.142857","7","0","2022-09-21 20:56:36","8","19","4"
"34088","330419","4774","9","0.666666","0.111111","2.6666666666666665","3","2022-11-16 09:00:49","15","15","2"
"34092","24091","4774","17","0.529411","0.235294","122.3529411764706","36","2022-09-09 06:04:04","2","14","1"
"34372","10427","4774","8","0.625","0.25","2.25","0","2022-11-22 21:00:35","5","20","0"
"34586","19344","4773","22","0.590909","0.136363","2.727272727272727","0","2022-08-17 07:59:28","5","6","1"
"34771","21476","4773","20","0.45","0.15","1.1","28","2022-08-17 09:17:48","1","0","0"
"34824","64956","4773","55","0.181818","0.50909","0.6727272727272727","9","2022-11-29 17:11:44","59","70","21"
"34935","21763","4772","8","0.625","0.25","14.125","24","2022-11-17 21:27:50","10","21","13"
"35306","15910","4772","19","0.315789","0.368421","0.47368421052631576","3","2022-09-16 09:23:14","1","0","0"
"35690","92928","4770","27","0.37037","0.333333","0.7407407407407407","3","2022-07-17 23:50:20","7","14","5"
"35777","10621","4770","10","0.3","0.3","18.6","1","2022-11-16 14:49:39","3","98","3"
"36305","244467","4768","13","0.153846","0.307692","2.3076923076923075","7","2022-11-11 23:07:36","28","44","10"
"36498","19484","4767","65","0.830769","0","2.2153846153846155","20","2022-03-21 13:23:04","3","13","1"
"37213","309741","4793","43","0.44186","0.16279","5.674418604651163","12","2022-11-25 23:22:07","52","269","6"
"37532","12902","4764","7","0.285714","0.285714","0.42857142857142855","3","","0","0","0"
"37843","47025","4764","20","0.45","0.2","3.45","7","2022-11-10 02:05:51","4","22","1"
"38024","19666","4762","16","0.6875","0.0625","1","3","2022-11-28 06:36:53","24","42","7"
"38207","27538","4761","19","0.368421","0.210526","0.2631578947368421","0","2022-02-14 11:36:42","2","1","0"
"38333","16669","4761","15","0.533333","0.2","0.9333333333333333","0","2022-11-22 07:45:45","10","6","0"
"38368","18305","4761","40","0.25","0.375","2.675","30","2022-11-09 11:00:00","8","48","15"
"38522","56157","4760","9","0.111111","0.444444","1","0","2022-11-29 16:59:24","80","144","8"
"38626","48981","4760","11","0.363636","0.545454","0.2727272727272727","2","2022-02-22 02:00:02","2","4","0"
"38813","24215","4759","8","0.625","0.125","0.75","0","2022-03-17 23:37:56","1","1","0"
"39094","10375","4759","100","0.58","0.09","0.96","19","2022-05-11 21:15:23","3","10","1"
"39242","19926","4758","17","0.352941","0.294117","2.8823529411764706","3","2022-10-03 05:25:55","6","17","1"
"39992","90466","4755","6","0","1","0.3333333333333333","1","2022-10-05 03:28:36","4","3","4"
"40013","40824","4755","38","0.68421","0.052631","0.9473684210526315","0","2022-10-05 03:15:20","31","21","0"
"40015","26262","4755","16","0.6875","0.0625","3.5625","89","2022-07-20 16:29:31","11","52","63"
"40064","27359","4755","124","0.717741","0.088709","2.0483870967741935","14","2022-11-18 07:09:31","44","73","3"
"40161","18930","4754","11","0.363636","0.363636","0.6363636363636364","0","","0","0","0"
"40342","309669","4754","167","0.60479","0.1497","8.544910179640718","558","2022-11-29 09:17:06","44","557","228"
"40468","54161","4753","80","0.6375","0.0375","0.9625","18","2022-11-24 18:26:14","70","58","16"
"40521","219870","4753","8","0.75","0.125","4.375","1","","0","6","0"
"40691","12009","4753","6","0.333333","0.666666","6.833333333333333","0","2022-11-05 08:07:15","13","40","0"
"40851","25581","4753","41","0.219512","0.219512","2.073170731707317","16","2022-11-08 16:01:17","19","52","10"
"41116","151936","4752","59","0.576271","0.118644","1.4406779661016949","25","","0","0","0"
"41283","42610","4751","6","0.166666","0.333333","0.6666666666666666","6","2022-09-23 10:31:46","2","4","1"
"41360","107574","4751","17","0.352941","0.235294","5.294117647058823","1","2022-10-26 09:16:13","1","13","0"
"41403","13798","4751","39","0.564102","0.076923","2.0256410256410255","37","2022-09-01 15:26:57","5","13","10"
"41410","16376","4751","12","0.25","0.416666","1","0","2022-11-26 06:45:37","38","11","0"
"41455","19060","4751","5","0.8","0","0.2","0","2022-04-12 21:51:39","2","4","0"
"42126","39709","4747","6","0.833333","0.166666","6.833333333333333","0","2022-09-13 11:27:49","3","59","0"
"42346","170832","4746","44","0.75","0.068181","7.25","27","2022-02-17 03:30:01","4","41","2"
"42585","84673","4746","61","0.540983","0.14754","3.180327868852459","8","2022-11-27 20:10:19","56","200","7"
"42659","10975","4746","47","0.297872","0.425531","0.7659574468085106","13","2022-10-24 15:57:35","35","34","23"
"43615","12507","4743","17","0.294117","0.411764","2.0588235294117645","11","2022-08-30 11:42:15","5","32","35"
"43681","84170","4743","6","0.333333","0.666666","3.5","4","2022-09-08 09:56:02","5","13","2"
"43832","71291","4743","56","0.678571","0.035714","1.6428571428571428","2","2022-11-04 21:09:11","33","75","6"
"43846","73772","4743","13","0.692307","0.230769","25.76923076923077","183","2022-04-27 15:11:34","1","232","171"
"43992","26733","4742","162","0.450617","0.179012","1.1049382716049383","39","2022-11-29 22:13:01","580","576","218"
"44041","33868","4741","8","0.5","0.375","0.625","0","2022-10-22 11:27:53","2","1","0"
"44264","17010","4740","8","0.625","0.125","1.5","0","2022-08-07 14:35:27","6","5","0"
"44729","52294","4739","31","0.870967","0.064516","4.387096774193548","924","2022-11-09 18:26:27","23","103","1357"
"45091","39185","4738","15","0.6","0.2","2.8","0","2022-10-09 04:13:36","44","114","4"
"45112","18793","4738","7","0.571428","0.285714","0.5714285714285714","1","2022-06-24 23:11:21","15","12","16"
"45249","68131","4737","5","0.2","0.6","3.8","3","2022-11-17 10:58:27","13","36","2"
"45375","456049","4737","1042","0.540307","0.125719","1.7696737044145874","728","2022-11-29 00:21:14","1040","2060","724"
"45685","36155","4736","23","0.347826","0.347826","3.4347826086956523","0","2022-09-05 06:07:45","11","68","0"
"45756","15883","4736","7","0.714285","0","1.2857142857142858","0","2022-10-25 21:04:40","12","4","0"
"45978","17174","4735","22","0.40909","0.272727","1.4545454545454546","0","2022-07-29 01:03:23","7","14","0"
"46194","44841","4734","6","0","0.833333","1.3333333333333333","1","2022-09-23 19:56:43","1","7","0"
"46207","19281","4734","11","0.363636","0.363636","12.818181818181818","9","2022-09-07 09:59:04","9","174","13"
"46239","12936","4733","5","0.6","0.2","6","5","2022-08-18 21:06:31","8","30","0"
"46914","92423","4731","10","0.5","0.3","2.2","30","2022-11-12 09:13:16","17","21","34"
"47161","34664","4731","6","0.666666","0","1.5","0","2022-08-11 09:02:40","2","2","0"
"47351","19880","4730","11","0.545454","0.272727","1.4545454545454546","1","2022-10-12 12:11:17","4","1","1"
"47453","82433","4730","112","0.4375","0.214285","1.3571428571428572","176","2022-11-24 17:41:07","30","44","79"
"47529","125020","4730","5","0.8","0.2","0.4","0","2022-05-15 06:47:36","3","0","0"
"47580","17160","4730","8","0.25","0.375","2","1","2022-11-18 21:29:33","26","64","2"
"47984","51717","4728","34","0.588235","0.117647","5.294117647058823","1","","0","4","1"
"48503","65382","4726","67","0.686567","0.074626","2.3134328358208953","60","2022-11-15 22:37:36","43","117","78"
"48660","23671","4725","42","0.809523","0.023809","1.8571428571428572","32","2022-11-27 12:15:51","41","68","25"
"48837","29018","4724","7","0.571428","0.285714","1.1428571428571428","2","","0","6","1"
"48933","21895","4724","16","0.5","0.1875","2.0625","1","","0","5","0"
"48956","15968","4724","5","0.4","0.6","9.8","0","2022-07-29 20:52:27","7","55","2"
"49220","17915","4722","20","0.3","0.1","2.85","0","2022-11-07 21:26:19","10","19","0"
"49746","31910","4719","15","0.333333","0.133333","0.6666666666666666","3","2022-10-25 15:58:25","5","0","1"
"49849","20647","4719","9","0.666666","0","2.3333333333333335","0","2022-10-21 20:42:41","25","38","0"
"50065","23119","4718","56","0.553571","0.232142","0.7857142857142857","17","2022-07-20 08:31:37","6","3","9"
"50476","170969","4717","99","0.777777","0.030303","1.5656565656565657","56","2022-11-29 07:51:24","79","110","39"
"50543","42579","4717","51","0.745098","0.078431","1.588235294117647","7","2022-11-22 13:41:05","6","6","0"
"50617","218355","4717","382","0.821989","0.018324","0.693717277486911","98","2022-11-29 15:00:25","221","144","83"
"51021","17622","4715","5","0.2","0.4","0.6","0","2022-08-16 00:04:44","1","0","0"
"51167","30111","4714","11","0.454545","0.363636","6","10","2022-09-18 13:22:45","1","9","0"
"51197","138233","4714","5","0.8","0.2","1","3","","0","1","0"
"51292","10051","4794","11","0.272727","0.636363","1.8181818181818181","0","2022-05-09 06:35:36","2","17","0"
"51591","38940","4712","44","0.590909","0.090909","1.9545454545454546","23","2022-11-18 12:18:38","11","28","12"
"51685","171679","4712","1146","0.609075","0.129144","2.4214659685863875","317","2022-11-29 20:33:34","950","2507","174"
"52074","19566","4711","8","0.75","0.25","6.25","31","2022-09-28 21:02:56","4","25","12"
"52160","10892","4711","36","0.666666","0","1.7777777777777777","15","2022-11-29 20:45:54","14","13","3"
"52277","28875","4710","30","0.166666","0.666666","12.6","49","2022-09-03 01:44:25","10","195","23"
"52443","60819","4710","23","0.652173","0.130434","8.217391304347826","34","2022-11-01 01:25:02","8","51","12"
"52499","19647","4710","30","0.266666","0.6","5.966666666666667","13","2022-10-26 12:30:01","14","94","15"
"52598","58981","4710","9","0.555555","0.333333","11","13","","0","15","4"
"52817","60786","4709","7","0.285714","0.428571","0.2857142857142857","1","2022-08-30 12:36:50","2","2","0"
"53158","35091","4737","8","0.375","0.25","1.25","5","2022-11-06 08:41:01","3","0","2"
"53212","118054","4708","7","0.142857","0.571428","7.571428571428571","2","2022-10-19 00:54:14","3","17","0"
"53341","87960","4708","310","0.396774","0.2","3.9548387096774196","131","2022-11-26 09:19:18","132","772","71"
"53538","32919","4708","15","0.4","0.4","3.2","5","2022-11-29 18:40:18","33","67","8"
"53686","46951","4707","11","0.363636","0.090909","0.7272727272727273","3","2022-11-25 15:53:23","3","3","0"
"53870","18123","4706","7","0.285714","0.428571","1.5714285714285714","1","2022-11-22 07:41:08","4","7","0"
"53897","75501","4706","31","0.645161","0.064516","20.838709677419356","29","2022-11-11 07:51:59","36","532","36"
"54017","80479","4705","5","0.2","0.4","3.2","1","","0","11","0"
"54734","58223","4704","305","0.590163","0.09836","0.18688524590163935","0","2022-11-29 02:07:13","156","39","0"
"54929","46040","4703","22","0.318181","0.272727","1.5909090909090908","21","2022-09-02 00:32:45","1","5","1"
"55075","169277","4703","13","0.230769","0.692307","0.6153846153846154","17","2022-09-26 22:14:56","15","14","6"
"55857","42521","4701","12","0.333333","0.416666","1.8333333333333333","0","2022-03-24 18:50:25","9","6","0"
"55925","54481","4701","5","0.8","0","1.4","0","2022-10-08 07:44:49","6","5","0"
"56079","21443","4700","53","0.320754","0.226415","1.3773584905660377","6","2022-11-09 23:48:18","4","58","2"
"56621","62792","4698","75","0.026666","0.8","1.6933333333333334","12","2022-11-23 15:58:30","51","57","3"
"56658","10432","4698","6","0.5","0.166666","4.166666666666667","1","2022-11-04 23:00:23","7","26","0"
"57135","42927","4697","13","0.615384","0","15.923076923076923","54","2022-08-08 23:48:31","3","60","13"
"57695","535483","4696","15","0.8","0.066666","3","0","2022-11-22 13:57:42","21","50","1"
"57698","20493","4696","7","0.571428","0.285714","1.1428571428571428","0","2022-10-26 02:00:56","17","6","0"
"57719","14130","4696","9","0.333333","0.333333","7.111111111111111","4","2022-10-06 23:33:42","16","66","1"
"58082","35432","4695","5","0.6","0","1.2","0","2022-11-23 08:18:21","6","8","0"
"58107","12288","4695","10","0","0.8","2","6","2022-07-07 10:13:36","4","29","0"
"58186","123717","4694","242","0.177685","0.487603","0.6776859504132231","6","2022-11-19 13:36:03","99","97","6"
"58808","179619","4692","20","0.25","0.45","1.9","1","2022-10-29 17:03:48","25","39","7"
"58880","37855","4692","8","0.25","0.5","3.75","1","2022-09-14 21:32:47","3","5","0"
"58956","29015","4691","6","0.5","0.333333","0.5","0","2022-08-17 06:14:17","3","8","0"
"59087","31283","4691","6","0.166666","0.5","3.5","116","2022-10-30 00:38:27","9","29","74"
"59470","19969","4690","7","0.714285","0.142857","0.42857142857142855","2","","0","0","0"
"59501","117112","4690","7","0.428571","0.285714","2.5714285714285716","0","2022-11-02 21:58:49","3","8","0"
"59563","26402","4690","61","0.606557","0.081967","1.9672131147540983","0","2022-11-28 23:10:07","80","130","0"
"60281","71243","4688","20","0.3","0.25","9.75","24","2022-11-24 11:39:33","53","417","40"
"60761","275691","4687","221","0.561085","0.153846","3.420814479638009","107","2022-11-27 08:39:37","100","299","89"
"61158","70120","4685","67","0.865671","0.02985","2.2686567164179103","25","2022-10-27 10:26:34","60","342","71"
"61305","282426","4685","136","0.441176","0.183823","3.9191176470588234","31","2022-11-25 19:45:05","212","940","83"
"61311","23613","4685","14","0.285714","0.5","1.1428571428571428","2","2022-10-20 09:01:06","21","33","2"
"61479","23754","4684","9","0.333333","0.333333","1.8888888888888888","2","2022-09-30 19:14:55","3","14","2"
"61624","68833","4684","18","0.333333","0.444444","9.61111111111111","3","2022-09-07 01:32:29","9","69","3"
"62076","188344","4683","317","0.649842","0.113564","1.1482649842271293","89","2022-11-29 21:07:26","308","416","56"
"62282","19007","4682","53","0.547169","0.188679","1.9622641509433962","8","","0","1","0"
"62288","25046","4682","47","0.680851","0.063829","2.0851063829787235","4","2022-11-27 17:57:17","17","30","1"
"62576","126252","4682","22","0.727272","0.090909","58.45454545454545","2301","2022-11-21 02:59:51","16","905","4814"
"62600","39782","4682","13","0.923076","0.076923","1.2307692307692308","3","2022-10-21 15:13:48","3","19","1"
"62623","10652","4682","10","0.6","0","0.9","0","2022-08-31 12:56:20","3","6","0"
"62937","67957","4681","184","0.744565","0.059782","0.8695652173913043","9","2022-11-20 00:52:58","123","139","8"
"63074","56001","4681","35","0.628571","0.142857","1.1714285714285715","4","2022-03-13 23:30:32","1","5","1"
"63293","15786","4680","17","0.411764","0.294117","0.4117647058823529","5","2022-11-14 09:04:03","2","3","2"
"63308","10378","4680","6","0.833333","0","1","1","2022-10-19 22:35:50","5","3","0"
"63733","56924","4679","5","0.4","0","1","0","2022-05-15 16:51:03","3","2","1"
"63810","38752","4678","14","0.214285","0.714285","0.7857142857142857","30","2022-09-07 02:11:33","8","1","16"
"63867","10614","4678","6","0","1","0.16666666666666666","0","2022-06-14 10:54:26","1","0","0"
"64157","13866","4677","5","0.2","0.6","1.6","0","2022-11-14 21:40:52","4","2","0"
"64279","31545","4677","6","0.166666","0.666666","2.8333333333333335","0","2022-08-31 11:39:15","3","5","0"
"64348","21897","4677","118","0.48305","0.211864","1.5593220338983051","212","2022-11-25 09:52:17","19","40","38"
"64904","49395","4675","119","0.689075","0.042016","0.5630252100840336","48","2022-10-22 20:41:31","89","36","61"
"64911","18422","4675","8","0.25","0.625","4.25","8","2022-11-10 19:50:24","2","16","7"
"65358","567137","4674","6","0.833333","0","0.8333333333333334","0","","0","0","0"
"65387","285491","4674","14","0.142857","0.785714","11","6","2022-11-20 21:47:57","17","72","10"
"65458","20990","4674","24","0.791666","0","1.9583333333333333","65","","0","2","0"
"65464","37097","4674","11","0.454545","0.363636","1.7272727272727273","1","2022-11-14 08:03:17","7","29","1"
"65548","21111","4674","9","0.888888","0","1.6666666666666667","7","2022-11-25 15:04:13","7","7","4"
"65678","11206","4674","5","0.6","0.2","0.4","1","2022-05-14 22:32:37","1","2","0"
"65694","19603","4674","8","0.125","0.75","0.625","6","2022-08-09 22:34:04","2","1","3"
"65863","612505","4673","1621","0.587291","0.114743","3.2264034546576186","3773","2022-11-29 23:41:35","1148","3492","2859"
"66169","11382","4673","6","0.5","0.5","0.8333333333333334","0","2022-04-05 15:31:48","3","5","0"
"66349","19674","4672","7","0.714285","0","1.7142857142857142","0","2022-07-08 22:33:19","2","6","0"
"66532","11876","4672","57","0.491228","0.175438","0.8947368421052632","7","2022-11-29 22:09:42","43","57","7"
"66686","82787","4771","174","0.695402","0.074712","1.7413793103448276","237","2022-11-24 08:20:17","158","180","91"
"66696","12781","4671","9","0.222222","0.333333","1.7777777777777777","0","2022-10-29 14:50:32","11","11","4"
"66907","10377","4670","11","0.272727","0.090909","2.8181818181818183","3","2022-07-13 14:13:38","2","14","1"
"67153","53836","4670","9","0.777777","0.222222","4.222222222222222","1","2022-11-01 01:20:55","1","11","0"
"67392","110210","4669","16","0.75","0.0625","2.1875","5","2022-11-02 10:44:55","9","23","2"
"67579","482425","4669","2375","0.776421","0.042105","2.208842105263158","256","2022-11-29 21:13:25","1151","1925","82"
"67606","182150","4669","39","0.307692","0.282051","0.23076923076923078","2","2022-11-02 20:14:05","12","4","0"
"68051","13604","4668","8","0.75","0.125","2","5","2022-11-09 15:42:57","14","13","13"
"68490","20508","4667","310","0.709677","0.051612","1.635483870967742","2","2022-11-29 14:44:55","167","251","2"
"68499","23481","4667","9","0.666666","0.222222","2.111111111111111","3","2022-10-16 19:25:12","4","2","1"
"68587","365295","4667","245","0.518367","0.183673","2.416326530612245","3753","2022-11-29 04:53:01","150","427","2630"
"68725","17040","4666","28","0.357142","0.25","0.6071428571428571","0","","0","0","0"
"68939","60475","4666","10","0.3","0.3","1.3","6","2022-04-11 20:20:29","2","1","1"
"68972","28402","4666","36","0.361111","0.277777","2.4722222222222223","1","2022-08-24 07:07:47","7","50","1"
"69545","140088","4664","74","0.243243","0.391891","1.554054054054054","106","2022-11-26 20:03:16","36","74","42"
"69809","51574","4663","5","0.2","0.4","8.6","4","2022-09-29 15:16:46","6","23","2"
"70140","12258","4663","5","0.4","0.2","1.8","0","2022-11-08 23:09:23","3","14","1"
"70261","29865","4662","13","0.538461","0.230769","1.1538461538461537","0","2022-10-17 20:52:59","6","6","0"
"70386","101327","4662","11","0.454545","0.272727","2.1818181818181817","3","2022-11-12 10:36:15","7","16","1"
"71059","63604","4661","9","0.333333","0.222222","3.888888888888889","13","2022-04-07 08:30:29","3","11","5"
"71141","37185","4660","15","0.666666","0","6.533333333333333","5","2022-11-20 17:20:43","35","226","16"
"71376","12680","4660","11","0.636363","0","6.636363636363637","1","2022-10-18 11:36:06","11","56","2"
"72178","36511","4658","9","0.555555","0.333333","5.222222222222222","92","2022-07-19 21:11:14","8","44","56"
"72312","25945","4658","6","0.5","0","3.1666666666666665","5","2022-03-10 10:49:29","1","5","3"
"72437","43122","4657","12","0.25","0.416666","9.083333333333334","2","2022-10-10 17:31:36","9","69","0"
"72668","14631","4656","7","0","0.714285","1.4285714285714286","8","2022-11-09 22:50:04","2","4","7"
"73070","357494","4655","6","0.666666","0","1","3","","0","6","2"
"73226","458064","4655","46","0.5","0.173913","9.956521739130435","30","2022-11-20 13:12:08","68","448","31"
"73299","10381","4655","6","1","0","0.3333333333333333","2","2022-02-04 08:39:54","1","2","7"
"73573","19401","4654","17","0.529411","0.117647","3.0588235294117645","2","2022-09-13 21:41:24","10","22","0"
"73632","18214","4654","9","0.555555","0.111111","0.2222222222222222","0","","0","0","0"
"74089","19388","4653","10","0.5","0.2","2.7","635","2022-09-23 21:25:25","21","22","229"
"74167","10321","4653","6","0.333333","0.666666","0.5","0","2022-06-13 22:31:57","1","2","1"
"74195","48339","4653","138","0.391304","0.181159","1.0072463768115942","16","2022-10-29 14:45:20","138","170","29"
"74861","17248","4652","26","0.576923","0.192307","1.0384615384615385","9","2022-11-05 08:16:21","56","48","24"
"75033","52699","4651","6","0.333333","0.166666","2.3333333333333335","10","2022-09-10 05:50:45","4","19","2"
"75103","27612","4651","26","0.423076","0.26923","6.269230769230769","17","2022-11-29 22:56:41","36","127","8"
"75500","105503","4649","5","0","0.6","2.4","6","2022-07-10 18:47:01","1","0","0"
"75525","253338","4649","12","0.666666","0","1","1","2022-11-11 09:05:00","7","6","1"
"75652","37493","4649","20","0.6","0.1","1.65","2","2022-11-29 06:56:56","13","11","3"
"75658","30842","4649","6","0.5","0","1.6666666666666667","1","2022-05-25 20:39:24","1","2","0"
"75852","13701","4649","53","0.547169","0.113207","7.39622641509434","168","2022-10-04 14:46:20","34","317","133"
"76051","52379","4648","64","0.59375","0.125","3.625","15","","0","0","0"
"76173","10657","4648","27","0.666666","0.148148","1.3703703703703705","4","2022-08-21 12:05:12","2","0","1"
"76673","13573","4647","11","0.454545","0.181818","2.3636363636363638","4","2022-10-24 13:02:55","6","22","0"
"76714","18014","4647","76","0.671052","0.026315","1.3289473684210527","4","2022-11-25 23:55:27","116","167","11"
"77002","47827","4646","5","0.2","0.8","0.2","0","","0","5","0"
"77335","97293","4646","24","0.5","0.041666","2.125","22","2022-11-27 20:08:06","31","92","25"
"77542","10951","4645","5","0.4","0.4","4.6","2","","0","1","0"
"77567","387837","4645","121","0.53719","0.140495","0.9504132231404959","23","2022-11-29 23:44:36","68","65","12"
"78000","51074","4644","5","0.2","0.2","0.6","0","","0","5","0"
"78522","25442","4642","19","0.526315","0.263157","2.6315789473684212","4","2022-06-23 17:56:45","21","55","4"
"78722","54679","4642","305","0.629508","0.095081","0.819672131147541","4","2022-07-04 23:06:18","8","10","0"
"79111","10627","4641","11","0.545454","0.181818","1.5454545454545454","3","2022-11-25 19:57:43","3","2","0"
"79125","12382","4641","28","0.214285","0.642857","1.75","30","2022-11-14 08:34:05","17","21","14"
"79225","12205","4641","10","0.4","0.2","0.9","2","","0","0","0"
"79247","33929","4641","7","0.285714","0.285714","1.7142857142857142","3","2022-07-12 21:04:48","1","0","0"
"79485","15896","4640","9","0.444444","0.444444","4.777777777777778","18","2022-11-28 13:40:04","15","69","22"
"80002","63926","4639","12","0.333333","0.166666","11.833333333333334","2","2022-10-07 20:34:26","7","87","0"
"80353","10940","4638","8","0.5","0.25","4.5","3","2022-06-08 16:27:13","2","26","2"
"80720","18520","4638","11","0.727272","0.090909","0.9090909090909091","2","","0","0","0"
"80869","26766","4637","6","0.166666","0.666666","1.5","3","2022-11-23 16:49:01","8","1","0"
"80911","101346","4637","264","0.55303","0.143939","4.246212121212121","24","2022-11-21 07:41:06","110","603","7"
"80932","32482","4637","8","0.25","0.125","5.375","2","2022-11-07 07:46:14","8","22","1"
"81723","13463","4635","16","0.6875","0.125","0.9375","1","2022-11-24 09:45:50","18","7","1"
"82294","216298","4634","30","0.5","0.066666","2.3666666666666667","0","2022-11-29 02:02:13","25","49","0"
"82548","254276","4633","61","0.163934","0.426229","5.409836065573771","155","2022-11-24 13:40:31","125","684","292"
"82586","82442","4633","6","0.5","0.333333","6.666666666666667","0","2022-06-13 21:11:41","3","15","1"
"82804","30548","4633","19","0.526315","0.210526","1","2","2022-10-18 16:33:38","9","10","0"
"83039","35744","4632","7","0.857142","0.142857","2.2857142857142856","3","2022-03-24 06:00:37","1","0","0"
"83096","36318","4632","5","0.2","0.4","1.6","2","2022-06-08 13:02:28","13","15","3"
"83591","34560","4631","9","0.444444","0","0.2222222222222222","0","","0","0","0"
"84206","38540","4629","5","0.4","0.4","4","1","","0","10","0"
"84237","23859","4629","5","0.4","0.6","7.2","0","2022-09-06 20:25:15","4","35","3"
"84507","28250","4628","64","0.796875","0.046875","0.484375","0","2022-11-28 04:43:42","12","13","0"
"85215","10884","4627","15","0.6","0.2","2.1333333333333333","0","2022-11-17 19:00:17","24","32","2"
"85360","91377","4627","11","0.545454","0.090909","1.4545454545454546","1","2022-10-21 18:59:54","8","5","0"
"85371","401407","4627","536","0.798507","0.044776","2.6026119402985075","177","2022-11-29 11:57:36","423","906","105"
"85597","40142","4626","5","0.8","0.2","4","0","2022-08-31 17:25:18","3","9","0"
"85615","14143","4626","5","0.6","0.2","2.6","0","2022-10-27 05:58:29","6","12","4"
"85785","143568","4626","118","0.915254","0.016949","1.0677966101694916","2","2022-11-28 01:56:42","73","75","1"
"86072","53677","4625","366","0.54918","0.133879","1.9480874316939891","46","2022-11-29 18:03:27","238","497","57"
"86431","14531","4625","6","0.5","0.166666","6.333333333333333","0","2022-11-08 15:18:03","3","8","0"
"86485","30648","4624","10","0.3","0.3","10","35","2022-11-22 06:42:46","5","52","22"
"86611","65763","4624","95","0.6","0.115789","0.4631578947368421","0","2022-10-30 22:27:25","26","11","0"
"86643","22037","4701","13","0.307692","0.615384","2","32","2022-08-24 16:29:41","5","21","41"
"86967","55921","4623","8","0.125","0.625","4.375","1","2022-11-10 15:34:25","9","43","2"
"86989","123421","4623","20","0.35","0.25","1.8","1","2022-11-19 19:28:52","19","22","1"
"87015","273839","4623","151","0.39735","0.251655","3.4966887417218544","196","2022-07-07 20:20:26","165","377","278"
"87117","39333","4623","95","0.852631","0","1.3473684210526315","5","2022-11-28 15:02:49","41","55","4"
"87189","212530","4622","272","0.459558","0.253676","14.474264705882353","528","2022-11-29 18:56:15","46","1386","193"
"87234","506959","4622","7","0.428571","0","10.285714285714286","4","2022-07-03 22:16:42","7","28","4"
"87427","29951","4621","5","0.2","0.2","4","0","","0","3","0"
"87520","14710","4621","5","0","1","1.8","0","2022-09-04 10:03:20","4","4","0"
"87698","173718","4621","106","0.471698","0.245283","2.9622641509433962","18","2022-11-27 21:21:26","105","322","22"
"87973","26432","4620","6","0.333333","0.333333","4","0","2022-08-11 00:30:46","2","5","0"
"88076","25290","4620","23","0.782608","0.043478","0.9130434782608695","0","2022-11-27 12:44:46","33","46","1"
"88122","11154","4709","16","0.8125","0","1.125","0","2022-11-23 08:30:47","21","27","2"
"88173","23640","4620","13","0.615384","0.076923","1.5384615384615385","0","2022-07-30 08:33:41","5","14","0"
"88204","31543","4620","5","0.2","0.8","0.4","2","2022-11-22 21:21:36","10","1","0"
"88558","60394","4619","10","0.5","0.4","2","0","2022-08-23 15:06:33","3","13","0"
"88932","35537","4618","16","0.5","0.1875","0.5625","3","2022-09-28 04:00:19","2","0","0"
"89211","12463","4618","57","0.68421","0.035087","3.456140350877193","17","2022-10-04 08:10:21","18","75","7"
"89482","34062","4617","95","0.442105","0.168421","2.389473684210526","149","2022-11-22 04:08:28","85","274","239"
"89706","16506","4616","7","0.571428","0","1.8571428571428572","1","2022-10-22 15:49:04","9","35","4"
"89766","51914","4616","122","0.762295","0.07377","1.5081967213114753","36","2022-11-14 04:43:22","118","190","58"
"89806","139600","4616","5","0.2","0.2","2.4","0","","0","0","0"
"89817","128181","4616","123","0.463414","0.211382","7.845528455284553","15","2022-11-27 22:32:35","86","694","14"
"90287","10660","4614","7","0.142857","0.142857","0.8571428571428571","0","2022-07-03 03:28:55","4","4","2"
"90527","77723","4613","22","0.40909","0.227272","10.681818181818182","44","2022-11-08 02:41:19","67","744","221"
"90580","25765","4639","24","0.541666","0.291666","0.125","0","2022-11-21 21:51:09","19","10","0"
"90800","13297","4613","10","0.5","0.3","5","0","2022-10-20 11:19:03","1","29","0"
"90874","22834","4613","5","0","1","0.4","0","2022-03-03 12:57:28","1","3","0"
"92048","10922","4610","6","0.833333","0","0.5","1","","0","1","0"
"92153","66680","4610","6","0.5","0.166666","15","3","2022-10-09 20:53:20","2","44","0"
"92359","30497","4610","91","0.65934","0.043956","1.2967032967032968","4","2022-09-19 15:47:59","1","1","0"
"92546","15922","4609","30","0.266666","0.266666","18","2","2022-10-27 17:47:36","15","281","5"
"92584","15854","4609","5","0.2","0.6","0.2","0","","0","0","0"
"92837","22011","4608","14","0.642857","0.214285","2.4285714285714284","40","","0","3","4"
"93747","59374","4606","13","0.76923","0.076923","2.5384615384615383","14","2022-09-12 06:32:54","11","30","9"
"93960","16354","4606","45","0.933333","0","6.088888888888889","38","2022-10-21 11:05:41","31","135","17"
"94363","27133","4605","20","0.35","0.25","0.8","3","","0","0","0"
"95135","45092","4604","13","0.230769","0.307692","1.4615384615384615","3","","0","0","0"
"95309","26379","4603","5","0.4","0.6","8.4","11","","0","5","1"
"95725","24446","4603","5","0.6","0.4","1.2","8","","0","0","0"
"96588","59875","4600","42","0.404761","0.261904","1.4285714285714286","4","2022-11-12 03:13:32","9","33","3"
"96811","21804","4600","28","0.5","0.214285","1.2142857142857142","0","2022-11-02 12:19:43","13","14","0"
"96944","30326","4599","9","0.111111","0.222222","1.6666666666666667","1","2022-11-28 13:51:19","5","15","2"
"97248","88965","4599","25","0.48","0.28","2.08","3","2022-11-09 13:08:49","20","43","1"
"97337","301774","4599","364","0.612637","0.104395","2.1675824175824174","16","2022-11-29 23:05:25","166","421","7"
"98094","48932","4598","7","0.571428","0.142857","1.8571428571428572","1","2022-06-16 06:16:47","11","23","3"
"98491","31897","4597","5","0.4","0.6","1.8","0","2022-05-10 14:23:42","2","5","0"
"98607","107416","4597","7","0","0.285714","4.142857142857143","5","","0","4","4"
"98814","18318","4597","10","0.3","0.3","1.8","2","2022-11-08 15:00:28","6","26","1"
"98959","17993","4597","20","0.8","0","0.8","16","2022-11-20 14:45:26","11","14","14"
"99354","26545","4596","16","0.6875","0.125","3.6875","3","2022-10-13 07:50:52","22","43","1"
"99594","77662","4596","81","0.691358","0.049382","1.7407407407407407","7","2022-11-29 17:19:41","13","19","0"
"99692","46420","4595","164","0.725609","0.04878","0.5121951219512195","157","2022-11-29 15:55:00","153","92","59"
"99834","173449","4595","25","0.44","0.36","0.64","5","2022-11-29 10:01:17","9","18","11"
"100297","1141932","4594","61","0.557377","0.213114","8.114754098360656","843","2022-11-29 15:14:23","35","318","535"
"100754","118425","4593","27","0.222222","0.481481","0.9259259259259259","11","2022-08-10 12:29:50","1","1","0"
"100904","12098","4593","7","0.714285","0","0.8571428571428571","0","2022-09-26 06:39:45","9","4","2"
"101087","28843","4593","35","0.542857","0.228571","2.657142857142857","19","2022-11-28 23:22:41","49","67","2"
"101197","14080","4593","15","0.4","0.133333","2.4","1","2022-07-15 16:42:49","6","7","0"
"101361","153385","4592","141","0.567375","0.127659","1.1063829787234043","6","2022-11-22 11:03:59","64","74","1"
"101923","14966","4592","8","0.5","0.125","1.75","0","2022-09-26 14:32:37","2","5","0"
"102181","40246","4591","6","0.5","0.333333","1.5","0","","0","2","0"
"102205","39586","4591","17","0.352941","0.17647","3.4705882352941178","8","2022-10-04 12:28:56","4","21","4"
"102302","69654","4591","10","0.8","0","3.2","1","2022-07-08 21:08:37","1","8","3"
"102937","181766","4590","44","0.477272","0.272727","33.70454545454545","381","2022-09-21 12:11:49","16","795","187"
"103167","286328","4590","107","0.53271","0.158878","11.83177570093458","12","2022-11-11 16:44:33","83","1015","13"
"103295","60511","4589","9","0.666666","0.222222","4.222222222222222","4","2022-11-03 13:33:19","8","23","1"
"103739","48801","4589","6","0.666666","0","2.8333333333333335","3","2022-09-23 01:29:16","3","10","0"
"104085","16830","4588","6","0","0.666666","1.5","3","2022-09-19 18:19:58","1","5","0"
"104149","22011","4588","11","0.636363","0.090909","0.7272727272727273","135","2022-11-18 15:02:02","17","10","54"
"104380","133690","4587","53","0.169811","0.641509","4.584905660377358","110","2022-11-20 14:27:41","44","278","92"
"104458","105518","4587","237","0.459915","0.206751","2.2489451476793247","41","2022-11-27 07:00:50","184","393","29"
"104774","14512","4586","16","0.1875","0.1875","2.25","4","2022-11-24 08:03:55","15","44","5"
"104891","405608","4586","110","0.727272","0.10909","3.8727272727272726","46","2022-11-29 18:25:00","69","220","21"
"105445","14158","4585","5","0.4","0.2","1.4","3","2022-08-03 17:22:42","1","5","0"
"105518","33465","4585","25","0.68","0","1.84","84","2022-06-06 16:42:32","1","0","1"
"105904","24088","4584","31","0.612903","0.16129","1.903225806451613","4","2022-02-06 07:54:31","3","23","0"
"106104","59305","4584","155","0.567741","0.16129","7.4","15","2022-11-28 20:20:26","211","2140","27"
"106159","111341","4584","80","0.425","0.2625","6.6375","3","2022-11-29 15:02:26","129","663","1"
"106224","729448","4584","39","0.538461","0.230769","5.205128205128205","92","2022-06-02 15:04:39","2","31","5"
"107090","73030","4583","38","0.421052","0.157894","2.526315789473684","3","2022-09-01 10:11:48","20","91","1"
"107277","83799","4583","6","0.666666","0.166666","1","2","","0","1","0"
"107409","81196","4582","17","0","0.941176","1.1764705882352942","4","2022-11-10 09:10:42","22","15","2"
"107567","10989","4582","8","0.25","0.5","3","0","2022-08-24 18:54:07","4","11","0"
"107783","46075","4582","17","0.470588","0.294117","1.2941176470588236","3","2022-10-14 10:01:50","10","23","1"
"108205","114553","4581","163","0.631901","0.098159","0.950920245398773","17","2022-11-28 17:00:11","233","286","32"
"108207","26693","4581","6","0.333333","0.333333","2","4","2022-06-29 16:09:30","1","7","0"
"108796","67979","4579","201","0.492537","0.20398","1.5024875621890548","2","2022-11-28 17:47:12","209","364","1"
"108915","28756","4579","16","0.375","0.3125","2.125","6","2022-07-20 10:43:26","1","3","2"
"109122","57187","4578","86","0.5","0.151162","7.4186046511627906","137","2022-08-10 14:58:40","20","197","20"
"109525","14253","4578","51","0.647058","0.137254","0.8431372549019608","15","2022-11-17 12:27:50","51","76","17"
"109618","32915","4578","6","0.166666","0.666666","12.5","24","","0","1","0"
"109941","15391","4577","5","0.4","0","9.6","69","2022-11-28 01:14:20","15","53","113"
"110451","25422","4581","23","0.826086","0.043478","0.7391304347826086","2","2022-11-10 13:26:23","10","7","0"
"111036","15549","4652","31","0.193548","0.451612","0.9032258064516129","6","2022-10-20 16:25:54","23","30","6"
"111124","27444","4575","11","0.636363","0.090909","1.8181818181818181","5","2022-02-06 14:39:47","2","22","2"
"111307","68206","4575","11","0.090909","0.636363","9.090909090909092","16","2022-06-13 13:41:36","1","5","1"
"111794","15635","4573","35","0.485714","0.057142","4.3428571428571425","23","2022-09-12 10:52:43","7","26","1"
"112765","15531","4571","7","0.428571","0.285714","0.14285714285714285","0","2022-05-08 20:42:51","4","3","0"
"112871","27680","4570","6","0.833333","0","1.3333333333333333","1","","0","5","0"
"112968","270303","4570","202","0.638613","0.178217","2.8217821782178216","65","2022-11-29 19:19:10","504","1112","281"
"113116","100476","4570","120","0.85","0.025","3.15","449","2022-11-25 21:58:33","101","303","342"
"113195","83174","4570","10","0.5","0.2","2.5","1","2022-11-29 07:07:45","8","29","0"
"113632","49473","4569","14","0.142857","0.571428","1.8571428571428572","6","2022-04-21 02:34:16","2","13","4"
"113848","42121","4569","45","0.511111","0.111111","1.0222222222222221","15","2022-11-23 16:31:13","15","18","4"
"113962","310505","4569","10","0.6","0.2","6.2","4","2022-10-30 08:08:20","1","22","1"
"114029","102838","4569","5","0","1","1","57","2022-10-13 23:25:01","12","6","31"
"114226","24710","4568","5","0.8","0","12.8","0","2022-11-09 19:05:38","21","139","1"
"114400","36543","4568","8","0.625","0","1.125","0","2022-11-05 11:47:55","4","3","0"
"114462","10580","4568","14","0.642857","0","0.2857142857142857","0","","0","1","1"
"114900","12353","4567","18","0.277777","0.333333","7.666666666666667","81","","0","37","20"
"115145","1011892","4566","378","0.756613","0.058201","7.071428571428571","22","2022-11-26 13:56:57","297","1620","24"
"116273","19238","4564","13","0.76923","0","0.5384615384615384","0","","0","1","0"
"116908","226888","4563","19","0.631578","0.052631","2.0526315789473686","1","2022-10-10 18:25:55","11","23","0"
"117030","18069","4562","40","0.4","0.475","0.675","9","2022-11-28 13:50:29","27","13","2"
"117215","34028","4562","8","0.375","0.125","1.5","2","2022-10-12 07:59:35","3","9","0"
"117658","15794","4562","24","0.625","0.041666","1.2083333333333333","6","","0","0","0"
"118228","29913","4561","30","0.266666","0.433333","3.3","7","2022-10-21 18:25:09","22","30","5"
"118587","24409","4560","33","0.60606","0.151515","2.272727272727273","10","2022-11-10 18:34:48","8","16","4"
"118631","14973","4560","8","0","1","1.25","3","","0","3","0"
"118703","75395","4559","8","0.625","0","3.25","0","2022-07-08 13:47:00","1","17","3"
"118903","100338","4559","24","0.666666","0.083333","0.625","7","2022-11-22 15:58:57","71","42","14"
"119527","138713","4557","16","0.4375","0.3125","10","45","2022-10-17 16:34:00","3","23","7"
"119549","79086","4557","14","0.571428","0.285714","2.5714285714285716","5","2022-07-11 03:30:17","10","21","7"
"120163","96122","4557","10","0.4","0.2","6.2","0","2022-07-16 03:45:34","2","29","1"
"120261","35326","4556","8","0.75","0","1.875","23","2022-02-04 21:25:47","1","0","0"
"120513","44375","4556","14","0.714285","0","0","0","2022-09-07 13:44:54","6","1","0"
"120955","157775","4556","89","0.393258","0.191011","2.640449438202247","5","2022-11-29 18:09:39","116","317","16"
"120990","10584","4555","5","0.6","0.2","2.4","0","2022-10-27 17:17:15","1","3","0"
"121260","27337","4555","10","0.7","0.1","1.6","3","2022-07-18 08:15:03","2","4","3"
"121309","39600","4555","36","0.361111","0.361111","18.833333333333332","50","2022-11-22 10:05:21","33","527","41"
"121493","113603","4555","34","0.5","0.235294","1.1470588235294117","41","2022-09-20 13:43:55","48","30","4"
"121544","18570","4555","6","0.333333","0.333333","2","2","2022-05-03 16:07:43","2","5","0"
"121595","15838","4555","7","0.714285","0","5.714285714285714","0","2022-03-15 16:09:32","1","7","0"
"121747","133947","4554","7","0.285714","0.142857","0.8571428571428571","1","2022-11-08 15:14:40","12","11","2"
"122005","103783","4554","16","0.375","0.0625","1.5625","7","2022-08-11 10:13:42","25","31","32"
"122195","13287","4554","21","0.809523","0","1.5714285714285714","1","2022-11-13 04:32:17","8","18","0"
"122313","33385","4554","67","0.597014","0.134328","1.2388059701492538","0","2022-05-26 00:01:06","3","25","4"
"123238","14140","4551","30","0.6","0.233333","1.2666666666666666","46","2022-11-25 15:06:24","32","38","42"
"123671","126848","4550","22","0.363636","0.40909","8.863636363636363","178","2022-10-28 09:57:06","27","148","152"
"123695","28974","4550","6","0.5","0.166666","6.333333333333333","53","2022-08-04 17:29:13","2","28","41"
"124092","11769","4549","5","1","0","0.8","0","2022-11-07 18:29:26","2","0","0"
"124319","39483","4549","97","0.391752","0.268041","1.5154639175257731","19","2022-11-29 09:27:38","45","87","15"
"124386","31468","4549","103","0.601941","0.155339","1.7572815533980584","23","2022-10-06 11:19:03","38","164","42"
"124486","84882","4549","59","0.559322","0.203389","1.9661016949152543","73","2022-11-01 16:36:05","14","30","17"
"124951","10320","4548","9","0.111111","0.666666","1.4444444444444444","3","2022-03-29 09:08:25","2","8","0"
"125212","24033","4548","10","0.5","0.2","5.4","2","2022-09-28 15:46:04","12","60","1"
"125382","26666","4548","6","0.166666","0.333333","1.1666666666666667","1","","0","2","0"
"125734","253748","4547","58","0.75862","0.034482","1","1","2022-11-28 09:36:58","158","168","4"
"125816","231277","4547","79","0.56962","0.126582","8.79746835443038","74","2022-11-11 13:14:30","12","228","19"
"125981","34354","4547","91","0.252747","0.307692","4.186813186813187","102","2022-11-28 21:45:52","131","574","230"
"126014","234353","4547","101","0.544554","0.10891","1.5346534653465347","91","2022-11-24 12:39:48","46","83","48"
"126214","173595","4546","14","0.214285","0.357142","3","4","","0","2","0"
"126769","231004","4544","7","0.571428","0.285714","1.8571428571428572","0","2022-10-16 19:27:08","4","23","0"
"126995","22361","4544","52","0.557692","0.173076","3.0384615384615383","0","2022-10-26 13:59:58","58","112","1"
"127724","98165","4543","12","0.5","0.333333","2.1666666666666665","0","","0","0","0"
"128165","197051","4542","174","0.517241","0.224137","1.5747126436781609","52","2022-11-29 13:13:50","113","223","34"
"128384","36190","4542","21","0.619047","0.190476","4.238095238095238","3","2022-10-10 10:19:03","7","27","0"
"128940","99622","4541","94","0.542553","0.095744","4.085106382978723","8","2022-11-26 16:14:16","56","226","3"
"129130","42762","4541","71","0.647887","0.028169","4.352112676056338","44","2022-08-25 10:59:33","12","55","2"
"129805","45309","4539","15","0.6","0.266666","4.333333333333333","0","2022-10-10 08:42:35","6","28","1"
"130288","54533","4537","236","0.792372","0.033898","1.3135593220338984","24","2022-11-22 02:17:21","148","221","16"
"130515","40247","4537","8","0.75","0","0.125","1","","0","0","0"
"130638","49143","4537","6","0.333333","0.5","3","3","","0","6","0"
"130641","14321","4537","9","0.666666","0.111111","0.5555555555555556","2","2022-08-03 16:10:48","3","2","1"
"130659","24234","4537","56","0.5","0.196428","2.8214285714285716","57","2022-03-02 07:39:38","1","0","0"
"131872","324811","4535","338","0.68639","0.065088","4.310650887573964","360","2022-11-29 18:40:26","54","489","95"
"131929","23785","4535","8","0.625","0.25","7.75","42","2022-11-20 07:57:37","7","14","2"
"131930","74092","4535","165","0.563636","0.145454","3.787878787878788","25","2022-11-28 05:52:45","111","543","37"
"132208","23902","4534","11","0.181818","0.545454","0.8181818181818182","5","2022-11-14 18:18:26","12","13","9"
"132382","59336","4534","42","0.571428","0.071428","2.1904761904761907","17","2022-11-10 15:34:16","12","49","11"
"132438","59853","4534","242","0.615702","0.136363","1.7851239669421488","76","2022-11-29 04:09:44","111","163","8"
"133203","27346","4532","40","0.375","0.3","23.275","969","2022-11-26 14:21:20","35","771","708"
"133374","69158","4531","16","0.4375","0.375","2.75","0","2022-10-26 10:20:58","10","69","0"
"133840","39427","4530","27","0.555555","0.111111","2.111111111111111","5","2022-10-17 01:29:23","8","9","0"
"134204","135226","4529","259","0.471042","0.216216","25.235521235521237","511","2022-11-29 14:58:10","259","5199","335"
"134554","124933","4529","353","0.133144","0.543909","0.5382436260623229","1","2022-11-27 05:24:32","116","51","0"
"134725","30358","4528","59","0.728813","0.050847","1","53","2022-11-29 15:10:03","67","78","42"
"134824","20616","4528","7","0","0.428571","1.2857142857142858","0","2022-06-13 10:06:45","3","3","0"
"134904","36480","4528","21","0.047619","0.857142","1.0952380952380953","3","2022-08-10 22:02:56","3","5","1"
"135549","15288","4527","5","0.8","0","0.4","29","2022-10-14 12:43:03","6","3","26"
"135566","119731","4590","17","0.882352","0.058823","0.8823529411764706","0","2022-11-21 09:18:01","6","7","0"
"135589","207766","4527","25","0.6","0.08","7.44","7","2022-08-17 14:36:27","28","227","10"
"135769","29161","4527","9","0.333333","0.222222","17.11111111111111","15","2022-11-28 23:53:18","6","59","7"
"135978","160827","4527","21","0.619047","0.142857","2.0476190476190474","3","2022-11-13 02:41:09","17","20","0"
"136059","10043","4526","8","0","0.5","1","0","2022-11-17 03:31:09","9","3","0"
"136285","12805","4526","23","0.391304","0.304347","3.652173913043478","67","2022-10-19 07:57:50","12","22","32"
"136598","16673","4525","28","0.642857","0.142857","3.357142857142857","92","2022-11-07 12:35:29","19","63","34"
"137650","53665","4523","157","0.738853","0.082802","5.178343949044586","14","2022-11-25 09:30:51","191","1092","38"
"137794","28053","4522","25","0.92","0.04","0.8","3","","0","0","4"
"138200","22725","4522","20","0.35","0.2","2.8","1","2022-09-21 18:29:02","12","25","1"
"138206","32373","4522","22","0.681818","0.181818","1.6818181818181819","0","2022-11-14 06:12:25","20","23","0"
"139150","32710","4520","9","0.444444","0.111111","17.77777777777778","2","2022-06-21 07:10:17","2","53","1"
"139300","74377","4520","27","0.481481","0.111111","0.3333333333333333","0","2022-11-16 06:27:39","29","14","4"
"139490","14093","4520","22","0.681818","0.136363","0.2727272727272727","3","2022-04-25 13:12:37","1","1","1"
"139985","724190","4519","686","0.492711","0.190962","3.0276967930029155","305","2022-11-28 07:53:26","396","1445","139"
"140750","215002","4518","410","0.358536","0.3","4.990243902439024","33","2022-11-28 15:21:02","222","1316","16"
"141172","150725","4516","26","0.5","0.307692","3.8076923076923075","7","2022-11-21 03:44:14","34","129","5"
"141502","16719","4516","10","0.5","0.1","0.8","0","2022-07-21 14:46:56","2","3","0"
"141555","132791","4516","5","0.6","0.2","1.6","0","","0","1","0"
"142191","11618","4515","12","0.666666","0.083333","1.3333333333333333","0","2022-06-28 15:01:45","6","9","0"
"142637","101396","4514","46","0.717391","0.065217","1.3695652173913044","21","","0","0","1"
"143305","370278","4513","151","0.682119","0.099337","4.099337748344371","7","2022-11-28 13:30:33","100","389","11"
"143475","58378","4513","495","0.90101","0.016161","1.1090909090909091","57","2022-11-26 09:46:27","284","492","18"
"143505","49420","4513","20","0.65","0.2","1.85","2","2022-03-07 09:38:12","2","2","0"
"143765","26317","4513","38","0.763157","0.026315","0.868421052631579","0","2022-11-22 17:35:51","14","12","0"
"144157","32333","4512","24","0.791666","0.041666","1.2083333333333333","1","2022-11-27 11:04:35","30","9","0"
"144450","11669","4512","66","0.393939","0.212121","1.9696969696969697","0","2022-10-28 09:01:47","8","2","0"
"145173","42150","4510","12","0","0.916666","3.0833333333333335","16","2022-10-28 03:38:36","13","29","9"
"145400","36474","4510","5","0","1","1.8","0","","0","1","0"
"145989","47287","4509","8","0.125","0.625","3","16","2022-11-24 10:55:25","17","65","57"
"146073","37951","4508","5","0.2","0.4","2.2","0","2022-07-03 15:44:05","1","12","0"
"146325","146901","4508","54","0.5","0.185185","2.8518518518518516","145","2022-08-24 07:01:26","14","45","50"
"146366","13598","4508","5","0.2","0.4","2.8","1","2022-07-08 00:32:52","5","12","1"
"146633","15762","4508","7","0.285714","0.142857","0.42857142857142855","3","2022-10-10 08:01:44","2","1","0"
"146656","36712","4508","6","0.5","0","0.16666666666666666","0","2022-10-19 06:56:59","10","7","1"
"146738","10244","4508","7","0","0.571428","0.2857142857142857","0","2022-06-09 09:41:17","2","1","0"
"147175","28619","4507","11","0.636363","0.181818","10.363636363636363","23","2022-09-07 15:20:54","11","52","13"
"147192","304222","4507","9","0.222222","0.333333","7.333333333333333","1","2022-11-23 10:47:08","5","36","2"
"147356","319585","4507","397","0.682619","0.083123","2.6095717884130982","90","2022-11-23 20:30:45","618","1569","126"
"147511","19335","4506","10","0.1","0.7","4.1","22","2022-10-21 21:51:19","6","25","31"
"147562","18297","4506","6","0.166666","0.333333","4.833333333333333","8","2022-11-05 11:13:01","10","37","3"
"148601","19246","4505","21","0.333333","0.238095","2.6666666666666665","16","2022-09-30 11:34:34","8","32","9"
"149392","372126","4503","48","0.791666","0.0625","4.5625","169","2022-10-27 13:56:14","4","35","95"
"149436","30144","4503","12","0.333333","0.333333","2.9166666666666665","0","2022-06-15 01:17:37","2","10","1"
"150339","38022","4501","7","0.714285","0","1.5714285714285714","0","","0","0","0"
"150605","16884","4501","6","0.666666","0","16.166666666666668","60","2022-10-23 03:11:13","21","306","175"
"150884","10035","4500","9","0.555555","0.333333","1.2222222222222223","7","2022-09-26 15:10:19","7","5","3"
"150967","28097","4500","7","0.142857","0.428571","6.142857142857143","2","2022-11-26 14:56:31","3","31","2"
"150978","43591","4500","70","0.8","0.057142","9.014285714285714","67","2022-11-20 12:11:58","56","899","153"
"151004","12751","4500","5","0.4","0.2","0.4","0","2022-11-25 07:55:00","3","11","0"
"151097","31002","4500","8","0.375","0","1.875","0","2022-11-27 04:42:47","14","26","1"
"151312","77740","4500","10","0.2","0.6","1.5","15","2022-09-07 16:54:48","5","12","6"
"152016","10091","4499","40","0.45","0.25","4.825","11","2022-11-11 09:22:57","9","49","1"
"152602","144810","4498","9","0.222222","0.333333","2.4444444444444446","0","2022-11-23 18:22:33","4","17","1"
"152794","17980","4498","37","0.891891","0","8","15","2022-11-28 20:59:53","26","240","3"
"152948","246274","4497","119","0.537815","0.20168","1.2773109243697478","3","2022-11-24 07:35:05","50","64","0"
"153049","14938","4497","11","0.545454","0.272727","3.090909090909091","23","2022-05-21 09:41:28","3","13","8"
"153184","10542","4496","18","0.777777","0.055555","0.7222222222222222","3","2022-08-24 09:15:52","4","3","1"
"153285","138983","4496","12","0.333333","0.25","2.0833333333333335","1","","0","1","0"
"153430","45505","4496","6","0.666666","0.166666","1","6","2022-07-09 06:28:01","1","1","1"
"153574","10125","4495","12","0.583333","0.416666","0.4166666666666667","2","2022-11-21 17:36:39","9","3","1"
"154112","64416","4494","6","1","0","0.6666666666666666","1","2022-04-30 16:58:04","7","7","1"
"154133","38402","4494","6","0.166666","0.833333","2","6","2022-11-17 07:37:59","8","8","5"
"154306","38507","4494","5","0.6","0.2","1.2","1","2022-10-24 23:54:21","3","5","0"
"155020","39485","4493","5","0.4","0.4","2.2","4","2022-11-10 19:03:49","17","11","2"
"155077","83270","4493","17","0.058823","0.823529","2.9411764705882355","2","2022-09-28 13:46:43","10","16","0"
"155082","13269","4493","13","0.153846","0.307692","3.8461538461538463","2","2022-06-26 16:54:11","1","30","1"
"155213","41916","4493","10","0.6","0","1.1","0","2022-07-17 07:31:23","6","3","0"
"155423","441546","4493","105","0.580952","0.15238","6.552380952380952","1623","2022-10-10 14:46:41","15","182","315"
"156869","21979","4490","17","0.411764","0.294117","2.235294117647059","10","","0","1","0"
"157247","1083420","4489","1300","0.555384","0.170769","3.149230769230769","317","2022-11-29 11:51:09","890","3171","356"
"157605","16180","4488","9","0.444444","0","0.1111111111111111","0","2022-07-22 01:49:05","3","2","0"
"157882","1115679","4488","30","0.766666","0.066666","4.966666666666667","722","2022-11-02 09:29:41","13","80","178"
"157949","11521","4488","7","0.571428","0.285714","2.857142857142857","1","2022-04-04 19:38:43","13","22","4"
"157957","100069","4488","346","0.51156","0.141618","3.208092485549133","249","2022-11-29 10:48:44","257","904","305"
"158285","32499","4487","17","0.647058","0.17647","4.764705882352941","8","2022-08-08 07:36:58","2","19","0"
"158668","51928","4487","34","0.588235","0.058823","1.3235294117647058","6","","0","0","0"
"159145","158903","4486","319","0.52978","0.15047","11.068965517241379","275","2022-11-22 05:10:55","231","4779","609"
"159179","18409","4486","18","0.722222","0.111111","1.8888888888888888","0","","0","0","0"
"159270","66689","4486","61","0.62295","0.065573","2.6557377049180326","47","2022-08-17 18:37:02","8","40","5"
"159388","20453","4486","22","0.863636","0.045454","1.9090909090909092","2","2022-11-10 21:55:27","14","21","2"
"159658","19751","4486","6","0.166666","0.333333","1.6666666666666667","1","","0","0","0"
"160245","18547","4485","17","0.705882","0.17647","5.529411764705882","4","2022-10-13 19:50:38","14","42","1"
"160313","75781","4485","5","0.6","0","1.8","6","2022-11-09 15:48:47","3","1","44"
"160665","22191","4484","5","0","0.2","4.4","2","2022-10-12 10:56:23","6","13","0"
"161457","25665","4482","5","0.6","0.4","7.8","2","2022-08-31 15:44:13","4","20","2"
"162094","18452","4481","13","0.615384","0.076923","2.230769230769231","4","2022-11-07 15:14:57","33","42","2"
"162529","21932","4480","15","0.866666","0","1.1333333333333333","17","2022-10-10 17:06:38","8","19","11"
"162698","15222","4480","14","0.714285","0.214285","28.714285714285715","371","2022-11-22 09:11:27","24","582","375"
"162768","13879","4480","17","0.705882","0.058823","1.8823529411764706","2","","0","0","0"
"163177","27275","4479","11","0.363636","0.181818","0.9090909090909091","0","2022-03-29 03:22:04","1","0","0"
"164835","197147","4477","20","0.25","0.6","1.65","3","2022-11-03 10:02:15","12","12","0"
"165071","23406","4477","8","0.5","0.375","5.5","10","2022-11-26 13:05:19","8","24","19"
"165154","22834","4477","19","0.421052","0.157894","0.6842105263157895","0","2022-05-30 00:02:54","5","5","0"
"165216","64204","4476","39","0.615384","0.128205","2.230769230769231","4","2022-11-17 03:04:17","21","43","8"
"165673","186441","4475","5","0.4","0.4","3","5","2022-11-15 01:16:40","3","14","12"
"166893","16540","4473","7","1","0","0.2857142857142857","2","2022-07-11 23:32:51","1","4","0"
"167425","10565","4472","11","0.818181","0.090909","1.7272727272727273","4","2022-10-30 23:42:19","4","8","2"
"167670","11713","4471","8","0.625","0.25","1.125","3","2022-06-21 15:59:57","3","9","0"
"167735","114915","4471","81","0.37037","0.246913","6.530864197530864","2","2022-11-24 08:07:42","68","407","4"
"167745","19509","4471","8","0.75","0.125","1.25","7","2022-10-28 12:21:49","12","45","9"
"168143","23011","4471","8","0.625","0.125","3.25","8","2022-09-02 03:20:02","5","18","6"
"168179","30898","4471","15","0.066666","0.666666","5.933333333333334","27","2022-11-12 00:25:17","6","51","21"
"168657","119053","4470","28","0.214285","0.285714","1.25","0","2022-11-21 02:26:07","12","7","0"
"168703","33247","4470","6","0.666666","0","3.8333333333333335","1","","0","1","2"
"168986","94421","4469","275","0.46909","0.210909","4.381818181818182","328","2022-11-27 09:07:13","121","664","178"
"169346","87401","4468","6","0.5","0.166666","4.333333333333333","0","2022-11-22 10:25:28","23","54","7"
"169394","30383","4685","17","0.882352","0.058823","3.235294117647059","0","2022-09-07 16:11:59","48","198","1"
"169992","80614","4466","20","0.35","0.4","12","0","2022-08-21 19:34:19","8","120","0"
"170230","21296","4466","5","0.6","0","0.8","2","2022-03-17 17:32:51","1","2","0"
"170431","13268","4466","5","0.4","0.2","2.2","0","2022-06-01 12:15:21","1","1","0"
"170521","27249","4465","5","0","0.6","5.4","0","","0","1","0"
"170931","29162","4465","5","0.2","0.6","5.6","7","","0","1","0"
"171318","159499","4464","35","0.257142","0.428571","1.3428571428571427","7","2022-05-20 10:19:28","2","14","0"
"171456","364324","4464","294","0.5","0.210884","1.034013605442177","167","2022-11-23 16:32:48","20","27","11"
"171933","45236","4463","7","0","0.857142","0.5714285714285714","2","2022-09-28 12:40:49","2","5","0"
"171950","30296","4463","8","0.375","0.25","0.75","1","2022-08-31 21:21:26","3","6","0"
"172999","58400","4460","23","0.652173","0.043478","0.7391304347826086","3","2022-10-16 00:55:17","10","20","1"
"173149","49962","4460","28","0.107142","0.714285","1.8928571428571428","7","2022-11-27 15:44:59","40","36","4"
"174027","11601","4458","12","0.416666","0.166666","0.5","5","","0","0","0"
"174777","273240","4457","844","0.680094","0.077014","2.4834123222748814","2474","2022-11-29 21:16:04","632","1567","1696"
"175071","56114","4457","12","0","0.666666","3.8333333333333335","10","2022-11-18 09:56:33","1","6","4"
"175201","14002","4457","7","0.714285","0","3","0","2022-08-26 22:07:58","2","3","0"
"176071","31462","4455","18","0.555555","0.111111","2.4444444444444446","6","2022-05-12 15:28:27","3","6","1"
"176877","38215","4452","8","0.125","0.875","1.375","0","2022-09-12 13:24:56","5","4","0"
"177053","18569","4452","39","0.76923","0.076923","0.3333333333333333","6","2022-11-23 18:19:11","2","1","0"
"177260","11863","4452","7","0.428571","0.142857","1.2857142857142858","0","","0","0","0"
"177489","18310","4452","7","0.142857","0.428571","1.5714285714285714","3","2022-10-17 21:29:45","6","3","2"
"177498","13028","4451","20","0.35","0.55","0.4","0","2022-06-23 13:18:11","5","1","0"
"177516","12606","4451","23","0.434782","0.260869","0.2608695652173913","0","2022-05-13 04:43:32","8","2","0"
"177931","12286","4628","12","0.5","0.25","5.583333333333333","0","2022-08-12 23:17:23","4","27","0"
"178800","23810","4449","8","0.75","0.125","1.5","15","2022-06-07 01:49:02","1","11","11"
"179081","28490","4449","5","0.4","0.4","2.4","5","","0","1","0"
"179104","18846","4449","7","0","0.714285","1.7142857142857142","8","2022-07-21 16:19:38","2","5","4"
"179529","13009","4448","21","0.47619","0.095238","1.4285714285714286","9","2022-10-21 22:34:00","29","55","3"
"179634","11609","4447","5","0.6","0.2","5.6","3","2022-10-28 10:44:02","8","52","0"
"179715","91452","4447","331","0.468277","0.190332","4.1540785498489425","84","2022-11-27 01:25:23","258","1298","72"
"179850","117297","4447","53","0.433962","0.207547","1.4150943396226414","65","2022-11-09 20:30:51","29","46","22"
"179910","495638","4447","127","0.425196","0.244094","1.7716535433070866","8","2022-11-28 23:32:14","114","184","16"
"180156","10020","4446","9","0.666666","0","1.1111111111111112","1","2022-10-20 18:33:25","9","12","2"
"180275","40956","4446","6","0.666666","0.166666","8","2","2022-06-23 13:21:05","4","16","2"
"180286","81490","4446","164","0.676829","0.07317","1.9695121951219512","17","2022-11-27 18:50:14","78","149","12"
"180719","35844","4446","26","0.423076","0.153846","2.5384615384615383","21","2022-07-28 08:10:50","9","17","3"
"181087","57119","4445","7","0.142857","0.571428","3.142857142857143","2","2022-11-17 17:31:01","30","112","0"
"181336","16299","4445","40","0.4","0.225","1.475","6","2022-11-29 11:04:05","36","73","4"
"181569","18129","4444","10","0.7","0.1","1.4","6","","0","2","0"
"181965","61519","4444","106","0.754716","0.028301","2.7547169811320753","48","2022-11-22 16:05:30","80","111","24"
"182402","19733","4443","44","0.613636","0.113636","1.0909090909090908","3","2022-09-29 15:10:16","29","30","0"
"182668","415505","4443","36","0.527777","0.25","47.083333333333336","77","2022-11-23 19:24:24","49","1252","64"
"183172","78813","4442","14","0.928571","0","1.8571428571428572","43","2022-10-27 17:04:19","6","18","31"
"183406","70992","4442","82","0.402439","0.231707","1.1097560975609757","1","2022-11-29 01:26:06","39","37","0"
"183934","42100","4440","33","0.666666","0.090909","5.878787878787879","4","2022-11-23 07:14:10","34","130","13"
"184499","44148","4439","5","1","0","3","5","2022-02-23 17:07:44","1","0","0"
"184509","10239","4439","63","0.412698","0.253968","3.634920634920635","41","2022-10-29 23:40:56","24","74","17"
"184546","31209","4439","127","0.440944","0.204724","4.637795275590551","19","2022-11-07 20:52:40","180","719","23"
"184572","19254","4439","5","0","0.8","0.4","1","2022-11-03 12:54:43","5","1","0"
"184595","32605","4439","5","0.4","0.4","2.4","1","2022-10-30 21:42:46","1","20","0"
"185034","20188","4438","8","0.5","0.25","9","18","2022-08-25 18:17:49","7","34","6"
"185647","24835","4437","150","0.466666","0.206666","4.38","144","2022-11-28 06:39:29","127","550","143"
"185915","19222","4437","6","0.666666","0","3.3333333333333335","0","2022-09-22 15:25:12","6","9","0"
"186822","26990","4436","29","0.310344","0.206896","1.4827586206896552","2","2022-09-23 07:53:28","19","37","7"
"186997","27547","4435","18","0.166666","0.388888","0.3333333333333333","0","2022-07-13 09:18:25","4","1","0"
"187141","105960","4435","5","0","0.8","2.2","3","2022-09-07 07:43:00","5","41","3"
"188096","137119","4433","483","0.747412","0.047619","2.87991718426501","75","2022-11-29 16:58:51","274","640","17"
"188246","107900","4432","22","0.863636","0.045454","1.6363636363636365","9","2022-11-01 14:41:25","12","6","1"
"188331","54474","4432","22","0.5","0.318181","12.545454545454545","105","2022-11-24 05:30:55","19","274","95"
"188740","58052","4432","22","0.363636","0.40909","4.045454545454546","2","2022-10-18 16:03:32","10","33","4"
"188926","19062","4431","5","0.4","0.4","0.6","1","2022-08-22 15:12:54","5","2","0"
"188963","10545","4431","7","0.428571","0.142857","5.428571428571429","3","2022-09-06 20:36:19","2","8","0"
"189103","12512","4431","301","0.64784","0.10299","3.4019933554817277","58","2022-11-20 07:58:53","12","52","0"
"189175","10451","4431","12","0.5","0.25","1.9166666666666667","3","2022-04-04 02:13:35","2","3","3"
"189205","111106","4431","27","0.629629","0","15.592592592592593","8","2022-10-23 18:11:42","7","131","2"
"189247","20826","4431","7","0.571428","0.285714","3","1","2022-11-22 20:08:23","7","49","3"
"189572","10049","4430","5","0.2","0.2","8.4","1","2022-07-13 20:28:06","5","28","1"
"189950","77890","4430","14","0.571428","0.071428","10.285714285714286","20","2022-06-30 15:00:46","25","486","32"
"190277","231226","4429","452","0.637168","0.128318","2.7920353982300883","573","2022-11-26 21:44:08","342","853","326"
"190371","29868","4429","11","0.454545","0","1","1","2022-09-29 14:52:57","10","15","1"
"190823","21704","4429","105","0.695238","0.085714","2.1809523809523808","60","2022-04-01 09:43:11","29","45","9"
"191246","32625","4428","27","0","0.888888","1.2962962962962963","73","2022-11-28 19:02:30","25","34","38"
"191647","22532","4427","10","0.3","0.7","0.5","0","2022-08-31 16:38:16","4","10","0"
"191797","16233","4427","10","0.6","0.2","0.4","0","","0","0","0"
"192373","57444","4425","32","0.46875","0.28125","5.15625","16","2022-11-22 16:02:29","2","25","0"
"192727","12903","4425","6","0","1","1.8333333333333333","0","2022-10-10 09:00:34","4","1","0"
"193178","20313","4424","97","0.597938","0.103092","1.731958762886598","52","2022-11-27 15:08:01","78","196","28"
"193453","16425","4424","7","0.571428","0","4.714285714285714","0","2022-10-15 17:03:14","2","8","0"
"193634","26456","4423","5","0","0.6","6.8","4","2022-11-23 09:43:27","1","12","1"
"194175","34159","4423","6","0.833333","0","1.3333333333333333","0","","0","1","2"
"194982","28497","4422","23","0.608695","0.086956","0.6956521739130435","279","2022-11-09 11:41:14","10","18","151"
"195176","13269","4421","5","0.8","0","5.8","0","","0","0","0"
"195835","59438","4420","8","0.375","0.5","7.5","14","2022-08-11 12:40:59","4","19","6"
"196032","12070","4419","16","0.125","0.625","2.0625","8","2022-11-12 18:46:29","10","39","17"
"196206","25481","4419","5","0.4","0.2","0.6","1","2022-07-28 15:02:59","1","0","0"
"196507","25380","4418","6","0","0.833333","3.1666666666666665","8","2022-09-14 04:18:12","8","20","18"
"196713","22257","4418","16","0.5","0","1.25","1","2022-07-10 13:03:50","3","0","0"
"196919","37870","4418","21","0.238095","0.380952","3.0476190476190474","8","2022-05-12 01:27:50","3","9","3"
"197229","64692","4499","10","0.6","0.2","12.4","1","2022-02-07 10:43:04","1","38","1"
"197546","35994","4417","169","0.568047","0.142011","0.7396449704142012","46","2022-11-29 16:50:18","116","89","28"
"197758","63432","4416","283","0.678445","0.063604","0.007067137809187279","903","2022-11-27 15:29:49","125","0","583"
"198633","114904","4415","41","0.243902","0.414634","3.1219512195121952","23","2022-11-16 20:03:58","3","33","0"
"199017","35792","4415","11","0.636363","0","3.5454545454545454","5","2022-11-27 07:33:21","6","16","4"
"199364","22271","4414","84","0.630952","0.095238","11.785714285714286","91","2022-11-29 23:37:46","232","1616","231"
"199700","49051","4414","8","0.25","0.625","5.75","28","2022-08-20 20:37:36","3","28","11"
"199712","45474","4414","7","0.714285","0.142857","3.2857142857142856","4","2022-11-16 13:33:54","1","4","0"
"200443","13399","4412","17","0","0.647058","0.8823529411764706","1","2022-08-16 08:57:18","3","6","0"
"200936","55820","4411","37","0.648648","0.027027","1.7027027027027026","6","2022-11-28 22:19:18","30","45","0"
"200987","23484","4411","24","0.625","0.166666","6.625","30","2022-11-29 09:17:43","13","90","13"
"201303","37341","4411","48","0.604166","0.083333","2.0416666666666665","99","2022-10-14 22:26:41","17","57","62"
"201359","236976","4410","71","0.535211","0.183098","1.4366197183098592","16","2022-11-17 16:02:34","10","18","2"
"201657","12759","4410","21","0.523809","0.285714","4.523809523809524","1","2022-11-04 10:32:36","13","55","0"
"201725","77081","4410","10","0.4","0","6.3","4","2022-10-17 12:04:58","10","28","0"
"202009","87004","4410","8","0.25","0.5","5.875","5","2022-07-15 13:54:51","7","36","0"
"202168","34250","4410","6","0.333333","0","6.833333333333333","3","2022-11-24 11:27:24","81","811","38"
"202179","10026","4410","44","0.522727","0.136363","1.25","6","2022-11-20 21:32:09","22","24","2"
"202229","34241","4409","63","0.269841","0.380952","13.19047619047619","791","2022-11-28 04:29:41","23","295","399"
"202694","44585","4409","61","0.770491","0.081967","1.6229508196721312","0","2022-10-20 16:02:31","19","48","2"
"203130","80592","4408","47","0.638297","0.063829","1.2765957446808511","6","2022-08-12 19:23:34","9","7","2"
"203371","20314","4408","20","0.65","0.05","1.35","19","2022-09-18 22:17:53","9","14","14"
"203657","51679","4408","13","0.461538","0.076923","84.15384615384616","111","2022-09-07 10:40:08","11","765","79"
"204044","24490","4408","6","0.333333","0.5","0.16666666666666666","0","2022-08-30 01:48:19","2","3","0"
"204883","42454","4407","11","0.272727","0.636363","7.7272727272727275","0","2022-09-20 23:41:25","3","16","0"
"205024","10938","4407","17","0.411764","0.235294","0.7058823529411765","1","","0","0","0"
"205185","131863","4407","362","0.555248","0.124309","2.1464088397790055","35","2022-11-29 18:07:12","159","392","11"
"205233","18132","4407","11","0.363636","0.272727","20.363636363636363","867","2022-08-06 12:42:36","5","124","402"
"205608","109742","4406","586","0.600682","0.11604","1.341296928327645","516","2022-11-29 11:38:52","403","638","424"
"206403","227819","4405","53","0.509433","0.169811","7.716981132075472","140","2022-08-09 15:47:57","8","35","15"
"206466","17120","4405","9","0.333333","0.222222","6.888888888888889","2","2022-09-21 13:47:59","1","12","0"
"207661","70282","4403","6","0","1","1","0","","0","1","0"
"207791","13724","4403","12","0.416666","0.25","4.333333333333333","5","2022-11-01 06:29:47","2","13","2"
"208273","20702","4403","64","0.5625","0.171875","6.734375","866","2022-05-05 08:37:38","5","273","973"
"208288","16644","4402","32","0.625","0.125","2.0625","2","2022-11-21 21:14:23","3","14","6"
"208880","70397","4402","64","0.578125","0.109375","2","21","2022-11-15 17:01:16","44","67","9"
"209103","604008","4402","2748","0.775473","0.041848","1.549854439592431","6628","2022-11-29 18:56:34","1870","2578","4472"
"209199","30331","4401","5","0.6","0","1.2","0","2022-08-26 22:27:49","3","1","0"
"209259","54898","4401","23","0.521739","0.304347","5.565217391304348","104","2022-07-29 02:04:49","3","32","14"
"210342","21305","4400","7","0.571428","0.285714","5.571428571428571","0","2022-11-10 20:32:55","4","41","0"
"210785","31383","4400","22","0.772727","0","2.6818181818181817","6","","0","4","0"
"210841","11441","4399","71","0.704225","0.028169","1.0140845070422535","0","2022-11-29 14:30:18","126","138","0"
"210908","15154","4399","8","0.375","0.25","3","3","2022-05-12 16:29:24","3","8","3"
"211116","94732","4399","11","0.454545","0.181818","2.3636363636363638","5","2022-11-29 13:36:46","32","76","7"
"211627","26173","4398","29","0.448275","0.206896","2.8275862068965516","4","2022-11-03 16:32:06","13","52","5"
"211672","28764","4398","84","0.630952","0.142857","0.8333333333333334","7","","0","0","1"
"211960","30177","4397","8","0.75","0","0.5","0","2022-11-27 21:04:09","4","1","0"
"212378","21283","4397","50","0.28","0.3","4.72","281","2022-11-23 01:43:36","36","184","237"
"212858","68846","4396","124","0.346774","0.25","3.911290322580645","23","2022-11-28 16:11:33","85","314","27"
"212878","19071","4396","40","0.325","0.35","0.925","3","2022-09-11 12:31:22","9","5","0"
"213136","50282","4396","119","0.336134","0.344537","1.3445378151260505","62","2022-11-29 23:18:06","56","48","22"
"213269","131026","4396","230","0.656521","0.095652","1.5565217391304347","1306","2022-11-16 20:21:43","29","59","1654"
"213871","15386","4395","9","0.111111","0.555555","4.111111111111111","3","2022-10-18 17:08:58","5","19","2"
"214446","40511","4394","6","1","0","7.333333333333333","3","","0","25","3"
"214525","11971","4394","21","0.523809","0.285714","9.476190476190476","11","2022-11-24 23:51:18","40","469","35"
"214671","127704","4394","10","0.7","0.1","2.9","3","2022-11-03 19:49:58","11","47","1"
"214790","80083","4394","11","0.90909","0","0.7272727272727273","3","2022-11-04 02:29:16","5","2","2"
"214977","28287","4394","34","0.264705","0.470588","4.794117647058823","24","2022-11-22 17:12:48","45","187","9"
"215120","18531","4403","17","0","0.882352","0.17647058823529413","0","2022-11-26 20:18:42","6","0","0"
"215266","15382","4393","6","0.166666","0.5","2","2","2022-11-28 21:13:07","7","5","0"
"215282","16718","4393","11","0.090909","0.727272","1.9090909090909092","1","2022-04-06 10:13:34","7","12","3"
"215552","12172","4393","55","0.327272","0.345454","69.96363636363637","2312","2022-11-01 15:43:35","36","1864","1701"
"215713","14000","4393","38","0.631578","0.210526","2.026315789473684","40","2022-11-18 15:45:47","36","61","32"
"215752","70763","4393","65","0.36923","0.16923","2.9076923076923076","18","2022-11-11 21:49:37","136","462","65"
"216064","18653","4392","9","0.333333","0.333333","1.7777777777777777","1","2022-10-29 21:49:26","11","11","2"
"216074","392669","4392","80","0.6375","0.1125","2.15","72","2022-10-12 22:40:32","7","28","2"
"216164","64901","4392","10","0.5","0.1","1.7","0","2022-10-09 04:55:22","5","10","0"
"216229","11156","4392","7","0.285714","0.285714","2.7142857142857144","5","2022-10-26 08:01:27","1","0","1"
"216440","20439","4391","5","0.2","0.6","6","0","2022-11-01 05:40:16","6","36","0"
"216513","50067","4391","5","0.6","0","3.6","0","2022-11-08 10:02:49","3","7","0"
"217324","96807","4390","79","0.544303","0.101265","2.4430379746835444","18","2022-11-03 16:16:43","44","91","33"
"217867","11670","4389","19","0.263157","0.315789","2.1578947368421053","8","2022-07-07 12:48:16","21","58","12"
"218196","821055","4389","113","0.522123","0.123893","8.442477876106194","69","2022-11-14 14:03:21","38","344","29"
"218663","13647","4388","140","0.528571","0.214285","4.1","39","2022-04-04 20:36:42","55","330","24"
"219640","10358","4387","28","0.857142","0","1.1428571428571428","9","2022-11-29 12:10:21","17","20","6"
"219661","136531","4387","415","0.414457","0.274698","1.8674698795180722","135","2022-11-18 20:49:43","94","219","29"
"219971","10525","4386","9","0.666666","0","2.5555555555555554","0","","0","0","0"
"220005","19045","4386","9","0","1","1.8888888888888888","2","2022-11-02 11:12:07","9","9","2"
"220984","20172","4384","8","0.5","0.125","3.75","2","2022-11-19 16:17:23","5","10","2"
"221213","31556","4383","7","0.571428","0.285714","0.5714285714285714","26","2022-07-15 16:21:03","4","1","4"
"221955","74378","4382","30","0.566666","0.166666","1.6333333333333333","1","2022-11-11 05:27:38","16","23","0"
"223201","19382","4381","6","0.833333","0.166666","2.1666666666666665","2","","0","1","0"
"223478","48558","4380","19","0.631578","0.315789","2.263157894736842","2","2022-10-12 20:52:12","16","20","1"
"223992","48380","4380","50","0.5","0.12","2.06","12","2022-11-23 20:06:34","29","57","4"
"224132","380924","4380","613","0.64274","0.09951","15.473083197389887","4165","2022-11-29 04:36:46","483","8072","3085"
"224370","39427","4380","24","0.375","0.375","6.333333333333333","0","2022-10-13 02:39:38","5","15","0"
"225016","33581","4379","145","0.786206","0.013793","3.2620689655172415","1","2022-10-23 21:53:39","58","283","0"
"225020","27595","4379","240","0.1375","0.5125","1.3666666666666667","44","2022-11-09 17:51:12","52","77","9"
"225074","58183","4379","114","0.464912","0.254385","12.114035087719298","18","2022-11-14 21:27:12","54","834","11"
"225186","16840","4378","54","0.296296","0.388888","5","32","2022-10-30 04:47:23","34","237","20"
"225757","42071","4377","7","0.571428","0.428571","6.714285714285714","3","2022-10-02 17:15:13","5","36","1"
"226391","26403","4376","30","0.8","0","0.6333333333333333","0","2022-10-07 16:09:12","10","7","0"
"226895","30473","4375","9","0.777777","0.111111","1.1111111111111112","1","2022-11-24 16:03:42","1","4","0"
"227299","92713","4375","21","0.666666","0.095238","15.904761904761905","18","2022-11-11 14:40:26","43","414","30"
"227313","17482","4375","35","0.542857","0.2","1.1714285714285715","3","2022-11-10 16:27:18","8","15","0"
"227436","18993","4375","5","1","0","2.8","1","2022-03-18 19:54:23","1","3","1"
"227755","11837","4374","6","0.333333","0.333333","5.333333333333333","2","2022-11-23 10:26:54","5","30","1"
"227803","26615","4374","10","0.3","0","3.4","1","","0","0","0"
"228171","81382","4374","5","0.6","0","3.6","2","2022-06-18 22:25:00","3","8","0"
"228369","12930","4374","5","0","0.8","5.6","0","2022-11-29 14:23:30","20","28","0"
"229044","241155","4373","57","0.45614","0.210526","2.245614035087719","137","2022-11-25 19:28:16","76","205","77"
"229247","20412","4373","171","0.795321","0.035087","1.1578947368421053","93","2022-11-21 18:10:02","48","43","18"
"229602","73313","4372","5","0.6","0.2","2.6","3","2022-04-27 16:34:40","1","6","2"
"229792","37499","4372","7","0","0.857142","4.142857142857143","12","2022-11-14 15:41:30","7","19","1"
"230471","16174","4371","109","0.293577","0.284403","6.577981651376147","351","2022-11-13 14:54:01","48","293","282"
"230513","206045","4370","53","0.660377","0.075471","4.90566037735849","104","2022-11-25 00:11:51","65","397","152"
"231316","55654","4369","110","0.70909","0.072727","11.872727272727273","45","2022-11-28 18:29:48","86","1256","67"
"231624","15844","4369","7","0.285714","0","8.428571428571429","0","","0","0","0"
"231716","50801","4369","8","0.375","0","0.25","1","","0","0","0"
"232175","12287","4368","7","0.142857","0.714285","1.5714285714285714","0","2022-07-19 07:31:53","3","2","0"
"232642","10757","4367","49","0.918367","0.020408","0.6530612244897959","9","2022-11-28 22:27:23","31","7","4"
"232671","19373","4367","29","0.75862","0","0.6551724137931034","7","","0","0","0"
"232831","12215","4367","17","0.588235","0.117647","0.9411764705882353","1","2022-09-14 20:10:20","10","10","4"
"232918","29226","4367","38","0.289473","0.289473","1.131578947368421","1","2022-11-15 15:30:38","8","8","0"
"232943","10367","4367","18","0.833333","0","0.05555555555555555","2","2022-11-22 07:16:05","8","4","1"
"234270","16291","4365","5","0","1","2.4","1","2022-04-28 04:51:17","1","1","0"
"234288","16367","4780","8","0.25","0.625","1.375","0","2022-04-22 21:05:29","1","2","0"
"234590","67041","4365","13","0.538461","0.076923","0.8461538461538461","48","2022-10-13 00:12:29","9","17","4"
"234593","17097","4365","12","0.166666","0.583333","1.1666666666666667","4","2022-09-09 20:07:34","50","58","2"
"234657","10549","4365","19","0.421052","0.157894","0.21052631578947367","0","2022-10-22 20:58:15","17","6","0"
"234954","13747","4364","22","0.318181","0.454545","1.3636363636363635","6","2022-09-27 00:40:57","9","34","6"
"235334","36704","4363","14","0.142857","0.714285","7.571428571428571","0","2022-08-13 11:47:46","3","35","0"
"235648","32838","4363","68","0.382352","0.161764","3.1176470588235294","35","2022-09-16 06:16:06","7","29","0"
"235660","13605","4363","7","0.571428","0.142857","8.857142857142858","0","","0","13","0"
"235671","19421","4363","7","0.142857","0.571428","6.285714285714286","2","2022-11-21 11:41:51","4","52","5"
"235698","181381","4363","453","0.545253","0.1766","2.3620309050772628","216","2022-11-29 20:14:59","356","920","284"
"235908","16256","4362","22","0.727272","0.045454","1.5","8","2022-06-26 01:42:25","2","3","0"
"236465","70005","4361","102","0.431372","0.17647","1.1176470588235294","2","2022-11-29 21:39:56","246","272","4"
"237105","34525","4361","16","0.1875","0.5","2.25","12","2022-11-28 11:27:15","12","51","24"
"237955","31067","4360","9","0.666666","0.111111","1.7777777777777777","12","2022-11-25 20:10:56","18","26","8"
"238419","86343","4360","24","0.166666","0.666666","1.9166666666666667","4","2022-10-05 00:03:40","18","36","1"
"238671","17844","4358","9","0.666666","0.222222","2","6","2022-11-02 13:09:36","4","11","5"
"238704","42345","4358","12","0.333333","0.416666","67.83333333333333","67","2022-11-29 19:35:42","10","838","157"
"238753","42807","4357","5","0.2","0.6","2.6","1","","0","0","0"
"238884","44859","4357","14","0.428571","0.214285","1.6428571428571428","2","2022-11-29 03:12:38","14","15","0"
"238886","109645","4357","5","0.4","0.2","5.6","1","2022-09-11 06:02:26","2","9","0"
"240363","28234","4354","5","0.4","0.6","17.8","3","2022-09-25 21:50:52","1","60","0"
"240443","199914","4354","117","0.564102","0.188034","2.9145299145299144","4","2022-11-29 23:36:49","179","496","9"
"240949","10597","4353","7","0.857142","0.142857","0","0","2022-11-07 13:31:59","2","2","0"
"241013","12008","4353","14","0.642857","0","0.6428571428571429","0","2022-09-09 19:58:25","2","0","0"
"241605","20843","4352","7","0.428571","0.428571","1.4285714285714286","4","","0","3","1"
"242042","43595","4351","68","0.367647","0.455882","1.8088235294117647","17","2022-11-16 01:41:15","82","99","28"
"242076","16210","4351","7","0.571428","0.428571","1.1428571428571428","1","","0","1","0"
"242682","27573","4349","6","0.166666","0.666666","0.16666666666666666","0","2022-09-26 15:20:53","2","2","0"
"242933","127981","4348","9","0","1","3","5","2022-05-06 15:57:14","1","9","7"
"243192","15248","4348","15","0.666666","0.066666","2","19","2022-04-03 17:41:10","1","2","2"
"243245","34618","4348","11","0.363636","0.272727","18.09090909090909","13","2022-11-17 23:57:38","3","21","0"
"243373","16227","4348","8","0.5","0.25","10","111","","0","1","0"
"243392","22467","4348","9","0","0.888888","1.2222222222222223","61","2022-11-09 18:40:22","6","7","35"
"243563","11838","4348","8","0.625","0","5.5","0","2022-02-21 14:11:00","1","0","0"
"243755","30008","4347","6","0.833333","0","2.5","0","2022-09-09 07:15:41","1","2","0"
"243782","208870","4347","89","0.494382","0.089887","1.5617977528089888","13","2022-08-17 19:43:24","22","25","0"
"243925","10402","4347","29","0.517241","0.241379","3.1379310344827585","46","2022-07-20 13:49:52","3","5","11"
"243991","15412","4347","18","0.5","0.166666","1.1111111111111112","3","2022-09-05 09:06:58","4","5","2"
"244297","152539","4347","9","0.111111","0.888888","0.6666666666666666","12","2022-02-15 20:54:14","1","6","0"
"244993","10684","4346","9","0.444444","0.333333","1.5555555555555556","3","2022-06-07 23:58:52","1","2","0"
"245265","29488","4345","5","0.4","0.4","18.2","1","2022-08-23 07:35:31","6","36","1"
"245966","42031","4345","9","0.222222","0.444444","1.5555555555555556","1","2022-09-30 10:37:19","2","27","1"
"246342","176968","4344","12","0.583333","0.166666","10.666666666666666","49","2022-11-15 13:59:41","10","65","14"
"246461","63423","4344","9","0.666666","0","0.3333333333333333","1","2022-06-16 16:00:11","3","1","0"
"246801","11446","4344","32","0.3125","0.25","2.4375","29","2022-11-12 20:18:44","114","275","70"
"246886","55484","4343","77","0.51948","0.181818","1.6233766233766234","5","2022-11-19 21:55:47","19","29","3"
"246895","21030","4343","9","0.555555","0.111111","1.5555555555555556","4","2022-10-18 17:09:04","13","21","2"
"247090","22073","4343","7","0.571428","0.142857","1.1428571428571428","0","2022-10-27 23:09:18","4","14","0"
"247542","65729","4342","7","0.285714","0.142857","9.857142857142858","0","","0","48","2"
"247623","38505","4342","7","0","0.285714","2.2857142857142856","154","2022-03-24 11:03:18","7","23","83"
"247696","155327","4341","19","0.315789","0.473684","8.68421052631579","109","2022-08-09 08:29:22","15","129","65"
"248123","17587","4341","11","0.363636","0.272727","3.1818181818181817","20","","0","0","0"
"248296","60230","4341","6","0.166666","0.333333","2.3333333333333335","2","","0","6","1"
"248616","35876","4340","5","0.2","0.8","8.2","44","2022-08-30 23:24:33","7","44","31"
"248823","241673","4340","2463","0.736906","0.060089","2.3248071457572066","572","2022-11-29 08:10:08","1069","2181","331"
"249933","70378","4339","11","0.636363","0.090909","0.09090909090909091","0","","0","1","0"
"250259","220480","4339","41","0.707317","0.09756","5.682926829268292","908","2022-09-20 12:14:40","3","12","12"
"250260","126908","4339","21","0.238095","0.571428","0.9523809523809523","6","2022-11-16 18:01:17","11","10","1"
"250422","11269","4338","9","0.666666","0","25.333333333333332","0","","0","24","0"
"250962","15424","4338","8","0.625","0.25","3.375","0","2022-10-05 11:53:27","5","30","0"
"251020","14275","4338","5","0.4","0.4","0.6","0","","0","3","0"
"251311","256297","4337","11","0.454545","0.181818","36.09090909090909","1","2022-09-01 22:30:10","4","127","3"
"252228","168983","4336","590","0.671186","0.069491","2.3101694915254236","55","2022-11-29 10:57:20","364","977","24"
"252518","12909","4335","6","0.166666","0.666666","2.3333333333333335","0","2022-10-29 07:29:28","1","2","0"
"253056","214298","4334","8","0.625","0.25","14.875","131","2022-05-10 09:26:24","7","63","78"
"253468","46868","4420","5","0","0.6","4.4","3","2022-11-15 16:55:01","10","26","10"
"254103","12524","4333","5","0.6","0.2","1","1","2022-07-18 05:03:24","2","0","0"
"254346","26458","4333","42","0.904761","0.023809","0.9761904761904762","1","2022-11-15 14:39:19","51","25","0"
"255376","12868","4331","6","0.833333","0.166666","2.5","1","2022-10-20 01:31:53","2","2","0"
"255688","36364","4331","20","0.6","0.1","0.8","2","2022-09-21 13:33:30","4","6","0"
"255803","11522","4331","14","0.785714","0.071428","4.428571428571429","5","2022-02-25 19:58:35","1","0","0"
"256138","77343","4331","28","0.571428","0.178571","2.607142857142857","6","2022-06-03 13:49:15","1","9","0"
"256196","427912","4331","405","0.269135","0.323456","1.871604938271605","122","2022-11-28 22:36:27","360","816","155"
"256618","78367","4330","6","0","0.333333","0.8333333333333334","0","","0","1","0"
"256662","25586","4330","6","0.833333","0.166666","2.6666666666666665","7","2022-09-11 16:42:04","5","14","5"
"256935","10494","4330","6","0","0.833333","0.5","3","2022-08-26 21:01:41","5","1","1"
"256970","111073","4330","244","0.14754","0.434426","2.762295081967213","26","2022-11-26 23:31:01","212","720","10"
"257182","148242","4330","140","0.307142","0.307142","7.55","69","2022-11-23 12:36:26","89","579","47"
"257299","21745","4329","7","0","0.857142","6.857142857142857","16","2022-10-08 15:06:18","6","62","4"
"257465","48036","4329","18","0.5","0.222222","1.7777777777777777","9","2022-11-26 14:29:29","12","19","3"
"258174","13863","4327","47","0.510638","0.297872","2.297872340425532","10","2022-11-24 00:35:10","53","309","9"
"258483","51914","4327","5","0.8","0","16.8","0","2022-04-25 18:51:30","1","60","0"
"258772","19489","4327","13","0.153846","0.615384","0.9230769230769231","2","2022-10-24 18:46:47","3","3","5"
"259521","31669","4326","19","0.052631","0.789473","3","33","2022-11-29 23:01:20","311","399","44"
"259769","117518","4325","241","0.286307","0.369294","5.020746887966805","160","2022-11-29 08:01:04","277","1320","184"
"260229","11677","4325","52","0.25","0.461538","0.4423076923076923","16","2022-07-03 04:57:29","11","3","2"
"260584","14367","4324","7","0.714285","0","0.5714285714285714","0","","0","0","0"
"260640","10522","4324","19","0.736842","0.052631","4.526315789473684","0","2022-11-27 06:38:09","13","34","0"
"260826","10128","4324","17","0.470588","0","2.7058823529411766","29","2022-11-09 06:44:44","11","21","9"
"261122","27731","4324","7","0.285714","0.428571","0.5714285714285714","2","2022-11-29 21:01:11","3","3","0"
"261142","17502","4324","39","0.384615","0.205128","3.1025641025641026","7","2022-04-22 08:49:28","1","2","1"
"261159","35962","4324","6","0.666666","0.166666","2.5","1","2022-11-29 20:17:08","2","2","0"
"261217","22207","4324","13","0.153846","0.538461","2.1538461538461537","4","2022-08-05 10:47:39","2","6","0"
"262683","38553","4322","12","0.333333","0.333333","2.1666666666666665","2","2022-08-09 10:36:42","7","12","0"
"262727","12226","4321","6","1","0","2.3333333333333335","0","2022-11-22 14:12:54","15","10","1"
"263268","130711","4320","110","0.818181","0.027272","1.0272727272727273","13","2022-11-18 01:02:41","59","65","4"
"263525","384363","4320","78","0.576923","0.102564","3.128205128205128","18","","0","4","0"
"263693","461384","4320","341","0.612903","0.099706","1.3988269794721409","1","2022-11-25 23:26:56","226","338","0"
"264052","65256","4319","8","0.125","0.625","7.5","2","2022-04-13 13:14:47","4","33","1"
"264628","14034","4319","5","1","0","2.2","0","2022-06-28 16:06:29","1","1","0"
"264697","173955","4319","76","0.644736","0.052631","4.25","235","2022-11-27 10:00:31","77","307","240"
"264794","28750","4417","42","0.309523","0.404761","1.6428571428571428","3","2022-11-29 20:14:24","44","70","3"
"265521","99872","4318","55","0.272727","0.490909","2.963636363636364","15","2022-09-14 13:11:19","14","53","2"
"266143","152897","4317","147","0.571428","0.170068","5.061224489795919","48","2022-11-26 14:47:00","59","280","27"
"266304","192508","4317","274","0.547445","0.116788","2.846715328467153","84","2022-11-29 18:58:21","340","900","132"
"266392","11734","4317","6","0.666666","0","1.8333333333333333","1","2022-07-26 15:51:47","2","5","3"
"266487","13780","4317","5","0.6","0","10.8","8","2022-02-21 08:48:31","2","41","5"
"266535","25016","4317","10","0.6","0.3","1","2","2022-09-06 14:10:45","2","4","1"
"266978","12392","4316","6","0.666666","0","0.6666666666666666","0","2022-06-22 10:09:04","2","3","0"
"267482","18974","4316","5","0.2","0.4","2.2","0","2022-05-04 20:56:28","10","15","0"
"267705","18074","4315","6","0.333333","0.5","0.16666666666666666","2","2022-07-01 17:36:18","2","3","0"
"268874","48167","4313","5","0.6","0","6.2","0","2022-10-12 17:29:18","5","30","0"
"269447","14461","4312","5","0.8","0","0.4","6","2022-09-13 21:20:51","4","1","2"
"269970","45057","4311","177","0.610169","0.135593","6.576271186440678","73","2022-11-10 15:19:37","69","615","63"
"270371","132705","4311","28","0.357142","0.428571","0.6785714285714286","2","","0","1","0"
"270986","31369","4311","13","0.538461","0.307692","17.615384615384617","34","2022-08-17 20:03:53","3","191","36"
"271012","12636","4310","71","0.69014","0.084507","0.39436619718309857","21","2022-11-29 22:57:14","97","40","22"
"271353","32241","4310","76","0.618421","0.131578","2.6184210526315788","47","2022-10-30 13:48:32","31","48","7"
"271415","80160","4310","256","0.636718","0.09375","8.11328125","177","2022-11-17 02:15:44","164","2171","177"
"271475","62867","4310","15","0.4","0.266666","1.6666666666666667","0","2022-11-14 21:35:19","9","7","0"
"271641","15866","4309","56","0.535714","0.160714","4.964285714285714","42","2022-11-28 01:34:35","59","305","38"
"271959","129693","4309","96","0.489583","0.15625","5.260416666666667","7","2022-11-21 19:47:11","80","874","6"
"272109","71012","4309","21","0.666666","0.095238","19.142857142857142","288","2022-10-11 17:43:21","15","479","379"
"272180","14611","4309","11","0","0.90909","0.5454545454545454","7","2022-07-27 19:11:05","4","5","2"
"272539","13034","4308","8","0.25","0.25","3.125","15","","0","1","0"
"272952","12933","4332","50","0.68","0.1","0.94","2","2022-10-28 16:26:44","31","23","1"
"272958","10791","4307","14","0.5","0.285714","0.5","0","","0","0","0"
"273119","16065","4307","6","0.5","0.333333","3.3333333333333335","0","2022-10-04 14:12:44","4","7","1"
"274500","26444","4305","5","0.4","0.4","0.2","0","","0","3","0"
"274535","32498","4305","30","0.633333","0.1","1.4666666666666666","9","2022-07-18 08:16:56","9","17","2"
"274937","18217","4304","50","0.58","0.12","0.7","3","2022-11-27 20:46:54","287","39","3"
"275751","10983","4303","13","0.692307","0.076923","2.6923076923076925","1","2022-09-04 22:48:58","13","19","3"
"276232","21113","4303","13","0.615384","0.153846","4.923076923076923","5","2022-11-16 03:46:00","16","79","5"
"276469","11624","4303","36","0.583333","0.138888","18.333333333333332","14","2022-11-26 13:48:39","23","555","9"
"277042","14413","4302","17","0.529411","0.17647","0.5294117647058824","1","2022-11-18 13:56:13","1","0","0"
"277176","72933","4302","68","0.823529","0.044117","2.573529411764706","60","2022-11-15 14:49:55","28","76","22"
"277267","14347","4302","5","0.4","0.6","10.2","13","2022-11-03 15:36:27","5","31","3"
"277368","11194","4302","18","0.666666","0.111111","2.5","0","2022-11-12 01:11:09","11","11","0"
"278842","27261","4299","24","0.291666","0.291666","3.0833333333333335","63","2022-02-03 19:06:27","1","5","10"
"279255","15011","4298","9","0.333333","0.666666","9.88888888888889","4","2022-06-13 07:51:40","4","72","4"
"279516","34571","4407","5","0.8","0","11.4","3","","0","2","3"
"279627","609410","4298","58","0.551724","0.120689","7.155172413793103","36","2022-11-21 10:24:01","21","270","24"
"280143","21844","4297","14","0.428571","0.214285","1.4285714285714286","5","2022-11-20 12:08:03","39","71","8"
"280222","69655","4297","10","0.6","0","0.4","0","2022-11-09 10:10:41","6","1","0"
"280244","121381","4297","23","0.521739","0.217391","2.4782608695652173","0","2022-09-25 12:15:15","9","15","0"
"280602","23453","4297","5","0.8","0","19.2","0","2022-10-11 15:22:12","3","64","0"
"281278","10448","4296","222","0.527027","0.135135","2.581081081081081","135","2022-10-25 08:53:09","133","530","141"
"281545","34627","4296","25","0.44","0.4","2.52","20","2022-10-30 10:06:27","11","18","8"
"281815","11946","4295","23","0.086956","0.565217","0.391304347826087","11","2022-11-05 11:41:48","11","1","3"
"281848","76845","4295","254","0.547244","0.11811","0.5039370078740157","22","2022-11-19 01:08:02","207","172","9"
"282601","31401","4294","25","0.4","0.36","1.04","13","2022-11-17 13:11:24","15","17","8"
"282848","110350","4294","116","0.689655","0.086206","8.89655172413793","46","2022-11-20 18:29:39","51","426","22"
"282983","10733","4293","11","0.636363","0.090909","0.7272727272727273","0","2022-08-15 09:43:35","5","1","0"
"283078","43190","4293","5","0.2","0.2","2.4","9","2022-11-10 14:44:03","4","26","7"
"283366","165797","4292","193","0.569948","0.139896","9.424870466321243","496","2022-11-29 23:05:01","431","3040","863"
"283538","17598","4292","7","0.571428","0.285714","14.714285714285714","0","2022-10-12 08:57:40","4","110","1"
"284240","462103","4291","245","0.518367","0.224489","2.5387755102040814","87","2022-11-29 12:15:39","237","423","73"
"284538","37724","4291","11","0.636363","0.181818","0.5454545454545454","0","2022-11-17 20:41:37","2","2","0"
"285069","10122","4290","34","0.647058","0.147058","1.5588235294117647","4","2022-08-04 21:15:24","17","23","3"
"285465","62481","4290","36","0.333333","0.277777","2.9722222222222223","0","","0","0","0"
"285795","32336","4290","88","0.443181","0.318181","1.5227272727272727","401","2022-10-26 18:29:06","37","54","294"
"286934","20303","4288","74","0.675675","0.081081","14.662162162162161","1086","2022-11-20 21:28:24","61","699","1142"
"287138","10759","4288","6","0.333333","0.666666","3.3333333333333335","2","2022-10-03 11:29:17","4","15","1"
"287586","92335","4287","14","0.428571","0.142857","2.4285714285714284","3","2022-11-29 00:44:20","17","27","2"
"287948","14153","4287","5","0.2","0.4","11","4","2022-10-15 22:27:45","1","16","0"
"288439","22502","4285","9","0.777777","0.111111","1.2222222222222223","0","2022-11-03 22:43:17","1","2","0"
"288568","35919","4285","88","0.670454","0.090909","2","14","2022-11-27 08:56:19","58","157","27"
"288906","32530","4285","26","0.538461","0.230769","1.0769230769230769","5","2022-10-10 08:58:43","9","21","3"
"290085","112886","4284","157","0.636942","0.057324","1.6815286624203822","350","2022-11-24 14:45:57","100","151","206"
"290187","12886","4283","6","0.666666","0","4.666666666666667","0","","0","9","0"
"290339","16078","4283","14","0.285714","0.357142","0.35714285714285715","32","2022-08-24 09:54:17","8","7","28"
"290394","80275","4283","26","0.115384","0.461538","1.9230769230769231","6","2022-11-17 16:53:27","26","52","4"
"290425","12073","4283","17","0.647058","0","0.8823529411764706","2","2022-11-28 08:00:06","16","9","5"
"291180","15027","4282","7","0.142857","0.142857","4.571428571428571","3","","0","3","0"
"291240","16307","4282","12","0.25","0.75","2","2","2022-08-26 04:38:05","6","6","0"
"291641","33513","4282","8","0.75","0","1","0","2022-08-02 08:19:43","6","11","0"
"292411","26474","4281","6","0.666666","0","2.6666666666666665","0","","0","4","0"
"292477","32842","4281","7","0.285714","0.285714","1.4285714285714286","1","2022-11-25 20:11:57","1","0","0"
"292502","10909","4281","23","0.260869","0.434782","2.608695652173913","15","2022-11-02 20:02:31","9","51","4"
"293280","48039","4279","27","0.074074","0.629629","8.148148148148149","47","2022-09-15 15:38:33","4","90","3"
"293680","25963","4278","7","0.714285","0.285714","2.2857142857142856","0","2022-08-28 18:57:23","2","4","0"
"293878","14814","4278","7","0.285714","0.142857","1.8571428571428572","2","2022-11-23 10:30:36","18","18","1"
"294017","11605","4278","22","0.681818","0","0.9090909090909091","2","2022-10-29 18:01:39","3","1","0"
"294657","16262","4277","12","0.75","0.166666","1.6666666666666667","4","2022-08-03 14:33:51","3","11","0"
"294949","62744","4277","141","0.297872","0.297872","1.9219858156028369","34","2022-11-27 16:07:15","194","484","47"
"295004","12356","4277","16","0.5","0.25","24.5625","3","2022-11-06 18:38:11","14","399","3"
"295783","180488","4276","1307","0.432287","0.238714","3.671002295332823","2550","2022-11-29 20:05:27","605","2165","1183"
"296328","98606","4275","31","0.677419","0.096774","54.74193548387097","10","2022-11-24 07:34:55","53","1346","11"
"296427","26968","4275","14","0.642857","0.214285","1.9285714285714286","4","2022-11-15 12:29:24","16","18","8"
"296452","40701","4275","5","0","0.6","2.6","0","2022-11-28 09:09:08","3","4","2"
"296974","91680","4275","9","0.111111","0.333333","1.4444444444444444","7","2022-08-10 08:46:20","3","12","2"
"297322","18033","4274","31","0.32258","0.129032","0.8709677419354839","8","2022-11-06 09:01:41","8","2","0"
"297823","10510","4273","7","0","0.857142","0.14285714285714285","11","2022-09-27 16:38:45","12","11","9"
"298029","18589","4273","21","0.571428","0.047619","0.42857142857142855","0","","0","0","0"
"298225","236656","4272","940","0.395744","0.27234","3.952127659574468","200","2022-11-29 22:40:38","549","2384","150"
"298288","18646","4272","8","0.375","0.5","9.625","2","2022-06-16 16:44:09","2","13","0"
"298455","56176","4272","105","0.590476","0.07619","2.761904761904762","75","","0","2","0"
"298607","104923","4272","324","0.16358","0.546296","1.441358024691358","85","2022-11-27 01:13:34","158","183","30"
"300187","13841","4270","17","0.411764","0.058823","0.9411764705882353","9","2022-08-09 03:01:00","1","1","6"
"300224","39982","4270","9","0.222222","0.777777","1.8888888888888888","0","2022-08-10 20:22:25","2","7","0"
"300257","51725","4270","209","0.507177","0.15311","4.291866028708134","74","2022-11-28 16:52:34","62","359","15"
"301513","12963","4268","21","0.285714","0.428571","7.380952380952381","1","2022-11-04 09:07:17","15","98","0"
"301832","139266","4268","232","0.689655","0.064655","1.581896551724138","97","2022-11-27 11:30:47","116","215","63"
"302139","71260","4268","47","0.425531","0.255319","1.574468085106383","1","2022-06-01 03:32:16","1","11","0"
"302793","11357","4267","18","0.444444","0.277777","1","2","2022-07-01 09:12:50","2","1","0"
"302918","32384","4267","18","0.388888","0.277777","26.88888888888889","18","2022-03-22 13:02:37","2","211","18"
"303298","15461","4266","123","0.536585","0.178861","0.8861788617886179","76","2022-11-25 07:41:18","25","19","16"
"303598","34025","4265","23","0.521739","0.173913","0.5217391304347826","17","2022-07-02 18:51:24","6","6","7"
"303612","21677","4265","10","0.8","0","0.8","0","2022-11-08 20:56:38","5","5","0"
"303914","23430","4264","11","0.454545","0.454545","1.9090909090909092","4","2022-07-09 10:37:07","4","10","0"
"303931","11588","4264","5","0","1","0","0","2022-10-29 20:35:01","12","3","0"
"304683","12521","4264","11","0.545454","0.090909","3.1818181818181817","1","","0","0","0"
"305135","19648","4263","42","0.595238","0.214285","1","9","2022-05-22 20:17:22","3","7","0"
"305189","46548","4263","5","0.2","0.4","2.8","4","2022-09-08 12:11:46","4","12","1"
"305319","11474","4263","10","0.3","0.4","1.8","7","2022-10-05 08:58:36","4","11","183"
"305689","11267","4262","16","0","0.5625","0.5","8","2022-11-29 23:12:03","5","16","9"
"306030","12918","4262","8","0.875","0","0.5","0","2022-10-08 22:48:39","5","4","1"
"306149","67852","4262","22","0.772727","0.181818","0.7272727272727273","2","2022-05-09 20:49:55","4","5","0"
"308066","22066","4259","5","0","0.6","1.8","1","2022-06-28 08:23:21","2","1","0"
"308237","27786","4259","25","0.32","0.28","1.52","0","2022-11-23 01:33:26","15","22","1"
"308731","14958","4258","79","0.556962","0.126582","3.6835443037974684","553","2022-10-16 15:47:31","9","43","53"
"308851","11908","4258","8","0.375","0.25","1.75","2","2022-10-23 19:17:19","4","19","1"
"309412","65394","4257","8","0.375","0.25","1.875","0","2022-10-20 01:24:04","11","9","0"
"309483","21525","4257","10","0.2","0.6","2.8","7","2022-11-22 21:11:42","3","2","2"
"310121","43162","4256","9","0.444444","0.111111","0.8888888888888888","0","2022-08-09 13:30:06","2","7","2"
"310139","11996","4256","8","0.5","0.25","1.125","0","2022-10-10 11:35:41","5","4","3"
"310726","97524","4255","80","0.375","0.275","1.9","2","2022-11-15 12:50:19","46","83","0"
"311130","36988","4255","12","0.666666","0.083333","7.583333333333333","0","2022-05-06 19:02:38","1","9","0"
"311413","20539","4255","11","0.363636","0.363636","0","1","","0","0","0"
"311420","12862","4255","9","0.222222","0.444444","2.4444444444444446","0","2022-11-15 11:13:07","3","8","1"
"311655","15451","4254","6","0.166666","0.666666","2.6666666666666665","0","","0","1","0"
"311712","44095","4254","7","0.714285","0","3.857142857142857","11","","0","2","0"
"312681","11623","4253","6","0","0.833333","1.8333333333333333","2","2022-03-27 10:44:37","1","1","1"
"312896","19482","4253","15","0.266666","0.466666","2.8","2","2022-10-19 13:01:21","2","14","2"
"313400","14762","4252","47","0.702127","0.085106","1.851063829787234","2","2022-10-27 14:29:13","4","14","3"
"313501","11531","4252","20","0.15","0.65","2.35","1","2022-09-26 12:22:12","2","11","0"
"313628","19832","4252","152","0.822368","0.032894","1.111842105263158","6","2022-11-29 09:50:39","252","205","9"
"313768","16973","4251","16","0.25","0.4375","4.5625","5","2022-11-16 02:57:15","17","72","20"
"314291","108145","4250","13","0.307692","0.076923","3.8461538461538463","13","2022-10-03 16:35:34","9","21","8"
"315052","71110","4249","47","0.297872","0.340425","4.595744680851064","29","2022-11-20 17:08:40","22","120","10"
"315168","85460","4249","162","0.611111","0.15432","1.5617283950617284","59","2022-11-29 19:49:42","160","181","49"
"316310","13625","4248","30","0.566666","0.133333","1.7333333333333334","2","2022-11-22 16:29:05","43","78","0"
"316343","14882","4248","10","0.5","0.2","1.8","11","2022-09-08 10:09:31","1","2","0"
"316408","11053","4248","10","0.5","0.3","8.9","16","2022-04-12 13:31:53","3","43","10"
"316469","36179","4718","5","0.4","0.6","17","4","","0","33","4"
"316700","39542","4248","24","0.166666","0.625","1.5416666666666667","6","2022-07-29 11:17:39","8","14","3"
"316799","38718","4248","9","0.444444","0.222222","1.4444444444444444","10","","0","3","2"
"317052","53086","4247","42","0.571428","0.095238","1.119047619047619","39","2022-11-17 20:23:35","33","52","47"
"317522","14767","4247","11","0.090909","0.818181","2.090909090909091","22","2022-11-02 13:04:49","11","18","7"
"318493","38558","4246","44","0.40909","0.272727","1.3409090909090908","10","2022-11-16 09:01:13","28","73","1"
"318716","10012","4246","6","0.333333","0","1.8333333333333333","8","2022-10-11 17:30:13","2","11","7"
"318749","16711","4246","14","0.285714","0.357142","2.642857142857143","0","2022-10-12 20:29:32","5","30","1"
"318758","111969","4246","5","0.4","0","2.4","0","","0","0","0"
"320087","11385","4243","9","0","0.666666","0","0","2022-04-24 18:34:49","5","1","0"
"320615","223958","4243","6","0.5","0.166666","1.3333333333333333","0","2022-11-21 14:41:08","87","131","0"
"320700","53915","4243","5","0.6","0.2","12.2","0","2022-11-20 05:34:24","33","80","1"
"320726","115188","4243","7","0","0.714285","4.428571428571429","2","2022-11-09 19:45:46","9","9","0"
"321013","39523","4242","6","0.333333","0.666666","3.6666666666666665","2","2022-11-11 07:38:20","11","28","11"
"321697","134923","4242","7","0.714285","0","1.1428571428571428","0","2022-08-31 13:43:57","7","1","0"
"321862","23561","4241","5","0.8","0","0.4","0","","0","1","0"
"322084","14387","4241","187","0.475935","0.219251","0.7807486631016043","30","2022-11-27 16:36:14","180","179","41"
"322912","70893","4245","28","0.392857","0.357142","3.607142857142857","22","2022-11-16 10:22:10","16","64","11"
"323407","28420","4240","18","0.555555","0.055555","3","1","2022-11-19 21:36:18","14","21","2"
"323547","11023","4240","12","0.333333","0.25","2.0833333333333335","2","2022-09-04 14:56:53","2","3","5"
"324105","74355","4239","19","0.631578","0.157894","3.6842105263157894","5","2022-11-15 04:24:32","23","65","4"
"324157","13426","4239","6","0","0.166666","2","0","","0","1","0"
"324531","10053","4239","6","0.333333","0.5","2.5","4","","0","1","0"
"325418","152230","4588","18","0.277777","0.5","7.722222222222222","4","2022-08-13 06:43:20","1","34","2"
"325452","14089","4237","8","0.375","0.5","7.375","2","2022-11-23 08:29:55","2","13","1"
"325479","12878","4237","6","1","0","0.16666666666666666","6","","0","0","0"
"325697","14539","4236","14","0.857142","0","0.7857142857142857","11","2022-11-19 18:50:19","13","15","3"
"327026","44562","4235","8","0.25","0.5","0.25","18","2022-11-22 00:38:18","8","0","1"
"327083","31551","4235","13","0.692307","0.076923","22","23","2022-04-27 17:41:45","5","62","2"
"328036","21740","4234","9","0.555555","0.111111","1.7777777777777777","17","","0","2","0"
"328193","221454","4234","322","0.540372","0.173913","3.8447204968944098","92","2022-11-29 22:59:30","506","2171","200"
"328294","14910","4234","21","0.428571","0.428571","2.619047619047619","0","2022-11-23 21:54:14","13","38","1"
"328565","24590","4233","6","1","0","0.16666666666666666","1","2022-05-06 01:12:06","1","4","1"
"328848","20481","4233","5","0.6","0.4","2.2","0","","0","0","0"
"329709","11265","4232","7","0.285714","0.571428","0.7142857142857143","0","","0","1","0"
"330057","82923","4232","10","0.4","0","3.6","2","2022-08-16 19:38:13","1","5","0"
"330457","22481","4231","9","0","0.555555","4.777777777777778","15","2022-11-18 12:24:20","6","36","11"
"330867","40157","4230","8","0.25","0.375","8","0","2022-10-12 06:45:25","3","19","0"
"331281","10591","4229","8","0.5","0.25","2.375","2","2022-04-16 10:56:53","2","11","6"
"332059","67237","4228","289","0.577854","0.069204","1.3356401384083045","38","2022-11-29 17:52:51","411","546","86"
"332124","20263","4228","8","0.375","0.5","0.25","0","","0","0","0"
"332578","32354","4228","10","0.2","0.5","5","8","2022-09-13 17:20:59","9","32","8"
"333296","10237","4227","7","0.285714","0.571428","5.857142857142857","5","2022-11-10 14:16:17","5","19","1"
"333340","38094","4227","118","0.694915","0.067796","2.711864406779661","49","2022-11-03 22:13:33","65","220","25"
"333700","23167","4227","16","0.5625","0.0625","9.1875","1","2022-11-23 14:05:04","9","99","1"
"333777","12219","4227","7","0.571428","0","0","1","2022-07-10 15:53:06","1","1","0"
"333786","40685","4227","15","0.8","0.2","0.4","0","2022-07-05 08:13:20","3","2","0"
"334395","20830","4552","6","0","0.833333","1","1","2022-05-23 14:32:15","1","0","2"
"334402","25684","4226","141","0.751773","0.078014","0.7163120567375887","0","2022-11-27 17:43:16","86","62","0"
"334451","16504","4226","39","0.282051","0.538461","7.051282051282051","7","2022-11-29 16:18:12","18","240","1"
"334831","32976","4226","19","0.210526","0.473684","0.6842105263157895","3","2022-08-02 11:50:57","5","0","1"
"335638","27971","4225","9","0.777777","0","1.7777777777777777","0","2022-04-09 13:03:46","6","9","0"
"335858","729753","4225","56","0.410714","0.303571","2.25","13","2022-11-25 02:13:38","11","57","3"
"336378","18666","4224","47","0.680851","0.106382","0.9361702127659575","3","2022-11-07 13:22:59","48","43","2"
"336578","20950","4223","10","0.5","0.3","1.4","0","","0","1","0"
"336827","31067","4223","40","0.05","0.725","0.825","5","2022-09-18 09:52:29","4","10","11"
"336920","46346","4222","17","0.647058","0.117647","1.588235294117647","1","2022-09-16 14:22:04","7","26","0"
"337149","11445","4222","70","0.285714","0.314285","0.8857142857142857","5","2022-11-05 18:33:54","29","31","5"
"337315","21394","4647","11","0.363636","0.090909","3.3636363636363638","18","2022-04-29 19:08:53","3","7","2"
"338479","10245","4221","5","0.2","0.6","7.4","0","2022-09-10 01:06:16","3","66","2"
"339637","91608","4287","62","0.612903","0.080645","0.7580645161290323","22","2022-11-10 05:04:49","111","69","39"
"340688","60521","4219","5","0.6","0.2","2.8","0","2022-11-14 00:07:04","15","24","1"
"340760","100846","4219","5","0.6","0.2","2.2","2","2022-09-26 12:51:39","2","2","0"
"341291","14259","4218","13","0.384615","0.384615","4.153846153846154","0","","0","1","0"
"341583","57069","4218","5","0.8","0","1.2","0","2022-02-20 02:41:20","1","4","0"
"341750","70786","4426","22","0.681818","0.090909","0.5454545454545454","0","2022-11-06 21:32:30","5","2","0"
"341994","541019","4217","942","0.575371","0.123142","4.018046709129512","125","2022-11-29 14:04:47","426","2181","97"
"342331","18458","4216","72","0.680555","0.097222","1.0694444444444444","23","2022-11-24 17:33:49","78","105","9"
"342546","13816","4216","5","1","0","2.4","5","2022-08-04 19:46:30","2","8","1"
"342553","26918","4375","7","0.857142","0","5.714285714285714","0","2022-11-22 20:13:24","6","26","0"
"342852","300937","4215","15","0.533333","0.066666","2.4","10","2022-03-15 21:29:26","1","1","0"
"343721","33206","4214","21","0.238095","0.714285","1.9047619047619047","7","2022-11-19 07:57:43","11","26","6"
"344223","17423","4214","232","0.659482","0.125","1.1163793103448276","7","2022-11-16 05:05:50","106","105","8"
"344487","17145","4214","9","0.444444","0.222222","3.6666666666666665","0","2022-03-09 10:25:16","1","4","0"
"344643","11537","4213","5","0","0.8","0.4","0","","0","0","0"
"345027","11667","4213","15","0.733333","0","1.3333333333333333","3","2022-07-20 16:35:32","2","19","0"
"345031","145841","4213","9","0.666666","0.333333","13.777777777777779","4","","0","1","0"
"345648","17831","4212","6","0","0.833333","2.1666666666666665","2","2022-11-11 20:54:28","15","17","2"
"345716","16559","4416","16","0.25","0.3125","4.0625","7","2022-11-10 22:46:03","1","16","0"
"346112","15278","4212","11","0.272727","0.545454","0.7272727272727273","3","2022-04-26 13:53:49","1","2","1"
"347484","10608","4211","26","0.423076","0.423076","5.346153846153846","5","2022-09-19 17:30:06","27","163","4"
"347508","20369","4211","10","0.6","0.1","1.4","2","","0","4","0"
"347767","10686","4210","51","0.62745","0.098039","0.8431372549019608","2","2022-09-24 16:20:25","24","14","2"
"347964","40812","4210","188","0.829787","0.053191","1.5797872340425532","8","2022-11-23 10:44:35","64","82","1"
"348841","15566","4208","5","0.4","0.4","3.4","1","2022-11-27 16:49:48","3","6","0"
"349100","25209","4208","7","0","0.714285","1.7142857142857142","0","2022-08-19 16:53:42","5","10","0"
"349130","56505","4208","21","0.714285","0.047619","42.95238095238095","13","2022-11-24 08:46:33","9","953","6"
"349659","15201","4207","9","0.222222","0.666666","3.111111111111111","4","2022-10-31 20:43:46","11","28","1"
"350061","11273","4207","7","0.285714","0.428571","0.7142857142857143","8","2022-09-14 13:04:33","1","1","1"
"350613","32391","4206","109","0.761467","0.027522","1.6330275229357798","54","2022-09-13 10:05:36","18","38","11"
"350858","100324","4206","5","0.4","0.2","1.6","0","2022-08-22 08:10:51","3","3","0"
"351031","48376","4206","11","0.636363","0.181818","1.8181818181818181","1","2022-10-26 20:09:14","5","7","0"
"351305","12295","4206","6","0.333333","0.333333","5.666666666666667","0","2022-08-21 10:17:49","6","24","0"
"351564","12041","4205","8","0.625","0.25","2.625","0","2022-06-03 02:02:12","7","12","0"
"351705","45168","4205","34","0.588235","0.205882","3.7058823529411766","2","2022-11-29 18:31:28","16","44","0"
"353147","12005","4204","5","0.2","0.4","1.4","0","2022-07-02 20:58:13","1","5","4"
"353337","59865","4203","50","0.34","0.44","1.44","80","2022-11-21 12:23:22","11","20","17"
"353820","35734","4202","7","0","0.571428","1.1428571428571428","0","2022-10-14 07:11:56","7","4","0"
"354577","139712","4201","104","0.673076","0.105769","14.076923076923077","365","2022-11-29 16:01:08","240","2040","662"
"355230","124283","4200","426","0.380281","0.276995","7.563380281690141","8470","2022-08-04 12:43:56","235","1570","4253"
"355438","22553","4200","8","0","1","5.875","8","2022-11-18 18:02:08","5","12","6"
"355456","18745","4200","6","0","0.666666","10.333333333333334","0","2022-07-15 01:18:46","2","31","0"
"355715","15846","4200","194","0.77835","0.072164","1.365979381443299","12","2022-11-28 04:11:50","131","213","4"
"355931","21137","4200","5","0.4","0","2.2","0","2022-11-15 17:22:29","1","4","0"
"356838","11092","4199","25","0.8","0","1.32","10","2022-10-20 11:09:24","5","11","4"
"356849","65682","4199","13","0.846153","0","2.1538461538461537","1","2022-11-29 22:18:40","60","156","3"
"356887","10219","4199","70","0.457142","0.242857","5.057142857142857","9","2022-08-07 20:42:15","2","21","0"
"358328","42233","4197","5","0.6","0","0.4","0","","0","0","0"
"358556","29062","4197","5","0.2","0.4","1","3","","0","2","0"
"359650","13394","4195","23","0.652173","0.086956","2","0","","0","6","0"
"360060","19868","4194","43","0.72093","0","1.0930232558139534","5","2022-11-15 09:37:34","2","6","0"
"360067","41165","4194","14","0.571428","0.071428","1.2142857142857142","3","","0","0","0"
"360211","54981","4194","8","0.25","0.5","1.75","3","","0","1","2"
"360899","27433","4194","12","0.666666","0","0.3333333333333333","4","","0","0","2"
"361427","20162","4193","7","0.714285","0.142857","1","0","2022-10-06 15:14:42","1","4","0"
"361842","24846","4193","5","0.2","0.4","9.6","4","2022-11-21 17:07:39","20","116","8"
"361855","12493","4193","5","0","0.4","9.4","2","2022-10-28 15:57:51","3","21","0"
"361899","16822","4193","33","0.757575","0.060606","6","47","2022-11-27 23:42:42","15","100","12"
"362536","163787","4192","83","0.734939","0.096385","4.566265060240964","39","2022-11-28 05:43:11","57","145","12"
"362589","31841","4192","21","0.333333","0.190476","0.8571428571428571","0","2022-11-17 20:30:40","19","12","0"
"363028","34289","4191","58","0.517241","0.155172","0.896551724137931","6","2022-11-21 08:26:20","45","30","1"
"363437","13162","4191","13","0.461538","0.153846","2.076923076923077","5","2022-11-05 14:10:50","9","6","1"
"363592","17832","4191","6","0.5","0.166666","1.3333333333333333","6","2022-10-13 22:09:16","5","3","0"
"363751","82287","4191","105","0.123809","0.561904","6.847619047619047","2","2022-11-28 19:06:08","51","470","1"
"364696","158181","4190","317","0.539432","0.198738","3.9873817034700316","144","2022-11-29 19:36:08","405","1695","152"
"364818","21137","4190","11","0","0.90909","2.090909090909091","4","2022-10-11 17:12:28","4","16","6"
"365102","28092","4189","55","0.345454","0.454545","3.4545454545454546","194","2022-11-06 10:28:38","56","113","1633"
"365237","53845","4189","62","0.451612","0.258064","5.032258064516129","58","2022-10-12 10:33:20","8","44","8"
"365738","27047","4188","28","0.464285","0.178571","2.6785714285714284","2","2022-06-26 14:25:44","1","4","0"
"366064","17253","4187","9","0.111111","0.444444","5.333333333333333","5","","0","9","1"
"366348","14250","4187","15","0.866666","0.066666","1.7333333333333334","14","2022-10-23 16:30:48","7","10","6"
"366377","79525","4187","8","0.375","0.5","3.25","5","2022-09-02 16:58:33","4","3","3"
"366664","13528","4187","9","0.333333","0.111111","5.888888888888889","8","2022-02-01 11:29:40","1","11","0"
"366904","246337","4190","21","0.714285","0.095238","11.714285714285714","961","2022-08-26 11:28:45","4","79","313"
"367401","53316","4186","18","0.444444","0.333333","3.888888888888889","4","2022-06-17 10:52:18","13","46","3"
"367456","200029","4186","106","0.443396","0.141509","5.471698113207547","172","2022-11-21 22:11:52","93","370","129"
"367865","16961","4185","51","0.568627","0.235294","10.03921568627451","80","2022-11-22 20:24:10","29","570","126"
"368354","10397","4185","5","0.6","0.2","2.8","7","2022-07-31 08:48:13","2","12","8"
"368379","24469","4185","45","0.711111","0.066666","5.355555555555555","42","2022-10-17 11:50:40","23","126","41"
"368691","74864","4185","7","0.142857","0.857142","5.714285714285714","8","2022-10-14 06:43:48","14","25","2"
"368697","45030","4185","29","0.620689","0.068965","1.3448275862068966","1","2022-11-28 15:51:18","4","5","1"
"369434","46431","4184","372","0.782258","0.037634","2.6693548387096775","408","2022-11-27 11:16:25","399","1165","484"
"369792","29340","4184","30","0.333333","0.433333","2.566666666666667","1","2022-10-21 01:44:00","9","23","0"
"369874","14144","4184","9","0.666666","0.111111","0.3333333333333333","0","2022-07-16 22:42:38","2","2","0"
"371739","39506","4181","7","0.857142","0","2.5714285714285716","2","2022-07-26 04:41:31","1","1","0"
"371753","39051","4181","7","0.714285","0.142857","1","15","","0","1","0"
"372239","91859","4180","77","0.532467","0.181818","3.5324675324675323","1280","2022-11-10 10:52:47","51","116","43"
"372643","123475","4180","5","0.8","0","4","1","2022-08-01 10:16:58","3","5","0"
"373706","10809","4179","13","0.538461","0.076923","0.8461538461538461","0","","0","1","0"
"375147","12602","4177","7","0.285714","0.428571","1.4285714285714286","3","2022-11-03 16:54:50","2","6","0"
"375722","18581","4177","42","0.857142","0","0.7142857142857143","7","2022-10-31 16:09:31","16","24","3"
"376483","22479","4176","7","0.142857","0.285714","2.5714285714285716","11","2022-11-08 10:16:05","2","3","1"
"377011","14677","4175","7","0.428571","0.571428","3.142857142857143","2","2022-06-16 19:48:05","3","41","0"
"379235","93121","4172","7","0.428571","0.142857","2.7142857142857144","1","2022-11-23 17:21:20","2","5","1"
"379855","33256","4171","6","0.333333","0.5","1.5","2","2022-10-26 20:59:28","4","13","2"
"379897","217740","4175","35","0.428571","0.171428","3.0285714285714285","0","2022-06-14 13:56:02","2","33","0"
"380231","88293","4171","10","0.8","0.2","1.1","2","2022-05-05 03:47:24","1","2","0"
"380316","10536","4171","7","0.142857","0.714285","3.857142857142857","9","2022-11-29 16:52:52","21","31","8"
"380384","29452","4171","129","0.279069","0.271317","2.3333333333333335","19","2022-11-25 00:17:21","112","307","25"
"380487","55688","4171","8","0.875","0","0.75","0","2022-11-08 17:11:49","14","4","2"
"380607","17401","4171","9","0","0.888888","6.111111111111111","21","2022-10-05 12:02:04","4","21","3"
"380774","19487","4170","24","0.583333","0.25","0.4166666666666667","3","2022-11-10 09:01:11","9","3","1"
"381282","38749","4170","316","0.667721","0.079113","1.8765822784810127","149","2022-11-17 04:04:41","62","161","20"
"381422","10377","4170","36","0.583333","0.222222","1.5","8","2022-05-25 15:37:11","3","14","3"
"381588","23812","4170","15","0.6","0.066666","0.7333333333333333","1","2022-11-24 19:07:35","15","26","0"
"381801","12182","4169","10","0.7","0.2","3.1","2","","0","1","0"
"383200","27193","4167","25","0.44","0.2","2.56","1","2022-11-04 16:07:25","20","79","1"
"383710","52986","4166","8","0.375","0.25","0.625","3","2022-08-02 09:37:34","4","4","6"
"383904","209350","4166","325","0.36","0.292307","3.5938461538461537","184","2022-11-27 14:21:35","215","920","155"
"384417","16465","4165","86","0.66279","0.127906","0.5813953488372093","12","2022-02-16 19:00:17","13","11","3"
"385273","57730","4164","11","0.181818","0.272727","1.3636363636363635","11","2022-05-17 21:40:06","1","3","2"
"385326","17513","4164","48","0.583333","0.125","2.125","1","2022-10-22 13:02:18","29","50","0"
"385433","28957","4164","6","0.166666","0.333333","1","0","","0","1","0"
"385997","56444","4164","132","0.939393","0.015151","0.6666666666666666","17","2022-06-27 19:40:41","40","24","2"
"386201","12550","4163","37","0.486486","0.216216","3.135135135135135","4","2022-11-05 17:56:32","14","26","1"
"386738","21238","4163","8","0.375","0.125","4.375","5","2022-11-28 11:00:39","8","27","3"
"387076","109135","4163","37","0.405405","0.216216","1.2162162162162162","7","2022-11-24 22:18:05","37","16","6"
"387194","67300","4163","44","0.477272","0.272727","4.318181818181818","12","2022-11-24 14:30:00","38","120","11"
"388389","57930","4161","21","0.571428","0.333333","1.2857142857142858","5","2022-10-18 17:21:49","12","17","0"
"388520","142935","4161","42","0.333333","0.404761","4.880952380952381","3","2022-11-25 04:06:20","36","175","6"
"388787","75140","4160","24","0.458333","0.333333","1.7916666666666667","1","","0","1","0"
"388827","11554","4160","6","0.333333","0.5","1.5","1","2022-08-23 22:35:37","9","7","0"
"388951","17346","4160","5","0.4","0.2","2.8","1","2022-07-19 12:27:35","3","9","0"
"388980","31653","4160","19","0.631578","0.157894","0.7368421052631579","5","2022-06-08 08:09:28","6","9","3"
"389099","19335","4160","11","0.727272","0","2.272727272727273","6","2022-11-10 11:15:59","2","0","3"
"389146","49578","4159","7","0.571428","0.285714","1","1","2022-05-20 20:30:14","3","0","0"
"389289","19542","4159","37","0.27027","0.27027","6.783783783783784","16","2022-11-08 22:54:31","8","96","4"
"389649","14699","4159","21","0.095238","0.761904","0.47619047619047616","16","2022-03-01 16:26:57","1","1","3"
"390278","136120","4158","32","0.375","0.28125","2.3125","8","2022-09-24 09:18:08","25","101","7"
"390330","278618","4158","39","0.615384","0.102564","0.23076923076923078","0","2022-10-17 06:46:43","12","4","1"
"390708","20345","4158","11","0","0.272727","0.2727272727272727","2","2022-10-27 15:16:39","5","5","2"
"391161","76757","4157","6","0.333333","0.166666","3.5","0","2022-04-13 19:06:41","1","15","0"
"391605","29453","4157","11","0","0.818181","2.5454545454545454","1","2022-08-14 18:05:50","3","6","0"
"393701","43279","4155","7","0.428571","0.285714","3","3","2022-11-24 23:50:40","13","49","9"
"393805","17200","4155","5","0.4","0","4.2","0","2022-07-08 19:58:20","2","19","1"
"393931","23363","4155","12","0.083333","0.75","0.8333333333333334","2","2022-09-29 17:09:09","5","7","0"
"394010","40632","4821","15","0.733333","0.066666","2.1333333333333333","5","","0","3","0"
"395255","12450","4324","12","0.25","0.25","5.666666666666667","3","2022-08-24 17:19:55","6","29","0"
"395718","16839","4152","46","0.608695","0.152173","3.5652173913043477","2","2022-11-23 14:16:48","22","86","0"
"395857","85230","4152","6","0","0.666666","1.3333333333333333","6","2022-09-28 01:03:16","18","22","6"
"395869","15620","4152","9","0","0.666666","4.888888888888889","2","","0","13","0"
"395897","26401","4152","12","0.583333","0","1.0833333333333333","0","","0","10","0"
"395910","66882","4152","159","0.490566","0.257861","4.628930817610063","66","2022-11-29 10:39:44","98","574","74"
"396476","25864","4151","6","0.5","0.166666","2.5","1","2022-08-07 13:03:50","12","21","6"
"396567","14301","4151","12","0.666666","0","1.4166666666666667","5","2022-09-30 20:53:11","5","9","0"
"396681","24822","4151","5","0.4","0","3.6","0","2022-11-10 08:28:42","4","8","0"
"397524","15251","4208","15","0.266666","0.466666","5.666666666666667","11","2022-08-17 15:43:27","8","35","8"
"397830","21161","4150","8","0.5","0.125","15.5","0","2022-09-16 09:19:59","11","134","0"
"398309","37074","4150","6","1","0","0.5","0","","0","1","0"
"398461","11065","4523","12","0.166666","0.666666","7.75","4","2022-10-24 12:58:32","7","34","1"
"398519","18884","4150","15","0.466666","0.133333","1.7333333333333334","12","","0","0","0"
"398670","330049","4149","7","0.142857","0.571428","4.857142857142857","0","2022-11-14 03:05:02","5","14","0"
"398863","16057","4149","12","0.5","0.083333","1.75","0","","0","0","0"
"398963","12637","4149","12","0.166666","0.333333","1.9166666666666667","1","2022-09-22 11:30:07","25","39","5"
"399105","16288","4149","13","0.153846","0.538461","1.6923076923076923","3","2022-09-30 13:56:00","12","14","2"
"400617","128161","4148","10","0.9","0","0","1122","2022-10-20 18:39:53","7","0","693"
"400790","16635","4147","8","0.375","0.5","4.375","0","2022-11-24 12:11:37","6","24","2"
"401025","70626","4147","6","0.5","0.166666","2.1666666666666665","2","","0","35","1"
"402022","41575","4145","224","0.772321","0.049107","1.3883928571428572","48","2022-11-29 23:53:00","217","260","21"
"402037","21945","4145","17","0.529411","0.235294","167.35294117647058","157","2022-10-29 12:07:31","7","1174","59"
"402281","10127","4549","5","0.2","0.4","5","2","2022-10-12 12:54:27","3","32","3"
"402322","24316","4145","90","0.366666","0.311111","2.033333333333333","44","2022-11-22 17:31:18","17","53","3"
"402366","15006","4145","37","0.432432","0.081081","3.2162162162162162","10","2022-11-21 20:33:18","17","68","4"
"402428","10934","4145","33","0.333333","0.424242","0.6060606060606061","12","2022-11-24 07:20:30","35","56","5"
"403671","141797","4144","85","0.764705","0.129411","12.035294117647059","80","2022-11-29 21:47:48","69","834","86"
"404264","26944","4143","49","0.836734","0.061224","2.122448979591837","31","2022-11-29 00:58:46","45","128","24"
"404970","67075","4143","203","0.40394","0.221674","10.532019704433498","234","2022-11-28 14:07:42","119","1368","169"
"405013","20783","4143","6","0.833333","0","1.6666666666666667","0","2022-09-16 02:14:31","2","2","0"
"405042","10131","4143","6","0","0.833333","0.16666666666666666","0","2022-10-15 14:35:16","4","0","0"
"406249","19891","4142","10","0.7","0.2","1.6","11","2022-10-15 08:20:42","65","139","11"
"406429","55661","4699","36","0.722222","0","1.1388888888888888","0","","0","0","0"
"406659","38722","4141","8","0","1","0.875","2","2022-08-11 05:17:09","1","1","0"
"406691","46869","4141","73","0.657534","0.054794","1.0273972602739727","1","2022-11-26 16:51:59","32","26","1"
"406712","42461","4141","5","0.4","0.4","1","2","2022-04-10 13:49:24","1","2","0"
"407650","28337","4140","7","0.142857","0.428571","4.142857142857143","0","2022-11-22 02:12:35","3","29","0"
"407651","51582","4140","43","0.674418","0.093023","13.116279069767442","433","2022-11-29 13:38:39","29","437","389"
"408182","26399","4139","15","0.666666","0","0.8666666666666667","2","2022-05-30 22:23:27","1","1","0"
"408199","14063","4138","8","0.625","0.125","0.375","0","","0","0","0"
"408390","17463","4138","22","0.727272","0.045454","2.8181818181818183","14","2022-08-28 12:39:05","4","3","0"
"409172","37010","4137","107","0.607476","0.112149","1.1962616822429906","173","2022-11-28 00:56:31","25","33","22"
"409228","20104","4137","7","1","0","2.857142857142857","117","2022-02-10 23:22:26","2","4","24"
"409275","19568","4137","19","0.578947","0.315789","0.7894736842105263","0","","0","1","0"
"409792","15630","4137","18","0.5","0.277777","0.6666666666666666","5","2022-11-25 15:56:30","7","4","0"
"410767","106927","4136","60","0.466666","0.183333","1.7166666666666666","5","2022-11-26 01:02:08","15","36","3"
"410867","22396","4136","10","0.2","0.4","2.1","5","","0","8","0"
"411846","15969","4135","5","0.4","0.4","2.6","1","2022-09-25 08:52:14","9","8","6"
"411918","27475","4256","9","0.555555","0.111111","0.8888888888888888","30","2022-07-27 09:03:53","2","1","2"
"412080","137957","4135","41","0.585365","0.170731","2.4878048780487805","6","2022-11-24 22:43:12","31","97","1"
"412446","16668","4135","723","0.744121","0.051175","0.6390041493775933","22","2022-11-22 16:42:26","231","178","9"
"412916","63921","4134","5","0","0.8","0.4","2","2022-08-13 15:34:20","7","14","0"
"413127","76837","4239","32","0.40625","0.3125","2.1875","4","2022-10-21 11:21:14","23","101","8"
"413337","79833","4134","53","0.735849","0.094339","7.452830188679245","29","2022-11-17 12:13:54","41","190","8"
"413924","15190","4133","46","0.608695","0.130434","1.7391304347826086","6","2022-11-29 10:25:20","5","17","1"
"414062","66943","4133","17","0.411764","0.470588","4.0588235294117645","3","2022-10-05 10:02:34","19","104","4"
"414813","30691","4131","10","0.6","0.1","2.1","1","2022-11-09 04:28:41","2","8","0"
"415016","23991","4131","685","0.354744","0.310948","1.9124087591240877","63","2022-11-29 16:37:02","60","121","2"
"415303","23797","4185","135","0.674074","0.037037","1.3777777777777778","20","2022-11-28 20:34:37","65","41","17"
"415448","165373","4353","457","0.57768","0.094091","1.3829321663019694","32","2022-11-29 18:03:58","350","536","26"
"415559","10220","4131","58","0.603448","0.068965","4.896551724137931","1","2022-09-26 22:35:11","8","74","0"
"415661","14435","4358","12","0.333333","0.333333","2.5833333333333335","0","2022-11-09 10:24:22","6","4","1"
"416467","185735","4130","42","0.238095","0.333333","2.357142857142857","7","2022-11-23 14:23:01","44","150","11"
"417501","95063","4129","68","0.691176","0.044117","13.441176470588236","78","2022-11-17 14:30:00","72","665","37"
"418150","11317","4128","22","0.363636","0.40909","2.0454545454545454","72","2022-11-02 14:08:35","12","59","74"
"418413","77897","4128","14","0.142857","0.571428","2.0714285714285716","5","2022-11-11 20:14:12","7","17","2"
"418556","169049","4128","69","0.724637","0.086956","16.014492753623188","1742","2022-06-28 01:02:45","22","307","795"
"418599","11361","4128","289","0.532871","0.166089","0.9515570934256056","449","2022-11-25 08:58:01","122","74","386"
"419348","18606","4127","12","0.333333","0.5","1.25","0","2022-10-12 07:56:03","4","3","0"
"419705","15318","4127","87","0.816091","0.045977","6.586206896551724","58","2022-11-17 14:13:08","50","240","63"
"419761","20334","4216","22","0.272727","0.454545","4.136363636363637","2","2022-11-02 15:11:26","11","32","1"
"419956","64634","4127","11","0.818181","0","2","12","2022-11-24 01:28:23","12","25","11"
"420683","39541","4126","9","0.444444","0.444444","21.444444444444443","4","2022-03-21 10:50:24","1","5","1"
"421018","77808","4289","29","0.655172","0.103448","5.206896551724138","15","2022-11-28 09:26:40","21","182","27"
"421178","11079","4125","78","0.423076","0.230769","3.5128205128205128","129","2022-09-28 22:35:00","6","30","12"
"421195","123256","4125","151","0.549668","0.15894","6.218543046357616","166","2022-11-29 22:11:05","88","544","82"
"421705","56715","4124","64","0.796875","0.0625","1.609375","152","2022-11-09 18:55:06","34","72","158"
"422060","18188","4124","7","0.714285","0","0.5714285714285714","0","2022-11-11 11:34:00","7","1","1"
"423170","41399","4123","26","0.423076","0.115384","1.4230769230769231","0","2022-11-22 22:21:06","9","8","0"
"423497","36590","4122","292","0.626712","0.089041","0.952054794520548","6","2022-11-29 23:10:07","180","263","7"
"423926","17086","4122","106","0.396226","0.283018","0.41509433962264153","8","2022-11-03 11:28:12","27","18","1"
"424499","229696","4122","29","0.413793","0.275862","0.5862068965517241","39","2022-10-19 05:49:51","86","41","15"
"425823","38937","4121","13","0.076923","0.76923","1.6923076923076923","1","2022-11-24 16:19:10","15","17","3"
"426185","12346","4120","13","0.461538","0.153846","22.76923076923077","0","2022-11-25 17:17:25","9","266","0"
"426242","14883","4120","6","0.833333","0","1","2","2022-10-10 09:25:12","6","5","0"
"427083","80285","4119","6","0.5","0","0.8333333333333334","0","","0","6","0"
"427158","40425","4119","21","0.238095","0.523809","2.7142857142857144","16","2022-09-14 20:54:54","8","34","3"
"427332","100768","4119","15","0.8","0.066666","1.9333333333333333","4","2022-07-24 12:13:13","1","8","1"
"427544","10056","4118","17","0.470588","0.17647","0.7058823529411765","0","2022-11-16 17:19:56","12","7","0"
"427899","10721","4118","7","1","0","2","2","2022-09-27 04:46:46","5","20","4"
"428857","17244","4117","23","0.304347","0.260869","4.521739130434782","1","2022-06-27 13:42:43","7","37","0"
"429846","175863","4116","24","0.791666","0.083333","2.2083333333333335","3","2022-11-24 18:37:39","30","51","7"
"430062","23585","4116","6","0.5","0.333333","3.1666666666666665","0","2022-06-20 01:07:11","3","7","3"
"430128","20033","4116","24","0.375","0.416666","1.875","5","2022-11-03 17:21:12","4","19","2"
"430766","35324","4115","18","0.277777","0.222222","4.5","4","2022-11-29 06:45:12","70","122","5"
"430909","49971","4115","12","0.416666","0.333333","0.4166666666666667","0","2022-09-20 21:09:03","2","3","0"
"432358","44457","4114","49","0.387755","0.204081","6.183673469387755","0","2022-09-27 15:05:14","16","117","0"
"432509","49670","4217","6","0.333333","0.5","3","6","","0","15","9"
"432681","20560","4113","26","0.884615","0","1.5384615384615385","11","2022-11-01 21:04:39","11","13","0"
"433073","16980","4113","5","0.2","0.4","9","2","2022-09-24 14:50:49","2","22","3"
"434293","11667","4111","6","0.166666","0.333333","1","0","","0","0","0"
"434551","207333","4110","55","0.30909","0.327272","2.1272727272727274","9","2022-08-18 22:22:13","4","14","2"
"434742","20581","4110","17","0.529411","0.235294","5.529411764705882","171","2022-09-10 08:21:12","6","21","5"
"435093","39823","4110","6","0.666666","0.166666","4.5","10","2022-11-25 15:26:31","18","46","29"
"435129","31481","4110","21","0.47619","0.285714","3.380952380952381","9","2022-10-16 09:14:23","2","35","11"
"435253","15515","4110","5","0.2","0.2","2.2","0","2022-11-04 14:52:16","4","5","0"
"436275","10160","4109","41","0.780487","0.02439","1.3658536585365855","0","2022-11-07 15:52:05","32","32","6"
"436341","53300","4109","92","0.173913","0.652173","0.22826086956521738","88","2022-10-06 17:10:27","15","2","15"
"436560","81708","4108","504","0.41865","0.271825","1.5615079365079365","489","2022-11-27 18:14:01","443","820","384"
"436641","70742","4108","127","0.677165","0.110236","0.6771653543307087","48","2022-11-06 00:14:57","5","6","2"
"436976","16999","4108","5","0.6","0.2","4.2","0","","0","3","0"
"438117","24719","4107","14","0.571428","0.142857","0.7142857142857143","1","2022-06-24 01:46:12","2","7","0"
"438154","281209","4107","6","0.666666","0.166666","40.5","261","","0","80","222"
"438273","34867","4107","97","0.484536","0.123711","2.288659793814433","8","2022-11-29 12:26:28","513","961","65"
"438329","45727","4107","6","0.5","0.166666","2","0","2022-07-20 13:57:22","2","2","0"
"438386","34344","4107","53","0.773584","0.056603","3.452830188679245","24","2022-07-26 14:53:05","17","71","7"
"438497","13665","4106","13","0.153846","0.461538","0.38461538461538464","2","2022-07-21 11:35:48","3","5","0"
"438992","160570","4106","30","0.633333","0.133333","64.86666666666666","286","2022-11-02 16:38:09","13","1221","251"
"439194","11096","4106","71","0.774647","0.028169","2.436619718309859","35","2022-11-23 10:51:40","42","141","26"
"439790","11745","4105","27","0.851851","0.074074","6.111111111111111","10","2022-07-24 17:06:55","6","37","5"
"440558","412063","4103","442","0.511312","0.192307","13.486425339366516","351","2022-11-29 17:26:52","322","5267","320"
"441662","11640","4102","5","0.6","0","3.4","4","","0","3","1"
"441757","89473","4102","6","0.666666","0.166666","31.166666666666668","550","2022-11-15 09:14:22","6","91","642"
"441979","12012","4101","38","0.68421","0.131578","2.1578947368421053","3","2022-11-17 22:45:16","28","52","4"
"442945","21355","4100","56","0.125","0.357142","2.5","53","2022-11-18 23:32:45","86","194","135"
"443523","13253","4100","31","0.290322","0.387096","2.903225806451613","22","2022-11-29 10:04:00","10","49","11"
"444255","10582","4099","6","0","1","2.8333333333333335","6","2022-09-04 10:09:47","3","21","4"
"445131","155605","4098","6","0","0.5","7","43","2022-11-23 14:05:21","8","19","24"
"445221","76519","4098","6","0","0.833333","3.6666666666666665","3","2022-05-17 21:54:19","1","17","0"
"445425","53267","4097","96","0.395833","0.1875","4.208333333333333","149","2022-11-29 23:49:56","41","302","97"
"445908","21903","4096","42","0.190476","0.571428","1.0476190476190477","2","2022-11-27 00:54:47","52","34","1"
"445976","18721","4096","13","0.076923","0.461538","18.153846153846153","116","","0","43","54"
"446267","16524","4096","5","0","0.6","0.2","1","2022-03-18 22:00:54","1","5","0"
"446279","38359","4096","9","0.222222","0.444444","2.2222222222222223","0","","0","5","0"
"446591","28075","4117","5","0.4","0.2","2","6","2022-04-28 17:14:29","1","3","1"
"446594","14129","4096","53","0.792452","0.018867","7.037735849056604","411","2022-11-28 09:22:16","49","507","989"
"446681","26738","4096","12","0.916666","0.083333","3.75","4","2022-11-04 18:32:52","6","15","2"
"446822","26264","4334","11","0.545454","0.181818","2.272727272727273","1","2022-11-23 07:08:45","3","12","1"
"447156","99154","4095","6","0.333333","0.166666","1.8333333333333333","29","2022-11-20 07:58:42","6","6","28"
"447344","22882","4095","11","0.181818","0.363636","3.4545454545454546","0","2022-11-14 16:19:42","18","22","6"
"447901","16524","4094","110","0.381818","0.254545","2.463636363636364","18","2022-04-02 15:04:57","38","106","11"
"447970","36193","4094","106","0.669811","0.047169","2.188679245283019","39","2022-11-13 19:24:55","47","69","15"
"448078","21302","4094","35","0.171428","0.514285","1.2571428571428571","1","2022-11-29 02:07:07","5","5","0"
"448292","17120","4094","9","0.111111","0.666666","0.3333333333333333","0","2022-05-18 12:07:45","1","2","0"
"448474","15738","4094","5","0.6","0","1.8","4","2022-07-30 19:54:27","4","5","2"
"448625","59754","4094","10","0.3","0.7","0.6","3","","0","0","0"
"448810","17921","4094","5","0.2","0.6","0.2","0","","0","1","0"
"448875","28935","4094","249","0.526104","0.164658","2.3815261044176705","2","2022-11-26 20:23:03","134","398","1"
"448932","29049","4276","17","0.470588","0.17647","44.1764705882353","9","2022-10-05 15:10:46","10","321","3"
"449553","10490","4093","14","0","0.785714","0.9285714285714286","4","2022-10-18 10:56:14","4","2","1"
"450128","72241","4092","25","0.2","0.36","4.52","1","2022-11-22 23:33:19","46","142","1"
"450917","32370","4092","5","0","0.6","4.6","18","2022-06-09 02:25:57","10","33","26"
"451321","11248","4091","15","0.2","0.533333","6.266666666666667","3","2022-11-29 23:00:50","23","114","3"
"451480","13689","4091","5","0","1","1.2","2","2022-11-20 10:02:38","4","3","2"
"451492","10532","4091","42","0.595238","0.047619","1.4285714285714286","3","2022-11-22 06:57:30","35","49","1"
"451518","13626","4091","5","0.8","0","3","5","","0","1","0"
"451600","14767","4091","16","0.5","0.1875","4.75","4","2022-10-25 07:56:40","27","151","0"
"451634","55491","4091","23","0","0.826086","0.5217391304347826","2","2022-11-27 22:41:18","7","18","1"
"451941","22143","4090","25","0.96","0","1.52","3","2022-11-19 03:11:00","7","10","1"
"451969","49403","4807","24","0.208333","0.375","4.75","9","2022-10-18 14:56:01","8","47","6"
"452775","12194","4089","7","0.428571","0.428571","7.857142857142857","373","2022-11-24 06:53:17","6","48","127"
"452845","12058","4163","5","0.2","0.4","5.2","0","2022-11-01 14:43:53","9","39","0"
"453002","54288","4089","44","0.613636","0.045454","7.681818181818182","15","2022-11-24 03:18:28","34","247","18"
"453005","38606","4089","30","0.266666","0.4","0.9666666666666667","25","2022-11-29 20:16:58","29","22","5"
"453314","21683","4089","8","0","0.625","1.5","20","2022-11-10 01:20:51","3","2","4"
"453435","32459","4088","10","0.4","0.5","6.6","19","2022-09-13 22:59:17","1","16","1"
"453590","22721","4088","5","0.6","0","2.2","1","2022-04-26 10:00:35","1","0","0"
"453616","11228","4314","9","0.444444","0.333333","9","1","2022-10-05 08:00:24","3","36","0"
"453673","20862","4088","9","0.333333","0.333333","5.666666666666667","11","2022-09-06 13:29:09","4","37","11"
"453803","26301","4088","6","0.666666","0.166666","2.6666666666666665","0","2022-04-21 13:36:17","2","15","0"
"454252","27846","4088","7","0","0.571428","0.42857142857142855","0","2022-02-12 15:58:37","1","7","0"
"454533","192582","4087","15","0.533333","0.2","4.6","2","","0","0","0"
"454780","46107","4087","17","0.17647","0.647058","5.764705882352941","3","2022-11-14 16:46:52","14","67","7"
"455042","21488","4087","6","0.833333","0.166666","3.1666666666666665","0","2022-07-21 13:29:49","1","2","0"
"455556","23034","4087","6","0.166666","0.833333","0.16666666666666666","0","2022-02-03 16:34:23","1","2","0"
"457268","67992","4085","18","0.611111","0.166666","5","31","2022-04-13 09:46:09","2","11","5"
"457392","11754","4085","9","0.222222","0.555555","5.222222222222222","1","2022-05-13 08:44:30","3","21","0"
"458259","43171","4084","9","0.444444","0.222222","2.2222222222222223","1","2022-09-27 07:27:23","6","13","0"
"459557","10393","4082","10","0.7","0.1","7.7","0","2022-11-08 12:48:46","7","102","4"
"459640","72585","4082","58","0.327586","0.172413","6.241379310344827","14","2022-09-19 00:07:08","22","212","3"
"459745","41633","4460","29","0.448275","0.275862","0.6896551724137931","7","2022-11-28 23:30:00","87","68","37"
"460084","19818","4081","15","0.066666","0.733333","5.933333333333334","2","2022-06-09 10:02:38","2","31","1"
"460557","23887","4081","10","0.6","0.1","9.9","9","2022-11-25 20:03:05","16","177","8"
"461597","16636","4080","8","0.5","0.5","3","4","2022-05-06 19:45:33","2","5","0"
"461847","11584","4080","69","0.73913","0.028985","0.6811594202898551","7","2022-11-25 08:38:54","46","28","10"
"462347","14794","4079","8","0.5","0.375","9.125","112","2022-11-17 19:04:21","2","11","58"
"462627","167450","4079","69","0.536231","0.101449","2.927536231884058","37","2022-09-06 00:15:22","29","87","32"
"463038","24699","4079","22","0.5","0.181818","0.4090909090909091","22","","0","0","0"
"463115","83404","4079","107","0.644859","0.140186","1.8598130841121496","85","2022-11-29 10:09:34","34","69","29"
"463243","22577","4079","49","0.530612","0.244897","2.7346938775510203","12","2022-11-28 15:00:12","36","58","6"
"463304","88371","4079","7","0.571428","0.285714","2.142857142857143","3","2022-04-26 18:54:54","2","5","0"
"463319","30982","4079","307","0.602605","0.130293","2.1433224755700326","46","2022-11-29 22:25:30","219","455","52"
"463796","11267","4078","22","0.590909","0.181818","1.6363636363636365","1","2022-11-14 19:44:20","14","20","3"
"465053","26437","4076","23","0.217391","0.695652","10.91304347826087","88","2022-09-03 12:06:16","5","49","334"
"465183","188766","4076","5","0","0.8","1.6","0","2022-11-29 20:03:13","34","51","17"
"465223","44744","4076","46","0.630434","0.173913","3.1739130434782608","5","2022-10-13 10:20:45","21","108","2"
"465677","19424","4075","59","0.457627","0.203389","5.677966101694915","6","2022-11-10 12:20:34","8","62","1"
"465915","10488","4075","5","0","1","1.8","2","2022-05-31 07:33:53","3","1","0"
"466761","19857","4074","5","0.4","0.2","2.2","1","2022-11-25 15:28:36","6","18","12"
"466862","110634","4074","221","0.683257","0.081447","8.425339366515837","9151","2022-11-29 08:25:28","144","1925","6047"
"467473","75264","4073","153","0.313725","0.313725","0.3202614379084967","46","2022-11-23 19:27:31","219","73","75"
"467509","23679","4073","6","0","1","1.8333333333333333","0","2022-10-18 14:51:39","13","7","2"
"468973","47482","4072","17","0.294117","0.352941","4.0588235294117645","6","2022-11-24 15:02:19","22","98","13"
"469300","77709","4072","5","0","0.4","2.4","1","","0","2","0"
"469935","133889","4071","21","0.666666","0.095238","1.1428571428571428","0","","0","1","0"
"470005","237123","4071","34","0.352941","0.323529","1.7941176470588236","7","","0","0","0"
"470184","54360","4071","8","0.5","0.375","6.375","0","2022-10-24 21:53:23","4","20","0"
"470583","15050","4071","7","0.142857","0.428571","0.5714285714285714","0","2022-06-27 15:59:28","4","6","0"
"470749","24633","4071","22","0.363636","0.5","8.818181818181818","11","2022-11-16 19:32:59","12","159","13"
"470772","11696","4070","12","0.333333","0.416666","3.8333333333333335","0","2022-10-23 09:00:29","22","21","0"
"470844","12270","4070","8","0.125","0.625","2.125","5","2022-06-17 14:21:27","2","4","3"
"471070","24472","4335","34","0.852941","0","0.8529411764705882","2","2022-11-06 14:32:15","16","20","1"
"471129","27615","4070","247","0.757085","0.05668","2.6558704453441297","65","2022-11-28 20:34:26","203","710","127"
"471160","50424","4070","21","0.47619","0.238095","2.4285714285714284","0","2022-07-22 15:54:59","5","9","0"
"471164","57862","4070","87","0.344827","0.482758","0.39080459770114945","31","2022-11-20 17:09:45","18","13","12"
"471213","27167","4070","23","0.47826","0.043478","2.130434782608696","1","2022-06-01 14:08:50","1","5","1"
"471930","12550","4068","20","0.6","0.1","3.05","0","2022-10-18 22:18:38","9","24","1"
"472109","27532","4068","105","0.771428","0.066666","1.0952380952380953","20","2022-11-09 03:52:54","50","69","3"
"472495","20233","4379","21","0.333333","0.095238","32.61904761904762","11339","2022-11-20 12:47:31","11","648","9547"
"473040","14337","4067","8","0.5","0.25","0.875","0","2022-10-28 11:47:33","7","5","0"
"473194","12580","4067","8","0.5","0.125","0.875","0","","0","0","0"
"473770","22402","4067","72","0.458333","0.180555","0.8055555555555556","26","2022-06-22 16:26:58","4","7","0"
"474034","13259","4066","6","0","0.666666","1.3333333333333333","3","2022-02-25 10:08:57","1","7","8"
"474349","58013","4066","48","0.458333","0.104166","5.458333333333333","52","2022-07-25 16:56:26","3","15","1"
"475031","30735","4066","6","1","0","1.1666666666666667","0","2022-10-13 17:11:00","18","32","0"
"475727","27887","4348","16","0.1875","0.375","9.125","1","2022-07-07 06:32:23","6","65","3"
"476371","21341","4065","5","0.6","0.2","13.6","25","2022-10-25 13:28:05","7","35","42"
"476712","13135","4064","6","0.333333","0.166666","0.3333333333333333","2","2022-05-29 18:10:28","1","6","0"
"476716","39381","4064","18","0.166666","0.555555","6.888888888888889","19","2022-11-17 14:08:55","56","108","152"
"476791","21823","4064","15","0.066666","0.6","1.4666666666666666","21","2022-07-16 16:17:55","5","8","8"
"476951","33559","4064","57","0.368421","0.263157","3.2280701754385963","49","2022-11-28 09:21:50","2","15","8"
"477037","115236","4064","117","0.367521","0.213675","5.589743589743589","78","2022-11-22 08:26:27","96","559","82"
"477420","101206","4064","8","0.375","0","68.875","145","2022-11-15 17:33:49","18","570","143"
"477476","27777","4064","19","0.789473","0","2.8421052631578947","22","2022-11-06 06:24:29","2","8","5"
"477878","182097","4063","21","0.571428","0.285714","7","2","2022-11-29 16:10:32","7","77","2"
"478406","13105","4062","7","0.714285","0.142857","6.142857142857143","0","2022-06-21 06:07:16","4","22","0"
"478460","30541","4062","7","0.857142","0","1.1428571428571428","3","2022-09-07 04:15:37","4","1","0"
"478656","29342","4062","29","0.448275","0.241379","1.6896551724137931","6","2022-11-29 19:55:43","148","126","34"
"478742","12357","4062","5","0","0.6","3","0","2022-06-12 08:04:05","1","3","2"
"478884","169908","4061","754","0.730769","0.070291","3.6618037135278514","283","2022-11-29 23:17:29","670","2554","300"
"479251","23394","4061","39","0.410256","0.410256","6.3076923076923075","38","2022-11-28 23:03:25","19","130","10"
"479851","15079","4061","6","0","1","1.3333333333333333","0","2022-10-12 16:41:00","1","12","0"
"479863","436640","4061","45","0.533333","0.155555","4.2","80","2022-11-19 17:52:18","22","85","28"
"480467","10494","4060","12","0.083333","0.916666","0.25","0","2022-11-27 19:05:44","6","2","0"
"480608","34395","4060","23","0.130434","0.391304","1.0869565217391304","19","2022-10-01 11:26:29","7","11","5"
"480674","12793","4060","20","0.55","0.25","6","10","","0","2","0"
"480982","61312","4060","214","0.514018","0.21028","3.532710280373832","113","2022-11-26 14:27:05","154","723","74"
"481267","123252","4059","106","0.632075","0.122641","1.349056603773585","8","2022-11-29 00:54:01","121","146","8"
"482594","17566","4058","9","0.666666","0.222222","4.333333333333333","0","","0","1","0"
"482717","64842","4058","50","0.44","0.3","1.12","72","2022-04-15 15:41:39","2","8","12"
"483779","79176","4057","5","0.2","0.6","1.6","0","","0","1","0"
"484041","19891","4057","42","0.619047","0.071428","1.0714285714285714","7","2022-11-25 10:27:05","59","70","10"
"484814","34004","4056","8","0.5","0.125","6.75","1","","0","12","0"
"485343","86760","4056","288","0.548611","0.204861","2.375","76","2022-09-27 16:49:26","34","71","7"
"485406","28321","4055","11","0.636363","0.090909","3.8181818181818183","0","","0","4","0"
"486900","15507","4054","19","0.68421","0.263157","1.7894736842105263","0","","0","7","0"
"487813","41004","4053","150","0.506666","0.2","9.513333333333334","501","2022-11-21 09:27:25","83","873","66"
"487892","10961","4053","17","0.647058","0.17647","165.1764705882353","399","2022-11-23 15:31:05","17","2022","250"
"488784","12943","4052","6","0","0.666666","2.8333333333333335","1","2022-04-28 18:39:04","1","1","0"
"489590","14623","4051","5","0.6","0","1.8","1","","0","0","0"
"490018","18329","4051","7","0.285714","0.571428","1.4285714285714286","110","2022-09-18 05:32:37","43","57","153"
"490291","10773","4051","7","0.142857","0.571428","6.571428571428571","4","2022-10-18 19:22:40","1","6","0"
"491216","12902","4050","5","0.4","0","2.2","1","2022-04-02 16:26:23","1","1","0"
"491553","25577","4050","10","0.2","0.7","2.5","3","2022-02-15 16:01:59","2","8","0"
"491907","12961","4049","44","0.568181","0.227272","12.409090909090908","34","","0","9","0"
"492293","13759","4207","15","0.733333","0","6.8","0","2022-11-15 07:33:09","9","44","1"
"492335","31980","4049","19","0.789473","0.052631","1.368421052631579","29","2022-11-03 17:33:36","3","4","0"
"492336","80858","4049","12","0.416666","0.166666","2.6666666666666665","19","2022-11-02 12:45:06","10","29","20"
"492620","29160","4048","7","0.142857","0.285714","4.142857142857143","28","2022-02-17 22:16:29","1","8","2"
"492773","34942","4048","8","0.5","0","2.875","2","2022-11-03 21:56:47","9","17","1"
"493161","38742","4047","22","0.272727","0.545454","1.2272727272727273","4","2022-10-11 01:28:59","4","9","0"
"493729","59902","4047","114","0.605263","0.122807","2.1140350877192984","94","2022-11-23 23:53:01","45","95","45"
"493928","28821","4047","5","0.6","0.4","2.2","1","2022-04-11 19:04:25","1","2","0"
"494134","33858","4047","125","0.384","0.28","10.976","48","2022-11-29 21:23:18","222","1807","66"
"495041","31330","4046","6","0.5","0.333333","2.3333333333333335","0","2022-10-23 05:55:08","5","7","1"
"495455","66394","4112","46","0.369565","0.391304","3.6739130434782608","56","2022-11-24 07:43:07","91","252","107"
"495796","33414","4045","12","0.583333","0.083333","1.1666666666666667","3","","0","1","0"
"496099","21380","4045","25","0.72","0.04","6.92","1","2022-11-29 14:31:07","74","555","0"
"496289","18085","4045","70","0.414285","0.2","1.9","40","2022-09-09 17:42:55","9","44","11"
"496405","11131","4045","7","0.142857","0.142857","1.4285714285714286","0","2022-05-03 13:47:56","1","1","0"
"496488","94646","4045","31","0.548387","0.129032","2.2580645161290325","20","2022-03-23 16:16:29","1","2","1"
"496803","94385","4044","84","0.25","0.345238","5.2023809523809526","77","2022-11-21 22:25:09","90","332","91"
"497139","19552","4044","82","0.585365","0.060975","0.6707317073170732","3","2022-11-23 11:37:26","43","39","0"
"497381","17543","4044","60","0.7","0.083333","1.0333333333333334","3","2022-11-18 08:27:27","27","24","3"
"497418","180127","4044","5","0.4","0.4","2","0","2022-09-15 14:48:32","2","3","0"
"497828","13449","4044","10","0.4","0.3","1.6","10","2022-10-10 13:22:22","10","12","10"
"497934","26131","4043","12","0.25","0.416666","2","5","","0","4","1"
"498256","45667","4043","10","0.3","0.6","1.4","12","2022-04-25 21:50:25","5","5","9"
"498298","19025","4043","24","0.333333","0.208333","0.9166666666666666","1","2022-05-10 06:34:27","2","4","0"
"498437","22521","4043","8","0.5","0.25","3.125","1","2022-08-05 10:29:01","2","12","0"
"498699","44298","4043","6","0.5","0.166666","1.1666666666666667","2","2022-04-28 20:32:46","2","2","0"
"499448","36405","4042","6","0.333333","0.166666","8.166666666666666","0","","0","18","0"
"499466","13471","4042","11","0.636363","0.272727","1.8181818181818181","10","2022-11-22 00:31:52","5","5","2"
"499917","42106","4041","6","0.333333","0.166666","1.6666666666666667","0","2022-10-08 17:43:54","2","4","0"
"501126","17704","4040","12","0.416666","0.083333","1.5833333333333333","3","2022-10-26 21:16:07","6","6","0"
"501557","376407","4039","128","0.539062","0.195312","1.21875","111","2022-11-19 06:28:38","108","141","88"
"502334","12614","4039","17","0.882352","0","0.9411764705882353","0","2022-11-18 17:54:29","15","20","0"
"502366","12367","4039","47","0.787234","0.021276","4.680851063829787","14","2022-11-18 17:47:08","56","126","18"
"502537","23478","4039","10","0.1","0.5","1.6","19","2022-06-15 23:08:03","2","8","4"
"503046","24355","4038","40","0.425","0.125","4.025","28","2022-11-23 13:34:12","13","115","10"
"503402","22613","4038","21","0.523809","0.285714","1.619047619047619","1","2022-10-13 21:01:51","12","22","6"
"504357","11617","4037","8","0.625","0","0.25","0","","0","0","0"
"504547","13616","4037","7","0.571428","0","3.142857142857143","4","2022-04-06 11:04:04","2","5","3"
"504554","60785","4037","290","0.786206","0.048275","2.7275862068965515","289","2022-11-28 12:58:50","185","508","173"
"504963","26507","4037","5","0.2","0.6","10","1","2022-09-05 23:32:42","1","1","0"
"505088","616869","4480","25","0.8","0.04","30.28","26","2022-10-20 11:53:43","15","421","12"
"505152","19429","4037","12","0.166666","0.666666","3.8333333333333335","0","2022-11-28 22:52:46","21","67","2"
"505990","11559","4036","5","0.6","0","7.2","1","2022-04-18 15:09:05","2","11","0"
"506073","10150","4036","6","0","0.5","1.1666666666666667","1","2022-03-10 15:00:56","1","3","1"
"506413","37484","4035","13","0.461538","0.076923","10.23076923076923","0","2022-11-03 03:36:22","9","130","4"
"506441","34104","4035","177","0.728813","0.028248","1.271186440677966","12","2022-11-26 13:26:38","93","139","5"
"506796","95464","4035","658","0.533434","0.1231","2.9483282674772036","71","2022-11-29 22:01:14","621","1587","48"
"506855","38320","4035","16","0.5625","0.1875","2.6875","6","2022-09-18 15:28:22","4","6","0"
"507674","325857","4034","22","0.454545","0.40909","17.045454545454547","1","2022-02-16 18:13:31","1","2","0"
"507721","30679","4142","8","0.25","0.625","6","6","2022-10-17 15:39:09","6","19","0"
"507738","23326","4033","111","0.252252","0.405405","5.207207207207207","141","2022-10-03 13:08:30","47","301","137"
"507784","38229","4033","8","0.875","0","1.25","1","2022-06-28 07:52:18","6","11","2"
"507793","26003","4033","8","0.5","0.5","9.875","5","2022-04-04 20:44:16","1","37","3"
"508057","36999","4033","66","0.636363","0.060606","1.5909090909090908","12","2022-11-29 14:16:28","43","81","6"
"508907","14460","4033","35","0.228571","0.6","1.9142857142857144","30","2022-11-28 10:32:49","33","48","11"
"509840","12509","4032","6","0.666666","0","15.333333333333334","24","2022-08-12 14:01:31","1","22","7"
"509868","28643","4032","68","0.411764","0.294117","1.5294117647058822","39","2022-11-20 14:31:45","24","46","16"
"510754","37420","4031","5","0.2","0.4","2","1","2022-04-07 18:11:47","1","1","0"
"511795","11798","4030","11","0.272727","0.363636","2.8181818181818183","1","2022-09-13 16:27:32","1","4","0"
"512042","20488","4030","67","0.83582","0.044776","0.44776119402985076","0","2022-11-25 13:17:11","28","18","0"
"512127","11344","4030","8","0.25","0.125","0.5","0","2022-11-22 13:38:46","6","5","2"
"512507","18590","4030","8","1","0","0.25","0","2022-04-13 17:34:42","1","0","0"
"512904","17160","4030","12","0.416666","0.083333","1.5833333333333333","2","","0","0","0"
"513413","54002","4029","8","0.125","0.625","2.125","0","2022-10-07 23:05:08","6","7","0"
"514235","70635","4028","8","0.625","0.375","2.875","7","2022-11-07 05:32:39","8","44","16"
"514438","11324","4028","10","0.5","0.1","2.5","1","2022-05-31 16:40:12","3","7","0"
"515054","67528","4027","10","0.8","0","1.8","6","","0","0","0"
"516548","274275","4026","793","0.392181","0.254728","1.1525851197982346","13","2022-11-29 20:31:09","455","452","2"
"516701","20314","4026","230","0.673913","0.065217","0.6478260869565218","0","2022-10-23 18:20:44","26","18","0"
"517781","20430","4025","5","0.6","0","4","0","2022-08-22 11:52:49","6","68","0"
"519413","337890","4024","582","0.608247","0.108247","2.9398625429553267","986","2022-11-25 14:49:35","365","1221","698"
"520275","10292","4023","11","0.363636","0.272727","0.5454545454545454","4","2022-10-06 19:34:59","10","6","0"
"520567","19063","4023","10","0.1","0.7","5.1","2","2022-08-09 18:53:05","11","48","1"
"521034","43230","4022","12","0.333333","0.083333","3.75","0","2022-08-22 09:31:46","20","129","3"
"521799","224042","4022","270","0.674074","0.155555","1.2296296296296296","59","2022-11-29 14:10:31","256","302","48"
"522444","285807","4021","43","0.744186","0.093023","15.86046511627907","173","2022-11-27 19:45:46","66","556","168"
"522663","68309","4020","21","0.333333","0.428571","10.619047619047619","5","2022-11-09 05:38:12","26","188","6"
"522877","15733","4020","5","0.4","0.4","1.6","0","","0","0","0"
"523325","24579","4019","5","0.4","0.4","2.6","0","","0","0","0"
"523612","61679","4019","73","0.328767","0.383561","49.013698630136986","319","2022-11-23 17:39:54","162","5384","1760"
"524368","163308","4019","87","0.643678","0.091954","2.1724137931034484","3","2022-11-05 12:27:32","44","112","3"
"525725","11364","4018","9","0.111111","0.888888","1.5555555555555556","3","2022-11-16 10:55:23","4","10","1"
"526535","304109","4017","5","0.8","0","1","1","2022-06-06 05:31:27","1","0","0"
"526704","24645","4017","8","0.5","0.5","2.375","0","2022-11-01 13:34:38","7","28","3"
"526828","16846","4017","37","0.729729","0.108108","1.027027027027027","0","2022-11-15 06:55:01","11","13","0"
"527574","12555","4254","9","0.666666","0.111111","14.777777777777779","3","","0","1","0"
"527987","21476","4016","6","0.833333","0","0.3333333333333333","14","","0","0","0"
"528720","11106","4016","13","0.538461","0","9","0","2022-11-15 11:06:29","13","123","0"
"529187","12007","4015","8","0.5","0.125","2.875","4","","0","24","2"
"529618","27378","4015","9","0.333333","0.222222","1.7777777777777777","0","2022-06-09 20:12:10","7","23","0"
"529630","42575","4015","7","0.714285","0","5","1","2022-11-17 20:09:17","28","48","2"
"530160","28630","4014","57","0.68421","0.035087","4.578947368421052","32","2022-11-28 23:35:54","152","879","317"
"531021","20452","4013","6","0.833333","0","1.8333333333333333","5","","0","0","0"
"531179","15903","4013","12","0.416666","0.166666","2.3333333333333335","6","2022-06-30 11:43:58","2","14","2"
"532312","82993","4012","102","0.421568","0.264705","0.6078431372549019","4","2022-08-29 04:31:22","2","1","0"
"532695","21608","4012","19","0.052631","0.789473","1.2105263157894737","3","2022-11-29 09:41:35","21","19","1"
"533037","12938","4011","19","0.842105","0.052631","1.4210526315789473","2","2022-11-15 22:18:08","45","88","1"
"533120","52288","4011","6","0.166666","0.666666","4","0","2022-04-21 07:16:03","2","17","0"
"533422","21213","4011","12","0.083333","0.666666","2.3333333333333335","0","2022-11-10 10:58:26","10","45","2"
"533426","15059","4011","8","0","0.875","5","1","2022-08-30 13:35:49","17","43","0"
"534109","21265","4011","11","0.454545","0.272727","6.909090909090909","44","2022-10-04 00:45:38","5","7","5"
"534298","21068","4011","5","0","0.8","0.8","0","","0","6","0"
"534471","28926","4010","13","0.307692","0.615384","4","0","2022-11-27 15:10:09","16","40","0"
"534877","16251","4010","7","0.571428","0.142857","1","0","2022-07-18 07:59:37","6","4","1"
"534943","10126","4010","8","0.125","0.25","2.125","4","","0","1","0"
"535275","50037","4010","91","0.340659","0.285714","13.527472527472527","114","2022-11-23 17:04:54","66","1322","176"
"535480","22383","4010","116","0.327586","0.327586","3.7758620689655173","3","2022-11-27 06:33:13","189","1118","9"
"535646","19265","4010","32","0.875","0.0625","11.46875","34","2022-10-19 03:17:03","17","269","30"
"535871","235402","4009","10","0.5","0.3","4.8","1","","0","3","0"
"538284","10764","4008","7","0","1","0.14285714285714285","0","2022-08-17 10:38:31","8","1","0"
"539490","29159","4006","8","0.375","0.25","3","3","2022-10-10 22:41:08","2","3","0"
"540776","12779","4005","5","0.2","0.8","2.2","2","2022-11-10 09:56:32","3","14","8"
"540873","20998","4005","7","0.428571","0.428571","4.857142857142857","3","2022-10-31 12:55:18","6","5","1"
"540955","12817","4005","44","0.227272","0.340909","1.0454545454545454","14","2022-11-10 09:27:16","25","33","26"
"541016","10668","4005","45","0.688888","0.155555","2.4444444444444446","0","2022-11-21 09:23:28","16","48","0"
"541038","114530","4005","129","0.542635","0.20155","2.511627906976744","4","2022-11-21 19:15:42","132","438","7"
"541091","271415","4005","26","0.884615","0.038461","8.692307692307692","9","","0","7","0"
"541208","12919","4005","5","0.2","0.6","3.8","18","2022-08-18 14:49:48","3","10","16"
"541624","13205","4004","6","0","0.833333","5.5","2","2022-11-01 20:18:30","1","3","0"
"541686","213078","4004","17","0.352941","0.235294","8.235294117647058","14","2022-11-23 05:43:39","11","42","2"
"542251","30099","4004","31","0.387096","0.419354","27.806451612903224","615","2022-09-12 09:18:36","21","439","271"
"542270","85640","4004","7","0.428571","0.142857","1.8571428571428572","2","2022-07-02 17:02:13","5","19","16"
"542757","42400","4003","26","0.730769","0.076923","0.46153846153846156","5","","0","2","0"
"543539","40366","4003","7","0.571428","0.142857","1.8571428571428572","3","2022-11-11 12:10:16","25","55","6"
"543572","15841","4143","7","0.571428","0.285714","1.5714285714285714","6","2022-10-31 14:03:33","11","7","3"
"543875","21849","4003","5","0.4","0.6","3","1","2022-11-13 23:19:53","4","6","0"
"543969","23906","4003","110","0.590909","0.072727","1.481818181818182","32","2022-11-28 16:21:07","77","90","18"
"544439","13069","4002","5","0.4","0.2","1.2","0","2022-04-04 21:01:39","2","1","0"
"544825","103215","4002","499","0.613226","0.08016","2.935871743486974","40","2022-11-28 15:03:06","177","930","12"
"544947","18248","4002","5","0.2","0.6","4.6","3","2022-11-10 06:49:34","5","21","4"
"544983","25956","4002","8","0.25","0.25","1.625","0","","0","1","0"
"545127","49374","4002","21","0.095238","0.619047","4","66","2022-09-17 12:00:23","1","5","6"
"546205","13843","4001","12","0.333333","0.166666","0.5833333333333334","0","2022-05-20 09:58:03","4","6","1"
"546509","14955","4001","8","0.25","0.75","3.5","13","2022-10-09 09:06:13","4","8","1"
"546730","188420","4000","36","0.611111","0.111111","1.8333333333333333","6","2022-11-29 18:44:56","440","675","152"
"546861","200090","4000","282","0.553191","0.131205","1.7907801418439717","269","2022-11-27 21:33:26","221","444","277"
"546871","14166","4000","8","0.375","0.375","9.875","15","2022-11-18 11:07:12","13","50","6"
"546967","18092","4000","46","0.543478","0.152173","0.6739130434782609","22","2022-07-06 19:25:41","3","2","1"
"547020","16402","4000","6","0.833333","0.166666","7.833333333333333","10","","0","3","3"
"547331","47054","4000","15","0.466666","0.133333","0.9333333333333333","0","2022-11-08 20:44:45","20","31","1"
"547640","17799","3999","26","0.615384","0.076923","3","13","2022-09-24 09:39:29","12","50","5"
"547779","10174","3999","12","0.75","0","1.25","0","2022-11-28 23:20:52","1","3","0"
"547981","59487","3999","20","0.65","0.1","44.55","36","2022-11-14 20:18:01","6","621","13"
"548225","791493","3998","1206","0.310945","0.355721","1.587893864013267","418","2022-11-29 18:42:08","768","1296","278"
"548473","18974","3998","20","0","0.9","0.9","2","2022-11-23 10:39:42","16","8","2"
"548562","32506","3998","256","0.679687","0.085937","6.88671875","19","2022-11-29 13:37:19","220","1166","10"
"548637","27210","3998","6","0.5","0.333333","0.6666666666666666","0","","0","0","0"
"549372","80177","3997","393","0.3486","0.295165","1.6844783715012723","214","2022-11-27 21:34:08","294","607","119"
"550094","24533","3997","100","0.3","0.39","7.76","16","2022-11-25 12:40:35","12","536","12"
"550314","12765","3997","12","0.5","0.333333","2.9166666666666665","18","2022-11-09 10:48:19","3","10","6"
"550975","30682","3996","18","0.166666","0.5","1.1666666666666667","11","2022-09-20 07:49:51","3","1","0"
"551406","72877","3996","98","0.785714","0.010204","1.1326530612244898","6","2022-03-25 10:52:34","2","2","0"
"552759","53802","3995","8","0.375","0.25","5","2","2022-10-11 16:06:43","3","4","0"
"552792","34158","3995","7","0.428571","0.428571","2.142857142857143","0","2022-11-18 08:51:58","2","10","3"
"553279","12575","3994","6","0.833333","0","1.3333333333333333","0","2022-04-27 11:23:31","3","3","0"
"555045","65997","3991","63","0.730158","0.111111","4.333333333333333","1","2022-11-23 11:26:53","42","200","0"
"556495","18810","3990","74","0.797297","0.027027","1.9189189189189189","1","2022-11-28 06:50:18","50","102","3"
"556617","29809","3989","87","0.67816","0.160919","1.3563218390804597","12","2022-11-18 02:13:08","29","52","4"
"557091","24650","3989","26","0.615384","0.230769","0.8461538461538461","32","","0","1","0"
"557179","50653","3989","43","0.558139","0.16279","0.813953488372093","40","2022-11-29 19:53:30","37","21","9"
"558433","18290","3988","14","0.5","0.071428","4.857142857142857","1","2022-07-21 20:22:17","2","2","0"
"558639","35697","4263","7","0.428571","0.428571","2.7142857142857144","2","2022-11-19 01:30:02","6","24","2"
"558972","22110","3987","6","0.333333","0.333333","2.6666666666666665","1","2022-11-21 21:11:22","5","11","0"
"559676","29974","3986","46","0.717391","0.043478","2.369565217391304","39","2022-10-14 14:04:35","12","35","18"
"559737","37780","3986","170","0.541176","0.158823","1.1","0","2022-11-26 23:16:45","118","163","2"
"560114","12462","3985","6","0","0.666666","4.666666666666667","0","","0","14","0"
"560593","42781","3985","8","0.625","0.25","22.25","1","2022-02-13 20:52:45","1","33","0"
"560942","53399","3984","1043","0.74976","0.059443","2.4602109300095876","321","2022-11-21 14:55:33","184","1153","243"
"562073","13278","4017","5","0","0.8","0.2","2","2022-08-29 06:32:59","4","0","0"
"562440","20163","3983","5","0.6","0","3.2","2","","0","0","0"
"562459","96855","3983","5","0.8","0.2","7.8","8","2022-04-22 14:55:59","2","16","1"
"562769","139086","3983","16","0.1875","0.625","5.0625","68","2022-11-19 21:11:24","45","195","231"
"562839","13874","3983","8","0.75","0","1.5","0","2022-06-27 05:54:42","2","6","0"
"563088","50810","3983","6","0.166666","0.333333","10.5","1","","0","9","1"
"563735","10480","3982","13","0","0.692307","0.07692307692307693","2","2022-04-13 06:16:36","1","0","1"
"563904","12966","3982","18","0.666666","0","0.8888888888888888","0","","0","1","0"
"564157","20101","3982","11","0.363636","0.090909","0.8181818181818182","0","2022-08-11 16:30:59","8","3","0"
"565635","119297","3981","245","0.546938","0.212244","1.1918367346938776","25","2022-11-11 11:34:52","31","32","1"
"565877","25759","3981","12","0.083333","0.833333","8.416666666666666","27","2022-11-18 17:02:46","29","84","8"
"566608","33412","3980","5","0.6","0.2","1","1","","0","1","0"
"566920","11029","3980","5","0.2","0","2","3","","0","0","0"
"567059","12337","3980","6","0.833333","0.166666","3.6666666666666665","0","2022-11-09 11:38:43","11","40","1"
"567292","158520","3980","36","0.416666","0.25","1.9166666666666667","0","2022-11-17 19:09:57","18","26","1"
"567762","17708","3979","27","0.666666","0.222222","3.888888888888889","25","2022-10-13 21:11:18","21","46","9"
"568209","32938","3979","52","0.596153","0.173076","2.2115384615384617","9","2022-11-29 05:02:15","62","225","8"
"568283","53097","3979","17","0.647058","0.17647","1.2941176470588236","2","","0","4","0"
"568458","34061","3978","6","0.166666","0.833333","4.833333333333333","6","2022-11-23 11:47:51","5","25","2"
"568508","17256","3978","5","0","0.8","2.4","0","","0","0","0"
"569183","11120","3978","10","0.8","0.1","0.3","0","2022-04-14 18:43:25","2","2","2"
"569976","16996","3977","21","0.761904","0.047619","3.5714285714285716","35","2022-11-11 06:05:34","6","41","8"
"570118","13034","3977","13","0.307692","0.538461","3.769230769230769","6","2022-02-22 17:42:57","1","6","3"
"570918","78488","3976","248","0.689516","0.104838","2.9879032258064515","213","2022-11-29 20:30:22","195","496","145"
"571410","12712","3977","14","0.071428","0.571428","0.2857142857142857","0","2022-11-08 16:05:04","5","4","0"
"572670","179065","3975","31","0.709677","0.096774","1.1935483870967742","4","2022-11-12 09:43:14","11","15","0"
"573153","10899","3975","19","0.842105","0.052631","0.8421052631578947","0","2022-08-19 00:18:21","8","22","0"
"573255","10785","3975","80","0.375","0.2625","2.05","8","2022-11-25 13:39:45","69","82","9"
"573927","12893","3974","10","0.2","0.7","1.4","0","2022-11-12 09:45:09","15","8","0"
"575376","205489","3973","83","0.602409","0.144578","1.9759036144578312","62","2022-11-28 08:45:30","32","60","12"
"575421","15437","3973","5","0.6","0.2","3.2","0","2022-04-21 00:49:34","1","7","0"
"575765","24336","3973","10","0.3","0.2","3.2","0","2022-11-25 13:57:18","12","23","0"
"576719","35047","3972","7","0.857142","0","9.285714285714286","31","2022-05-14 08:56:44","2","25","7"
"576746","19746","3972","9","0.666666","0.222222","3.5555555555555554","9","","0","6","6"
"576911","226623","3972","75","0.613333","0.133333","1.9866666666666666","1","2022-11-29 14:28:04","51","106","1"
"577603","56134","3971","18","0.5","0.333333","0.5555555555555556","10","2022-11-11 20:42:54","12","9","4"
"577765","49404","3971","14","0.642857","0.214285","3.0714285714285716","18","2022-06-14 21:44:25","7","21","14"
"578309","18571","3970","10","0","0.9","1.7","1","2022-10-07 04:11:24","6","4","0"
"578411","42647","3970","21","0.761904","0","10","123","2022-10-16 09:34:58","12","88","45"
"579078","20469","3970","7","0.428571","0.428571","2.2857142857142856","1","","0","7","1"
"580053","37901","3969","15","0.533333","0.133333","4.6","1","2022-04-26 11:49:54","2","23","0"
"580083","24434","3969","51","0.431372","0.235294","16.627450980392158","17","2022-11-23 14:34:54","21","317","7"
"580587","13497","3969","14","0.928571","0","2.0714285714285716","1","","0","0","0"
"581076","36182","3968","245","0.416326","0.285714","0.8816326530612245","9","2022-11-29 03:05:45","261","207","9"
"584183","54938","3966","312","0.701923","0.070512","4.698717948717949","178","2022-11-28 13:54:46","129","546","22"
"584518","221648","3966","580","0.270689","0.365517","5.196551724137931","287","2022-11-29 10:11:39","495","2136","270"
"584674","13441","3966","6","0","0.333333","6.333333333333333","7","2022-10-20 18:49:33","1","12","2"
"584676","22128","3966","126","0.611111","0.126984","2.6825396825396823","56","2022-07-15 14:39:13","53","154","425"
"584947","13610","3966","15","0.266666","0.4","3.1333333333333333","1","2022-10-31 17:57:35","8","50","0"
"585185","11620","3966","14","0.714285","0.142857","3.142857142857143","2","","0","0","0"
"585411","47926","3965","94","0.638297","0.127659","2.734042553191489","1","2022-11-28 23:06:29","179","378","3"
"586227","23037","4130","8","0.25","0.625","0.25","0","2022-11-22 23:10:23","24","7","1"
"586809","21852","4271","10","0.4","0.3","1.3","6","","0","2","1"
"587021","14002","3963","7","0","0.428571","6.571428571428571","2","2022-03-11 05:24:46","1","7","0"
"587106","21957","3963","16","0.8125","0.0625","1.875","3","2022-11-15 22:09:53","14","17","1"
"587803","36003","3963","7","0.714285","0.142857","0.8571428571428571","3","","0","12","0"
"588071","69904","3963","45","0.866666","0.022222","3.888888888888889","40","2022-08-12 16:18:10","9","34","9"
"588532","14684","3962","7","0.142857","0.714285","1.8571428571428572","0","2022-10-23 16:56:11","10","35","0"
"588759","15466","3962","20","0.2","0.6","2.2","72","2022-07-13 16:05:44","8","26","41"
"588868","38035","3962","12","0.5","0.166666","4.25","9","2022-11-22 08:12:34","12","55","8"
"589206","13230","3962","8","0.25","0.375","1.25","4","2022-09-21 18:53:13","2","10","1"
"589259","94717","3962","75","0.666666","0.093333","7.586666666666667","79","2022-11-16 14:42:38","73","444","57"
"589924","393382","3961","532","0.43233","0.225563","3.2161654135338344","208","2022-11-29 21:31:51","535","1523","216"
"590790","19348","3961","12","0.583333","0","1.9166666666666667","2","2022-11-14 13:30:41","5","24","2"
"591487","25673","3961","10","0.4","0.5","3.2","0","2022-10-05 17:19:38","5","14","0"
"592144","13478","3960","42","0.595238","0.142857","2.761904761904762","0","2022-09-23 16:15:33","2","7","0"
"592355","13489","3960","81","0.432098","0.222222","5","27","2022-11-26 18:10:45","32","607","18"
"592887","10467","3961","5","0","0.4","1","7","2022-07-01 11:03:35","2","1","2"
"592958","13383","3960","82","0.353658","0.365853","10.75609756097561","239","2022-11-18 13:32:47","71","1156","218"
"593047","18509","3960","12","0.75","0","2.1666666666666665","0","2022-04-28 18:02:52","1","8","2"
"593144","15864","3959","52","0.288461","0.307692","3.6538461538461537","20","2022-02-17 19:06:57","2","2","1"
"594211","22400","3959","10","0","0.6","1.7","0","2022-11-15 15:51:01","9","6","0"
"594235","98780","3959","10","0.8","0","9.9","74","2022-03-11 18:14:37","2","34","38"
"595305","16227","3958","27","0.259259","0.444444","5.185185185185185","5","2022-08-29 18:28:28","20","69","0"
"596285","272422","3956","221","0.57466","0.16742","1.9683257918552035","22","2022-11-24 20:19:23","187","362","31"
"597858","10006","3955","5","0.4","0.6","4.8","0","2022-03-09 17:35:54","3","11","0"
"598683","34763","3955","21","0.714285","0.095238","9","19","2022-11-28 17:05:44","15","89","4"
"598696","94326","3955","7","0.285714","0.285714","2.4285714285714284","2","2022-10-13 20:58:12","1","8","0"
"599346","74885","3954","53","0.603773","0.132075","4.245283018867925","9","2022-09-12 16:27:52","2","4","0"
"600135","28913","3954","53","0.566037","0.207547","3.6792452830188678","10","2022-11-14 20:08:55","4","15","1"
"600486","14127","3954","28","0.285714","0.285714","10.142857142857142","97","2022-11-13 20:03:30","23","242","62"
"601844","11484","3953","8","0.125","0.5","1.25","6","2022-11-25 15:52:49","4","2","0"
"602585","24922","4179","6","0","0.833333","0.8333333333333334","0","2022-08-24 05:05:30","7","6","0"
"603316","32177","3952","19","0.578947","0.157894","12.631578947368421","18","2022-10-31 13:24:26","18","128","6"
"603516","26465","3952","6","0","1","5.166666666666667","4","2022-10-20 11:17:03","7","15","0"
"603742","54872","3952","7","0.285714","0.428571","0.5714285714285714","0","","0","0","0"
"604015","57701","3951","9","0.333333","0.222222","6.222222222222222","14","2022-06-27 06:34:48","7","30","15"
"605134","30789","3950","6","0.833333","0","1","0","","0","0","0"
"605153","43142","3950","160","0.475","0.16875","0.80625","5","2022-11-27 04:34:39","75","67","2"
"606351","16200","3949","5","0.2","0.6","2.4","1","","0","3","4"
"606371","13641","3949","28","0.321428","0.392857","5.178571428571429","120","2022-11-29 10:05:00","3","32","7"
"606568","10405","3949","13","0.615384","0.230769","2.8461538461538463","1","2022-05-18 13:57:43","1","5","5"
"606679","31442","3949","41","0.658536","0.09756","2.682926829268293","0","2022-11-16 07:48:38","41","52","0"
"607033","26317","3949","19","0.368421","0.105263","2.0526315789473686","0","2022-11-07 14:09:03","141","128","5"
"607407","54127","3948","7","0.857142","0.142857","6.285714285714286","2","2022-10-06 16:49:08","7","41","0"
"607637","25354","3948","11","0.545454","0","6.7272727272727275","19","2022-11-07 02:24:30","1","1","1"
"607701","18644","3948","5","0.4","0.6","1.4","0","2022-05-27 15:12:44","1","4","0"
"608164","11390","3948","47","0.297872","0.276595","1.127659574468085","3","2022-11-29 14:26:40","3","0","0"
"608772","73208","3948","31","0.48387","0.129032","1.2580645161290323","20","2022-10-12 03:18:02","12","10","12"
"608820","30210","3948","12","0.666666","0.083333","3.1666666666666665","2","2022-11-18 10:48:00","18","69","1"
"608991","13209","3947","18","0.166666","0.666666","0.6111111111111112","2","2022-05-13 04:20:56","4","0","1"
"609290","41800","3947","392","0.732142","0.045918","1.5408163265306123","24","2022-11-26 17:16:13","330","1059","36"
"609639","10674","3947","20","0.4","0.2","0.7","4","2022-10-03 10:06:01","5","11","0"
"610351","12753","3947","23","0.434782","0.130434","1.7826086956521738","12","2022-08-18 09:17:59","2","2","0"
"610569","123689","3947","23","0.521739","0.260869","1.9565217391304348","9","2022-11-16 11:03:14","27","59","16"
"611545","15225","3946","44","0.545454","0.045454","2.6363636363636362","7","2022-11-15 20:49:28","47","168","3"
"611879","13682","3946","11","0.090909","0.545454","0.5454545454545454","9","2022-10-26 09:43:13","8","5","4"
"612717","10085","3945","7","0.142857","0.285714","0.5714285714285714","0","2022-09-17 11:05:56","2","4","0"
"613130","112546","3945","138","0.637681","0.130434","3.4565217391304346","49","","0","6","0"
"613365","11333","3945","6","0.333333","0.666666","6","2","","0","0","0"
"614112","59032","4133","18","0.277777","0.333333","1.3888888888888888","0","2022-10-08 09:25:36","2","8","0"
"614157","33701","3944","5","0.4","0.2","2","2","","0","0","0"
"614208","13453","3944","6","0.666666","0.166666","6","0","","0","1","0"
"616443","208643","3942","70","0.371428","0.242857","9.528571428571428","1210","2022-11-29 23:18:15","33","443","1208"
"616460","40792","3942","20","0.2","0.65","8.5","18","2022-11-19 13:37:26","19","160","8"
"616815","19486","3942","31","0.387096","0.193548","2.5161290322580645","21","2022-09-28 04:40:18","2","4","1"
"616859","15093","4454","7","0.857142","0","0.8571428571428571","0","","0","0","0"
"617159","14904","3941","6","0.666666","0.166666","5.833333333333333","5","","0","1","0"
"617996","13928","3941","6","0.833333","0","0.8333333333333334","3","2022-04-25 11:09:42","1","2","0"
"618068","16206","3941","7","0.142857","0.857142","1.5714285714285714","0","","0","2","0"
"618087","21760","3941","8","0.75","0","1.125","0","","0","1","0"
"618551","40002","3941","6","0.5","0","0.5","0","2022-10-01 19:24:56","1","0","0"
"619216","15624","3940","7","0.714285","0","3.4285714285714284","0","2022-10-10 13:28:06","3","20","0"
"619830","14039","3940","5","0.8","0","1.8","0","2022-11-29 22:00:03","172","183","0"
"621316","13371","3939","14","0.071428","0.857142","2.857142857142857","2","2022-11-03 13:54:43","10","50","2"
"621366","15329","3939","14","0.5","0.142857","1.2857142857142858","2","","0","3","0"
"621690","16849","3939","23","0.521739","0.173913","1.8695652173913044","5","2022-08-31 16:07:00","7","8","1"
"622571","14648","3938","23","0.695652","0.086956","3.0434782608695654","1","2022-11-22 18:03:07","23","37","0"
"622813","22295","3938","10","0.1","0.8","0.6","1","2022-11-02 10:45:01","5","5","7"
"623041","126703","3938","34","0.647058","0.088235","9.558823529411764","6","2022-09-20 09:39:25","13","171","3"
"623133","26334","3938","6","0.666666","0","2.8333333333333335","0","2022-11-19 21:03:13","10","29","1"
"623519","21627","3938","6","0.333333","0.333333","3.3333333333333335","1","2022-11-17 09:45:06","5","8","2"
"624066","14073","3937","9","0.222222","0.555555","6.888888888888889","3","2022-11-11 10:31:15","9","16","1"
"624463","11079","3937","27","0.407407","0.148148","0.8518518518518519","12","2022-10-26 21:03:48","24","26","12"
"624814","11814","3947","15","0","0.8","4.8","0","2022-09-23 09:58:35","5","34","0"
"625184","10938","3936","24","0.75","0.125","1.875","1","","0","2","0"
"625403","93133","3936","116","0.405172","0.275862","2.2758620689655173","49","2022-11-21 10:14:18","69","192","40"
"626692","29602","3935","34","0.529411","0.147058","1.8235294117647058","6","2022-11-24 09:38:25","11","18","0"
"626853","38160","3935","5","0.8","0","2.2","0","2022-11-10 23:30:34","5","10","2"
"627042","12967","3935","12","0.083333","0.666666","3.25","5","2022-10-11 19:45:00","14","38","0"
"627492","26786","3934","5","0","0.2","2.4","0","2022-11-04 10:36:21","3","4","0"
"628699","20762","3934","10","0.6","0.1","2.5","34","","0","5","3"
"628700","25449","3934","9","0.222222","0.777777","1.5555555555555556","0","2022-04-20 11:32:48","1","0","0"
"630752","12001","3933","6","0.166666","0.5","5.666666666666667","6","2022-09-21 18:24:29","4","7","4"
"631527","11160","3968","6","0.333333","0.5","9.5","1","","0","11","0"
"631911","10924","3932","15","0.2","0.466666","1.2666666666666666","1","2022-09-13 12:20:17","5","5","0"
"632035","10609","3932","15","0.866666","0","1.2666666666666666","5","2022-10-24 20:28:05","11","6","0"
"633098","26291","3932","6","0.5","0.333333","9.166666666666666","13","2022-08-04 00:02:59","5","22","5"
"633183","136301","3932","287","0.219512","0.466898","2.0418118466898956","40","2022-11-21 20:57:59","144","268","16"
"633961","28089","3931","69","0.362318","0.333333","3.318840579710145","26","2022-11-04 08:33:21","17","78","6"
"634120","11100","3931","17","0.411764","0.235294","1.1764705882352942","6","2022-10-18 11:31:32","13","15","2"
"634629","18707","3931","42","0.47619","0.333333","2.0476190476190474","7","2022-06-30 11:48:37","10","17","9"
"634824","244249","3931","90","0.666666","0.088888","3.033333333333333","23","2022-11-29 21:19:57","66","213","22"
"634863","77013","3931","14","0.357142","0.285714","0.21428571428571427","0","2022-03-18 16:02:14","2","4","0"
"634919","63656","3931","442","0.678733","0.088235","8.402714932126697","198","2022-11-28 04:45:43","190","1239","89"
"634935","13229","3931","244","0.344262","0.295081","0.9139344262295082","140","2022-11-17 03:23:22","70","68","39"
"635245","49826","3930","271","0.730627","0.06273","0.7490774907749077","55","2022-11-28 02:43:38","269","198","84"
"635887","15607","3930","7","0.571428","0.142857","1.2857142857142858","0","2022-03-05 22:26:02","1","1","0"
"636009","16487","3930","25","0.32","0.32","9.48","12","2022-08-29 13:53:30","45","416","33"
"636077","27335","3929","185","0.459459","0.178378","1.7513513513513514","10","2022-11-27 16:59:45","135","167","1"
"636561","13507","3929","11","0","0.818181","2.090909090909091","1","2022-11-08 16:52:46","4","10","1"
"636626","37389","3929","40","0.35","0.175","2.075","3","2022-08-16 12:40:25","6","12","1"
"637142","36519","3928","7","0.428571","0.428571","1.5714285714285714","0","2022-10-28 03:07:21","30","31","11"
"637367","32333","3928","48","0.5","0.145833","1.3958333333333333","7","2022-11-24 17:09:04","21","25","1"
"637669","34688","3928","34","0.735294","0.088235","4.029411764705882","27","2022-11-29 07:39:38","13","28","17"
"637853","88945","3928","116","0.525862","0.189655","12.206896551724139","34","2022-11-29 07:00:35","27","512","9"
"639035","15038","4010","7","0.571428","0","1.5714285714285714","0","","0","7","0"
"639406","26815","3927","8","0.5","0.25","1.5","1","2022-10-30 18:24:02","2","1","0"
"640195","12841","3927","14","0","0.714285","1.2142857142857142","0","2022-06-24 22:22:10","18","14","2"
"640205","19116","3927","13","0","0.76923","2.3846153846153846","0","2022-05-13 13:48:57","9","38","6"
"640325","17018","3927","51","0.784313","0.039215","1.8627450980392157","0","2022-11-21 23:47:28","42","93","0"
"641249","47614","3926","18","0.777777","0.055555","0.2222222222222222","0","2022-11-29 03:54:32","34","40","0"
"642070","78063","3926","334","0.344311","0.344311","4.92814371257485","145","2022-11-27 21:54:26","270","1243","95"
"642096","11850","3926","19","0.578947","0.210526","0.7368421052631579","0","2022-11-01 11:59:36","16","6","0"
"642579","22746","3925","5","0.2","0.2","0.6","0","2022-10-05 11:30:41","211","248","138"
"642670","13563","3925","7","0","0.857142","0.7142857142857143","0","2022-05-02 11:51:06","1","2","0"
"642706","349524","3925","745","0.375838","0.27114","2.3543624161073824","498","2022-11-29 23:19:37","521","1346","323"
"643383","125195","3925","89","0.370786","0.269662","1.9775280898876404","12","2022-11-07 21:49:52","33","49","11"
"643500","14983","3925","5","0.8","0","3.4","2","2022-09-15 05:37:36","2","15","0"
"644010","12254","3924","12","0.416666","0.25","0.5","2","2022-11-24 02:12:20","10","4","1"
"645002","13553","3924","10","0.7","0","0.3","0","2022-10-02 17:26:31","27","12","1"
"645128","23257","3924","136","0.308823","0.352941","4.154411764705882","108","2022-11-28 16:15:26","52","362","47"
"645551","57089","3924","23","0.47826","0.086956","6.043478260869565","0","2022-10-30 23:03:25","30","286","0"
"646619","27055","3922","22","0.636363","0.181818","3.8636363636363638","13","2022-11-24 16:05:01","45","104","11"
"646723","10623","4593","19","0.68421","0.105263","2.210526315789474","6","2022-10-18 20:36:43","5","26","3"
"647053","29452","3922","9","0","0.888888","1","9","2022-10-19 05:34:39","3","2","3"
"648078","16448","3921","17","0.470588","0.17647","1.7647058823529411","2","2022-09-22 14:04:53","5","11","1"
"648265","36755","3921","8","0.375","0.375","4.75","27","","0","21","19"
"648658","73508","3921","33","0.60606","0.151515","2.878787878787879","215","2022-11-23 11:52:59","23","55","101"
"649504","28551","3920","10","0.2","0.2","1.5","2","2022-09-13 13:00:49","1","3","0"
"650104","11589","3920","5","0.2","0.8","2.6","4","2022-10-03 10:55:08","1","3","0"
"650475","18741","3920","12","0.75","0.166666","4.416666666666667","15","2022-11-03 21:42:07","10","20","19"
"651174","112758","3919","76","0.421052","0.25","9.644736842105264","4","2022-10-21 07:27:23","49","315","1"
"652669","22044","3918","15","0.133333","0.533333","2.8","36","2022-05-03 23:29:36","2","6","8"
"653364","140187","3918","11","0.636363","0.090909","4.818181818181818","1","2022-09-06 14:45:53","2","17","1"
"653457","21854","3918","17","0.411764","0.352941","4.294117647058823","4","2022-11-25 04:38:26","20","92","1"
"653539","12388","3918","57","0.45614","0.263157","0.9122807017543859","1","2022-11-22 15:31:48","33","38","0"
"654666","21184","3917","15","0.333333","0.333333","0.4","2","","0","1","1"
"656243","13449","3916","5","0","0.6","3","1","","0","3","1"
"656600","10192","3916","5","0.4","0","3.4","2","","0","1","9"
"657427","17247","3915","9","0.111111","0.777777","3.4444444444444446","11","","0","1","0"
"657477","15144","3915","13","0.461538","0.153846","4.615384615384615","5","2022-11-04 03:20:28","3","9","1"
"657930","11383","3915","5","0.6","0","2.8","1","2022-09-08 11:08:40","2","2","0"
"658497","17400","3914","16","0.125","0.75","0.75","0","2022-10-25 03:44:43","19","10","6"
"659248","33614","3914","8","0.25","0.25","2.5","14","2022-11-22 15:28:42","12","22","8"
"660536","21311","3913","26","0.5","0.230769","1.7692307692307692","4","2022-06-28 10:59:53","3","10","1"
"660921","28037","3913","18","0.611111","0.166666","2.0555555555555554","24","2022-11-29 09:32:56","18","26","17"
"661872","46719","3912","123","0.406504","0.235772","10.731707317073171","65","2022-11-06 17:33:50","35","621","27"
"663246","11903","3912","7","0.285714","0.571428","1.5714285714285714","3","","0","0","0"
"664177","22122","3911","5","0.4","0.2","2.6","2","","0","0","0"
"664833","19675","3911","6","0.5","0.5","1.8333333333333333","26","2022-02-18 23:15:51","1","0","2"
"665456","13974","4340","6","0.333333","0.5","2.5","0","","0","22","0"
"667301","43301","3909","5","0.6","0.2","1.4","12","2022-10-13 22:20:44","7","24","35"
"667648","16350","3909","5","0.6","0.4","0.6","0","2022-07-01 17:47:29","1","0","0"
"667767","22975","3909","11","0.090909","0.454545","2.272727272727273","1","2022-09-27 18:25:10","9","8","0"
"667883","20047","3908","41","0.170731","0.439024","0.3170731707317073","3","","0","0","0"
"668272","27189","3908","7","0.857142","0","0.2857142857142857","1","","0","0","0"
"669576","13603","3907","132","0.598484","0.136363","10.159090909090908","185","2022-11-28 22:43:08","93","980","180"
"669586","130480","3907","49","0.612244","0.061224","5.816326530612245","57","2022-11-26 20:03:32","34","152","28"
"671366","11544","3906","7","0.428571","0.571428","2.142857142857143","10","2022-09-19 14:35:45","36","124","160"
"671543","39476","3906","11","0.545454","0.090909","17.90909090909091","8","2022-11-02 11:45:12","5","99","4"
"672689","19621","3905","6","0.166666","0.333333","1.6666666666666667","1","2022-08-09 15:01:39","2","5","0"
"673664","29189","3905","7","0.142857","0.142857","1.7142857142857142","1","2022-02-14 22:12:04","1","3","3"
"673852","19527","3905","27","0.555555","0.259259","5.037037037037037","21","2022-10-30 00:36:12","2","28","1"
"674039","369775","3905","105","0.485714","0.209523","4.457142857142857","76","2022-11-29 17:23:01","103","396","83"
"675006","11756","3904","28","0.464285","0.178571","1.4285714285714286","0","2022-11-29 13:52:45","8","17","0"
"675721","11583","3904","75","0.4","0.186666","2.72","75","2022-10-12 00:22:00","53","215","66"
"676195","20158","3903","26","0.923076","0","3.1923076923076925","17","2022-08-23 13:42:10","5","31","14"
"677735","10997","3902","5","0.4","0.2","0.8","0","2022-06-15 03:15:11","2","5","1"
"679553","12217","3900","35","0.657142","0.114285","1.3428571428571427","8","2022-11-29 18:10:51","23","35","4"
"679824","14781","3900","22","0.727272","0.045454","0.7727272727272727","25","2022-10-28 06:20:32","11","9","6"
"680068","56767","3900","109","0.284403","0.394495","5.339449541284404","846","2022-11-29 22:37:18","111","359","429"
"681865","72843","3899","41","0.878048","0.02439","13.024390243902438","1332","2022-11-28 03:45:09","31","145","480"
"683735","12349","3898","30","0.433333","0.266666","1.3666666666666667","1","2022-08-02 10:21:39","1","4","0"
"687190","12577","3896","44","0.295454","0.568181","1.5","3","2022-11-18 11:06:13","25","25","2"
"688355","11220","3984","6","0.333333","0.166666","3.1666666666666665","3","2022-10-13 18:26:28","3","4","0"
"690413","16116","3893","6","0.333333","0.166666","1.8333333333333333","5","2022-09-22 16:22:46","5","10","1"
"691711","27202","3893","41","0.292682","0.341463","8.365853658536585","37","2022-08-25 13:40:03","3","48","2"
"692942","16452","3892","39","0.615384","0.076923","17.692307692307693","210","2022-11-25 16:22:19","21","384","152"
"693166","23364","3892","12","0.666666","0.083333","0.5833333333333334","5","","0","0","0"
"693275","36661","3892","5","0.6","0","0.4","1","","0","0","0"
"694325","13478","3891","41","0.731707","0.04878","2.8780487804878048","10","2022-11-29 18:50:12","11","20","1"
"694576","71299","3891","11","0.181818","0.545454","6.363636363636363","23","","0","0","0"
"694733","16289","3891","11","0.272727","0.363636","8.181818181818182","8","2022-11-15 10:48:15","8","63","3"
"695132","25892","3891","22","0.590909","0.136363","4.454545454545454","45","2022-10-18 11:28:35","25","113","21"
"695364","66048","3891","237","0.379746","0.270042","4.206751054852321","188","2022-11-14 19:22:22","106","474","94"
"695591","13087","4400","7","0.285714","0.428571","4.571428571428571","3","2022-11-29 18:17:50","6","19","2"
"696134","22726","3955","6","0.666666","0.166666","1.1666666666666667","1","2022-11-16 06:50:48","1","3","0"
"696535","18595","3890","10","0","0.7","1.6","2","2022-10-27 16:36:27","5","13","2"
"696627","22834","3890","10","0","0.5","0.4","2","2022-07-22 15:53:24","3","2","0"
"696632","18466","3890","7","0.571428","0.285714","7.714285714285714","4","2022-10-21 10:20:33","2","14","0"
"696808","32590","3890","41","0.609756","0.243902","2.8536585365853657","16","2022-08-11 15:35:01","6","20","0"
"697154","54809","3890","44","0.386363","0.25","5.7272727272727275","47","","0","0","0"
"697630","78989","3890","8","0.125","0.375","6.625","3","","0","9","3"
"699305","50556","3889","41","0.292682","0.341463","4.121951219512195","11","2022-11-12 19:47:00","34","75","2"
"700825","31038","3887","10","0.2","0.4","20.2","1","2022-07-21 18:37:40","2","64","1"
"701092","98078","3953","17","0.764705","0.17647","3","23","2022-07-03 20:18:36","22","80","17"
"701996","31463","3886","5","1","0","19.8","4","2022-10-30 15:48:43","8","164","20"
"704008","20345","3885","9","0.444444","0.222222","1.3333333333333333","72","","0","3","52"
"704327","23411","3885","8","1","0","0.25","0","","0","1","0"
"705086","11886","3884","6","0.166666","0.833333","7.5","6","2022-07-01 02:05:55","3","13","0"
"705945","25277","3884","5","0","0.8","0","2","2022-09-22 20:09:54","10","2","2"
"706317","40244","3884","11","0.181818","0.727272","0.9090909090909091","11","","0","8","2"
"706421","10334","4046","5","0.2","0.4","4","2","2022-02-28 10:27:41","2","10","1"
"707111","226445","3889","21","0.619047","0.095238","7.809523809523809","42","2022-10-27 01:12:11","61","336","71"
"707451","16394","3883","13","0.076923","0.615384","0.6153846153846154","2","2022-11-27 02:21:25","1","6","0"
"708434","28181","3883","14","0.785714","0","0.8571428571428571","5","2022-11-23 07:48:26","9","1","0"
"709537","19426","3882","10","0.5","0.4","2.2","3","2022-08-01 02:43:55","6","29","3"
"710446","116638","3882","17","0.352941","0.235294","2.764705882352941","0","2022-08-19 16:21:27","1","6","0"
"711085","91653","3881","9","0.333333","0.444444","1.8888888888888888","5","2022-09-21 12:53:55","2","4","0"
"711206","37165","3881","60","0.5","0.166666","1.25","1","2022-11-03 21:40:59","4","18","0"
"712334","10239","3880","12","0.25","0.666666","2.0833333333333335","17","2022-05-13 03:53:59","12","34","25"
"712649","179086","3879","727","0.649243","0.075653","2.8954607977991746","347","2022-11-23 11:37:10","472","1673","285"
"714112","25784","3879","5","0","0.6","30.2","10","2022-10-25 22:47:51","4","172","21"
"717214","57492","3877","6","0.5","0.166666","3.8333333333333335","1","2022-10-12 11:04:30","1","15","0"
"717267","19250","3877","15","0.066666","0.733333","1","17","2022-08-19 12:48:09","6","13","19"
"717372","31955","3877","35","0.628571","0.2","2","5","2022-11-24 13:24:27","15","35","6"
"717630","22670","3877","12","0","0.833333","0.5833333333333334","0","2022-09-30 22:36:34","12","8","0"
"717732","33862","3877","10","0.4","0.3","4.4","5","2022-11-23 08:11:38","20","64","2"
"719186","81955","3876","17","0.705882","0.058823","25.647058823529413","266","2022-07-14 13:16:54","1","119","162"
"719263","36694","3876","43","0.511627","0.255813","3.4651162790697674","26","2022-11-21 15:56:29","47","127","35"
"720999","56403","3875","43","0.651162","0.093023","7.534883720930233","107","2022-11-08 11:19:29","19","445","79"
"721269","183878","3875","221","0.542986","0.180995","2.8099547511312215","1","2022-11-28 21:19:35","62","169","0"
"721644","60880","3874","109","0.706422","0.06422","8.091743119266056","318","2022-11-28 09:59:06","50","498","180"
"721855","26680","3962","367","0.713896","0.05722","1.4768392370572208","179","2022-11-29 10:20:33","330","694","483"
"722762","57785","3873","10","0.6","0.2","2.6","0","2022-09-05 22:33:40","17","53","0"
"722804","19317","3873","48","0.625","0.125","2.5833333333333335","84","2022-11-27 21:20:13","20","52","52"
"723891","10886","3872","5","0.4","0.2","3","4","","0","0","0"
"724039","15649","3872","267","0.411985","0.2397","6.400749063670412","172","2022-11-27 15:55:47","294","1936","316"
"724411","19395","4395","10","0.6","0.2","0.8","0","2022-08-26 14:44:04","8","5","0"
"725418","68351","3871","51","0.352941","0.372549","6.450980392156863","70","2022-11-22 15:56:51","57","385","79"
"725628","20202","3871","70","0.414285","0.185714","3.357142857142857","21","2022-11-03 02:21:22","19","62","5"
"725937","14262","3871","6","0.333333","0.333333","4.5","0","","0","5","0"
"726766","11796","3870","10","0.3","0.6","6.7","2","2022-11-29 18:15:29","5","9","1"
"727667","12125","3870","5","1","0","1.6","0","2022-11-03 14:09:24","9","7","1"
"728246","20888","3953","6","0.666666","0.166666","12.666666666666666","0","2022-11-04 00:26:37","2","99","0"
"728287","11043","3870","7","0.285714","0.571428","1","17","2022-10-03 14:35:58","3","5","8"
"728675","19648","3869","11","0.181818","0.363636","3.5454545454545454","2","2022-10-03 19:47:03","2","1","0"
"728812","41756","3869","9","0.555555","0","0.4444444444444444","0","2022-09-06 13:28:32","27","5","0"
"729881","79971","3869","21","0.666666","0.095238","2.9523809523809526","2","2022-06-13 22:08:59","3","13","0"
"729907","30898","3869","24","0.708333","0.083333","3.4583333333333335","197","2022-11-25 17:01:46","14","41","138"
"731138","37134","3868","8","0.5","0.25","1","1","2022-11-17 14:00:19","1","2","1"
"732221","39262","3867","38","0.578947","0.052631","1.6578947368421053","32","2022-07-27 07:14:39","9","10","7"
"732771","10919","3867","22","0.818181","0.090909","0.4090909090909091","1","","0","0","0"
"733077","19746","3866","6","0.666666","0.166666","3.6666666666666665","2","2022-11-21 02:52:14","9","18","2"
"733345","31468","3866","29","0.689655","0.103448","6.793103448275862","7","2022-10-07 03:53:28","3","71","10"
"734040","34446","3865","44","0.704545","0.090909","1.1590909090909092","7","2022-08-16 02:05:27","7","16","1"
"734069","482923","3865","461","0.659436","0.112798","2.4837310195227764","637","2022-11-29 15:07:30","359","1133","313"
"735226","11134","3865","35","0.657142","0","1.3714285714285714","4","","0","0","0"
"735926","21623","3864","5","0.6","0.2","9.8","22","2022-11-08 14:43:42","4","81","32"
"736079","117102","3864","141","0.617021","0.113475","2.1134751773049647","153","2022-11-28 10:12:22","141","273","144"
"736162","19642","3864","8","0.75","0.125","6.875","5","2022-10-08 13:02:14","14","34","0"
"736172","12815","3864","24","0.458333","0.25","1.6666666666666667","3","2022-10-18 06:02:20","18","29","10"
"738017","14855","3863","12","0.416666","0.333333","1.1666666666666667","3","2022-10-12 11:15:37","3","11","1"
"740553","54574","3862","72","0.458333","0.277777","23.666666666666668","141","2022-11-14 17:38:40","43","1090","125"
"741970","38493","3861","8","0.625","0.125","3.375","3","2022-11-06 21:58:54","4","7","0"
"742249","19896","3861","5","0.2","0.8","0.8","2","2022-07-15 08:55:10","3","1","0"
"742314","13038","3861","32","0.59375","0.1875","1.34375","2","2022-02-08 22:34:03","2","1","0"
"743188","13862","3860","13","0","0.615384","3.6153846153846154","1","","0","16","3"
"743464","32332","3860","37","0.459459","0.216216","9.567567567567568","7","2022-11-20 20:28:48","10","179","7"
"744178","58249","3859","6","0.666666","0.166666","1.3333333333333333","10","","0","1","0"
"744720","18486","3858","9","1","0","7.888888888888889","0","2022-11-27 07:42:07","8","41","0"
"745808","14854","3858","7","0.428571","0.142857","2.2857142857142856","1","","0","8","0"
"745903","121225","3858","156","0.480769","0.166666","2.2628205128205128","29","2022-11-29 17:19:18","110","311","15"
"746882","12075","3857","5","0.2","0.6","0.6","1","2022-10-13 07:44:23","8","11","1"
"747050","13135","3857","10","0.2","0.6","7.9","0","2022-03-17 07:58:55","1","4","0"
"747355","17477","3857","8","0.75","0","2.25","0","","0","2","0"
"747579","94796","3857","32","0.09375","0.65625","1.40625","0","2022-11-24 08:12:19","17","20","0"
"747965","10426","3856","9","0.555555","0.111111","4.222222222222222","23","2022-07-28 03:54:57","14","28","9"
"748546","11781","3856","14","0.357142","0.142857","2.9285714285714284","6","","0","2","0"
"749657","10713","3856","51","0.72549","0.058823","1.8235294117647058","7","2022-11-07 15:29:09","57","98","5"
"751090","87743","3855","28","0.857142","0","0.6428571428571429","3","2022-10-26 15:57:29","26","14","9"
"751641","16326","3854","5","0.4","0.4","0.8","2","2022-11-23 14:35:38","12","6","4"
"751863","55207","3854","61","0.803278","0.09836","1.4754098360655739","8","2022-11-29 23:40:32","74","64","8"
"752527","17440","3854","10","0.4","0.1","8.9","4","","0","8","1"
"752603","18225","3854","5","0","0.6","2.4","0","","0","4","3"
"752843","63417","3854","19","0.473684","0.210526","3","15","2022-11-18 22:47:36","7","23","1"
"752890","20233","3854","15","0.866666","0","2","51","2022-11-07 00:21:37","27","25","40"
"752976","39571","3854","8","0.625","0.125","3.875","0","2022-10-18 22:53:56","4","13","2"
"753632","30103","3853","91","0.318681","0.296703","2.318681318681319","34","2022-11-25 11:34:02","22","62","4"
"754456","15605","3852","13","0.615384","0.076923","0.9230769230769231","0","2022-08-16 19:57:04","3","0","0"
"755666","11359","3851","23","0.47826","0.173913","2.9130434782608696","0","2022-11-01 13:03:27","18","47","1"
"756233","11339","3851","8","0.125","0.5","1.625","1","2022-11-21 20:48:13","8","5","1"
"756566","11713","3850","6","0.666666","0","6.666666666666667","1","2022-09-12 22:19:09","3","44","0"
"756809","53076","3850","123","0.910569","0.01626","2.2601626016260163","7","2022-11-27 02:47:51","80","133","0"
"757100","16710","3850","34","0.970588","0","3.7058823529411766","2","2022-11-20 13:45:15","25","86","2"
"757214","10753","3850","9","0.222222","0.222222","1.7777777777777777","4","","0","1","0"
"757508","74112","3850","25","0.8","0.12","2.56","29","2022-11-19 09:24:00","12","30","19"
"757777","11786","3850","11","0.545454","0.272727","2.909090909090909","0","2022-11-26 07:41:00","11","43","0"
"758174","26664","3850","329","0.422492","0.261398","1.9209726443768997","15","2022-11-29 20:37:49","159","234","8"
"758345","72262","3849","10","0.2","0.4","1.6","7","2022-11-28 17:23:21","10","26","5"
"758836","16321","3849","11","0.090909","0.818181","6.7272727272727275","2","2022-11-04 20:53:58","6","37","0"
"759558","12234","3849","67","0.507462","0.164179","5.567164179104478","4","2022-11-21 19:23:47","44","335","4"
"760807","31333","3848","6","0.833333","0","5.5","0","2022-09-19 12:46:02","1","8","1"
"761095","30797","3848","17","0.882352","0.058823","1.5294117647058822","11","2022-11-29 10:07:42","32","49","21"
"761132","10535","3848","13","0.307692","0.230769","0.6923076923076923","1","2022-04-26 06:18:17","15","13","5"
"761202","67395","3848","14","0.5","0.285714","11.285714285714286","19","2022-11-23 13:31:50","13","268","36"
"761212","32848","3848","62","0.709677","0.064516","1.8387096774193548","9","2022-07-28 15:10:35","7","21","0"
"762363","11408","3847","5","0.6","0.4","1","0","2022-10-22 14:16:05","4","2","0"
"763269","22404","3847","5","0.2","0.2","1.6","0","2022-05-27 07:20:57","2","11","3"
"764206","10832","3846","16","0.75","0.0625","1.125","0","2022-11-10 06:36:59","11","1","1"
"765226","40504","3845","344","0.729651","0.052325","1.308139534883721","203","2022-11-28 16:36:30","9","9","2"
"765395","19429","3844","116","0.689655","0.112068","1.706896551724138","148","2022-11-14 12:20:12","40","60","68"
"766548","25451","3844","8","0.5","0.125","1.75","0","2022-11-26 16:11:06","4","11","0"
"767890","32944","3843","5","0.2","0","3.2","0","2022-10-27 13:43:27","1","1","0"
"768644","108445","3843","1158","0.531951","0.15544","0.7322970639032815","13","2022-11-29 11:55:46","551","643","14"
"769265","95996","3842","118","0.771186","0.050847","3.2966101694915255","82","2022-11-28 13:30:32","93","332","60"
"770830","34820","3841","80","0.5125","0.275","5.1375","45","2022-11-29 08:56:31","22","128","18"
"771581","28435","3841","10","0.4","0.3","1","1","2022-11-17 10:49:00","1","0","0"
"771838","11514","3841","8","0.875","0.125","3.125","0","","0","0","0"
"771848","476263","3841","20","0.65","0.15","0.85","26","2022-09-01 18:09:12","2","0","6"
"772868","10319","4044","35","0.2","0.342857","10.914285714285715","400","2022-11-29 08:17:20","37","184","332"
"773113","63610","3840","49","0.183673","0.428571","2.5714285714285716","7","2022-11-29 12:28:55","64","145","3"
"773616","19108","3840","8","0.625","0.125","0.75","2","","0","0","0"
"774086","30495","3839","5","0.8","0.2","0.6","0","2022-02-11 11:20:46","1","5","0"
"775138","12545","3838","10","0","0.7","2.4","1","2022-09-21 09:53:32","3","18","0"
"775345","22663","3838","10","0.5","0","3.7","2","2022-11-26 03:00:24","7","27","0"
"775516","26286","4055","14","0.285714","0.428571","1.7857142857142858","0","","0","1","0"
"775715","49745","3837","110","0.818181","0.027272","2.0272727272727273","39","2022-11-27 14:02:41","70","111","32"
"775806","122966","3837","178","0.449438","0.264044","14.865168539325843","10","2022-11-29 15:21:27","186","2405","19"
"775954","34992","3837","7","0.142857","0.571428","3.7142857142857144","259","2022-09-06 20:25:03","2","18","202"
"777285","12758","3836","9","0","0.555555","1.3333333333333333","10","2022-03-23 14:25:23","2","2","1"
"777861","19109","3836","6","0.166666","0.333333","7.333333333333333","1","2022-06-23 07:35:59","2","20","0"
"777982","17536","3836","8","0","0.875","2.125","1","2022-08-28 01:58:32","5","5","0"
"778272","21155","3836","5","0.4","0","1","1","","0","6","0"
"778560","67683","3835","29","0.413793","0.241379","2.7586206896551726","0","2022-11-28 19:38:26","65","112","3"
"780717","27442","3834","29","0.482758","0.310344","8.827586206896552","6","2022-10-18 07:20:45","15","186","0"
"781707","67432","3834","7","0.285714","0.285714","2.857142857142857","1","","0","4","0"
"781754","59582","3834","65","0.538461","0.107692","7.538461538461538","255","2022-11-24 06:29:56","67","489","399"
"782034","26263","3833","10","0.3","0.4","2.3","0","2022-11-02 03:22:25","6","10","0"
"783119","167039","3833","84","0.75","0.071428","11.69047619047619","1412","2022-11-22 13:55:41","70","465","1042"
"783412","34907","4062","39","0.282051","0.307692","1.641025641025641","8","2022-11-08 06:34:27","16","23","0"
"783510","44705","3832","28","0.678571","0.178571","0.5714285714285714","9","2022-11-26 19:59:32","11","11","1"
"783743","74589","3832","20","0.4","0.15","1.8","15","2022-10-04 02:01:03","4","32","17"
"784387","102417","3831","36","0.722222","0.055555","1.6388888888888888","1","2022-11-02 16:34:58","6","16","3"
"785061","21779","3831","13","0.76923","0","2.6153846153846154","25","2022-11-09 07:07:24","16","32","17"
"785065","162636","3831","72","0.75","0.069444","4.208333333333333","33","2022-08-30 16:00:51","4","28","2"
"785349","35745","3830","16","0.5625","0.1875","3.5","8","","0","3","0"
"786542","28671","3830","12","0.166666","0.583333","6.833333333333333","23","2022-03-25 18:25:59","1","29","1"
"787480","41167","3829","70","0.514285","0.185714","3.757142857142857","15","2022-11-21 09:44:40","36","169","19"
"788700","13567","3828","8","0.125","0.625","0.625","1","2022-07-07 11:55:22","2","1","0"
"789545","11947","3828","46","0.826086","0.065217","0.8478260869565217","19","2022-11-22 21:08:10","70","60","19"
"789933","13955","3828","5","0","0.8","1.8","0","2022-03-02 10:56:47","1","11","0"
"791604","156515","3827","264","0.568181","0.094696","3.2007575757575757","28","2022-11-29 16:13:31","161","402","25"
"791609","10022","3827","35","0.542857","0.142857","0.6","7","2022-10-13 18:04:44","32","35","9"
"793861","10370","4327","8","0.375","0.375","1.625","0","2022-04-24 19:06:33","1","4","0"
"794088","17180","3825","16","0.5","0.3125","3.5","13","","0","0","0"
"794481","13551","3824","5","0.4","0.4","2.6","3","2022-06-12 15:51:47","1","11","0"
"797049","96259","3822","33","0.30303","0.393939","2.606060606060606","5","2022-11-22 23:10:55","55","73","7"
"797194","11842","3822","15","0.466666","0.266666","2.3333333333333335","4","2022-11-14 14:03:14","1","6","0"
"797495","100088","3822","47","0.106382","0.702127","2.8297872340425534","20","2022-10-17 21:01:27","10","26","5"
"797882","23378","3822","9","0.777777","0.111111","4.111111111111111","28","","0","0","1"
"798502","11018","3822","9","0.555555","0.333333","2.3333333333333335","3","2022-11-13 20:30:41","2","1","1"
"800452","10702","3821","5","0.2","0.6","1.2","2","2022-09-27 22:12:25","2","5","0"
"801544","21722","3820","14","0.5","0.357142","1.6428571428571428","7","2022-10-19 08:45:53","2","12","3"
"801894","27662","3820","63","0.333333","0.253968","5.015873015873016","14","2022-11-29 21:49:21","144","603","19"
"802116","12726","3820","5","0.6","0.4","2.8","2","","0","1","0"
"802138","15975","3820","9","0.111111","0.555555","3.3333333333333335","43","","0","12","13"
"802365","43877","3962","5","0","0.4","4","9","2022-06-15 13:29:00","1","3","1"
"802469","15024","3820","6","0.5","0.5","6.666666666666667","2","","0","2","0"
"803019","10126","3819","43","0.744186","0.023255","1.9767441860465116","1","2022-10-12 12:44:16","9","18","0"
"804100","12847","3818","8","0.625","0","1","0","2022-07-16 13:20:37","5","19","0"
"804385","28586","3818","7","0.285714","0.142857","2.4285714285714284","1","2022-05-09 12:08:15","1","7","1"
"804440","10841","3818","7","0","0.857142","1.2857142857142858","1","2022-10-24 17:45:20","5","7","1"
"806963","14124","3816","11","0.272727","0.636363","5.090909090909091","4","2022-08-18 11:39:43","4","17","1"
"807104","14249","3816","16","0.3125","0.375","1.6875","2","2022-11-18 13:58:20","2","2","0"
"807126","320810","3816","424","0.728773","0.054245","2.082547169811321","654","2022-11-29 21:06:22","260","695","558"
"808151","12742","3815","5","0.2","0.2","1.4","0","2022-05-30 18:49:33","1","7","1"
"811240","24639","3814","32","0.375","0.3125","2.71875","14","2022-11-03 22:03:10","4","19","1"
"811335","39866","3814","12","0","0.75","0.75","6","2022-09-24 04:41:50","14","29","12"
"811405","35442","3813","9","0.444444","0.333333","4","4","2022-10-14 21:41:06","8","42","2"
"812183","72509","3813","118","0.68644","0.076271","2.016949152542373","98","2022-11-25 14:48:25","76","189","91"
"812912","71434","3813","13","0.76923","0.230769","1.2307692307692308","10","2022-11-15 12:44:46","8","17","5"
"814253","30017","3812","15","0.666666","0.133333","1.5333333333333334","6","2022-10-25 07:41:18","9","9","4"
"814735","16207","3812","9","0.555555","0.222222","2","7","2022-10-14 09:10:34","3","5","0"
"814803","23172","3812","36","0.805555","0.027777","2.861111111111111","5","2022-11-17 17:29:09","18","45","8"
"815724","33148","3811","56","0.5","0.232142","5.642857142857143","1253","2022-09-12 20:30:21","5","49","11"
"816620","711833","3810","770","0.710389","0.061038","3.866233766233766","31","2022-11-28 23:46:13","491","1732","29"
"817379","10152","3809","14","0.357142","0.357142","2","0","2022-11-15 11:42:00","7","5","1"
"817643","172397","3809","156","0.448717","0.230769","7.185897435897436","109","2022-11-28 11:52:35","30","454","47"
"817767","11900","3809","10","0.2","0.6","2.9","3","2022-05-19 18:31:19","2","15","1"
"818326","12245","3808","99","0.222222","0.383838","0.7272727272727273","0","2022-11-24 20:11:30","53","24","2"
"819355","28397","3808","43","0.697674","0.023255","0.627906976744186","0","2022-11-10 08:51:22","16","4","0"
"819417","20441","3808","8","0.25","0.5","2.875","2","2022-11-29 11:29:31","8","22","3"
"819764","11489","3808","5","0.6","0.2","0.8","1","2022-09-07 14:38:46","2","6","0"
"820127","15691","3808","40","0.375","0.375","4.225","5","2022-11-22 09:15:06","29","109","5"
"821679","67066","3807","101","0.60396","0.079207","0.7128712871287128","2","2022-11-29 18:10:09","87","50","5"
"823282","11055","3806","6","0.5","0.166666","5.666666666666667","6","2022-06-17 22:35:00","1","16","6"
"823617","34458","3806","21","0.523809","0.047619","4","6","2022-09-22 11:22:23","21","98","18"
"823869","11126","3806","5","0","0.6","3.2","1","2022-11-20 22:59:48","2","6","0"
"824377","34576","3806","15","0.6","0.2","1.0666666666666667","1","2022-11-07 07:57:46","5","2","0"
"824903","19446","3805","9","0.555555","0.222222","1","3","","0","0","1"
"826435","15929","3804","14","0.071428","0.857142","0.21428571428571427","3","2022-09-30 12:04:11","5","1","0"
"826983","25838","3803","21","0.523809","0.190476","4.476190476190476","18","2022-09-26 10:13:08","7","30","11"
"827263","266445","3803","28","0.357142","0.321428","8.5","37","2022-10-30 03:04:13","13","112","11"
"828193","33847","3802","5","0.4","0","2.6","3","2022-08-18 16:48:28","5","8","2"
"828584","17560","3802","6","0.166666","0.833333","2.1666666666666665","0","2022-11-09 09:12:21","10","15","0"
"829571","330310","3801","12","0.5","0.083333","11.083333333333334","15","2022-11-22 18:28:52","10","67","19"
"829970","16469","3801","8","0.875","0","2.125","7","2022-11-21 16:00:22","43","78","25"
"831507","10815","3800","25","0.76","0.08","0.68","0","2022-11-08 07:24:15","11","5","0"
"831564","10109","3800","22","0.454545","0.227272","2.1818181818181817","4","2022-03-29 14:11:46","1","2","0"
"831878","88846","3800","11","0.272727","0.545454","3","2","","0","8","1"
"832052","15824","3800","71","0.549295","0.183098","2.915492957746479","113","2022-11-08 18:32:15","53","182","55"
"832230","65005","3800","28","0.035714","0.75","2.2142857142857144","209","2022-11-24 02:39:02","21","36","150"
"835883","62879","3798","10","0.2","0.6","2","0","2022-10-27 13:06:04","5","4","0"
"836330","194195","3797","366","0.52459","0.193989","1.489071038251366","195","2022-11-29 02:32:01","322","599","157"
"836708","12531","3797","19","0.842105","0","2.1578947368421053","16","2022-11-23 18:22:07","11","15","8"
"839733","25359","3795","60","0.233333","0.483333","4.183333333333334","10","2022-11-04 16:47:52","31","237","24"
"840582","11638","3794","38","0.342105","0.421052","1.5789473684210527","2","2022-11-22 07:45:39","12","13","0"
"840947","24480","3794","31","0.774193","0.064516","3.064516129032258","13","","0","0","0"
"840992","18607","4185","21","0.809523","0.047619","1.5238095238095237","5","2022-07-16 20:17:06","1","1","0"
"841330","12477","3794","12","0.166666","0.833333","2.0833333333333335","0","","0","3","0"
"841830","29452","3793","33","0.818181","0.030303","1.7878787878787878","7","2022-11-14 19:45:10","18","38","2"
"842935","52111","3793","56","0.607142","0.142857","2.517857142857143","11","2022-11-14 12:40:42","46","109","19"
"843953","25724","3792","280","0.385714","0.221428","5.857142857142857","606","2022-11-29 21:42:06","232","1531","570"
"844322","26680","3792","9","0.111111","0.666666","3.4444444444444446","5","2022-03-13 19:57:47","1","5","0"
"844416","80768","3792","246","0.638211","0.109756","1.6544715447154472","12","2022-11-29 05:21:33","162","294","5"
"845034","17465","3792","16","0.1875","0.5625","1.5","5","2022-11-12 02:22:58","23","36","5"
"845092","67745","3792","51","0.411764","0.156862","12.313725490196079","40","2022-11-11 17:15:57","10","73","8"
"845414","15256","3792","5","0.8","0","44.4","13","2022-10-27 14:00:40","14","356","35"
"846892","252392","3791","10","0.5","0.2","1.2","6","2022-09-19 04:44:33","1","5","0"
"847116","12923","3791","8","0.5","0","6.75","3","2022-04-06 07:11:24","5","45","2"
"847269","28437","3791","93","0.709677","0.107526","0.4946236559139785","0","2022-11-22 20:40:50","30","12","0"
"847773","16495","3790","5","0.8","0","33.4","0","2022-10-11 07:15:22","1","7","0"
"847881","11531","3790","11","1","0","11.363636363636363","0","2022-09-09 11:25:08","18","151","0"
"848253","17560","3789","15","0.4","0.4","1.1333333333333333","1","","0","3","0"
"848975","10534","3789","6","0.333333","0.166666","5","7","","0","10","1"
"849891","71682","3788","310","0.303225","0.280645","4.267741935483871","879","2022-11-19 12:00:55","84","408","276"
"850749","13903","3788","16","0.4375","0.1875","1.3125","5","","0","2","1"
"850781","60713","3788","31","0.548387","0.193548","0.8387096774193549","28","2022-11-16 16:05:46","20","26","12"
"850848","205644","3788","442","0.807692","0.042986","1.416289592760181","1570","2022-11-29 21:22:09","216","409","800"
"851885","14671","3787","5","0.2","0.4","5.4","1","2022-11-22 14:06:06","6","18","1"
"852828","119460","3787","38","0.710526","0.026315","1.105263157894737","2","2022-11-23 10:29:02","41","57","3"
"853360","64556","3786","95","0.568421","0.094736","1.894736842105263","49","2022-07-20 05:44:02","7","14","4"
"853609","17642","3786","11","0.545454","0.090909","11.818181818181818","49","2022-06-04 05:11:31","3","33","10"
"856199","52236","3785","7","0.285714","0.142857","4","2","2022-04-26 14:11:14","2","3","0"
"856353","21532","3785","26","0.538461","0.115384","1.6538461538461537","1","2022-10-04 20:07:57","1","11","0"
"856498","40592","3785","7","0.714285","0.285714","3.5714285714285716","0","2022-11-28 02:37:12","11","27","0"
"857025","26177","3785","5","0.8","0","5.8","1","","0","6","0"
"857132","29315","3784","28","0.678571","0.107142","4.392857142857143","8","2022-11-18 22:37:50","13","58","1"
"857390","10641","3784","6","0.5","0.5","1.5","1","2022-09-26 10:14:50","2","4","1"
"857848","11401","3784","29","0.448275","0.241379","2.0689655172413794","4","2022-11-21 06:44:02","10","29","0"
"857994","39918","3784","11","0.727272","0.090909","1.5454545454545454","4","2022-04-21 23:33:23","1","6","1"
"858913","18859","3783","5","0.6","0.2","1","2","","0","1","2"
"860034","15538","3782","14","0.428571","0.071428","5.285714285714286","6","2022-11-27 00:12:29","17","99","4"
"860099","94061","3782","33","0.181818","0.787878","1.8181818181818181","6","2022-11-29 19:10:25","5","25","0"
"860196","11085","3782","17","0.764705","0.117647","1.7647058823529411","7","2022-11-25 14:05:53","1","3","1"
"860585","22047","3782","9","0.444444","0.333333","2.888888888888889","0","2022-11-10 21:11:51","4","60","0"
"860630","18471","3782","13","0.692307","0.153846","1.3846153846153846","1","2022-07-20 18:50:00","6","22","0"
"861388","15249","3781","35","0.742857","0.057142","1","5","2022-11-12 00:21:24","11","19","2"
"861679","18597","3781","6","0.166666","0","5.833333333333333","0","","0","8","0"
"861716","110127","3781","45","0.466666","0.244444","30.622222222222224","97","2022-11-29 15:04:13","27","1033","377"
"862231","21223","3781","10","0.7","0.1","2.2","0","2022-11-12 04:28:35","13","12","1"
"863110","29540","3780","63","0.761904","0.047619","5.26984126984127","115","2022-05-04 12:36:03","14","38","12"
"863380","27103","3780","5","0","0.6","0.2","8","2022-11-24 09:21:28","2","1","4"
"865220","18432","3779","9","0.333333","0.333333","2.6666666666666665","0","2022-09-18 15:53:18","4","77","1"
"865874","99741","3779","34","0.705882","0.029411","4.676470588235294","1","2022-11-27 17:16:51","64","241","0"
"866021","17342","3779","38","0.657894","0.105263","0.6052631578947368","29","2022-11-09 17:20:55","16","7","17"
"866026","44443","3779","24","0.666666","0.166666","1.8333333333333333","4","2022-10-24 13:56:54","7","13","0"
"866930","10834","3778","5","0.4","0.2","9.8","3","2022-03-08 22:09:52","1","18","1"
"867889","10113","3778","8","0.25","0.5","2","1","2022-10-12 14:40:32","2","0","0"
"868014","70187","3778","45","0.711111","0.066666","1.9777777777777779","20","2022-11-29 20:30:10","11","26","13"
"869330","15742","3777","15","0.4","0.333333","1.6666666666666667","8","2022-07-15 05:22:16","2","0","1"
"869482","10031","3777","12","0.25","0.583333","0.4166666666666667","3","2022-05-03 16:25:47","4","2","2"
"869621","39115","3777","5","0.8","0","5.6","0","2022-07-15 17:12:43","2","10","0"
"869736","200806","3777","156","0.557692","0.147435","3.7756410256410255","4","2022-11-29 05:52:28","191","659","5"
"869951","30101","3777","12","0","0.916666","2.9166666666666665","1","","0","31","1"
"870483","20908","3776","13","0.538461","0","0.38461538461538464","13","2022-09-22 20:53:39","11","3","6"
"871026","160179","3776","15","0.6","0.066666","2.466666666666667","2","2022-11-16 17:08:21","4","12","0"
"871096","17733","3776","51","0.745098","0.058823","9.215686274509803","20","2022-11-23 05:46:57","19","202","10"
"871910","39157","3775","10","0.4","0.2","1.7","3","2022-08-14 14:46:59","2","6","0"
"873165","42296","3774","6","0.833333","0","2.3333333333333335","1","","0","2","0"
"873237","11483","3774","9","0.444444","0.333333","0.8888888888888888","1","2022-09-27 15:28:37","1","1","0"
"873282","21007","3774","8","0.125","0.875","1.5","4","2022-05-12 21:29:32","4","9","6"
"874024","60114","3773","39","0.230769","0.410256","1.4615384615384615","2","2022-11-11 07:35:09","13","18","1"
"874188","192337","3773","756","0.427248","0.252645","5.619047619047619","1552","2022-11-29 14:23:11","439","3096","1013"
"876497","20088","3772","55","0.727272","0.036363","1.8909090909090909","11","2022-11-04 11:57:51","29","73","11"
"878126","116784","3771","30","0.1","0.633333","16.233333333333334","8","2022-10-27 06:04:43","17","164","2"
"878532","26173","3771","42","0.428571","0.214285","5.642857142857143","0","2022-11-18 09:18:28","27","215","5"
"880434","24442","4266","7","0.142857","0.571428","1.7142857142857142","0","2022-07-15 17:59:43","4","5","1"
"880619","20394","3770","87","0.735632","0.126436","3.3793103448275863","393","2022-11-25 15:33:41","61","223","334"
"880990","114706","3770","208","0.509615","0.163461","2.6875","230","2022-11-29 18:33:50","246","487","245"
"881250","15372","3770","5","0","0.8","1.8","0","2022-10-12 08:51:55","1","2","0"
"881441","28308","3770","8","0.125","0.625","1.625","0","2022-11-28 22:59:50","134","137","6"
"882003","88380","3769","221","0.579185","0.117647","4.4343891402714934","7","2022-11-29 13:27:37","303","1710","10"
"882875","11156","3768","32","0.71875","0.0625","0.4375","1","2022-10-13 14:12:50","20","19","1"
"883413","16697","3767","5","0","0.8","1.2","0","2022-10-11 04:01:57","3","1","0"
"884463","15455","3767","135","0.474074","0.207407","2.8740740740740742","60","2022-10-09 10:01:21","1","12","1"
"884862","21145","3767","6","0.5","0.166666","0.8333333333333334","0","2022-07-01 14:58:09","6","5","0"
"885626","13318","3766","5","0.6","0","5.4","0","","0","8","0"
"886697","15757","3766","11","0.272727","0.363636","4.7272727272727275","2","2022-11-22 06:30:57","23","32","3"
"887092","18841","3765","9","0.333333","0.666666","1.1111111111111112","0","2022-05-15 14:23:48","1","5","0"
"887539","47403","3765","55","0.490909","0.2","1.5636363636363637","15","2022-10-06 10:13:54","26","53","4"
"888472","11756","3765","72","0.430555","0.305555","4.791666666666667","71","2022-11-28 05:28:02","16","101","22"
"891440","23709","3763","30","0.366666","0.233333","2.9","36","2022-07-24 07:42:17","10","41","11"
"892256","60376","3763","31","0.32258","0.354838","9.35483870967742","12","2022-11-13 23:54:54","4","45","4"
"892493","70375","3763","11","0.90909","0","2.3636363636363638","1","2022-11-29 03:26:22","11","31","1"
"892629","25595","3762","166","0.524096","0.210843","1.9518072289156627","52","2022-08-22 07:21:32","18","42","7"
"893254","19111","3762","9","0.555555","0.333333","16.555555555555557","16","2022-11-28 18:55:31","16","170","4"
"893670","16845","3761","6","0.666666","0","2.6666666666666665","1","","0","3","1"
"894061","29898","3761","5","0.6","0.2","3","0","2022-11-10 08:44:06","9","61","3"
"894067","21162","3761","11","0.636363","0.272727","3.727272727272727","3","2022-10-25 15:25:36","9","16","1"
"894328","22652","3761","14","0.5","0.285714","2","5","2022-11-19 20:57:47","11","40","6"
"894565","31884","3760","10","0.6","0.2","1.8","4","2022-09-06 09:09:47","22","20","10"
"894763","11360","3760","20","0.7","0.1","1.85","0","2022-11-25 16:03:14","34","45","2"
"894977","24086","3760","119","0.470588","0.20168","2.907563025210084","6","2022-11-22 12:49:04","172","363","7"
"895245","395501","3760","69","0.057971","0.73913","3.318840579710145","42","2022-11-26 23:16:54","54","127","22"
"895659","18127","3760","10","0.1","0.8","0.3","1","","0","0","0"
"895789","12689","3759","39","0.666666","0.205128","1.641025641025641","33","2022-11-29 22:06:27","21","43","33"
"897024","30236","3759","6","0.833333","0.166666","2.1666666666666665","2","2022-08-01 12:19:54","1","7","1"
"898348","51348","3758","190","0.473684","0.210526","10.284210526315789","532","2022-11-29 12:46:31","100","1407","487"
"898478","26039","3758","10","0.3","0.4","26.3","2","2022-11-20 12:43:09","2","54","4"
"900078","21357","3757","62","0.516129","0.193548","2.564516129032258","87","2022-11-29 10:52:09","33","86","50"
"901641","21791","3756","10","0.2","0.7","3.7","8","2022-03-15 19:27:04","1","20","3"
"901925","233427","3756","942","0.498938","0.144373","4.802547770700637","119","2022-11-27 16:57:08","615","2726","86"
"902630","35667","3756","16","0.1875","0.4375","0.5","2","2022-08-29 05:34:14","4","6","0"
"903011","30782","3756","14","0.5","0.285714","11.285714285714286","21","2022-10-08 16:47:43","10","63","18"
"903061","147541","3756","307","0.449511","0.228013","4.423452768729642","221","2022-11-29 17:10:15","434","1990","340"
"903651","15020","3755","26","0.5","0.115384","5.5","16","2022-11-29 16:20:41","8","45","5"
"904393","68185","3754","68","0.897058","0.014705","2.0588235294117645","1","2022-11-28 11:08:42","24","60","4"
"904422","24496","3754","18","0.555555","0.166666","2","4","2022-10-05 08:15:26","13","30","6"
"905902","44545","3753","100","0.29","0.31","11.2","44","2022-06-02 09:25:47","20","284","24"
"906773","52849","3753","14","0.642857","0","2","2","2022-10-27 04:50:59","32","51","2"
"906839","22583","3752","8","0.625","0.25","7.5","3","2022-10-23 21:31:15","2","39","1"
"908821","13675","3751","27","0.296296","0.481481","1.4444444444444444","10","","0","3","1"
"909199","12490","3751","14","0.714285","0.071428","1.1428571428571428","1","2022-03-29 10:30:19","3","4","0"
"911419","10677","3750","60","0.583333","0.133333","3.0833333333333335","363","2022-11-11 23:42:15","39","160","351"
"911976","10137","3750","5","0.4","0.4","0.2","0","","0","0","0"
"912236","14031","3750","18","0.111111","0.666666","2.0555555555555554","6","2022-11-13 04:13:04","13","18","11"
"912319","19370","3750","8","0","1","2","1","2022-11-11 05:34:15","5","6","0"
"912829","10734","3750","13","0.153846","0.615384","4.538461538461538","2","2022-11-06 18:00:42","6","29","4"
"913098","29033","3750","119","0.462184","0.285714","4.764705882352941","190","2022-11-24 09:37:45","22","223","51"
"913124","54132","3750","12","0.416666","0.166666","0.8333333333333334","5","2022-10-22 09:21:49","6","8","2"
"913935","16705","3749","32","0.8125","0.03125","0.90625","1","2022-11-14 09:08:29","16","20","1"
"914686","15400","3749","10","0.6","0","0.7","3","","0","2","0"
"914716","12597","3749","16","0.6875","0.0625","1.5625","2","2022-11-23 08:37:23","38","45","2"
"917467","18937","3746","20","0.6","0.15","4.45","0","2022-09-10 21:15:54","9","50","0"
"918496","20444","3746","28","0.75","0","1.4642857142857142","2","2022-09-17 08:49:04","4","9","1"
"918910","42878","3745","19","0.473684","0.052631","1.894736842105263","4","","0","1","0"
"918959","134911","3745","88","0.386363","0.272727","5.193181818181818","101","2022-11-23 13:49:45","6","53","9"
"920384","14711","3745","5","1","0","0.2","0","2022-02-14 12:58:37","1","1","0"
"920669","16622","3745","42","0.47619","0.142857","1.6428571428571428","1","2022-11-25 01:04:05","24","47","4"
"922584","12574","3744","10","0.4","0.4","5.3","0","2022-11-27 19:38:48","6","29","0"
"923315","42327","3743","7","0.285714","0.428571","1.8571428571428572","1","2022-05-16 00:24:53","2","11","1"
"923560","28197","3743","5","0.2","0.6","2","6","2022-11-22 07:36:50","12","18","16"
"924299","29302","3743","29","0.620689","0.137931","14.03448275862069","211","2022-04-03 05:03:37","4","66","26"
"924597","22160","3742","13","0.307692","0.230769","0.6153846153846154","0","2022-11-21 07:22:01","15","17","4"
"925222","14468","3742","11","0.272727","0.272727","2.5454545454545454","5","2022-10-13 09:25:48","2","11","3"
"925478","12957","3742","27","0.74074","0.148148","0.9629629629629629","1","2022-05-31 17:44:01","17","13","5"
"925913","30473","3742","10","0.6","0.1","2.1","3","2022-09-05 14:43:48","9","30","2"
"926143","48833","3742","38","0.552631","0.157894","1.105263157894737","0","2022-11-27 16:44:29","28","22","0"
"927333","11833","3740","31","0.16129","0.677419","0.3548387096774194","0","2022-10-03 17:23:55","24","9","0"
"927493","36835","3740","265","0.701886","0.071698","2.7849056603773583","22","2022-08-19 17:09:38","55","173","1"
"929187","12580","3739","60","0.75","0.05","1.7833333333333334","0","2022-11-29 22:39:19","102","128","2"
"929902","23530","3738","10","0.1","0.8","1.1","0","2022-10-26 13:09:57","2","12","0"
"930207","11708","3738","15","0.666666","0.133333","1.9333333333333333","1","","0","0","0"
"930271","25497","3738","7","0.571428","0.142857","1.5714285714285714","32","2022-07-30 08:47:40","11","24","29"
"930393","20095","3738","10","0.8","0.1","6","2","2022-10-19 09:39:00","3","36","1"
"930640","19146","3738","25","0.04","0.72","1.68","0","2022-08-17 12:42:19","8","32","0"
"930728","19646","3738","7","0.714285","0.142857","1.7142857142857142","0","2022-10-20 14:21:09","5","14","0"
"931323","10804","3738","6","0.5","0.166666","0.8333333333333334","0","","0","0","0"
"932282","18138","3737","5","0.8","0.2","2.2","7","2022-04-08 13:48:45","2","6","4"
"932728","30038","3737","110","0.736363","0.045454","2.6636363636363636","128","2022-11-29 08:55:14","118","324","80"
"933250","15373","3737","7","0.857142","0","7","0","2022-10-04 07:56:42","11","64","1"
"933810","13940","3736","48","0.583333","0.166666","1.0833333333333333","9","2022-06-28 23:23:14","1","3","0"
"934407","13599","3736","19","0.631578","0.157894","0.7368421052631579","0","2022-10-17 05:11:41","1","2","2"
"934946","10408","3736","27","0.629629","0.074074","2.7037037037037037","8","2022-10-18 06:40:18","75","113","28"
"935687","11878","3736","9","1","0","12.333333333333334","6","2022-10-14 13:48:42","3","60","4"
"936293","16564","3735","44","0.681818","0.068181","2.3181818181818183","5","2022-10-18 09:22:18","7","22","0"
"936310","31010","3735","176","0.829545","0.017045","1.4431818181818181","27","2022-11-26 22:27:12","117","149","41"
"936832","48398","3735","74","0.959459","0.013513","1.337837837837838","5","2022-11-28 16:29:41","52","48","5"
"937222","12293","3735","10","0.4","0.1","1","1","2022-11-21 18:59:50","2","15","46"
"937841","10820","3734","17","0.529411","0.294117","1.0588235294117647","14","2022-08-03 15:27:06","2","2","0"
"938363","10290","3734","6","0.833333","0","7.666666666666667","0","2022-11-28 05:51:08","7","64","0"
"938694","15730","3734","5","0.2","0","3.4","1","2022-11-08 17:12:36","3","11","0"
"939213","28114","3745","13","0.615384","0.076923","7.769230769230769","1","2022-04-14 11:43:05","5","51","0"
"939557","102379","3733","331","0.697885","0.048338","3.1842900302114803","2","2022-11-29 13:27:12","241","643","2"
"939860","671014","3732","385","0.503896","0.135064","1.4103896103896103","873","2022-11-29 08:38:57","304","413","827"
"941240","48501","3732","23","0.608695","0.086956","17.47826086956522","4","2022-11-25 11:50:23","26","283","1"
"941272","55770","3732","8","0.75","0.125","2","1","2022-11-17 23:08:40","7","16","3"
"941531","16995","3732","234","0.418803","0.286324","3.8034188034188032","93","2022-11-29 19:49:54","67","139","5"
"942317","10387","3731","6","0.166666","0.833333","1.8333333333333333","1","2022-04-07 07:22:13","2","9","0"
"944849","15081","3730","12","0.75","0.166666","2.25","4","2022-09-08 19:09:28","3","6","1"
"947357","66923","3730","5","0.6","0.2","1.8","0","2022-11-14 18:47:25","16","23","2"
"948550","31519","3728","5","0","0.4","1.2","0","2022-07-16 11:01:58","1","3","0"
"949217","19249","3728","31","0.451612","0.225806","1.2258064516129032","0","2022-11-08 21:32:15","28","29","4"
"951349","19662","3726","14","0","0.857142","1.3571428571428572","2","2022-10-19 15:30:21","5","24","3"
"951609","15154","3726","11","0.727272","0","1","0","2022-09-28 17:20:31","13","24","0"
"951757","45670","3726","7","0.285714","0.428571","2.7142857142857144","2","","0","0","0"
"952135","10970","3725","8","0.625","0","2","17","2022-09-30 09:44:02","6","11","3"
"952296","14111","3725","48","0.416666","0.270833","4.229166666666667","3","2022-11-21 02:39:15","8","41","1"
"953218","14088","3725","8","0.625","0.25","2.875","5","2022-05-01 23:53:29","2","11","1"
"954927","10005","3724","6","0.333333","0.666666","6.666666666666667","0","2022-06-24 12:23:45","2","31","0"
"954940","56370","3724","165","0.448484","0.230303","3.109090909090909","8","2022-11-08 13:30:31","9","76","0"
"956397","23713","3723","11","0.636363","0.090909","1.6363636363636365","21","2022-08-22 09:35:26","4","8","6"
"960558","98233","3721","7","0.714285","0","0.42857142857142855","0","2022-11-26 16:33:50","68","72","19"
"960588","14004","3721","7","0.857142","0","0","0","","0","2","0"
"961018","22649","3721","7","0","0.857142","24.142857142857142","1","2022-07-23 12:43:08","1","36","0"
"961631","15497","3721","24","0.375","0.458333","8.083333333333334","10","2022-11-04 07:47:58","19","223","11"
"961695","39989","3721","6","0.5","0","1.1666666666666667","0","2022-09-04 17:59:10","4","22","0"
"962089","62366","3721","20","0.45","0.35","21.1","5","2022-03-24 16:54:51","8","117","1"
"962155","12068","3720","7","0.571428","0","19","1","2022-11-28 13:52:25","11","125","1"
"962190","20773","3720","30","0.433333","0.233333","3.7","13","2022-05-30 08:17:12","3","18","4"
"965146","22369","3831","91","0.461538","0.274725","2","476","2022-11-29 14:09:39","31","33","189"
"965834","14977","3718","16","0.5","0.125","4.25","2","","0","0","0"
"965900","38758","3718","180","0.677777","0.088888","5.805555555555555","48","2022-11-29 08:21:07","123","791","15"
"966023","55238","3717","96","0.583333","0.104166","2.2916666666666665","0","2022-11-11 00:22:30","83","184","1"
"967330","15360","3717","12","0.666666","0.25","2.6666666666666665","4","","0","3","1"
"967484","47464","3717","12","0.666666","0","1.9166666666666667","2","","0","0","0"
"967492","59453","3717","309","0.061488","0.656957","0.39158576051779936","1","2022-11-29 12:06:49","206","61","0"
"967621","12858","3717","345","0.171014","0.495652","0.48985507246376814","266","2022-11-29 16:12:41","146","68","103"
"968155","49828","3716","116","0.568965","0.137931","3.7758620689655173","91","","0","2","0"
"968244","24192","3716","7","0.142857","0.714285","1.8571428571428572","9","2022-11-26 22:02:08","6","0","8"
"970308","15255","3715","17","0.588235","0.058823","1.588235294117647","4","2022-11-28 18:22:16","8","21","0"
"971141","25859","3715","6","0","1","2.8333333333333335","10","","0","0","1"
"971329","10768","3715","22","0.454545","0.272727","1.2727272727272727","1","2022-11-09 10:44:22","6","6","0"
"972216","19204","3714","39","0.794871","0","0.9743589743589743","0","2022-11-28 18:29:01","20","33","0"
"973552","24432","3714","9","0.222222","0.222222","5.777777777777778","12","2022-10-20 08:52:37","9","42","18"
"973651","28750","3714","7","0.285714","0.285714","2","1","2022-11-29 19:02:01","30","20","0"
"974186","52090","3713","57","0.385964","0.263157","0.47368421052631576","10","2022-11-25 05:46:52","30","13","8"
"975097","32160","3742","10","0.1","0.7","13.3","6","","0","200","13"
"975755","28476","3712","6","0.833333","0","1","1","2022-04-23 06:36:25","2","0","0"
"976391","16175","3711","19","0.315789","0.210526","14.578947368421053","11","2022-09-11 23:13:21","8","91","10"
"977017","16524","3711","30","0.366666","0.433333","0.5666666666666667","2","2022-04-09 21:24:38","5","24","2"
"977083","10194","4184","37","0.324324","0.378378","0.8378378378378378","1","2022-08-23 16:34:40","16","13","7"
"977919","15344","3710","36","0.666666","0.111111","2.611111111111111","57","2022-11-09 02:44:35","12","77","34"
"978005","10100","3710","5","0.4","0.6","95.2","61","2022-02-18 18:46:36","1","88","3"
"978690","32378","3710","6","0.166666","0.166666","0.5","1","","0","2","0"
"978917","185123","3710","37","0.486486","0.108108","2.6216216216216215","56","2022-11-19 19:28:06","12","63","24"
"978961","21119","3710","26","0.692307","0.076923","6.3076923076923075","6","2022-08-14 17:11:35","7","124","4"
"979621","18221","3709","10","0.1","0.8","1","3","2022-05-12 17:03:33","3","4","1"
"979986","14409","3709","82","0.487804","0.292682","0.573170731707317","10","2022-11-01 11:43:43","33","9","5"
"980549","14513","3709","5","0.6","0.2","2","2","2022-11-10 16:18:31","5","5","0"
"980550","58611","3709","8","0.75","0.125","29.25","28","2022-04-23 16:44:48","4","119","5"
"981049","89762","3709","8","0.75","0","2.375","3","","0","0","0"
"981744","31330","3708","11","0.363636","0.272727","8.090909090909092","6","2022-11-26 06:51:32","28","134","8"
"981831","10343","3708","5","0.8","0","2.2","0","2022-11-21 08:15:02","14","33","0"
"981959","172677","3708","8","0.5","0.25","4.375","3","2022-10-03 11:41:11","5","29","2"
"982149","16535","3708","68","0.470588","0.117647","27.205882352941178","112","2022-11-29 08:14:58","42","1377","139"
"982161","48444","3708","152","0.447368","0.230263","0.8552631578947368","124","2022-11-03 09:36:35","23","28","33"
"982238","13426","3708","6","0.166666","0.166666","0.8333333333333334","1","","0","1","0"
"982257","23885","3708","88","0.488636","0.193181","4.840909090909091","92","2022-11-29 15:16:19","23","134","20"
"982341","30327","3708","61","0.52459","0.163934","1.0491803278688525","6","2022-11-26 13:12:01","25","21","1"
"983722","21658","3707","42","0.714285","0.023809","0.7857142857142857","2","2022-08-03 08:24:33","1","12","0"
"983912","57182","3707","5","0.8","0.2","3.8","0","2022-08-31 10:39:50","3","9","21"
"984003","29943","3707","9","0.666666","0.111111","1.7777777777777777","1","2022-11-04 19:02:43","3","16","0"
"984421","121813","3707","53","0.716981","0.113207","12","237","2022-11-04 12:44:18","102","857","320"
"984471","28023","3707","34","0.088235","0.764705","1.4705882352941178","2","2022-11-28 04:05:15","29","47","1"
"984823","110638","3707","243","0.316872","0.345679","2.119341563786008","13","2022-11-28 16:04:29","253","597","16"
"985454","32684","3706","16","0.1875","0.5625","3.75","16","2022-10-27 04:01:04","15","85","10"
"987358","11029","3704","19","0.631578","0.157894","35.94736842105263","60","2022-11-29 19:42:57","34","904","77"
"987753","11507","3704","9","0.555555","0.222222","4.777777777777778","2","2022-05-31 14:06:41","10","39","14"
"987846","11901","3704","16","0.5625","0.375","2.875","5","2022-09-24 01:28:48","2","14","0"
"989121","215741","3703","235","0.374468","0.310638","2.0425531914893615","141","","0","0","0"
"990750","11226","3702","154","0.461038","0.227272","4.1688311688311686","90","2022-11-20 11:47:24","24","42","8"
"991572","11298","3702","5","0.6","0","0.2","0","","0","4","1"
"992484","347675","3701","198","0.651515","0.095959","4.409090909090909","4","2022-11-23 21:00:12","251","1161","34"
"992490","16818","3701","58","0.413793","0.206896","0.8103448275862069","0","2022-11-16 19:10:38","12","18","0"
"992600","11003","3889","20","0.3","0.4","1.75","3","2022-10-15 21:29:57","10","20","3"
"994107","21876","3701","5","0.6","0.2","4.8","2","2022-06-08 12:54:20","2","7","0"
"995579","64626","3700","19","0.526315","0.210526","0.5263157894736842","1","2022-11-04 20:19:17","18","7","1"
"995714","43610","3808","150","0.32","0.36","9.16","1043","2022-11-29 15:18:59","92","1186","944"
"995800","10919","3700","48","0.458333","0.104166","2.5416666666666665","21","","0","0","0"
"995926","48109","3700","9","0.444444","0.333333","3.6666666666666665","12","2022-10-24 12:52:23","3","21","7"
"996081","13810","3700","91","0.681318","0.10989","4.34065934065934","19","2022-07-24 11:32:09","1","11","1"
"997162","17745","3699","8","0.5","0.125","4.75","32","2022-09-28 06:18:54","6","22","19"
"997358","119650","3932","440","0.43409","0.165909","0.9522727272727273","370","2022-11-29 08:39:33","204","188","145"
"997973","40056","3698","20","0.45","0.15","1.5","7","2022-06-15 14:04:46","1","7","0"
"998096","10346","3698","22","0.454545","0.227272","4.681818181818182","3","","0","2","1"
"999553","13394","3697","6","0.333333","0.333333","0.3333333333333333","2","2022-11-10 03:35:31","1","0","0"
"999617","10928","3697","19","0.421052","0.157894","2.4210526315789473","3","2022-11-28 14:53:57","8","19","6"
"999943","19346","3697","15","0.333333","0.466666","2","2","2022-10-28 00:35:40","8","23","3"
"1001884","16507","3696","18","0.5","0.055555","2","3","2022-10-01 04:22:16","71","102","6"
"1003533","15442","3695","5","0.6","0","0.8","0","","0","0","0"
"1003565","62293","3695","13","0.307692","0.307692","10.692307692307692","3","2022-11-17 12:30:07","4","39","3"
"1005481","17615","3694","5","0.2","0.4","4.4","1","2022-05-18 09:24:27","1","6","2"
"1005607","12880","3694","24","0.416666","0.333333","5.291666666666667","1","2022-11-16 00:37:05","18","66","2"
"1006183","11685","3694","7","0.142857","0.857142","1.4285714285714286","3","2022-11-28 22:09:55","1","5","4"
"1007220","23258","3693","79","0.481012","0.227848","9.89873417721519","100","2022-11-29 15:03:00","53","1083","2138"
"1007991","13849","3693","44","0.636363","0.045454","1.5454545454545454","1","2022-10-10 15:40:46","17","36","4"
"1008999","38960","3692","68","0.470588","0.132352","2.6029411764705883","31","2022-11-04 15:48:42","20","30","4"
"1010363","17861","3690","6","1","0","0.3333333333333333","0","2022-02-20 19:42:13","1","0","0"
"1010632","14636","3690","7","0.285714","0.428571","2.2857142857142856","0","","0","9","0"
"1011253","11617","3690","83","0.650602","0.13253","2.2771084337349397","9","2022-09-19 15:36:12","45","106","9"
"1012053","132029","3689","5","0.4","0.2","5.8","0","","0","10","0"
"1012381","10433","3689","5","0.8","0","2.4","9","","0","0","0"
"1013031","10640","3689","8","0.5","0.125","1.375","0","","0","5","0"
"1013719","37262","3689","11","0.090909","0.454545","5.454545454545454","19","2022-11-29 03:42:16","12","43","17"
"1015678","24416","4256","10","0.1","0.8","2.9","2","2022-07-12 05:06:09","3","5","1"
"1016216","27490","3687","32","0.375","0.34375","3.40625","15","2022-08-16 20:25:56","5","4","2"
"1016343","27507","3687","20","0.05","0.6","5.4","51","2022-11-08 15:41:47","18","114","54"
"1016435","35533","3687","32","0.46875","0.21875","4.5625","7","2022-11-29 18:35:33","68","453","15"
"1017276","17309","3687","6","0.166666","0.166666","1","0","2022-10-27 18:26:12","8","15","3"
"1017941","23741","3686","21","0.571428","0.142857","0.8571428571428571","1","2022-09-07 13:23:25","1","3","0"
"1018659","26029","3686","25","0.44","0.08","0.4","0","2022-10-20 22:10:52","32","22","1"
"1020470","20358","3684","5","0.6","0.2","0.4","0","2022-11-20 06:12:35","1","3","0"
"1021703","26421","3683","206","0.412621","0.2233","7.747572815533981","163","2022-04-05 15:17:18","16","101","20"
"1021725","13842","3683","22","0.5","0.181818","4.318181818181818","82","2022-09-06 17:03:42","5","21","18"
"1022260","11554","3683","16","0.5","0.1875","1.1875","0","2022-11-03 13:38:41","10","18","0"
"1022836","19524","3683","5","0.4","0.4","20.6","2","","0","0","0"
"1023390","45920","3682","5","0.6","0.4","4.8","1","2022-11-10 08:06:33","2","8","0"
"1023553","11997","3682","58","0.396551","0.293103","1.1206896551724137","4","2022-11-28 20:19:49","33","33","1"
"1023911","16859","3682","45","0.444444","0.222222","4.266666666666667","10","2022-10-27 08:56:31","15","16","1"
"1024223","44957","3682","6","0.666666","0","1.3333333333333333","0","","0","1","0"
"1024586","21550","3682","6","0.166666","0.666666","31","0","2022-08-09 21:25:53","2","34","0"
"1025118","156392","3681","16","0.125","0.5","4.3125","40","2022-11-28 06:14:28","3","34","27"
"1025935","11414","3681","17","0.294117","0.411764","0.5294117647058824","4","","0","0","0"
"1026023","20850","3681","7","0.142857","0.714285","1.1428571428571428","0","2022-10-17 21:59:55","2","2","1"
"1026459","82589","3681","7","0.285714","0.571428","6","1","2022-07-21 17:27:51","1","6","0"
"1027250","12409","3680","6","0.333333","0.333333","1.5","0","2022-05-02 03:49:08","2","3","0"
"1028230","17801","3680","17","0.17647","0.588235","7.9411764705882355","71","2022-10-20 15:29:37","8","90","57"
"1028270","32542","3680","8","0.375","0.25","10.25","0","2022-11-17 17:31:06","6","82","0"
"1028949","17613","3679","36","0.611111","0.083333","0.4722222222222222","2","2022-11-26 13:32:27","4","8","2"
"1029088","15868","3679","19","0.526315","0.157894","2.3684210526315788","30","2022-11-12 05:20:35","6","20","15"
"1029453","23641","3679","21","0.666666","0.047619","3.142857142857143","0","2022-11-22 14:06:41","30","136","1"
"1030087","17611","3679","8","0.625","0.125","1.625","0","2022-08-31 13:57:08","7","12","1"
"1030675","245598","3678","339","0.466076","0.215339","1.6843657817109146","66","2022-11-28 16:39:44","181","296","29"
"1030974","16584","3678","9","0.111111","0.444444","5.555555555555555","3","2022-09-30 06:59:31","2","10","1"
"1031191","12674","3678","14","0.285714","0.357142","3.9285714285714284","3","2022-11-24 23:28:19","5","16","2"
"1031417","41454","3678","7","0.142857","0.428571","2.857142857142857","13","2022-04-03 20:40:22","1","4","3"
"1031556","16939","3678","10","0.2","0.5","0.6","1","2022-11-24 08:34:22","15","14","1"
"1031689","15930","4631","18","0.722222","0.111111","2.6666666666666665","1","2022-11-21 21:58:35","21","43","9"
"1032372","10372","3677","13","0.461538","0.230769","4.461538461538462","268","2022-11-07 21:50:05","9","42","159"
"1032613","36821","3677","69","0.449275","0.347826","1","20","2022-11-02 19:28:43","83","95","13"
"1032785","35524","3677","7","0.428571","0.285714","108.57142857142857","23","2022-09-27 15:30:51","14","778","23"
"1032890","18044","3677","71","0.478873","0.197183","1","27","2022-11-23 12:20:18","38","41","7"
"1033654","35340","3676","58","0.637931","0.051724","6.413793103448276","109","2022-10-14 13:29:47","9","33","17"
"1033686","43011","3676","13","0.538461","0.076923","4.6923076923076925","0","2022-10-27 19:20:31","5","35","3"
"1035279","16741","3675","17","0.411764","0.235294","1.0588235294117647","0","2022-05-06 05:13:01","3","7","0"
"1038015","125589","3674","77","0.740259","0.051948","9.597402597402597","60","2022-11-26 08:14:57","58","487","61"
"1041641","19783","3672","42","0.238095","0.357142","1.8571428571428572","45","2022-11-26 10:03:02","35","77","39"
"1043380","17776","3671","33","0.30303","0.212121","22.181818181818183","102","2022-11-28 20:54:50","115","1136","314"
"1044117","19077","3670","14","0.5","0.214285","2.0714285714285716","6","2022-07-21 12:16:33","9","17","0"
"1045142","36624","3669","273","0.677655","0.058608","4.542124542124542","55","2022-11-29 16:12:19","144","493","17"
"1046007","12704","3669","15","0.4","0.266666","5.533333333333333","5","2022-07-02 18:36:13","7","52","8"
"1046037","17953","3669","12","0.416666","0.25","7.583333333333333","5","2022-11-24 19:58:51","37","284","2"
"1047662","30451","3668","15","0.4","0.2","3.533333333333333","9","2022-09-09 08:43:47","6","47","18"
"1047788","30088","3668","12","0.333333","0.666666","2.5833333333333335","11","2022-11-01 11:11:16","31","48","9"
"1048425","70034","3668","53","0.396226","0.188679","3.30188679245283","15","2022-11-28 13:45:46","38","166","6"
"1048572","671642","3668","575","0.575652","0.121739","11.749565217391304","405","2022-11-29 21:41:30","514","5352","415"
"1049134","10956","3667","6","0.166666","0.166666","1.5","2","2022-02-11 16:09:18","1","1","0"
"1050507","16791","3667","10","0.2","0.3","1.9","4","2022-08-20 10:29:47","4","7","1"
"1050755","11811","3666","20","0.1","0.85","0.75","2","2022-07-25 19:04:53","6","21","3"
"1054021","12325","3665","7","0.714285","0","3.5714285714285716","2","2022-10-27 08:31:00","3","7","2"
"1054558","58080","3665","138","0.565217","0.072463","1.144927536231884","114","2022-11-21 21:30:18","78","99","57"
"1055118","19428","3664","20","0.45","0.25","4.75","6","2022-11-19 10:20:05","12","65","8"
"1055279","25845","3664","12","0.583333","0.166666","3.8333333333333335","1","2022-11-25 09:20:54","16","47","0"
"1055395","14780","3664","62","0.5","0.209677","0.9838709677419355","52","","0","1","0"
"1055722","17317","3664","53","0.792452","0.113207","1.490566037735849","6","2022-11-01 11:30:55","9","25","0"
"1056563","64160","3663","17","0.411764","0.411764","19.058823529411764","4","2022-11-28 17:24:58","29","204","6"
"1056679","29077","3663","6","0.166666","0.666666","3.3333333333333335","2","2022-11-15 16:45:29","4","15","6"
"1057052","11419","3662","14","0.357142","0.5","1.5","1","2022-08-31 13:39:20","7","26","0"
"1057230","24636","3662","5","0.8","0","18.2","6","","0","3","0"
"1057429","53633","3662","54","0.481481","0.259259","4.814814814814815","19","2022-11-02 14:28:38","14","45","2"
"1057485","22911","3662","49","0.428571","0.244897","5.612244897959184","53","2022-10-28 12:38:09","26","248","11"
"1057791","10383","3662","8","0","0.5","2.875","1","","0","6","0"
"1058134","16498","3662","14","0.357142","0.357142","12.857142857142858","35","2022-08-11 15:57:43","6","52","9"
"1058292","24464","3662","6","0.166666","0.666666","2.6666666666666665","2","2022-11-28 18:56:32","3","13","0"
"1059372","122002","3661","226","0.415929","0.252212","5.769911504424779","47","2022-10-01 19:05:53","24","136","14"
"1060205","20204","3661","7","0.285714","0.285714","0.7142857142857143","2","2022-04-14 13:59:46","1","3","0"
"1060349","19245","3661","5","0.2","0.8","0.4","2","2022-11-15 15:43:34","3","5","0"
"1061155","10591","3660","5","0","0.8","5","3","","0","8","3"
"1063287","11037","3659","8","0.375","0.5","6.75","15","2022-11-12 08:46:08","2","9","7"
"1063716","39862","3659","15","0.066666","0.666666","3.6","42","2022-10-30 08:14:08","16","31","40"
"1064169","11122","3659","19","0.736842","0.052631","10.105263157894736","7","2022-11-09 11:28:05","4","102","5"
"1064245","73212","3659","155","0.451612","0.154838","0.8451612903225807","27","2022-09-20 07:22:56","15","7","1"
"1064767","32546","3659","58","0.586206","0.172413","6.793103448275862","26","2022-11-25 18:29:25","59","358","39"
"1066234","15482","3658","10","0.2","0.8","8.7","10","2022-11-15 09:19:51","16","190","47"
"1066240","55796","3658","48","0.541666","0.1875","11.0625","47","2022-09-24 14:27:31","1","6","1"
"1066828","31849","3657","8","0.375","0.125","2.875","1","2022-11-22 14:06:10","19","55","30"
"1067003","22670","3657","63","0.349206","0.396825","2.888888888888889","10","2022-11-28 10:04:07","56","186","11"
"1068232","30213","3656","6","0.666666","0.166666","1","6","2022-04-30 09:33:22","1","0","0"
"1068446","12581","3656","13","0.692307","0.307692","5.153846153846154","4","2022-11-21 00:47:31","11","31","3"
"1069083","21377","3655","23","0.173913","0.47826","2.608695652173913","14","2022-09-09 14:16:54","4","27","2"
"1071320","32677","3654","11","0.181818","0.545454","2.3636363636363638","7","2022-11-28 11:46:20","27","30","120"
"1072846","17111","3653","18","0.277777","0.5","1.1111111111111112","5","2022-09-12 20:10:21","3","7","1"
"1073631","62901","3653","7","0.142857","0.142857","1.1428571428571428","0","","0","0","0"
"1073758","22966","3653","24","0.416666","0.291666","0.7916666666666666","6","2022-11-12 19:46:12","42","43","10"
"1073868","10589","3653","14","0.285714","0.142857","1.7857142857142858","0","2022-06-24 10:54:18","4","7","0"
"1074097","23737","3653","73","0.904109","0.013698","0.7534246575342466","1","2022-03-29 13:20:31","5","7","0"
"1076463","36721","3652","6","0.5","0.333333","2.5","0","2022-09-29 14:17:13","7","6","3"
"1076479","12437","3652","7","0.857142","0","1.7142857142857142","3","2022-09-14 13:57:02","2","14","0"
"1077309","66236","3651","32","0.125","0.59375","2.125","24","2022-10-04 16:06:37","14","22","15"
"1077601","10560","3651","10","0.2","0.2","5.9","1","2022-10-19 21:12:30","3","29","0"
"1077672","32599","3651","54","0.351851","0.296296","3.7037037037037037","25","2022-10-13 00:43:17","26","139","18"
"1077789","31383","3651","10","0.5","0.1","2.9","14","2022-07-20 11:42:25","5","12","11"
"1078601","14521","3650","6","0.833333","0","0.6666666666666666","0","2022-11-29 13:52:29","21","3","0"
"1078969","13760","3650","51","0.529411","0.078431","1.8235294117647058","1","2022-06-03 10:11:39","12","22","3"
"1079110","34525","3650","7","0.142857","0.714285","1.7142857142857142","0","2022-09-18 16:47:54","2","1","1"
"1079221","34372","3650","66","0.5","0.196969","1","12","2022-06-25 20:29:51","7","8","0"
"1079354","107236","3650","27","0.222222","0.259259","2.259259259259259","4","2022-11-16 21:54:50","19","92","20"
"1079990","17963","3649","19","0.368421","0.421052","2.6842105263157894","6","2022-11-28 13:19:38","7","17","1"
"1080354","44038","3649","26","0.384615","0.384615","0.34615384615384615","8","2022-11-16 06:36:13","8","6","2"
"1080923","22432","3648","80","0.8875","0.05","1.2","0","2022-11-24 20:52:17","111","62","0"
"1081043","39169","3648","32","0.09375","0.75","1.40625","10","2022-10-12 18:29:26","11","37","9"
"1081110","80310","3648","21","0.571428","0.095238","11","6","2022-11-17 06:28:17","74","631","19"
"1081396","41712","3648","27","0.962962","0","2.074074074074074","2","2022-11-11 17:16:02","12","23","0"
"1081897","153338","3648","78","0.474358","0.166666","2.08974358974359","25","2022-11-23 16:41:06","75","204","30"
"1082681","68709","3647","173","0.728323","0.046242","4.092485549132948","146","2022-11-26 12:40:23","115","468","104"
"1083572","28422","3647","58","0.465517","0.25862","4.206896551724138","4","2022-11-14 12:57:52","49","275","4"
"1083663","49017","3647","21","0.380952","0.47619","1.380952380952381","2","2022-11-28 09:39:57","70","114","3"
"1084416","24303","3647","31","0.193548","0.48387","18.483870967741936","14","2022-10-23 00:32:46","15","337","6"
"1084774","60788","3646","34","0.235294","0.441176","3.088235294117647","3","2022-11-24 20:35:26","17","69","1"
"1085343","15874","3646","9","0.555555","0.111111","1.6666666666666667","0","2022-03-31 18:36:10","1","1","0"
"1086121","43592","3646","161","0.534161","0.099378","11.46583850931677","49","2022-11-28 10:38:47","76","695","33"
"1087040","16507","3645","13","0.153846","0.692307","0.38461538461538464","0","2022-11-09 09:55:37","2","4","0"
"1087119","21514","3645","227","0.572687","0.154185","1.8634361233480177","143","2022-11-28 16:25:40","45","50","27"
"1087131","39441","3645","7","0","0.714285","0.2857142857142857","1","2022-07-12 12:08:16","3","3","2"
"1089161","19645","3644","115","0.608695","0.095652","0.5565217391304348","9","2022-11-29 17:45:01","172","116","27"
"1089967","29584","3644","27","0.407407","0.37037","1.0740740740740742","0","2022-11-22 17:23:35","11","16","0"
"1090206","23420","3644","38","0.552631","0.18421","4.526315789473684","39","2022-07-19 15:48:46","25","117","28"
"1090438","11614","3644","15","0.4","0.533333","1.6666666666666667","1","2022-06-26 16:34:08","7","13","0"
"1092818","10802","3642","88","0.670454","0.090909","5.1022727272727275","4","2022-11-25 12:56:54","13","46","2"
"1092820","20367","3642","104","0.711538","0.028846","5.346153846153846","190","2022-08-05 21:51:04","35","261","104"
"1093582","19727","3641","5","0.8","0","2.6","20","","0","0","1"
"1094333","24655","3641","81","0.320987","0.444444","0.6296296296296297","8","2022-10-24 17:37:34","88","105","14"
"1095108","14757","3640","24","0.125","0.75","2.7916666666666665","2","2022-11-05 15:20:05","20","66","5"
"1097123","15873","3639","16","0.1875","0.4375","3.4375","6","2022-04-29 16:15:01","2","15","2"
"1097347","13770","3639","6","0.5","0.333333","1.1666666666666667","4","2022-09-10 19:22:14","2","4","0"
"1097634","20476","3639","14","0.857142","0.071428","1.7857142857142858","17","","0","0","0"
"1098230","14224","3639","18","0.333333","0.222222","0.8333333333333334","0","","0","1","0"
"1098851","123579","3639","71","0.366197","0.323943","1.5070422535211268","10","2022-11-29 15:45:52","31","51","2"
"1100107","85429","3638","300","0.756666","0.05","1.2566666666666666","46","2022-11-29 22:26:59","312","448","46"
"1100248","19564","3638","86","0.651162","0.127906","2.5697674418604652","9","2022-11-22 03:38:21","14","40","2"
"1100552","65600","3638","5","0.6","0.2","2.4","0","2022-07-20 17:55:13","2","3","0"
"1102051","26154","3637","55","0.327272","0.490909","4.236363636363636","15","2022-11-25 13:50:47","38","83","6"
"1102741","14130","3637","8","0.75","0","1.625","0","","0","1","0"
"1103511","26256","3636","72","0.708333","0.111111","0.6666666666666666","8","2022-11-29 18:33:51","265","222","208"
"1103561","20590","3636","10","0.5","0","8.4","0","2022-11-20 19:44:23","5","7","0"
"1103872","201226","3636","40","0.525","0.075","4.425","4","2022-02-27 06:36:31","4","47","3"
"1103953","23042","3636","51","0.058823","0.784313","0.27450980392156865","16","2022-11-16 07:50:24","6","6","1"
"1104384","107681","3635","58","0.534482","0.155172","3.5344827586206895","36","2022-07-09 18:13:31","2","5","0"
"1104402","21740","3635","5","0.4","0.2","1","0","2022-11-27 11:59:23","5","12","3"
"1104979","21877","3635","6","0.666666","0","2.3333333333333335","1","2022-08-14 19:02:25","2","8","0"
"1105277","10838","3634","12","0.333333","0.166666","1.25","14","2022-04-28 19:34:09","1","1","2"
"1108032","47096","3633","13","0.615384","0.153846","2.3846153846153846","4","2022-11-07 10:04:22","1","8","0"
"1108305","23793","3633","119","0.168067","0.428571","2.100840336134454","268","2022-11-29 17:39:08","27","92","188"
"1108891","143198","3632","8","0.5","0.125","2.625","8","2022-11-25 18:45:33","3","5","1"
"1109017","137236","3632","360","0.861111","0.019444","2.5055555555555555","103","","0","0","0"
"1110423","37306","3632","61","0.688524","0.081967","5.245901639344262","14","2022-11-27 04:36:34","73","385","22"
"1112003","14478","3631","12","0.583333","0.083333","0.9166666666666666","0","","0","4","0"
"1112656","15318","3631","8","0.625","0.25","2.5","0","2022-02-18 01:45:57","1","1","0"
"1112963","20072","3630","24","0.041666","0.541666","2.0833333333333335","1","2022-09-30 08:09:19","9","17","3"
"1113002","38536","3630","75","0.666666","0.093333","3.7733333333333334","14","2022-07-18 15:42:15","7","22","3"
"1113207","40296","3630","6","0.333333","0","2.8333333333333335","0","2022-08-17 14:08:45","4","10","0"
"1113486","28471","3630","34","0.705882","0.029411","1.588235294117647","1","2022-11-16 13:44:57","18","15","0"
"1115360","25325","3628","71","0.464788","0.12676","11.04225352112676","415","2022-11-13 17:05:41","36","494","100"
"1115491","22001","3628","103","0.786407","0.067961","0.7184466019417476","11","2022-10-15 10:52:53","34","25","3"
"1116230","12137","3627","114","0.631578","0.201754","43.78947368421053","82","2022-11-16 14:52:45","37","2150","65"
"1116391","24710","3627","79","0.822784","0","2.0632911392405062","42","2022-11-12 18:01:41","23","29","5"
"1117368","11877","3626","33","0.666666","0.060606","1.2121212121212122","75","2022-11-24 07:57:01","186","148","418"
"1118475","13272","3625","5","0.2","0.8","4.2","0","2022-09-08 11:41:51","3","8","1"
"1118709","11099","3625","5","0.6","0.4","7.6","1","2022-11-23 09:11:15","1","3","2"
"1118978","31047","3625","9","0.222222","0","1.3333333333333333","4","2022-11-16 14:28:16","3","6","5"
"1120273","154891","3624","30","0.533333","0.233333","3.033333333333333","0","","0","5","0"
"1121008","10538","3624","80","0.575","0.175","2.85","32","2022-11-16 08:39:45","114","219","287"
"1121249","14828","3624","44","0.636363","0.113636","4.204545454545454","40","2022-07-03 09:23:40","9","21","5"
"1121288","17596","3624","57","0.754385","0.017543","0.8771929824561403","2","2022-11-22 14:50:06","55","41","2"
"1121841","15295","3624","5","0","1","4.8","4","2022-11-11 21:51:59","3","8","1"
"1122270","27694","3623","5","0.2","0.8","3.6","0","","0","0","0"
"1122748","20099","3623","5","0.4","0","8.2","0","2022-09-15 05:59:43","4","22","0"
"1123226","17226","3623","40","0.2","0.4","0.575","14","2022-11-18 17:21:56","103","78","54"
"1123501","20210","3623","15","0","0.866666","0.6666666666666666","8","2022-09-25 21:01:51","3","1","1"
"1123805","13507","3622","5","0.8","0.2","0.6","0","","0","0","0"
"1125159","19536","3621","75","0.173333","0.493333","0.4533333333333333","1","2022-10-14 19:56:25","18","24","1"
"1126273","13881","3620","8","0.25","0.25","3.75","4","2022-10-07 11:06:20","10","43","4"
"1126841","540021","3620","1075","0.432558","0.248372","4.6865116279069765","142","2022-11-29 21:42:43","760","4768","128"
"1127428","28358","3619","295","0.508474","0.213559","10.888135593220339","9113","2022-11-23 09:23:02","123","2105","4604"
"1127485","30358","3619","6","0.5","0.166666","4.666666666666667","2","2022-09-06 09:48:49","2","18","2"
"1129332","32560","3618","15","0.066666","0.733333","1.0666666666666667","3","2022-06-13 22:19:33","6","7","1"
"1130542","11903","3618","9","0.666666","0","0.5555555555555556","6","2022-09-16 15:39:27","5","9","1"
"1131467","69558","3617","8","0.75","0","15.75","2","2022-06-27 06:24:33","3","35","1"
"1131857","15015","3617","9","0","0.777777","1.3333333333333333","0","2022-08-26 19:21:08","2","0","0"
"1133011","36443","3617","62","0.629032","0.096774","3.7419354838709675","74","","0","2","0"
"1134080","10406","3616","5","0","0.8","17.2","19","2022-11-18 11:37:19","4","55","19"
"1135954","13855","3615","9","0.666666","0","0.5555555555555556","12","2022-02-07 14:16:48","2","3","1"
"1136211","129214","3615","128","0.734375","0.085937","8.0859375","161","2022-11-25 11:55:54","100","903","181"
"1137174","54498","3614","146","0.705479","0.061643","1.321917808219178","85","2022-11-20 13:34:11","92","140","52"
"1137199","35800","3614","9","0.222222","0.444444","4.666666666666667","5","2022-11-14 07:25:15","18","40","3"
"1137669","41321","3614","7","0.285714","0.571428","3","1","2022-10-18 06:21:53","3","23","0"
"1138192","38919","3613","45","0.244444","0.444444","2.933333333333333","4","2022-11-28 01:21:15","54","75","9"
"1138523","27307","3613","15","0.4","0.133333","1","0","2022-10-12 07:35:45","5","11","8"
"1139393","33619","3613","12","0.416666","0.166666","1.4166666666666667","0","2022-10-22 20:03:39","8","12","0"
"1139697","106664","3613","27","0.74074","0.037037","1.4074074074074074","4","2022-05-28 15:06:49","4","1","2"
"1139830","32840","3613","29","0.724137","0.034482","31.275862068965516","173","2022-11-29 14:37:07","9","619","65"
"1140579","149930","3612","202","0.495049","0.153465","5.163366336633663","228","2022-11-28 07:55:00","20","124","18"
"1140748","20131","3612","11","0.636363","0.090909","0.8181818181818182","4","","0","0","0"
"1141089","10111","3612","7","0.428571","0.142857","1.5714285714285714","3","2022-05-11 19:15:52","3","0","0"
"1141493","26521","3612","28","0.428571","0.25","1.3928571428571428","0","2022-10-19 13:37:44","9","16","0"
"1141918","33600","3748","8","0.25","0.5","2.375","0","2022-09-26 19:14:08","4","33","0"
"1142348","14328","3798","35","0.6","0.114285","2.8285714285714287","0","2022-09-26 17:01:06","9","62","1"
"1143850","12627","3611","100","0.63","0.04","2.13","2","2022-11-20 02:54:12","49","111","3"
"1144035","1276872","3611","9990","0.483083","0.162062","0.8931931931931932","2301","2022-07-17 22:39:16","1","6","0"
"1144157","16100","3611","21","0.428571","0.285714","1","4","2022-05-16 16:34:05","1","3","2"
"1144627","18506","3610","24","0.5","0.125","11.125","40","2022-10-17 14:51:16","13","151","22"
"1145196","10969","3610","8","0.5","0.25","7.75","2","2022-08-02 13:58:27","1","13","0"
"1145388","25858","3610","34","0.647058","0.088235","11.941176470588236","267","2022-11-23 10:58:49","105","599","2140"
"1145666","33757","3610","5","0","0.8","9.8","4","2022-11-18 14:35:12","6","20","4"
"1146363","48934","3610","33","0.787878","0.121212","19.363636363636363","1","2022-11-25 15:03:40","11","427","2"
"1146785","12475","3609","5","0.6","0","16.8","0","2022-07-04 18:37:09","3","40","0"
"1147688","17953","3609","15","0.333333","0.466666","5.8","27","2022-11-29 13:39:00","27","183","28"
"1148107","18488","3609","5","0.2","0.4","4.8","0","2022-11-20 22:05:43","2","8","0"
"1149773","55181","3608","12","0.333333","0.416666","1.9166666666666667","35","2022-03-19 15:22:48","1","3","0"
"1150683","28928","3607","16","0.4375","0.375","3.375","5","2022-09-07 12:40:15","7","35","0"
"1150712","34294","3607","434","0.589861","0.085253","1.0599078341013826","511","2022-08-25 08:34:30","47","112","28"
"1151521","23883","3606","18","0.222222","0.722222","1.6111111111111112","8","2022-05-18 06:39:42","4","17","5"
"1151741","12936","3606","14","0.285714","0.642857","0.42857142857142855","2","2022-11-07 11:24:16","26","17","1"
"1151916","17185","3606","17","0","0.764705","1.9411764705882353","0","2022-11-27 22:48:05","11","13","0"
"1151929","14020","3606","50","0.56","0.16","4.28","10","2022-11-28 16:37:45","13","58","5"
"1153165","11065","3605","14","0.571428","0.285714","0.7142857142857143","0","","0","1","0"
"1153938","35005","3605","25","0.56","0.24","1.6","1","2022-10-20 12:42:41","2","9","1"
"1155209","160632","3604","104","0.75","0.057692","6.153846153846154","94","2022-11-28 22:02:19","153","1139","106"
"1156452","22770","3604","67","0.626865","0.089552","4.313432835820896","37","2022-11-14 13:08:33","71","145","42"
"1157237","12023","3604","5","0.4","0","0.2","1","","0","0","0"
"1157814","36739","3603","6","0.166666","0.5","10.833333333333334","0","2022-10-29 07:11:28","5","37","0"
"1157952","11813","3603","13","0.307692","0.076923","2.3846153846153846","0","","0","2","0"
"1158325","11377","3603","21","0.619047","0.142857","1.2380952380952381","1","","0","0","0"
"1159478","203841","3603","20","0.65","0.05","20.7","9","2022-11-08 22:40:06","4","110","0"
"1160445","12992","3602","25","0.56","0.12","1","1","2022-09-22 12:11:11","7","3","0"
"1160754","16613","3602","8","0.5","0.125","0.375","3","2022-08-24 22:55:12","2","10","0"
"1160794","34605","3602","30","0.7","0.066666","3.466666666666667","8","2022-05-12 12:47:31","1","6","0"
"1161878","47146","4039","33","0.393939","0.272727","4.484848484848484","8","2022-11-04 03:34:49","31","182","8"
"1161948","14913","3601","5","0","0.4","1.8","4","","0","6","0"
"1162409","17506","3601","45","0.4","0.4","5.711111111111111","0","2022-11-07 00:36:03","20","69","0"
"1163423","59451","3600","52","0.576923","0.134615","0.75","18","2022-11-02 08:38:00","26","28","6"
"1163786","42201","3600","5","0","0.4","1.8","2","","0","6","3"
"1164004","12675","3600","6","0.5","0.333333","20","2","2022-09-01 19:22:58","2","69","1"
"1164465","24582","3599","16","0.125","0.6875","0.5625","34","2022-07-19 19:24:47","15","15","111"
"1164966","14750","3599","10","0.2","0.6","1.8","2","2022-10-26 15:43:14","2","4","0"
"1165509","24218","3599","5","0.2","0.4","0.4","1","2022-06-08 14:41:16","3","3","0"
"1165998","34203","3599","43","0.674418","0.139534","5.023255813953488","16","2022-10-20 16:14:23","50","220","9"
"1166285","23274","3598","18","0.111111","0.444444","1.1666666666666667","12","2022-11-09 15:17:10","19","43","25"
"1166684","24500","3598","20","0.7","0.1","1.35","12","2022-09-30 15:37:00","7","30","5"
"1166880","17206","3598","29","0.965517","0.034482","6.586206896551724","13","2022-09-23 06:58:21","10","20","0"
"1168588","18060","3597","45","0.555555","0.066666","1.7333333333333334","1","2022-11-23 16:04:38","5","6","3"
"1169096","32528","3597","23","0.695652","0.130434","3.4782608695652173","17","2022-08-02 22:43:30","10","23","2"
"1169519","23496","3597","29","0.344827","0.206896","61.827586206896555","67","2022-10-14 07:44:57","4","956","41"
"1169798","74384","3597","9","0.444444","0.111111","5.222222222222222","3","2022-08-21 08:46:21","2","37","2"
"1170677","19211","3596","6","0.166666","0.833333","7.833333333333333","1","2022-09-23 07:32:16","4","10","7"
"1171619","35314","3596","29","0.689655","0","1.3448275862068966","1","2022-07-20 13:51:57","7","7","0"
"1172002","109472","3596","13","0.923076","0","3.5384615384615383","5","2022-11-08 22:09:16","7","20","1"
"1172189","11626","3596","71","0.521126","0.225352","8.985915492957746","131","2022-11-22 15:34:04","40","393","176"
"1173495","10217","3595","27","0.407407","0.37037","0.25925925925925924","2","2022-11-18 08:17:00","35","9","1"
"1173800","12519","3595","5","0.8","0.2","0","0","2022-02-23 20:47:25","1","0","0"
"1174024","10779","3595","12","0.25","0.5","1.6666666666666667","8","2022-09-08 13:49:51","12","38","10"
"1175081","15037","3594","6","0.333333","0.166666","3","1","","0","3","0"
"1175496","21804","3594","10","0.1","0.7","5.4","23","2022-10-14 00:06:38","3","34","15"
"1175966","171692","3593","451","0.385809","0.235033","5.414634146341464","61","2022-02-06 02:49:43","2","66","0"
"1177147","16194","3592","16","0.625","0.1875","1.9375","0","2022-07-19 02:17:46","21","25","2"
"1179377","23596","3591","9","0.111111","0.666666","1.3333333333333333","1","","0","4","0"
"1179573","11617","3841","10","0.7","0","4.5","14","2022-11-16 17:45:29","6","20","4"
"1179880","35793","3591","19","0.947368","0","1.2105263157894737","13","2022-11-02 12:29:04","2","11","0"
"1179925","21918","3591","6","0","0.5","2.6666666666666665","0","2022-06-21 16:09:48","1","0","0"
"1180117","11251","3591","5","0","1","1.4","1","2022-04-29 15:01:40","1","13","0"
"1180620","115747","3591","256","0.714843","0.058593","1.50390625","63","2022-11-29 00:11:33","206","398","62"
"1180728","10129","3591","26","0.230769","0.307692","1.4230769230769231","9","2022-11-11 22:40:10","9","12","4"
"1182464","27215","3590","19","0.052631","0.68421","0.7894736842105263","0","2022-11-10 16:03:46","10","10","0"
"1184072","13183","3589","7","0.285714","0.571428","2.4285714285714284","0","2022-10-21 20:43:56","3","7","0"
"1184717","10267","3589","54","0.759259","0.055555","0.8518518518518519","16","2022-06-22 03:01:27","8","12","1"
"1185254","11459","3589","19","0.157894","0.368421","3.4210526315789473","17","2022-11-03 12:18:14","12","94","85"
"1185624","12829","3589","16","0.4375","0.1875","0.125","0","2022-06-28 08:17:27","3","3","0"
"1186050","14828","3589","7","0.428571","0.428571","22.714285714285715","0","2022-07-22 23:53:01","1","94","0"
"1187415","541716","3588","45","0.511111","0.155555","7.6","17","2022-11-29 10:51:27","28","224","12"
"1188322","34197","3588","71","0.295774","0.40845","1.5352112676056338","36","2022-11-28 07:14:14","46","115","26"
"1188513","71587","3588","79","0.696202","0.088607","4.227848101265823","20","2022-11-28 16:15:27","18","272","13"
"1189762","16117","3587","9","0","0.777777","3.2222222222222223","2","2022-03-11 20:40:45","3","13","3"
"1189885","77497","3587","130","0.415384","0.276923","11.461538461538462","69","2022-11-16 18:45:48","41","207","13"
"1191259","66902","3586","6","0","0.5","3","2","2022-04-23 02:57:06","2","7","0"
"1192111","11576","3585","18","0.222222","0.388888","0.7222222222222222","61","2022-07-29 05:45:19","4","2","25"
"1192188","10228","3585","14","0.357142","0.428571","2.4285714285714284","4","2022-04-30 22:12:32","5","8","3"
"1194415","88007","3584","10","0.2","0.5","10","1","2022-11-09 12:48:30","47","134","4"
"1197045","10744","3583","22","0.863636","0","1.9545454545454546","6","2022-11-20 09:42:45","14","26","6"
"1197251","10255","3583","104","0.576923","0.125","1.4807692307692308","1","2022-03-02 00:43:43","6","4","1"
"1197518","216651","3583","100","0.52","0.11","8.73","49","2022-11-26 08:30:31","55","546","39"
"1197719","10793","3583","5","0.6","0.2","6.2","0","2022-08-09 10:27:07","2","11","1"
"1198201","16106","3583","5","0.4","0","5","0","","0","5","0"
"1199289","12059","3582","11","0.363636","0.272727","1.3636363636363635","1","2022-11-02 08:53:40","15","28","2"
"1199464","12974","3582","117","0.743589","0.059829","3.017094017094017","169","2022-11-23 18:46:50","20","58","11"
"1200545","46904","3582","5","0.8","0.2","4","0","2022-11-25 12:05:10","16","24","0"
"1202830","29010","3581","9","0.333333","0.333333","4.222222222222222","3","","0","3","0"
"1203844","12612","3580","32","0.75","0.0625","2.375","6","2022-11-21 09:07:45","1","2","0"
"1204143","181029","3580","17","0.470588","0.117647","2.7058823529411766","0","2022-07-25 22:08:44","8","25","5"
"1204153","13818","3580","72","0.652777","0.069444","7.333333333333333","63","2022-11-02 05:16:37","3","52","9"
"1205339","14765","3579","7","0.142857","0.714285","0.14285714285714285","0","","0","1","0"
"1205871","58251","3578","160","0.30625","0.4375","1.475","19","2022-09-01 01:15:56","18","47","2"
"1206267","50886","3578","52","0.788461","0.096153","4.0576923076923075","6","","0","7","0"
"1206301","13615","3578","6","0.333333","0.333333","1.1666666666666667","0","","0","0","0"
"1206998","15889","3578","26","0.576923","0.076923","2.5","7","2022-09-13 10:23:28","2","12","0"
"1207049","15410","3578","6","0.666666","0.166666","7.333333333333333","6","","0","1","0"
"1207489","10230","3578","5","0.6","0.2","3.6","2","2022-08-27 09:52:25","3","6","0"
"1209921","13302","3577","52","0.192307","0.5","14.48076923076923","40","2022-11-24 07:31:17","71","623","59"
"1210053","32765","3577","5","0.8","0","7.2","1","2022-03-09 19:17:04","1","19","1"
"1210329","161649","3576","100","0.81","0.02","2.82","209","2022-11-16 19:04:19","56","138","65"
"1211528","43928","3890","65","0.507692","0.184615","1.2769230769230768","1","2022-11-15 02:26:07","8","28","0"
"1211906","10473","3576","18","0.555555","0.222222","2.2222222222222223","5","","0","0","0"
"1212012","10149","3576","28","0.642857","0.107142","2.4285714285714284","26","2022-11-21 13:59:35","45","94","45"
"1212166","13388","3576","37","0.783783","0.081081","2.945945945945946","5","2022-11-28 16:51:58","24","53","5"
"1212401","12462","3576","93","0.430107","0.301075","4.548387096774194","6","2022-11-21 00:26:34","26","138","1"
"1212596","84429","3576","10","0","0.7","2.2","0","2022-08-15 04:21:19","6","9","0"
"1213708","57323","3575","130","0.5","0.161538","8.238461538461538","143","2022-11-28 19:08:47","34","278","51"
"1214800","73902","3575","7","0.571428","0.285714","7.142857142857143","14","2022-02-09 05:46:26","1","27","8"
"1215076","19042","3575","17","0.764705","0","1.0588235294117647","0","2022-10-27 11:18:20","14","5","0"
"1215106","43981","3574","6","0.333333","0.5","2.8333333333333335","8","2022-05-24 20:56:39","1","27","8"
"1215344","13288","3574","13","0.307692","0.384615","2.3076923076923075","1","2022-08-08 15:03:48","8","24","1"
"1216612","39305","3574","9","0.111111","0.555555","0.6666666666666666","1","2022-11-19 20:03:36","1","4","1"
"1216776","13308","3574","44","0.363636","0.272727","29.15909090909091","33","2022-10-29 21:24:04","47","834","11"
"1217358","115950","3574","83","0.686746","0.036144","2.566265060240964","29","2022-11-20 01:35:12","119","338","25"
"1217536","12003","3573","7","0.571428","0.142857","1.8571428571428572","2","","0","3","0"
"1217882","12375","3573","9","0.111111","0.333333","0.7777777777777778","0","","0","5","0"
"1218408","15907","3573","9","0.333333","0.444444","2.2222222222222223","24","2022-11-13 04:25:04","9","22","21"
"1218512","22773","3573","142","0.549295","0.140845","2.0422535211267605","35","2022-10-21 16:04:25","60","174","29"
"1218980","17521","3572","15","0.466666","0.266666","42.666666666666664","187","2022-05-11 16:41:02","6","182","64"
"1219125","11517","3572","6","1","0","0.6666666666666666","0","2022-11-16 14:37:46","2","1","0"
"1219280","11738","3572","9","0.222222","0.555555","5.555555555555555","14","2022-05-05 10:38:44","1","16","7"
"1219295","43805","3572","7","0.285714","0.285714","1.7142857142857142","1","2022-11-12 11:27:58","178","229","19"
"1220364","12905","3571","269","0.553903","0.126394","2.308550185873606","16","2022-06-22 17:16:15","114","212","14"
"1220550","24823","3571","116","0.37931","0.267241","2.8448275862068964","131","2022-11-24 23:38:55","26","80","29"
"1221571","395204","3571","129","0.519379","0.147286","0.9224806201550387","32","2022-11-23 08:10:04","16","20","5"
"1221684","13969","3571","13","0.384615","0.384615","1.1538461538461537","0","2022-08-15 13:53:48","1","1","0"
"1222852","10764","3570","5","0","1","0.6","1","","0","1","0"
"1224069","12465","3570","9","0.666666","0","3.2222222222222223","6","2022-04-21 00:17:17","2","12","1"
"1225328","48957","3569","35","0.428571","0.228571","5.114285714285714","4","2022-09-13 14:52:46","19","63","3"
"1225497","14474","3569","8","0","0.5","0.25","3","2022-03-15 03:09:47","2","1","0"
"1225607","20453","3569","27","0.518518","0.185185","1","9","","0","0","0"
"1225617","23402","3569","153","0.281045","0.307189","1.7189542483660132","142","2022-11-28 04:21:10","64","72","263"
"1226150","11777","3569","7","0.428571","0.428571","0.8571428571428571","0","2022-04-05 15:13:35","5","12","2"
"1227152","19143","3569","14","0.714285","0.071428","4","48","2022-10-17 12:22:31","10","36","33"
"1229023","106973","3568","114","0.587719","0.105263","2.3684210526315788","30","2022-08-18 09:00:42","15","61","4"
"1229405","11018","3568","5","0.8","0","0.4","0","2022-08-17 15:54:20","2","0","0"
"1229624","24805","3568","13","0.461538","0.384615","0.6923076923076923","4","2022-10-14 08:53:06","4","6","0"
"1230257","12359","3567","14","0.357142","0.214285","2.642857142857143","6","2022-05-06 14:31:10","2","8","0"
"1230836","76776","3567","16","0.4375","0.3125","3.875","2","2022-11-27 17:32:36","33","90","0"
"1231450","43293","3567","114","0.18421","0.41228","1.543859649122807","57","2022-05-03 14:59:48","7","11","3"
"1233251","30700","3565","24","0.625","0.166666","5.291666666666667","1212","2022-11-24 17:36:36","25","153","1219"
"1233652","14046","3565","8","0.5","0.25","1.5","3","2022-10-09 09:06:20","4","15","0"
"1233751","10534","3565","7","0.571428","0.142857","1","0","2022-10-05 09:09:41","2","9","0"
"1234550","21601","3565","5","0.8","0","2.4","0","2022-11-02 11:07:06","3","7","0"
"1235565","13686","3564","6","0.166666","0.5","2.1666666666666665","4","","0","1","0"
"1235698","75836","3564","5","0.2","0.4","13.4","145","2022-11-27 13:38:41","32","243","448"
"1235929","20384","3710","7","0.571428","0.285714","13.571428571428571","2","2022-11-17 20:00:51","5","102","0"
"1236044","15488","3564","11","0.727272","0","2.1818181818181817","3","2022-11-18 17:18:17","13","30","2"
"1237040","51901","3563","53","0.660377","0.150943","1.0566037735849056","16","","0","0","0"
"1237575","44392","3563","80","0.8125","0.0125","0.6","2","2022-11-24 13:03:42","44","33","1"
"1238413","13844","3563","89","0.539325","0.179775","1.2921348314606742","16","2022-11-11 16:52:06","12","31","9"
"1238965","22568","3563","17","0.941176","0","20.470588235294116","56","2022-11-25 09:42:10","9","128","35"
"1240763","176056","3562","653","0.854517","0.019908","1.656967840735069","78","2022-11-29 14:02:29","400","623","43"
"1243247","16603","3561","55","0.218181","0.527272","2.981818181818182","53","2022-11-28 19:16:48","17","129","34"
"1243641","50918","3561","356","0.196629","0.5","2.556179775280899","23","2022-11-29 13:58:00","269","557","13"
"1243762","25186","3561","13","0.615384","0.076923","19.153846153846153","94","2022-08-25 23:06:51","7","43","28"
"1244013","10923","4767","9","0.333333","0.333333","1.8888888888888888","0","","0","0","0"
"1244597","12288","3560","16","0.25","0.6875","0.5625","1","2022-11-11 08:34:04","11","10","1"
"1244884","19352","3560","135","0.237037","0.503703","1.0666666666666667","137","2022-11-24 22:49:47","33","24","22"
"1245450","18174","3560","69","0.826086","0.028985","0.5362318840579711","10","2022-11-29 16:45:21","76","31","10"
"1248114","43231","3558","123","0.780487","0.03252","6.536585365853658","7","2022-11-27 18:17:54","99","763","15"
"1248175","47158","3558","5","0","0.6","1.8","0","2022-10-22 21:16:05","9","6","0"
"1248177","23875","3558","30","0.433333","0.366666","2.2333333333333334","18","2022-11-24 15:45:53","32","55","21"
"1249581","145715","3557","12","0.25","0.333333","2.0833333333333335","11","2022-06-30 21:38:20","1","14","4"
"1249641","24213","3557","60","0.5","0.2","3.7666666666666666","16","2022-11-20 12:09:55","38","156","15"
"1249962","27676","3557","172","0.424418","0.186046","1","45","2022-11-29 13:30:18","82","68","16"
"1250772","59323","3557","53","0.188679","0.528301","3.018867924528302","0","2022-11-27 20:17:35","54","160","3"
"1252647","16217","3556","17","0.529411","0.058823","2.1176470588235294","3","2022-05-25 14:04:34","3","34","6"
"1252759","142952","3556","12","0.333333","0.416666","10.833333333333334","7","2022-08-06 13:48:50","53","444","43"
"1252916","11294","3556","9","0.666666","0","1","0","2022-07-21 17:19:17","7","4","1"
"1252920","13938","3556","5","0","1","4","0","2022-11-11 11:08:06","1","7","0"
"1255289","42420","3555","104","0.490384","0.25","10.826923076923077","831","2022-08-26 21:16:16","36","530","1679"
"1255356","11176","3555","45","0.644444","0.066666","1.711111111111111","10","2022-11-01 21:00:35","13","26","2"
"1255873","25474","3555","56","0.410714","0.125","5.589285714285714","17","2022-10-03 23:04:44","16","61","2"
"1255956","19010","3555","5","0","0.6","1.8","1","","0","2","0"
"1256041","38029","3554","25","0.56","0.28","3.4","16","2022-07-19 14:20:19","13","43","6"
"1256452","502899","3554","1095","0.56347","0.1242","3.5616438356164384","1034","2022-11-29 11:22:49","727","3726","1656"
"1256697","13818","3554","27","0.407407","0.37037","1.1851851851851851","8","2022-07-27 14:30:21","6","11","2"
"1258041","66533","3554","13","0.461538","0.153846","1.2307692307692308","15","2022-07-04 17:17:13","9","20","8"
"1260204","62476","3553","22","0.454545","0.272727","16.727272727272727","48","2022-08-30 12:28:08","8","242","40"
"1260906","11894","3552","7","0.428571","0.428571","0.2857142857142857","0","2022-05-19 16:26:45","5","0","3"
"1261825","26849","3551","21","0.666666","0.142857","1.380952380952381","0","2022-11-14 18:14:05","19","20","1"
"1264304","11131","3550","40","0.35","0.35","1.275","9","2022-11-23 10:59:28","24","33","1"
"1264804","61438","3877","171","0.421052","0.204678","9.029239766081872","2622","2022-11-29 21:43:11","257","2200","3557"
"1264846","12254","3550","19","0.736842","0.105263","0.8421052631578947","0","2022-04-18 01:56:17","6","2","0"
"1265393","35680","3549","27","0.148148","0.629629","4.407407407407407","984","2022-06-29 19:21:09","2","14","227"
"1266109","21155","3549","7","0.428571","0.428571","1.7142857142857142","0","2022-07-22 06:23:05","2","38","0"
"1266756","42696","3549","98","0.469387","0.153061","6.428571428571429","28","2022-11-12 12:16:05","68","453","22"
"1267304","21545","3549","22","0.727272","0.090909","1.9545454545454546","20","2022-11-21 10:42:34","16","20","7"
"1269466","13565","3548","5","0.8","0","1.2","0","2022-05-14 10:49:21","1","0","1"
"1269567","70277","3548","250","0.672","0.092","0.976","43","2022-11-23 09:53:27","191","182","9"
"1270003","15454","3548","7","0.857142","0","11.285714285714286","3","2022-09-08 19:14:58","7","37","2"
"1270695","194177","3547","54","0.185185","0.462962","2.740740740740741","17","","0","0","0"
"1270789","15236","3547","33","0.575757","0.151515","6.696969696969697","84","2022-11-21 04:42:13","15","114","24"
"1271826","441734","3547","252","0.563492","0.115079","2.4047619047619047","198","2022-11-29 17:56:54","251","492","144"
"1272950","16442","3546","6","0.833333","0","2.3333333333333335","1","2022-06-29 02:29:14","4","8","0"
"1273080","38522","3546","9","0.444444","0.111111","7.444444444444445","2","2022-10-25 10:27:47","4","52","3"
"1274195","10179","3546","8","0.375","0.375","0.625","0","2022-09-21 05:33:26","2","0","0"
"1274485","15939","3546","14","0.214285","0.428571","3.5714285714285716","12","2022-11-17 09:10:27","6","23","15"
"1275169","122540","3545","32","0.40625","0.15625","2.21875","6","2022-11-28 11:19:43","14","30","2"
"1276505","12882","3544","10","0.2","0.4","1.8","0","2022-04-26 15:39:31","1","3","0"
"1276664","29091","3544","144","0.75","0.055555","3.9166666666666665","4","2022-11-27 08:09:56","126","426","8"
"1281433","86267","3542","5","0.6","0.2","4","7","2022-09-14 20:29:44","7","19","9"
"1281485","60384","3542","5","0.2","0.6","5.4","1","","0","3","2"
"1281576","12157","3542","5","0.4","0.2","5.2","0","","0","4","0"
"1283554","17825","4183","20","0.85","0.1","1.05","0","2022-10-16 19:50:06","12","12","3"
"1284760","12183","3540","87","0.540229","0.21839","1.9770114942528736","10","2022-11-29 00:10:35","3","5","4"
"1287812","26229","3539","9","0.111111","0.555555","4.444444444444445","65","2022-09-17 01:54:54","4","12","8"
"1287856","10795","3539","5","0.6","0.4","2","1","2022-11-18 16:11:12","21","26","5"
"1289388","12441","3538","5","0.4","0.4","2.2","0","2022-08-24 10:10:50","3","7","0"
"1290731","62648","3537","200","0.35","0.23","1.715","14","2022-11-22 13:58:56","118","200","8"
"1291121","10494","3537","14","0.071428","0.857142","0.8571428571428571","0","2022-02-13 15:52:40","1","6","0"
"1291492","35269","3537","118","0.347457","0.254237","2.3728813559322033","10","2022-11-28 18:13:49","126","377","21"
"1292050","16671","3536","9","0.222222","0.555555","1.3333333333333333","4","2022-11-29 02:31:34","7","1","0"
"1292464","26099","3536","21","0.761904","0","1.5238095238095237","4","2022-06-29 13:46:49","9","12","1"
"1292848","102794","3536","189","0.619047","0.084656","1.5714285714285714","18","2022-09-04 02:02:33","70","68","6"
"1293244","15120","3536","8","0.375","0.375","1.875","0","2022-10-14 08:54:22","30","76","1"
"1293700","12472","3536","8","0.5","0","1","2","2022-06-14 23:02:31","1","2","0"
"1294207","34536","3536","55","0.581818","0.127272","1.9090909090909092","6","2022-11-29 03:44:00","26","70","4"
"1294667","12071","3535","17","0.117647","0.764705","0.17647058823529413","4","2022-11-24 19:22:57","6","2","2"
"1295378","10000","3535","5","0","0.4","0.8","2","2022-07-14 11:03:24","2","3","1"
"1297272","12467","3534","6","1","0","0.3333333333333333","6","2022-11-22 22:55:37","7","3","4"
"1297812","17255","3534","6","0","0.833333","1","6","","0","1","2"
"1300730","11205","3533","15","0.533333","0.066666","1.3333333333333333","2","2022-11-08 20:12:43","11","24","7"
"1301972","85243","3533","99","0.40404","0.252525","1.3636363636363635","15","2022-11-27 04:37:06","69","107","15"
"1303170","13527","3532","15","0.8","0","2.7333333333333334","0","2022-11-01 12:17:38","4","3","0"
"1303324","22835","3532","26","0.615384","0.076923","0.9230769230769231","39","2022-06-03 10:52:26","1","1","0"
"1305121","27970","3531","83","0.602409","0.084337","1.6144578313253013","0","2022-11-28 14:49:06","45","101","0"
"1305344","75141","3531","29","0.482758","0.275862","2.1379310344827585","132","2022-11-25 10:53:34","17","27","72"
"1305693","16968","3530","42","0.880952","0.023809","1.0952380952380953","3","2022-11-24 17:48:52","45","22","1"
"1305969","29130","3530","114","0.578947","0.105263","1.0789473684210527","179","2022-11-29 13:43:03","80","87","88"
"1306012","10306","3530","8","0.375","0.375","9.75","75","2022-10-14 06:09:20","2","19","27"
"1307905","78621","3529","62","0.82258","0.016129","1.8870967741935485","64","2022-11-29 23:11:42","115","186","110"
"1310929","19438","3528","41","0.609756","0.195121","1.024390243902439","2","2022-11-29 14:36:35","22","13","0"
"1312382","25635","3527","65","0.36923","0.261538","14.938461538461539","28","2022-11-29 12:24:19","107","1139","19"
"1312904","16947","3527","6","0.166666","0.5","0.5","0","","0","1","0"
"1314762","12205","3526","38","0.842105","0.052631","1.1578947368421053","8","2022-10-11 15:53:38","14","32","0"
"1315444","46273","3526","22","0.5","0.272727","1.4545454545454546","8","2022-11-25 12:16:19","31","42","5"
"1315447","10054","3526","8","0.75","0.125","5.375","4","2022-07-22 18:29:47","2","6","0"
"1315767","61427","3526","16","0.375","0.25","0.8125","12","2022-11-29 19:17:54","105","48","70"
"1317018","25389","3525","5","1","0","1.6","0","2022-09-17 13:52:22","6","34","0"
"1318694","75879","3524","63","0.761904","0.079365","3.3492063492063493","21","2022-11-15 23:17:57","43","141","15"
"1318739","15897","3524","5","0.2","0.6","0.8","5","2022-11-22 09:49:11","3","2","2"
"1318946","62629","3524","60","0.25","0.533333","2.35","46","2022-11-03 16:15:02","21","48","22"
"1319998","27420","3523","23","0.304347","0.347826","1.0869565217391304","3","2022-10-31 21:35:45","14","21","0"
"1320693","24824","3523","46","0.608695","0.043478","1.6956521739130435","8","2022-11-14 17:17:28","24","23","11"
"1320845","26313","3523","8","0.5","0.125","1.25","0","2022-04-22 13:46:07","27","176","8"
"1321564","24707","3522","73","0.369863","0.328767","2.26027397260274","14","2022-07-18 22:16:06","5","9","2"
"1321917","32727","3522","30","0.466666","0.2","1.0666666666666667","4","2022-07-06 10:44:54","5","11","1"
"1322268","18052","3522","73","0.273972","0.273972","3.671232876712329","7","2022-09-22 21:13:08","138","476","18"
"1322972","66500","3521","63","0.571428","0.190476","19.857142857142858","63","2022-10-29 11:31:18","84","1663","115"
"1324033","43399","3521","61","0.245901","0.393442","10.295081967213115","93","2022-08-25 14:05:00","36","351","57"
"1324709","14854","3521","36","0.527777","0.111111","0.8888888888888888","4","2022-08-11 18:48:25","1","9","1"
"1326518","11038","3520","71","0.647887","0.056338","0.39436619718309857","11","2022-11-27 12:44:23","72","49","12"
"1326913","12914","3520","10","0.6","0.1","1.6","0","2022-10-09 11:05:44","12","5","3"
"1327005","12224","3520","7","0.571428","0.142857","1.4285714285714286","3","","0","4","0"
"1328439","17363","3519","9","0.444444","0.222222","3.7777777777777777","21","2022-11-27 13:18:45","35","93","92"
"1329116","12972","3519","25","0.76","0","1.36","4","2022-11-29 09:28:59","15","10","5"
"1329652","99341","3519","141","0.4539","0.219858","1.8085106382978724","52","2022-07-16 18:04:04","3","4","2"
"1331399","47929","3518","41","0.195121","0.512195","0.8048780487804879","17","2022-11-03 13:44:45","29","22","12"
"1331425","54792","3518","8","0.5","0","1.25","6","2022-03-29 07:59:55","3","4","0"
"1331451","54443","3518","39","0.615384","0.102564","4.487179487179487","20","2022-11-25 17:05:04","27","90","11"
"1332041","10834","3518","31","0.451612","0.193548","2.870967741935484","98","","0","0","1"
"1332934","11191","3517","6","0.5","0.333333","0.6666666666666666","0","","0","2","0"
"1334561","24036","3516","6","0","1","0.3333333333333333","0","2022-11-27 20:13:20","3","0","0"
"1336654","62552","3515","15","0.4","0.4","8.133333333333333","4","2022-11-24 08:22:36","18","96","2"
"1337392","17867","3515","16","0.75","0","1.25","0","2022-11-15 14:28:35","9","18","0"
"1338062","13025","3514","6","0","0.833333","0.6666666666666666","6","","0","2","1"
"1340631","21713","3513","11","0.636363","0.181818","6.363636363636363","6","2022-10-12 12:25:28","6","29","6"
"1342082","21545","3513","23","0.608695","0.043478","0.5217391304347826","0","2022-10-30 21:06:46","15","15","0"
"1344825","18326","3512","59","0.779661","0.016949","0.576271186440678","0","2022-11-16 01:21:07","21","6","0"
"1344961","15531","3512","14","0.642857","0.285714","0.35714285714285715","10","","0","0","0"
"1345455","20896","3511","5","0.6","0","0.6","16","","0","8","4"
"1346234","43905","3511","99","0.40404","0.191919","6.91919191919192","31","2022-11-25 07:31:24","147","681","22"
"1346276","21108","3511","42","0.47619","0.142857","3.2857142857142856","45","2022-11-21 11:20:31","36","84","21"
"1347784","11376","3510","9","0.333333","0.111111","1.1111111111111112","0","2022-11-26 04:38:13","13","23","0"
"1348121","14060","3510","13","0.307692","0.461538","1.1538461538461537","7","2022-08-03 06:28:49","1","6","0"
"1348195","277853","3510","24","0.5","0.208333","5.416666666666667","11","2022-09-15 17:19:47","9","49","4"
"1348273","15087","3510","13","0.230769","0.461538","0.8461538461538461","0","","0","8","1"
"1348324","35045","3510","5","0.4","0.2","0.8","30","2022-07-28 12:32:02","3","3","4"
"1348344","24477","3510","5","0.2","0.4","5.4","12","2022-06-10 18:59:04","1","7","3"
"1349366","10932","3509","57","0.614035","0.122807","2.087719298245614","17","","0","5","0"
"1350476","19373","3508","5","0.2","0.6","1.2","0","2022-11-02 14:18:03","1","0","0"
"1350987","12259","3508","52","0.596153","0.096153","2.3653846153846154","34","2022-11-23 09:46:58","6","21","4"
"1351469","53525","3508","42","0.595238","0.142857","1.2380952380952381","1","2022-11-11 00:27:21","31","35","0"
"1352288","34767","3508","56","0.410714","0.285714","4","17","","0","40","3"
"1353011","97892","3507","143","0.601398","0.083916","0.8181818181818182","40","2022-11-19 17:07:14","53","62","8"
"1356000","41057","3506","69","0.826086","0","0.5652173913043478","3","2022-07-27 21:45:21","1","1","0"
"1356107","28979","3506","29","0.517241","0.103448","2.1724137931034484","10","2022-10-25 09:17:58","17","35","4"
"1356423","23264","3506","7","0.571428","0","4.571428571428571","0","","0","2","0"
"1358308","16513","3505","61","0.475409","0.262295","2.737704918032787","40","2022-11-27 22:25:58","62","219","31"
"1359058","12069","3505","61","0.557377","0.196721","0.4426229508196721","11","2022-02-06 11:01:32","1","0","0"
"1360730","11304","3504","16","0.75","0.125","2.5","0","2022-10-19 06:59:08","5","11","2"
"1361787","14016","3504","9","0.444444","0.111111","12","4","2022-10-28 21:43:54","11","119","5"
"1362755","43602","3503","36","0.833333","0.083333","0.8611111111111112","6","2022-11-10 20:26:06","25","29","2"
"1364288","28036","3502","35","0.4","0.228571","3.7714285714285714","1","2022-11-15 19:22:40","13","24","0"
"1364771","21327","3502","58","0.706896","0.086206","0.9827586206896551","3","2022-09-30 19:09:38","14","23","3"
"1366033","31434","3501","34","0.117647","0.588235","3.764705882352941","362","2022-10-07 19:28:09","24","34","189"
"1366368","11221","3501","9","0.222222","0.555555","9","2","2022-11-28 01:48:26","9","105","4"
"1366871","52808","3501","566","0.524734","0.234982","1.0070671378091873","2006","2022-11-28 09:41:06","49","77","69"
"1367454","24733","3500","1056","0.518939","0.140151","1.3380681818181819","1616","2022-11-29 17:38:08","184","272","432"
"1369501","11643","3499","5","0","1","2.4","0","","0","2","0"
"1370927","15165","3499","13","0.307692","0.307692","1.3846153846153846","2","","0","1","0"
"1371131","14355","3499","31","0.354838","0.32258","4.225806451612903","9","2022-11-28 01:55:23","4","27","2"
"1371329","17488","3498","70","0.428571","0.242857","3.3857142857142857","102","2022-11-29 23:04:39","24","121","41"
"1371778","13712","3498","6","0","0.833333","0","1","2022-02-02 16:56:29","1","2","0"
"1372866","12380","3498","8","0.875","0","0.5","0","2022-08-09 08:01:42","1","0","0"
"1374437","75000","3497","37","0.648648","0.081081","3.4324324324324325","9","2022-11-23 18:34:17","21","51","1"
"1374461","15161","3497","45","0.622222","0.044444","1.6","2","2022-09-28 13:38:44","8","18","0"
"1374678","10253","3497","9","0.333333","0.666666","0.6666666666666666","5","2022-06-15 13:23:33","1","0","3"
"1375553","59608","3497","23","0.73913","0","0.13043478260869565","0","","0","1","0"
"1376618","23171","3496","221","0.751131","0.054298","2.9638009049773757","272","2022-11-28 18:54:45","253","631","12"
"1376627","11122","3496","15","0.6","0.266666","5.6","1","2022-08-17 13:24:52","5","60","0"
"1377002","63672","3496","605","0.216528","0.477685","3.234710743801653","421","2022-11-28 20:44:29","623","2377","365"
"1377097","16960","3496","11","0.363636","0.181818","24.90909090909091","72","2022-09-02 15:15:04","9","242","91"
"1377895","13034","3495","22","0.272727","0.181818","5.681818181818182","2","2022-10-31 14:35:58","9","55","0"
"1379286","23201","3494","14","0.142857","0.357142","15.357142857142858","0","2022-09-30 08:21:19","7","33","0"
"1380406","16210","3494","6","0.333333","0.333333","2.1666666666666665","3","2022-10-14 20:54:07","3","5","3"
"1380680","17513","3494","24","0.833333","0.041666","1.4166666666666667","3","2022-06-07 00:47:34","1","3","0"
"1384297","117874","3492","146","0.808219","0.047945","1.7328767123287672","37","2022-11-28 20:54:35","80","133","17"
"1384539","18447","3492","132","0.712121","0.068181","1.2803030303030303","4","2022-11-23 14:35:38","53","71","2"
"1385578","11250","3492","5","0.2","0.6","3.4","0","2022-06-25 02:47:46","1","28","0"
"1385614","11614","3492","30","0.566666","0.066666","0.9","34","2022-09-12 10:22:11","4","5","11"
"1386054","50180","4597","17","0.647058","0.117647","3.0588235294117645","4","2022-09-05 16:22:02","17","36","0"
"1386551","32938","3491","437","0.49199","0.109839","0.5995423340961098","997","2022-11-23 10:51:05","132","106","290"
"1387346","11526","3491","236","0.525423","0.127118","1.11864406779661","38","","0","8","3"
"1387438","40961","3491","177","0.265536","0.367231","6.2824858757062145","107","2022-11-29 22:39:10","165","1112","131"
"1387519","25131","3491","15","0.6","0.2","0.4666666666666667","0","2022-08-03 00:32:21","18","8","0"
"1388116","14485","3491","34","0.617647","0.147058","1.2941176470588236","16","2022-08-05 09:02:57","23","26","8"
"1390192","11580","3490","20","0.55","0.25","5.05","0","2022-11-10 22:45:18","26","155","9"
"1390548","11455","3489","68","0.441176","0.235294","2.264705882352941","4","2022-08-05 21:34:23","1","3","0"
"1391717","18669","3488","5","0.6","0.2","2.2","0","2022-03-06 23:12:58","1","52","2"
"1392277","21283","3488","25","0.68","0.16","5.88","8","2022-09-10 15:26:47","1","24","0"
"1392379","60633","3488","92","0.858695","0.021739","2.597826086956522","85","2022-11-28 14:42:15","59","135","47"
"1393766","124595","3487","10","0.3","0.4","43.9","94","2022-11-15 12:11:06","11","339","116"
"1394353","12329","3487","45","0.355555","0.444444","3.2666666666666666","6","2022-11-29 04:14:25","49","172","7"
"1394697","14402","3487","20","0.65","0.1","1.55","3","2022-11-28 02:35:51","10","18","2"
"1394729","15614","3487","141","0.446808","0.248226","3.5460992907801416","88","2022-11-25 21:44:34","52","246","28"
"1396977","12454","3486","23","1","0","1.2173913043478262","4","","0","3","0"
"1397946","11537","3485","37","0.729729","0","3.6216216216216215","12","2022-09-10 11:56:49","6","25","2"
"1399279","49595","3485","5","0.2","0.2","13.6","3","2022-04-13 17:12:04","2","13","1"
"1399491","38563","3485","11","0.090909","0.636363","3.5454545454545454","14","2022-09-09 18:57:05","6","13","2"
"1400793","58934","3484","69","0.550724","0.072463","8.594202898550725","3","2022-11-29 08:47:43","75","433","8"
"1400869","21494","3484","7","0.285714","0.142857","4.428571428571429","1","2022-08-22 15:34:45","1","9","0"
"1401351","15102","3484","22","0.590909","0.045454","1.2272727272727273","2","2022-10-25 13:40:00","4","3","3"
"1401560","17362","3484","23","0.826086","0.043478","6.217391304347826","6","2022-10-22 17:10:22","11","42","3"
"1401879","18893","3484","14","0.357142","0.214285","1.5714285714285714","1","2022-11-28 22:47:12","6","3","0"
"1404726","17700","3482","15","0.066666","0.866666","1.6666666666666667","1","2022-11-14 05:24:23","10","40","11"
"1405065","105702","3482","140","0.55","0.178571","2.5357142857142856","41","2022-11-28 05:54:48","135","253","24"
"1405634","50941","3482","66","0.954545","0","1.2878787878787878","75","2022-08-16 20:32:21","19","28","9"
"1405981","10281","3481","39","0.76923","0.025641","3.5384615384615383","370","","0","2","3"
"1406269","10407","3481","15","0.266666","0.333333","1.6666666666666667","6","2022-10-25 05:49:25","4","12","0"
"1407491","10924","3480","6","0.666666","0.333333","4.5","8","2022-05-07 16:47:13","9","33","1"
"1407656","18671","3480","7","0.857142","0","1","1","2022-11-21 09:53:53","12","17","4"
"1408347","13873","3480","6","0.333333","0.333333","8","3","2022-10-31 14:06:48","8","27","3"
"1409312","20364","3479","6","0.5","0.166666","1.8333333333333333","0","","0","0","0"
"1410303","14321","3479","56","0.339285","0.285714","1.6071428571428572","3","2022-11-29 20:17:38","293","228","3"
"1410664","75091","3479","1143","0.51531","0.171478","3.6325459317585302","103","2022-06-05 08:00:31","335","1868","75"
"1411457","31125","3478","35","0.714285","0.057142","1.2571428571428571","0","2022-11-27 06:21:09","17","34","0"
"1412059","134898","3478","73","0.479452","0.164383","9.863013698630137","0","2022-11-29 13:46:42","36","308","0"
"1413244","10077","3478","79","0.594936","0.164556","1.5696202531645569","3","2022-11-24 14:31:10","73","86","0"
"1413395","88957","3478","9","0.555555","0.333333","133.44444444444446","388","2022-10-29 22:14:27","4","793","494"
"1413856","17267","3477","17","0.235294","0.529411","5.0588235294117645","10","2022-11-19 08:12:59","22","107","14"
"1414809","11488","3807","12","0.166666","0.833333","0.3333333333333333","1","2022-09-20 06:49:08","3","4","0"
"1415614","34505","3477","38","0.631578","0.131578","2.1578947368421053","23","2022-11-29 17:10:49","9","14","1"
"1417185","11692","3476","7","0.571428","0.285714","1.1428571428571428","2","2022-05-10 10:37:38","2","4","0"
"1417223","34461","3476","5","0","0.8","0.2","3","","0","0","1"
"1417694","14449","3476","51","0.490196","0.17647","10.470588235294118","110","2022-02-20 20:30:47","6","59","6"
"1418457","48497","3475","5","0.4","0.6","1.4","2","2022-08-09 20:24:19","3","13","0"
"1418704","14095","3475","5","0.4","0.2","10.2","1","2022-02-21 23:14:03","1","11","0"
"1419272","15943","3475","45","0.244444","0.511111","2.2666666666666666","27","2022-10-16 12:36:42","32","86","32"
"1420197","114553","3547","11","0.545454","0.181818","0.9090909090909091","2","2022-08-10 14:13:10","8","3","0"
"1420625","21933","3474","9","0.444444","0.222222","2.6666666666666665","2","2022-10-11 07:55:55","7","13","2"
"1422096","47952","3473","37","0.27027","0.351351","9","36","2022-11-29 16:36:21","39","428","56"
"1422451","108107","3473","278","0.507194","0.115107","2.29136690647482","141","2022-11-18 21:51:39","298","707","128"
"1424244","13546","3472","43","0.558139","0.209302","2.13953488372093","4","2022-11-27 22:28:29","36","55","3"
"1424875","41601","3472","32","0.59375","0.15625","4.53125","11","2022-11-21 03:04:33","26","74","7"
"1424877","29391","3472","9","0.222222","0.555555","2.7777777777777777","0","2022-10-11 18:52:55","10","13","2"
"1426065","103273","3471","135","0.725925","0.081481","6.118518518518519","380","2022-11-27 17:51:04","89","903","432"
"1426227","132795","3471","8","0.125","0.375","1.25","2","","0","5","1"
"1426539","48253","3471","136","0.625","0.095588","1.9044117647058822","1179","2022-05-03 16:03:30","44","131","302"
"1426891","96425","3471","80","0.65","0.1","1.375","15","2022-11-22 15:01:20","98","131","33"
"1427161","27925","3471","34","0.764705","0.029411","1.7352941176470589","11","2022-08-24 17:01:28","2","4","0"
"1427878","98120","3470","145","0.682758","0.110344","42.86896551724138","102","2022-11-28 09:24:40","122","5126","70"
"1428606","27256","3470","15","0.6","0.2","8.6","21","2022-11-14 10:22:08","16","87","7"
"1428679","57691","3470","118","0.423728","0.271186","1.1355932203389831","6","2022-10-09 17:29:58","23","35","1"
"1429387","38811","3470","8","0","0.75","2.625","13","2022-10-22 15:11:44","7","15","6"
"1429487","10711","3470","7","0.571428","0.285714","8.571428571428571","1","2022-11-29 08:48:49","14","46","0"
"1430810","15978","3469","52","0.51923","0.134615","4.173076923076923","0","","0","16","0"
"1430996","12199","3469","5","0.6","0","1.6","7","2022-08-25 21:09:26","1","8","4"
"1431042","12632","3469","8","0.125","0.375","4","2","2022-07-26 08:20:44","7","16","1"
"1431244","10033","3469","7","0.142857","0.285714","1","0","2022-08-02 00:34:15","5","1","0"
"1431750","16833","3469","155","0.387096","0.290322","3.174193548387097","120","2022-10-31 00:45:03","30","96","12"
"1432281","14624","3468","11","0.454545","0.181818","2.090909090909091","7","2022-11-22 09:49:09","3","2","0"
"1435240","11955","3466","32","0.875","0","0.65625","3","2022-11-27 13:22:33","12","7","0"
"1435543","11005","3466","389","0.552699","0.107969","1.0488431876606683","793","2022-11-29 14:56:47","126","173","100"
"1435722","16414","3466","73","0.657534","0.082191","2.73972602739726","3","2022-08-02 06:13:18","2","8","0"
"1435741","17943","3466","7","0.857142","0.142857","1.2857142857142858","1","2022-05-09 12:04:29","2","0","0"
"1435869","67783","3466","195","0.210256","0.507692","0.7435897435897436","1","2022-11-27 00:00:06","34","41","0"
"1437016","10717","3465","9","0.555555","0.111111","1.3333333333333333","6","","0","0","0"
"1438339","36623","3465","5","0.2","0.6","3","4","2022-07-16 20:44:55","8","8","2"
"1439168","20733","3464","7","0.428571","0.428571","0.7142857142857143","0","2022-03-19 06:12:06","1","4","1"
"1439305","21961","3464","21","0.238095","0.47619","1.2857142857142858","3","2022-06-03 14:34:04","5","4","1"
"1440565","84061","3464","290","0.403448","0.231034","5.63103448275862","110","2022-11-29 23:55:57","286","1830","134"
"1441122","133731","3463","6","0.5","0.5","3.1666666666666665","20","2022-10-25 02:40:08","5","25","2"
"1441328","19099","3463","7","0.857142","0","1.4285714285714286","0","2022-11-05 23:45:12","10","11","0"
"1442917","26932","3463","72","0.805555","0.069444","0.3888888888888889","1","2022-10-20 03:22:46","15","14","2"
"1442918","11147","3463","23","0.73913","0","10.08695652173913","7","2022-11-21 13:04:11","12","239","5"
"1444609","23511","3462","71","0.521126","0.225352","2.084507042253521","19","2022-09-14 14:04:09","5","6","1"
"1445366","66417","3462","5","0.8","0","4.4","4","2022-10-17 21:52:57","6","11","5"
"1446916","37227","3460","15","0.8","0.066666","1.2666666666666666","0","2022-11-03 03:48:42","14","11","0"
"1447509","40501","3460","66","0.378787","0.242424","1.4545454545454546","45","2022-10-29 19:45:27","30","19","7"
"1447675","388135","3460","998","0.227454","0.451903","1.0781563126252505","18","2022-11-29 21:50:40","499","609","14"
"1449181","18839","3459","24","0.375","0.333333","1.1666666666666667","3","2022-09-23 20:59:11","2","6","0"
"1449624","17026","3459","19","0.210526","0.368421","2","19","2022-10-15 16:50:51","2","9","1"
"1449710","10353","3459","9","0.444444","0.222222","6.222222222222222","1","2022-03-15 10:16:00","1","16","0"
"1452094","25833","3458","6","0.833333","0","1","0","2022-03-06 13:04:04","1","0","0"
"1453822","82214","3457","153","0.594771","0.124183","4.823529411764706","52","2022-11-08 10:01:38","74","484","27"
"1455351","10535","3456","6","0.5","0.166666","5.666666666666667","2","2022-06-13 16:06:50","1","21","1"
"1455384","21607","3456","5","0.8","0.2","4","0","2022-11-17 07:31:19","2","14","0"
"1456376","23710","3456","5","0.6","0.4","1","9","2022-10-24 07:46:46","2","9","3"
"1457380","10657","3632","10","0.4","0.4","13.5","38","2022-08-10 05:03:24","5","55","6"
"1457385","19687","3456","9","0.555555","0.222222","2.6666666666666665","2","","0","1","1"
"1458413","18279","3455","16","0.75","0","2.625","2","2022-11-21 23:59:16","7","15","2"
"1460657","11170","3454","10","0.5","0.1","0.7","1","2022-06-08 11:56:42","2","0","1"
"1461050","65301","3454","56","0.892857","0.035714","1.1964285714285714","2","2022-11-19 12:57:06","27","64","1"
"1461850","31448","3453","22","0.545454","0.272727","1.0909090909090908","5","2022-11-12 14:19:00","21","17","16"
"1461862","10982","3453","44","0.318181","0.454545","5.136363636363637","105","2022-11-20 16:53:34","33","113","42"
"1462718","23545","3452","10","0.4","0.2","6.9","4","2022-10-17 20:06:33","2","40","0"
"1463522","16722","3452","5","0","0.8","1","2","2022-11-21 10:05:39","2","1","0"
"1463922","25214","3452","29","0.551724","0.137931","2.9310344827586206","2","2022-08-09 13:43:17","2","4","1"
"1464084","16796","3452","31","0.419354","0.290322","0.6451612903225806","2","2022-11-03 11:37:59","23","15","0"
"1465553","14226","3451","30","0.1","0.8","0.16666666666666666","12","2022-07-13 08:14:21","1","4","3"
"1466046","29001","3451","25","0.76","0","10.04","20","2022-08-31 07:06:57","2","5","0"
"1466970","18088","3451","19","0.526315","0.210526","4.526315789473684","36","2022-08-16 18:29:24","3","10","0"
"1467988","11672","3450","5","0.6","0.2","1.8","4","2022-11-03 13:25:46","11","9","4"
"1468366","61937","3450","10","0.7","0.2","1.5","0","2022-10-27 07:57:54","9","13","0"
"1470092","11974","3450","23","0.347826","0.391304","2.130434782608696","0","2022-09-08 15:57:56","58","207","0"
"1470327","15312","3450","5","0.6","0","9.6","0","2022-10-26 11:51:13","10","35","0"
"1470607","25468","3450","21","0.333333","0.285714","2.3333333333333335","17","2022-11-05 16:07:46","21","162","17"
"1471485","11607","3449","26","0.384615","0.230769","2.1923076923076925","7","2022-10-05 00:59:51","40","55","21"
"1474613","17635","3448","5","0.2","0.6","0.8","0","2022-07-27 10:56:38","3","3","1"
"1476885","30998","3447","8","0.25","0.5","0.5","6","","0","0","0"
"1477667","48809","3446","68","0.279411","0.42647","7.897058823529412","45","2022-09-30 02:08:12","13","83","6"
"1479535","15928","3445","9","0.666666","0.111111","3.4444444444444446","77","2022-11-17 15:40:26","9","15","67"
"1479895","14113","3445","12","0.25","0.416666","1.6666666666666667","0","2022-07-06 14:49:52","4","10","1"
"1480018","13492","4277","5","0.6","0.4","17.4","0","2022-09-29 09:25:09","11","77","0"
"1483977","16338","3444","5","0.4","0.6","2.4","5","2022-11-15 18:34:29","2","3","0"
"1485872","35709","3443","51","0.803921","0.019607","7.745098039215686","42","2022-11-23 11:16:43","37","335","21"
"1485885","11803","3443","11","0.545454","0.181818","3","32","2022-11-29 10:31:39","7","9","3"
"1485926","12442","3443","26","0.730769","0.038461","2.3076923076923075","14","2022-10-24 18:25:55","11","39","23"
"1485955","10245","3443","31","0.645161","0.129032","0.5161290322580645","0","2022-10-05 10:30:18","25","20","0"
"1486742","10400","3443","10","0","0.9","0.6","0","2022-09-28 16:08:05","8","9","0"
"1487102","10512","3443","8","0.375","0.375","1.125","5","2022-11-03 18:17:28","2","22","2"
"1489726","10629","3442","7","1","0","4.714285714285714","0","2022-11-19 15:22:05","8","25","0"
"1490322","12132","3441","5","0.4","0.4","2.6","0","2022-10-25 14:02:26","2","1","0"
"1491707","12018","3441","94","0.893617","0","1.5638297872340425","48","2022-04-09 16:04:28","13","10","1"
"1491895","790742","3441","2929","0.542847","0.168316","7.310344827586207","3139","2022-11-24 10:59:14","2493","17011","2685"
"1492496","15162","3440","100","0.48","0.18","2.14","0","2022-11-29 14:06:21","80","224","5"
"1494454","31557","3439","10","0.3","0.6","3.7","21","2022-11-15 10:09:13","1","6","2"
"1494519","22374","3439","15","0.4","0.133333","1.0666666666666667","0","2022-11-23 22:03:55","7","9","0"
"1497139","16084","3438","25","0.2","0.52","1.84","32","2022-11-27 10:21:38","21","66","32"
"1497533","10195","3437","8","0.375","0.375","4.75","0","","0","4","0"
"1498427","18766","3437","10","0.1","0.5","3.3","48","2022-10-25 14:46:00","18","44","29"
"1499296","17622","3437","10","0.2","0.5","1.8","0","2022-02-18 16:51:16","5","7","0"
"1503237","10250","3435","6","0.333333","0.5","0.5","1","2022-04-13 14:41:27","1","0","0"
"1504556","19541","3435","8","0.375","0.25","3.5","4","2022-11-27 11:28:43","11","44","1"
"1505939","142873","3434","86","0.38372","0.372093","13.13953488372093","32","2022-11-24 08:33:08","14","234","3"
"1506338","18775","3434","23","0.217391","0.47826","2.782608695652174","7","2022-11-26 18:15:22","17","60","5"
"1506387","34414","3434","33","0.424242","0.30303","1.2424242424242424","7","2022-11-25 10:37:44","74","87","4"
"1506454","35950","3434","74","0.716216","0.067567","2.175675675675676","119","2022-11-29 17:54:59","71","233","116"
"1506914","18227","3434","5","0.8","0","1.4","0","","0","1","1"
"1509264","173704","3433","1122","0.466131","0.182709","0.9946524064171123","811","2022-11-29 22:16:48","1503","1328","1193"
"1509764","61987","3432","18","0.444444","0.5","1.6666666666666667","19","2022-05-04 14:42:36","1","1","1"
"1511776","17047","3803","23","0.521739","0.260869","5.043478260869565","5","2022-08-26 15:39:37","2","12","0"
"1513933","23247","3430","18","0.333333","0.333333","1.7777777777777777","17","2022-08-26 07:51:39","2","4","5"
"1514861","23691","3430","48","0.4375","0.270833","1.7291666666666667","1","2022-11-29 11:36:29","545","744","28"
"1515052","20270","3430","38","0.763157","0.052631","0.868421052631579","45","2022-10-07 18:45:13","5","3","13"
"1515819","23193","3430","6","0","0.666666","0.6666666666666666","3","2022-11-11 23:29:33","11","3","8"
"1521179","57896","3428","12","0.5","0.083333","2.3333333333333335","6","2022-11-03 13:08:02","20","44","6"
"1523776","45083","3427","7","0.571428","0.285714","3.2857142857142856","3","2022-09-07 16:44:15","2","12","8"
"1524450","58717","3427","40","0.775","0.05","17.75","105","2022-10-26 17:49:42","14","212","21"
"1524624","17087","3427","5","0.2","0.8","1.2","9","","0","5","0"
"1525495","11909","3426","6","0.166666","0.5","6.166666666666667","1","2022-10-07 14:30:47","3","38","3"
"1525840","40418","3426","8","0.25","0.125","33.25","22","2022-05-09 17:11:52","1","38","1"
"1526703","15664","3425","11","0.090909","0.545454","3.4545454545454546","4","2022-11-21 09:02:26","2","2","0"
"1527504","14469","3425","126","0.563492","0.095238","1.7619047619047619","10","2022-09-14 08:54:26","58","183","6"
"1527544","32748","3425","122","0.57377","0.106557","3.4672131147540983","4","2022-11-28 07:21:17","122","416","2"
"1527780","10561","3424","102","0.352941","0.294117","1.1568627450980393","99","2022-11-11 13:31:14","73","122","59"
"1528407","12276","3424","8","0.25","0.375","9.5","0","","0","3","0"
"1529673","33991","3424","118","0.508474","0.144067","21.805084745762713","863","","0","0","0"
"1529709","10782","3424","8","0.5","0.375","3.5","61","2022-10-06 12:28:49","18","28","31"
"1531054","29444","3423","11","0.090909","0.545454","3.272727272727273","1","2022-07-22 12:34:36","5","5","0"
"1531124","140935","3423","53","0.301886","0.320754","13.39622641509434","48","2022-08-18 14:33:48","28","528","36"
"1532460","33886","3423","7","0.571428","0.142857","3.4285714285714284","0","2022-02-09 13:26:11","3","11","0"
"1533576","49410","3422","48","0.520833","0.125","3.5625","12","2022-11-09 11:41:36","29","73","1"
"1534017","26309","3422","5","0.2","0.8","5","25","2022-07-23 17:56:00","3","28","6"
"1536309","20297","3422","5","0.4","0.4","0.4","2","2022-04-21 21:37:37","1","0","0"
"1537195","16548","3421","125","0.608","0.088","2.472","23","2022-11-29 17:36:14","63","164","16"
"1540350","12899","3420","31","0.258064","0.516129","4.580645161290323","16","2022-11-22 15:52:30","22","107","6"
"1540468","21689","3420","48","0.1875","0.458333","3.4791666666666665","86","2022-08-24 01:12:15","5","56","30"
"1540818","38463","3420","219","0.607305","0.105022","2.8995433789954337","27","2022-11-29 10:11:43","156","436","13"
"1540854","18092","3420","17","0.647058","0.235294","0.47058823529411764","13","2022-03-13 22:13:10","2","3","1"
"1541563","52532","3420","119","0.445378","0.184873","3.957983193277311","83","2022-09-11 00:20:40","22","117","6"
"1542363","11795","3419","10","0.3","0.5","1.1","0","2022-11-11 04:23:12","2","2","0"
"1542667","13728","3419","143","0.622377","0.13986","1.6153846153846154","19","2022-11-11 12:28:59","86","114","12"
"1542723","19002","3419","6","0.833333","0","2.8333333333333335","0","2022-11-17 13:28:29","7","26","2"
"1542806","10880","3419","5","0.6","0.2","1","0","","0","5","0"
"1543885","14278","3418","36","0.5","0.138888","1.1388888888888888","24","2022-10-05 10:20:59","5","5","0"
"1544203","19190","3418","26","0.961538","0","1.1538461538461537","1","2022-11-16 08:09:43","22","17","0"
"1545088","24284","3417","19","0.631578","0.210526","1.3157894736842106","2","2022-05-10 10:47:37","5","7","1"
"1546844","16392","3417","7","0.142857","0.714285","4","1","2022-07-25 10:40:34","3","5","0"
"1548432","19956","3416","8","0.375","0.125","8","1","2022-10-20 19:11:07","6","62","0"
"1548468","32195","3416","178","0.77528","0.061797","3.853932584269663","142","2022-11-25 14:23:08","116","434","122"
"1549450","12374","3416","13","0.461538","0.153846","5.076923076923077","4","2022-11-01 12:32:02","3","21","0"
"1549541","14503","3416","81","0.419753","0.259259","3.259259259259259","2","2022-05-04 19:19:18","5","22","0"
"1549918","32684","3416","33","0.121212","0.666666","1.393939393939394","5","2022-11-23 04:11:16","14","20","2"
"1550696","10185","3415","24","0.75","0.041666","3.5416666666666665","7","2022-11-24 21:54:41","17","72","10"
"1552534","40227","3415","688","0.22093","0.44186","1.1511627906976745","45","2022-11-28 05:30:55","390","482","45"
"1552587","22574","3415","14","0.214285","0.357142","3.5","4","2022-11-20 13:35:14","13","102","8"
"1552748","68835","3415","48","0.4375","0.25","12.541666666666666","51","2022-11-07 04:04:29","19","379","20"
"1553090","63701","3415","48","0.666666","0.104166","16.6875","35","2022-11-29 22:21:16","116","997","37"
"1553537","11536","3414","107","0.24299","0.457943","2.588785046728972","141","2022-11-28 22:02:31","15","32","8"
"1553851","51086","3414","32","0.40625","0.1875","6.4375","36","2022-11-28 22:25:47","58","494","77"
"1553888","54835","3414","48","0.5","0.1875","3.4791666666666665","26","2022-11-26 22:59:42","10","88","13"
"1554020","14904","3414","16","0.3125","0.375","1.75","4","2022-10-08 11:55:26","6","9","0"
"1555615","11316","3414","21","0.047619","0.714285","2.142857142857143","4","2022-11-24 18:36:31","20","22","6"
"1556290","13155","3414","13","0.538461","0.076923","1.4615384615384615","0","2022-11-02 09:13:00","5","8","0"
"1559611","11588","3412","8","0.25","0.25","5.125","1","","0","1","0"
"1560035","20781","3412","7","0.428571","0.571428","0.7142857142857143","1","2022-06-09 01:54:36","1","0","0"
"1561937","11812","3410","17","0.411764","0.117647","1.0588235294117647","0","2022-11-02 00:32:00","2","7","0"
"1562315","13503","3410","10","0","0.6","0.3","2","2022-11-14 10:19:36","3","9","0"
"1563833","12182","3410","81","0.432098","0.271604","9.345679012345679","97","2022-11-27 05:05:51","88","956","80"
"1564391","10457","3409","12","0.916666","0.083333","1.5833333333333333","1","2022-10-11 23:17:21","3","11","0"
"1565512","13772","3409","83","0.253012","0.39759","1.7590361445783131","22","2022-11-14 00:30:47","53","95","10"
"1565525","32518","3409","79","0.405063","0.240506","3.810126582278481","9","2022-11-19 06:53:57","11","39","2"
"1565698","49045","3409","63","0.412698","0.206349","1.0158730158730158","2","2022-11-27 20:28:40","25","56","1"
"1566187","11194","3409","13","0.153846","0.153846","1.6923076923076923","3","2022-06-16 20:30:24","12","17","1"
"1566221","243819","3409","333","0.759759","0.054054","3.744744744744745","92","2022-11-29 16:45:27","338","1189","100"
"1568306","10328","3408","8","0.5","0.25","0.375","0","2022-08-03 17:52:35","3","4","0"
"1568658","25919","3408","8","0.125","0.875","6.875","1","2022-11-25 03:15:54","14","115","0"
"1569536","27269","3673","5","0.8","0","6.8","3","","0","0","0"
"1569967","14051","3408","59","0.711864","0","1.4915254237288136","3","2022-11-29 20:48:03","46","61","0"
"1570000","82313","3408","275","0.447272","0.207272","1.56","62","2022-11-29 18:03:40","221","430","83"
"1570854","26607","3407","110","0.645454","0.081818","2.0545454545454547","17","2022-11-28 07:34:50","84","206","26"
"1573279","15755","3406","8","0.25","0.375","3.375","9","","0","0","0"
"1577190","20667","4857","14","0.214285","0.285714","4.285714285714286","4","","0","0","0"
"1577396","42020","3404","18","0.388888","0.5","2.5","3","2022-10-28 18:38:29","1","5","3"
"1577947","19275","4126","21","0.190476","0.285714","4.761904761904762","8","2022-11-21 20:52:49","13","39","3"
"1578604","71824","3403","8","0.625","0","2.375","2","","0","1","0"
"1580044","15161","3403","17","0.588235","0.058823","6.411764705882353","2","2022-05-03 14:22:57","1","0","0"
"1580645","11116","3402","193","0.678756","0.103626","2.145077720207254","14","2022-11-23 04:30:33","173","403","10"
"1581090","45011","3402","14","0.428571","0.142857","12.642857142857142","2","2022-10-14 12:19:16","9","85","0"
"1585136","15266","3401","64","0.78125","0.0625","1.953125","6","2022-11-16 13:36:18","36","70","2"
"1585345","29352","3401","13","0.307692","0.230769","1.4615384615384615","1","2022-11-14 08:46:00","16","26","4"
"1585767","10757","3401","14","0.357142","0.142857","0.5714285714285714","0","","0","1","0"
"1586174","25006","3401","26","0.5","0.307692","22.076923076923077","13","","0","0","0"
"1587329","38888","3400","19","0.052631","0.736842","1.8421052631578947","10","2022-11-23 17:00:36","26","27","23"
"1587819","15228","3400","14","0.428571","0.285714","21.5","14","2022-08-25 18:49:00","8","475","9"
"1591921","11690","3398","62","0.774193","0.048387","1.3064516129032258","10","2022-11-29 20:26:59","38","80","4"
"1592821","18948","3398","18","0.722222","0.166666","3.4444444444444446","1","2022-10-15 05:37:40","39","60","0"
"1593077","139838","3397","215","0.376744","0.246511","3.427906976744186","257","2022-11-29 19:19:20","119","424","108"
"1593860","77269","3397","72","0.208333","0.361111","19.055555555555557","39","2022-11-16 23:04:19","29","943","15"
"1594823","17658","3396","15","0","0.8","0.6","35","2022-11-11 09:25:34","4","2","63"
"1595451","39760","3396","182","0.543956","0.115384","2.82967032967033","1048","2022-11-27 18:50:38","374","973","2680"
"1595669","27294","3396","82","0.52439","0.170731","4.341463414634147","93","2022-09-21 15:20:40","2","4","3"
"1599004","17405","3395","18","0.611111","0.166666","16.22222222222222","15","2022-11-28 02:09:27","15","251","52"
"1600193","13153","3394","10","0","0.8","1.8","3","2022-10-07 14:08:55","7","11","2"
"1600821","35325","3394","12","0.666666","0.083333","0.5","0","","0","0","0"
"1600898","159687","3394","335","0.602985","0.104477","4.170149253731343","45","2022-11-15 15:08:20","56","266","10"
"1602555","45418","3393","26","0.538461","0.076923","1.1538461538461537","14","2022-11-13 11:35:42","10","9","8"
"1603351","49816","3393","563","0.66785","0.049733","0.7069271758436945","120","2022-11-29 17:39:55","1174","1149","1697"
"1603480","13375","3393","22","0.5","0.318181","2.590909090909091","36","2022-11-29 03:23:08","15","41","35"
"1603711","10305","3393","28","0.892857","0","0.42857142857142855","1","2022-11-25 21:12:01","39","39","9"
"1603746","13902","3393","63","0.825396","0.015873","0.42857142857142855","9","2022-11-23 01:38:40","26","9","6"
"1604048","12206","3393","7","0.142857","0.857142","0.2857142857142857","0","2022-11-28 14:31:28","6","11","0"
"1606345","41210","3392","76","0.552631","0.131578","4.4605263157894735","67","2022-11-27 10:19:05","38","204","39"
"1606729","26072","3392","21","0.666666","0.142857","1.2857142857142858","2","2022-11-17 20:14:41","64","63","4"
"1609428","19535","3391","7","0.142857","0.142857","12.571428571428571","0","","0","10","0"
"1609514","11845","3390","67","0.298507","0.41791","3.298507462686567","21","2022-11-24 20:41:03","58","159","5"
"1609729","43420","3390","7","0.571428","0.285714","4.285714285714286","1","2022-06-09 10:02:50","3","4","1"
"1611058","10950","3389","8","0.5","0.5","2.5","5","2022-02-22 04:05:36","1","8","2"
"1611459","25402","3389","23","0.652173","0.043478","5.695652173913044","684","2022-08-25 08:37:08","6","32","199"
"1612146","36852","3389","8","0.5","0.25","2.125","0","2022-10-11 16:07:20","7","13","3"
"1612975","82199","3388","318","0.503144","0.204402","5.509433962264151","129","","0","23","1"
"1614677","10553","3388","7","0.428571","0","2.142857142857143","4","2022-09-28 15:57:51","8","8","7"
"1615903","35606","3387","25","0.76","0.12","1.84","31","2022-07-29 03:38:43","11","37","13"
"1616263","14578","3387","68","0.044117","0.838235","0.14705882352941177","7","2022-11-28 08:54:25","22","4","0"
"1620194","15847","3386","13","0.461538","0.230769","1.3846153846153846","2","2022-11-29 17:01:13","64","138","6"
"1620210","27227","3571","6","0.333333","0.166666","4.666666666666667","3","2022-11-10 07:23:32","7","11","4"
"1620671","70232","3386","39","0.435897","0.102564","2.9743589743589745","21","2022-11-28 15:25:25","18","67","16"
"1620779","22065","3386","8","0.125","0.75","4.25","3","2022-03-16 09:48:42","1","6","3"
"1621041","11778","3386","11","0.272727","0.454545","1","9","2022-09-24 17:02:29","4","9","0"
"1622937","11177","3385","20","0.45","0.25","1.95","28","2022-11-27 21:12:01","8","9","4"
"1623007","63499","3385","176","0.528409","0.125","1.6306818181818181","72","2022-11-15 18:59:23","51","94","11"
"1623249","17557","3385","5","0","0.2","1.8","4","2022-10-26 19:56:23","18","38","10"
"1625187","26647","3384","47","0.425531","0.255319","15.361702127659575","228","2022-11-09 16:59:56","11","299","272"
"1625740","12073","3383","6","0.5","0.333333","6.166666666666667","1","2022-05-05 10:21:46","4","9","2"
"1627055","18840","3382","8","0.375","0.375","5.25","2","2022-11-15 09:33:44","6","28","0"
"1627271","18016","3382","30","0.366666","0.3","3.3333333333333335","9","2022-07-26 00:07:11","1","4","1"
"1630618","155160","3381","19","0.421052","0.157894","1.4736842105263157","6","2022-11-27 02:46:04","89","153","34"
"1630963","13190","3381","34","0.470588","0.117647","7.823529411764706","5","2022-08-15 23:02:53","5","72","1"
"1631193","95301","3381","266","0.661654","0.067669","2.1278195488721803","3","2022-11-29 19:21:15","328","773","4"
"1631967","22902","3380","9","0.222222","0.444444","1","20","","0","2","2"
"1633665","10518","3380","16","0.875","0","0.625","0","2022-11-02 14:51:45","14","11","0"
"1633770","23712","3380","44","0.704545","0.022727","0.8181818181818182","4","2022-11-07 14:39:16","20","17","4"
"1635979","14082","3379","19","0.210526","0.210526","0.6842105263157895","2","","0","0","0"
"1637351","13801","3379","97","0.71134","0.072164","1.9381443298969072","2","2022-04-06 15:38:57","2","3","0"
"1637673","13968","3378","7","0.285714","0.571428","1.7142857142857142","0","2022-08-18 08:13:53","1","4","0"
"1639594","13492","3378","11","0.181818","0.727272","8.818181818181818","0","2022-11-05 17:25:08","10","27","0"
"1639625","83169","3378","102","0.235294","0.421568","3.7058823529411766","35","2022-11-04 10:14:42","63","256","27"
"1641941","39566","3376","171","0.68421","0.076023","2.7076023391812867","20","2022-11-20 21:18:29","2","12","0"
"1643676","26728","3375","194","0.649484","0.113402","0.865979381443299","26","2022-08-03 11:32:49","15","5","2"
"1644131","11614","3375","23","0.608695","0.130434","1.434782608695652","6","2022-08-31 12:46:01","2","12","2"
"1645712","12246","3374","76","0.578947","0.092105","2.6710526315789473","0","2022-10-18 13:35:25","2","7","0"
"1646240","38517","3374","159","0.352201","0.283018","1.119496855345912","15","2022-11-22 13:55:56","322","233","27"
"1646335","10260","3374","35","0.6","0.142857","2.2857142857142856","3","2022-09-21 19:40:17","5","8","1"
"1646540","10844","3374","6","0.333333","0.166666","1.3333333333333333","0","2022-11-18 14:01:41","4","2","0"
"1647604","60946","3373","55","0.472727","0.10909","2.2181818181818183","5","2022-07-07 20:59:07","11","23","0"
"1648033","19978","3373","27","0.222222","0.37037","1.1481481481481481","5","2022-08-12 09:19:47","7","2","1"
"1650337","10097","3373","55","0.418181","0.218181","11.345454545454546","44","2022-11-28 10:53:48","27","570","43"
"1652954","11580","3624","9","0.555555","0.111111","34.666666666666664","6","","0","41","0"
"1655567","18878","3371","10","0.1","0.4","1","1","2022-10-28 19:39:02","39","28","7"
"1658617","27706","3369","28","0.535714","0.214285","1.6785714285714286","2","2022-11-25 21:47:03","130","191","13"
"1658906","59795","3368","117","0.735042","0.068376","2.9316239316239314","1","2022-11-28 17:53:55","74","254","0"
"1663001","120098","3367","144","0.625","0.125","8.82638888888889","102","2022-11-23 16:41:28","77","803","24"
"1663462","35165","3367","15","0.333333","0.266666","3.8","42","2022-10-05 18:06:31","10","14","7"
"1664978","16209","3366","11","0.181818","0.363636","1.0909090909090908","1","2022-08-04 08:08:50","3","20","0"
"1665026","10248","3366","58","0.603448","0.120689","1.0862068965517242","12","2022-10-09 01:04:23","18","27","0"
"1666071","17242","3366","5","0.2","0.6","3.4","0","","0","7","0"
"1667023","14936","3366","52","0.76923","0.076923","3.673076923076923","1","2022-11-22 15:34:55","39","146","1"
"1667895","18660","3365","9","0.555555","0.111111","5","0","2022-05-11 04:47:01","1","14","0"
"1668575","12243","3365","32","0.8125","0.0625","0.6875","0","2022-11-28 20:01:25","13","12","0"
"1668622","10088","3365","5","0.6","0.4","6.2","1","2022-06-01 07:52:46","8","32","2"
"1669860","26457","3365","7","0.428571","0.285714","0.42857142857142855","2","2022-03-03 14:53:43","1","4","1"
"1670129","53371","3364","106","0.688679","0.066037","13.349056603773585","1","2022-11-05 22:29:37","35","885","6"
"1671066","21112","3364","11","0.181818","0.272727","3.727272727272727","221","2022-11-12 13:02:35","7","29","113"
"1671558","31035","3364","16","0.1875","0.5625","5.8125","2","2022-11-11 09:41:20","3","44","0"
"1672803","12253","3363","13","0.615384","0.230769","1.0769230769230769","0","2022-04-25 20:40:42","2","9","2"
"1672994","10889","3363","85","0.635294","0.152941","4.235294117647059","11","2022-08-17 06:58:13","54","163","9"
"1673776","14719","3363","7","0.571428","0.142857","4.428571428571429","1","2022-11-23 13:43:17","10","31","1"
"1675492","20259","3362","23","0.695652","0.043478","5.434782608695652","12","","0","3","0"
"1675954","28721","3362","7","0.571428","0.142857","7.714285714285714","51","","0","8","10"
"1676363","201635","3362","161","0.63354","0.111801","4.012422360248447","0","2022-11-25 23:41:29","69","454","2"
"1678053","14199","3361","18","0.444444","0.222222","2.111111111111111","4","2022-08-10 07:13:31","3","10","3"
"1678362","25002","3361","21","0.523809","0.047619","10.142857142857142","14","2022-11-02 17:08:43","6","46","11"
"1678614","19080","3361","10","0","0.8","0.3","0","2022-09-26 18:26:51","7","9","1"
"1678770","11378","3361","66","0.454545","0.227272","5.484848484848484","5","2022-09-29 00:51:21","11","103","2"
"1679126","21887","3360","11","0.363636","0.272727","2.090909090909091","0","2022-11-15 05:28:33","15","13","0"
"1679286","15361","3360","6","0.833333","0","1.6666666666666667","1","2022-11-29 13:00:44","178","242","171"
"1679602","63500","3360","92","0.695652","0.065217","7.880434782608695","18","2022-07-31 16:57:53","1","16","0"
"1679849","24793","3360","36","0.638888","0.194444","3.5555555555555554","9","2022-11-24 15:55:21","14","55","5"
"1680535","13763","3360","6","0","0.5","0.16666666666666666","0","","0","0","0"
"1680836","12536","3360","5","0.4","0.2","4","4","2022-09-27 20:58:14","5","26","4"
"1681480","12386","3360","7","0.428571","0.142857","3","3","","0","1","0"
"1682419","13757","3359","10","0.2","0.3","2.7","0","2022-11-23 23:23:37","15","39","4"
"1682820","20821","3359","79","0.506329","0.13924","1.9493670886075949","23","2022-11-29 13:43:40","50","69","8"
"1684269","48394","3359","10","0.6","0.1","4.6","4","2022-11-23 19:45:17","10","53","8"
"1684977","17731","3358","22","0.40909","0.090909","0.7727272727272727","0","2022-02-02 06:18:00","2","0","1"
"1686485","104949","3358","11","0.363636","0.454545","1.3636363636363635","1","","0","1","0"
"1687119","235024","3358","782","0.414322","0.271099","1.1317135549872124","216","2022-11-29 02:49:08","368","355","102"
"1688441","25237","3357","22","0.545454","0.045454","0.8636363636363636","6","2022-11-16 00:27:35","1","0","0"
"1690193","19463","3356","52","0.461538","0.230769","28.153846153846153","112","2022-11-10 04:17:08","33","804","50"
"1690217","17143","3356","209","0.502392","0.172248","3.263157894736842","140","2022-11-28 13:55:03","160","409","72"
"1691723","12728","3355","22","0.227272","0.40909","0.3181818181818182","3","2022-04-15 11:02:37","1","0","0"
"1692151","15605","3355","8","0.625","0","0.5","0","","0","0","0"
"1693192","43857","3354","637","0.758241","0.067503","0.8100470957613815","59","2022-11-29 07:56:48","439","368","27"
"1693859","16448","3354","22","0.636363","0.090909","1.8181818181818181","3","2022-02-12 07:25:11","1","10","3"
"1695172","43314","3354","188","0.579787","0.111702","1.675531914893617","20","2022-09-16 07:05:10","161","180","10"
"1695680","18627","3354","7","0.285714","0.428571","2.5714285714285716","2","2022-10-08 07:24:12","7","12","0"
"1695960","154712","3353","194","0.912371","0.010309","1.9896907216494846","81","2022-11-28 19:18:26","117","221","68"
"1697099","75665","3353","5","0","1","1","3","2022-06-01 03:11:35","2","4","0"
"1697459","44974","3353","10","0.1","0.3","3.2","2","2022-11-24 14:54:35","12","19","11"
"1699075","11383","3352","18","0.777777","0.055555","0.9444444444444444","0","2022-10-26 00:25:10","36","79","10"
"1701026","24791","3352","112","0.428571","0.223214","4.839285714285714","13","2022-11-24 16:26:33","113","453","8"
"1704166","223276","3351","11","0.454545","0.090909","0.7272727272727273","0","","0","1","0"
"1704458","19698","3351","52","0.365384","0.230769","4.9423076923076925","117","2022-11-29 21:48:41","52","271","164"
"1705266","31110","3350","5","0.4","0","10","1","2022-11-16 20:02:09","15","140","0"
"1705598","423857","3350","287","0.644599","0.07317","1.6236933797909407","147","2022-11-29 13:39:06","240","480","136"
"1707091","178753","3350","11","0.181818","0.272727","1.0909090909090908","15","2022-10-11 00:03:40","20","23","28"
"1709088","28356","3348","6","0","0.833333","0.6666666666666666","3","2022-04-28 06:01:17","4","2","1"
"1712135","18682","3347","83","0.301204","0.481927","5","71","2022-11-28 08:29:08","68","265","60"
"1712294","12588","3347","141","0.659574","0.049645","0.7588652482269503","5","2022-11-29 09:20:57","110","89","5"
"1712905","17964","3347","41","0.536585","0.121951","4.780487804878049","7","2022-11-25 10:37:01","15","72","0"
"1713920","10876","3346","5","0.4","0.4","5.8","0","2022-11-15 11:38:55","3","15","0"
"1714410","115566","3346","192","0.770833","0.088541","1.1510416666666667","66","2022-11-23 13:28:50","137","140","50"
"1715121","33847","3914","12","0.166666","0.666666","1.3333333333333333","5","2022-10-10 08:23:05","32","27","19"
"1715673","19033","4818","22","0.681818","0.136363","2.409090909090909","2","2022-11-13 08:42:04","9","27","0"
"1715829","11048","3345","7","0.142857","0.285714","0.2857142857142857","2","2022-10-06 15:25:58","1","3","0"
"1716339","20509","3345","59","0.338983","0.355932","1.4406779661016949","2","2022-11-20 17:56:11","32","54","1"
"1717300","63273","3345","6","0.333333","0.333333","5.166666666666667","5","2022-11-27 16:48:31","97","716","54"
"1720199","11443","3344","10","0.1","0.5","4.3","3","2022-10-21 17:37:55","9","29","5"
"1721239","45154","3344","531","0.583804","0.080979","2.184557438794727","5","2022-11-29 15:38:28","308","1425","4"
"1726083","16497","3341","76","0.671052","0.105263","4.355263157894737","23","2022-11-11 19:27:30","68","420","38"
"1727392","27950","3341","17","0.294117","0.588235","4.352941176470588","3","2022-11-05 11:31:48","15","41","9"
"1729265","97213","3340","192","0.859375","0.026041","6.484375","136","2022-11-13 17:01:34","98","772","74"
"1729795","24732","3340","15","0.6","0.066666","1.4","6","2022-10-02 12:06:23","7","17","1"
"1730895","15058","3339","26","0.692307","0.115384","1.5384615384615385","7","2022-11-28 03:46:04","77","130","22"
"1731626","31095","3339","16","0.3125","0.5625","0.8125","2","2022-11-11 13:28:40","202","212","193"
"1733315","17832","3338","5","0.2","0.6","1.6","0","2022-07-08 17:02:08","2","3","0"
"1735406","96452","3338","34","0.323529","0.264705","2.264705882352941","44","2022-07-26 12:25:29","2","15","3"
"1735918","12825","3338","17","0.470588","0.352941","0.5294117647058824","0","2022-03-31 17:15:32","1","0","0"
"1737158","26609","3337","27","0.333333","0.481481","1.7407407407407407","3","2022-11-15 10:01:47","44","73","6"
"1737201","11372","3337","35","0.314285","0.285714","1.542857142857143","0","2022-10-15 18:52:51","30","37","1"
"1737251","11494","3337","64","0.890625","0.015625","1.1875","45","2022-11-26 17:53:06","55","53","29"
"1738915","15391","3337","39","0.615384","0.128205","3.6153846153846154","10","2022-10-26 18:09:00","17","118","5"
"1739852","16449","3336","21","0.714285","0","2.1904761904761907","1","2022-10-07 01:22:12","1","8","0"
"1740577","24074","3336","487","0.299794","0.37577","0.944558521560575","262","2022-11-29 17:42:48","468","526","459"
"1741542","74538","3336","28","0.178571","0.214285","4.107142857142857","15","2022-09-21 19:10:06","9","41","4"
"1743328","24254","3335","9","1","0","1.5555555555555556","1","2022-11-16 13:38:22","14","13","0"
"1743997","19112","3335","17","0.17647","0.411764","1.1764705882352942","13","2022-04-02 14:55:43","3","6","1"
"1744774","15139","3334","140","0.635714","0.142857","3.657142857142857","185","2022-07-11 11:58:43","1","14","3"
"1745001","209515","3334","665","0.186466","0.538345","2.7969924812030076","179","2022-11-29 14:39:48","441","1366","92"
"1745544","12198","3334","39","0.410256","0.25641","14.692307692307692","93","2022-11-26 16:08:57","36","519","91"
"1745672","26869","3334","7","0.285714","0.285714","1.1428571428571428","0","2022-09-10 06:43:51","9","22","4"
"1746118","32893","3333","30","0.433333","0.2","13.733333333333333","513","2022-08-23 04:00:44","2","9","8"
"1746830","36629","3333","7","0","0.285714","5.428571428571429","0","2022-10-01 10:39:34","5","57","8"
"1747018","19049","3333","5","0.2","0.2","1.6","1","2022-09-20 17:55:44","17","9","2"
"1749403","223342","3332","210","0.609523","0.104761","1.2095238095238094","17","2022-11-23 12:10:11","76","83","4"
"1751640","16560","3331","17","0.117647","0.588235","3.6470588235294117","0","2022-04-27 20:13:26","2","2","0"
"1751766","25533","3331","34","0.705882","0.058823","0.5588235294117647","0","2022-05-29 22:56:03","7","7","0"
"1753073","13945","3331","11","0.545454","0.272727","0.18181818181818182","2","2022-02-25 09:02:01","93","32","0"
"1755432","65061","3330","22","0.636363","0.090909","1","0","2022-11-29 07:28:28","54","58","0"
"1755598","146548","3330","58","0.568965","0.155172","0.5517241379310345","107","2022-09-17 16:59:52","31","27","40"
"1759915","10095","3329","191","0.890052","0","0.8900523560209425","2","2022-11-28 15:06:49","94","63","1"
"1760858","10305","3328","8","0.125","0.875","1.625","0","2022-02-17 13:46:00","1","5","0"
"1762051","10984","3328","14","0.357142","0.214285","4.142857142857143","2","2022-06-10 09:15:13","3","12","0"
"1762224","49243","3328","469","0.289978","0.407249","0.8486140724946695","439","2022-11-29 19:07:24","173","132","146"
"1763035","13502","3327","23","0.217391","0.695652","0.34782608695652173","2","2022-05-04 14:30:32","2","8","1"
"1763602","16033","3327","19","0.473684","0.210526","5.7894736842105265","16","","0","10","0"
"1763614","60873","3327","64","0.796875","0.03125","0.53125","1","2022-11-28 15:01:17","60","28","0"
"1765189","27223","3326","34","0.970588","0","0.6470588235294118","2","2022-11-28 14:29:50","14","10","2"
"1765658","73531","3326","35","0.228571","0.714285","4.457142857142857","15","2022-10-24 15:43:01","30","161","12"
"1766230","20363","3326","6","0.166666","0.333333","3","1","2022-10-19 15:42:08","4","11","4"
"1766444","13812","3326","5","0.6","0","7","3","","0","4","0"
"1766831","143835","3326","1003","0.498504","0.149551","2.469591226321037","255","2022-11-28 19:36:07","787","1894","109"
"1767412","23223","3325","17","0.117647","0.705882","3.3529411764705883","17","2022-11-24 11:38:28","14","53","9"
"1768226","21964","3325","7","0.714285","0.142857","0.42857142857142855","1","2022-11-17 21:56:20","20","7","0"
"1768303","62200","3325","11","0.363636","0.636363","12.454545454545455","0","2022-11-16 06:19:18","8","64","4"
"1772898","14732","3323","18","0.166666","0.666666","3.1666666666666665","1","2022-11-25 14:23:14","32","35","1"
"1772933","23704","3323","1123","0.45414","0.229741","1.4674977738201247","52","2022-11-29 00:39:36","219","314","16"
"1773434","21744","3323","41","0.292682","0.365853","1.6585365853658536","32","2022-06-17 16:01:40","1","7","1"
"1773798","30978","3323","204","0.421568","0.274509","2.9607843137254903","61","2022-11-14 12:04:10","179","529","35"
"1773866","11257","3323","59","0.898305","0.033898","1.2203389830508475","0","2022-11-29 13:53:35","26","46","0"
"1774667","281102","3323","557","0.443447","0.220825","1.6876122082585279","103","2022-11-29 21:35:52","78","174","21"
"1775389","21978","3323","234","0.803418","0.017094","1.811965811965812","28","2022-11-29 14:59:02","152","251","25"
"1778465","36699","3322","32","0.625","0.125","5.53125","22","2022-11-17 23:47:46","47","230","31"
"1779128","11757","3321","6","0.5","0","1.3333333333333333","0","","0","0","0"
"1779477","14992","3321","35","0.542857","0.057142","4.257142857142857","12","2022-02-28 09:26:30","3","22","11"
"1783237","20669","3319","63","0.603174","0.095238","1.9047619047619047","13","","0","1","0"
"1783588","14255","3319","23","0","1","1.3478260869565217","17","2022-11-29 18:58:27","11","26","14"
"1784011","23152","3319","19","0.842105","0","2.263157894736842","2","2022-10-19 14:08:31","4","4","0"
"1784230","13179","3319","7","0.571428","0.428571","1.7142857142857142","3","2022-10-25 07:36:40","2","1","1"
"1786065","11519","3318","6","0.166666","0.5","26.166666666666668","2","2022-11-11 15:45:33","18","578","35"
"1786428","25378","3318","21","0.333333","0.333333","1.619047619047619","1","2022-09-27 18:31:39","23","121","13"
"1787137","15233","3318","26","0.730769","0.076923","1.1153846153846154","0","2022-10-15 00:42:17","3","1","0"
"1788806","30267","3317","10","0.4","0.5","3.1","108","2022-11-21 21:28:37","4","3","39"
"1790982","58816","3316","41","0.463414","0.243902","5.317073170731708","71","2022-11-28 16:22:08","69","322","92"
"1791279","11269","3316","11","0.90909","0","0.7272727272727273","1","2022-11-23 08:57:38","4","4","0"
"1791913","34761","3316","8","0.625","0.25","1.875","77","2022-06-02 11:54:54","1","2","4"
"1793417","11867","4782","11","0.636363","0.181818","3.272727272727273","1","","0","5","2"
"1794497","15100","3315","11","0.818181","0","1.2727272727272727","9","2022-11-11 09:19:49","6","4","0"
"1795356","56631","3315","11","0.727272","0","1.8181818181818181","1","2022-09-11 23:47:34","17","27","4"
"1796579","43956","3314","36","0.555555","0.194444","4.944444444444445","16","2022-08-01 13:52:06","6","9","0"
"1797912","16586","3313","36","0.611111","0.138888","0.9722222222222222","8","2022-11-12 20:44:56","13","8","6"
"1801544","26429","3312","121","0.677685","0.07438","15.578512396694215","15","2022-11-16 17:37:23","73","1364","19"
"1802385","13613","3311","16","0.8125","0","1.1875","0","","0","0","0"
"1803853","26991","3311","76","0.473684","0.25","0.6578947368421053","0","2022-09-13 15:47:13","41","32","1"
"1804173","27526","3311","18","0.222222","0.555555","6.222222222222222","6","2022-09-25 22:27:16","3","36","0"
"1804678","25449","3311","20","0.15","0.8","1.25","17","2022-10-20 12:09:37","18","36","10"
"1806780","31497","3310","23","0.608695","0.043478","10.608695652173912","12","2022-08-17 19:52:35","8","184","4"
"1807667","63849","3310","33","0.666666","0.181818","0.45454545454545453","11","2022-11-27 10:42:24","43","12","24"
"1808494","15916","3309","10","0.4","0.4","6","2","2022-11-28 16:58:12","13","57","2"
"1812732","11703","3308","8","0","0.25","4.5","0","2022-11-23 18:04:17","13","48","1"
"1814420","12193","3307","41","0.463414","0.268292","1.6341463414634145","12","2022-11-15 13:17:24","9","17","4"
"1814486","23281","3307","6","0.5","0.166666","3.5","3","2022-03-16 19:33:58","1","13","1"
"1816580","62008","3306","26","0.692307","0.115384","6.461538461538462","129","","0","0","1"
"1818713","20258","3305","9","0.333333","0.222222","2.6666666666666665","1","2022-11-29 18:43:17","26","46","0"
"1820446","37433","3304","162","0.78395","0.049382","2.8209876543209877","452","2022-11-29 19:24:04","123","285","332"
"1822379","30040","3304","129","0.209302","0.317829","0.5581395348837209","43","2022-11-29 22:04:14","50","36","17"
"1823469","19433","3303","7","0","0.571428","0.8571428571428571","1","2022-09-19 10:56:06","3","10","1"
"1824361","19234","3303","21","0.047619","0.523809","1.1904761904761905","39","2022-11-14 14:50:12","13","15","18"
"1827631","14051","3302","10","0.2","0.4","1.3","0","","0","0","0"
"1829647","22250","3301","10","0.9","0.1","1.2","1","2022-09-08 11:26:10","6","16","0"
"1830228","17673","3613","36","0.444444","0.305555","4.638888888888889","21","2022-09-26 07:09:51","8","44","2"
"1831717","46281","3300","99","0.929292","0.020202","1.0404040404040404","3","2022-11-03 10:57:18","39","35","4"
"1831987","45256","3300","93","0.537634","0.129032","7.290322580645161","18","2022-11-28 17:03:32","91","683","33"
"1832058","150679","3300","1127","0.74889","0.062999","6.80301685891748","351","2022-11-10 12:27:19","1041","7257","369"
"1832636","20815","3300","16","0.4375","0.25","7.0625","5","2022-08-13 03:53:53","7","50","2"
"1832745","52839","3300","5","0.2","0.4","0.4","1","2022-10-02 10:53:59","17","14","19"
"1833945","43465","3299","6","0.5","0.166666","9","0","","0","5","0"
"1833961","25236","3299","69","0.304347","0.420289","1.3043478260869565","1","2022-11-09 19:54:18","22","42","1"
"1835379","73403","3298","66","0.484848","0.227272","3.242424242424242","67","2022-11-28 15:42:23","56","248","99"
"1835470","15292","3298","9","0","0.777777","15","0","2022-08-20 10:01:40","6","158","1"
"1838048","45424","4696","78","0.358974","0.230769","2.3333333333333335","5","2022-11-29 07:37:43","54","226","3"
"1839439","34132","3297","238","0.571428","0.155462","7.600840336134453","25459","2022-10-19 15:02:03","36","605","7884"
"1839482","45367","3297","42","0.571428","0.166666","1.0476190476190477","16","","0","0","0"
"1839777","11905","3297","23","0.434782","0.217391","0.8695652173913043","1","","0","1","0"
"1840146","15164","3297","121","0.719008","0.090909","7.652892561983471","95","2022-10-16 11:15:11","47","698","13"
"1841760","23936","3654","20","0.55","0.1","0.6","4","2022-09-13 09:38:35","1","5","1"
"1841839","118570","3296","705","0.727659","0.052482","2.4879432624113473","1007","2022-11-29 16:58:37","627","1639","899"
"1847592","23827","3294","81","0.65432","0.024691","6.679012345679013","246","2022-10-31 18:04:04","53","308","165"
"1850340","15261","3293","6","0","0.666666","0.3333333333333333","11","2022-08-31 16:17:46","3","2","10"
"1850609","136294","3292","22","0.40909","0.227272","1.4545454545454546","18","2022-11-07 03:10:13","65","91","46"
"1850851","10624","3292","13","0.230769","0.538461","3.6923076923076925","3","2022-11-26 22:54:26","44","448","57"
"1851712","68040","3292","50","0.16","0.68","9.3","645","2022-11-14 14:38:04","19","120","239"
"1853523","25731","3291","96","0.875","0.03125","0.65625","3","2022-11-29 09:55:17","43","28","4"
"1855677","264391","4458","205","0.512195","0.185365","4.585365853658536","156","2022-11-27 23:48:47","129","861","90"
"1858116","22910","3290","29","0.827586","0","0.6551724137931034","0","2022-11-22 09:21:12","18","10","0"
"1858357","14876","3289","194","0.432989","0.170103","1.5103092783505154","28","2022-11-25 13:14:49","101","122","11"
"1860540","11658","3289","14","0.357142","0.214285","1.7142857142857142","0","2022-07-13 10:00:59","5","14","1"
"1862590","12134","3288","63","0.142857","0.650793","1.3333333333333333","110","2022-11-01 08:45:14","9","23","9"
"1863229","526758","3288","2617","0.420328","0.243026","1.2453190676346961","128","2022-11-29 15:28:30","2000","2044","118"
"1864294","20775","3288","10","0.1","0.7","1.3","3","2022-11-14 13:04:23","13","26","0"
"1865613","10458","3287","18","0.333333","0.333333","1.6666666666666667","40","2022-10-24 10:38:56","12","51","21"
"1866300","10030","3287","29","0.344827","0.37931","1.206896551724138","6","2022-10-20 10:23:18","21","17","1"
"1866373","19964","3287","10","0.1","0.7","2.3","0","2022-10-05 22:12:22","9","25","0"
"1866775","11347","3287","10","0.5","0.2","5","0","2022-05-09 08:58:45","1","29","0"
"1868008","20945","3286","87","0.666666","0.091954","2.4942528735632186","75","2022-10-01 23:21:27","40","44","37"
"1869660","13145","3285","20","0.6","0.15","1.4","8","2022-09-14 05:08:12","2","6","2"
"1869846","35685","3285","10","0.6","0.2","3","5","","0","0","0"
"1870173","10093","3285","8","0.375","0.25","1.125","0","","0","1","0"
"1870760","36725","3285","24","0.5","0.166666","3.6666666666666665","4","","0","5","0"
"1870780","51146","3285","413","0.617433","0.145278","5.595641646489105","1639","2022-11-20 18:17:49","128","2225","1518"
"1870795","15262","3285","6","0.5","0.5","3.6666666666666665","1","2022-11-12 16:00:21","8","29","2"
"1870803","150202","3285","23","0.652173","0.130434","2.347826086956522","11","","0","3","1"
"1871033","29523","3285","155","0.496774","0.238709","7.167741935483871","91","2022-11-19 09:21:34","137","903","64"
"1874522","11556","3283","18","0.277777","0.277777","2.2222222222222223","47","2022-11-15 13:47:52","12","28","18"
"1875256","62662","3283","36","0.583333","0.138888","1.1388888888888888","31","2022-10-07 14:50:58","7","18","11"
"1876620","34510","3283","15","0.2","0.533333","3.533333333333333","2","","0","7","0"
"1876739","18035","3283","6","0.166666","0.166666","1.6666666666666667","2","2022-11-17 12:58:10","3","4","8"
"1878022","10284","3282","46","0.347826","0.152173","2.0217391304347827","66","2022-09-03 11:30:20","2","15","2"
"1879019","30963","3282","12","0.166666","0.666666","1.4166666666666667","24","2022-09-28 09:19:10","1","4","1"
"1879188","10722","3282","15","0.133333","0.6","0.6","7","","0","1","3"
"1880339","22833","3459","15","0.533333","0.2","8.266666666666667","35","2022-11-20 15:55:28","34","174","66"
"1883256","10850","3281","11","0.363636","0.454545","7.2727272727272725","7","2022-09-05 02:31:11","2","119","14"
"1883316","55295","3281","1386","0.57215","0.138528","3.7373737373737375","140","2022-11-29 05:46:55","987","4883","190"
"1889329","53409","3278","135","0.703703","0.081481","16.377777777777776","65","2022-11-28 07:52:18","101","1570","73"
"1889685","37447","3278","23","0.434782","0.391304","3.3043478260869565","48","","0","15","15"
"1891219","15778","3277","6","0","0.5","2.1666666666666665","3","2022-07-05 17:26:32","6","9","0"
"1891677","91123","3277","150","0.553333","0.2","3.0733333333333333","29","2022-11-29 11:25:35","206","493","82"
"1891712","20618","3277","41","0.487804","0.292682","0.975609756097561","105","2022-04-23 15:15:24","1","5","1"
"1892607","10246","3277","11","0.090909","0.727272","2","1","2022-10-27 20:01:45","18","24","3"
"1893164","13286","3277","6","0.333333","0.666666","0.6666666666666666","23","2022-08-25 23:13:05","11","14","4"
"1894067","35412","3276","14","0","0.857142","1.2142857142857142","1","2022-06-14 07:49:22","4","6","2"
"1894388","11126","3276","52","0.461538","0.211538","2.076923076923077","65","2022-06-14 10:51:40","1","4","4"
"1896169","25805","3276","32","0.4375","0.25","4.21875","13","","0","0","0"
"1896222","10624","3276","5","0.4","0.6","1.4","0","2022-06-18 00:36:26","2","5","0"
"1898563","44576","3275","72","0.361111","0.361111","7.944444444444445","136","2022-11-29 16:55:47","48","316","56"
"1899640","125085","3274","107","0.514018","0.158878","4.785046728971962","14","2022-11-18 18:33:05","37","107","6"
"1900692","16139","3274","13","0.153846","0.538461","1.8461538461538463","10","2022-07-29 11:59:19","2","0","0"
"1900722","11662","3274","13","0.538461","0.153846","0.5384615384615384","0","","0","1","0"
"1902010","180637","4849","30","0.566666","0.133333","17.7","5","2022-11-16 13:44:24","42","343","12"
"1902513","29619","3274","107","0.719626","0.046728","1.4766355140186915","30","","0","1","0"
"1906356","32384","3272","6","0.166666","0.166666","1.3333333333333333","1","","0","4","0"
"1908967","16570","3277","26","0.384615","0.192307","1.0384615384615385","208","2022-10-13 14:41:36","5","6","32"
"1909531","15228","3270","18","0.166666","0.388888","1.1666666666666667","10","2022-10-15 12:02:14","14","4","0"
"1911064","11542","3270","28","0.571428","0.035714","0.6785714285714286","4","2022-11-27 12:46:33","94","52","4"
"1911755","20158","3269","13","0.846153","0.076923","4.153846153846154","4","2022-10-26 04:10:59","21","54","3"
"1913537","19100","3269","12","0.666666","0.083333","1.4166666666666667","2","","0","4","0"
"1913729","25651","3269","137","0.459854","0.218978","3.9562043795620436","57","2022-09-22 20:11:25","9","30","4"
"1915448","45270","3268","9","0.777777","0","1.1111111111111112","2","2022-11-23 08:21:10","37","96","13"
"1915854","15346","3268","6","0","0.5","2","1","2022-11-05 14:58:07","9","21","1"
"1915893","32214","3268","21","0.714285","0.047619","27.523809523809526","96","2022-05-23 21:23:21","3","139","39"
"1916588","12666","3268","5","0.2","0.6","3.4","0","2022-02-20 11:37:59","1","7","0"
"1918561","17972","3267","58","0.534482","0.137931","2.1379310344827585","27","2022-10-21 10:39:13","7","36","3"
"1919583","21394","3267","126","0.555555","0.119047","3.4682539682539684","73","2022-11-24 20:11:24","101","273","41"
"1921273","10191","3266","29","0.448275","0.241379","6.931034482758621","4","2022-11-11 12:32:57","17","129","10"
"1921872","11772","3748","5","0.4","0.2","5.6","0","","0","1","0"
"1923190","21207","4119","6","0.333333","0.5","2.3333333333333335","0","2022-10-25 10:26:31","5","7","0"
"1925257","22064","3298","33","0.787878","0","3.4242424242424243","19","2022-11-20 12:36:58","34","45","3"
"1926369","64086","3263","42","0.523809","0.190476","1.2380952380952381","0","2022-07-22 13:03:02","9","8","0"
"1927876","19728","3262","9","0.333333","0.333333","2.3333333333333335","1","2022-06-05 00:52:56","3","14","0"
"1930838","34217","4704","34","0.617647","0.088235","0.8235294117647058","3","2022-11-05 17:32:26","29","22","0"
"1932311","23071","3260","413","0.467312","0.200968","2.3002421307506054","97","2022-11-29 15:29:54","223","635","63"
"1932552","19110","3260","42","0.071428","0.714285","0.40476190476190477","7","2022-11-29 21:53:30","119","55","5"
"1934182","22499","3259","5","0","1","5","1","2022-06-08 17:02:14","4","10","1"
"1934428","22970","3259","262","0.343511","0.248091","8.007633587786259","14","2022-11-24 07:02:12","172","1858","10"
"1934903","21148","3259","7","0.571428","0.142857","5","1","","0","8","1"
"1937197","12801","3258","63","0.492063","0.206349","3","47","","0","12","0"
"1938889","23840","3256","13","0.076923","0.76923","1.3846153846153846","0","2022-04-22 13:16:28","3","4","1"
"1938988","21245","3256","9","0.666666","0","15.444444444444445","5","2022-09-01 19:35:12","1","15","0"
"1939814","12269","3256","23","0.652173","0.086956","1.2173913043478262","0","","0","3","0"
"1941241","11408","3255","15","0.6","0.133333","9.933333333333334","4","2022-10-29 17:38:59","14","122","0"
"1945525","15767","3253","88","0.65909","0.056818","1.0909090909090908","41","2022-07-25 08:23:00","61","64","22"
"1945651","102178","3253","29","0.37931","0.241379","4.103448275862069","13","2022-11-01 19:26:17","6","33","2"
"1948292","32636","3252","20","0.55","0.2","12.25","14","2022-11-29 02:00:41","17","190","10"
"1953515","31780","3250","226","0.641592","0.088495","3.088495575221239","186","2022-11-19 17:36:45","103","294","110"
"1953590","10387","3250","8","0.875","0","10","3","2022-08-18 01:41:11","8","37","1"
"1954610","28469","3249","119","0.563025","0.142857","5.420168067226891","14","2022-11-15 13:27:24","21","143","3"
"1956010","34074","3249","24","0.666666","0.125","0.8333333333333334","10","2022-11-17 16:17:29","10","3","1"
"1956558","19971","3249","6","0.666666","0","8.5","0","2022-03-17 10:39:11","1","2","0"
"1959054","13981","3248","54","0.425925","0.148148","4.518518518518518","1","2022-10-06 15:57:52","15","46","1"
"1959732","19333","3248","29","0.586206","0.034482","0.41379310344827586","10","2022-09-24 01:10:16","5","9","8"
"1959808","11902","3247","26","0.461538","0.26923","6.346153846153846","70","","0","0","0"
"1960455","41076","3247","140","0.378571","0.242857","6.7","115","2022-11-25 10:09:45","62","411","53"
"1961634","22530","3247","6","0.166666","0.833333","0.6666666666666666","1","","0","2","2"
"1964272","13996","3247","55","0.436363","0.163636","2.381818181818182","13","2022-10-17 21:37:29","17","21","4"
"1968182","17789","3246","29","0.310344","0.241379","43.10344827586207","121","2022-07-05 15:34:17","8","1032","118"
"1971013","23161","3245","13","0.384615","0.076923","5.153846153846154","2","2022-09-27 20:30:37","44","158","13"
"1971216","15648","3245","38","0.526315","0.105263","1.605263157894737","3","2022-11-24 15:51:02","68","101","5"
"1974224","33245","3243","98","0.336734","0.32653","4.040816326530612","141","2022-11-29 17:24:26","47","270","160"
"1974961","18478","3243","5","0.2","0.6","2.6","9","2022-08-16 14:14:25","1","3","2"
"1977847","23224","3242","37","0.27027","0.324324","7.378378378378378","24","2022-11-06 13:55:55","17","79","10"
"1977871","26181","3242","55","0.054545","0.763636","0.5818181818181818","2","2022-11-25 10:13:53","31","25","7"
"1978251","30558","3242","79","0.544303","0.227848","9.89873417721519","38","2022-11-23 17:17:25","49","426","53"
"1979703","25713","3241","8","0.25","0.5","1","0","2022-09-01 09:06:29","5","23","2"
"1979861","10342","3241","9","0.222222","0.333333","1.5555555555555556","0","2022-11-28 10:17:46","17","11","6"
"1979882","27299","3241","7","0.428571","0.571428","1.5714285714285714","0","2022-11-28 16:32:12","2","10","2"
"1980228","13361","3241","6","0.5","0","0.16666666666666666","2","2022-11-21 13:26:02","18","8","4"
"1980846","12671","3241","7","0.428571","0.285714","6.428571428571429","4","2022-09-21 17:28:45","2","9","1"
"1983854","294491","3240","8","0.125","0.5","7.875","40","2022-06-25 17:48:08","1","13","7"
"1985032","19031","3240","7","0.142857","0.285714","1","1","2022-10-21 01:24:17","1","3","2"
"1987726","15505","3239","23","0.47826","0.217391","1.9130434782608696","2","2022-11-20 14:27:48","29","82","0"
"1988508","17734","3239","18","0.055555","0.777777","3.7777777777777777","5","2022-10-23 21:27:33","2","36","2"
"1989480","25238","3238","54","0.092592","0.611111","1.3703703703703705","1","2022-02-14 08:16:08","1","3","0"
"1990505","16155","3870","6","0.166666","0.666666","1","0","","0","5","3"
"1990570","13673","3238","11","0.454545","0.090909","3.727272727272727","3","2022-10-25 12:39:21","7","14","3"
"1990684","13565","3238","7","0.142857","0.142857","3.4285714285714284","3","2022-08-25 04:19:47","2","7","0"
"1993204","31548","3237","5","0.2","0.8","2.4","0","2022-03-15 09:42:55","1","7","0"
"1993501","20764","3237","10","0.8","0.1","1.5","8","2022-08-24 10:16:29","6","6","8"
"1995300","38622","3236","5","0.4","0","0.4","0","2022-07-31 21:51:30","2","0","0"
"1995738","123827","3235","53","0.603773","0.132075","1.6226415094339623","49","2022-11-24 07:31:07","99","98","190"
"1997232","22391","3235","13","0.384615","0.153846","50.84615384615385","47","2022-06-14 13:24:54","1","6","0"
"1998051","10064","3235","7","0.428571","0.142857","1.1428571428571428","7","2022-05-14 10:49:22","4","4","3"
"1998086","10851","3235","8","0.25","0.5","0.75","6","","0","0","3"
"1998422","13556","3235","6","0.166666","0.666666","1.5","1","2022-10-17 11:59:19","1","9","0"
"1999456","13705","3234","6","0","0.833333","0","0","2022-04-21 20:24:22","1","0","0"
"2000051","18209","3234","18","0.388888","0.166666","0.7777777777777778","1","2022-07-07 03:08:28","11","3","2"
"2000124","12217","3234","8","0.625","0.25","0.75","0","2022-04-24 15:43:36","1","0","0"
"2000323","16849","3234","175","0.708571","0.074285","1.7542857142857142","14","2022-10-27 18:47:06","37","128","4"
"2000548","50807","3234","15","0.4","0.533333","2","3","2022-11-29 06:08:50","14","12","3"
"2000823","44432","3234","395","0.797468","0.020253","0.9949367088607595","74","2022-11-29 10:51:37","273","297","39"
"2001017","11112","3234","23","0.47826","0.217391","1.391304347826087","3","2022-09-03 06:06:05","14","13","0"
"2001654","50134","3234","538","0.806691","0.031598","4.732342007434944","141","2022-11-28 03:48:10","285","3185","231"
"2003986","16888","3233","8","0.5","0.125","0.875","4","2022-03-04 10:26:15","2","2","1"
"2005061","17561","3233","5","0.6","0","0.4","0","","0","0","0"
"2005680","42193","3233","34","0","0.705882","2.264705882352941","22","2022-11-06 23:16:21","18","33","9"
"2005869","16775","3232","5","0.4","0","0.6","2","2022-08-30 22:32:17","1","0","0"
"2008111","22480","3232","77","0.415584","0.220779","1.5324675324675325","15","2022-09-14 13:31:59","10","38","6"
"2008247","11832","3232","12","0.083333","0.916666","0.9166666666666666","6","2022-11-11 10:28:03","3","5","9"
"2011147","60231","3231","221","0.506787","0.203619","4.384615384615385","296","2022-11-27 10:25:56","38","119","52"
"2012219","11204","3231","11","0.272727","0.727272","2.1818181818181817","0","","0","0","0"
"2015912","10154","3229","8","0.375","0.125","6.375","0","2022-07-14 20:02:42","1","4","0"
"2016562","370997","3229","513","0.385964","0.331384","1.1481481481481481","381","2022-11-29 19:31:42","261","244","280"
"2018133","13912","3228","35","0.8","0","4.942857142857143","148","2022-11-28 14:57:46","30","105","110"
"2019247","23909","3228","10","0.7","0.1","2.4","16","","0","1","1"
"2020827","18227","3227","6","0.5","0.5","2.1666666666666665","2","","0","1","1"
"2023370","11318","3925","5","0","0.8","9","2","2022-05-20 10:00:03","3","17","2"
"2026508","24377","3449","22","0.181818","0.590909","1","11","2022-11-17 19:28:09","17","9","3"
"2029983","98190","3225","677","0.472673","0.159527","10.719350073855244","1797","2022-11-29 17:06:33","378","5383","2503"
"2030321","59754","3225","13","0.615384","0.153846","3.923076923076923","13","2022-10-24 10:52:51","3","21","4"
"2031033","19016","3224","5","0.4","0.6","1.8","1","2022-10-27 12:39:28","4","12","0"
"2032751","21951","3224","26","0.423076","0.307692","2.8461538461538463","1","2022-03-11 08:03:29","1","4","0"
"2033044","10360","3224","5","0.2","0.8","0.6","4","2022-06-16 12:15:36","1","3","2"
"2034787","24008","3223","107","0.252336","0.401869","2.850467289719626","67","2022-10-30 20:34:56","35","85","8"
"2035262","121411","3223","146","0.534246","0.184931","1.7123287671232876","38","2022-11-29 07:37:57","90","149","44"
"2039244","27897","3221","14","0.571428","0.357142","0.8571428571428571","9","2022-06-23 11:49:35","1","1","0"
"2041092","70018","3221","6","0.333333","0.166666","4.333333333333333","3","2022-10-15 01:24:12","6","16","4"
"2044940","12085","3220","24","0.916666","0","0.9583333333333334","4","2022-11-17 17:02:27","9","14","4"
"2045185","11331","3219","15","0.4","0.266666","3.533333333333333","5","","0","0","0"
"2051454","16281","3218","37","0.378378","0.243243","12.378378378378379","184","2022-10-28 21:26:54","8","75","26"
"2052655","37161","3218","57","0.368421","0.210526","4.298245614035087","32","2022-11-28 18:26:32","27","75","2"
"2054602","14249","3217","14","0.5","0.357142","0.7142857142857143","2","2022-11-16 11:00:18","164","77","29"
"2054671","14153","3217","9","0.111111","0.555555","12.444444444444445","0","2022-07-18 17:58:30","1","39","0"
"2055765","10055","3217","5","0.6","0","11.6","41","2022-06-21 17:15:30","3","25","8"
"2055998","13447","3217","10","0.4","0.2","61.9","261","2022-11-18 16:56:36","19","562","254"
"2056157","19018","3216","6","0.333333","0.5","0.16666666666666666","0","2022-07-25 14:45:29","3","4","0"
"2056484","17655","3216","11","0.090909","0.727272","2.1818181818181817","7","2022-11-05 23:05:54","7","7","0"
"2057089","11401","3216","16","0","0.75","0.5","2","2022-10-30 23:09:49","5","6","1"
"2057171","17960","3839","19","0.052631","0.578947","3.0526315789473686","6","2022-11-18 03:59:50","11","44","9"
"2057388","44563","3216","5","0.4","0.4","5.4","5","2022-11-13 13:00:26","9","25","9"
"2057509","13949","3216","19","0.210526","0.368421","1.5263157894736843","1","2022-11-07 05:20:01","4","11","2"
"2057709","16228","3216","31","0.645161","0.096774","8.774193548387096","119","2022-11-13 13:34:03","84","689","180"
"2058547","27316","3215","11","0","0.727272","3.727272727272727","13","2022-11-07 07:22:57","6","16","2"
"2060725","77798","3214","250","0.54","0.136","2.036","112","2022-11-29 21:02:51","169","347","177"
"2060966","17547","3214","74","0.459459","0.202702","1.7567567567567568","20","2022-10-03 23:56:05","14","53","3"
"2061133","13905","3346","23","0.652173","0.130434","1.3043478260869565","2","2022-06-06 22:36:02","4","10","1"
"2062384","12193","3214","5","0.2","0.6","1.2","2","2022-04-06 15:25:31","2","6","0"
"2063096","15982","3214","5","0","0.2","1","0","2022-09-06 16:18:20","5","4","0"
"2063361","48435","3213","129","0.217054","0.488372","1.689922480620155","172","2022-10-28 14:30:44","7","7","2"
"2063755","10180","3213","8","0.125","0.5","23.125","79","2022-11-16 05:55:15","4","80","17"
"2065597","22761","3213","13","0.230769","0.461538","1.3846153846153846","3","","0","0","0"
"2065611","31040","3213","8","0.625","0","2.375","2","2022-11-10 07:48:06","5","6","2"
"2065702","26253","3213","16","0.8125","0.0625","9.5625","31","2022-11-19 18:27:59","5","16","3"
"2065796","10500","3213","6","0.333333","0.666666","8.333333333333334","3","","0","11","1"
"2066428","10136","3213","5","0","1","0.4","0","2022-08-10 12:33:22","6","4","0"
"2067492","12430","3212","49","0.612244","0.204081","8.183673469387756","8","2022-11-25 13:10:07","39","272","11"
"2067527","18227","3212","6","0.666666","0","1.1666666666666667","0","","0","1","0"
"2067753","35743","3212","77","0.415584","0.155844","1.9350649350649352","22","2022-11-21 00:43:14","96","200","40"
"2067877","20258","3212","16","0.8125","0","0.75","3","2022-11-18 21:08:19","95","83","0"
"2069064","314326","3212","199","0.603015","0.145728","1.592964824120603","78","2022-11-21 15:04:15","89","185","45"
"2069407","26074","3212","6","0","1","0.16666666666666666","0","2022-10-19 11:53:41","10","14","0"
"2069605","30806","3212","624","0.865384","0.009615","0.9919871794871795","263","2022-11-29 18:10:45","369","454","151"
"2069812","27343","3212","5","0.2","0","1","0","2022-08-05 16:11:17","1","0","0"
"2071697","24049","3211","26","0.730769","0.153846","3","703","2022-11-07 10:18:47","20","65","414"
"2071807","79825","3211","12","0.25","0.25","2.0833333333333335","3","2022-10-21 16:37:28","8","42","6"
"2072035","25653","3777","45","0.488888","0.266666","0.28888888888888886","2","2022-08-01 08:39:47","3","3","0"
"2073595","95653","3211","20","0.9","0","1.95","3","2022-10-18 13:21:03","10","21","1"
"2075944","44983","3210","441","0.662131","0.113378","1.0453514739229024","25","2022-11-29 07:42:57","420","486","4"
"2076286","10448","3210","9","0.111111","0.666666","3.2222222222222223","0","2022-06-28 13:59:46","8","15","0"
"2079303","240279","3209","1202","0.420965","0.212978","1.103161397670549","11","2022-11-29 19:38:55","453","402","3"
"2079345","19576","3209","15","0.533333","0.333333","6.533333333333333","12","2022-11-27 22:04:37","8","30","0"
"2079831","38315","3208","6","0","1","0","1","2022-10-17 12:40:44","4","0","0"
"2080848","39643","3208","432","0.462962","0.229166","1.0833333333333333","3","","0","13","0"
"2082569","11373","3207","10","0.1","0.7","0.5","0","2022-06-06 21:47:30","1","3","0"
"2082673","65095","3207","261","0.532567","0.214559","0.48659003831417624","3","2022-11-29 20:48:20","72","33","1"
"2082769","17090","3207","110","0.481818","0.290909","9.336363636363636","29","2022-11-25 11:40:36","12","487","16"
"2082964","38434","3207","33","0.545454","0.121212","1.0909090909090908","13","2022-10-26 07:29:58","1","8","2"
"2085626","14719","3206","24","0.291666","0.375","1.25","4","2022-11-13 04:38:56","11","13","0"
"2087070","13194","3206","45","0.555555","0.177777","1.2666666666666666","17","2022-11-20 08:07:35","8","10","1"
"2089675","43891","3205","108","0.351851","0.314814","3.509259259259259","128","2022-11-28 23:41:18","77","224","82"
"2091169","23438","3205","14","0.357142","0.214285","5.428571428571429","1","","0","35","0"
"2095090","13227","3204","5","0","0.2","8.2","4","","0","4","2"
"2095676","14038","3204","28","0.428571","0.321428","0.7857142857142857","3","2022-11-24 10:30:28","19","5","0"
"2096769","14046","3204","16","0.1875","0.8125","2.625","1","2022-08-02 16:41:57","9","41","2"
"2102457","14220","3202","5","0.4","0.2","3.8","13","","0","0","6"
"2102693","25009","4572","28","0.357142","0.321428","10.5","4","2022-08-11 15:00:38","3","46","0"
"2102779","10598","3552","14","0.428571","0.428571","1.7142857142857142","0","2022-10-11 06:09:31","19","16","1"
"2102794","15798","3202","7","0.142857","0.857142","1.8571428571428572","0","","0","10","0"
"2104697","43063","3201","133","0.586466","0.203007","1.9699248120300752","75","2022-10-19 22:32:59","31","60","18"
"2106516","16474","3200","141","0.574468","0.120567","1.24822695035461","33","2022-11-23 12:39:25","47","49","18"
"2109233","50737","3200","188","0.526595","0.148936","5.627659574468085","54","2022-11-28 01:38:46","36","484","42"
"2111515","10776","3199","5","0.8","0.2","3.2","2","2022-10-11 06:15:08","59","68","25"
"2111778","15859","3199","122","0.5","0.311475","1.778688524590164","31","2022-11-29 20:00:54","33","70","17"
"2117239","10197","3198","6","0.666666","0","1.1666666666666667","0","2022-10-21 09:50:52","3","1","0"
"2118383","28649","3197","17","0.352941","0.352941","0.47058823529411764","3","2022-07-12 08:17:53","2","0","0"
"2118666","11281","3464","8","0.5","0.125","0.875","6","2022-11-05 10:02:12","3","15","4"
"2119941","15460","3197","43","0.209302","0.604651","0.9069767441860465","11","2022-06-25 16:04:45","17","51","13"
"2120261","34685","3197","16","0.4375","0.4375","1.75","16","2022-11-22 09:08:29","45","56","10"
"2122672","12395","3196","51","0.784313","0.039215","6.686274509803922","97","","0","2","1"
"2123530","40533","3196","206","0.7233","0.043689","2.2184466019417477","565","2022-11-29 10:40:00","275","728","871"
"2123555","23899","3196","18","0.555555","0.111111","1.8888888888888888","0","2022-08-03 10:14:36","1","4","0"
"2123922","13201","3196","7","0.714285","0","0.42857142857142855","0","","0","1","0"
"2125671","28057","3195","229","0.436681","0.240174","1.9126637554585153","0","2022-11-28 20:07:53","199","313","0"
"2125837","23736","3195","10","0.2","0.4","10.8","23","2022-09-03 14:33:53","1","93","18"
"2127277","14836","3195","25","0.48","0.24","6.4","30","2022-10-31 21:06:57","16","52","5"
"2128947","80929","3194","135","0.533333","0.162962","0.9333333333333333","46","2022-11-29 21:52:27","302","305","63"
"2129801","14995","3194","200","0.76","0.03","1.25","11","2022-10-29 18:57:41","49","61","11"
"2129835","13286","3194","5","0.2","0.4","1.4","5","2022-09-14 10:29:23","2","8","1"
"2131286","19885","3193","17","0.352941","0.235294","1.4705882352941178","6","2022-05-07 07:44:43","2","5","0"
"2132157","22833","3193","14","0.142857","0.714285","3.9285714285714284","3","2022-11-21 15:00:54","8","29","3"
"2136812","14037","3192","5","0.8","0","9.4","4","","0","1","2"
"2137255","77487","3192","8","0.25","0.375","0.25","0","","0","0","0"
"2137996","21053","3191","198","0.681818","0.080808","2.797979797979798","42","2022-11-15 15:57:35","126","333","18"
"2138752","86058","3191","67","0.373134","0.253731","1.164179104477612","1","2022-02-23 14:01:34","1","4","0"
"2138959","13412","3191","10","0.4","0.3","2.1","1","2022-04-10 11:06:23","1","5","0"
"2139766","10983","3191","11","0.545454","0.090909","1.2727272727272727","8","2022-08-09 21:34:26","2","1","3"
"2141621","32273","3191","34","0.588235","0.058823","17.08823529411765","393","2022-05-04 13:37:38","3","62","52"
"2142950","12272","3190","43","0.604651","0.116279","18.046511627906977","66","2022-11-24 08:36:46","60","774","46"
"2142994","28485","3190","12","0","0.583333","0.6666666666666666","11","","0","6","4"
"2144390","124829","3190","179","0.731843","0.044692","4.162011173184357","160","2022-11-26 18:55:15","137","539","191"
"2144578","47205","3190","28","0.785714","0.035714","1.8214285714285714","5","2022-11-17 07:39:13","22","11","0"
"2144669","65778","3190","253","0.632411","0.102766","1.9723320158102766","14","2022-11-23 23:35:04","63","178","10"
"2145769","13370","4415","44","0.727272","0.090909","1.7727272727272727","12","2022-11-17 20:23:23","33","56","6"
"2146894","22011","3189","7","0.285714","0.571428","1.5714285714285714","0","2022-08-18 15:58:41","5","31","1"
"2147481","15624","3189","15","0.266666","0.133333","1.0666666666666667","0","2022-09-14 12:49:24","6","6","1"
"2148718","20447","4117","25","0.48","0.2","3.28","1","2022-08-24 16:06:54","2","17","0"
"2148953","13665","3189","154","0.51948","0.27922","3.6298701298701297","88","2022-10-06 21:16:50","12","46","11"
"2149440","17429","3189","5","0.6","0.2","2.2","1","","0","4","0"
"2149718","72365","3189","67","0.492537","0.22388","1.671641791044776","32","2022-02-14 20:07:32","1","15","2"
"2150063","13773","3189","23","0.652173","0.086956","0.7391304347826086","9","2022-11-17 01:16:48","21","12","16"
"2152082","56862","3188","116","0.465517","0.215517","4.008620689655173","80","2022-11-26 15:02:35","82","321","39"
"2153777","14010","3187","12","0.666666","0.333333","1.9166666666666667","0","2022-11-08 10:13:47","5","47","0"
"2156621","73117","3186","233","0.527896","0.124463","0.871244635193133","28","2022-11-28 10:41:08","182","135","6"
"2157640","13823","3186","7","0.285714","0.714285","8.285714285714286","22","2022-11-04 15:59:08","9","72","17"
"2157818","17021","3186","8","0.5","0.25","1.5","1","2022-11-16 13:58:56","8","14","0"
"2158479","38857","3186","90","0.555555","0.133333","1.3333333333333333","16","2022-11-28 18:00:47","565","502","7"
"2159528","34021","3185","322","0.58385","0.130434","2.3447204968944098","155","2022-11-26 21:32:29","104","307","60"
"2162226","12261","4053","10","0.1","0.5","2","1","2022-04-27 00:19:12","3","6","0"
"2164365","21047","3184","314","0.480891","0.203821","3.178343949044586","743","2022-11-28 14:34:49","243","605","604"
"2164728","13200","3184","140","0.75","0.042857","1.3571428571428572","1","2022-11-23 08:16:17","169","257","4"
"2166798","19984","3184","60","0.266666","0.416666","6.066666666666666","129","2022-11-28 19:05:47","40","232","63"
"2166823","50124","3184","120","0.733333","0.05","1.1416666666666666","78","2022-11-28 14:43:29","147","101","43"
"2169762","16543","3183","103","0.504854","0.213592","2.8058252427184467","107","","0","0","0"
"2169845","23314","3183","14","0.285714","0.357142","3.142857142857143","8","2022-11-26 22:42:05","10","16","2"
"2170192","27879","3183","23","0.47826","0.130434","1.3478260869565217","17","2022-08-27 18:57:23","7","8","3"
"2170527","22866","3183","45","0.822222","0.022222","1.6666666666666667","28","2022-11-15 13:11:14","23","63","13"
"2172547","15812","3182","18","0.388888","0.388888","4.611111111111111","19","2022-10-27 11:21:18","7","67","17"
"2173773","40968","3182","128","0.679687","0.109375","5.140625","66","2022-11-27 22:56:50","32","206","10"
"2173917","134719","3182","103","0.359223","0.291262","1.8349514563106797","84","2022-11-03 08:00:46","24","53","24"
"2177413","19005","3181","99","0.717171","0.050505","2.0202020202020203","25","2022-11-29 02:04:22","52","85","19"
"2179571","54655","3180","126","0.555555","0.095238","0.6349206349206349","0","","0","1","0"
"2179965","19030","3180","18","0.111111","0.611111","0.7222222222222222","0","2022-09-12 23:57:55","6","13","0"
"2180785","11253","3179","26","0.423076","0.192307","4.038461538461538","97","2022-07-06 20:21:40","1","2","0"
"2181397","50312","3179","125","0.296","0.4","1.12","5","2022-11-28 03:34:44","90","81","10"
"2181514","28800","3179","201","0.477611","0.179104","14.064676616915422","386","2022-11-25 10:38:28","151","2248","352"
"2185093","63557","3178","448","0.732142","0.046875","1.234375","686","","0","25","1"
"2187042","17346","3178","5","0.6","0.4","2.2","0","2022-05-20 14:55:29","1","3","0"
"2189127","211248","3177","123","0.780487","0.03252","6.195121951219512","58","2022-11-29 18:19:16","110","650","12"
"2189130","66256","3177","286","0.660839","0.06993","2.3846153846153846","210","2022-11-23 22:40:08","245","589","886"
"2191473","15190","3177","19","0.526315","0.105263","2.3684210526315788","2","2022-09-29 20:37:34","26","77","8"
"2191572","20811","3177","88","0.215909","0.386363","5.545454545454546","19","2022-11-08 13:15:26","29","112","6"
"2191890","12327","4016","7","0.285714","0.571428","4.714285714285714","2","2022-11-11 22:37:59","3","10","1"
"2192488","32296","3177","28","0.071428","0.714285","1.0714285714285714","91","2022-09-01 18:17:13","8","5","19"
"2192494","13264","3177","10","0.1","0.8","7.4","1","2022-06-06 17:12:01","1","15","0"
"2192903","31503","3177","20","0.55","0.1","4.6","10","2022-11-28 10:30:37","30","95","3"
"2193439","14746","3176","7","0.142857","0.571428","2.2857142857142856","7","2022-02-22 13:46:49","1","3","3"
"2194470","42612","3176","17","0.647058","0.058823","1.3529411764705883","1","2022-04-26 16:54:13","7","3","1"
"2196067","12457","3176","5","1","0","0.2","0","2022-09-29 13:58:06","1","1","1"
"2202732","12307","3174","6","0.166666","0.833333","6.666666666666667","15","","0","5","7"
"2204410","83731","3173","6","0.333333","0.5","2.5","27","2022-10-30 16:05:18","7","19","34"
"2204759","18976","4821","25","0.68","0","1.88","52","2022-08-24 16:32:45","5","23","4"
"2209007","20832","3172","16","0.875","0.125","2.3125","10","2022-11-21 18:10:28","6","28","6"
"2209468","14293","3172","7","0","0.571428","2.857142857142857","2","2022-10-11 02:35:19","4","2","0"
"2211019","10043","3171","7","0","1","0","0","","0","2","0"
"2213647","19229","3171","8","0.375","0.375","0.5","1","2022-09-15 20:15:54","6","0","1"
"2214695","13369","3170","5","0","0.8","0.2","0","2022-03-06 10:49:10","1","0","0"
"2214933","15387","3170","49","0.795918","0.040816","5","23","2022-11-26 11:47:18","17","115","13"
"2215147","13661","3170","72","0.777777","0.027777","0.5138888888888888","16","2022-11-25 07:35:00","24","13","2"
"2218635","38949","3169","7","0.428571","0.428571","3","3","2022-10-31 16:30:41","6","18","0"
"2221001","50564","3169","67","0.358208","0.238805","4.343283582089552","65","2022-11-15 20:24:45","218","1177","285"
"2224265","57215","3168","247","0.753036","0.05668","1.3765182186234817","146","","0","0","0"
"2225104","12230","3168","20","0.05","0.6","7.6","1","2022-10-18 14:48:23","46","210","9"
"2225682","371788","3168","5","0.4","0.2","7.8","5","","0","15","0"
"2226315","27815","3167","19","0.578947","0.263157","1.105263157894737","6","2022-10-09 07:23:00","2","3","2"
"2227085","12383","3167","5","0.2","0.4","0.6","5","","0","0","0"
"2227420","10056","3167","128","0.75","0.03125","0.7734375","2","2022-11-29 20:11:08","118","121","10"
"2228771","24948","3166","30","0.3","0.4","2.7333333333333334","3","2022-11-11 08:04:18","10","37","1"
"2229272","10895","3166","7","0.142857","0.571428","1.7142857142857142","4","2022-09-06 20:18:56","1","0","1"
"2229945","13739","3166","100","0.8","0.01","1.22","11","2022-04-11 19:59:40","4","6","1"
"2231972","15979","3165","8","0.375","0.125","3.875","2","2022-04-21 20:49:52","3","7","1"
"2233308","42334","3165","631","0.51664","0.147385","5.415213946117274","49","2022-11-28 14:00:52","431","2204","30"
"2234742","20553","3164","10","0.4","0.3","1.5","22","","0","0","0"
"2236401","11801","3164","20","0.4","0.35","2.95","6","","0","1","0"
"2245707","11751","3162","82","0.317073","0.292682","3.707317073170732","0","2022-11-26 14:06:34","55","190","0"
"2245910","10000","3162","6","0.833333","0.166666","1.3333333333333333","2","","0","0","0"
"2248627","12442","3161","6","0.166666","0.666666","0.16666666666666666","2","2022-11-06 18:40:58","3","3","3"
"2250152","22286","3161","275","0.738181","0.04","0.49454545454545457","31","2022-11-29 07:06:47","242","201","131"
"2250190","26094","3161","35","0.771428","0.171428","14.028571428571428","143","2022-11-03 20:51:52","7","185","56"
"2252113","45645","3160","56","0","0.839285","0.07142857142857142","1","2022-06-20 14:58:19","1","0","0"
"2252830","25034","3160","12","0.75","0","154.66666666666666","2","2022-10-11 15:09:56","9","1078","4"
"2255089","90134","3159","41","0.170731","0.439024","2.975609756097561","24","2022-06-29 18:59:34","28","83","17"
"2257664","10755","3158","5","0.4","0","4.6","20","2022-11-14 23:40:45","5","39","44"
"2261073","15439","3157","9","0.111111","0.666666","1.7777777777777777","0","2022-07-28 09:49:52","2","9","0"
"2261177","13883","3157","6","0.666666","0.166666","1.1666666666666667","10","2022-05-19 04:09:41","5","7","7"
"2261274","13615","3157","44","0.65909","0.045454","2.1136363636363638","1","2022-11-25 14:55:16","39","77","1"
"2263507","10885","3157","11","0.272727","0.363636","1.8181818181818181","1","2022-08-16 16:16:46","5","8","1"
"2263631","14590","3157","8","0.5","0.25","1.125","2","2022-03-15 12:32:16","1","2","0"
"2266130","22134","3156","41","0.439024","0.268292","6","7","2022-11-16 23:31:14","38","207","10"
"2266289","12140","3156","21","0.714285","0.047619","2.1904761904761907","2","2022-11-23 09:56:46","14","22","1"
"2267723","17874","4023","9","0.111111","0.777777","1","0","2022-04-12 07:09:20","2","5","0"
"2270041","39889","3155","56","0.75","0.071428","1.3392857142857142","28","2022-11-28 15:31:45","55","47","9"
"2270475","47820","3155","27","0.222222","0.481481","3.4814814814814814","8","2022-11-25 16:12:09","48","138","14"
"2270762","97106","3155","471","0.352441","0.280254","3.0785562632696393","170","2022-11-29 21:19:45","406","1228","152"
"2274212","94605","3154","149","0.825503","0.020134","1.0536912751677852","0","2022-11-23 09:23:59","93","119","0"
"2275388","19937","3154","330","0.615151","0.093939","2.193939393939394","256","2022-09-14 13:20:07","53","120","68"
"2277815","12405","3153","15","0.666666","0.133333","1.4666666666666666","0","","0","0","0"
"2279488","20111","3152","24","0.5","0.125","2.125","2","2022-11-09 01:35:04","11","21","3"
"2281280","25577","3151","14","0.5","0.142857","1.7142857142857142","1","2022-05-11 09:04:12","1","10","0"
"2281790","30660","3151","285","0.347368","0.249122","0.34035087719298246","7","2022-10-31 16:28:21","25","8","1"
"2282011","22244","3151","145","0.427586","0.234482","3.6413793103448278","18","","0","6","0"
"2282634","29011","3151","328","0.710365","0.070121","2.966463414634146","12","2022-05-03 19:29:03","11","28","0"
"2285255","10688","3150","9","0","0.777777","1.2222222222222223","5","2022-09-02 14:26:16","6","5","1"
"2287576","19516","3150","84","0.70238","0.071428","8.19047619047619","400","2022-11-27 12:42:59","40","364","197"
"2288659","71069","3149","350","0.408571","0.222857","2.837142857142857","31","2022-11-29 23:33:28","453","950","50"
"2289509","22025","3149","6","0.666666","0","4.333333333333333","20","2022-10-30 07:40:52","1","5","6"
"2291321","57431","3149","57","0.666666","0.070175","7.245614035087719","72","","0","3","0"
"2292722","21168","3149","63","0.682539","0.063492","6.492063492063492","88","2022-11-22 20:27:26","28","230","111"
"2294755","19901","3148","13","0.153846","0.615384","1.1538461538461537","14","2022-06-24 12:37:03","1","3","0"
"2294978","11566","3148","8","0.25","0.25","0.875","3","2022-11-04 08:10:44","10","4","8"
"2296441","11647","3148","11","0.454545","0.272727","3.090909090909091","10","2022-11-21 20:30:18","23","58","15"
"2296458","118876","3148","230","0.386956","0.260869","1.9173913043478261","43","2022-11-29 13:54:46","101","154","39"
"2298137","16723","3147","20","0.35","0.25","4.9","0","2022-04-26 08:59:37","1","21","0"
"2301224","28440","3146","131","0.282442","0.389312","0.6717557251908397","0","2022-11-07 21:24:26","11","18","1"
"2302032","13260","3146","246","0.430894","0.158536","1.2073170731707317","19","2022-11-29 16:06:27","137","157","12"
"2302862","24797","3146","50","0.74","0.12","3.3","10","2022-11-29 13:59:02","32","80","1"
"2303865","237677","3145","237","0.502109","0.185654","6.523206751054852","193","2022-11-26 17:14:08","92","749","119"
"2304170","14914","3145","16","0.625","0.125","2","5","2022-04-13 07:15:02","2","2","1"
"2304474","11375","3145","23","0.521739","0.217391","1","0","2022-02-09 20:11:02","1","2","0"
"2305826","10688","3144","17","0.647058","0","7.235294117647059","0","2022-03-29 16:40:47","3","35","0"
"2308005","11986","3144","25","0.4","0.12","1.76","2","2022-09-25 15:16:12","21","65","3"
"2308683","193216","3144","1255","0.708366","0.078087","4.584860557768924","3597","2022-11-29 12:41:22","1424","4862","4015"
"2310289","44895","3143","65","0.538461","0.16923","9.876923076923077","25","2022-11-25 05:52:03","47","435","13"
"2310830","94637","3143","251","0.565737","0.155378","13.581673306772908","1425","2022-11-17 18:10:19","171","2519","1114"
"2311074","29747","3143","27","0.296296","0.592592","2.6666666666666665","2","2022-11-14 04:18:18","23","101","5"
"2311528","10027","3143","36","0.416666","0.222222","2.2222222222222223","26","2022-11-17 06:59:34","13","34","7"
"2314737","29785","3142","24","0.25","0.333333","0.625","19","2022-11-19 11:29:45","76","55","61"
"2315602","15836","3142","5","0.4","0","2.2","0","","0","6","0"
"2315974","10215","3142","11","0.454545","0.090909","3.1818181818181817","0","2022-05-19 10:08:25","1","5","0"
"2319407","187684","3141","413","0.336561","0.324455","1.2760290556900726","410","2022-11-29 12:06:16","336","409","268"
"2320035","33761","4109","35","0.714285","0.057142","6.114285714285714","11","2022-10-22 09:28:36","4","61","9"
"2321594","30880","3141","32","0.09375","0.75","3.15625","1","2022-09-16 17:57:44","15","30","1"
"2324388","18037","3140","11","0","1","2.1818181818181817","1","2022-11-17 10:46:10","10","61","2"
"2327517","45722","3139","60","0.833333","0","3.316666666666667","0","2022-10-31 17:57:41","19","82","0"
"2329464","12961","3138","47","0.74468","0.042553","1.0212765957446808","2","2022-09-24 09:13:37","12","12","0"
"2330053","39337","3138","143","0.426573","0.216783","2.132867132867133","16","2022-11-28 20:51:16","170","256","32"
"2331445","27246","3137","18","0.777777","0.166666","1.6111111111111112","0","2022-11-20 10:53:31","53","48","1"
"2333214","43195","3137","327","0.556574","0.140672","2.6422018348623855","140","2022-11-05 01:54:53","3","6","4"
"2333458","12362","3137","54","0.888888","0.018518","2.037037037037037","31","2022-09-17 11:43:05","19","71","18"
"2334254","11270","3136","5","0.2","0.2","2.2","1","2022-04-02 15:12:30","47","117","13"
"2336231","44841","3136","52","0.461538","0.230769","2.4423076923076925","7","2022-10-30 20:53:09","17","21","1"
"2336654","295876","3136","128","0.40625","0.265625","1.8359375","23","2022-04-19 13:26:50","53","111","6"
"2337736","37519","3136","21","0.571428","0.238095","3","0","2022-02-27 17:05:14","1","8","0"
"2338547","11109","3135","45","0.466666","0.2","15.177777777777777","25","2022-11-28 17:02:00","35","385","28"
"2339405","11256","3135","7","0.428571","0.142857","6","0","2022-11-19 15:24:51","2","1","0"
"2340612","10874","3135","6","0.666666","0","3","2","2022-11-04 16:06:51","9","18","1"
"2341603","42607","3134","36","0.388888","0.222222","2.75","36","2022-07-25 23:35:54","32","78","15"
"2341847","41735","3134","10","0","0.5","3.2","1","2022-11-20 18:58:30","4","5","1"
"2345933","16087","3133","5","0","0.4","0.8","0","2022-11-07 22:45:02","2","7","0"
"2347999","42301","3133","439","0.594533","0.095671","1.0113895216400912","180","2022-09-15 20:00:06","41","52","60"
"2351696","21966","3131","15","0.066666","0.8","2.466666666666667","4","2022-10-14 09:55:12","4","11","1"
"2352082","15944","3131","6","0.833333","0","1.3333333333333333","2","2022-08-13 16:03:41","6","12","0"
"2352344","17966","3131","11","0.545454","0","0.5454545454545454","6","2022-11-13 10:36:43","7","9","6"
"2357112","286955","3129","199","0.603015","0.105527","8.979899497487438","63","2022-11-25 10:03:51","120","756","46"
"2358409","26450","3129","191","0.727748","0.068062","0.612565445026178","90","2022-10-22 08:44:08","155","83","22"
"2365675","10217","3127","5","0.4","0.4","4.6","3","","0","0","0"
"2366941","14541","3127","178","0.921348","0.011235","0.7584269662921348","29","2022-11-25 14:27:05","162","112","62"
"2372064","209847","3125","373","0.630026","0.107238","5.7399463806970505","402","2022-11-29 17:59:50","150","1445","238"
"2373249","22076","3125","47","0.574468","0.255319","2.106382978723404","51","2022-11-25 12:23:27","36","43","50"
"2373819","10550","3125","130","0.784615","0.030769","1.3461538461538463","4","2022-11-29 21:32:26","123","201","7"
"2377343","57291","3472","22","0","0.818181","3.727272727272727","46","2022-11-18 16:15:54","12","33","14"
"2378643","10980","3123","138","0.65942","0.123188","2.036231884057971","7","2022-10-31 14:57:40","39","503","3"
"2378649","11534","3123","32","0.375","0.34375","3.21875","3","","0","1","0"
"2379433","35547","3123","25","0.88","0.08","2.64","0","2022-11-13 12:41:28","17","48","1"
"2380830","235664","3122","133","0.390977","0.293233","3.924812030075188","38","2022-11-04 17:57:20","49","195","19"
"2382136","21150","3122","5","0.6","0","1","0","2022-10-28 07:00:48","8","6","0"
"2382650","23516","3122","61","0.819672","0.032786","0.4918032786885246","6","2022-11-06 21:35:58","26","17","8"
"2382734","27562","3122","43","0.674418","0.093023","1.186046511627907","4","2022-11-27 15:57:03","18","17","2"
"2385133","19744","3121","24","0.666666","0.083333","15.291666666666666","22","2022-09-15 12:47:32","14","383","27"
"2385479","12540","3121","47","0.787234","0.021276","2.404255319148936","167","2022-11-07 23:41:48","22","60","62"
"2385808","12136","3121","62","0.629032","0.112903","0.6451612903225806","15","2022-07-05 07:15:25","18","11","0"
"2386774","26577","3121","108","0.472222","0.212962","4.5","129","2022-10-19 00:39:03","32","111","22"
"2390182","73753","3120","629","0.308426","0.370429","1.4594594594594594","113","2022-09-27 12:50:58","6","6","0"
"2391795","18318","3120","18","0.166666","0.666666","3.611111111111111","8","2022-10-30 20:49:23","5","34","6"
"2393191","20240","3119","13","0.923076","0","45.30769230769231","1","2022-10-14 12:01:35","3","595","0"
"2395796","49792","3118","55","0.854545","0","1.9454545454545455","19","2022-11-17 11:49:16","14","49","1"
"2396674","11178","3118","16","0.25","0.5625","0.8125","9","2022-06-01 11:45:27","4","4","0"
"2397550","12740","3118","27","0.703703","0.222222","1.3703703703703705","2","2022-11-28 22:51:51","33","21","2"
"2398593","23988","3117","29","0.344827","0.482758","2.4827586206896552","4","2022-11-29 16:31:18","5","35","4"
"2399879","26185","3117","8","0.875","0","4.625","1","","0","1","0"
"2400834","11290","3116","6","0","0","0.5","0","2022-09-20 08:20:38","10","2","0"
"2401769","26517","3116","7","0.428571","0.285714","1.2857142857142858","0","","0","2","0"
"2402272","193156","3116","540","0.433333","0.255555","3.487037037037037","99","2022-11-29 23:29:47","509","2013","101"
"2405040","25920","3115","9","0.444444","0.333333","2.6666666666666665","26","2022-11-14 06:17:41","4","9","1"
"2407038","14682","3115","7","0.285714","0.142857","13.857142857142858","2","2022-08-02 14:01:36","2","18","1"
"2408867","91374","3114","11","0.545454","0.272727","3.909090909090909","8","2022-10-26 10:12:35","4","18","1"
"2409793","20034","3114","6","0.333333","0.333333","14.666666666666666","0","2022-09-20 15:10:34","3","56","0"
"2410359","159441","3114","642","0.342679","0.311526","4.88006230529595","212","2022-11-29 22:48:56","487","2477","125"
"2410655","21676","3114","24","0.333333","0.25","1.8333333333333333","25","2022-11-17 03:03:10","3","20","0"
"2411243","26360","3114","62","0.403225","0.258064","7.209677419354839","254","2022-10-07 10:56:34","12","167","61"
"2411802","110748","3113","8","0.125","0.375","2.625","2","2022-02-25 02:23:14","1","10","2"
"2413201","19625","3113","395","0.686075","0.078481","2.6734177215189874","16","2022-11-25 14:21:08","18","70","4"
"2413303","81806","3113","67","0.447761","0.238805","3.955223880597015","82","2022-11-04 00:36:07","10","75","6"
"2414957","39025","3113","30","0.566666","0.133333","3.5","6","2022-06-27 00:45:09","8","42","9"
"2415293","16161","3113","9","0.555555","0.333333","2.6666666666666665","0","2022-07-15 19:25:06","1","13","0"
"2415684","32686","3113","8","0.625","0","3.375","2","","0","6","0"
"2415802","13090","3112","36","0.416666","0.305555","1.5277777777777777","11","2022-07-16 03:36:38","6","21","2"
"2416958","17726","3112","22","0.545454","0.181818","4.954545454545454","43","2022-09-25 18:57:07","49","168","114"
"2417031","18822","3112","7","0.285714","0.428571","0.2857142857142857","0","2022-09-13 20:06:40","2","0","0"
"2418295","10120","3112","7","0.285714","0.571428","1.1428571428571428","22","2022-10-27 17:49:04","2","2","0"
"2419584","12106","3111","33","0.121212","0.787878","0.5454545454545454","3","2022-11-11 06:09:44","8","6","1"
"2420979","35327","3111","8","0.5","0.25","0.375","0","","0","2","1"
"2422776","316629","3110","794","0.425692","0.241813","0.6234256926952141","963","2022-11-09 10:57:16","114","78","134"
"2423164","36240","3110","7","0.428571","0.285714","1.7142857142857142","11","","0","11","0"
"2423906","14021","3109","22","0.454545","0.045454","11.090909090909092","6","2022-11-08 21:52:28","28","202","9"
"2425163","23328","3109","54","0.759259","0.074074","0.8703703703703703","16","2022-11-29 06:51:08","80","91","27"
"2425366","12689","3109","33","0.212121","0.393939","0.3333333333333333","4","2022-06-09 08:35:18","1","0","0"
"2425787","14705","3109","87","0.862068","0.034482","1.6436781609195403","0","2022-11-10 21:30:17","45","92","0"
"2425851","13087","3109","13","0.153846","0.692307","1","0","2022-08-24 12:37:18","7","4","0"
"2427065","12530","3108","19","0.68421","0.157894","6.052631578947368","32","","0","0","2"
"2428802","11121","3108","27","0.777777","0.037037","0.7407407407407407","2","2022-10-13 15:45:33","9","15","2"
"2430241","34701","3108","16","0.75","0.0625","1.875","3","2022-11-03 18:36:48","30","17","4"
"2430549","21408","3107","86","0.174418","0.66279","1.5813953488372092","130","2022-11-25 00:45:29","17","19","5"
"2432053","11069","3107","11","0.181818","0.272727","1.6363636363636365","0","2022-09-30 10:58:14","4","1","0"
"2436655","12076","3106","40","0.6","0.075","1.975","68","2022-11-26 15:35:43","24","39","25"
"2437508","31870","3106","128","0.546875","0.140625","4.15625","15","2022-11-29 16:00:14","121","532","27"
"2437514","45749","3106","9","0.111111","0.555555","4","2","2022-02-25 21:33:53","1","4","0"
"2438423","10647","3106","107","0.289719","0.35514","4.803738317757009","0","","0","0","0"
"2441442","17144","3105","8","0.625","0.375","3.75","9","2022-11-08 22:36:25","7","39","5"
"2441637","25408","3105","33","0.696969","0.212121","3.5454545454545454","15","2022-11-27 10:21:25","10","37","1"
"2441655","18507","3105","31","0.096774","0.741935","3.064516129032258","10","2022-07-10 00:09:56","5","46","2"
"2442099","106979","3105","312","0.378205","0.330128","3.016025641025641","106","2022-11-29 19:55:36","86","270","42"
"2442613","11405","3113","38","0.552631","0.105263","2.5","0","2022-11-28 14:46:16","57","188","0"
"2442804","57575","3104","107","0.663551","0.140186","16.299065420560748","227","2022-11-29 18:00:52","50","1263","142"
"2445864","16826","3103","9","0.333333","0.222222","3.5555555555555554","2","2022-11-06 22:17:06","9","18","2"
"2451726","13251","3101","5","0","0","2.6","39","2022-07-14 15:37:01","7","11","28"
"2453432","13686","3101","41","0.512195","0.09756","40.73170731707317","175","2022-11-03 11:43:06","33","1267","156"
"2454790","31041","3100","19","0.631578","0.210526","1.736842105263158","2","2022-05-28 10:00:09","10","9","3"
"2455888","106700","3100","9","0.333333","0.555555","4","8","2022-11-07 14:37:19","5","16","3"
"2458310","13026","3099","13","0.538461","0.153846","0.9230769230769231","6","2022-10-28 21:12:41","9","8","7"
"2458991","34328","3099","89","0.494382","0.123595","5.202247191011236","63","","0","0","0"
"2459096","14150","3099","5","0.4","0.4","0.8","0","2022-05-20 15:13:40","1","1","0"
"2461552","36290","3099","19","0.473684","0.157894","7.473684210526316","13","","0","0","0"
"2462531","21727","3098","34","0.323529","0.352941","3.4411764705882355","6","2022-11-08 22:11:51","22","69","3"
"2463570","12400","3098","7","0.571428","0.285714","5.428571428571429","1","2022-05-06 15:20:12","2","14","0"
"2463948","12147","3098","54","0.425925","0.296296","3.7222222222222223","2","2022-10-30 07:20:23","8","73","0"
"2465073","27836","3098","40","0.775","0.025","2.275","1","2022-11-17 20:24:26","39","81","1"
"2466431","11536","3097","15","0.266666","0.466666","4.2","9","","0","1","0"
"2469283","29548","3096","78","0.782051","0.038461","2.641025641025641","1","2022-07-09 16:27:32","10","13","0"
"2470524","13112","3095","6","0.166666","0.333333","3","7","2022-11-14 15:59:15","10","20","7"
"2470818","26593","3095","134","0.582089","0.089552","1.7835820895522387","390","","0","2","1"
"2473505","10996","3094","9","0.111111","0.777777","0.1111111111111111","0","2022-05-31 17:14:52","1","2","0"
"2474656","96842","3094","159","0.440251","0.226415","0.7358490566037735","23","","0","0","0"
"2477619","15919","3093","14","0.142857","0.642857","1.2857142857142858","2","2022-06-26 16:19:48","2","4","0"
"2482744","36271","3092","30","0.566666","0.166666","2.1333333333333333","3","2022-11-26 13:51:21","2","8","0"
"2483313","107963","3092","210","0.533333","0.17619","1.7857142857142858","23","2022-11-28 15:30:53","228","387","18"
"2485966","11163","3091","14","0.714285","0.214285","6","2","2022-11-27 22:10:16","22","161","2"
"2490074","13228","3089","19","0.052631","0.789473","1.105263157894737","0","2022-09-24 12:25:28","6","9","0"
"2490497","16826","3229","18","0.555555","0.222222","4.444444444444445","6","2022-10-09 17:18:45","1","113","3"
"2491900","21787","3088","42","0.380952","0.261904","2.1666666666666665","23","2022-06-10 12:13:46","14","77","9"
"2494754","13721","3088","54","0.092592","0.629629","2.4444444444444446","7","2022-10-29 19:59:12","31","27","4"
"2497335","21252","3087","72","0.5","0.263888","0.625","12","2022-11-29 17:59:52","28","18","6"
"2497492","22889","3087","5","0.4","0.2","0.2","0","2022-07-19 10:37:22","1","0","0"
"2497859","10803","3087","400","0.7825","0.0975","0.13","31","2022-11-03 04:51:44","341","32","24"
"2499892","13890","3086","85","0.564705","0.129411","0.4470588235294118","1","2022-11-22 15:54:20","45","32","8"
"2501279","153002","3086","416","0.540865","0.161057","2.5985576923076925","271","2022-11-29 14:16:47","719","1376","732"
"2502731","15287","3086","13","0.538461","0.230769","1.4615384615384615","3","2022-06-10 14:10:48","3","16","0"
"2504224","65022","3085","99","0.636363","0.10101","1.9595959595959596","0","2022-11-26 14:19:23","59","271","2"
"2504762","13155","3085","6","0.833333","0","8.5","3","2022-10-07 17:07:04","8","31","0"
"2505071","15847","3085","105","0.571428","0.095238","4.447619047619048","8","","0","9","0"
"2505965","27168","3085","75","0.573333","0.133333","1.8666666666666667","76","2022-11-29 20:30:25","159","325","93"
"2516474","37038","3081","31","0.580645","0.129032","1.1290322580645162","1","2022-10-14 14:48:20","7","6","1"
"2518285","15543","3080","22","0.454545","0.181818","0.7727272727272727","3","2022-11-28 23:51:37","51","82","14"
"2518317","13295","3080","9","0.111111","0.888888","3.111111111111111","1","2022-09-30 07:04:34","5","16","0"
"2519416","16213","3080","21","0.238095","0.428571","2.6666666666666665","24","2022-09-22 12:59:38","9","38","23"
"2520800","22389","3080","247","0.445344","0.161943","2.700404858299595","25","2022-11-28 14:32:39","161","453","24"
"2521214","52394","3080","132","0.545454","0.113636","5.848484848484849","76","2022-11-27 07:56:15","111","606","76"
"2521865","18733","3080","7","0.571428","0.142857","0.5714285714285714","1","2022-10-01 16:28:01","1","2","1"
"2525948","13741","3079","14","0.571428","0.142857","2.0714285714285716","0","2022-10-13 14:00:33","17","46","0"
"2527795","10362","3078","35","0.371428","0.228571","1.4857142857142858","24","2022-11-24 13:38:25","48","117","53"
"2527905","60508","3078","105","0.514285","0.161904","2.9904761904761905","14","2022-09-21 06:51:31","45","159","7"
"2528063","37472","3078","39","0.358974","0.230769","11.743589743589743","6","2022-11-28 15:23:21","35","441","4"
"2528083","11136","3078","35","0.485714","0.142857","0.6571428571428571","4","","0","0","1"
"2529954","16758","3078","59","0.864406","0","3.23728813559322","19","2022-11-26 18:17:10","55","134","12"
"2532946","12167","3077","21","0.47619","0.285714","2.238095238095238","0","2022-07-01 00:58:03","1","1","0"
"2535611","59472","3075","5","0.2","0.2","4.6","3","2022-11-12 15:07:24","108","150","37"
"2535875","10248","3075","5","0","1","1.6","2","2022-10-19 15:09:19","8","13","1"
"2538939","93474","3074","122","0.57377","0.172131","0.9262295081967213","7","2022-11-29 23:45:34","257","165","21"
"2541560","73880","3073","29","0.586206","0.241379","9.310344827586206","4","2022-08-05 16:17:26","21","326","8"
"2541573","67689","3073","52","0.596153","0.211538","5.423076923076923","211","2022-11-07 07:53:35","37","425","153"
"2543416","10446","3073","14","0.214285","0.428571","1.7142857142857142","9","2022-11-29 20:37:44","39","28","7"
"2544762","18359","3072","5","0","1","1.6","4","2022-06-30 09:54:48","2","7","0"
"2549021","20009","3071","29","0.517241","0.172413","3.0344827586206895","8","","0","0","0"
"2554472","10461","3070","16","0.75","0.0625","6.75","7","2022-11-27 08:04:29","2","37","1"
"2554537","37489","3070","46","0.434782","0.130434","2.8260869565217392","26","2022-06-02 18:35:59","17","86","26"
"2557128","27060","4330","116","0.413793","0.163793","6.344827586206897","44","2022-11-28 21:38:36","69","531","21"
"2557145","12279","3069","8","0.25","0.375","1.125","7","","0","4","2"
"2562564","16201","3067","14","0.214285","0.214285","2.5714285714285716","1","2022-09-14 08:30:49","5","27","0"
"2564847","19368","3066","28","0.142857","0.571428","2.75","2","2022-10-31 13:02:56","7","13","1"
"2566198","53672","3066","7","0.428571","0.285714","1.1428571428571428","1","","0","1","0"
"2567683","31937","3065","12","0.25","0.5","1.5","1","2022-11-19 22:37:53","14","42","0"
"2569793","12119","3065","13","0.692307","0.153846","1.4615384615384615","0","2022-08-30 05:51:21","9","23","0"
"2570261","28691","3065","46","0.521739","0.217391","1.3695652173913044","12","2022-11-29 22:12:23","24","21","1"
"2571021","11568","3064","50","0.9","0.02","3.38","173","2022-11-19 20:24:39","42","162","152"
"2571705","10712","3064","6","0.5","0","2.3333333333333335","0","2022-08-07 16:31:40","2","5","1"
"2571881","12051","4582","24","0.125","0.5","0.5833333333333334","2","2022-10-25 09:53:09","22","13","0"
"2572431","13446","3064","17","0.588235","0.058823","2.4705882352941178","7","","0","0","0"
"2573375","19119","3064","12","0.416666","0.333333","0.75","11","","0","1","2"
"2576254","17724","3063","49","0.530612","0.081632","1.3265306122448979","4","2022-02-10 07:53:40","2","1","0"
"2577734","15399","3063","10","0.4","0.3","4.4","37","2022-07-29 09:26:18","5","17","14"
"2579738","22428","3062","18","0.833333","0","11.444444444444445","115","2022-09-30 12:18:10","24","143","43"
"2586761","15775","3744","10","0.2","0.7","1.2","2","2022-09-20 09:04:41","2","11","2"
"2586922","113497","3059","67","0.582089","0.074626","3.656716417910448","61","2022-11-14 16:44:06","33","95","35"
"2587166","18546","3059","5","0.4","0.2","1.4","1","2022-10-31 06:13:23","9","38","5"
"2587435","209798","3059","39","0.794871","0.025641","11.461538461538462","77","2022-09-24 23:05:57","5","198","26"
"2587904","17924","3409","12","0.416666","0.166666","2.8333333333333335","0","2022-08-19 18:35:41","5","17","0"
"2588800","15823","3059","82","0.719512","0.036585","2.207317073170732","133","2022-10-05 19:24:37","8","16","10"
"2592875","11861","3058","14","0.714285","0","2.7142857142857144","1","2022-04-18 00:20:54","2","12","0"
"2602718","15530","3055","43","0.395348","0.325581","4.441860465116279","14","2022-08-18 15:42:38","2","10","2"
"2602877","16576","3055","195","0.630769","0.117948","8.184615384615384","260","2022-11-25 10:18:44","196","3361","3262"
"2605604","10218","3053","9","0.444444","0.111111","1.8888888888888888","2","","0","1","0"
"2608515","28778","3053","114","0.850877","0.026315","2.008771929824561","31","2022-11-22 18:19:42","97","214","35"
"2609980","10554","3052","9","0.666666","0.222222","1.4444444444444444","0","2022-11-22 16:18:24","19","31","0"
"2610022","17231","3052","35","0.314285","0.285714","2.5428571428571427","19","2022-11-29 11:52:50","12","46","3"
"2610061","28431","3052","342","0.233918","0.362573","0.6783625730994152","28","2022-11-29 21:35:48","413","277","64"
"2610810","66791","3052","346","0.413294","0.199421","2.531791907514451","7","2022-11-25 17:23:45","230","690","3"
"2611161","17925","3052","7","0.142857","0.714285","0.5714285714285714","0","2022-07-13 06:12:51","2","0","0"
"2614364","46123","3051","100","0.74","0.07","1.01","19","2022-11-15 18:33:40","5","0","1"
"2617068","49451","3050","14","0.142857","0.5","11.571428571428571","2","2022-06-11 05:53:54","1","9","0"
"2621917","20307","4036","14","0.142857","0.428571","3.5","43","2022-10-05 07:26:07","4","20","14"
"2622292","39622","3049","22","0.454545","0.045454","2.1818181818181817","27","2022-04-23 08:21:02","3","9","1"
"2625248","13721","3048","7","0.285714","0.285714","0.42857142857142855","0","","0","6","0"
"2625442","35420","3048","79","0.518987","0.151898","1.2658227848101267","19","2022-10-12 17:16:10","43","34","18"
"2625560","13950","3048","244","0.766393","0.045081","1.0491803278688525","56","","0","8","0"
"2627243","13535","3047","264","0.193181","0.462121","2.9242424242424243","422","2022-11-29 11:24:23","233","720","453"
"2628868","41269","3046","78","0.794871","0.064102","4.1923076923076925","4","2022-11-23 15:08:04","52","234","10"
"2630032","35214","3046","19","0.526315","0.315789","1.1578947368421053","1","2022-03-08 07:53:49","1","2","0"
"2630078","94731","3046","23","0.73913","0.130434","2.9565217391304346","78","2022-08-17 15:44:49","5","12","11"
"2631715","34767","3046","13","0.615384","0.384615","2.3846153846153846","351","","0","1","2"
"2641576","15089","3043","6","0.333333","0","0.16666666666666666","4","","0","1","0"
"2641825","11599","3043","15","0.333333","0.666666","3.2","0","2022-11-10 10:48:30","17","41","0"
"2648077","46192","3041","10","0.1","0.8","0.7","0","2022-11-20 06:30:02","8","4","2"
"2648811","24886","3041","181","0.458563","0.298342","1.9447513812154695","15","2022-11-01 18:54:13","25","83","4"
"2648942","14751","3041","9","0.555555","0.111111","0.6666666666666666","0","","0","0","0"
"2650249","68049","3040","50","0.64","0.2","6.32","31","2022-11-11 07:50:41","20","96","15"
"2650437","24932","3040","16","0.3125","0.1875","2.75","4","2022-09-11 10:14:27","15","18","0"
"2651006","15383","3040","13","0.538461","0.076923","2.5384615384615383","1","2022-10-19 17:44:15","9","35","0"
"2654518","11278","3039","6","0","0.5","1.1666666666666667","2","2022-10-27 21:28:28","4","1","5"
"2655678","14791","3038","5","0.8","0","2.6","0","","0","4","0"
"2658050","67076","3038","38","0.657894","0.131578","0.5526315789473685","3","2022-11-18 20:05:12","98","80","0"
"2659307","13967","3037","21","0.761904","0.142857","1.4285714285714286","0","2022-10-28 17:26:49","37","55","3"
"2662355","20215","3037","54","0.703703","0.055555","0.48148148148148145","11","2022-11-29 10:08:53","17","10","5"
"2663863","30815","3036","54","0.648148","0.018518","5.7592592592592595","28","2022-10-14 20:15:05","1","11","3"
"2664350","11917","3036","7","0.571428","0.142857","5","75","2022-09-29 11:08:49","5","21","5"
"2666110","11212","3036","14","0.5","0.357142","1.4285714285714286","0","","0","0","0"
"2666289","38077","3036","20","0.5","0.2","4.95","18","2022-10-11 09:43:01","7","51","6"
"2670892","111611","3034","86","0.895348","0.011627","8.94186046511628","198","2022-11-29 10:41:28","46","510","123"
"2673029","15308","3033","12","0.583333","0.166666","3.3333333333333335","16","2022-08-05 22:12:52","3","3","6"
"2674506","21398","3032","6","0.5","0.166666","15.833333333333334","0","2022-09-02 08:48:57","3","38","0"
"2680640","11514","3030","23","0","0.73913","0.21739130434782608","0","2022-11-20 05:07:28","8","2","0"
"2681632","53489","3030","10","0.9","0","15.1","15","2022-02-10 20:24:15","1","26","7"
"2682142","53606","3030","12","0","1","0.16666666666666666","5","2022-08-03 04:49:06","72","149","4"
"2683814","76214","3030","26","0.346153","0.384615","1.7307692307692308","2","","0","0","0"
"2684539","230214","3029","693","0.463203","0.217893","5.3001443001443","528","2022-11-25 14:31:53","248","1070","146"
"2686899","46084","3029","26","0.76923","0.115384","1.4230769230769231","0","2022-11-16 18:37:10","23","28","0"
"2692688","15993","3027","52","0.423076","0.25","1.5769230769230769","7","2022-09-25 17:29:31","100","143","16"
"2694184","23138","3026","87","0.75862","0.022988","1.6896551724137931","1","2022-11-15 15:58:37","125","245","6"
"2696165","52178","3025","108","0.611111","0.092592","1.1111111111111112","10","2022-11-28 13:25:00","33","61","3"
"2696260","127226","3025","108","0.703703","0.101851","25.944444444444443","260","2022-11-29 13:59:56","124","2746","134"
"2698119","14865","3025","26","0.461538","0.26923","1.4230769230769231","6","2022-08-14 15:40:42","9","9","4"
"2698552","29854","3024","6","0.333333","0.333333","1.1666666666666667","6","2022-11-19 10:16:12","12","4","3"
"2700303","15403","3422","14","0.285714","0.428571","1","2","2022-06-20 17:06:04","8","12","1"
"2700344","38503","3024","467","0.704496","0.062098","1.2077087794432548","708","2022-03-14 18:13:36","30","53","54"
"2700356","30827","3024","7","0.428571","0.142857","0.5714285714285714","0","2022-10-05 13:56:22","3","1","0"
"2700898","20854","3024","8","0.375","0.25","2.5","1","2022-08-18 14:13:56","6","23","2"
"2701130","14761","4199","8","0.5","0.375","0.5","0","2022-09-27 08:49:23","7","2","0"
"2702894","25367","3023","171","0.660818","0.099415","3.409356725146199","45","2022-10-03 13:35:22","19","41","5"
"2704032","16928","3190","15","0.2","0.6","2.7333333333333334","11","2022-10-28 03:07:28","17","66","8"
"2705055","18706","3023","38","0.605263","0.105263","2.6315789473684212","20","2022-11-29 08:41:13","50","96","14"
"2705542","71510","3022","45","0.577777","0.222222","1.3777777777777778","0","2022-10-06 01:18:25","53","89","3"
"2706569","15097","3022","5","0.8","0","4.8","12","","0","4","2"
"2706707","10776","3022","42","0.5","0.238095","2.4523809523809526","3","2022-10-30 19:33:14","96","374","3"
"2707792","45198","3022","32","0.46875","0.1875","3.25","22","2022-11-28 17:56:51","45","140","32"
"2707864","15938","3022","12","0.25","0.583333","4.75","1","2022-11-15 12:57:10","8","47","0"
"2708966","10213","3022","18","0.388888","0.222222","5.833333333333333","4","2022-09-06 13:30:37","1","14","0"
"2709090","50138","3022","61","0.770491","0.032786","1.098360655737705","2","2022-11-04 17:07:33","58","72","2"
"2711488","301708","3021","184","0.586956","0.10326","11.423913043478262","101","2022-11-24 10:42:14","146","1820","72"
"2715054","13340","3019","5","0.8","0.2","0.4","0","2022-05-04 07:42:14","2","1","0"
"2715393","16934","3019","22","0.681818","0.045454","3.1818181818181817","11","2022-10-11 12:23:17","9","19","0"
"2715716","11039","3019","7","0.142857","0.428571","2.7142857142857144","0","2022-10-27 18:29:15","4","40","5"
"2722968","17464","3017","56","0.517857","0.196428","1.5892857142857142","34","2022-10-23 20:50:26","21","45","15"
"2725773","11619","3016","166","0.42771","0.246987","3.5060240963855422","74","2022-11-21 07:55:11","136","443","35"
"2728148","11143","3015","8","0.625","0.25","5.625","0","2022-11-14 04:59:11","4","11","0"
"2730527","25262","3015","12","0.583333","0.333333","23.416666666666668","24","2022-10-27 03:44:28","4","127","16"
"2733506","25892","3014","5","0.6","0.2","15","3","2022-11-28 20:45:44","2","23","0"
"2733851","30737","3014","26","0.538461","0.115384","3.1923076923076925","11","2022-08-03 15:44:47","7","16","3"
"2734189","41950","3014","25","0.4","0.2","2.64","17","2022-06-29 16:25:23","24","83","18"
"2735286","14889","3013","16","0.0625","0.8125","0.125","0","2022-10-31 16:20:04","19","3","0"
"2736559","26450","3734","14","0.571428","0","3.142857142857143","19","2022-11-23 18:15:46","1","7","7"
"2741273","30246","3011","57","0.315789","0.350877","0.543859649122807","1","2022-11-08 17:19:07","27","20","0"
"2742717","15635","3010","134","0.365671","0.291044","4.365671641791045","6","2022-11-03 08:19:10","38","262","1"
"2745495","30678","3009","121","0.471074","0.214876","7.479338842975206","1130","2022-11-23 03:08:20","47","567","1614"
"2746110","12671","3009","58","0.137931","0.706896","2.1379310344827585","1","2022-09-15 11:54:02","5","27","0"
"2749397","25488","3008","83","0.457831","0.156626","2.216867469879518","49","2022-11-27 16:00:49","51","93","30"
"2749717","11980","3008","16","0.3125","0.25","3.8125","5","2022-03-31 16:48:51","3","4","0"
"2749865","12854","3008","33","0.454545","0.151515","6.606060606060606","2","2022-11-24 09:01:55","57","234","3"
"2750743","14099","3008","20","0.05","0.8","4.2","37","2022-11-22 10:09:03","7","15","25"
"2750966","14913","3008","11","0.545454","0.454545","1.5454545454545454","1","2022-07-23 08:40:58","11","13","3"
"2751851","34538","3008","30","0.5","0.133333","2.966666666666667","192","2022-03-13 14:08:05","4","16","23"
"2752075","104953","3008","305","0.390163","0.252459","6.409836065573771","167","2022-11-29 20:00:25","266","1946","144"
"2753501","24821","3007","162","0.481481","0.253086","0.9135802469135802","2216","2022-11-21 21:29:51","555","379","2266"
"2753526","29485","3007","29","0.689655","0.068965","1.793103448275862","1","2022-11-25 07:34:09","34","41","1"
"2755607","43513","3007","154","0.655844","0.012987","0.6038961038961039","16","2022-11-22 19:18:32","142","78","18"
"2756409","21327","3006","32","0.4375","0.28125","20.90625","6395","2022-11-29 14:21:03","47","680","9695"
"2756547","122726","3006","405","0.874074","0.014814","1.6098765432098765","42","2022-11-29 19:41:24","327","673","28"
"2756719","139127","3006","55","0.654545","0.10909","1.5818181818181818","14","2022-09-15 11:57:13","1","6","0"
"2757916","16084","3006","6","0.166666","0.666666","1","3","2022-05-03 14:33:21","1","4","1"
"2760986","19094","3004","172","0.69186","0.087209","2.366279069767442","8","2022-11-06 18:17:29","86","153","8"
"2761575","31605","3004","59","0.38983","0.271186","1.6779661016949152","21","2022-11-04 11:41:42","25","50","14"
"2761641","16357","3004","26","0.038461","0.884615","0.8076923076923077","0","2022-11-25 03:32:35","34","37","0"
"2764255","40559","3003","43","0.744186","0.069767","3.7674418604651163","18","2022-11-24 17:50:16","18","125","6"
"2766176","133836","4824","128","0.304687","0.3125","1.84375","486","2022-11-21 17:03:31","78","128","417"
"2766908","15439","3002","189","0.539682","0.126984","0.7671957671957672","857","","0","0","0"
"2771889","25812","3001","52","0.096153","0.538461","0.7307692307692307","3","2022-10-14 12:52:39","54","13","2"
"2772319","17664","3001","10","0.3","0.5","2.5","0","2022-07-16 20:16:20","1","1","0"
"2776376","31849","3000","17","0.705882","0.117647","2.176470588235294","6","2022-03-14 19:25:52","1","9","1"
"2777074","40758","3000","359","0.835654","0.03064","2.713091922005571","188","2022-11-26 16:35:57","359","853","471"
"2780791","23276","2998","9","0","0.888888","3.888888888888889","6","2022-11-16 18:22:18","9","14","10"
"2781454","13525","2998","31","0.741935","0","1.032258064516129","2","2022-11-28 13:29:33","28","42","1"
"2782583","12029","2997","5","0","1","0.6","0","2022-08-02 19:56:18","2","3","1"
"2783370","82804","2997","15","0.666666","0","5","12","2022-10-20 16:23:49","1","9","2"
"2790047","22614","2995","41","0.585365","0.121951","2.7560975609756095","19","2022-11-20 21:35:15","29","69","9"
"2790621","15538","2995","14","0.642857","0.071428","2.7142857142857144","0","2022-10-11 06:40:33","5","22","0"
"2791540","52538","2995","161","0.354037","0.236024","2.782608695652174","10","2022-11-17 17:56:49","51","204","2"
"2796058","23703","2994","10","0.7","0.1","1","3","2022-11-08 13:39:39","14","12","17"
"2799037","23753","2993","11","0.545454","0.181818","3.272727272727273","13","2022-11-16 08:58:53","2","23","11"
"2799941","21364","2993","74","0.283783","0.243243","1.7972972972972974","2","2022-11-27 12:05:29","5","6","0"
"2800876","42088","2993","15","0.533333","0.266666","0.9333333333333333","5","2022-10-28 20:20:00","11","20","5"
"2802040","116258","2992","167","0.473053","0.197604","6.640718562874252","372","2022-11-23 19:40:05","40","532","184"
"2805033","22164","2991","12","0.666666","0","0.3333333333333333","0","2022-10-04 01:39:11","1","1","0"
"2805305","77282","2991","124","0.41129","0.258064","4.145161290322581","78","2022-11-20 05:31:20","64","226","33"
"2810305","40320","2989","14","0.357142","0.571428","2.7857142857142856","19","2022-09-16 17:59:29","7","34","32"
"2812842","24448","2989","5","0.2","0.4","1.2","6","2022-11-04 16:17:15","3","4","6"
"2813224","45320","2988","63","0.222222","0.523809","2.015873015873016","4","2022-11-21 16:49:23","503","1069","87"
"2815219","32091","2988","6","0.333333","0.333333","3","5","2022-02-24 05:16:24","1","0","0"
"2815635","34947","2988","7","0.571428","0.142857","2.5714285714285716","0","","0","1","0"
"2820422","10407","2987","34","0.411764","0.323529","1.5294117647058822","2","2022-11-18 16:24:13","24","31","0"
"2822041","13756","2986","309","0.514563","0.197411","2.168284789644013","28","2022-11-16 01:04:52","129","338","17"
"2823719","46596","2986","520","0.575","0.178846","2.0923076923076924","55","2022-11-29 15:10:58","247","484","26"
"2823755","23891","2986","125","0.456","0.248","6.648","62","2022-11-28 20:02:27","72","632","37"
"2829540","14743","2983","10","0.2","0.4","2.8","4","2022-07-13 12:29:15","4","9","0"
"2830850","147328","2983","63","0.698412","0.047619","4.396825396825397","21","2022-03-28 04:38:56","3","19","1"
"2832282","14197","2983","10","0.1","0.8","2.8","0","2022-09-16 15:18:22","6","16","0"
"2833516","10191","2982","6","0.166666","0.833333","0","0","2022-04-08 12:55:59","2","0","2"
"2834978","14708","2982","106","0.396226","0.245283","4.084905660377358","27","2022-11-18 22:14:56","110","410","23"
"2835261","35329","2982","58","0.293103","0.37931","2.1551724137931036","20","2022-11-29 23:29:24","107","261","30"
"2836621","210788","2982","459","0.6122","0.076252","4.557734204793029","145","2022-11-29 21:29:54","400","1785","108"
"2837741","15119","2981","34","0.294117","0.352941","6.4411764705882355","14","2022-09-17 10:54:55","24","99","14"
"2839786","20781","2981","5","0","1","0.4","0","2022-05-03 22:33:02","1","1","0"
"2843065","15710","2980","19","0.631578","0.157894","0.8947368421052632","0","2022-10-22 22:06:01","13","19","0"
"2844319","79208","2980","198","0.434343","0.20707","3.0505050505050506","82","2022-10-20 20:18:14","20","48","3"
"2848676","13453","2978","6","0.333333","0.333333","4.833333333333333","2","2022-07-01 20:05:40","3","12","1"
"2851937","35734","2977","151","0.721854","0.059602","9.80794701986755","54","2022-11-27 15:38:51","76","744","43"
"2852624","10556","2977","10","0.6","0.2","0.4","0","","0","0","0"
"2854908","23089","2976","5","0.6","0.4","1.6","1","2022-11-17 15:14:03","25","24","3"
"2855515","11067","2976","22","0.636363","0.090909","2.409090909090909","1","2022-11-11 16:26:17","4","7","0"
"2857130","20432","2975","15","0.4","0.266666","1.6666666666666667","1","2022-10-21 14:29:29","4","0","0"
"2858170","29307","2975","401","0.643391","0.069825","1.4688279301745637","64","2022-11-29 07:26:21","136","199","17"
"2858934","12084","2975","65","0.661538","0.092307","1.4461538461538461","0","2022-11-08 20:15:54","38","58","1"
"2859347","12153","2975","13","0.384615","0.230769","3.4615384615384617","18","2022-02-06 20:45:54","1","1","0"
"2864275","24394","2974","18","0.222222","0.444444","3.1666666666666665","9","2022-11-19 05:20:15","63","490","32"
"2864740","62591","2974","29","0.344827","0.413793","13.724137931034482","58","2022-06-12 20:07:16","1","11","0"
"2868801","39710","2973","119","0.714285","0.058823","5.680672268907563","3","2022-11-18 10:16:48","93","555","5"
"2872922","62138","2971","425","0.458823","0.192941","3.3011764705882354","175","2022-11-28 13:09:01","249","719","81"
"2873538","19893","2971","241","0.502074","0.170124","3.5684647302904566","407","2022-05-21 18:32:58","1","4","2"
"2875563","37040","2970","34","0.617647","0.147058","1.3823529411764706","37","","0","9","6"
"2876079","12886","2970","23","0.304347","0.391304","1.6521739130434783","2","2022-11-23 08:49:56","21","39","5"
"2876799","12284","2970","6","0.666666","0.333333","0.5","0","","0","0","0"
"2876830","10108","2970","7","0.285714","0.285714","0","0","2022-10-21 11:31:45","5","1","0"
"2877241","313720","2970","1540","0.3","0.33961","0.9811688311688311","1340","2022-11-29 21:12:01","1379","1160","1330"
"2878550","14137","2969","5","0.8","0","3.8","18","2022-08-28 21:01:43","3","0","8"
"2883245","17175","2968","5","0.4","0","17.4","9","2022-11-26 18:17:32","22","124","15"
"2884291","10817","2968","7","0.142857","0.428571","1.4285714285714286","7","2022-11-17 11:08:49","7","15","5"
"2884859","26296","2967","1063","0.24459","0.437441","1.4995296331138288","499","2022-11-04 04:40:21","20","19","13"
"2886640","10319","2967","5","0.8","0","3.4","0","2022-11-04 12:10:32","2","10","0"
"2886891","22025","2967","12","0.25","0.583333","7.583333333333333","17","2022-10-13 10:48:17","9","45","12"
"2887218","341246","2967","824","0.701456","0.075242","3.2184466019417477","42","2022-11-29 15:55:41","679","4027","88"
"2890724","14416","2966","6","0","0.5","1","1","2022-10-17 17:20:34","2","4","0"
"2891324","27078","2966","11","0.727272","0","0.6363636363636364","0","","0","2","0"
"2897008","15500","2964","5","0.6","0","0.8","0","2022-08-07 18:07:53","1","0","0"
"2897115","12136","2964","10","0.6","0.2","30.4","0","2022-11-17 17:28:31","7","37","0"
"2897748","169018","2964","1715","0.732944","0.033819","0.11720116618075802","0","2022-11-29 20:20:18","1344","173","0"
"2898715","17785","2964","8","0","0.625","0.875","3","2022-10-21 20:48:01","7","9","0"
"2901002","868739","2963","3561","0.626509","0.099691","1.2437517551249648","168","2022-11-29 13:30:03","2518","2616","88"
"2902833","23729","2962","29","0.517241","0.172413","3.5517241379310347","3","2022-11-27 19:04:56","287","1030","38"
"2904896","19309","2962","8","0.5","0.125","28.625","17","2022-11-14 21:54:30","27","299","34"
"2905768","17831","2961","108","0.537037","0.166666","5.425925925925926","21","2022-11-29 16:26:31","123","627","17"
"2907532","12704","2961","6","0.333333","0.333333","0","11","","0","0","0"
"2910520","45326","2960","40","0.325","0.4","1.925","6","2022-10-08 00:18:09","8","27","1"
"2910943","25049","2960","18","0.555555","0.111111","0.6111111111111112","52","2022-08-26 10:51:05","2","4","14"
"2912349","12723","2960","49","0.693877","0.081632","3.3469387755102042","6","2022-11-04 12:15:29","68","124","3"
"2913106","11748","2960","83","0.674698","0.072289","0.8313253012048193","5","2022-11-28 15:21:09","92","70","17"
"2914140","29225","2959","75","0.12","0.72","4.866666666666666","36","2022-11-28 22:03:15","39","127","2"
"2926754","11186","2955","48","0.645833","0.166666","0.375","0","2022-11-23 18:47:41","32","23","5"
"2927226","40739","2955","17","0.647058","0","2.0588235294117645","2","","0","5","1"
"2929562","12245","2955","9","0.555555","0.222222","14.222222222222221","13","2022-09-14 16:44:32","12","69","26"
"2930038","10341","2955","369","0.512195","0.192411","1.6449864498644986","66","2022-11-20 22:17:29","162","453","22"
"2932052","10392","2954","53","0.35849","0.26415","8.09433962264151","335","2022-10-21 14:57:05","13","118","44"
"2932476","14722","2954","94","0.404255","0.234042","1.446808510638298","150","2022-10-24 10:27:14","3","10","8"
"2933177","24326","2954","126","0.642857","0.055555","1.0634920634920635","4","2022-11-29 16:59:59","72","102","9"
"2933977","17650","2954","64","0.59375","0.1875","4.03125","18","2022-11-05 16:49:55","66","347","17"
"2937831","88898","2953","277","0.815884","0.036101","0.4223826714801444","37","2022-11-27 13:08:37","114","67","7"
"2938364","12763","2953","17","0.294117","0.352941","2.235294117647059","13","2022-11-01 20:33:51","11","20","6"
"2939522","10123","2953","7","0.571428","0.142857","2.7142857142857144","2","2022-10-24 11:28:15","4","19","0"
"2940908","17562","2952","8","0.625","0","4","1","","0","0","1"
"2943218","27048","2952","144","0.5625","0.159722","4.409722222222222","38","2022-11-24 08:27:50","98","406","37"
"2943403","49697","2952","403","0.156327","0.543424","5.41439205955335","1089","2022-11-29 20:45:49","649","2494","1898"
"2945027","14661","2951","179","0.553072","0.21229","1.4245810055865922","105","2022-10-30 18:39:49","12","26","10"
"2946329","40024","2951","11","0.272727","0.545454","0.8181818181818182","23","2022-06-14 07:50:57","4","4","1"
"2946773","10715","2950","9","0.333333","0.444444","3.7777777777777777","4","2022-11-10 07:31:59","7","8","2"
"2946873","31459","2950","35","0.542857","0.285714","2.742857142857143","21","2022-04-19 17:47:47","1","6","0"
"2947378","21401","2950","111","0.468468","0.225225","3.7927927927927927","60","2022-10-28 14:08:01","64","199","59"
"2948212","16074","2950","26","0.461538","0.346153","2.4615384615384617","0","2022-09-28 12:01:48","4","20","0"
"2951933","13827","2948","25","0.36","0.24","3.04","2","2022-04-18 12:18:18","7","60","7"
"2954547","14174","2947","34","0.352941","0.235294","3.264705882352941","21","2022-11-27 04:13:43","39","130","32"
"2956066","62295","2947","15","0.333333","0.4","1.0666666666666667","43","2022-08-11 13:23:59","2","1","7"
"2956115","20949","2947","22","0.136363","0.454545","1.0909090909090908","1","2022-09-03 07:21:36","2","2","0"
"2963099","10371","2945","12","0.083333","0.75","2.3333333333333335","5","2022-08-16 22:53:01","3","13","0"
"2964927","26685","2945","6","0.166666","0.666666","1.6666666666666667","9","","0","5","3"
"2964963","10880","2945","131","0.610687","0.114503","1.2442748091603053","31","","0","0","0"
"2966723","24050","2945","22","0.590909","0.090909","3.727272727272727","12","2022-02-21 11:14:09","1","12","1"
"2967572","16287","2944","6","0.166666","0.666666","2","0","","0","0","0"
"2970947","202106","2943","162","0.419753","0.290123","2.9135802469135803","9","2022-11-26 05:09:08","90","282","1"
"2974951","10415","2943","151","0.298013","0.384105","1.4304635761589404","10","2022-11-29 10:42:48","107","210","8"
"2975396","29040","2942","16","0.375","0.25","2.25","23","2022-08-02 13:30:12","1","7","11"
"2979617","29246","2941","54","0.611111","0.148148","7.944444444444445","13","2022-06-08 10:17:48","19","234","3"
"2981429","26928","2940","44","0.545454","0.181818","4.386363636363637","3","2022-07-31 21:18:08","8","31","2"
"2981610","13007","2940","7","0.857142","0","23.857142857142858","8","2022-11-18 18:10:51","18","177","12"
"2985643","17706","2939","22","0.545454","0.136363","12.772727272727273","57","2022-11-07 02:36:02","32","325","63"
"2986905","21095","3109","10","0.7","0.2","3.5","9","","0","5","0"
"2987953","11161","2939","20","0.7","0.15","2.1","0","2022-07-21 19:37:18","2","33","0"
"2988730","115990","2939","556","0.366906","0.287769","4.794964028776978","530","2022-11-29 23:37:52","240","1349","184"
"2991525","82964","2938","107","0.551401","0.121495","5.869158878504673","50","2022-11-29 09:10:46","217","1056","64"
"2991619","17533","2938","15","0.533333","0.2","10.866666666666667","2","2022-11-24 12:28:34","11","143","1"
"2994596","14667","2937","16","0.9375","0","1.625","6","2022-05-12 03:03:44","3","6","1"
"2994949","20871","2937","18","0.277777","0.277777","18.27777777777778","94","2022-11-05 09:17:37","7","204","36"
"2996339","21562","3772","13","0.461538","0","0.7692307692307693","0","2022-07-07 12:49:48","1","2","0"
"2997825","13480","2937","13","0.461538","0.076923","1.0769230769230769","3","2022-11-21 10:31:41","9","3","1"
"2998271","89495","2936","24","0.666666","0.083333","0.7083333333333334","6","","0","1","0"
"3000206","46788","2936","137","0.49635","0.226277","7.744525547445256","95","2022-11-26 23:26:35","36","129","4"
"3001761","124245","2935","60","0.583333","0.2","72.63333333333334","4308","2022-11-22 18:03:19","40","2986","4827"
"3001856","11865","2935","50","0.3","0.22","2.98","12","2022-10-13 13:29:22","12","52","0"
"3002584","10750","2935","49","0.306122","0.408163","3.9591836734693877","24","2022-10-26 23:18:55","10","47","7"
"3003365","14104","2934","56","0.660714","0.017857","48.339285714285715","237","2022-10-08 06:59:35","28","1104","163"
"3003401","10690","2934","18","0.666666","0.166666","8","15","2022-11-26 18:23:58","48","195","15"
"3005167","23805","2934","5","0.2","0.2","4.8","6","2022-07-25 13:43:58","14","36","14"
"3006737","29427","2934","17","0.647058","0.117647","1.9411764705882353","3","2022-06-17 15:41:44","1","4","1"
"3007154","13414","2933","59","0.728813","0.033898","2.4915254237288136","0","2022-11-27 13:41:05","30","100","0"
"3009639","16363","2933","6","0.166666","0.666666","1","1","","0","2","0"
"3010968","102080","2933","11","0.545454","0","1.7272727272727273","0","","0","5","0"
"3011009","11508","2933","9","0.333333","0.444444","0.4444444444444444","0","","0","1","1"
"3011380","49254","2932","22","0.227272","0.636363","1.2727272727272727","0","2022-11-28 09:31:48","113","82","4"
"3015186","35765","2932","26","0.26923","0.423076","3.6153846153846154","14","2022-11-22 13:39:43","6","49","10"
"3016153","117742","2931","480","0.685416","0.058333","2.2916666666666665","14","2022-11-29 10:53:49","349","896","14"
"3019689","15499","2931","5","0.8","0","5.6","1","2022-11-11 18:31:43","3","14","0"
"3022127","19582","2930","14","0.214285","0.785714","0.8571428571428571","2","2022-10-09 17:02:41","3","12","1"
"3025259","15916","3251","5","0.4","0.6","1.4","0","2022-07-07 16:05:40","3","3","0"
"3026283","26404","2928","18","0.5","0.166666","2.611111111111111","7","2022-05-11 09:58:00","2","1","2"
"3027266","60760","2928","451","0.529933","0.119733","3.893569844789357","97","2022-11-29 08:21:31","259","1167","60"
"3032289","64222","2927","23","0.565217","0.086956","1.7826086956521738","0","2022-10-28 06:55:48","12","25","0"
"3033586","11858","2944","11","0.545454","0.181818","2.272727272727273","0","2022-02-23 11:14:25","1","4","1"
"3040446","23928","2925","12","0.166666","0.5","0.6666666666666666","2","2022-09-24 12:26:10","4","2","1"
"3046023","12493","2924","7","0.142857","0.428571","1.1428571428571428","0","","0","0","0"
"3046585","10886","2924","9","0.222222","0.555555","2.6666666666666665","3","2022-10-24 17:32:29","13","53","2"
"3048453","10533","2923","22","0.40909","0.272727","1.9090909090909092","6","2022-10-31 09:32:19","18","27","0"
"3051961","23068","2922","6","1","0","4","0","2022-10-21 16:49:01","2","6","0"
"3058609","54669","2920","32","0.25","0.3125","2.875","4","2022-11-29 19:30:14","23","64","6"
"3066077","17276","2918","193","0.336787","0.373056","3.7253886010362693","25","2022-11-29 12:51:01","128","490","25"
"3067148","10392","2918","8","0.75","0","1.125","0","2022-03-25 08:15:49","1","10","0"
"3067485","11752","2918","9","0.888888","0.111111","16","1","2022-10-28 18:05:09","26","178","1"
"3068190","26561","2917","342","0.614035","0.102339","1.7514619883040936","103","2022-11-25 03:32:35","82","121","20"
"3068233","13118","2917","7","0","1","1","0","2022-11-14 14:57:58","2","3","1"
"3073272","47464","2916","53","0.075471","0.792452","1.2264150943396226","10","2022-11-29 20:01:49","37","30","4"
"3074564","50106","2916","105","0.55238","0.15238","3.9523809523809526","237","2022-11-25 06:58:41","77","507","239"
"3080723","15671","2914","189","0.375661","0.259259","8.105820105820106","61","2022-11-23 15:39:07","171","1301","45"
"3080770","18932","2914","75","0.626666","0.093333","0.6933333333333334","17","2022-11-29 03:46:49","49","35","5"
"3081018","125675","2914","277","0.768953","0.046931","3.151624548736462","36","2022-11-29 15:52:35","177","581","42"
"3082296","35399","2913","81","0.308641","0.444444","11.975308641975309","172","2022-11-29 06:15:33","26","322","80"
"3083093","12894","2913","10","0.4","0.2","0.6","6","2022-04-19 14:25:21","4","1","2"
"3088045","10194","2912","18","0.222222","0.333333","6.277777777777778","65","2022-06-22 13:24:59","6","43","20"
"3088138","26090","2912","133","0.751879","0.045112","3.338345864661654","72","2022-11-28 12:12:55","62","337","22"
"3088349","33206","2912","31","0.32258","0.290322","2.4193548387096775","50","2022-11-29 14:52:30","67","180","160"
"3092298","19574","2911","97","0.731958","0.082474","4.628865979381444","150","2022-11-29 14:48:11","52","390","117"
"3092377","17614","2911","30","0.5","0.1","2.066666666666667","34","2022-09-27 09:02:17","5","17","5"
"3094533","83028","2910","14","0.428571","0.142857","5.857142857142857","5","2022-11-20 17:05:58","9","46","0"
"3094731","12760","2910","5","0.4","0.4","3.8","16","2022-08-18 05:34:39","3","14","9"
"3098330","10819","2909","35","0.342857","0.371428","0.6857142857142857","49","2022-10-01 18:27:02","41","30","57"
"3100312","25374","2909","47","0.297872","0.446808","8.297872340425531","26","","0","0","0"
"3102264","12139","2908","9","0.222222","0.111111","2.888888888888889","31","2022-11-06 19:22:22","5","11","19"
"3102968","15605","2908","18","0.666666","0.166666","3.9444444444444446","1","2022-11-28 14:58:39","11","32","0"
"3103448","10072","2907","9","0.111111","0.444444","1.7777777777777777","29","2022-11-18 03:39:36","1","2","5"
"3104226","17682","2907","125","0.712","0.056","2.368","10","2022-10-04 07:09:29","15","22","1"
"3106920","72351","2906","70","0.657142","0.142857","1.7142857142857142","10","2022-11-17 14:34:29","10","16","0"
"3110834","126400","2905","122","0.540983","0.114754","4.040983606557377","177","2022-10-15 12:43:35","55","243","65"
"3111149","12779","2905","46","0.565217","0.065217","5.956521739130435","15","2022-11-29 12:41:26","38","323","5"
"3111255","26356","2905","5","0.4","0.4","6","1","2022-11-06 01:25:17","3","14","0"
"3115685","23069","2904","5","0.6","0.4","1","4","2022-11-29 08:50:28","1","2","1"
"3115956","13446","2904","5","0.6","0","0.6","1","2022-02-17 20:46:42","1","1","0"
"3120193","28707","2903","35","0.657142","0.114285","0.9428571428571428","2","","0","0","0"
"3120446","14550","2903","16","0.3125","0.4375","4.125","16","2022-10-24 01:33:43","4","11","0"
"3124288","18451","2902","7","0.857142","0.142857","1.5714285714285714","2","2022-04-27 03:46:52","2","14","1"
"3124333","10398","2902","29","0.413793","0.275862","4.551724137931035","20","2022-11-14 16:13:24","13","69","13"
"3128926","11682","2899","5","0.4","0.4","1.8","3","2022-05-02 21:54:24","1","3","0"
"3129414","13716","2899","33","0.272727","0.424242","0.5151515151515151","6","2022-11-27 16:54:53","40","56","18"
"3130926","14287","2899","5","0","1","1.8","0","2022-07-15 20:06:11","1","3","0"
"3132019","15834","2898","25","0.32","0.32","2.12","35","2022-11-23 16:30:05","36","50","91"
"3133316","35535","2898","85","0.435294","0.247058","29.75294117647059","14","2022-11-24 12:15:35","56","2241","20"
"3134215","35699","2897","11","0.454545","0.181818","0.9090909090909091","3","2022-08-26 08:38:23","18","5","0"
"3135417","13364","2896","8","0.75","0","3.25","4","","0","0","0"
"3136339","14697","2896","19","0.68421","0.052631","1.105263157894737","2","2022-09-21 15:14:14","4","7","0"
"3141234","63972","2894","129","0.465116","0.209302","8.573643410852712","205","2022-11-23 21:25:58","93","629","146"
"3141792","29482","2894","136","0.661764","0.05147","5.080882352941177","28","2022-11-29 22:10:35","188","865","26"
"3142139","11238","2894","22","0.5","0.5","1.4090909090909092","1","2022-11-05 15:47:33","11","22","0"
"3144770","41986","2893","238","0.819327","0.029411","0.8739495798319328","445","2022-11-27 19:57:28","183","135","525"
"3145960","24309","2892","9","0.666666","0.111111","2.2222222222222223","6","","0","4","2"
"3146213","14996","2892","45","0.577777","0.111111","4.644444444444445","19","2022-11-11 10:45:41","30","140","15"
"3150338","16641","2891","26","0.653846","0.115384","1.4615384615384615","3","2022-11-15 13:53:05","25","33","11"
"3150802","16436","2890","51","0.470588","0.274509","10.215686274509803","42","2022-11-28 14:47:59","26","223","29"
"3151675","58395","2890","50","0.58","0.28","1.66","109","2022-11-06 20:11:41","41","60","40"
"3156906","10470","2888","55","0.636363","0.145454","3.981818181818182","0","2022-10-28 08:47:22","46","349","4"
"3157076","33016","2888","62","0.516129","0.064516","8.274193548387096","186","2022-11-25 22:59:36","36","226","114"
"3159267","13113","2887","209","0.483253","0.177033","0.7368421052631579","205","","0","0","0"
"3160475","50534","2887","23","0.826086","0","1.565217391304348","0","2022-02-02 16:20:52","1","5","0"
"3160747","41340","2887","119","0.714285","0.058823","2.7983193277310923","100","2022-03-23 04:37:06","11","42","5"
"3160881","20459","2887","8","0.5","0.375","1.5","0","2022-11-29 09:46:31","1","2","0"
"3161139","11461","2887","254","0.374015","0.338582","1.905511811023622","89","2022-11-16 15:28:45","6","9","2"
"3161993","17037","2886","32","0.375","0.25","1.78125","4","2022-02-10 15:35:56","1","0","0"
"3163618","11654","2886","38","0.131578","0.657894","3.1578947368421053","14","2022-09-19 21:02:04","18","124","4"
"3166417","13071","2885","7","0","1","0.14285714285714285","0","2022-07-03 21:40:20","2","2","0"
"3176419","13496","2882","40","0.45","0.3","0.975","29","2022-11-29 12:27:09","291","375","158"
"3180489","13800","2881","6","0.666666","0.166666","0.3333333333333333","2","2022-11-29 19:15:24","32","35","44"
"3181104","10156","2881","5","0.4","0.2","16.8","9","2022-11-04 16:19:45","36","121","9"
"3181392","37363","2881","128","0.523437","0.15625","4.5546875","78","2022-11-19 19:38:54","47","258","42"
"3181933","39103","2881","166","0.608433","0.180722","14.963855421686747","1016","2022-11-29 07:55:25","120","1949","275"
"3182188","11212","2881","9","0.666666","0.222222","2.2222222222222223","1","2022-06-30 10:24:17","2","3","3"
"3190076","10899","2878","51","0.333333","0.411764","1.9411764705882353","1","2022-11-29 11:30:11","62","182","4"
"3191896","34647","2878","8","0","1","0.625","9","2022-09-24 11:34:49","9","10","4"
"3195477","13505","2877","58","0.448275","0.344827","6.4655172413793105","463","2022-11-07 12:36:47","32","262","372"
"3196723","15550","2876","7","0.571428","0.142857","0.7142857142857143","9","","0","3","2"
"3198983","13079","2876","10","0.1","0.9","0.5","1","2022-09-28 17:48:25","8","8","1"
"3199595","30623","2876","39","0.666666","0.102564","0.8205128205128205","5","2022-11-26 02:07:46","5","4","1"
"3204551","46007","2875","34","0.17647","0.382352","5.705882352941177","132","2022-10-28 16:18:07","5","63","15"
"3208297","29567","2874","13","0.230769","0.538461","0.6923076923076923","1","2022-11-03 20:57:46","8","4","0"
"3211932","21104","2872","10","0.1","0.7","0.5","4","2022-06-17 20:41:52","5","3","3"
"3212865","13622","2872","13","0.384615","0","22.384615384615383","5","2022-10-05 17:12:23","5","51","1"
"3214202","10543","2871","32","0.5625","0.15625","1.28125","0","2022-10-25 03:30:41","12","33","0"
"3214872","19323","2871","14","0.428571","0.142857","7","6","2022-06-27 12:41:13","9","38","2"
"3216427","13116","2871","76","0.421052","0.315789","10.18421052631579","178","2022-11-29 22:42:37","144","1177","259"
"3219613","57886","2870","361","0.623268","0.080332","3.961218836565097","1495","2022-11-16 07:22:06","178","604","901"
"3220113","20302","2870","95","0.252631","0.431578","1.6736842105263159","6","2022-11-24 23:10:39","39","70","5"
"3220135","11205","2870","89","0.651685","0.157303","6.269662921348314","24","2022-11-23 16:31:16","37","252","2"
"3220983","11294","2870","12","0.083333","0.916666","4.25","2","2022-11-10 00:01:40","15","49","3"
"3222797","17683","2869","42","0.761904","0.023809","3.9047619047619047","32","2022-09-26 13:43:11","4","28","20"
"3225108","20654","2869","8","0.625","0.125","24.625","4","","0","2","0"
"3231194","13354","2867","12","0.166666","0.5","1.9166666666666667","1","2022-10-27 05:10:37","3","16","3"
"3231537","12816","2867","6","0.5","0.333333","13.333333333333334","0","2022-10-30 20:25:46","5","36","1"
"3231778","15332","2867","5","0.6","0.2","3.4","1","2022-10-11 13:56:24","24","35","4"
"3233393","63564","2867","27","0.296296","0.259259","6.222222222222222","13","2022-11-14 14:59:23","2","44","2"
"3233398","12915","2867","8","0","0.875","0.375","0","2022-11-09 21:54:56","10","7","0"
"3233827","16275","2867","27","0.37037","0.407407","3.814814814814815","8","2022-08-03 14:29:13","1","8","0"
"3234959","116712","2866","140","0.45","0.192857","3.5","17","2022-11-29 11:18:02","76","327","16"
"3236925","16640","2865","22","0.681818","0.045454","1.6363636363636365","5","2022-11-12 21:29:28","10","17","6"
"3240381","10945","3203","9","0","0.888888","0.1111111111111111","0","2022-02-20 10:01:14","1","0","0"
"3240583","21587","2864","18","0.5","0.277777","1.7222222222222223","0","2022-11-18 18:55:47","10","7","0"
"3241243","13438","2864","44","0.545454","0.136363","2.977272727272727","463","2022-11-09 07:03:27","12","41","207"
"3244064","15587","2863","5","0.4","0.6","0.8","1","2022-02-20 08:39:16","2","2","1"
"3245749","36500","2863","49","0.632653","0.020408","3.63265306122449","12","2022-11-23 22:29:47","62","168","7"
"3247006","43538","2862","76","0.118421","0.631578","0.2236842105263158","606","2022-11-28 20:40:39","485","15","1277"
"3250126","10510","2862","6","0.333333","0.333333","1.1666666666666667","6","2022-10-18 09:52:13","3","7","1"
"3250829","104966","2862","31","0.806451","0.16129","3.096774193548387","68","2022-09-16 01:04:13","12","79","29"
"3255152","31384","2861","21","0.571428","0.190476","1.4285714285714286","0","2022-10-08 10:43:44","16","29","0"
"3255455","53067","2861","84","0.297619","0.273809","1.380952380952381","0","2022-11-14 18:52:59","49","56","0"
"3255871","14208","2860","277","0.823104","0.00361","1.7184115523465704","29","2022-11-25 16:25:27","178","344","23"
"3256795","11134","2860","5","0.6","0.2","2.6","0","","0","0","0"
"3266847","54284","2857","67","0.432835","0.343283","7.1940298507462686","206","2022-11-17 02:15:04","54","294","95"
"3270785","17957","2856","9","0.444444","0.333333","1.2222222222222223","1","2022-11-21 03:54:56","73","31","9"
"3276634","18213","2855","24","0.416666","0.291666","0.5416666666666666","0","2022-06-24 18:07:39","1","0","0"
"3280538","24105","2854","144","0.375","0.284722","1.9444444444444444","36","2022-11-29 04:36:18","73","195","19"
"3281336","11972","2854","14","0.714285","0.071428","1.7142857142857142","4","2022-11-12 21:15:18","12","47","3"
"3282056","29523","2853","115","0.504347","0.121739","1.9043478260869566","16","2022-11-29 21:57:50","101","181","8"
"3282436","13809","2853","68","0.441176","0.294117","9.441176470588236","52","2022-11-15 15:14:19","46","353","53"
"3286489","61455","2852","33","0.545454","0.242424","1.7878787878787878","1","2022-11-01 02:08:30","21","24","3"
"3287566","13298","2852","5","0","0.8","1","0","2022-10-02 05:27:32","4","3","0"
"3288890","61270","2851","14","0.214285","0.428571","2.4285714285714284","11","2022-11-03 03:26:19","122","317","35"
"3290339","20095","2851","27","0.481481","0.111111","2.259259259259259","84","2022-10-20 14:37:01","3","11","20"
"3294396","12080","3309","6","0.5","0.5","0.5","0","2022-02-19 14:32:43","1","0","0"
"3296621","18223","2849","10","0.4","0.3","2.2","0","","0","0","0"
"3297291","23535","2849","40","0.7","0.125","1.05","3","2022-11-28 13:04:11","60","35","7"
"3301492","24712","2848","7","0.714285","0.142857","4","1","2022-07-26 20:01:13","2","16","1"
"3305546","12611","2847","8","0.375","0.5","21.5","3","","0","52","0"
"3306465","14953","2847","5","0.4","0.4","2.2","1","2022-11-08 21:16:26","1","3","1"
"3307985","17882","2847","5","0.6","0","1","2","","0","1","0"
"3309466","13431","2846","56","0.785714","0.125","2.267857142857143","6","2022-11-25 06:59:04","44","64","6"
"3309790","173695","2846","359","0.57103","0.130919","0.8857938718662952","151","2022-11-08 05:58:41","54","60","23"
"3312636","21637","2845","14","0","0.785714","0.7142857142857143","1","2022-09-10 10:01:58","4","0","1"
"3314107","13599","2845","18","0.444444","0.222222","1.4444444444444444","7","2022-11-14 08:45:29","21","39","2"
"3315962","11142","2844","27","0.777777","0.037037","3.3703703703703702","3","2022-11-22 17:46:06","39","60","2"
"3318517","27675","2843","6","0.333333","0.5","2.6666666666666665","1","2022-10-24 14:30:42","8","22","5"
"3322400","12010","2842","23","0.260869","0.434782","1.7391304347826086","7","2022-11-26 18:03:05","12","26","1"
"3324388","13551","2842","5","0.2","0.6","2.8","0","","0","3","0"
"3325704","12196","2842","6","1","0","0.5","0","2022-10-31 05:58:27","5","1","0"
"3336423","21914","2839","18","0.5","0.111111","3.7777777777777777","5","","0","12","0"
"3337080","23716","2839","49","0.428571","0.285714","0.46938775510204084","0","","0","0","0"
"3340702","16605","2838","26","0.76923","0.115384","1.0384615384615385","24","2022-11-16 11:32:21","15","25","17"
"3342253","11999","2837","8","0.25","0.375","1.875","5","2022-11-28 17:47:51","3","5","4"
"3348604","29187","2836","155","0.716129","0.077419","1.729032258064516","84","2022-11-27 18:19:32","145","194","156"
"3356777","19293","2834","10","0.7","0.1","0.5","0","2022-08-18 09:28:39","3","3","0"
"3358272","169109","2834","1201","0.520399","0.182348","3.444629475437136","623","2022-11-28 22:55:22","733","2679","387"
"3367974","11744","2831","8","0.125","0.625","3.75","41","2022-11-19 14:18:34","7","52","10"
"3371862","83396","2830","497","0.750503","0.048289","1.7203219315895373","229","2022-11-27 17:33:33","275","454","126"
"3372061","24319","2830","14","0.571428","0.285714","2.0714285714285716","27","2022-02-03 07:57:58","1","2","0"
"3379653","36566","2828","78","0.525641","0.076923","5.538461538461538","56","2022-11-28 17:21:08","41","313","53"
"3382204","32357","2827","5","0.4","0.2","1.2","0","","0","2","0"
"3385827","24001","2827","63","0.63492","0.111111","2.0952380952380953","3","2022-11-23 19:34:55","22","33","0"
"3386109","35000","2826","20","0.5","0.25","56.6","111","2022-10-22 06:28:26","7","798","59"
"3387716","17760","2826","54","0.518518","0.259259","5.2407407407407405","4","2022-11-29 08:31:52","231","777","36"
"3390419","26766","2826","23","0.47826","0.304347","3.8260869565217392","16","2022-11-28 12:02:53","173","442","143"
"3391490","10064","2825","27","0.333333","0.407407","1.5925925925925926","5","2022-11-22 11:30:53","15","20","11"
"3395198","75871","2824","17","0.588235","0.17647","4.470588235294118","13","","0","0","1"
"3397217","29432","2824","9","0.444444","0.222222","6.666666666666667","19","","0","5","3"
"3398554","12027","2823","5","0.8","0","7.2","0","","0","25","0"
"3399356","10229","2823","222","0.459459","0.207207","0.7747747747747747","662","2022-11-24 13:44:55","114","95","112"
"3405171","20076","2821","32","0.53125","0.15625","1.15625","5","2022-11-18 11:04:45","30","41","17"
"3406693","34843","2821","47","0.787234","0.021276","2.617021276595745","17","2022-08-25 16:12:49","13","90","11"
"3411681","31119","2820","14","0.214285","0.5","0.6428571428571429","8","2022-09-01 15:07:01","4","2","5"
"3411787","16890","2820","10","0","0.9","1.6","1","2022-09-24 17:28:04","5","6","0"
"3412322","21659","2820","67","0.432835","0.22388","3.417910447761194","62","2022-11-14 17:38:22","44","208","39"
"3413723","12493","2819","6","0.166666","0.166666","1.3333333333333333","0","2022-11-27 20:06:27","7","7","1"
"3414900","10533","2819","22","0.454545","0.181818","0.9545454545454546","3","","0","3","0"
"3418066","116417","2818","178","0.707865","0.039325","12.247191011235955","54","2022-11-29 00:53:45","63","1077","28"
"3419297","10781","2818","13","0.538461","0","4","1","2022-10-29 11:45:22","16","17","1"
"3422102","85180","2817","378","0.320105","0.333333","6.944444444444445","90","2022-11-29 20:14:03","192","1509","51"
"3425536","43160","2816","8","0.5","0.25","0.75","2","2022-05-06 11:02:52","1","0","1"
"3429133","10083","2815","6","0","0.666666","2.3333333333333335","3","2022-05-21 21:53:18","1","3","0"
"3429323","10337","2815","13","0.76923","0","6.076923076923077","4","2022-11-16 17:07:41","29","61","10"
"3434970","53607","2814","6","0.333333","0.333333","0.3333333333333333","0","2022-09-04 08:25:21","1","4","0"
"3437787","62274","2813","251","0.621513","0.131474","1.6932270916334662","307","2022-11-28 22:11:17","36","52","35"
"3437900","12730","2813","36","0.055555","0.805555","0.2777777777777778","21","2022-11-04 02:58:35","3","1","0"
"3439404","30624","2813","116","0.620689","0.086206","5.689655172413793","25","2022-11-18 16:30:02","71","411","44"
"3440745","68033","2812","85","0.670588","0.105882","22.152941176470588","205","2022-11-24 20:16:11","50","1097","252"
"3444240","44719","2812","6","0.333333","0.166666","1.8333333333333333","17","2022-10-08 09:45:28","3","3","9"
"3446126","20272","2811","69","0.623188","0.072463","2.0144927536231885","27","2022-11-05 07:13:22","16","20","5"
"3448419","100264","2811","76","0.75","0.065789","2.723684210526316","5","2022-11-28 21:30:51","45","92","1"
"3448527","60886","2810","57","0.543859","0.210526","1.5964912280701755","211","2022-11-17 13:07:43","116","218","228"
"3450034","30138","2810","5","0.4","0.2","3.4","2","2022-11-01 09:38:42","8","12","0"
"3453898","10799","2808","16","0.1875","0.5","8.6875","0","2022-11-01 18:29:25","17","91","1"
"3457177","11251","3299","6","0.5","0.333333","1.5","0","2022-08-24 14:12:11","3","1","0"
"3459910","15275","2807","6","0.333333","0.5","10.5","4","2022-09-22 07:56:12","4","21","1"
"3460361","11852","2807","10","0.6","0","4.4","4","2022-10-21 17:49:53","5","38","3"
"3460670","30694","2807","290","0.589655","0.134482","1.1344827586206896","21","2022-11-29 19:45:37","132","110","9"
"3460805","10716","2807","9","0","0.444444","2","20","2022-09-19 13:44:41","12","11","19"
"3461397","18302","2807","212","0.273584","0.424528","0.37264150943396224","141","2022-11-27 08:23:56","76","16","15"
"3462319","10746","2806","39","0.410256","0.307692","7.589743589743589","112","2022-11-28 11:33:51","16","126","62"
"3464971","27778","2806","29","0","0.896551","0","0","2022-11-25 12:31:45","8","0","0"
"3478010","19273","2802","13","0.384615","0","8.153846153846153","11","2022-03-20 02:40:16","3","22","3"
"3479456","10435","2801","28","0.678571","0.071428","6.142857142857143","15","2022-08-29 13:38:44","13","75","10"
"3483203","51333","2800","15","0.533333","0","6.133333333333334","16","2022-06-27 21:08:19","3","19","1"
"3485434","33430","2800","1081","0.429232","0.175763","2.038852913968548","289","2022-11-29 20:30:07","725","1376","465"
"3486675","11654","2800","13","0.76923","0.153846","3.1538461538461537","9","2022-10-26 14:45:48","29","119","15"
"3486691","18213","2800","20","0.5","0.25","1.3","2","2022-11-29 14:14:05","9","10","2"
"3489155","13062","2799","30","0.433333","0.3","0.6333333333333333","20","2022-11-29 14:36:53","55","20","21"
"3497671","63398","2797","31","0.612903","0.258064","0.6774193548387096","38","2022-11-04 08:56:52","10","9","8"
"3499115","14649","2797","27","0.629629","0.185185","2.814814814814815","9","2022-11-09 22:49:12","18","39","4"
"3501958","12629","2796","157","0.464968","0.152866","0.7197452229299363","467","2022-08-11 08:30:01","21","9","45"
"3502164","17735","2796","5","0.6","0.2","2.4","8","2022-04-10 18:53:46","1","6","1"
"3509591","18945","2793","17","0.588235","0.117647","1.1764705882352942","6","2022-05-23 02:55:55","20","53","11"
"3510736","76830","2793","41","0.414634","0.317073","0.7073170731707317","2","2022-04-29 19:42:34","1","3","1"
"3520404","14494","2791","6","0.166666","0.333333","10.5","2","2022-11-13 11:27:54","8","29","1"
"3521006","70556","2791","9","0.444444","0.555555","0.7777777777777778","0","","0","0","0"
"3522312","133515","2790","268","0.544776","0.186567","1.1044776119402986","58","2022-11-19 20:18:51","26","21","7"
"3527297","56619","2789","512","0.589843","0.109375","1.296875","85","2022-11-28 14:03:16","333","434","77"
"3533365","54959","2787","6","0.166666","0.833333","1.6666666666666667","0","","0","1","0"
"3533584","27365","2787","148","0.716216","0.04054","4.608108108108108","27","2022-11-21 16:32:45","94","536","20"
"3534636","11656","2786","6","0.166666","0.666666","0.8333333333333334","1","2022-08-08 04:49:16","2","3","1"
"3535537","11994","2786","8","0.75","0","6.75","4","2022-08-25 20:52:51","3","19","1"
"3536236","23149","2786","34","0.5","0.117647","13.470588235294118","152","2022-11-15 10:29:48","27","293","69"
"3538012","71133","2786","79","0.632911","0.050632","14.620253164556962","214","","0","4","0"
"3545094","18411","2784","6","0.333333","0.5","0.5","1","2022-07-14 12:55:23","1","3","2"
"3545273","150300","2784","637","0.395604","0.262166","1.5886970172684458","23","2022-11-20 10:37:49","188","311","2"
"3553087","96673","3513","20","0.35","0.15","4.35","4","2022-11-09 15:34:16","13","40","5"
"3555845","42856","2780","65","0.276923","0.338461","0.46153846153846156","10","2022-07-27 14:06:08","1","0","0"
"3558931","24688","2779","59","0.237288","0.355932","0.7288135593220338","10","2022-11-24 04:04:59","181","65","11"
"3558960","98737","2779","155","0.464516","0.212903","2.7419354838709675","13","2022-11-17 02:33:23","162","403","18"
"3561275","15312","2779","55","0.70909","0.036363","2.7818181818181817","11","2022-10-14 13:35:01","15","29","1"
"3563993","13314","2778","18","0","0.944444","0.2777777777777778","6","2022-11-28 13:26:30","9","8","4"
"3566998","14784","2777","13","0.538461","0.076923","8.538461538461538","5","2022-06-16 07:08:41","17","67","1"
"3571614","14177","2776","9","0","0.888888","0.4444444444444444","2","2022-06-24 10:33:19","2","2","1"
"3576984","34953","2775","14","0.642857","0","5.357142857142857","10","2022-08-15 21:39:19","5","46","4"
"3577054","15131","2775","12","0.416666","0.416666","2.6666666666666665","2","2022-02-07 11:41:09","2","0","0"
"3583182","62944","2773","43","0.581395","0.093023","1.0232558139534884","11","2022-03-20 04:23:08","4","2","0"
"3585796","91419","2772","631","0.554675","0.198098","1.4484944532488113","1119","2022-07-21 03:37:52","241","794","510"
"3589092","17744","2771","9","0.333333","0.333333","3.2222222222222223","2","2022-10-11 11:01:09","7","19","0"
"3593996","112330","2770","29","0.620689","0.068965","0.4482758620689655","16","2022-08-10 19:32:52","10","7","3"
"3597276","376495","2769","84","0.416666","0.214285","2.5357142857142856","329","2022-11-29 17:21:34","40","103","140"
"3598756","29461","2768","12","0.25","0.416666","1.0833333333333333","1","2022-11-13 18:12:22","4","6","0"
"3600709","22987","2767","7","0.142857","0.571428","5","0","2022-10-22 16:43:37","1","6","0"
"3603681","33852","2766","332","0.484939","0.17771","3.8313253012048194","172","2022-11-29 16:15:13","164","709","95"
"3607064","14018","2765","31","0.258064","0.387096","2.161290322580645","16","2022-11-24 06:29:09","5","7","5"
"3607203","11687","2765","26","0.692307","0.076923","3.1153846153846154","47","2022-05-03 08:19:30","11","38","4"
"3611669","12388","2764","44","0.386363","0.25","7.045454545454546","20","2022-11-07 10:44:04","107","604","36"
"3611989","34168","2764","50","0.6","0.1","10.14","10","2022-11-29 11:42:28","44","344","5"
"3612353","17197","2764","16","0.1875","0.3125","0.25","2","","0","0","2"
"3613500","26754","2764","6","0.666666","0","7","0","","0","1","0"
"3617380","20303","2763","89","0.370786","0.191011","2.943820224719101","10","2022-11-18 09:14:15","44","145","8"
"3617886","113365","2763","52","0.75","0.096153","1.4423076923076923","12","2022-09-08 17:19:29","14","7","3"
"3620003","79302","3024","85","0.282352","0.505882","3.4705882352941178","32","2022-11-29 18:07:36","157","555","23"
"3625433","11366","2760","21","0.47619","0.333333","3.1904761904761907","1","2022-11-29 19:40:20","16","27","5"
"3627607","15804","2759","6","0.333333","0.333333","2.6666666666666665","0","2022-10-10 08:50:36","1","10","2"
"3627756","13571","2759","181","0.414364","0.237569","1.3314917127071824","161","2022-11-28 18:06:26","131","222","120"
"3629249","16584","2759","77","0.324675","0.220779","11.012987012987013","3","2022-08-14 19:05:54","12","124","0"
"3636601","69615","2757","34","0.588235","0.17647","8.058823529411764","165","2022-11-12 10:38:07","82","744","383"
"3647002","14269","2754","18","0.055555","0.722222","1.5555555555555556","1","2022-10-27 04:00:46","10","10","0"
"3648361","10129","2754","21","0.761904","0.047619","3.2857142857142856","4","2022-10-30 18:28:45","11","45","0"
"3650362","28783","2753","41","0.560975","0.195121","13.902439024390244","170","2022-06-07 12:58:30","2","52","16"
"3652345","16968","2752","135","0.666666","0.051851","2.488888888888889","46","2022-11-04 05:02:58","18","48","4"
"3654061","12178","2752","5","0.2","0.6","5.4","0","2022-07-21 20:44:24","4","21","1"
"3656904","20816","2751","82","0.5","0.219512","2.451219512195122","64","2022-11-17 19:24:04","58","106","25"
"3661630","53027","2750","34","0.558823","0.117647","1.8235294117647058","2","2022-09-19 10:55:45","3","0","0"
"3665178","16503","2749","7","0.285714","0.428571","12.142857142857142","64","","0","12","55"
"3665878","18659","2749","28","0.785714","0.107142","2.107142857142857","0","2022-11-29 12:24:28","31","50","8"
"3667938","15113","2748","13","0.615384","0.230769","0.46153846153846156","0","2022-09-06 05:08:32","6","4","0"
"3669698","17349","2748","13","0.384615","0.461538","2.076923076923077","2","","0","1","2"
"3675035","22625","2745","7","0.142857","0.571428","2.4285714285714284","1","","0","0","0"
"3676586","12586","2745","5","0.2","0.2","0.6","0","2022-06-22 16:23:42","3","1","0"
"3677097","11126","2745","19","0.157894","0.421052","0.3157894736842105","3","2022-02-21 23:13:25","1","1","0"
"3679490","68099","2744","9","0.333333","0.222222","2.6666666666666665","4","2022-11-24 05:08:57","13","25","2"
"3680098","14187","2744","31","0.741935","0.064516","3","115","2022-02-25 11:20:00","1","0","2"
"3680831","20505","2744","26","0.692307","0.115384","2.1923076923076925","5","2022-07-26 16:41:28","4","4","3"
"3681880","517071","2743","82","0.219512","0.59756","1.2804878048780488","34","2022-03-21 02:19:31","2","46","10"
"3684265","15972","2743","91","0.450549","0.296703","1.7252747252747254","23","2022-11-28 19:28:59","147","330","51"
"3689450","29778","2742","205","0.268292","0.365853","22.351219512195122","843","2022-11-07 17:32:13","74","2169","2976"
"3691891","13188","2741","61","0.57377","0.213114","2.9344262295081966","1","2022-11-14 18:40:26","29","98","1"
"3699139","34445","2738","23","0.782608","0.130434","2.652173913043478","8","2022-11-27 23:24:28","24","49","8"
"3701102","16267","2738","37","0.054054","0.864864","0.10810810810810811","19","2022-11-25 16:29:22","23","8","8"
"3701228","18164","2737","29","0.689655","0.034482","2.1724137931034484","17","2022-11-23 12:31:14","17","50","13"
"3702377","36324","2737","17","0.117647","0.705882","2.1176470588235294","24","2022-11-29 13:32:33","34","76","60"
"3702797","140176","2737","326","0.674846","0.092024","4.895705521472393","119","2022-11-29 23:51:06","254","978","85"
"3705127","28148","2736","55","0.345454","0.290909","1.8181818181818181","1","2022-09-26 00:43:53","6","24","0"
"3705840","71673","2736","47","0.170212","0.489361","1.446808510638298","30","2022-10-29 23:44:15","26","41","24"
"3706016","44960","2736","106","0.35849","0.26415","30.09433962264151","2315","2022-11-24 19:02:57","70","2658","2122"
"3706693","19478","2736","12","0.583333","0.083333","5.833333333333333","4","2022-10-25 12:10:37","10","69","2"
"3710490","13188","2735","13","0.846153","0","2.4615384615384617","11","2022-07-10 08:43:11","7","8","1"
"3710865","13488","2735","19","0.526315","0.210526","1.6842105263157894","0","2022-11-29 18:43:27","12","28","1"
"3711162","47011","2735","140","0.671428","0.064285","4.957142857142857","39","2022-11-29 15:31:03","70","432","24"
"3711988","12490","2735","7","0.857142","0","0.7142857142857143","1","","0","7","1"
"3723423","75129","2731","202","0.653465","0.064356","1.5297029702970297","210","2022-11-29 07:21:35","207","270","308"
"3723993","21386","2731","20","0.5","0.15","0.55","3","2022-11-29 14:38:33","26","19","1"
"3724716","11935","2730","231","0.753246","0.056277","1.7012987012987013","31","","0","0","0"
"3725596","10312","2730","205","0.814634","0.029268","0.25365853658536586","6","2022-11-29 13:21:36","158","69","14"
"3728901","53653","2729","108","0.481481","0.148148","0.9722222222222222","488","2022-11-26 04:23:47","70","90","339"
"3730754","256829","2729","540","0.783333","0.035185","1.1203703703703705","2084","","0","0","0"
"3731501","227175","2729","177","0.672316","0.050847","8.508474576271187","36","2022-11-22 20:11:30","148","1633","39"
"3731614","23936","2729","9","0.777777","0","8.11111111111111","10","","0","19","0"
"3732075","12352","2729","5","1","0","3.4","0","2022-10-16 14:03:08","7","10","1"
"3732271","891697","2728","6776","0.386806","0.257969","1.1438902007083824","157","2022-11-29 19:52:45","2856","3402","93"
"3735690","17632","2728","72","0.263888","0.291666","0.3888888888888889","6","2022-07-01 08:48:37","1","1","0"
"3736955","10088","2727","15","0.133333","0.666666","2.2","5","2022-08-11 09:48:48","3","27","12"
"3737009","21644","2727","24","0.666666","0.208333","1.5416666666666667","0","2022-09-15 09:41:13","30","19","0"
"3738171","32015","2727","357","0.484593","0.246498","1.4341736694677871","102","2022-11-14 22:30:31","41","73","9"
"3744182","121806","2724","150","0.766666","0.08","9.28","773","2022-11-28 17:45:51","96","1009","876"
"3744304","57279","2724","246","0.418699","0.260162","4.695121951219512","238","2022-11-17 07:24:22","217","724","203"
"3744747","11093","2724","15","0.333333","0.533333","0.9333333333333333","9","2022-11-26 12:22:03","33","19","34"
"3748349","54771","2723","35","0.657142","0.142857","0.3142857142857143","3","2022-10-14 15:04:23","13","6","0"
"3757232","22474","2721","49","0.591836","0.142857","17.755102040816325","97","2022-11-28 15:18:53","47","521","27"
"3760920","25035","2720","7","0.428571","0.285714","3.2857142857142856","0","2022-06-07 02:11:44","1","0","0"
"3761628","24740","2720","192","0.734375","0.078125","1.7916666666666667","15","2022-10-31 07:18:11","41","86","1"
"3764804","19539","2718","14","0.071428","0.571428","2.2142857142857144","7","2022-10-04 10:17:39","7","8","8"
"3764965","45177","2718","160","0.325","0.3625","1.3","144","2022-11-25 04:54:42","53","56","30"
"3767239","36794","2717","104","0.413461","0.230769","2.0288461538461537","15","2022-08-23 19:48:34","65","191","5"
"3768871","19033","2717","88","0.545454","0.102272","0.7386363636363636","48","2022-08-20 19:19:36","7","8","0"
"3776858","90514","2715","216","0.379629","0.388888","4.763888888888889","800","2022-11-25 22:14:05","62","624","380"
"3776927","17738","2715","260","0.453846","0.230769","5.873076923076923","91","2022-11-29 18:58:19","75","1303","53"
"3777211","10702","2715","7","0.714285","0","0.7142857142857143","0","","0","0","0"
"3779853","11107","2714","7","0.428571","0.428571","8.857142857142858","0","2022-11-05 00:42:03","13","38","0"
"3780494","41924","2714","130","0.846153","0.046153","1.8","10","2022-11-29 21:22:21","108","135","1"
"3783478","25053","2713","14","0.142857","0.571428","5.571428571428571","4","2022-11-10 04:41:37","41","209","9"
"3784008","10752","2713","8","0.5","0.25","4.625","9","2022-11-15 22:34:26","2","20","3"
"3788176","141143","2711","354","0.423728","0.257062","3.84180790960452","56","2022-11-25 16:38:21","67","286","12"
"3792198","13378","2709","47","0","0.914893","0.1702127659574468","0","2022-10-11 15:56:30","13","4","1"
"3794812","87508","2709","329","0.607902","0.112462","1.2735562310030395","22","2022-11-25 14:47:51","339","617","29"
"3795036","11681","2709","32","0.46875","0.1875","6.09375","10","2022-10-03 14:11:51","12","63","3"
"3796113","30982","2708","19","0.263157","0.421052","1.4210526315789473","2","2022-05-06 08:23:18","60","58","5"
"3799759","72099","2707","562","0.44306","0.252669","2.0480427046263343","56","2022-11-28 18:45:09","859","1333","87"
"3806017","15664","2706","53","0.566037","0.056603","1.0754716981132075","6","2022-11-29 17:06:45","103","81","4"
"3806413","19418","2706","14","0.357142","0.357142","1.5714285714285714","1","","0","0","0"
"3807365","20432","2705","10","0.4","0.2","1.4","0","2022-11-28 21:19:14","1065","1228","164"
"3807729","49061","2705","49","0.32653","0.265306","8.204081632653061","45","2022-09-14 22:06:59","9","179","10"
"3813116","33731","2703","26","0.423076","0.153846","6.730769230769231","2","2022-10-28 13:06:55","48","634","23"
"3817004","42800","2702","133","0.135338","0.466165","0.47368421052631576","22","2022-06-16 23:55:35","42","25","5"
"3820271","27711","2701","32","0.6875","0.09375","5.65625","41","2022-11-17 16:39:53","27","149","34"
"3821154","28879","2701","93","0.72043","0.064516","1.946236559139785","14","2022-11-25 17:49:24","61","122","10"
"3824919","17758","2700","7","0.857142","0","49.714285714285715","117","2022-04-21 23:49:28","1","32","10"
"3827276","10753","2700","9","0.666666","0.222222","0.4444444444444444","1","","0","1","0"
"3830997","18915","2699","44","0.227272","0.522727","2.977272727272727","5","2022-10-27 16:49:29","6","4","0"
"3832970","631746","2698","2605","0.541266","0.181957","2.2207293666026873","2406","2022-11-29 18:12:37","1523","2806","2212"
"3833666","14575","2697","40","0.1","0.725","4.35","7","2022-11-11 16:46:09","10","45","1"
"3834415","31800","2697","9","0.555555","0.222222","17","1","2022-10-18 13:43:23","6","68","1"
"3838691","15116","2696","13","0.615384","0.076923","5.923076923076923","2","2022-09-19 18:32:45","3","6","1"
"3840170","27328","2695","90","0.555555","0.177777","2.088888888888889","228","2022-11-25 17:49:36","41","172","372"
"3840840","43786","2695","6","0.5","0.166666","0.8333333333333334","7","2022-08-01 15:00:17","3","0","3"
"3850012","11095","2693","12","0.583333","0.25","2.4166666666666665","2","2022-09-27 00:31:20","4","8","0"
"3850405","71730","2693","134","0.186567","0.664179","0.6791044776119403","6","2022-11-11 15:54:32","58","32","2"
"3857758","30081","2690","18","0.222222","0.333333","0.6111111111111112","2","2022-11-28 21:09:53","31","23","15"
"3857942","48239","2690","19","0.578947","0.105263","12.473684210526315","101","2022-10-23 19:18:35","11","427","179"
"3859027","41872","2689","12","0.5","0.083333","10.833333333333334","2","","0","19","1"
"3862378","34818","2689","13","0.307692","0.230769","3.4615384615384617","0","2022-11-10 22:12:57","4","34","0"
"3866246","10182","2688","5","0.2","0.8","1.6","2","","0","2","3"
"3867406","14954","2687","26","0.384615","0.384615","1.4230769230769231","59","2022-10-09 14:18:59","6","3","22"
"3871750","23192","2686","9","0.444444","0.222222","0.2222222222222222","0","2022-10-25 15:08:03","3","6","0"
"3873510","22496","2686","17","0.17647","0.588235","3.588235294117647","3","2022-11-11 11:44:15","4","24","3"
"3874623","92723","2686","185","0.335135","0.383783","3.881081081081081","76","2022-11-24 02:44:26","139","666","63"
"3877726","54690","2685","52","0.538461","0.173076","1.7884615384615385","1","2022-09-24 14:48:29","28","35","0"
"3879847","18616","2684","16","0.25","0.5","2.1875","1","2022-11-10 08:29:07","9","49","7"
"3880585","42096","2684","36","0.472222","0.166666","1.3611111111111112","4","","0","2","0"
"3885376","57118","2682","6","1","0","0.8333333333333334","38","","0","2","3"
"3888719","15745","2681","72","0.527777","0.138888","4.819444444444445","39","2022-11-29 16:27:48","345","1738","293"
"3888766","16988","2681","34","0.264705","0.558823","0.4411764705882353","0","","0","0","0"
"3889423","27392","2681","233","0.630901","0.072961","0.721030042918455","43","2022-10-03 12:21:20","39","26","4"
"3889449","71307","2681","124","0.709677","0.096774","3.4838709677419355","351","2022-11-24 09:10:42","88","463","425"
"3890632","59866","2680","126","0.531746","0.206349","14.468253968253968","1158","2022-11-25 12:52:17","38","528","861"
"3893496","13253","3689","13","0.230769","0.307692","3.1538461538461537","0","2022-11-16 12:51:36","5","36","0"
"3894917","35448","2679","242","0.442148","0.214876","1.43801652892562","14","2022-11-29 21:10:07","151","244","10"
"3895697","14022","2679","88","0.522727","0.15909","0.9886363636363636","1","2022-10-27 22:06:01","50","47","4"
"3896283","15309","2679","8","0.25","0.5","1.375","3","2022-11-24 16:18:23","3","6","1"
"3897775","29966","2678","116","0.301724","0.293103","1.853448275862069","24","2022-11-21 10:55:59","69","144","14"
"3899431","13292","2678","271","0.191881","0.409594","1.2066420664206643","16","2022-11-29 11:59:51","108","125","8"
"3905079","48402","2675","19","0.473684","0.157894","2.263157894736842","9","2022-07-08 02:02:02","6","14","7"
"3906760","34493","2675","35","0.485714","0.2","1.4285714285714286","27","2022-11-29 17:45:24","11","14","13"
"3908235","13227","2675","9","0.666666","0.111111","3","2","2022-07-30 12:28:52","1","13","2"
"3915431","62629","2673","143","0.832167","0.013986","2.2867132867132867","8","2022-08-30 13:23:12","115","326","11"
"3915438","44749","2673","23","0.521739","0.130434","2.0434782608695654","9","2022-11-23 07:28:11","2","7","0"
"3922207","15185","2671","17","0.235294","0.470588","0.5294117647058824","1","2022-09-01 12:46:05","3","1","0"
"3923896","49507","2671","253","0.177865","0.521739","5.932806324110672","58","2022-11-10 14:52:54","149","1546","82"
"3924803","26733","2670","139","0.625899","0.100719","3.2517985611510793","14","2022-11-27 07:26:33","280","542","13"
"3926543","17437","2669","68","0.220588","0.441176","0.7058823529411765","18","2022-10-31 07:38:20","7","6","0"
"3928385","12855","2668","9","0.444444","0.111111","0.2222222222222222","1","","0","0","0"
"3929826","14484","2668","10","0.5","0","209.2","131","2022-09-06 07:43:59","11","686","45"
"3935035","12878","2715","21","0.523809","0.095238","2.9523809523809526","4","2022-11-09 09:45:07","12","61","1"
"3935156","12663","2667","17","0.588235","0.235294","7.588235294117647","0","2022-11-28 19:35:35","15","57","0"
"3937850","15182","2666","6","0","0.666666","1.3333333333333333","8","2022-09-13 17:09:04","3","6","10"
"3943312","119054","2664","365","0.49315","0.134246","4.756164383561644","10","2022-11-28 00:28:13","281","1644","8"
"3944322","30895","2664","197","0.654822","0.081218","1.3756345177664975","10","2022-11-28 16:48:40","220","241","14"
"3945473","12575","2664","79","0.734177","0.088607","2.1645569620253164","6","2022-11-18 18:10:03","68","176","4"
"3949993","15981","2662","13","0.615384","0.076923","0.6923076923076923","0","","0","0","0"
"3950370","14742","2662","24","0.708333","0.041666","1.25","12","2022-02-21 00:40:20","1","6","0"
"3955830","31704","2660","7","1","0","2","2","2022-06-14 05:57:55","36","165","23"
"3956070","45691","2660","9","0.777777","0","32.333333333333336","16","2022-10-15 13:53:01","8","168","1"
"3956731","14035","2660","10","0.1","0.5","0.3","1","2022-02-14 08:34:49","1","0","0"
"3957754","17010","2660","90","0.522222","0.233333","4.666666666666667","22","2022-11-27 23:33:26","47","233","7"
"3959875","75457","2659","131","0.801526","0.061068","15.114503816793894","154","2022-11-21 09:10:34","104","1676","95"
"3962537","19176","2658","6","0.666666","0","58.666666666666664","29","2022-11-19 22:54:49","5","149","19"
"3962914","391177","2658","6159","0.412404","0.230394","0.7941224224711804","2209","2022-11-28 10:09:12","310","116","39"
"3963067","28991","2658","101","0.524752","0.237623","1.603960396039604","38","2022-11-15 12:44:31","74","209","40"
"3965631","29492","2658","60","0.616666","0.083333","15.366666666666667","119","2022-11-28 22:21:51","87","1042","152"
"3971928","14478","2655","9","0.444444","0.444444","5.111111111111111","2","","0","2","0"
"3973137","14545","2655","6","0.166666","0.666666","3","6","2022-11-25 19:00:44","3","11","5"
"3978545","30777","2653","80","0.6875","0.1125","2.2375","102","2022-11-23 14:10:52","89","266","116"
"3980621","24572","2653","21","0.619047","0.142857","1.1904761904761905","14","2022-08-01 19:43:30","1","3","0"
"3982562","21542","2652","156","0.26923","0.435897","2.6153846153846154","139","2022-11-29 17:11:13","76","196","111"
"3984221","24050","2652","238","0.542016","0.105042","1.365546218487395","21","2022-11-24 16:42:29","26","40","4"
"3985749","21546","2651","13","1","0","3.6923076923076925","1","","0","0","0"
"3986005","17554","2651","127","0.692913","0.07874","5.952755905511811","25","2022-11-26 19:30:27","102","1106","39"
"3987294","24580","2651","17","0.411764","0.352941","8.705882352941176","17","2022-10-27 14:11:06","5","25","2"
"3987854","18876","2651","10","0.3","0.6","1.7","6","","0","6","4"
"3992939","18882","2649","66","0.5","0.196969","4.378787878787879","166","2022-04-23 09:42:35","11","46","10"
"3997611","14274","2647","54","0.777777","0.037037","2.1481481481481484","4","2022-10-11 08:55:23","22","63","2"
"4001592","62250","2646","613","0.344208","0.337683","1.897226753670473","394","2022-11-21 09:35:58","134","260","37"
"4003419","29823","2645","141","0.411347","0.219858","1.0921985815602837","31","2022-05-13 20:57:43","137","146","31"
"4013258","16149","2643","100","0.5","0.19","2.66","7","2022-09-25 21:41:11","1","1","0"
"4017501","10707","2641","47","0.574468","0.148936","3.276595744680851","10","2022-10-12 20:19:03","21","66","4"
"4025095","19409","2638","14","0.428571","0.285714","5","5","2022-03-07 01:24:53","1","10","1"
"4032703","12249","2637","25","0.28","0.44","4.44","219","2022-11-27 05:23:53","18","74","255"
"4039431","32574","2634","126","0.65873","0.071428","0.8571428571428571","23","2022-11-23 09:50:22","201","381","69"
"4044696","20400","2632","32","0.46875","0.1875","3.96875","10","2022-11-27 17:13:23","16","67","3"
"4045502","17665","2632","41","0.853658","0","2.8292682926829267","1","2022-11-24 18:42:45","25","86","1"
"4046632","14413","2632","233","0.407725","0.32618","4.515021459227468","211","2022-10-05 20:51:15","48","851","208"
"4052597","17424","2630","15","0.333333","0.333333","0.8","4","","0","0","0"
"4054974","28508","2630","25","0.44","0.24","2.16","5","2022-09-03 06:32:57","4","7","1"
"4055042","12393","2630","5","0.2","0.4","1.2","3","","0","1","1"
"4056181","13241","2630","18","0.555555","0.222222","0.9444444444444444","2","2022-11-28 15:46:39","12","23","8"
"4057038","10855","2629","8","0.25","0.625","0.875","0","","0","1","2"
"4057186","12506","2629","6","0.333333","0.166666","2.6666666666666665","22","","0","4","2"
"4061501","16415","2628","9","0.333333","0.444444","2.4444444444444446","7","2022-11-24 07:54:25","6","15","2"
"4062354","75112","2628","894","0.577181","0.139821","1.79082774049217","440","2022-07-28 15:05:54","129","203","66"
"4068779","21939","2625","6","1","0","1","3","2022-11-14 05:59:00","5","3","2"
"4076764","16647","2624","10","0","0.8","6.1","0","2022-11-09 21:42:57","13","42","1"
"4079967","14548","2623","8","0.75","0.25","2.25","0","2022-10-26 10:16:29","15","6","1"
"4081336","14988","2623","23","0.521739","0.217391","1.4782608695652173","8","2022-10-23 16:04:00","12","42","6"
"4082052","23905","2622","110","0.136363","0.627272","1.9545454545454546","19","2022-11-07 12:45:16","34","71","5"
"4083045","17834","2622","7","0.428571","0.285714","3.142857142857143","3","2022-11-15 14:02:43","14","10","2"
"4086177","11660","2621","10","0.5","0.2","1.7","0","2022-11-18 06:53:40","15","20","3"
"4094231","21665","3159","23","0.47826","0.391304","0.9130434782608695","3","2022-10-12 07:21:29","5","13","0"
"4094260","13092","2618","10","0.3","0.4","1.7","0","2022-09-12 16:16:37","10","22","2"
"4095056","14209","2618","76","0.394736","0.315789","0.6447368421052632","9","2022-06-13 09:12:59","36","31","5"
"4099454","14265","2617","33","0.121212","0.575757","0.3333333333333333","3","2022-11-25 12:20:18","6","3","0"
"4101154","15435","2616","17","0.235294","0.352941","0.5882352941176471","28","2022-10-15 09:18:56","9","2","12"
"4108590","21149","2614","18","0.388888","0.277777","2.5","3","2022-10-26 07:07:55","6","5","0"
"4108803","47514","2614","248","0.48387","0.225806","0.6209677419354839","643","2022-11-22 21:01:36","161","254","1231"
"4111295","10532","2613","5","0.2","0.6","6.6","4","","0","18","3"
"4111404","23043","2613","131","0.419847","0.198473","9.992366412213741","19","2022-11-20 16:35:39","82","674","15"
"4114907","16360","2612","25","0.36","0.32","2.16","67","2022-09-08 18:33:45","7","38","24"
"4115031","12670","2612","11","0.454545","0.090909","0.18181818181818182","2","2022-11-28 22:25:53","12","6","5"
"4116017","32884","2611","30","0.366666","0.2","1.7666666666666666","13","2022-10-01 04:18:07","13","28","6"
"4117728","129334","2611","812","0.440886","0.236453","6.502463054187192","403","2022-11-29 18:59:49","509","3265","177"
"4120631","11186","2610","30","0.333333","0.433333","0.26666666666666666","2","","0","1","0"
"4125751","20690","2609","59","0.694915","0.067796","1.0338983050847457","7","2022-11-25 12:49:24","62","35","11"
"4126114","10405","2609","12","0.166666","0.666666","1.25","0","2022-11-10 19:40:20","7","16","0"
"4126893","20587","2609","55","0.672727","0.018181","0.8545454545454545","0","2022-10-24 20:20:24","54","51","0"
"4131048","31692","2608","9","0.444444","0.222222","1","0","2022-11-22 09:25:52","14","15","6"
"4131059","14912","2608","10","0.9","0","5.6","5","2022-10-07 18:10:27","4","32","1"
"4133798","24528","2606","13","0.538461","0.307692","1","1","2022-03-14 19:40:06","1","3","0"
"4136777","14203","2605","16","0.375","0.4375","0.9375","0","","0","4","1"
"4137061","11177","2605","22","0.454545","0.227272","1.5454545454545454","3","2022-11-14 14:00:55","15","21","4"
"4137489","28410","2605","28","0.285714","0.25","4.178571428571429","28","2022-11-24 15:27:04","17","78","12"
"4137916","29087","2605","7","0.571428","0.142857","187.42857142857142","3","2022-11-28 15:59:20","14","1824","8"
"4137985","24104","2605","6","0","0.5","6.333333333333333","8","2022-02-15 09:02:49","1","4","0"
"4138801","11893","2605","10","0.3","0.2","13.4","15","2022-11-04 09:16:19","5","49","6"
"4139809","11736","2604","104","0.384615","0.230769","7.778846153846154","2","2022-10-19 04:28:47","92","900","1"
"4142130","13154","2604","14","0.357142","0.285714","0.21428571428571427","0","","0","8","0"
"4142924","34895","2604","36","0.555555","0.194444","68.52777777777777","79","2022-11-19 19:31:59","44","2290","141"
"4144042","12029","3051","30","0.6","0.066666","3.433333333333333","9","2022-08-17 16:40:52","2","3","1"
"4151599","31382","2602","39","0.51282","0.179487","2.717948717948718","10","2022-11-27 04:11:44","98","197","5"
"4153426","13821","2601","37","0.216216","0.297297","0.8648648648648649","4","2022-10-19 05:36:40","13","13","1"
"4157589","15605","2600","20","0.55","0.1","0.45","11","2022-04-28 21:43:04","46","11","18"
"4158274","14947","2599","63","0.79365","0.047619","0.7619047619047619","17","2022-11-18 16:15:36","19","13","2"
"4158862","14567","2599","31","0.451612","0.16129","4.483870967741935","16","2022-11-24 05:08:17","25","108","32"
"4162356","37752","2598","135","0.17037","0.622222","1.7851851851851852","44","2022-11-29 19:39:03","58","111","29"
"4167200","30594","2597","48","0.645833","0.083333","6.625","52","2022-11-20 19:18:17","171","752","148"
"4168607","21173","2596","89","0.550561","0.134831","6.595505617977528","184","2022-11-26 05:22:07","39","331","116"
"4175750","18691","2595","6","1","0","0.16666666666666666","0","2022-02-23 02:44:37","1","2","0"
"4180797","14887","2593","9","0.111111","0.777777","1.3333333333333333","0","","0","1","1"
"4183191","22501","2592","126","0.63492","0.126984","2.484126984126984","13","2022-11-24 12:39:16","22","57","5"
"4183498","10029","2592","17","0.705882","0.058823","1.6470588235294117","5","2022-11-14 14:56:17","7","6","1"
"4183702","12771","2592","8","0.5","0.125","2.125","0","","0","1","0"
"4184842","11989","2591","7","0.571428","0","5.285714285714286","1","2022-06-13 16:21:06","5","5","0"
"4185234","24024","2591","133","0.30827","0.315789","0.7142857142857143","88","2022-11-10 14:20:41","18","7","1"
"4189814","19480","2590","257","0.536964","0.120622","1.7704280155642023","14","2022-11-25 16:36:24","202","335","28"
"4191767","10461","2590","38","0.736842","0.078947","1.1842105263157894","8","2022-10-16 03:35:03","10","17","5"
"4197505","10276","2588","17","0.470588","0.058823","3.0588235294117645","14","2022-09-27 09:43:50","3","19","2"
"4207306","18680","2585","9","0.444444","0.222222","10.11111111111111","40","2022-10-27 07:26:09","3","6","2"
"4212158","20422","2584","16","0.3125","0.4375","1.4375","8","2022-04-04 18:21:48","6","7","1"
"4216641","20315","2582","70","0.485714","0.257142","18.885714285714286","121","2022-11-22 23:50:00","17","701","71"
"4217682","19561","2582","321","0.632398","0.071651","1.5514018691588785","3","2022-11-29 22:12:25","183","234","0"
"4217744","35397","2582","8","0","0.75","0.875","49","2022-04-25 13:59:33","1","3","27"
"4222206","10030","2581","243","0.666666","0.090534","0.6255144032921811","3","2022-11-29 19:31:07","400","383","18"
"4228275","13852","2580","78","0.820512","0.025641","2.6923076923076925","107","","0","2","1"
"4228458","27352","2580","5","0","1","9.2","0","2022-10-05 16:12:54","4","14","0"
"4230618","24049","2579","35","0.714285","0.057142","2.914285714285714","23","2022-02-17 01:40:34","1","4","0"
"4233642","18364","2578","90","0.811111","0.022222","1.9555555555555555","73","2022-11-18 07:38:57","35","57","11"
"4235784","21657","2577","9","0.444444","0.222222","8","14","2022-10-05 14:15:09","5","18","5"
"4238408","151178","2576","1489","0.555406","0.144392","1.4412357286769644","239","2022-09-29 14:12:01","251","615","44"
"4244136","15876","2575","49","0.816326","0.061224","13.714285714285714","122","2022-11-24 14:28:05","28","478","113"
"4244780","10991","2575","18","0.333333","0.333333","3.888888888888889","18","","0","0","0"
"4248328","72243","2574","61","0.540983","0.196721","4.344262295081967","119","2022-11-25 07:38:11","33","132","72"
"4251431","15561","2573","6","0","0.666666","0.16666666666666666","0","2022-02-06 11:47:53","1","4","5"
"4252352","10009","2573","33","0.484848","0.181818","7.484848484848484","1","2022-11-23 18:52:26","13","102","1"
"4253229","18726","2573","22","0.363636","0.363636","81.5909090909091","48","2022-06-07 15:26:50","4","936","30"
"4253437","36820","2573","5","0","0.6","0.4","0","","0","0","0"
"4254517","40631","2572","113","0.38938","0.150442","2.52212389380531","2","2022-11-14 13:45:17","81","190","3"
"4256274","17351","2572","16","0.375","0.3125","4.9375","6","2022-11-17 11:58:45","4","10","0"
"4262407","10776","2570","64","0.5625","0.125","1.609375","2","2022-11-29 11:00:59","43","86","3"
"4265103","17822","2569","65","0.830769","0","1.0307692307692307","0","2022-11-24 14:44:33","29","69","0"
"4265352","73650","2569","58","0.37931","0.189655","4.431034482758621","2","2022-11-17 08:08:21","30","150","3"
"4267244","28726","2569","29","0.655172","0.137931","7.241379310344827","42","2022-11-17 21:15:27","18","102","13"
"4269535","16558","2568","281","0.686832","0.056939","0.47330960854092524","81","2022-11-29 06:24:08","310","153","1345"
"4275342","24867","2567","18","0.5","0.055555","3.0555555555555554","19","2022-11-14 15:06:07","9","26","13"
"4279155","17547","2566","330","0.433333","0.230303","1.6272727272727272","251","2022-11-29 14:51:06","340","462","292"
"4281353","23144","2565","54","0.37037","0.425925","1.5185185185185186","1","2022-11-08 04:17:29","15","10","0"
"4281779","67535","2565","12","0.833333","0","1.9166666666666667","27","2022-03-16 17:52:11","1","3","7"
"4283005","11326","2565","15","0.933333","0","1.2666666666666666","1","2022-11-08 12:38:49","3","17","0"
"4296747","54032","2561","5","1","0","3.2","1","2022-09-20 16:56:41","8","8","1"
"4299560","17731","2560","15","0.4","0.266666","2.3333333333333335","1","2022-08-02 23:31:23","4","36","0"
"4307136","10090","2558","329","0.644376","0.100303","0.9027355623100304","114","2022-09-10 02:59:19","5","7","1"
"4317058","25569","2555","81","0.604938","0.185185","2.802469135802469","83","2022-09-25 06:11:18","39","156","74"
"4318868","60462","2554","9","0.444444","0.333333","0.7777777777777778","4","","0","0","0"
"4323935","11072","2553","13","0.307692","0.153846","3.4615384615384617","7","2022-06-08 07:47:48","6","26","3"
"4326936","12297","2552","8","0.125","0.625","1","0","","0","1","0"
"4333359","59717","2550","313","0.408945","0.220447","1.8146964856230032","119","2022-06-23 18:34:33","28","71","12"
"4339402","16443","2549","246","0.654471","0.09756","1.7154471544715446","196","2022-11-29 19:16:32","118","142","81"
"4342498","183755","2548","210","0.447619","0.190476","9.647619047619047","107","2022-11-28 17:44:15","89","1429","80"
"4346285","17718","2547","63","0.841269","0.015873","1.1111111111111112","10","2022-08-24 10:19:02","3","2","0"
"4349415","10843","2546","48","0.4375","0.270833","5.729166666666667","37","2022-11-08 09:50:51","18","63","2"
"4352772","17654","2545","71","0.718309","0.084507","1.0704225352112675","2","2022-11-17 12:46:03","33","52","1"
"4354477","45070","2545","167","0.455089","0.185628","4.8562874251497","275","2022-11-24 21:25:48","63","350","111"
"4363864","10840","2542","61","0.426229","0.311475","2.9344262295081966","17","2022-11-23 15:15:47","18","31","3"
"4365460","10678","2541","6","0.833333","0","2","8","2022-10-28 08:10:42","6","8","6"
"4369919","17312","2540","196","0.561224","0.112244","2.795918367346939","86","2022-11-29 12:31:22","145","434","88"
"4374291","14360","2539","5","0","0.6","0.4","0","2022-11-08 07:46:19","4","8","1"
"4378314","11794","2538","15","0.2","0.6","6.333333333333333","37","2022-11-21 02:51:00","11","87","21"
"4379151","33331","2538","10","0.7","0.3","3.5","6","2022-06-11 17:41:24","24","72","3"
"4381487","12019","2537","26","0.26923","0.26923","2.5384615384615383","6","2022-03-26 23:16:50","1","1","2"
"4385913","20766","2535","52","0.461538","0.25","2.1923076923076925","3","2022-11-11 08:26:55","10","37","1"
"4386278","17693","2535","98","0.489795","0.173469","6.040816326530612","40","","0","0","0"
"4386427","44748","2535","375","0.341333","0.32","3.56","66","2022-11-25 08:09:01","33","321","19"
"4388776","13922","2534","10","0","0.5","0.3","4","2022-09-28 17:54:58","3","2","0"
"4390133","19965","2534","12","0.083333","0.833333","1.3333333333333333","31","2022-10-05 08:41:28","8","10","32"
"4390160","32497","2534","245","0.359183","0.281632","3.5061224489795917","39","2022-11-29 01:29:31","351","1154","79"
"4393565","19591","2532","118","0.711864","0.067796","1.2966101694915255","31","2022-11-25 07:03:55","73","87","26"
"4394169","11293","2532","182","0.456043","0.208791","1.6483516483516483","3","2022-11-22 23:52:53","66","79","0"
"4398966","15774","2529","186","0.290322","0.306451","1.8387096774193548","38","2022-11-28 22:50:11","184","233","47"
"4399281","21525","2529","43","0.465116","0.255813","0.4418604651162791","1","2022-08-13 10:10:18","2","2","0"
"4403732","23153","2528","52","0.346153","0.25","6.211538461538462","7","2022-10-29 19:46:13","31","127","2"
"4405757","17986","2527","54","0.333333","0.333333","1.7037037037037037","15","2022-11-27 07:18:44","17","36","4"
"4409113","17026","2526","7","0.714285","0","5.428571428571429","38","2022-03-27 14:37:31","1","1","1"
"4413446","22278","2524","17","0.647058","0.117647","0.8235294117647058","9","2022-11-02 19:33:53","11","8","5"
"4419802","15522","2521","62","0.548387","0.064516","1","0","2022-11-23 14:16:14","39","21","1"
"4420812","20312","2521","8","0.625","0.125","0.625","0","2022-05-05 18:24:41","1","2","0"
"4423545","12062","2520","34","0.147058","0.529411","2.676470588235294","9","2022-11-26 02:28:39","38","44","9"
"4425849","12128","2520","6","0.333333","0.166666","2.1666666666666665","1","","0","2","0"
"4427777","14489","2519","47","0.382978","0.361702","2.851063829787234","12","2022-11-18 10:09:47","34","70","2"
"4431643","12782","2518","9","0.222222","0.333333","1.6666666666666667","3","2022-11-29 06:25:10","5","5","2"
"4433326","11712","2518","7","0","0.571428","1.1428571428571428","12","2022-05-18 10:56:09","2","8","1"
"4433386","37022","2518","78","0.589743","0.217948","4","61","2022-11-24 11:53:32","125","573","113"
"4447540","25376","2513","27","0.629629","0.148148","0.8518518518518519","0","2022-11-23 02:22:57","992","884","25"
"4451315","11202","2513","20","0.2","0.5","3.65","3","2022-11-05 15:08:19","16","57","4"
"4451521","10675","2512","7","0.571428","0.285714","32.857142857142854","8","2022-11-17 02:31:32","8","162","4"
"4454124","11109","2512","8","0.5","0.375","1.875","2","2022-11-16 18:56:35","2","14","2"
"4459617","10920","2511","119","0.697478","0.042016","1.1680672268907564","6","2022-11-29 23:05:56","40","66","5"
"4467208","37930","2508","12","0.25","0.333333","2.5833333333333335","2","2022-11-09 13:12:23","3","10","0"
"4468021","10873","2508","10","0.5","0.1","0.5","2","2022-09-22 11:48:32","11","14","6"
"4470365","23435","2507","19","0.210526","0.421052","1.105263157894737","28","2022-11-24 16:13:18","20","20","22"
"4473405","16185","2506","14","0.785714","0","0.2857142857142857","1","2022-11-22 13:42:32","4","1","2"
"4474230","11123","2506","100","0.52","0.17","2.91","36","2022-11-22 02:40:24","45","80","5"
"4474419","16294","2506","8","0.25","0.5","2.75","0","2022-11-10 23:50:48","12","44","0"
"4475605","16772","2506","5","0.6","0.4","7","4","2022-11-13 23:37:08","2","24","6"
"4479309","23656","2505","19","0.526315","0.052631","4.7368421052631575","11","2022-11-18 14:39:38","16","39","8"
"4480164","59712","2505","7","0.428571","0.428571","31","2","2022-04-30 12:02:16","5","178","5"
"4488252","25414","2503","5","0","1","0.2","0","2022-11-01 20:49:00","2","0","0"
"4492932","57378","2501","138","0.391304","0.275362","2.717391304347826","97","2022-11-28 06:00:20","58","194","65"
"4497050","43544","2499","5","0.6","0.2","5.6","24","2022-03-30 02:51:07","2","22","20"
"4497519","10128","2499","8","0.625","0.25","2.125","1","2022-03-03 09:34:48","1","5","0"
"4498470","10430","2499","9","0.333333","0.444444","0.3333333333333333","4","","0","1","0"
"4499941","11973","2499","85","0.741176","0.082352","0.8705882352941177","1","2022-11-25 11:15:09","39","46","0"
"4510033","15499","2496","21","0.142857","0.666666","5.619047619047619","5","2022-11-29 16:03:15","11","108","1"
"4511702","31642","2496","11","0.727272","0.181818","0.45454545454545453","2","2022-03-20 23:23:59","9","4","0"
"4517450","11099","2494","12","0","0.833333","0","0","2022-09-22 06:24:57","10","0","0"
"4518274","55578","2493","46","0.717391","0.043478","2","23","2022-11-26 13:20:51","37","63","24"
"4518341","34182","2493","266","0.345864","0.334586","7.018796992481203","1756","2022-11-22 17:00:35","135","1797","1723"
"4525448","31389","2492","5","0.2","0.4","3.2","0","2022-09-23 17:58:29","1","0","0"
"4534923","11122","2490","22","0.363636","0.181818","4.7272727272727275","11","2022-11-26 14:50:33","146","330","167"
"4535200","26576","2490","54","0.648148","0.074074","2.9074074074074074","42","2022-10-18 18:47:52","34","137","49"
"4537090","13109","2489","40","0.25","0.575","2.675","1","2022-11-29 12:17:23","35","72","5"
"4539709","12505","2488","8","0.625","0.125","4","71","2022-07-01 23:27:56","16","45","71"
"4540141","19061","2488","7","0.142857","0.285714","0.8571428571428571","0","2022-11-09 19:27:15","1","2","0"
"4540183","16695","2488","6","0.166666","0.5","0.3333333333333333","3","2022-11-07 13:42:05","13","6","10"
"4541045","20384","2488","314","0.429936","0.27707","2.082802547770701","177","2022-11-28 22:42:23","128","374","131"
"4543207","26289","2487","50","0.04","0.8","1.62","1","2022-11-23 20:07:38","23","44","3"
"4544823","14073","2486","5","0.4","0.2","1.2","1","2022-08-30 18:47:37","1","2","1"
"4549682","16226","2485","15","0.066666","0.533333","3.4","6","2022-11-04 14:33:46","3","28","1"
"4551041","14440","2485","6","0.333333","0.5","4.5","39","","0","8","16"
"4552295","34892","2485","116","0.232758","0.439655","1.396551724137931","53","2022-11-29 16:12:45","152","208","57"
"4554116","11010","2484","30","0.4","0.1","1.2","1","","0","0","0"
"4554883","10267","2654","52","0.423076","0.230769","2.8461538461538463","16","2022-10-11 13:41:14","15","131","9"
"4561314","41605","4261","26","0.230769","0.615384","3.730769230769231","4","","0","0","0"
"4561887","57363","2482","92","0.152173","0.706521","5.25","134","2022-11-29 16:50:23","114","520","167"
"4565947","15419","2481","61","0.360655","0.262295","4.672131147540983","62","2022-11-22 04:41:09","28","260","39"
"4571271","18375","2479","369","0.409214","0.195121","1.5501355013550135","32","2022-11-22 08:33:09","374","336","7"
"4573247","73659","2479","116","0.560344","0.224137","1.9137931034482758","13","2022-11-25 14:06:21","42","85","5"
"4573410","19009","2479","13","0.76923","0.153846","1.3846153846153846","4","2022-08-31 18:38:36","4","3","1"
"4574281","29277","2478","17","0.058823","0.764705","1.5294117647058822","6","2022-09-02 07:51:47","14","11","4"
"4575071","19994","2478","8","0.375","0.375","0.375","0","","0","0","0"
"4575350","35334","2478","134","0.552238","0.156716","6.880597014925373","374","2022-11-08 04:49:52","4","107","53"
"4581301","34272","2477","73","0.465753","0.219178","58.32876712328767","273","2022-11-27 04:30:48","60","3197","209"
"4585963","11622","2476","31","0.32258","0.290322","4.516129032258065","1","2022-11-19 04:17:40","25","92","0"
"4593267","153078","2473","562","0.311387","0.322064","1.4199288256227758","737","2022-11-29 21:12:56","690","978","870"
"4595675","40113","2472","21","0.333333","0.238095","2.1904761904761907","10","2022-10-07 13:50:40","58","221","216"
"4597501","26782","2472","13","0.307692","0.538461","0.46153846153846156","3","2022-04-26 13:46:11","2","1","1"
"4600136","13512","2471","7","0.142857","0.857142","0","1","2022-07-24 15:40:38","3","3","0"
"4603670","31839","2470","73","0.630136","0.027397","3.9452054794520546","25","2022-11-28 03:12:30","5","19","0"
"4604579","218652","2470","440","0.827272","0.018181","2.772727272727273","45","2022-11-29 06:26:39","311","762","49"
"4604701","17415","2470","7","0.571428","0","7.285714285714286","9","2022-10-14 01:15:40","2","26","1"
"4608204","14269","2469","5","0.4","0.4","1.4","3","","0","2","0"
"4616087","14640","2468","6","0.333333","0.166666","2.1666666666666665","3","2022-11-10 14:37:48","4","17","0"
"4618331","10361","2467","39","0.641025","0.153846","0.28205128205128205","11","2022-11-25 17:50:02","42","33","4"
"4619958","17935","2466","111","0.441441","0.324324","3.2612612612612613","24","2022-11-29 05:40:46","37","135","8"
"4620771","122421","2466","60","0.233333","0.466666","0.6166666666666667","0","2022-11-29 22:04:46","16","16","0"
"4621513","24550","2466","212","0.481132","0.20283","14.570754716981131","5116","2022-11-29 01:42:32","131","2139","4464"
"4622046","11358","2465","54","0.537037","0.148148","1.0185185185185186","1","2022-10-10 10:43:53","6","15","0"
"4629810","10571","2464","5","0.4","0.4","1.4","0","","0","0","0"
"4632019","26260","2463","26","0.230769","0.5","4","15","2022-11-01 14:24:24","9","101","11"
"4636534","10933","2462","62","0.629032","0.080645","1.9193548387096775","4","2022-11-16 09:59:16","20","39","0"
"4637585","22626","2462","95","0.705263","0.08421","2.5157894736842104","21","2022-11-26 19:24:10","75","141","5"
"4642212","19828","2461","37","0.54054","0.243243","64.24324324324324","625","2022-11-26 08:26:28","14","1196","321"
"4642316","11314","2461","14","0","0.785714","1","0","","0","8","0"
"4643584","24812","2460","41","0.292682","0.536585","0.8048780487804879","7","2022-08-17 08:20:12","34","16","2"
"4645334","16411","2460","132","0.469696","0.181818","8.386363636363637","95","2022-08-27 15:48:57","2","55","2"
"4646738","10969","2459","11","0.636363","0.090909","1.3636363636363635","5","2022-08-11 20:29:55","4","15","2"
"4650297","23547","2458","6","0.333333","0.333333","9.833333333333334","12","2022-11-25 04:16:09","3","40","11"
"4652358","12958","2457","49","0.367346","0.367346","3.4285714285714284","5","2022-11-29 08:50:58","22","93","0"
"4652706","20522","2457","26","0.230769","0.653846","0.3076923076923077","2","2022-11-25 18:00:25","118","16","11"
"4653379","67462","2457","111","0.243243","0.315315","4.333333333333333","82","2022-11-22 20:05:12","141","532","62"
"4653436","10971","2457","31","0.064516","0.774193","0.4838709677419355","1","2022-11-01 19:19:16","9","18","0"
"4653485","14973","2457","31","0.580645","0.225806","2.3225806451612905","10","2022-10-18 09:34:13","19","35","10"
"4653675","23104","2457","154","0.792207","0.058441","0.8246753246753247","29","2022-11-28 13:01:49","71","64","28"
"4657412","31181","2456","54","0.777777","0.055555","7.574074074074074","30","2022-11-24 12:55:33","64","278","12"
"4662347","21535","2455","10","0.8","0.2","3.2","0","","0","3","0"
"4663670","31499","2455","19","0.842105","0.105263","3.3684210526315788","0","2022-10-25 09:55:01","1","13","0"
"4664415","10581","2455","80","0.6","0.125","1.7875","1","2022-05-24 00:10:31","5","20","0"
"4667835","55140","2454","120","0.641666","0.083333","1.7666666666666666","293","2022-11-16 13:48:22","64","162","443"
"4669778","12091","2453","16","0.4375","0.375","2.375","5","2022-09-07 12:33:58","9","39","9"
"4671754","10571","2453","16","0.5625","0.25","2.3125","24","2022-10-14 08:27:46","10","34","14"
"4672588","20856","2452","17","0.588235","0.058823","3.411764705882353","23","2022-11-21 12:18:45","12","13","8"
"4677305","20202","2451","46","0.413043","0.282608","5.608695652173913","43","2022-11-29 12:58:25","51","255","58"
"4677951","15162","2451","12","0.75","0.083333","3.1666666666666665","12","2022-03-31 10:43:50","1","2","0"
"4679320","14467","2450","90","0.522222","0.055555","12.7","309","2022-08-31 12:04:46","39","743","48"
"4679965","12021","2450","58","0.310344","0.344827","1.206896551724138","12","","0","3","0"
"4680018","17396","2450","14","0.357142","0.428571","5.571428571428571","3","","0","29","0"
"4681341","11118","2450","13","0.307692","0.230769","0.6923076923076923","1","","0","1","2"
"4684797","21024","2449","16","0.1875","0.625","3.875","45","2022-11-22 15:42:16","20","89","26"
"4684861","11251","2449","6","0.333333","0.333333","2.3333333333333335","2","2022-08-05 15:21:48","29","65","2"
"4685471","60872","2449","107","0.766355","0.06542","11.261682242990654","5896","2022-10-22 18:48:53","15","451","3808"
"4690866","26964","2448","41","0.756097","0.02439","1.3414634146341464","2","2022-11-21 18:29:45","37","49","6"
"4690946","15919","2448","13","0.230769","0.384615","2.6153846153846154","0","2022-10-17 16:43:01","11","17","0"
"4691279","14818","2448","18","0.388888","0.555555","1.7222222222222223","6","2022-11-26 06:48:38","9","17","1"
"4692049","14901","2448","23","0.043478","0.73913","0.21739130434782608","26","2022-11-27 15:42:23","11","7","7"
"4694013","10629","2447","19","0.105263","0.736842","0.5789473684210527","0","2022-05-19 07:29:49","5","2","0"
"4698242","11554","2446","6","0.333333","0.666666","10.5","0","2022-08-12 04:07:28","1","4","0"
"4698790","13549","2445","12","0.166666","0.75","1.25","0","2022-11-23 22:31:57","5","13","5"
"4700156","18392","2445","10","0.2","0.6","6","4","2022-09-29 20:22:14","7","105","9"
"4700922","11538","2491","24","0.375","0.333333","1.7916666666666667","10","2022-11-28 03:59:11","9","27","8"
"4702146","11003","2444","12","0.333333","0.166666","0.75","0","2022-02-15 08:37:49","1","0","0"
"4704616","10522","2444","7","0","0.571428","0.2857142857142857","0","2022-10-13 10:46:17","5","13","0"
"4705339","12937","2444","5","0.4","0.2","7","2","2022-04-27 22:11:28","1","3","1"
"4706171","23461","2443","67","0.313432","0.358208","0.2537313432835821","60","2022-09-12 11:00:41","15","0","20"
"4706711","10636","2443","18","0.833333","0.166666","1.4444444444444444","4","2022-11-28 21:14:49","17","24","0"
"4706785","36822","2443","29","0.103448","0.551724","39.275862068965516","0","2022-11-09 01:52:34","13","814","0"
"4712734","16463","2442","169","0.502958","0.195266","1.1301775147928994","1","2022-11-16 13:24:52","137","198","1"
"4714829","14205","2441","5","0.8","0","3.8","2","","0","1","0"
"4715546","13554","2441","5","0","0.6","1","0","","0","0","0"
"4716245","20962","2441","50","0.6","0.2","1.52","65","","0","0","0"
"4718350","16292","2441","259","0.447876","0.239382","1.8532818532818534","65","2022-11-29 14:27:36","193","344","112"
"4718413","10083","2441","10","0.4","0.3","9.9","0","2022-05-17 23:49:29","2","17","0"
"4720018","14849","2440","50","0.18","0.58","5.44","307","2022-11-24 14:02:19","38","197","187"
"4722345","10043","2440","42","0.523809","0.285714","4.095238095238095","5","2022-11-03 10:08:39","20","150","17"
"4727702","12330","2438","110","0.481818","0.218181","4.509090909090909","239","2022-11-29 14:32:22","75","322","107"
"4728685","23781","2437","8","0.5","0.25","31.75","33","","0","1","3"
"4732175","11242","2436","5","0","0.8","0.2","0","2022-07-08 06:08:55","2","0","0"
"4742733","24129","2434","21","0.047619","0.809523","0.7619047619047619","16","2022-11-25 10:02:06","15","11","5"
"4744514","57911","2434","417","0.748201","0.038369","0.6211031175059952","61","2022-11-29 09:31:48","344","207","30"
"4746087","13207","2433","21","0.142857","0.666666","0.38095238095238093","6","2022-11-11 12:27:43","6","12","4"
"4747193","15617","2433","19","0.631578","0.105263","0.8421052631578947","1","","0","4","0"
"4747587","17951","2433","8","0.5","0.5","1","1","","0","0","0"
"4751165","16326","2431","6","0.833333","0","0.16666666666666666","1","2022-06-13 20:07:09","1","0","0"
"4751173","22831","2431","12","0.25","0.333333","2.4166666666666665","2733","2022-08-19 14:12:14","10","26","3422"
"4752675","37861","2431","48","0.708333","0.125","2.6875","18","2022-11-29 23:12:28","28","79","9"
"4754881","11760","2430","5","0","0.8","0","0","","0","0","0"
"4755954","19387","2430","496","0.433467","0.221774","2.4899193548387095","125","2022-11-27 10:30:36","15","39","4"
"4756299","35175","2430","80","0.2875","0.3625","17.6125","6","2022-11-27 02:31:00","43","609","2"
"4758119","23861","2429","12","0.666666","0.25","4.166666666666667","42","2022-10-20 13:28:30","4","25","27"
"4758255","29936","2429","57","0.368421","0.22807","2","120","2022-04-04 17:51:14","15","75","22"
"4758494","22549","2429","181","0.220994","0.453038","2.149171270718232","60","2022-10-12 06:16:57","21","46","8"
"4768502","19275","2427","16","0.5625","0.125","13.75","45","2022-11-14 17:18:59","9","114","34"
"4770166","23868","2427","13","0.461538","0.230769","1.8461538461538463","5","2022-02-11 08:08:07","1","0","0"
"4770877","35389","2427","185","0","0.864864","0.016216216216216217","6","2022-11-01 17:45:17","105","1","35"
"4785185","78046","2422","432","0.351851","0.319444","4.921296296296297","143","2022-03-11 21:21:20","1","6","0"
"4788546","41688","2422","58","0.603448","0.086206","5.672413793103448","23","2022-11-17 17:37:38","92","380","54"
"4790871","32539","4117","6","0.166666","0.333333","10.5","13","2022-07-20 16:24:51","9","56","11"
"4790924","14493","3402","5","0","0.4","2.6","0","2022-11-26 19:23:07","16","44","10"
"4791116","22431","2421","32","0.125","0.6875","0.25","1","2022-11-27 03:37:15","18","3","1"
"4797289","12370","2420","33","0","0.90909","0.42424242424242425","0","2022-05-16 11:07:08","13","7","0"
"4799035","11082","2419","114","0.719298","0.043859","3.3947368421052633","157","2022-11-28 23:06:04","76","299","85"
"4799172","13364","2419","7","0.428571","0","46.42857142857143","15","2022-11-12 08:12:27","2","65","1"
"4800344","24697","2419","250","0.648","0.144","4.7","526","2022-11-14 23:53:44","140","765","409"
"4804629","26156","2418","5","0.6","0","7.6","3","2022-02-06 12:14:13","3","30","5"
"4808079","11554","2417","16","0.3125","0.625","1.8125","4","2022-10-24 20:33:44","9","24","2"
"4808122","21338","2417","200","0.35","0.275","2.045","37","2022-11-25 13:55:59","39","76","4"
"4812170","11529","2416","16","0.125","0.3125","0.75","7","2022-09-29 03:04:19","28","8","15"
"4813913","32625","2415","56","0.535714","0.178571","7.464285714285714","703","2022-05-26 04:35:16","6","137","144"
"4819376","13495","2414","36","0.361111","0.333333","5.305555555555555","87","2022-10-05 13:25:58","19","99","52"
"4826740","10888","2412","54","0.5","0.24074","2.611111111111111","56","2022-07-19 20:34:50","3","24","58"
"4830196","10873","2412","52","0.461538","0.211538","7.9423076923076925","31","2022-11-22 17:27:38","78","278","32"
"4832499","21641","2411","8","0.25","0.5","8.875","6","2022-11-02 12:10:13","16","301","24"
"4833705","19813","2410","64","0.375","0.390625","3.984375","0","2022-11-19 18:11:27","25","124","1"
"4838058","11241","2409","7","0.285714","0.428571","1.1428571428571428","1","2022-11-27 21:40:59","7","11","1"
"4850040","32981","2406","21","0.333333","0.47619","8.904761904761905","149","2022-11-19 09:16:38","7","90","41"
"4851565","10927","2406","5","0.2","0.6","0.8","0","2022-10-20 16:18:59","5","1","0"
"4851590","153575","2406","436","0.598623","0.091743","4.323394495412844","746","2022-11-23 22:47:01","258","1195","635"
"4853133","11553","2405","31","0.16129","0.677419","0.967741935483871","35","2022-10-31 06:05:16","26","12","7"
"4854046","10705","2405","10","0.4","0.1","1","1","2022-07-07 08:57:39","7","5","4"
"4855306","29470","2405","41","0.463414","0.292682","2.6097560975609757","0","2022-07-02 00:03:09","36","124","2"
"4858777","41910","2403","29","0.137931","0.655172","0.2413793103448276","2","","0","0","0"
"4859910","11893","2403","7","0.428571","0.428571","0.5714285714285714","0","2022-10-27 06:49:30","15","9","1"
"4861873","10414","2402","49","0.408163","0.306122","1.2653061224489797","6","2022-02-14 11:50:50","1","1","2"
"4862445","50412","2402","67","0.895522","0.014925","5.7611940298507465","5","2022-11-26 15:32:06","49","179","1"
"4865723","12561","2401","11","0.272727","0.545454","8.090909090909092","132","2022-11-22 07:44:09","48","224","250"
"4870695","17768","2400","62","0.403225","0.290322","1.3225806451612903","4","2022-11-15 11:48:46","19","29","0"
"4880924","36283","2397","19","0","0.842105","4.052631578947368","3","2022-11-28 22:17:53","10","65","1"
"4891253","12284","2394","8","0.875","0.125","2.125","7","","0","3","0"
"4897779","11631","2393","38","0.5","0.105263","1.9736842105263157","1","2022-11-10 09:07:12","22","40","0"
"4909087","407295","2389","102","0.441176","0.323529","3.1862745098039214","167","2022-02-28 09:47:42","8","29","6"
"4911842","24965","2388","12","0.333333","0.416666","2.25","50","","0","0","11"
"4922375","49943","2386","8","0.375","0.375","2.75","5","2022-10-25 09:22:23","1","1","1"
"4923755","17286","2385","108","0.777777","0.046296","3.1203703703703702","178","2022-11-24 15:20:38","35","136","55"
"4925661","17113","2385","25","0.2","0.6","2.88","0","2022-09-17 08:00:40","12","33","0"
"4926757","32594","2824","198","0.80808","0.030303","2.095959595959596","20","2022-11-29 10:44:34","150","538","18"
"4928642","21929","2384","8","0.375","0.375","5.25","7","2022-05-13 15:20:38","2","14","3"
"4929531","14720","2384","111","0.801801","0.036036","1.8558558558558558","78","2022-11-08 18:35:39","34","68","13"
"4929646","11482","2384","28","0.714285","0.035714","2.1785714285714284","13","2022-11-21 15:25:32","17","35","12"
"4944425","12867","2379","75","0.32","0.28","6.28","16","2022-11-28 10:03:06","58","371","8"
"4949005","10931","2378","13","0.307692","0.307692","4.6923076923076925","1","2022-06-17 07:37:51","3","13","0"
"4953079","62960","2377","51","0.882352","0","2.843137254901961","11","2022-04-21 18:25:02","12","47","2"
"4954037","47421","2377","21","0.285714","0.47619","4.857142857142857","8","2022-11-18 15:49:01","38","147","5"
"4956907","17140","2376","6","0.5","0.5","5.333333333333333","7","2022-10-31 14:36:14","6","24","4"
"4960953","11354","2374","8","0.625","0","2.75","1","2022-10-19 15:41:52","3","16","4"
"4964553","14927","2373","43","0.395348","0.418604","0.9302325581395349","0","2022-09-12 10:56:14","11","9","0"
"4964569","19043","2373","33","0.181818","0.484848","0.45454545454545453","11","2022-11-28 02:53:40","6","8","6"
"4964822","17845","2373","107","0.476635","0.168224","7.280373831775701","38","2022-11-22 19:13:55","124","812","60"
"4965549","52526","2373","255","0.439215","0.164705","2.4","67","2022-11-29 16:35:18","285","633","78"
"4966953","21710","2373","16","0.875","0","2.3125","3","","0","1","0"
"4967403","10910","2373","22","0.636363","0.090909","1.2727272727272727","4","2022-03-10 16:51:03","3","8","2"
"4975822","17783","2371","6","0.666666","0.166666","0.6666666666666666","1","","0","0","0"
"4975981","12505","2370","85","0.352941","0.247058","1.5058823529411764","49","2022-08-09 21:07:14","4","6","3"
"4976422","13008","2370","11","0.363636","0.454545","1.2727272727272727","0","2022-11-29 09:29:44","1","0","0"
"4983450","215899","2368","420","0.509523","0.192857","1.2","90","2022-11-25 21:04:32","89","154","29"
"4984832","74329","2367","5","1","0","22.4","0","2022-07-10 01:07:52","2","20","0"
"4985176","23698","2367","69","0.710144","0.086956","1.4927536231884058","29","2022-11-11 12:36:35","67","99","26"
"4985580","15019","2367","39","0.615384","0.051282","1","1","2022-11-11 12:17:40","3","1","0"
"4985733","46952","2367","177","0.819209","0.056497","1.6327683615819208","57","2022-11-01 11:51:48","123","137","37"
"4987197","11166","2367","13","0.307692","0.230769","5.6923076923076925","6","2022-11-29 14:37:43","26","62","8"
"4988637","12789","2366","10","0.6","0.3","4.9","1","2022-09-26 06:48:36","10","26","11"
"4989451","14296","2366","269","0.353159","0.282527","3.163568773234201","31","2022-11-29 22:21:07","68","324","3"
"4989460","29265","2366","7","0.428571","0","1.7142857142857142","0","2022-07-10 23:33:44","5","4","0"
"4990572","13425","2366","6","0.5","0","1.6666666666666667","0","","0","2","0"
"4990642","21347","2366","47","0.191489","0.468085","2.3191489361702127","4","2022-11-07 19:21:19","25","56","0"
"4992594","11709","2366","38","0.447368","0.236842","1.3421052631578947","5","2022-08-30 08:55:54","15","22","5"
"4993128","51289","2365","186","0.387096","0.209677","1.4193548387096775","226","","0","0","0"
"4994021","13674","2365","7","1","0","0.42857142857142855","0","2022-04-07 20:22:22","1","1","0"
"4995828","10113","2365","71","0.211267","0.56338","2.436619718309859","65","2022-10-04 13:46:28","19","21","2"
"4996248","52116","2365","118","0.516949","0.237288","8.64406779661017","41","2022-11-29 10:13:28","58","382","30"
"4996779","22281","2365","22","0.818181","0.045454","2.409090909090909","0","2022-11-28 16:07:32","63","131","7"
"4999991","14495","2364","10","0.2","0.4","4.8","10","2022-11-07 19:46:03","8","63","12"
"5003756","37051","2363","84","0.47619","0.273809","1.0595238095238095","65","2022-10-24 03:27:19","62","77","52"
"5005177","16425","2362","35","0.657142","0.114285","7.685714285714286","10","2022-05-18 13:40:57","4","15","0"
"5008284","12460","2361","74","0.675675","0.121621","1.0945945945945945","4","2022-10-04 14:35:34","5","4","1"
"5012099","21044","2360","68","0.67647","0.044117","3.6911764705882355","50","2022-08-30 20:30:56","131","412","124"
"5012441","16435","2360","22","0.636363","0.045454","0.2727272727272727","0","","0","0","0"
"5013752","15418","2359","168","0.70238","0.083333","2.482142857142857","98","2022-11-24 14:53:50","33","135","41"
"5014455","97872","2359","277","0.418772","0.249097","19.91696750902527","219","2022-11-29 09:58:53","145","3157","114"
"5015207","13009","2359","16","0.75","0.125","3.625","2","2022-03-03 09:47:34","9","9","0"
"5015238","34498","2419","229","0.532751","0.10917","15.502183406113538","14","2022-11-29 18:27:41","230","3187","15"
"5015569","12565","2359","8","0.125","0.25","2.625","1","","0","0","0"
"5019169","11234","2358","9","0.222222","0.666666","2.111111111111111","4","2022-11-29 09:36:40","7","12","1"
"5019386","32143","2358","351","0.837606","0.019943","1.9458689458689458","45","2022-11-29 03:56:00","163","201","14"
"5024726","14193","2357","126","0.523809","0.198412","1.5555555555555556","324","2022-08-01 17:40:04","26","25","51"
"5025009","33659","2357","15","0.733333","0.133333","4.133333333333334","3","2022-11-24 20:52:46","4","26","21"
"5025116","33618","2357","61","0.688524","0.114754","3.377049180327869","164","2022-11-25 21:44:28","28","86","41"
"5028841","12628","2356","41","0.560975","0.121951","1.5121951219512195","3","2022-11-16 10:23:07","41","62","3"
"5032941","11240","2354","138","0.326086","0.282608","3.246376811594203","46","2022-11-24 08:50:10","21","68","3"
"5038107","19624","2353","65","0.76923","0.046153","1.5384615384615385","8","2022-11-23 19:47:57","25","33","0"
"5039142","10067","2352","16","0.625","0.125","1.5625","3","","0","0","0"
"5043585","10641","2351","35","0.685714","0.085714","0.6571428571428571","0","2022-11-23 10:09:30","11","11","0"
"5044042","286340","2351","526","0.60076","0.108365","2.6482889733840302","111","2022-11-29 15:17:45","361","889","61"
"5045688","14323","2351","46","0.434782","0.282608","6.217391304347826","101","2022-11-28 11:30:34","31","299","61"
"5047996","35373","2350","59","0.322033","0.372881","7","289","2022-11-25 01:50:43","45","226","165"
"5050667","22115","2350","125","0.304","0.328","2.088","70","2022-04-08 23:31:29","1","10","8"
"5052365","13511","2349","8","0.125","0.25","2.625","6","2022-09-01 11:30:24","6","19","10"
"5053002","57137","2349","34","0.558823","0.17647","23.323529411764707","6","2022-11-23 00:59:48","101","2458","30"
"5059657","39027","2346","67","0.716417","0.089552","3.7611940298507465","6","2022-05-11 19:25:59","11","52","1"
"5062890","11193","2346","29","0.103448","0.689655","0.27586206896551724","3","2022-06-08 09:22:53","6","0","0"
"5067311","35541","2345","28","0.678571","0.107142","5.107142857142857","39","2022-11-24 22:40:28","26","108","50"
"5069957","18441","2344","51","0.686274","0.078431","1.4509803921568627","9","2022-11-24 15:13:06","8","14","0"
"5070440","11636","2344","32","0.625","0.03125","1.5625","0","2022-11-24 21:51:57","54","74","9"
"5070879","182869","2344","463","0.423326","0.187904","0.7451403887688985","87","2022-11-29 19:29:26","479","227","75"
"5079316","22482","2341","7","0.285714","0.571428","2.142857142857143","1","2022-11-03 00:13:37","3","12","1"
"5083516","11327","2339","29","0.275862","0.448275","0.896551724137931","0","2022-05-20 21:18:04","4","7","0"
"5085211","18359","2339","12","0.583333","0.25","1.3333333333333333","1","2022-11-15 07:28:18","6","16","1"
"5086255","11430","2339","114","0.219298","0.473684","4.2894736842105265","68","2022-11-26 17:01:14","108","331","29"
"5087136","11079","2339","24","0.666666","0.041666","1.0833333333333333","15","2022-07-08 20:54:08","7","7","0"
"5087436","23131","2338","14","0.642857","0.142857","6.142857142857143","10","2022-07-24 02:52:15","2","8","0"
"5089204","67661","2338","25","0.24","0.28","1.72","1","2022-08-19 13:08:02","6","12","0"
"5090771","61347","2338","82","0.914634","0","2.073170731707317","75","2022-11-08 18:28:34","46","88","41"
"5091073","12983","2338","8","0.125","0.125","0.25","0","2022-09-27 16:48:39","5","3","2"
"5093961","29601","2337","68","0.544117","0.235294","1.2352941176470589","3","2022-11-28 13:58:07","113","105","4"
"5100564","14177","2336","35","0.885714","0","1.0857142857142856","0","2022-11-21 13:19:20","34","62","3"
"5101046","29558","2335","20","0.25","0.3","1.35","4","2022-11-21 21:02:58","26","79","4"
"5101148","28492","2335","76","0.513157","0.197368","0.4605263157894737","18","2022-05-27 16:51:29","2","5","1"
"5104748","21527","2334","7","0.285714","0.285714","3.5714285714285716","5","2022-10-31 12:45:03","2","6","0"
"5105949","11415","2334","78","0.320512","0.294871","8.73076923076923","47","2022-11-29 13:55:10","20","129","7"
"5106574","34590","2334","117","0.153846","0.623931","0.8376068376068376","3","2022-06-19 06:19:41","11","1","0"
"5108796","54248","2333","83","0.734939","0.06024","2.180722891566265","55","2022-11-29 07:25:28","158","170","83"
"5114784","18435","2331","26","0.26923","0.423076","4.615384615384615","0","2022-11-12 13:55:41","17","55","0"
"5120049","11015","2330","161","0.42236","0.223602","2.701863354037267","30","2022-10-29 06:32:31","29","75","6"
"5129715","13365","2327","10","0.5","0.3","0.1","0","2022-07-23 07:49:50","8","4","0"
"5133585","295408","2325","871","0.556831","0.150401","2.941446613088404","41","2022-11-29 18:48:32","542","1368","27"
"5136659","18675","2325","21","0.190476","0.571428","1.3333333333333333","1","2022-05-23 13:37:01","1","2","0"
"5140223","11905","2324","14","0.785714","0.071428","2.4285714285714284","2","2022-07-12 08:18:33","2","2","1"
"5148197","16536","2322","18","0.5","0.333333","0.4444444444444444","3","2022-07-05 02:55:55","2","3","2"
"5152001","10846","2321","15","0.533333","0.133333","0.5333333333333333","4","2022-08-08 11:17:25","9","5","2"
"5156075","12891","2915","44","0.545454","0.136363","5.545454545454546","38","2022-11-24 03:55:34","20","97","15"
"5157454","195886","2319","484","0.373966","0.311983","0.6983471074380165","118","2022-11-25 06:21:17","170","148","15"
"5159168","23978","2318","39","0.333333","0.230769","5.769230769230769","14","2022-02-21 10:12:54","2","8","0"
"5168011","51254","2316","197","0.350253","0.350253","1.3401015228426396","78","2022-11-28 13:46:38","168","406","64"
"5173426","16792","2315","6","0.666666","0.166666","3.5","4","","0","0","1"
"5174436","18071","2315","13","0.538461","0.153846","2.3076923076923075","1","2022-10-15 21:05:49","32","30","3"
"5174469","23812","2315","17","0.411764","0.411764","13.058823529411764","55","2022-11-25 08:21:10","22","219","54"
"5175709","37120","2315","44","0.204545","0.613636","4.5227272727272725","133","2022-09-19 16:55:27","10","69","39"
"5176071","46562","2314","34","0.382352","0.294117","2.088235294117647","33","2022-09-14 08:52:58","474","599","151"
"5176992","16544","2314","156","0.25641","0.410256","1.294871794871795","40","2022-11-26 21:55:16","147","144","30"
"5178905","12437","2314","5","0.2","0.6","3","3","2022-04-29 13:01:19","1","3","0"
"5189811","39702","2310","90","0.666666","0.066666","2.066666666666667","13","2022-11-23 08:09:46","91","196","8"
"5193536","49657","2309","781","0.548015","0.112676","2.413572343149808","376","2022-11-28 22:55:09","729","2184","522"
"5196394","16313","2308","175","0.52","0.142857","1.7942857142857143","40","2022-10-27 02:02:24","31","170","22"
"5200329","17364","2307","11","0.181818","0.454545","3.5454545454545454","1","2022-04-27 20:06:17","2","1","0"
"5202563","208050","2307","186","0.725806","0.086021","4.887096774193548","55","2022-11-28 08:54:18","51","319","18"
"5205022","48683","2306","139","0.568345","0.172661","0.5539568345323741","41","","0","0","0"
"5208491","15092","2305","6","0","1","0.16666666666666666","1","2022-11-23 09:08:52","10","2","0"
"5209935","11537","2304","15","0.133333","0.533333","1.2","2","2022-10-24 09:13:55","3","6","2"
"5211833","18235","2304","8","0.5","0","7.5","107","2022-11-25 07:41:16","47","597","1082"
"5212614","20528","2304","210","0.566666","0.138095","1.3047619047619048","0","2022-11-26 23:21:14","153","179","0"
"5217142","19764","2302","139","0.517985","0.165467","1.9928057553956835","28","2022-11-28 03:38:04","87","198","16"
"5218354","27151","2302","33","0.121212","0.454545","3.5454545454545454","16","2022-11-28 22:19:26","86","321","46"
"5221149","160329","2302","448","0.462053","0.191964","3.674107142857143","72","","0","0","0"
"5221944","174120","2301","852","0.429577","0.15845","0.789906103286385","192","2022-11-24 18:51:37","672","489","129"
"5224926","14945","2301","52","0.461538","0.173076","1.0961538461538463","10","2022-09-17 15:58:58","4","6","2"
"5228806","27940","2300","6","0.166666","0.333333","4.666666666666667","2","2022-08-26 17:40:40","2","7","0"
"5230702","16515","2299","24","0.375","0.5","2.3333333333333335","26","2022-10-31 19:07:08","2","3","2"
"5231607","32897","2298","87","0.689655","0.034482","7.689655172413793","389","","0","0","0"
"5233410","249719","2298","184","0.73913","0.081521","2.972826086956522","319","2022-11-10 20:13:50","57","155","84"
"5235574","11459","2297","21","0.714285","0.047619","2.238095238095238","0","2022-11-28 16:50:20","36","46","0"
"5236226","11564","2297","9","0.888888","0","0.8888888888888888","10","","0","0","1"
"5237560","42252","2296","1028","0.194552","0.463035","0.4153696498054475","3","2022-08-17 20:03:05","71","24","0"
"5237614","10246","2296","14","0","0.857142","0.7142857142857143","4","2022-11-08 06:37:27","6","6","3"
"5238915","26413","2296","17","0.588235","0.294117","1.1176470588235294","6","","0","1","0"
"5239030","11221","2296","70","0.171428","0.585714","0.9857142857142858","3","","0","2","0"
"5245033","62917","2295","109","0.357798","0.247706","7.137614678899083","22","","0","0","0"
"5246885","139540","2294","597","0.688442","0.058626","4.688442211055277","1115","2022-11-29 04:52:32","515","2520","1058"
"5247279","15120","2294","65","0.476923","0.276923","2.2615384615384615","7","2022-11-20 13:57:56","40","75","5"
"5249307","23426","3772","7","0.285714","0","4","2","2022-06-02 21:10:58","6","21","0"
"5249621","53097","2294","88","0.761363","0.045454","3","196","2022-11-29 19:21:55","116","330","161"
"5250847","31251","2293","264","0.90909","0.018939","0.9886363636363636","116","2022-11-25 12:18:33","123","98","20"
"5260024","139519","2290","98","0.479591","0.183673","5.081632653061225","25","2022-11-26 19:03:44","19","71","4"
"5264491","18163","2289","160","0.45","0.2625","9.95625","50","2022-11-29 13:48:45","74","867","30"
"5265292","13498","2289","10","0.6","0","8","1","2022-11-10 07:35:55","7","45","0"
"5277820","17335","2286","10","0.6","0.2","14","150","2022-11-09 10:36:42","4","112","119"
"5279996","23025","2285","44","0","0.795454","0.2727272727272727","10","2022-06-27 20:51:54","7","3","0"
"5291015","87405","2281","122","0.54918","0.090163","2.7540983606557377","271","2022-11-22 07:37:22","91","271","108"
"5292302","21820","2281","11","0.727272","0.181818","5","81","2022-08-04 09:46:13","1","13","11"
"5295429","13635","2280","15","0.6","0.133333","4.266666666666667","2","2022-11-09 12:40:26","1","16","0"
"5296106","15574","2280","126","0.269841","0.365079","1.0158730158730158","24","2022-11-22 18:12:24","171","155","19"
"5298150","11351","2280","136","0.595588","0.080882","4.257352941176471","110","","0","8","0"
"5298879","31316","2280","21","0.666666","0.095238","1.9523809523809523","3","2022-11-29 14:56:36","58","160","12"
"5311735","102244","2275","57","0.649122","0.070175","5.228070175438597","0","2022-11-28 07:00:42","23","119","1"
"5316872","11310","2274","31","0.064516","0.870967","0.12903225806451613","0","2022-11-16 09:27:06","1","0","0"
"5317403","48048","2274","692","0.666184","0.057803","3.3034682080924855","222","2022-11-29 23:22:52","355","1665","150"
"5318223","14141","2274","59","0.59322","0.152542","3.694915254237288","47","2022-11-29 01:29:39","58","320","41"
"5318303","17876","2274","8","0.125","0.75","2.375","9","2022-09-15 23:18:23","25","19","26"
"5320906","57491","2273","234","0.611111","0.179487","3.9914529914529915","487","2022-11-27 21:28:39","176","738","370"
"5325862","16918","2272","17","0.17647","0.411764","34.05882352941177","270","2022-03-04 01:20:31","4","214","132"
"5327068","20315","2272","205","0.702439","0.078048","1.6878048780487804","177","2022-11-25 20:51:05","118","265","157"
"5329073","19104","2271","59","0.59322","0.084745","1.9661016949152543","5","2022-11-29 18:37:47","358","520","39"
"5331061","10370","2270","8","0.375","0.25","2.625","0","","0","1","0"
"5342700","13154","2267","106","0.632075","0.103773","1.0566037735849056","11","2022-11-29 19:07:35","127","119","22"
"5343387","29599","2267","95","0.705263","0.073684","5.589473684210526","6","2022-11-16 14:20:28","121","691","7"
"5346095","11019","2266","7","0.142857","0.285714","1","0","","0","2","1"
"5349916","53811","3430","183","0.480874","0.224043","13.131147540983607","212","2022-11-04 12:14:51","39","778","121"
"5351055","10372","2265","9","0.111111","0.777777","1.7777777777777777","2","2022-11-02 07:05:35","2","2","0"
"5353461","48387","2264","5","0.2","0.6","2","1","","0","6","3"
"5353753","40579","2264","14","0.5","0.142857","3.4285714285714284","1","2022-08-03 17:18:15","31","59","1"
"5362410","10427","2261","13","0","0.76923","0.38461538461538464","0","2022-10-06 17:53:05","10","9","1"
"5362795","13891","2261","33","0.121212","0.636363","1.4242424242424243","21","2022-11-22 12:12:40","21","44","34"
"5363686","11612","2261","165","0.678787","0.096969","1.7696969696969698","89","2022-11-28 16:52:40","35","41","6"
"5368083","12767","2260","7","0.285714","0.285714","3","1","2022-08-10 10:29:21","4","2","0"
"5372400","18931","2259","21","0.047619","0.666666","0.8095238095238095","3","2022-11-15 09:50:39","26","42","5"
"5376789","13180","2258","26","0.461538","0.192307","4.038461538461538","37","2022-08-24 06:35:07","2","9","0"
"5378816","18200","2257","85","0.294117","0.4","2.9647058823529413","8","2022-11-29 11:33:05","50","172","13"
"5381331","61347","2256","54","0.037037","0.87037","0.6666666666666666","0","2022-11-10 02:04:34","21","9","0"
"5382650","34136","2256","217","0.51152","0.170506","4.976958525345622","38","2022-11-25 22:14:03","174","1123","61"
"5384363","23454","2255","57","0.824561","0.035087","0.8421052631578947","0","2022-11-29 03:18:44","62","79","1"
"5385381","20916","2255","154","0.344155","0.337662","1.8636363636363635","156","2022-11-26 06:01:06","67","149","100"
"5389127","15997","2254","255","0.584313","0.137254","4.117647058823529","325","2022-11-29 21:09:39","74","412","97"
"5389997","34570","2254","35","0.742857","0.057142","30.285714285714285","1341","2022-10-17 12:42:52","5","457","832"
"5391065","51523","2253","7","0.428571","0.285714","2.142857142857143","0","","0","0","0"
"5397009","24657","2252","102","0.421568","0.186274","5.215686274509804","51","2022-11-27 13:27:15","97","617","53"
"5399734","16456","2251","7","0.285714","0.285714","8","2","","0","12","2"
"5400548","17869","2251","34","0.088235","0.67647","0.8529411764705882","0","2022-11-28 11:17:27","21","15","1"
"5405967","21383","2249","26","0","0.807692","1.8846153846153846","58","2022-11-22 19:31:45","15","17","35"
"5421539","43410","2245","8","0.25","0.25","25.25","0","2022-05-03 09:44:21","2","55","0"
"5424988","164931","2245","1858","0.320236","0.300322","1.178686759956943","181","2022-11-29 11:37:13","1264","1325","138"
"5425825","31393","2244","225","0.657777","0.071111","1.5555555555555556","11","","0","0","0"
"5426909","10926","2244","45","0.488888","0.133333","3.111111111111111","24","2022-04-01 11:41:20","3","5","1"
"5431791","15924","2243","247","0.323886","0.344129","1.2348178137651822","73","2022-08-25 07:56:08","10","17","3"
"5436877","12061","2241","57","0.491228","0.245614","0.5964912280701754","56","2022-05-27 13:03:07","23","18","27"
"5437671","25191","2241","7","0.571428","0.285714","43.142857142857146","1308","2022-09-10 22:18:08","1","108","938"
"5438240","12441","2241","12","0","0.833333","0.3333333333333333","0","2022-10-04 16:38:48","4","1","0"
"5438616","10009","2241","14","0.5","0.142857","2.2857142857142856","2","2022-09-25 14:41:18","36","96","7"
"5442034","14456","2240","189","0.894179","0.005291","1.7354497354497354","139","2022-11-15 19:58:20","123","264","115"
"5446749","33174","2239","43","0.697674","0.116279","0.2558139534883721","185","2022-11-28 14:12:26","59","21","2237"
"5448626","43775","2238","45","0.488888","0.177777","1.6","35","2022-11-23 15:36:00","11","25","11"
"5449450","10303","2238","20","0.15","0.7","0.7","7","2022-07-08 03:26:19","2","1","0"
"5451492","13723","2238","33","0.60606","0.090909","1.1818181818181819","0","","0","2","0"
"5452365","11672","2237","6","0.5","0.166666","4.5","1","2022-07-31 11:13:29","15","16","4"
"5457853","70393","2236","35","0.114285","0.542857","1.8285714285714285","1","2022-11-29 15:41:26","382","396","12"
"5458913","19251","2235","94","0.542553","0.148936","1.0957446808510638","25","2022-11-28 07:46:18","47","40","11"
"5459201","11523","2235","29","0.620689","0.103448","0.9310344827586207","4","","0","0","0"
"5459839","357876","2235","1750","0.536571","0.182285","2.0445714285714285","3724","2022-11-29 22:17:32","1769","3189","740"
"5460719","24342","2235","94","0.414893","0.255319","9.617021276595745","44","2022-11-28 01:03:06","34","409","37"
"5465973","13131","2233","17","0.411764","0.17647","1.411764705882353","2","2022-11-24 12:43:39","6","14","0"
"5468471","11713","2233","71","0.816901","0.042253","0.8873239436619719","4","2022-10-21 22:19:35","34","40","2"
"5470544","19199","2232","22","0.590909","0.136363","6.090909090909091","38","2022-11-16 12:12:56","29","118","13"
"5470596","40462","2232","22","0.454545","0.272727","5.363636363636363","21","2022-11-24 11:52:01","23","81","4"
"5471709","27045","2232","77","0.636363","0.064935","2.961038961038961","108","2022-11-29 10:31:09","146","184","93"
"5472617","12337","2232","19","0.789473","0","0.47368421052631576","1","","0","0","0"
"5483526","61331","2229","221","0.497737","0.171945","1.5610859728506787","5","2022-11-28 03:51:36","210","283","11"
"5485167","215383","2228","45","0.733333","0.111111","2.5555555555555554","9","2022-11-22 17:19:10","17","39","3"
"5494370","38543","2226","127","0.614173","0.11811","13.566929133858268","418","2022-11-25 18:20:14","93","1531","283"
"5496433","15883","2225","46","0.217391","0.326086","4.608695652173913","5","2022-11-29 15:54:16","51","151","2"
"5508175","28759","2223","34","0.647058","0.147058","4.411764705882353","40","2022-11-01 16:48:56","14","87","22"
"5511849","13032","2221","16","0.5","0.3125","0.75","12","2022-09-03 16:07:03","6","1","2"
"5514747","38229","2220","497","0.484909","0.167002","1.9778672032193159","242","2022-11-29 15:39:56","512","973","97"
"5515060","20000","2220","40","0.45","0.25","9.25","34","2022-11-11 14:50:32","5","103","42"
"5517378","12448","2220","31","0.258064","0.258064","1.5161290322580645","40","2022-09-23 13:52:32","2","2","0"
"5520354","12658","2219","44","0.386363","0.272727","1.1363636363636365","3","2022-11-02 08:42:42","5","8","0"
"5521607","18603","2219","77","0.376623","0.272727","1.4285714285714286","2","2022-11-13 17:10:31","32","88","4"
"5522344","11751","2219","23","0.47826","0.217391","3.217391304347826","1","","0","1","0"
"5525824","30680","2218","484","0.549586","0.123966","1.3367768595041323","81","2022-11-29 13:30:24","305","405","167"
"5527985","18800","2217","10","0.3","0.4","6.3","5","2022-11-29 19:35:42","116","535","123"
"5528593","44144","2217","10","0.6","0.1","4.9","10","","0","5","1"
"5529445","50193","2217","27","0.222222","0.222222","0.25925925925925924","17","2022-04-26 09:42:21","2","5","3"
"5529712","12093","2217","89","0.808988","0.033707","2.707865168539326","2","2022-11-28 09:41:45","47","154","6"
"5532516","14501","2216","8","0.625","0.125","1.5","0","2022-11-24 12:40:41","3","1","0"
"5535040","16482","2216","5","0.6","0.4","2.2","0","","0","1","0"
"5535245","48947","2216","20","0.75","0.05","2.05","150","","0","0","0"
"5538420","17890","2214","150","0.606666","0.166666","8.833333333333334","36","","0","4","0"
"5541523","16403","2213","12","0.666666","0.25","0.5","1","","0","1","0"
"5550507","22331","2211","22","0.045454","0.727272","0","4","2022-10-07 13:48:47","4","1","0"
"5555803","10180","2210","10","0.4","0.5","4.4","1","2022-08-17 07:16:16","12","38","4"
"5555938","16779","2210","72","0.041666","0.736111","0.2916666666666667","0","2022-11-13 16:41:04","21","6","0"
"5556440","15021","2210","5","0.6","0.4","5.4","0","2022-07-28 12:18:08","4","11","0"
"5558072","60345","2209","72","0.333333","0.305555","1.5416666666666667","66","2022-11-28 14:48:31","42","50","56"
"5573294","10675","2205","14","0.642857","0.142857","10.357142857142858","0","2022-10-18 21:31:01","6","84","0"
"5577765","212333","2204","1795","0.848467","0.023955","0.9832869080779945","1824","2022-11-29 20:28:30","835","755","1555"
"5585371","29395","2202","712","0.789325","0.036516","1.2078651685393258","606","2022-11-15 14:51:45","246","244","269"
"5590193","69838","2201","10","0.5","0.2","1","0","2022-06-29 18:41:24","1","0","2"
"5593066","10411","2200","21","0.714285","0.047619","1.2380952380952381","1","2022-11-22 01:39:03","32","16","0"
"5593959","11243","2199","18","0.222222","0.444444","6.055555555555555","25","2022-07-28 09:32:11","2","21","0"
"5595926","11431","2199","102","0.549019","0.156862","0.7843137254901961","9","2022-11-15 13:07:56","54","31","1"
"5603247","13188","2197","65","0.6","0.123076","1.2769230769230768","0","2022-11-14 15:14:21","23","35","3"
"5612363","13282","2195","25","0.68","0.24","3.64","31","2022-11-21 16:19:42","1","5","0"
"5619143","11504","2193","20","0.7","0.15","0.25","11","2022-11-02 13:34:56","8","2","1"
"5619526","10821","2192","57","0.403508","0.298245","1.1228070175438596","4","2022-11-23 14:31:29","3","1","0"
"5623035","125053","2192","106","0.330188","0.509433","1.1226415094339623","39","2022-11-10 15:22:41","56","53","12"
"5625534","16977","2191","96","0.791666","0.072916","4.020833333333333","7","2022-11-29 01:01:58","110","202","4"
"5625547","45985","2191","477","0.362683","0.287211","1.9266247379454926","210","2022-11-29 13:45:27","331","859","194"
"5632629","132015","2190","1476","0.57859","0.118563","0.801490514905149","750","2022-11-29 10:07:46","1797","1609","1438"
"5635580","51642","2189","36","0.361111","0.444444","2.9444444444444446","41","2022-11-29 15:10:14","102","185","90"
"5640200","14192","2188","311","0.839228","0.032154","0.5176848874598071","62","2022-11-14 20:37:50","28","14","2"
"5640295","15952","2188","7","0.428571","0","0.7142857142857143","0","","0","0","0"
"5641244","20860","2188","320","0.628125","0.0875","1.303125","132","2022-11-29 15:11:11","183","212","52"
"5641598","15853","2187","59","0.79661","0.033898","1.6610169491525424","0","2022-11-25 15:14:21","75","125","2"
"5641669","67872","2187","348","0.385057","0.227011","0.7040229885057471","175","2022-11-29 22:45:51","224","189","155"
"5646962","21960","2186","137","0.620437","0.138686","2.3503649635036497","7","2022-11-29 21:01:17","98","215","5"
"5648954","51720","2185","239","0.351464","0.414225","3.98744769874477","317","2022-11-29 11:45:59","145","860","128"
"5650316","18720","2185","6","0.833333","0","0.8333333333333334","0","2022-05-16 19:56:52","1","10","0"
"5650447","18987","2185","160","0.7125","0.1","1.4625","55","2022-10-27 09:39:32","58","114","6"
"5652313","11363","2184","59","0.694915","0.033898","0.5932203389830508","15","2022-11-22 09:53:45","19","4","8"
"5664434","11710","2182","34","0.441176","0.294117","3.4705882352941178","2","2022-11-28 17:00:29","10","18","0"
"5665870","10739","2182","14","0.214285","0.428571","2.5714285714285716","7","","0","0","0"
"5666087","19679","2182","109","0.614678","0.174311","3.1192660550458715","50","2022-11-29 23:51:54","28","197","16"
"5669120","10715","2181","242","0.429752","0.206611","1.2520661157024793","17","","0","1","0"
"5675325","15977","2179","36","0.166666","0.555555","2.3055555555555554","179","2022-11-14 18:23:11","7","64","36"
"5684257","29914","2177","64","0.640625","0.15625","3.015625","17","2022-10-07 17:24:35","27","77","3"
"5690248","10532","2175","5","0.6","0","2.6","0","2022-11-29 05:49:51","143","348","153"
"5691525","19134","2175","46","0.695652","0.086956","0.9782608695652174","0","","0","2","0"
"5698672","19707","2173","21","0.714285","0.047619","3.5238095238095237","89","2022-09-02 08:30:37","7","30","24"
"5699993","17842","2172","75","0.386666","0.2","1.1866666666666668","0","2022-10-04 11:17:55","44","80","1"
"5706293","40767","2170","96","0.583333","0.135416","3.4479166666666665","61","2022-09-28 10:22:35","2","2","0"
"5706328","20394","2170","81","0.679012","0.086419","3.9753086419753085","24","","0","0","0"
"5708620","11428","2170","17","0.470588","0.17647","0.7058823529411765","11","","0","0","0"
"5723098","21648","2164","78","0.705128","0.076923","0.717948717948718","27","2022-11-11 03:28:06","48","68","11"
"5724303","18663","2164","23","0.391304","0.217391","2.9565217391304346","3","2022-11-19 01:20:55","54","106","2"
"5726027","95172","2163","171","0.859649","0.005847","2.152046783625731","5","2022-11-27 09:24:31","55","132","1"
"5726467","23109","2163","54","0.5","0.259259","0.9629629629629629","10","","0","0","0"
"5735010","10603","2161","5","0","0.4","1.8","2","2022-05-30 08:37:27","4","10","1"
"5740428","45333","2158","12","0.333333","0.166666","1.25","9","","0","0","0"
"5741643","11040","2158","43","0.395348","0.139534","6.255813953488372","37","2022-11-26 22:39:04","66","696","47"
"5743288","26423","2157","185","0.524324","0.156756","3.1135135135135137","36","2022-11-22 08:24:55","102","1459","35"
"5743988","33676","2157","6","0.333333","0.166666","6","2","2022-10-11 12:52:40","7","20","6"
"5747944","43075","2156","147","0.62585","0.108843","1.748299319727891","29","2022-11-08 20:22:59","452","558","80"
"5752362","14669","2155","6","0.666666","0","1.5","0","","0","1","0"
"5754656","45879","2155","56","0.535714","0.178571","1.6785714285714286","0","2022-11-28 22:16:01","115","189","3"
"5758420","10893","2154","41","0.853658","0.02439","3.1463414634146343","23","2022-10-13 07:09:16","26","70","2"
"5761558","45530","2153","92","0.336956","0.304347","5.293478260869565","134","2022-05-24 06:31:00","28","169","33"
"5768908","102450","2151","89","0.707865","0.067415","0.9775280898876404","101","2022-11-28 05:11:12","55","109","50"
"5769463","34845","2151","29","0.689655","0.068965","7.655172413793103","25","2022-08-22 18:23:55","13","43","2"
"5770132","15231","2151","84","0.630952","0.107142","0.9880952380952381","1","2022-11-08 01:56:12","79","97","2"
"5771269","42238","2151","245","0.530612","0.155102","0.3346938775510204","76","2022-11-29 23:35:30","145","44","41"
"5772095","11762","2150","8","0.375","0.375","1.25","1","2022-11-28 00:34:31","167","677","172"
"5772882","87700","2150","510","0.317647","0.356862","4.356862745098039","467","2022-11-21 19:34:56","1","1420","290"
"5773037","16171","2150","13","0.230769","0.615384","2.769230769230769","18","2022-08-18 05:55:50","2","10","0"
"5777799","10725","2149","17","0.588235","0.058823","1.2352941176470589","5","2022-09-01 09:31:39","11","28","0"
"5779732","16600","2149","19","0.473684","0.157894","1.3157894736842106","525","2022-08-17 13:30:54","5","8","147"
"5781745","10159","2148","15","0.266666","0.333333","2.4","23","2022-08-18 19:38:01","1","2","0"
"5783745","56135","2148","186","0.241935","0.569892","1.6344086021505377","24","2022-11-27 10:02:38","142","172","14"
"5790492","14014","2147","7","0.285714","0.571428","2.5714285714285716","3","2022-09-30 10:53:34","4","15","3"
"5792244","24337","2147","124","0.548387","0.080645","2.1129032258064515","237","2022-11-28 22:49:59","117","259","234"
"5801661","44940","2144","25","0.96","0","10","2","2022-11-26 11:15:18","26","171","1"
"5811078","28029","2142","23","0.347826","0.347826","0.6086956521739131","0","2022-11-10 10:26:06","1","1","0"
"5812455","22313","2142","9","0.666666","0","10","15","2022-10-17 10:18:03","1","11","2"
"5817888","11022","2141","36","0.583333","0.083333","0.6111111111111112","8","2022-11-05 08:40:18","2","0","0"
"5820010","100637","2140","304","0.634868","0.101973","0.6052631578947368","93","2022-11-21 09:42:11","108","63","50"
"5820814","34196","2140","341","0.31085","0.263929","1.653958944281525","233","2022-08-08 17:26:55","97","137","37"
"5825294","30833","2139","158","0.360759","0.329113","4.208860759493671","438","2022-11-28 09:08:55","84","236","98"
"5827215","21695","2139","31","0.48387","0.225806","4.193548387096774","17","2022-11-16 17:47:43","11","31","4"
"5832540","10230","2137","7","1","0","1.5714285714285714","1","2022-09-11 05:17:07","1","0","0"
"5836671","35700","2136","30","0.533333","0.133333","5.333333333333333","18","2022-11-18 07:04:28","5","68","4"
"5841306","65959","2135","494","0.477732","0.192307","1.0789473684210527","1243","2022-11-29 14:16:00","457","516","1188"
"5844477","10689","2134","48","0.583333","0.020833","1.0208333333333333","2","2022-11-20 23:09:31","26","39","1"
"5846045","18322","2134","47","0.553191","0.191489","7.702127659574468","940","2022-11-16 16:33:45","31","167","255"
"5851928","25599","2133","6","0.833333","0","10.666666666666666","23","2022-07-13 08:22:34","3","26","8"
"5866580","134715","2129","1334","0.373313","0.361319","2.030734632683658","1412","2022-11-29 08:39:47","498","1194","846"
"5867572","15529","2129","94","0.340425","0.382978","0.6382978723404256","2","2022-11-25 04:15:17","32","26","1"
"5889131","11903","2125","13","0.692307","0.230769","2","6","","0","1","2"
"5891912","13206","2124","39","0","0.76923","0.20512820512820512","6","2022-10-22 12:58:30","14","5","2"
"5900011","14157","2122","17","0.588235","0","1.3529411764705883","7","2022-07-27 10:57:16","5","11","8"
"5910058","32216","2120","5","0.4","0.2","7.2","2","2022-11-20 15:10:18","13","806","16"
"5916915","11190","2118","20","0.15","0.6","6.5","100","2022-07-06 08:25:42","8","59","23"
"5921745","26302","2117","33","0.424242","0.30303","1.8181818181818181","6","2022-06-29 04:29:34","1","4","2"
"5923139","35928","2117","406","0.475369","0.2266","1.477832512315271","88","2022-08-31 14:20:30","15","27","1"
"5924562","67250","2116","15","0.6","0.2","1.1333333333333333","0","2022-11-28 18:23:21","306","443","31"
"5925259","49837","2116","31","0.16129","0.677419","0.6129032258064516","69","2022-11-09 10:01:24","7","9","10"
"5928186","284207","2115","191","0.549738","0.162303","1.1727748691099475","22","2022-09-13 11:08:39","3","0","0"
"5933656","39552","2114","7","0.285714","0.428571","2","6","","0","1","1"
"5934465","12404","2114","6","0","1","2.3333333333333335","2","2022-10-25 16:43:24","10","23","7"
"5935112","12141","2114","35","0.428571","0.4","1.6","30","2022-11-19 11:00:33","9","19","5"
"5936628","11533","2114","13","0.153846","0.461538","1.3076923076923077","26","2022-10-25 19:59:39","8","14","8"
"5946937","11460","2112","28","0.821428","0.035714","0.7857142857142857","6","2022-09-21 13:46:44","7","6","2"
"5947043","63266","2112","381","0.685039","0.07874","18.286089238845143","1147","2022-11-28 07:26:10","192","4410","818"
"5953643","15824","2111","13","0.538461","0.153846","0.46153846153846156","39","2022-10-28 23:11:55","2","0","9"
"5958455","37734","2109","90","0.377777","0.255555","3.1222222222222222","52","2022-11-22 07:01:46","17","88","14"
"5962802","14337","2108","168","0.708333","0.065476","2.7023809523809526","0","2022-11-21 09:36:19","135","511","1"
"5964557","40496","2108","156","0.108974","0.602564","0.6602564102564102","4","2022-11-23 20:03:31","45","19","0"
"5977215","26388","2106","16","0.5","0.3125","4.3125","16","2022-09-26 22:10:33","12","69","8"
"5980430","10712","2105","66","0.318181","0.318181","10.015151515151516","18","2022-11-23 15:49:51","112","616","10"
"5985853","17871","2104","36","0.75","0.027777","0.9166666666666666","8","2022-11-19 11:51:40","12","4","0"
"5994041","12309","2102","105","0.504761","0.228571","1.3142857142857143","32","2022-11-01 21:26:41","19","27","25"
"5997596","11071","2101","9","0.555555","0.333333","7","25","","0","12","11"
"6022656","67140","2096","138","0.376811","0.188405","1.7826086956521738","93","2022-06-25 22:30:00","29","26","10"
"6024220","85375","2095","12","0.833333","0","1.3333333333333333","0","","0","1","0"
"6025788","13503","2095","29","0.413793","0.275862","6.551724137931035","9","2022-11-19 21:21:15","31","165","14"
"6028443","26410","2094","36","0.638888","0.138888","4.472222222222222","37","2022-08-24 16:43:43","10","55","12"
"6031995","14264","2093","69","0.449275","0.246376","1.7826086956521738","25","2022-08-24 17:20:36","19","28","4"
"6036428","42340","2093","129","0.775193","0.023255","0.7751937984496124","8","2022-11-29 19:42:29","109","137","14"
"6037997","14123","2092","5","0","1","0","0","2022-04-17 11:00:57","1","0","0"
"6043170","16077","2091","54","0.648148","0.074074","0.6481481481481481","8","2022-09-08 19:38:09","33","14","6"
"6045800","19525","2091","189","0.253968","0.412698","14.079365079365079","5170","2022-11-27 15:23:04","58","615","669"
"6051176","10137","2090","57","0.68421","0.070175","2.508771929824561","34","2022-11-26 23:17:39","30","65","18"
"6059896","17489","2087","20","0.4","0.2","3.7","14","2022-11-21 10:46:00","13","22","17"
"6064933","29785","2086","23","0.260869","0.347826","2.782608695652174","10","2022-11-29 03:59:56","24","119","34"
"6067741","71560","2086","39","0.666666","0.153846","3.3846153846153846","12","2022-08-10 16:58:26","2","38","0"
"6075331","10212","2084","13","0","0.846153","0.46153846153846156","2","2022-06-28 09:19:05","1","2","0"
"6083222","11024","2083","19","0.631578","0.105263","10.578947368421053","27","2022-10-19 18:53:09","21","113","9"
"6083423","15796","2083","96","0.520833","0.260416","3.8020833333333335","18","2022-11-27 15:31:57","23","92","7"
"6089612","14187","2081","43","0.581395","0.186046","17.11627906976744","122","2022-11-21 22:55:03","67","464","87"
"6094348","29601","2080","144","0.354166","0.333333","6.451388888888889","139","2022-10-12 09:14:52","18","146","33"
"6099327","20046","2079","470","0.251063","0.459574","0.9617021276595744","42","2022-11-21 13:14:14","153","172","48"
"6099347","13007","2079","12","0.333333","0.25","11.833333333333334","27","","0","0","0"
"6103040","11798","2078","15","0.6","0.133333","4.4","3","2022-11-14 14:19:26","1","4","0"
"6106614","16042","2078","32","0.84375","0.03125","0.3125","3","2022-07-18 19:42:21","3","2","1"
"6106791","20185","2078","289","0.577854","0.152249","1.273356401384083","173","2022-11-28 15:22:16","158","239","149"
"6108211","15438","2077","29","0.206896","0.586206","1.206896551724138","5","2022-11-08 13:26:11","13","14","2"
"6108390","12887","2077","717","0.461645","0.185495","0.6652719665271967","4","","0","0","0"
"6110094","72770","2077","908","0.270925","0.3337","2.116740088105727","44","2022-11-29 23:00:31","406","664","35"
"6117017","15183","2075","97","0.804123","0.041237","1.4845360824742269","105","2022-11-07 14:54:52","24","45","46"
"6126373","23328","2073","519","0.658959","0.069364","1.628131021194605","1825","2022-11-28 09:05:54","151","508","478"
"6127393","11012","2072","197","0.654822","0.111675","1.1116751269035532","26","2022-11-27 21:21:09","115","125","42"
"6139527","15453","2070","34","0.411764","0.147058","4.735294117647059","111","2022-05-03 17:16:31","2","12","15"
"6141025","17404","2070","33","0.090909","0.575757","0.6363636363636364","4","2022-11-21 19:39:00","21","11","3"
"6149787","12372","2068","6","0.333333","0.333333","0.8333333333333334","0","","0","0","0"
"6152400","17665","2067","114","0.578947","0.149122","8.429824561403509","43","2022-11-29 10:01:31","158","1507","76"
"6152891","46561","2067","143","0.573426","0.090909","2.2517482517482517","8","2022-11-18 11:36:28","38","187","8"
"6159856","17609","2065","7","0.142857","0.857142","3.142857142857143","6","","0","5","0"
"6160119","13821","2065","30","0.466666","0.1","0.8666666666666667","204","2022-04-20 00:26:13","6","5","16"
"6161265","19111","2065","6","0.5","0","0.5","2","2022-02-28 03:47:47","1","4","0"
"6162307","15266","2065","21","0.285714","0.333333","3.9523809523809526","9","2022-05-23 18:39:43","1","2","0"
"6181599","22322","2061","246","0.707317","0.04878","0.4349593495934959","502","2022-11-25 09:01:37","138","102","343"
"6184972","10926","2060","15","0.333333","0.4","2.8","1","2022-10-25 16:24:56","22","19","0"
"6197649","12889","2057","33","0.484848","0.242424","1.606060606060606","4","2022-11-24 09:21:26","21","45","2"
"6200414","12152","2057","12","0.666666","0.166666","0.25","0","2022-07-08 08:38:51","3","4","0"
"6202327","10080","2056","9","0.555555","0.222222","7","1","2022-10-22 01:42:46","15","85","1"
"6202869","23544","2056","5","0.2","0.4","3.4","2","2022-04-25 16:14:17","3","29","3"
"6205379","10055","2056","24","0.5","0.25","6.791666666666667","6","2022-03-16 08:24:05","1","19","0"
"6210807","13117","2055","32","0.71875","0.0625","1.375","5","","0","0","0"
"6219979","22861","2052","361","0.324099","0.282548","1.9473684210526316","162","2022-11-22 09:32:27","193","439","43"
"6220759","11837","2052","12","0.583333","0.25","3.8333333333333335","6","2022-11-02 14:09:36","91","208","40"
"6225838","13919","2051","11","0.090909","0.636363","1.5454545454545454","11","2022-04-27 12:36:37","2","8","3"
"6235047","22550","2049","115","0.27826","0.391304","1.1478260869565218","11","2022-05-24 06:18:49","1","0","0"
"6238977","50177","2048","43","0.72093","0.139534","0.9302325581395349","24","2022-11-23 10:48:53","53","25","17"
"6241235","84503","2048","564","0.567375","0.101063","2.856382978723404","196","2022-11-29 18:39:12","129","326","28"
"6243352","60019","2047","301","0.428571","0.318936","7.245847176079734","1156","2022-11-28 06:04:16","316","2075","1002"
"6245650","10517","2047","35","0.514285","0.114285","4.485714285714286","0","2022-10-02 16:32:26","7","39","0"
"6248528","11186","2046","30","0.766666","0.033333","5.7","0","2022-11-14 11:31:50","14","83","2"
"6253347","34013","2045","5","0.2","0","1.2","0","2022-10-07 23:35:52","2","1","0"
"6257435","78711","2044","418","0.696172","0.066985","2.1578947368421053","21","2022-11-29 21:51:41","376","878","9"
"6260170","41868","2043","16","0.1875","0.4375","9.3125","28","2022-09-23 22:32:45","9","53","8"
"6263942","10498","2043","25","0.44","0.24","1.6","99","2022-04-20 11:53:26","4","15","10"
"6275103","22834","2040","46","0.369565","0.391304","0.45652173913043476","20","2022-07-23 20:15:51","22","26","34"
"6277104","13309","2039","204","0.745098","0.044117","1.9656862745098038","219","2022-11-11 00:37:59","7","13","61"
"6277151","140369","3582","1007","0.68421","0.075471","0.7249255213505462","629","2022-10-26 00:45:54","390","400","10841"
"6287308","38543","2037","30","0.2","0.4","0.9666666666666667","7","2022-04-12 15:42:21","3","8","0"
"6287910","63009","2037","136","0.625","0.147058","1.911764705882353","16","2022-11-28 10:52:10","111","247","13"
"6293409","32656","2035","21","0.571428","0.142857","2.6666666666666665","8","2022-08-11 16:58:35","21","72","19"
"6294072","73582","2035","96","0.541666","0.145833","2.3125","15","2022-10-31 11:01:56","10","30","4"
"6299857","16143","2034","111","0.378378","0.279279","1.7387387387387387","70","2022-11-23 13:22:06","76","136","55"
"6305235","14806","2033","10","0","0.9","1.3","0","2022-09-07 08:42:39","19","9","1"
"6309601","18616","2031","92","0.717391","0.097826","3.6847826086956523","17","2022-11-28 16:21:05","73","308","33"
"6313073","11363","2030","11","0.363636","0.363636","1.6363636363636365","3","2022-06-19 11:54:47","2","5","1"
"6316508","22449","2030","43","0.395348","0.302325","1.372093023255814","0","2022-11-09 02:49:33","7","4","0"
"6320039","11788","2029","18","0.277777","0.5","2.6666666666666665","59","2022-10-12 14:55:26","10","25","13"
"6328256","22780","2027","105","0.257142","0.390476","0.5238095238095238","2","2022-11-28 13:59:15","201","83","14"
"6330106","31993","2027","53","0.547169","0.150943","4.056603773584905","1","2022-11-15 01:50:49","55","125","0"
"6331369","41438","2027","683","0.66325","0.09956","1.828696925329429","430","2022-11-28 09:24:32","287","429","86"
"6343685","21190","2023","5","0.8","0","2.4","39","","0","0","0"
"6344363","33699","2023","11","0.181818","0.181818","1.9090909090909092","9","2022-11-12 16:25:49","3","6","0"
"6347629","17016","2023","12","0.416666","0.083333","2.5","11","2022-11-25 04:43:22","4","10","5"
"6348498","39748","2022","7","0.857142","0.142857","2.142857142857143","24","","0","5","7"
"6356278","27855","2021","331","0.362537","0.329305","1.093655589123867","22","2022-10-21 10:16:12","154","171","8"
"6361531","154429","2020","489","0.376278","0.267893","1.427402862985685","46","2022-11-24 17:45:02","321","453","39"
"6365112","14267","2019","18","0.611111","0","1.8333333333333333","10","","0","13","0"
"6366770","16753","2018","246","0.451219","0.211382","1.943089430894309","47","2022-08-14 20:46:44","13","24","0"
"6368697","12946","2018","31","0.838709","0.032258","6","11","2022-11-16 05:04:59","24","304","12"
"6371123","13198","2017","54","0.814814","0.055555","13.851851851851851","1","2022-11-13 20:27:59","42","583","0"
"6382434","19060","2015","273","0.315018","0.351648","1.164835164835165","23","2022-11-17 17:23:19","58","51","2"
"6385184","28131","2014","7","0.142857","0.428571","0.5714285714285714","1","2022-09-21 12:51:06","20","18","11"
"6394138","32842","2012","5","0.6","0.2","1.6","3","","0","1","1"
"6394722","32192","2012","199","0.708542","0.065326","1.0050251256281406","80","2022-11-07 04:05:21","28","28","31"
"6395627","51381","2012","81","0.703703","0.061728","14.530864197530864","66","2022-11-14 02:42:27","78","934","56"
"6400526","37331","2010","17","0.235294","0.705882","2.0588235294117645","29","2022-04-25 13:36:30","1","1","0"
"6401656","35445","2010","47","0.638297","0.127659","21.5531914893617","0","2022-11-07 14:22:30","25","476","0"
"6413377","12441","2007","63","0.587301","0.15873","1.1428571428571428","42","","0","3","1"
"6415268","16239","2007","49","0.77551","0.10204","3.4081632653061225","157","2022-07-25 13:36:06","15","63","22"
"6419007","54633","2006","14","0.285714","0.5","7.214285714285714","5","2022-11-02 07:19:10","11","68","4"
"6429072","13054","2003","11","0.272727","0.363636","0.8181818181818182","1","2022-08-22 08:01:37","63","30","20"
"6436191","49436","2002","405","0.441975","0.187654","3.034567901234568","148","2022-11-27 16:56:27","376","1254","136"
"6436545","12007","2002","11","0.272727","0.545454","3.4545454545454546","5","2022-11-27 04:02:57","106","166","15"
"6441124","17757","2001","57","0.403508","0.245614","5.368421052631579","0","2022-11-26 10:59:32","8","33","0"
"6451573","140946","1999","36","0.5","0.194444","7.222222222222222","281","2022-11-27 20:36:36","14","153","104"
"6454622","13332","1998","25","0.48","0.2","0.44","1","2022-11-21 10:50:02","12","2","6"
"6457407","11728","1997","171","0.514619","0.204678","3.0760233918128654","12","2022-11-07 01:24:40","131","322","9"
"6458001","10192","1996","298","0.583892","0.134228","0.8389261744966443","13","2022-03-07 17:32:01","3","0","0"
"6460297","10063","1996","130","0.192307","0.515384","3.1615384615384614","42","2022-11-28 20:04:19","65","200","31"
"6461462","35630","1996","17","0.17647","0.529411","1.7058823529411764","118","2022-11-23 16:49:00","70","122","258"
"6463558","103944","1995","698","0.789398","0.058739","0.995702005730659","783","2022-11-29 10:44:34","252","390","285"
"6464308","259435","1995","1641","0.689213","0.062157","1.3729433272394882","468","2022-11-29 16:24:11","766","1401","207"
"6464947","23653","1995","18","0.055555","0.666666","0.6111111111111112","1","2022-07-11 16:02:14","3","2","0"
"6469645","11320","1994","436","0.688073","0.055045","1.451834862385321","66","2022-09-14 11:27:08","36","68","13"
"6478047","23627","1992","18","0.388888","0.388888","3.9444444444444446","28","2022-11-15 16:23:23","8","24","5"
"6482561","70310","1991","461","0.633405","0.047722","0.6420824295010846","33","2022-11-28 05:30:00","477","320","67"
"6485651","10323","1990","24","0.75","0.083333","5.25","7","","0","13","0"
"6485881","13372","1990","251","0.737051","0.043824","2.2151394422310755","390","2022-11-20 09:23:31","56","101","92"
"6498293","11584","1987","15","0.666666","0.133333","1","0","2022-09-29 12:20:56","4","2","0"
"6504633","13013","1986","61","0.62295","0.081967","1.1311475409836065","0","2022-09-08 12:35:33","84","63","0"
"6505250","35225","1986","91","0.747252","0.076923","10.978021978021978","109","2022-11-29 08:48:01","37","676","61"
"6509751","128438","1985","27","0.518518","0.296296","1.8888888888888888","39","2022-09-13 10:33:27","6","17","13"
"6513921","31260","1983","382","0.526178","0.170157","1.8952879581151831","93","2022-10-25 14:20:27","37","96","6"
"6515755","12874","1983","27","0.333333","0.444444","0.18518518518518517","17","2022-11-19 20:17:14","26","7","5"
"6517383","15826","1982","14","0.285714","0.5","1.5714285714285714","3","2022-08-03 07:29:47","3","18","0"
"6521116","28689","1981","21","0.380952","0.285714","2.4761904761904763","0","2022-03-16 02:36:07","1","25","3"
"6525724","16656","1981","234","0.525641","0.145299","2.5384615384615383","9","2022-11-26 14:28:54","17","54","1"
"6527049","30977","1980","153","0.379084","0.294117","4.2745098039215685","9","2022-11-29 11:01:01","112","385","9"
"6530695","15034","1980","18","0.222222","0.555555","5.388888888888889","7","2022-08-16 13:40:12","3","8","2"
"6530970","51068","1979","44","0.545454","0.136363","2.8181818181818183","4","2022-11-13 06:18:37","134","338","13"
"6535399","33741","1979","34","0.852941","0","2","0","2022-10-25 16:30:15","47","71","8"
"6539317","35883","1978","97","0.670103","0.113402","1.4742268041237114","46","2022-11-02 12:56:55","10","15","5"
"6541007","47986","1977","20","0.35","0.2","1.9","0","","0","0","0"
"6551426","23159","1974","59","0.508474","0.135593","2.440677966101695","34","2022-07-16 08:09:45","1","0","1"
"6560549","11023","1972","7","0.714285","0","5.714285714285714","16","2022-06-20 06:18:36","1","5","0"
"6567275","12787","1971","52","0.211538","0.423076","7.346153846153846","3","2022-11-27 22:30:48","49","226","5"
"6569224","19123","1970","15","0","0.933333","0","27","2022-11-29 06:02:03","3","4","9"
"6570042","15940","1969","52","0.75","0.057692","1.7884615384615385","28","2022-11-25 13:20:29","32","54","6"
"6572971","15994","1968","78","0.576923","0.153846","1.1025641025641026","65","2022-11-26 02:01:34","35","46","14"
"6573902","17293","1968","148","0.527027","0.135135","1.4662162162162162","329","2022-11-12 17:31:41","6","14","10"
"6574038","77046","1968","561","0.299465","0.361853","1.049910873440285","501","2022-11-28 07:01:03","667","775","634"
"6578080","30368","1967","159","0.534591","0.157232","1.7924528301886793","410","2022-11-15 08:39:02","100","154","248"
"6579744","15862","1967","34","0.352941","0.235294","2.235294117647059","6","2022-11-14 12:58:38","9","14","1"
"6581173","11171","1967","16","0.5625","0.1875","0.9375","0","2022-05-19 13:17:09","3","7","2"
"6583140","48627","1966","13","0.461538","0.230769","2.6923076923076925","2","2022-11-15 11:56:43","2","0","0"
"6597375","10133","1963","46","0.456521","0.23913","1.1304347826086956","2","2022-08-17 09:18:33","8","1","0"
"6599590","61220","1962","172","0.761627","0.063953","1.186046511627907","492","2022-11-25 20:21:16","180","167","577"
"6600940","12730","1962","51","0.45098","0.17647","2.9607843137254903","27","2022-10-15 18:31:54","99","256","24"
"6618622","271580","1958","262","0.141221","0.645038","0.7213740458015268","177","2022-11-24 22:07:53","21","30","41"
"6622587","245753","1958","1003","0.861415","0.014955","2.201395812562313","5481","2022-07-04 15:13:17","60","197","355"
"6622817","34213","1957","35","0.8","0","2.857142857142857","98","","0","0","13"
"6646912","15699","1952","108","0.564814","0.157407","4.222222222222222","88","2022-11-13 23:59:48","26","100","25"
"6654942","28521","1950","188","0.18617","0.351063","1.0319148936170213","11","2022-11-29 15:29:34","126","343","10"
"6655160","14921","1950","144","0.291666","0.402777","0.3888888888888889","15","2022-10-20 10:29:35","73","24","15"
"6660373","13459","1948","277","0.34296","0.303249","2.563176895306859","47","2022-05-02 18:27:25","2","35","1"
"6664872","20045","1947","63","0.746031","0.031746","4.079365079365079","70","2022-09-08 09:06:14","42","93","42"
"6670723","13617","1945","25","0.28","0.32","1.84","27","2022-05-16 11:10:14","2","4","0"
"6671176","51655","1945","52","0.51923","0.192307","0.6153846153846154","14","2022-11-02 01:47:30","3","1","0"
"6678991","19688","1944","15","0.066666","0.6","1.6666666666666667","3","2022-08-09 06:04:45","2","4","5"
"6692043","10117","1940","61","0.934426","0","0.639344262295082","0","2022-11-16 08:25:28","56","37","1"
"6699433","31816","1938","218","0.266055","0.403669","5.463302752293578","168","2022-11-21 08:48:32","45","259","36"
"6699447","26281","1938","203","0.517241","0.157635","1.3891625615763548","13","2022-11-29 09:56:04","129","117","4"
"6703783","16979","1937","15","0.666666","0.066666","5.266666666666667","0","2022-08-31 11:58:16","1","14","0"
"6706419","14586","1937","71","0.450704","0.154929","3.816901408450704","21","2022-08-07 17:50:02","7","65","1"
"6717054","15669","1933","17","0.411764","0.294117","0.6470588235294118","1","2022-11-29 14:21:48","120","100","11"
"6717178","11582","1933","95","0.410526","0.2","11.6","94","2022-11-11 13:12:56","71","794","86"
"6717445","10348","1933","236","0.68644","0.04661","2.6228813559322033","1","","0","0","0"
"6719819","15765","1932","30","0.3","0.366666","4.4","0","2022-11-23 02:55:13","14","83","0"
"6727914","21624","1931","8","0.625","0.125","3","6","2022-11-23 04:04:50","17","40","1"
"6729010","41346","1930","30","0.533333","0.233333","0.5","18","2022-11-18 09:00:44","13","8","0"
"6738015","38991","1928","317","0.40694","0.198738","4.022082018927445","448","2022-11-12 12:15:49","99","630","328"
"6751634","28100","1924","222","0.68018","0.067567","1.1576576576576576","6","2022-10-04 03:22:59","13","8","0"
"6752050","44552","1924","199","0.517587","0.130653","4.4120603015075375","143","2022-11-28 21:24:12","289","1253","970"
"6759844","12116","1922","354","0.632768","0.08192","4.1525423728813555","413","2022-09-25 11:42:01","45","220","24"
"6762755","28795","1922","82","0.182926","0.560975","0.8048780487804879","12","2022-09-16 15:45:41","44","21","2"
"6770384","27983","1919","303","0.491749","0.214521","1.9075907590759076","55","2022-11-26 15:55:22","17","47","4"
"6771046","12936","1919","44","0.795454","0.090909","2.772727272727273","27","2022-11-29 13:02:04","215","260","401"
"6774916","11614","1918","19","0.052631","0.736842","0.2631578947368421","0","2022-10-28 09:38:15","3","1","0"
"6782707","27347","1916","5","0.6","0.2","17","93","2022-10-10 01:18:51","2","19","62"
"6782754","12444","1916","55","0.436363","0.345454","27.78181818181818","151","2022-11-19 20:28:52","81","2205","206"
"6790948","12574","1914","12","0.583333","0.166666","2.5","7","","0","0","0"
"6793637","20107","1913","946","0.563424","0.140591","1.9027484143763214","19","2022-11-10 13:27:48","8","13","0"
"6796354","10840","1912","64","0.609375","0.09375","1.390625","49","2022-11-25 06:15:33","52","50","55"
"6797953","15478","1912","120","0.508333","0.141666","0.5333333333333333","4","2022-11-27 07:32:06","86","58","7"
"6808583","32081","1909","43","0.069767","0.418604","0.7674418604651163","15","2022-08-23 17:53:08","67","59","25"
"6813231","16055","1908","7","0.285714","0.285714","10.142857142857142","0","2022-06-06 07:43:15","2","34","0"
"6817835","14246","1907","100","0.48","0.26","3.85","5","2022-11-21 12:57:34","34","116","2"
"6831341","13798","1903","124","0.41129","0.225806","4.475806451612903","202","2022-11-24 05:11:52","64","305","198"
"6849682","17536","1898","24","0.208333","0.375","2.5416666666666665","3","","0","0","0"
"6851825","70895","1897","553","0.55877","0.166365","1.5280289330922243","80","2022-11-29 23:35:44","447","954","53"
"6858244","15886","1896","98","0.27551","0.336734","2.683673469387755","11","2022-08-21 16:04:10","14","36","7"
"6863749","34312","1895","48","0.666666","0.145833","0.875","3","2022-11-28 13:23:30","52","48","1"
"6865932","24138","1895","234","0.358974","0.316239","2.393162393162393","325","2022-09-23 12:57:54","42","142","82"
"6866309","13079","1895","33","0.363636","0.30303","0.7878787878787878","1","2022-10-26 18:10:09","50","26","4"
"6868543","14518","1894","60","0.483333","0.266666","3.4","6","2022-11-25 14:56:28","70","360","10"
"6870228","24447","1894","109","0.339449","0.357798","8.192660550458715","14","2022-11-22 17:02:08","94","766","12"
"6870253","19417","1894","26","0.576923","0.115384","14.115384615384615","16","2022-11-14 22:46:16","25","356","11"
"6877799","33237","1892","53","0.188679","0.584905","1.4528301886792452","49","2022-11-29 13:26:19","32","52","52"
"6879826","22288","1891","105","0.447619","0.171428","2.4","164","2022-11-17 15:32:39","15","75","10"
"6881240","26342","1891","13","0.461538","0.153846","5.384615384615385","9","2022-07-29 08:59:57","13","19","4"
"6884590","13784","1891","38","0.763157","0.052631","1.868421052631579","16","2022-10-27 20:08:52","31","110","11"
"6890912","109382","1889","202","0.336633","0.341584","1.5742574257425743","13","2022-11-29 09:51:31","226","230","12"
"6903497","34244","1887","5","0.8","0.2","6","1","","0","2","0"
"6904888","18000","1887","36","0.027777","0.888888","0.4444444444444444","758","2022-08-04 14:58:39","5","2","284"
"6914864","37553","1884","34","0.147058","0.411764","0.5588235294117647","8","","0","0","0"
"6919963","17996","1883","42","0.380952","0.190476","1.0952380952380953","11","2022-06-20 10:55:11","4","4","0"
"6933993","18491","1881","141","0.638297","0.028368","4.23404255319149","206","2022-11-29 23:10:11","93","347","180"
"6936545","12887","1880","163","0.509202","0.202453","1.8957055214723926","209","2022-11-27 12:47:27","107","219","222"
"6942527","10648","1879","17","0.529411","0.17647","2","13","2022-10-09 20:24:56","3","3","6"
"6943762","13825","1878","18","0.166666","0.722222","0.3333333333333333","1","2022-11-21 15:37:32","19","9","0"
"6950238","13389","1877","26","0.730769","0.076923","1.2692307692307692","6","2022-05-01 19:16:43","2","2","2"
"6951428","11684","1877","44","0.227272","0.522727","1.3636363636363635","0","2022-07-06 18:38:19","5","4","0"
"7008044","23092","1875","36","0.527777","0.111111","11.777777777777779","56","2022-10-26 21:21:46","9","150","22"
"7009990","12011","1875","7","1","0","0.2857142857142857","0","2022-11-04 14:31:56","2","5","0"
"7015400","81221","1874","102","0.666666","0.078431","1.803921568627451","70","2022-10-17 09:58:31","17","35","36"
"7023245","15708","1872","15","0.466666","0.133333","4.866666666666666","4","2022-11-24 12:23:05","5","26","1"
"7023590","14411","1872","60","0.15","0.5","0.9833333333333333","106","2022-11-20 07:48:59","15","17","22"
"7028459","15212","1871","17","0.411764","0.17647","1.9411764705882353","4","2022-08-30 23:28:19","4","5","0"
"7031230","37564","1870","25","0.6","0.12","0.68","100","2022-05-25 10:59:33","59","57","191"
"7032856","15516","1870","23","0.304347","0.391304","2.130434782608696","20","2022-11-14 21:29:39","3","8","7"
"7050130","46825","1867","50","0.5","0.2","1.24","2","","0","0","0"
"7051394","17023","1866","6","0.333333","0.333333","1.6666666666666667","14","2022-10-28 14:20:23","2","1","3"
"7062291","22207","1863","346","0.684971","0.057803","1.7369942196531791","18","2022-11-03 08:25:04","71","81","20"
"7073340","11112","1861","6","0.333333","0","5.333333333333333","3","2022-11-22 09:00:02","11","32","2"
"7076153","27205","1861","46","0.434782","0.173913","13.152173913043478","118","2022-09-28 03:45:46","17","142","23"
"7079025","12181","1860","16","0.375","0.5","0.9375","2","2022-07-23 11:55:09","4","14","2"
"7082164","10952","1860","31","0.096774","0.741935","0.5483870967741935","16","2022-09-07 10:17:59","2","9","0"
"7093741","29792","1856","155","0.32258","0.28387","1.335483870967742","36","2022-10-11 15:24:47","74","86","18"
"7098650","16338","1855","8","0.625","0.25","0.625","0","2022-06-28 07:45:08","1","2","0"
"7103882","16095","1854","141","0.049645","0.80851","0.05673758865248227","9","2022-11-19 10:07:26","94","4","24"
"7106086","38331","1854","146","0.89726","0.027397","1.9794520547945205","53","2022-10-21 15:25:12","19","43","2"
"7108589","12840","1853","108","0.675925","0.111111","0.4722222222222222","5","2022-11-29 13:25:34","255","254","102"
"7108653","203699","1853","1008","0.799603","0.031746","3.0922619047619047","312","2022-11-29 23:10:43","1136","3490","309"
"7109869","13948","1853","71","0.464788","0.436619","0.7605633802816901","119","2022-11-25 13:20:25","237","140","93"
"7111561","93426","1853","994","0.649899","0.077464","3.1750503018108653","738","2022-11-29 12:17:58","451","1580","560"
"7117003","10332","1852","12","0.25","0.5","2.1666666666666665","369","2022-11-15 07:24:26","35","62","1271"
"7117697","14331","1851","23","0.434782","0.173913","1.9565217391304348","19","2022-10-28 08:31:21","17","24","8"
"7121513","16323","1850","102","0.764705","0.039215","3.1372549019607843","35","2022-07-06 23:34:13","114","406","41"
"7128034","16790","1849","7","0.142857","0.285714","0.5714285714285714","0","2022-03-24 18:20:45","1","1","0"
"7128154","10804","1849","29","0","0.75862","0.5517241379310345","9","2022-11-09 16:59:32","20","8","3"
"7128934","32638","1849","71","0.28169","0.380281","0.7746478873239436","31","2022-11-21 16:28:12","92","38","65"
"7131757","40531","1848","75","0.4","0.346666","0.48","22","2022-11-18 09:35:29","18","7","3"
"7132550","42325","1848","168","0.279761","0.291666","0.7440476190476191","13","2022-11-10 20:59:06","40","45","19"
"7134134","14285","1848","15","0","0.666666","0.6","2","2022-11-27 13:51:32","64","30","37"
"7151494","13549","1843","18","0.444444","0.222222","6.722222222222222","2","2022-09-08 18:11:06","15","79","5"
"7175713","28990","1838","555","0.156756","0.445045","2.0864864864864865","101","2022-11-29 22:32:53","340","401","42"
"7194268","14848","1834","37","0.351351","0.27027","1.4324324324324325","2","2022-11-16 09:53:38","78","74","3"
"7198006","12653","1833","25","0","0.92","0.36","2","2022-11-14 15:01:49","17","5","1"
"7203016","52939","1832","123","0.634146","0.0813","0.5691056910569106","5","2022-11-26 19:55:51","112","44","19"
"7207392","53359","1832","6","0.333333","0.5","2","0","","0","0","0"
"7209631","22035","1831","70","0.871428","0","1.6857142857142857","23","2022-11-29 20:58:48","587","330","325"
"7212686","54251","1830","700","0.348571","0.322857","1.727142857142857","681","2022-11-28 19:03:40","255","562","229"
"7215091","64203","1829","922","0.567245","0.077006","3.077006507592191","279","2022-11-29 23:21:10","1193","2125","153"
"7215872","12802","1864","9","0.444444","0.111111","1.5555555555555556","1","2022-11-25 19:12:07","2","3","1"
"7216865","18245","1829","160","0.41875","0.325","2.46875","52","2022-10-28 19:30:59","55","140","23"
"7224430","26948","1827","7","0","1","3.142857142857143","1","2022-05-22 14:10:08","2","11","1"
"7224597","10094","1827","5","0.4","0.2","3.4","16","2022-08-30 09:58:29","2","18","19"
"7237224","30965","1825","328","0.429878","0.268292","0.6310975609756098","12","2022-11-29 14:15:57","172","52","8"
"7237884","19641","1825","348","0.454022","0.20977","1.3706896551724137","32","2022-11-27 16:47:03","188","247","15"
"7247920","14385","1822","10","1","0","0.1","0","2022-06-12 13:52:23","2","9","0"
"7248342","10253","1822","60","0.616666","0.15","0.35","17","2022-11-29 23:29:45","17","7","5"
"7252182","170235","1821","576","0.692708","0.036458","1.3888888888888888","12","2022-11-29 14:15:11","416","556","9"
"7254633","39490","1820","609","0.844006","0.021346","0.7963875205254516","38","2022-11-29 14:36:24","297","321","20"
"7254781","32963","1820","297","0.821548","0.023569","1.872053872053872","34","2022-09-02 06:45:31","128","254","19"
"7256341","19179","1820","18","0.666666","0.166666","1.2777777777777777","49","2022-09-17 16:21:07","6","3","5"
"7258332","11552","1820","18","0.444444","0.333333","2.0555555555555554","7","","0","0","0"
"7264620","10795","1819","18","0.722222","0.055555","14.333333333333334","178","2022-07-14 20:03:33","6","201","105"
"7294900","59454","1812","175","0.274285","0.137142","1.6228571428571428","207","2022-09-28 03:00:35","28","101","19"
"7295599","27309","1812","230","0.569565","0.086956","1.8434782608695652","36","2022-11-29 07:41:56","251","447","55"
"7296893","32830","1812","73","0.589041","0.068493","2.164383561643836","13","2022-11-26 19:55:58","27","72","5"
"7297700","90868","1812","678","0.637168","0.09292","1.1873156342182891","138","2022-11-29 22:09:26","583","716","174"
"7299782","18215","1811","53","0.45283","0.26415","0.6981132075471698","4","2022-11-28 23:18:44","7","5","0"
"7311767","50137","1808","15","0.733333","0.066666","1.2","99","2022-08-27 14:09:40","5","6","25"
"7325599","25720","1805","41","0.512195","0.170731","3.7560975609756095","10","2022-11-26 13:33:54","52","65","7"
"7326738","71809","1805","506","0.359683","0.3083","0.4367588932806324","28","2022-11-29 21:53:46","92","51","8"
"7328218","17684","1804","25","0.44","0.28","0.96","8","2022-11-03 17:04:19","4","6","0"
"7328782","61511","1804","174","0.626436","0.109195","9.563218390804598","473","2022-11-26 20:36:58","119","1161","417"
"7329832","23032","1804","43","0.744186","0.069767","10.13953488372093","1875","2022-11-03 09:36:19","19","284","1152"
"7336232","20785","1803","21","0.047619","0.761904","0.6666666666666666","2","2022-11-17 00:57:43","20","7","0"
"7344164","14383","1799","23","0.304347","0.521739","2.217391304347826","15","2022-03-19 16:05:06","3","3","1"
"7355741","54198","1797","262","0.580152","0.122137","4.908396946564886","28","2022-11-26 19:23:20","200","948","26"
"7356355","13835","1796","7","0.142857","0.571428","7.857142857142857","5","2022-10-02 06:49:53","9","20","5"
"7359094","29236","1796","41","0.365853","0.243902","33.80487804878049","124","2022-11-23 17:32:00","20","670","52"
"7361479","14046","1795","29","0.517241","0.206896","4.310344827586207","1","2022-09-09 23:24:57","11","46","2"
"7365461","19157","1793","338","0.74852","0.056213","0.9053254437869822","6","2022-11-29 13:59:35","148","147","0"
"7365866","30332","1793","169","0.28994","0.414201","1.7928994082840237","40","2022-11-27 14:06:19","51","67","11"
"7366100","39611","1793","372","0.258064","0.424731","2.4811827956989245","176","2022-11-29 19:51:04","425","1010","139"
"7367293","11891","1792","122","0.721311","0.057377","0.5819672131147541","0","2022-11-15 06:56:25","106","50","0"
"7369366","19168","1792","57","0.578947","0.105263","0.5263157894736842","0","2022-11-19 17:15:41","106","73","2"
"7370153","11671","1792","191","0.806282","0.036649","1.612565445026178","86","2022-11-28 09:39:37","13","36","5"
"7371893","12742","1791","107","0.616822","0.037383","1.3364485981308412","26","2022-11-29 21:10:06","210","265","61"
"7376526","19862","1791","54","0.629629","0.074074","2.7962962962962963","0","2022-11-04 01:47:05","13","26","0"
"7380779","17013","1790","369","0.593495","0.121951","1.9268292682926829","43","2022-10-31 08:37:31","156","307","9"
"7388477","31191","1788","220","0.540909","0.168181","0.36363636363636365","1","2022-11-29 19:08:42","88","20","10"
"7394871","14733","1786","73","0.342465","0.19178","0.8904109589041096","65","2022-04-19 15:53:26","15","14","15"
"7409220","42671","1783","87","0.540229","0.114942","2","125","2022-11-02 10:30:24","36","64","31"
"7414939","23314","1782","11","0.636363","0.272727","1.7272727272727273","12","","0","6","0"
"7424470","27147","1779","32","0.28125","0.3125","2.125","37","2022-10-20 11:13:32","39","61","44"
"7429447","194858","1778","774","0.405684","0.223514","0.8888888888888888","1363","2022-09-03 22:04:20","1108","1104","2028"
"7434365","20494","1777","6","0.666666","0.166666","0.16666666666666666","0","2022-08-16 10:56:49","3","3","0"
"7436489","10152","1777","47","0.468085","0.148936","9.446808510638299","6","2022-11-26 11:53:56","5","56","0"
"7444103","33358","1775","180","0.6","0.116666","16.4","1094","2022-11-28 22:49:43","46","2184","319"
"7446760","12309","1775","13","0.461538","0.153846","2.6923076923076925","1","2022-11-22 09:00:09","95","185","8"
"7460777","78047","1771","324","0.688271","0.074074","0.7901234567901234","16","2022-08-19 06:53:27","183","99","3"
"7461381","68986","1771","216","0.305555","0.36574","0.4675925925925926","19","2022-11-17 03:33:36","3","1","0"
"7462031","17178","1771","24","0.5","0.208333","3.3333333333333335","15","2022-11-29 10:06:28","91","295","27"
"7475225","15306","1769","5","0.6","0","11","5","2022-11-16 20:08:48","14","79","1"
"7478597","20523","1768","61","0.52459","0.14754","23.491803278688526","211","2022-11-14 06:42:09","29","573","65"
"7483211","10836","1767","33","0.484848","0.151515","3.1515151515151514","39","2022-11-11 15:02:04","17","69","22"
"7486313","28795","1766","512","0.314453","0.347656","0.6015625","157","2022-11-27 12:03:07","127","105","32"
"7494218","18831","1764","405","0.241975","0.402469","0.2518518518518518","13","2022-06-23 12:48:21","40","11","3"
"7495930","81836","1764","64","0.59375","0.109375","2.625","55","2022-11-16 19:47:05","35","90","14"
"7505395","51861","1762","168","0.410714","0.333333","4.5773809523809526","163","2022-09-16 10:56:23","112","351","65"
"7509065","49268","1761","157","0.713375","0.057324","3.140127388535032","88","2022-11-28 23:17:06","107","285","43"
"7510657","46639","1761","7","0.857142","0.142857","2.7142857142857144","3","","0","2","1"
"7531598","16075","1757","13","0.538461","0","1.4615384615384615","6","2022-11-18 10:47:27","13","2","6"
"7554328","11486","1752","11","0.818181","0.090909","3.272727272727273","0","2022-11-08 22:35:28","3","9","1"
"7571258","28406","1749","148","0.547297","0.148648","3.9324324324324325","78","2022-11-29 15:26:49","245","857","142"
"7579547","28600","1747","57","0.526315","0.157894","1.9473684210526316","427","2022-11-22 06:33:30","25","49","81"
"7582247","126127","1747","775","0.430967","0.250322","6.234838709677419","461","2022-11-29 21:09:36","652","3080","307"
"7594711","15668","1744","71","0.464788","0.154929","0.9436619718309859","0","2022-11-26 04:28:59","73","93","1"
"7599510","15196","1743","12","0.583333","0.166666","1.25","31","2022-02-04 21:30:21","1","3","1"
"7599798","31666","1743","166","0.578313","0.096385","3.5180722891566263","139","2022-11-26 14:04:27","185","598","143"
"7599833","17813","1876","84","0.75","0.047619","2.1547619047619047","30","2022-11-24 14:10:07","89","151","32"
"7602110","10003","1742","19","0.263157","0.421052","0.42105263157894735","37","2022-08-16 17:26:02","8","6","13"
"7603109","22293","1742","14","0.357142","0.357142","1.7142857142857142","2","2022-07-12 06:33:43","10","6","0"
"7606764","26254","1742","11","0.454545","0.181818","2.5454545454545454","115","2022-04-05 10:48:55","23","59","156"
"7607190","21744","1742","264","0.742424","0.049242","7.984848484848484","472","2022-11-24 09:32:34","129","1242","195"
"7609093","29140","1741","167","0.706586","0.065868","1.3652694610778444","17","2022-11-02 02:36:18","98","129","36"
"7619808","14779","1739","84","0.72619","0.071428","1.3095238095238095","92","2022-11-06 22:56:26","6","17","10"
"7621674","11131","1739","18","0.444444","0.277777","5.444444444444445","43","2022-11-23 13:18:44","28","135","35"
"7623856","15160","1738","391","0.483375","0.127877","2.0127877237851663","9","2022-11-29 23:47:23","190","354","9"
"7631480","23445","1737","239","0.464435","0.242677","3.912133891213389","96","2022-11-29 23:17:08","177","726","69"
"7632695","31840","1736","60","0.566666","0.05","0.31666666666666665","6","2022-09-13 21:35:26","6","2","2"
"7635569","18280","1736","92","0.673913","0.065217","1.108695652173913","26","2022-11-23 13:27:30","44","44","16"
"7641078","11676","1735","13","0.692307","0.076923","0.6923076923076923","14","2022-08-14 04:28:51","3","2","1"
"7652758","10319","1733","5","0.4","0","3.4","1","2022-10-31 16:13:35","20","57","17"
"7658985","11558","1732","131","0.572519","0.137404","2.732824427480916","39","2022-11-23 14:59:46","27","49","5"
"7661119","16960","1731","154","0.636363","0.110389","0.7142857142857143","10","2022-11-08 21:12:43","135","147","34"
"7662670","27652","1731","140","0.471428","0.2","1.1928571428571428","10","2022-11-17 08:33:17","87","158","17"
"7668448","21430","1730","27","0.074074","0.777777","1.1851851851851851","2","2022-09-25 11:23:04","12","17","1"
"7669809","39289","1729","80","0.275","0.4125","0.9","10","2022-09-30 18:05:31","13","12","2"
"7670262","15179","1729","6","0.666666","0","26.5","8","2022-04-28 07:48:18","8","99","9"
"7675437","14363","1728","278","0.456834","0.143884","1.6654676258992807","46","","0","0","0"
"7687666","22782","1726","384","0.815104","0.03125","1.9635416666666667","29","2022-11-29 04:32:37","276","412","27"
"7691729","19428","1726","138","0.413043","0.202898","5.050724637681159","19","2022-11-29 10:20:48","109","581","18"
"7696223","13756","1725","73","0.520547","0.246575","2.0136986301369864","0","2022-08-30 16:00:30","5","58","2"
"7703024","13033","1723","88","0.522727","0.170454","10.75","16","2022-11-27 17:25:23","22","470","2"
"7727429","18600","1719","38","0.394736","0.342105","2.3421052631578947","4","2022-11-23 17:37:17","18","56","8"
"7733418","26828","1718","195","0.446153","0.292307","12.62051282051282","374","2022-11-28 07:26:41","108","1796","306"
"7734384","13946","1717","10","0.1","0.8","6.7","13","2022-11-08 01:36:21","12","18","14"
"7746134","21114","1715","20","0.4","0.4","0.6","1","","0","0","0"
"7752296","29144","1714","393","0.531806","0.142493","1.643765903307888","45","2022-11-20 09:17:23","297","454","87"
"7758804","63407","1713","355","0.56338","0.191549","3.4816901408450702","2669","2022-11-23 19:18:16","68","675","2049"
"7767664","13098","1711","29","0.448275","0.448275","12.275862068965518","12","2022-11-12 17:12:47","10","208","1"
"7767694","13827","1711","27","0.814814","0","0.9259259259259259","7","2022-11-07 19:01:35","1","1","17"
"7790376","28034","1706","96","0.572916","0.114583","1.9479166666666667","14","2022-11-25 16:57:23","97","153","14"
"7804058","11437","1703","16","0.875","0","3.875","0","2022-11-05 16:15:29","28","60","4"
"7832584","29524","1698","30","0.566666","0.166666","0.6666666666666666","0","2022-11-23 21:51:54","26","17","0"
"7838401","12099","1697","57","0.666666","0.052631","0.5964912280701754","11","","0","0","1"
"7840440","13045","1696","568","0.431338","0.255281","1.5299295774647887","2","2022-08-18 11:26:46","9","22","0"
"7845230","11379","1695","6","0.333333","0.333333","3.1666666666666665","1","","0","1","0"
"7851470","14045","1694","5","0.4","0.4","20","207","","0","0","0"
"7860670","38048","1692","30","0.366666","0.3","8.966666666666667","1","2022-11-06 08:21:09","16","187","1"
"7861807","26343","1692","177","0.858757","0.022598","0.3898305084745763","24","2022-11-29 16:04:27","118","55","23"
"7867822","14473","3091","15","0.466666","0.333333","9","50","2022-09-23 08:44:47","31","116","301"
"7867968","13317","1691","53","0.415094","0.396226","4.283018867924528","30","2022-11-29 21:10:52","57","182","31"
"7879193","11559","1688","8","1","0","7.375","130","","0","14","25"
"7881859","12209","1687","103","0.242718","0.514563","1.2912621359223302","571","2022-10-07 08:08:08","6","19","5"
"7882470","54236","1687","276","0.561594","0.173913","2.199275362318841","51","2022-11-18 18:02:15","38","124","2"
"7884305","77165","1687","33","0.424242","0.272727","6.9393939393939394","29","2022-11-28 13:14:57","618","1912","599"
"7896849","11966","1685","60","0.316666","0.35","1.7333333333333334","12","2022-11-14 17:56:20","12","8","5"
"7897395","33220","1685","88","0.590909","0.090909","3.840909090909091","54","2022-11-21 12:22:50","49","241","74"
"7899477","11071","1684","229","0.170305","0.51965","0.11790393013100436","6","2022-09-04 16:05:22","81","8","3"
"7905437","11080","1683","16","0.3125","0.375","0.9375","9","2022-08-09 13:58:35","2","2","1"
"7910454","22452","1682","23","0.304347","0.652173","3.130434782608696","123","2022-11-23 22:31:15","13","59","16"
"7916438","13360","1681","94","0.287234","0.297872","3.9148936170212765","15","2022-11-21 17:26:21","54","354","9"
"7920473","22976","1680","112","0.705357","0.0625","1.0089285714285714","211","2022-11-22 18:54:53","24","24","38"
"7925166","27773","1679","9","0.888888","0","1.7777777777777777","0","2022-08-08 15:00:03","3","2","0"
"7932273","13466","1678","18","0.388888","0.333333","3.2777777777777777","15","","0","3","0"
"7939871","20485","1676","167","0.227544","0.407185","1.7245508982035929","30","2022-11-22 09:08:22","94","173","13"
"7941188","24197","1676","191","0.397905","0.188481","3.6596858638743455","234","2022-11-24 16:55:40","95","333","88"
"7943564","29210","1675","53","0.792452","0.018867","2.5849056603773586","134","2022-11-23 17:43:11","57","205","137"
"7948372","14545","1674","42","0.285714","0.261904","1.3333333333333333","55","2022-11-23 15:31:49","17","20","68"
"7950592","15171","1673","32","0.5","0.34375","1.21875","4","2022-11-11 13:52:32","40","59","3"
"7954504","41316","1673","36","0.555555","0.194444","2.138888888888889","68","2022-05-10 21:15:51","2","9","1"
"7958356","13651","1672","5","0.4","0.6","2.6","0","","0","3","0"
"7964527","324250","1671","1178","0.385398","0.263157","0.34295415959252973","25","2022-11-29 22:14:23","738","215","15"
"7976758","97973","1668","250","0.564","0.12","6.552","223","2022-11-29 11:04:39","118","1208","107"
"7976805","23530","1668","94","0.446808","0.212765","8.606382978723405","141","2022-11-22 22:08:35","36","714","95"
"8008776","11145","1661","30","0.6","0.066666","1.9333333333333333","23","2022-11-10 06:00:05","52","89","34"
"8011544","24650","1661","20","0.3","0.6","1.25","15","2022-11-24 00:15:51","11","5","6"
"8012646","25245","1660","26","0.423076","0.192307","0.5769230769230769","24","2022-08-10 13:24:10","9","10","6"
"8016720","81905","1660","357","0.714285","0.064425","7.809523809523809","133","2022-11-28 23:27:19","403","2313","62"
"8017690","55434","1659","315","0.695238","0.095238","1.8095238095238095","182","2022-11-29 01:29:22","740","895","1170"
"8039978","21508","1655","367","0.149863","0.468664","1.11716621253406","14","2022-11-28 07:19:47","201","164","5"
"8053274","20159","1652","83","0.433734","0.192771","1.2048192771084338","22","2022-10-05 11:35:17","8","10","2"
"8059459","37208","1651","16","0.0625","0.875","0.5625","0","2022-09-01 12:24:19","7","1","1"
"8068625","15960","1649","44","0.545454","0.090909","2.1818181818181817","41","2022-11-01 20:58:59","24","202","34"
"8079868","25681","1646","60","0.1","0.633333","0.8666666666666667","7","2022-11-22 12:33:42","19","17","0"
"8090893","18100","1644","15","0","0.866666","4","120","2022-03-21 08:00:00","1","14","2"
"8112776","21914","1639","22","0.227272","0.681818","5.5","183","2022-11-20 01:46:53","16","107","75"
"8126362","20530","1637","110","0.481818","0.163636","2.881818181818182","38","2022-11-10 15:55:58","28","251","7"
"8160318","17013","1630","257","0.836575","0.027237","1.4124513618677044","97","2022-11-14 16:32:19","6","12","6"
"8172857","90059","1628","692","0.614161","0.115606","1.0910404624277457","320","2022-11-29 08:05:10","271","374","172"
"8182118","43872","1625","261","0.547892","0.126436","2.0651340996168583","15","2022-11-29 14:02:32","174","327","11"
"8184139","15827","1625","20","0.45","0.2","0.5","1","2022-11-24 20:34:44","32","19","0"
"8186898","18971","1624","35","0.4","0.257142","1.3714285714285714","11","2022-10-28 14:33:31","13","20","3"
"8187800","14523","1624","188","0.74468","0.037234","1.8404255319148937","11","2022-06-21 07:30:30","99","181","2"
"8188433","12807","1624","96","0.6875","0.114583","0.4479166666666667","118","2022-09-14 16:22:29","17","9","90"
"8192635","18816","1623","7","0.428571","0.428571","2.2857142857142856","0","","0","2","1"
"8202850","10214","1621","5","0.4","0.2","0.4","0","","0","0","0"
"8203759","13045","1621","41","0.780487","0.07317","3.5609756097560976","7","2022-11-16 21:43:41","51","183","22"
"8206434","22530","1621","226","0.628318","0.137168","0.9026548672566371","39","2022-11-29 20:12:16","274","357","88"
"8208215","16621","1620","24","0.416666","0.083333","0.7083333333333334","24","2022-05-26 06:41:28","5","8","1"
"8211528","15675","1619","21","0.285714","0.428571","3.5714285714285716","13","2022-08-18 02:10:15","3","25","3"
"8221725","82313","1617","5","0.4","0.4","2.8","5","","0","11","1"
"8228558","10657","1616","356","0.278089","0.370786","1.098314606741573","19","2022-07-02 07:16:55","1","0","0"
"8235971","16744","1614","132","0.515151","0.189393","0.3333333333333333","18","2022-11-29 07:26:10","76","21","1"
"8245406","78735","1612","595","0.386554","0.258823","2.0504201680672267","323","2022-11-29 06:24:28","608","1185","328"
"8253662","21003","1610","51","0.274509","0.509803","2.3137254901960786","27","2022-11-26 23:05:07","25","36","14"
"8283848","89570","1604","185","0.621621","0.129729","2.6324324324324326","32","2022-11-23 06:37:02","39","88","3"
"8283938","11508","1604","182","0.758241","0.043956","1.0164835164835164","18","2022-11-27 21:59:06","39","38","5"
"8289918","14415","1603","75","0.733333","0.053333","1.68","79","2022-11-03 06:37:22","29","43","202"
"8290634","12498","1603","114","0.72807","0.035087","3.1140350877192984","55","2022-11-29 10:52:12","31","194","10"
"8291949","19195","1603","90","0.633333","0.122222","1.0666666666666667","32","2022-11-17 01:57:56","7","11","5"
"8292178","15496","1603","162","0.444444","0.24074","1.4444444444444444","18","2022-11-24 07:51:57","36","40","7"
"8298909","54434","1602","61","0.655737","0.081967","1.2295081967213115","1","2022-06-07 21:22:22","15","21","0"
"8316315","34187","1598","17","0.764705","0.117647","0.5294117647058824","4","2022-08-17 19:32:21","15","2","2"
"8331756","15044","1595","13","0.615384","0.076923","3","0","2022-05-06 20:55:04","2","6","0"
"8340997","17287","1594","27","0.407407","0.185185","4.814814814814815","92","2022-09-24 16:18:19","11","33","24"
"8343484","18767","1593","11","0.818181","0.090909","19.545454545454547","6","2022-11-29 19:28:29","247","2241","394"
"8344060","26950","1593","69","0.15942","0.550724","2.652173913043478","34","2022-11-21 23:18:10","53","122","6"
"8357357","11435","1590","214","0.785046","0.03271","1.4205607476635513","9","2022-11-22 21:05:31","84","155","6"
"8360561","14053","1589","30","0.4","0.466666","3.1333333333333333","0","2022-10-31 07:27:30","11","22","1"
"8367626","15096","1588","359","0.593314","0.142061","2.4735376044568245","62","","0","0","0"
"8372853","61292","1588","246","0.5","0.219512","6.439024390243903","1656","2022-11-21 17:21:15","15","305","986"
"8376184","18839","1587","82","0.231707","0.365853","4.7560975609756095","141","2022-11-16 17:44:38","30","156","27"
"8380272","80553","1586","503","0.190854","0.41153","1.8886679920477136","20","2022-11-29 18:43:58","855","1994","28"
"8381946","36397","1586","277","0.826714","0.02527","2.444043321299639","926","2022-11-29 22:59:35","195","494","701"
"8386140","17060","1585","15","0.666666","0.066666","2.3333333333333335","13","","0","0","0"
"8389576","11231","1584","116","0.086206","0.732758","0.1896551724137931","0","2022-07-28 05:42:41","5","14","4"
"8394265","280207","1583","14","0.714285","0","0.42857142857142855","0","2022-11-19 13:16:07","23","31","1"
"8397974","10724","1582","56","0.678571","0.035714","1.3035714285714286","9","2022-06-15 16:12:46","7","8","0"
"8398549","15325","1582","47","0.361702","0.255319","10.787234042553191","77","2022-09-26 15:33:24","10","228","29"
"8404453","51721","1581","102","0.45098","0.196078","6.823529411764706","369","2022-11-04 19:55:02","256","1833","1148"
"8405310","30652","1581","185","0.61081","0.14054","0.6972972972972973","0","2022-11-26 15:16:59","162","150","0"
"8410477","10173","1580","24","0.416666","0.333333","14.291666666666666","153","2022-11-22 11:50:27","12","123","75"
"8411406","12010","1580","30","0.366666","0.266666","1.4666666666666666","4","2022-11-09 14:40:35","24","56","0"
"8422330","12524","1578","18","0.722222","0","12.11111111111111","10","2022-11-22 09:19:38","25","150","1"
"8422953","11875","1637","81","0.604938","0.086419","8.765432098765432","2279","2022-09-15 23:16:23","23","425","2775"
"8431111","21770","1576","38","0.578947","0.105263","0.7894736842105263","0","2022-11-28 02:50:12","276","231","13"
"8437099","10364","1574","60","0.266666","0.45","0.8166666666666667","143","2022-10-21 02:19:25","6","9","5"
"8449629","29385","1572","11","0.636363","0.090909","2.1818181818181817","93","","0","0","0"
"8471931","10993","1567","34","0.5","0.264705","1.2058823529411764","4","2022-11-27 12:46:10","15","11","2"
"8472377","26049","1567","5","0","0.4","4.2","3","2022-11-12 04:08:22","2","2","0"
"8475054","18301","1567","76","0.368421","0.223684","8.105263157894736","9","2022-11-29 21:09:26","57","541","16"
"8486518","18295","1564","7","0.428571","0.428571","0.42857142857142855","0","","0","0","0"
"8490598","10522","1563","16","0.0625","0.625","0.1875","3","2022-11-04 02:00:51","10","3","5"
"8495254","33621","1562","900","0.533333","0.134444","2.3333333333333335","164","2022-11-28 08:18:31","181","635","30"
"8496462","24560","1562","127","0.614173","0.141732","3.393700787401575","8","2022-11-29 14:22:49","111","462","21"
"8500110","13433","1561","6","0.166666","0.166666","0.8333333333333334","4","2022-10-20 14:24:30","3","0","3"
"8505817","14076","1560","49","0.224489","0.408163","0.7959183673469388","4","2022-11-24 16:58:47","14","13","0"
"8508004","10905","1560","17","0.470588","0.17647","2.0588235294117645","4","2022-11-28 19:20:59","120","962","31"
"8510405","13385","1559","142","0.40845","0.246478","1.4788732394366197","93","2022-11-27 16:25:16","271","246","318"
"8542346","12759","1552","73","0.205479","0.438356","0.5342465753424658","20","2022-11-20 10:52:08","36","34","14"
"8558186","59159","1548","526","0.519011","0.144486","1.9771863117870723","8","2022-11-29 07:06:35","408","881","10"
"8572380","22362","1545","267","0.30337","0.337078","1.449438202247191","3","2022-11-10 02:56:43","227","336","3"
"8573068","19916","1545","19","0.789473","0.105263","8.842105263157896","6","2022-09-08 18:41:38","5","34","19"
"8582353","13752","1544","16","0.5625","0","1.625","2","2022-10-26 02:10:42","18","37","3"
"8583393","26473","1543","11","0.272727","0.272727","10.272727272727273","104","2022-11-12 22:04:17","23","67","37"
"8583669","15010","1543","60","0.35","0.3","2.433333333333333","24","2022-09-20 13:55:35","14","28","11"
"8583692","26661","1543","75","0.093333","0.666666","1.0666666666666667","149","2022-11-29 17:39:05","81","88","197"
"8586227","42665","1542","167","0.670658","0.107784","3.37125748502994","31","2022-11-29 07:14:50","78","286","11"
"8593414","10382","1541","68","0.617647","0.102941","2.161764705882353","13","2022-09-13 15:18:22","9","8","1"
"8601372","10989","1539","153","0.62745","0.058823","2.065359477124183","19","2022-11-20 13:53:33","96","154","23"
"8601760","43548","1539","100","0.66","0.08","1.72","123","2022-11-14 16:37:06","94","215","81"
"8605685","12747","1539","8","0.5","0.25","0.5","11","2022-08-12 16:39:29","30","28","153"
"8605960","11820","1539","15","0.333333","0.2","2.466666666666667","2","","0","4","0"
"8613630","24311","1537","86","0.511627","0.116279","0.7906976744186046","19","2022-11-29 23:38:56","623","903","191"
"8618350","11470","1536","35","0.571428","0.2","1.4","0","2022-08-03 03:07:53","37","42","0"
"8620333","281844","1536","1033","0.497579","0.196515","2.4898354307841237","758","2022-11-29 21:36:54","446","1000","341"
"8649393","13530","1531","89","0.820224","0.022471","1.7303370786516854","39","2022-11-24 06:31:30","22","67","10"
"8651601","16161","1531","955","0.329842","0.252356","1.2293193717277486","313","2022-11-28 04:34:15","114","104","60"
"8656552","16185","1530","166","0.325301","0.409638","1.4457831325301205","22","2022-11-29 21:05:21","95","134","3"
"8682983","31867","1525","710","0.730985","0.066197","0.6352112676056338","137","2022-11-29 19:59:14","296","184","34"
"8690857","208122","1524","1739","0.585968","0.125934","3.1558366877515813","1109","2022-11-29 19:32:39","1690","4427","2165"
"8697793","55817","1523","216","0.486111","0.268518","1.625","630","2022-06-07 11:02:59","3","2","0"
"8705432","79647","1521","557","0.700179","0.08438","0.770197486535009","1","2022-11-28 22:47:23","193","141","0"
"8708364","71944","1520","1379","0.321247","0.338651","0.8672951414068165","672","2022-05-25 08:42:11","1","42","0"
"8711276","12970","1519","119","0.873949","0.033613","1.6050420168067228","10","2022-11-23 19:58:02","79","159","4"
"8718377","22752","1518","17","0.294117","0.588235","0.47058823529411764","70","","0","1","2"
"8741356","15484","1514","8","0.25","0.75","0.25","0","2022-11-14 22:05:13","6","0","0"
"8798220","20024","1504","96","0.520833","0.15625","4.125","26","2022-07-21 08:07:29","19","54","8"
"8816585","47266","1500","842","0.615201","0.102137","3.4109263657957243","1630","2022-11-29 22:28:18","596","3699","1853"
"8822337","19802","1498","36","0.222222","0.583333","2.1944444444444446","10","2022-11-13 01:50:52","26","36","4"
"8841057","39138","1495","16","0.6875","0.0625","1.1875","15","","0","2","1"
"8858995","14118","1492","100","0.5","0.26","1.58","34","2022-06-24 22:31:26","1","2","3"
"8870196","10315","1490","49","0.632653","0.061224","0.7346938775510204","41","2022-11-10 15:48:03","31","23","25"
"8873508","10119","1489","5","0.8","0","1.6","0","2022-08-26 08:37:07","5","3","14"
"8874958","14744","1489","40","0.025","0.875","1.75","5","2022-06-15 08:46:55","7","39","1"
"8879527","10131","1488","73","0.452054","0.260273","1.0410958904109588","19","2022-09-26 07:53:16","72","45","8"
"8881141","12510","1488","135","0.585185","0.103703","6.229629629629629","548","2022-04-17 17:32:24","83","483","263"
"8891224","14204","1486","49","0.714285","0.020408","0.4897959183673469","0","2022-11-21 07:36:32","75","66","0"
"8893686","10526","1485","50","0.62","0.08","1.1","111","2022-11-29 15:19:54","25","18","115"
"8910547","15782","1482","52","0.5","0.25","3.7115384615384617","151","2022-10-16 17:06:11","6","79","74"
"8950365","21408","1475","60","0.55","0.116666","2.566666666666667","2","2022-11-10 05:51:18","15","30","0"
"8951377","39394","1475","358","0.907821","0.011173","1.2318435754189945","6","2022-11-23 12:46:26","171","150","0"
"8962195","10748","1473","82","0.743902","0.02439","1.6585365853658536","95","2022-11-28 13:08:31","51","104","9"
"8967612","19776","2382","70","0.6","0.171428","8.485714285714286","361","2022-11-25 01:59:48","68","426","201"
"8973620","18260","1471","125","0.08","0.68","0.656","98","2022-11-18 07:56:35","48","54","64"
"8977696","17766","1470","12","0.25","0.5","4","4","2022-11-16 15:33:06","26","28","2"
"8986975","26734","1469","475","0.265263","0.315789","1.0863157894736841","13","2022-11-29 01:30:12","346","231","15"
"8987128","36432","1469","783","0.771392","0.048531","1.9795657726692208","918","2022-11-12 18:07:26","82","202","89"
"9014097","50793","1464","278","0.852517","0.007194","4.089928057553957","78","2022-11-28 14:54:24","222","945","93"
"9019885","30567","1463","315","0.736507","0.098412","0.35873015873015873","0","2022-11-29 18:47:31","203","88","0"
"9067615","25107","1454","292","0.373287","0.369863","0.8253424657534246","770","2022-07-21 19:19:32","11","13","59"
"9071943","14236","1453","200","0.11","0.6","1.525","326","2022-11-23 02:15:16","5","24","13"
"9072753","146712","1453","1215","0.517695","0.185185","2.757201646090535","111","2022-11-28 22:05:00","627","1204","27"
"9078341","14225","1451","178","0.494382","0.207865","9.460674157303371","112","2022-04-18 14:59:59","2","20","1"
"9081267","43486","1451","72","0.402777","0.333333","2.3333333333333335","18","2022-11-02 17:14:12","14","28","1"
"9085273","12320","1450","66","0.757575","0.10606","1.9696969696969697","2","2022-07-03 09:12:05","8","18","1"
"9086770","12537","1449","68","0.632352","0.147058","2.6176470588235294","8","2022-10-14 18:28:58","46","169","4"
"9090751","10941","1449","27","0.666666","0.074074","0.5555555555555556","1","2022-11-23 11:29:42","18","7","2"
"9095551","14443","1448","164","0.786585","0.067073","1.024390243902439","3","2022-11-22 13:31:42","53","68","1"
"9097906","144153","1447","1851","0.562398","0.122636","0.775796866558617","896","2022-11-29 20:48:57","1378","1066","339"
"9098350","15190","1447","293","0.843003","0.027303","1.1877133105802047","98","2022-04-04 08:48:29","8","17","4"
"9119186","32269","1442","13","0.538461","0.230769","3.1538461538461537","8","2022-08-25 12:39:05","11","31","10"
"9132707","16469","1438","173","0.537572","0.150289","2.38728323699422","5","2022-11-26 19:53:48","66","200","1"
"9136348","18603","1437","712","0.272471","0.377808","1.3160112359550562","788","2022-11-18 13:16:41","181","230","42"
"9140740","16327","1435","25","0.28","0.28","4.8","17","2022-03-28 09:45:55","1","3","0"
"9150270","14007","1433","74","0.554054","0.175675","5.445945945945946","4765","2022-11-28 06:00:06","26","210","640"
"9153448","25423","1432","1132","0.25265","0.431095","1.5530035335689045","395","2022-11-27 15:06:54","116","182","51"
"9164010","14972","1428","55","0.472727","0.254545","2.963636363636364","47","2022-11-27 00:21:07","22","65","14"
"9164141","13317","1428","6","0.166666","0.833333","2","3","2022-11-15 13:37:13","12","14","1"
"9167382","13861","1427","411","0.340632","0.279805","1.1824817518248176","158","2022-11-28 13:05:55","77","70","11"
"9170274","14015","1427","211","0.563981","0.061611","1.7440758293838863","238","2022-11-29 22:04:31","166","313","298"
"9177877","14203","1425","143","0.363636","0.321678","4.3076923076923075","101","2022-11-10 15:43:56","44","288","28"
"9186783","10396","1422","114","0.570175","0.105263","0.23684210526315788","0","2022-11-25 07:35:16","52","54","3"
"9187350","20153","1422","10","0.1","0.7","0.8","3","2022-09-22 09:47:10","13","37","2"
"9189799","22461","1710","86","0.511627","0.116279","2.011627906976744","16","2022-10-15 17:34:44","10","28","5"
"9193372","19771","1421","100","0.59","0.18","3.6","1339","2022-11-26 17:55:01","24","101","268"
"9199828","12139","1420","100","0.39","0.23","3.17","57","2022-11-25 13:42:55","161","499","92"
"9200675","23974","1420","31","0.677419","0.193548","0.7096774193548387","13","2022-11-28 21:41:33","72","45","11"
"9203110","11208","1419","72","0.458333","0.222222","2.111111111111111","9","2022-11-03 16:15:27","11","12","0"
"9208887","21311","1418","87","0.413793","0.275862","6.172413793103448","59","2022-11-10 17:09:47","205","843","43"
"9214357","12620","1416","188","0.765957","0.053191","0.574468085106383","345","2022-09-04 11:24:31","29","18","57"
"9215780","17327","1416","281","0.658362","0.092526","2.597864768683274","737","2022-10-20 22:07:31","23","131","164"
"9217760","15650","1415","24","0.666666","0.083333","2.4583333333333335","1","","0","0","0"
"9223839","53316","1414","294","0.506802","0.183673","7.48639455782313","387","2022-11-27 14:57:30","142","1372","277"
"9225671","16615","1414","42","0.666666","0.071428","2.1666666666666665","45","","0","0","0"
"9236994","11175","1412","12","0.25","0.75","1.0833333333333333","1","2022-04-30 15:33:55","6","2","0"
"9238134","10470","1411","268","0.5","0.130597","1.5186567164179106","212","2022-09-22 21:10:40","2","7","2"
"9241978","17461","1411","20","0.7","0.05","16.5","3","2022-11-13 20:54:58","12","53","2"
"9245853","50385","1409","259","0.706563","0.057915","12.845559845559846","1838","2022-11-29 18:32:26","212","1994","1118"
"9248201","16767","1409","23","0.521739","0.304347","0.6086956521739131","0","2022-11-25 09:32:31","27","13","0"
"9264230","21843","1406","169","0.615384","0.071005","0.8994082840236687","26","2022-11-29 15:58:49","371","421","113"
"9274732","29705","1404","165","0.533333","0.145454","1.7636363636363637","6","2022-11-28 22:35:59","61","147","2"
"9284423","22609","1401","126","0.349206","0.309523","1.7380952380952381","38","2022-09-25 18:09:19","5","17","3"
"9297144","63121","1399","38","0","0.815789","0.10526315789473684","59","2022-04-14 08:51:36","6","1","58"
"9305398","26584","1397","91","0.406593","0.153846","1.5274725274725274","29","2022-07-15 08:09:58","9","19","13"
"9332187","18428","1391","476","0.407563","0.254201","1.8214285714285714","180","2022-11-29 20:11:38","65","121","16"
"9349302","18689","1387","173","0.427745","0.271676","1.1445086705202312","0","2022-11-29 14:17:36","123","104","1"
"9375102","23169","1382","231","0.298701","0.290043","3.4718614718614718","89","2022-11-19 09:18:50","52","183","13"
"9381601","14474","1380","54","0.462962","0.222222","14.685185185185185","33","2022-10-28 14:13:21","35","356","37"
"9393102","10648","1378","16","0.6875","0","11.375","4","2022-11-28 11:09:58","24","114","1"
"9401096","45868","1376","179","0.597765","0.067039","5.575418994413408","303","2022-11-29 15:02:16","158","772","442"
"9423231","14349","1371","11","0.545454","0.272727","1.2727272727272727","0","","0","0","0"
"9441404","31536","1367","927","0.682847","0.091693","0.8565264293419633","16","2022-11-20 11:54:35","340","284","6"
"9444073","29492","1366","1446","0.441217","0.148686","2.145228215767635","664","2022-10-19 04:30:10","157","337","94"
"9448090","25030","1366","323","0.622291","0.083591","1.2693498452012384","5","2022-11-28 00:39:22","203","292","5"
"9449426","83231","1365","623","0.454253","0.308186","1.1091492776886036","1385","","0","8","3"
"9450991","15233","1365","158","0.746835","0.031645","2.0632911392405062","2","2022-11-29 10:49:54","122","251","1"
"9455659","42437","1364","338","0.736686","0.035502","0.8165680473372781","28","","0","2","0"
"9462095","20148","1363","114","0.324561","0.333333","1.0614035087719298","14","2022-11-29 17:48:11","153","130","29"
"9463489","17835","1363","73","0.479452","0.205479","0.958904109589041","0","2022-11-29 20:44:21","190","154","3"
"9473764","147457","1360","344","0.392441","0.281976","2.8197674418604652","158","2022-11-02 02:43:37","565","1422","232"
"9473786","11171","1360","11","0.545454","0.363636","5.909090909090909","4","2022-11-29 01:04:17","140","484","20"
"9510729","14048","1353","10","0.6","0.2","4.8","0","","0","0","0"
"9513184","91798","1353","834","0.327338","0.345323","1.014388489208633","327","2022-11-27 17:53:30","184","188","3"
"9515207","373858","1352","2021","0.592281","0.133597","1.050470064324592","101","2022-11-29 04:44:38","1184","1336","63"
"9518890","14620","1352","20","0.6","0.1","0.7","3","","0","0","0"
"9540925","14638","1348","420","0.764285","0.05","1.5023809523809524","19","","0","1","0"
"9558399","15442","1344","5","0.6","0","2.6","1","2022-08-30 14:00:57","8","6","0"
"9576186","71796","1341","332","0.671686","0.13253","1.5","10","2022-11-27 04:41:32","260","441","14"
"9593596","38715","1337","45","0.355555","0.222222","1.2444444444444445","7","2022-03-16 21:36:09","6","7","1"
"9597706","52148","1336","10","0.5","0","5.9","5","2022-11-29 20:20:14","66","393","40"
"9606851","15172","1334","28","0.107142","0.678571","0.32142857142857145","6","2022-11-05 22:41:15","18","26","6"
"9607863","31084","1334","283","0.526501","0.194346","2.4593639575971733","189","2022-09-19 01:03:17","17","80","9"
"9609840","33968","1334","98","0.5","0.153061","0.17346938775510204","283","2022-11-04 07:25:35","44","16","123"
"9632621","12074","1329","64","0.5","0.09375","1.6875","0","2022-11-22 11:07:32","8","13","0"
"9636037","15189","1328","50","0.48","0.28","2.36","178","2022-10-30 12:02:43","73","154","46"
"9640177","19412","1327","49","0.265306","0.408163","0.46938775510204084","27","2022-08-08 04:19:05","3","3","0"
"9656320","14329","1323","66","0.575757","0.151515","1.2727272727272727","173","","0","0","0"
"9657861","26758","1323","190","0.805263","0.015789","1.3894736842105264","187","2022-11-29 07:49:41","504","672","465"
"9661424","37837","1323","254","0.456692","0.177165","4.468503937007874","255","2022-02-03 03:09:15","1","10","1"
"9663070","22992","1322","60","0.633333","0.05","6.9","35","2022-11-29 10:08:36","153","833","58"
"9664796","14241","1322","118","0.771186","0.025423","1.423728813559322","11","2022-11-09 15:50:05","30","49","4"
"9665021","17031","1322","17","0.470588","0.058823","1.588235294117647","47","2022-09-20 23:48:46","55","62","44"
"9666018","15415","1322","254","0.381889","0.255905","0.8149606299212598","11","2022-11-28 14:41:22","219","79","38"
"9690090","11346","1316","113","0.132743","0.539823","1.3805309734513274","21","2022-11-28 20:48:35","96","154","17"
"9695286","12707","1315","90","0.377777","0.3","0.8888888888888888","20","2022-10-17 08:56:16","40","48","12"
"9698684","88744","1315","21","0.523809","0.142857","1.5238095238095237","20","2022-10-26 15:54:55","9","17","3"
"9716597","21008","1311","20","0.4","0.3","3.75","8","","0","4","0"
"9750066","10876","1304","174","0.781609","0.017241","0.8333333333333334","2","2022-09-01 13:01:28","92","105","0"
"9750706","15759","1303","35","0.571428","0.2","1.0571428571428572","2","2022-11-15 17:49:13","30","19","1"
"9758194","76900","1302","510","0.323529","0.341176","2.6509803921568627","360","2022-11-29 14:05:50","415","1015","273"
"9765167","10722","1301","160","0.43125","0.24375","2.2875","29","2022-05-25 18:13:55","18","43","10"
"9769953","12581","1300","83","0.578313","0.192771","14.63855421686747","34","2022-11-19 09:54:40","107","1342","62"
"9773937","31834","1299","283","0.731448","0.070671","2.2614840989399294","21","","0","1","0"
"9787887","10278","1296","19","0.210526","0.315789","2.526315789473684","10","2022-03-28 06:43:03","1","4","0"
"9800042","12295","1294","22","0.5","0.181818","1","2","2022-05-15 18:07:22","2","1","0"
"9814069","56997","1292","885","0.421468","0.18192","1.1322033898305084","23","2022-11-29 16:42:37","886","957","313"
"9816472","13032","1291","50","0.18","0.5","1.56","7","2022-09-30 01:54:32","5","6","1"
"9819146","36592","1290","66","0.30303","0.424242","1.9393939393939394","3","2022-11-22 17:53:08","2","7","2"
"9833314","28317","1287","245","0.722448","0.061224","1.1346938775510205","39","","0","0","0"
"9835872","24942","1287","56","0.482142","0.267857","1.9642857142857142","173","2022-10-23 18:26:37","30","49","21"
"9837301","19280","1287","102","0.323529","0.323529","14.637254901960784","271","2022-11-27 05:41:36","45","810","96"
"9840318","15553","1286","10","0.5","0.3","4.1","2","2022-10-28 20:41:08","9","14","1"
"9840637","75348","1286","460","0.363043","0.306521","2.006521739130435","103","2022-07-14 16:41:29","45","93","11"
"9841389","34690","1286","121","0.801652","0.07438","1.9421487603305785","113","2022-11-28 08:01:12","211","445","196"
"9851608","41321","1284","611","0.515548","0.180032","2.0949263502454993","1279","2022-11-24 23:37:34","86","258","156"
"9857631","23236","1282","717","0.41841","0.244072","1.502092050209205","224","2022-10-11 14:57:44","327","469","154"
"9867451","31782","1952","6","0.166666","0.5","4","7","2022-04-15 15:12:45","1","2","0"
"9875486","10182","1279","19","0","0.842105","0.21052631578947367","0","2022-11-29 08:12:52","59","4","0"
"9898643","62000","1274","767","0.542372","0.113428","2.439374185136897","95","2022-11-29 16:31:38","432","1152","63"
"9901261","10019","1273","347","0.481268","0.187319","1.798270893371758","41","2022-11-18 10:24:08","141","397","6"
"9926721","11986","1268","35","0.4","0.4","1.1714285714285715","54","2022-11-02 13:50:45","158","174","255"
"9938317","29914","1266","203","0.551724","0.137931","8.216748768472906","892","2022-11-28 12:14:47","159","1912","1097"
"9942418","10980","1265","42","0.357142","0.333333","3.142857142857143","54","2022-03-22 14:35:25","1","7","2"
"9952196","54404","1262","418","0.421052","0.267942","4.425837320574162","70","2022-11-29 19:19:40","295","1255","297"
"9957710","42607","1261","292","0.633561","0.085616","1.0171232876712328","18","2022-11-28 00:27:58","179","161","7"
"9959152","40533","1261","125","0.432","0.208","1.544","57","2022-11-18 06:02:27","17","16","11"
"9971404","22887","1258","29","0.517241","0.275862","4.620689655172414","0","2022-11-29 00:34:14","70","309","5"
"9971759","11247","1258","65","0.815384","0.046153","1.323076923076923","4","2022-11-23 12:22:11","72","86","12"
"9978078","15404","1257","14","0.5","0.142857","1.3571428571428572","4","2022-03-05 05:18:42","1","1","2"
"9997212","11579","1252","476","0.5","0.20168","1.4411764705882353","397","2022-10-12 22:34:53","14","9","5"
"10005707","10809","1251","12","0.5","0.166666","3","3","2022-11-24 09:40:04","6","23","1"
"10008173","166209","1251","713","0.626928","0.102384","5.043478260869565","428","2022-11-29 21:17:06","634","3299","534"
"10035985","196106","1244","2085","0.533333","0.172182","0.5328537170263788","372","2022-11-29 21:20:50","1746","897","374"
"10036039","12990","1244","31","0.516129","0.258064","0.25806451612903225","9","2022-06-27 18:08:12","3","2","1"
"10075394","18507","1236","23","0.173913","0.695652","1.173913043478261","20","2022-10-07 08:15:40","4","3","0"
"10106580","21507","1230","9","0.444444","0.222222","3.5555555555555554","9","2022-03-24 16:24:41","1","5","0"
"10112124","15583","1229","49","0.632653","0.10204","0.32653061224489793","0","2022-11-27 08:01:49","94","32","4"
"10118270","18167","1227","132","0.886363","0.015151","2.1515151515151514","4","2022-11-29 21:38:42","54","136","2"
"10128619","32063","1225","69","0.550724","0.246376","2.0579710144927534","5","2022-11-14 06:35:51","22","42","0"
"10133797","19972","1224","9","0.444444","0.222222","5","7","2022-11-01 16:42:09","11","52","3"
"10134209","18967","1224","138","0.471014","0.202898","2.8333333333333335","33","2022-11-14 22:37:39","76","363","23"
"10138734","43412","1223","874","0.575514","0.106407","4.864988558352403","461","2022-11-29 13:22:38","500","3010","238"
"10140124","21748","1223","562","0.314946","0.35943","1.9128113879003559","103","2022-11-25 09:19:32","286","340","27"
"10147399","30637","1221","291","0.343642","0.312714","3.508591065292096","150","2022-11-28 06:54:38","102","262","39"
"10157127","65170","1219","495","0.442424","0.20606","2.2383838383838386","307","2022-11-29 18:50:10","1793","4413","2439"
"10185816","30335","1212","204","0.72549","0.034313","1.6519607843137254","327","","0","4","1"
"10186808","10523","1212","260","0.65","0.103846","1.4884615384615385","14","","0","1","0"
"10188661","37816","1212","5","0","0.6","8.2","8","2022-11-18 17:09:51","5","8","1"
"10189214","25319","1212","17","0.117647","0.647058","0.47058823529411764","0","","0","0","0"
"10189459","12223","1211","272","0.808823","0.036764","1.6654411764705883","14","","0","2","0"
"10195153","15045","1210","110","0.627272","0.054545","4.409090909090909","25","2022-11-26 22:47:21","93","422","30"
"10197418","26186","1210","238","0.588235","0.12605","6.697478991596639","594","2022-11-28 11:52:44","105","756","431"
"10201580","18717","1209","9","0.444444","0.111111","2.7777777777777777","0","2022-07-04 13:21:50","6","13","0"
"10216982","18861","1205","115","0.843478","0.017391","2.217391304347826","3","","0","0","0"
"10221765","44347","1205","10","0.4","0.3","1.6","5","2022-07-15 01:51:45","55","83","74"
"10237506","12129","1201","253","0.29249","0.343873","4.158102766798419","71","2022-11-16 22:10:36","222","779","51"
"10248678","52168","1198","207","0.473429","0.217391","2.632850241545894","2398","2022-11-27 09:55:52","87","66","485"
"10262805","51431","1195","282","0.237588","0.450354","0.5354609929078015","113","2022-11-29 04:54:07","611","396","460"
"10271334","12228","1194","10","0.3","0.3","5.9","3","2022-05-31 10:01:45","2","25","1"
"10289265","21593","1189","184","0.467391","0.211956","1.7228260869565217","72","2022-11-25 05:06:12","59","70","21"
"10308336","14241","1184","130","0.723076","0.023076","1.8","0","2022-11-29 02:11:19","235","374","2"
"10309381","11615","1184","87","0.643678","0.068965","2.6091954022988504","3","2022-11-29 07:19:24","83","254","2"
"10315163","30318","1183","378","0.507936","0.169312","0.9788359788359788","113","2022-11-24 04:52:47","1107","704","678"
"10323798","13347","1181","11","0.363636","0.272727","12.454545454545455","207","2022-08-06 16:13:27","17","123","99"
"10325032","26248","1181","5","0.6","0","1.4","0","","0","1","0"
"10340970","11487","1177","11","0.181818","0.363636","1.4545454545454546","2","","0","0","0"
"10345775","11005","1176","12","0.583333","0.166666","0.6666666666666666","3","2022-11-07 14:38:25","55","45","4"
"10347145","23763","1176","46","0.608695","0.108695","0.6304347826086957","0","2022-11-28 06:45:26","164","96","24"
"10348758","16200","1176","403","0.794044","0.017369","1.6600496277915633","21","2022-11-24 08:14:09","59","65","0"
"10375049","22129","1170","92","0.771739","0.076086","3.0434782608695654","121","2022-06-24 13:36:36","14","21","40"
"10415047","10919","1162","187","0.614973","0.069518","1.0106951871657754","0","2022-11-28 19:52:18","305","362","7"
"10418264","12814","1161","117","0.547008","0.102564","1.8717948717948718","2","2022-11-29 21:10:06","149","314","13"
"10418515","12111","1161","71","0.633802","0.070422","3.9295774647887325","9","2022-11-14 14:03:57","120","352","42"
"10431574","42728","1159","898","0.679287","0.07461","1.6826280623608019","813","2022-11-05 21:19:01","62","116","58"
"10488504","40112","1146","452","0.212389","0.477876","0.8672566371681416","17","2022-10-25 19:55:41","153","140","2"
"10495893","13488","1145","191","0.764397","0.04712","1.612565445026178","11","2022-11-24 16:17:01","154","284","6"
"10498828","164889","1144","1593","0.491525","0.173258","1.4846202134337727","973","2022-11-29 17:31:58","679","1020","623"
"10504796","12718","1142","98","0.785714","0.040816","4.6020408163265305","3","","0","1","0"
"10505040","23214","1142","275","0.792727","0.025454","1.8145454545454545","6","","0","0","0"
"10521739","16685","1139","297","0.858585","0.037037","2.074074074074074","36","","0","0","0"
"10521959","12763","1139","91","0.307692","0.373626","1.5934065934065933","72","2022-11-21 22:23:52","37","96","43"
"10522842","11713","1139","189","0.873015","0.010582","1.9735449735449735","5","2022-04-29 08:12:20","33","61","1"
"10539446","15826","1135","76","0.68421","0.052631","3.0657894736842106","4","2022-08-16 08:13:50","1","2","0"
"10549281","16480","1133","271","0.749077","0.04797","2.5202952029520294","8","","0","0","0"
"10573560","12308","1128","255","0.50196","0.145098","0.8705882352941177","438","2022-11-05 06:38:43","6","2","0"
"10606400","28517","1121","697","0.667144","0.080344","3.337159253945481","5","2022-09-24 04:53:13","4","40","0"
"10608621","16221","1121","21","0.380952","0.285714","1.1428571428571428","7","2022-11-21 12:51:21","259","213","70"
"10611983","16793","1120","23","0.565217","0.130434","2.5217391304347827","3","2022-04-05 01:59:49","9","29","2"
"10612011","19555","1120","267","0.670411","0.06367","3.7677902621722845","131","2022-11-14 13:01:16","144","368","21"
"10620317","10140","1119","24","0.416666","0.166666","1.3333333333333333","0","2022-09-29 08:52:42","3","6","0"
"10622916","10014","1118","68","0.470588","0.264705","12","96","2022-11-25 10:41:53","35","387","56"
"10646316","28433","1113","481","0.596673","0.10395","2.773388773388773","158","2022-11-29 18:43:01","322","1401","271"
"10669010","23045","1108","538","0.193308","0.436802","2.141263940520446","603","2022-11-28 18:20:45","210","746","364"
"10676716","223978","1107","998","0.503006","0.152304","0.5180360721442886","1373","2022-11-18 23:54:31","156","120","362"
"10686048","10187","1105","37","0.486486","0.27027","9.432432432432432","53","2022-11-19 22:34:31","37","330","97"
"10692493","12557","1104","143","0.671328","0.083916","2.804195804195804","50","2022-11-20 04:50:23","44","125","9"
"10693596","16732","1103","265","0.728301","0.056603","1.0339622641509434","84","2022-11-25 05:07:51","259","209","231"
"10696761","10808","1103","19","0.157894","0.631578","0.8947368421052632","0","2022-11-23 23:02:27","11","18","1"
"10698741","28111","1102","114","0.342105","0.377192","0.8245614035087719","74","2022-09-18 08:56:10","14","11","9"
"10722752","11560","1097","299","0.183946","0.481605","0.6923076923076923","12","2022-11-16 03:57:53","49","78","5"
"10746224","16523","1092","29","0.413793","0.206896","1.7586206896551724","22","2022-11-24 18:26:20","4","0","4"
"10768653","15071","1086","227","0.801762","0.044052","1.8854625550660793","0","","0","0","0"
"10770370","22476","1086","200","0.68","0.05","0.885","75","2022-11-27 13:13:11","278","245","75"
"10785975","38542","1083","783","0.288633","0.357598","0.5134099616858238","0","2022-11-29 07:59:11","680","271","0"
"10789207","12042","1082","101","0.762376","0.079207","1.5841584158415842","6","2022-11-29 20:41:55","195","369","14"
"10794031","13352","1081","116","0.732758","0.068965","4.353448275862069","2671","2022-11-27 21:59:53","33","285","2348"
"10819573","81404","1075","1111","0.193519","0.487848","0.9000900090009001","682","2022-11-29 22:31:27","85","80","47"
"10834466","12471","1070","164","0.5","0.152439","5.103658536585366","34","2022-09-09 04:39:50","4","17","0"
"10867454","37691","1061","1113","0.468104","0.196765","2.761006289308176","1","2022-11-29 17:41:54","522","2797","0"
"10871073","52255","1060","400","0.44","0.2475","4.99","2670","2022-11-29 19:46:50","220","1364","1710"
"10871900","17342","1060","143","0.566433","0.167832","7.559440559440559","86","2022-11-17 07:43:26","43","247","546"
"10885684","33404","1057","177","0.38418","0.254237","1.265536723163842","110","2022-11-21 11:31:12","162","186","83"
"10886420","25285","1057","85","0.705882","0.070588","1.188235294117647","17","2022-05-30 15:21:58","17","16","0"
"10907864","29914","1052","125","0.08","0.712","0.328","260","2022-11-21 11:40:08","41","13","5"
"10908375","37004","1052","248","0.709677","0.092741","1.3669354838709677","265","2022-04-28 14:44:03","3","26","14"
"10910450","28702","1051","5","0.6","0","3.6","0","","0","0","0"
"10944219","11049","1044","50","0.42","0.4","0.78","1","2022-08-01 08:20:16","13","11","0"
"10961238","13987","1041","12","0.25","0.333333","1.5","2","","0","6","0"
"10971581","19110","1039","65","0.446153","0.246153","4.415384615384616","2","2022-11-20 02:39:46","125","472","5"
"10982972","11039","1036","80","0.55","0.0625","2.2","4","2022-08-24 18:33:57","51","134","4"
"10987432","10855","1036","195","0.358974","0.353846","1.7897435897435898","13","2022-11-25 21:11:45","55","176","11"
"10990737","15017","1035","49","0.489795","0.224489","2.795918367346939","4","2022-11-09 13:55:13","113","301","1"
"11025476","25301","1028","131","0.557251","0.145038","2.3435114503816794","3","2022-08-31 12:12:45","4","10","0"
"11032044","13936","1026","49","0.489795","0.204081","1.2653061224489797","5","2022-07-19 22:18:14","14","21","2"
"11043825","10839","1023","388","0.523195","0.216494","0.8943298969072165","129","2022-08-05 12:25:31","1","0","2"
"11078857","12799","1016","183","0.595628","0.09836","2.3114754098360657","1","2022-11-08 10:21:45","35","86","1"
"11082165","15024","1015","45","0.533333","0.133333","13.311111111111112","204","2022-07-01 21:29:00","17","243","71"
"11089932","19040","1014","180","0.75","0.083333","2.0944444444444446","389","","0","0","0"
"11099213","15832","1012","290","0.817241","0.031034","1.703448275862069","16","","0","0","0"
"11127383","10942","1007","42","0.047619","0.761904","1.1666666666666667","0","2022-11-03 08:06:52","40","24","0"
"11129751","13095","1006","17","0.352941","0.235294","1.4705882352941178","10","2022-11-29 08:51:54","23","24","14"
"11138259","23554","1005","56","0.625","0.107142","6.482142857142857","94","2022-11-22 15:24:44","23","405","206"
"11147346","13138","1002","44","0.65909","0.045454","1.3409090909090908","0","2022-10-13 14:10:17","21","41","0"
"11148139","14388","1002","132","0.696969","0.090909","3.106060606060606","22","2022-10-04 06:50:04","23","52","7"
"11154841","10040","1001","80","0.1125","0.6","3.7625","86","2022-11-27 06:39:07","68","145","90"
"11162165","47078","1000","12","0.416666","0.166666","2.8333333333333335","96","2022-06-08 04:48:26","44","88","193"
"11178549","46698","996","331","0.326283","0.31722","6.885196374622357","1085","2022-11-29 10:57:55","315","1833","1190"
"11212074","13894","990","26","0.423076","0.384615","0.8076923076923077","1","2022-11-20 12:40:33","27","54","1"
"11225291","27502","987","410","0.682926","0.080487","1.6365853658536584","481","2022-09-02 09:13:55","21","13","15"
"11246056","13710","983","198","0.712121","0.070707","0.8333333333333334","116","2022-11-27 19:21:38","314","202","181"
"11294831","13383","974","122","0.590163","0.14754","9.024590163934427","95","2022-11-25 07:14:33","124","1123","97"
"11299053","15580","973","50","0.22","0.46","6.14","45","2022-09-12 11:23:27","2","47","6"
"11329890","18712","967","584","0.395547","0.229452","0.3904109589041096","127","2022-11-26 20:55:54","87","28","32"
"11344502","20856","964","240","0.704166","0.0875","1.8375","34","2022-11-26 16:01:26","37","80","5"
"11355066","11265","962","45","0.311111","0.422222","2.5555555555555554","6","2022-09-25 22:39:56","8","8","0"
"11355303","12393","962","11","0.90909","0.090909","1.8181818181818181","0","2022-10-31 06:12:11","163","277","12"
"11359076","10277","961","383","0.454308","0.255874","2.10443864229765","598","2022-10-22 14:36:44","10","29","21"
"11372593","76798","958","944","0.666313","0.07733","2.239406779661017","3","2022-11-29 08:28:29","354","1071","0"
"11374827","39153","958","441","0.689342","0.074829","1.7709750566893423","83","2022-11-29 22:06:22","116","230","9"
"11392290","44468","954","1394","0.528694","0.116929","1.663558106169297","365","2022-11-29 22:27:01","874","905","103"
"11398810","37290","952","397","0.720403","0.055415","1.8564231738035264","148","2022-11-28 06:52:31","197","586","135"
"11407695","10497","951","79","0.392405","0.278481","4.139240506329114","1079","2022-07-01 13:39:38","15","45","423"
"11450820","13944","941","275","0.4","0.283636","0.850909090909091","33","2022-11-20 04:51:27","237","181","44"
"11452511","12811","941","40","0.525","0.125","0.975","5","2022-11-28 14:30:08","119","135","13"
"11490347","13097","932","187","0.737967","0.064171","2.1176470588235294","17","2022-11-23 07:29:43","100","215","5"
"11508192","19817","929","197","0.751269","0.060913","0.5786802030456852","2","","0","0","0"
"11527076","17363","925","112","0.482142","0.196428","1.3035714285714286","0","2022-11-29 17:13:31","69","99","0"
"11551468","15513","921","159","0.742138","0.062893","3.069182389937107","42","2022-11-29 08:23:22","47","110","16"
"11560878","14468","918","163","0.644171","0.134969","1.607361963190184","912","","0","0","155"
"11564487","27100","918","129","0.224806","0.379844","0.8914728682170543","0","2022-11-29 12:56:22","690","464","10"
"11565629","35993","917","1024","0.295898","0.266601","0.5849609375","81","","0","0","0"
"11599789","26924","910","288","0.819444","0.03125","1.40625","32","2022-11-28 16:58:10","79","145","2"
"11610186","13482","908","66","0.287878","0.30303","1.2424242424242424","9","2022-11-26 21:25:44","9","9","1"
"11613622","13672","907","95","0.452631","0.326315","4.568421052631579","212","2022-11-21 17:59:02","13","80","29"
"11619647","21252","906","201","0.557213","0.179104","2.5472636815920398","65","2022-11-20 21:55:57","145","447","27"
"11638718","47724","902","139","0.366906","0.251798","2.287769784172662","33","2022-11-27 14:00:05","247","391","224"
"11644308","13783","901","152","0.789473","0.032894","1.3092105263157894","7","2022-10-28 20:00:25","73","109","16"
"11711316","12045","886","99","0.727272","0.060606","1.9292929292929293","6","2022-11-13 13:04:19","5","3","0"
"11714114","11418","886","108","0.583333","0.111111","2.0277777777777777","17","","0","0","0"
"11717458","17966","885","12","0.333333","0.083333","2.75","7","2022-11-03 12:03:49","13","51","7"
"11732320","10093","1606","146","0.486301","0.109589","2.047945205479452","51","2022-11-28 17:29:42","128","291","42"
"11748454","16789","878","361","0.756232","0.074792","3.4598337950138505","91","2022-11-21 16:35:46","95","255","12"
"11810933","22098","864","129","0.534883","0.209302","3.2248062015503876","88","2022-11-25 20:11:24","133","311","119"
"11810946","18907","864","122","0.745901","0.016393","2.8278688524590163","52","2022-11-21 21:37:41","129","544","84"
"11811255","12692","864","43","0.279069","0.302325","3.13953488372093","7","","0","7","0"
"11816733","14199","862","270","0.659259","0.077777","1.4444444444444444","23","","0","0","3"
"11841571","13651","858","46","0.608695","0.021739","1.2173913043478262","27","2022-08-28 03:27:19","3","10","8"
"11850033","11066","855","312","0.708333","0.051282","2.0833333333333335","0","2022-07-11 07:33:41","122","178","0"
"11882186","30921","848","242","0.706611","0.066115","0.987603305785124","1","","0","0","0"
"11884237","31018","848","41","0.439024","0.292682","0.7560975609756098","4","2022-11-27 10:37:44","86","61","15"
"11897007","18427","846","156","0.403846","0.243589","1.2692307692307692","44","2022-11-24 14:50:15","167","203","59"
"11923999","52616","840","294","0.598639","0.122448","1.7619047619047619","6","2022-11-28 04:37:06","117","271","1"
"11936135","13124","837","250","0.736","0.056","1.204","13","2022-11-27 14:41:26","189","257","21"
"11942268","14491","835","58","0.551724","0.172413","2.7758620689655173","68","2022-11-24 08:51:16","51","123","58"
"11956107","16539","832","136","0.580882","0.125","0.47794117647058826","3","2022-11-21 10:26:31","85","78","1"
"11969817","39193","829","428","0.549065","0.126168","1.8060747663551402","0","2022-11-19 01:31:13","472","1103","0"
"11987538","29775","825","329","0.87234","0.018237","0.9422492401215805","1148","2022-11-17 16:45:58","157","131","640"
"11989189","23530","825","375","0.501333","0.157333","0.6293333333333333","222","2022-11-28 20:58:47","416","219","833"
"12002570","50962","822","252","0.400793","0.22619","1.1587301587301588","9","2022-11-29 04:24:50","848","2451","294"
"12010984","11080","820","149","0.697986","0.073825","3.3557046979865772","24","2022-11-16 23:50:24","17","47","4"
"12046409","81670","812","751","0.797603","0.022636","2.2090545938748334","328","2022-11-29 08:29:39","260","941","137"
"12098405","14753","801","22","0.636363","0.136363","0.5454545454545454","2","2022-11-20 17:19:54","29","31","0"
"12101554","13480","800","118","0.415254","0.245762","3.2033898305084745","92","2022-11-29 21:18:04","191","469","98"
"12115778","10336","798","42","0.642857","0.190476","1.4285714285714286","5","2022-10-11 07:28:12","16","28","5"
"12149471","27818","791","209","0.430622","0.248803","6.899521531100478","287","2022-11-29 19:33:46","266","1440","319"
"12158757","106422","789","1902","0.14511","0.507886","0.42797055730809674","481","2022-11-29 09:42:56","509","244","238"
"12188861","11998","783","224","0.459821","0.169642","0.46875","47","2022-02-20 01:40:38","9","7","0"
"12208910","18835","779","177","0.683615","0.107344","0.9887005649717514","199","2022-11-03 21:24:14","3","2","2"
"12257134","10085","770","126","0.666666","0.119047","2.7142857142857144","35","2022-11-24 14:13:06","5","25","1"
"12258459","47196","770","522","0.75862","0.036398","1.1724137931034482","500","2022-09-15 08:53:47","25","18","5"
"12269857","15678","768","89","0.404494","0.30337","0.21348314606741572","55","2022-04-22 01:26:13","5","0","0"
"12299000","51791","762","327","0.403669","0.269113","5.137614678899083","1054","2022-11-25 04:58:46","58","491","59"
"12299030","262871","762","721","0.606102","0.108183","1.5922330097087378","281","2022-08-22 15:34:50","721","1184","358"
"12339804","14610","754","22","0.363636","0.136363","3.272727272727273","1","2022-03-12 12:51:58","1","0","0"
"12342238","39661","753","419","0.596658","0.155131","1.9164677804295942","2","2022-11-29 10:20:46","507","790","4"
"12349734","20774","751","288","0.482638","0.170138","1.2604166666666667","587","2022-11-29 23:02:12","125","246","209"
"12354911","10848","750","48","0.479166","0.270833","4.708333333333333","29","2022-11-25 19:26:20","49","298","31"
"12361700","13169","749","169","0.443786","0.230769","4.366863905325443","0","2022-10-16 23:35:21","48","353","0"
"12366110","14656","748","12","0.666666","0.166666","0.6666666666666666","10","","0","3","0"
"12416453","20751","739","147","0.204081","0.428571","3.4625850340136055","345","2022-06-28 16:06:45","19","123","142"
"12450747","24431","733","300","0.716666","0.063333","1.6533333333333333","44","","0","0","0"
"12475483","12756","728","67","0.537313","0.208955","4.776119402985074","120","2022-10-10 08:23:33","61","420","202"
"12480730","17176","727","106","0.783018","0.028301","3.8962264150943398","36","2022-11-28 19:34:06","44","271","18"
"12483095","29915","726","79","0.253164","0.49367","5.544303797468355","103","2022-10-19 09:45:48","23","128","23"
"12500315","178836","723","380","0.555263","0.173684","1.0421052631578946","47","2022-11-29 23:47:15","1918","1988","243"
"12505251","17063","722","383","0.368146","0.305483","2.569190600522193","406","2022-11-24 23:36:35","92","302","207"
"12550965","10675","714","179","0.620111","0.100558","0.49162011173184356","9","2022-11-29 18:07:36","173","128","25"
"12567365","22712","712","347","0.757925","0.057636","5.743515850144092","464","2022-11-28 01:32:30","143","1047","518"
"12610347","13881","704","21","0.285714","0.47619","3","7","","0","4","0"
"12634230","12273","700","182","0.428571","0.203296","1.8571428571428572","8","2022-11-29 21:20:06","143","488","49"
"12637193","10972","699","16","0.75","0.1875","0.625","0","2022-11-29 03:56:05","97","175","1"
"12647315","10495","697","57","0.736842","0.087719","1.9298245614035088","12","2022-10-18 20:31:36","47","74","20"
"12671057","28163","693","92","0.163043","0.521739","8.5","20","2022-11-27 06:02:01","311","2952","88"
"12685768","11579","691","28","0.464285","0.071428","1.3928571428571428","2","2022-05-06 16:24:20","78","141","15"
"12704593","17337","687","474","0.672995","0.101265","1.6919831223628692","15","2022-11-17 17:10:41","40","96","3"
"12738750","31167","682","270","0.666666","0.107407","4.5814814814814815","36","2022-11-29 17:34:46","123","1496","19"
"12750353","14764","680","228","0.714912","0.070175","0.9736842105263158","16","2022-11-29 18:23:11","177","187","7"
"12756381","11332","679","181","0.513812","0.127071","1.3259668508287292","39","2022-11-29 20:02:02","174","258","49"
"12763954","20110","678","39","0.589743","0.179487","13.333333333333334","370","2022-11-26 09:25:39","53","301","216"
"12806961","19049","671","75","0.253333","0.52","0.4","0","2022-11-28 03:02:31","69","12","0"
"12816049","12063","670","48","0.104166","0.604166","0.3958333333333333","3","2022-11-25 13:46:30","59","2","1"
"12833166","71857","666","656","0.413109","0.277439","1.2378048780487805","184","2022-11-27 12:10:27","449","255","53"
"12848411","16183","664","179","0.486033","0.150837","0.8547486033519553","499","2022-11-29 21:22:47","526","286","38"
"12939557","53520","648","363","0.719008","0.07438","2.633608815426997","359","2022-11-29 00:17:42","557","1739","77"
"12957340","26753","644","390","0.571794","0.174358","1.2179487179487178","36","2022-11-29 22:31:47","264","338","43"
"12993861","131636","638","688","0.729651","0.065406","1.242732558139535","281","2022-11-29 08:35:38","958","1038","550"
"13014172","10565","635","200","0.5","0.195","0.67","20","2022-11-19 02:32:13","63","30","1"
"13045193","22477","629","293","0.600682","0.098976","0.8430034129692833","85","2022-11-29 21:00:25","237","333","66"
"13061224","10247","626","15","0.466666","0.266666","0.2","0","2022-11-19 15:54:01","10","9","0"
"13065781","32787","625","245","0.473469","0.191836","2.2","1","2022-11-29 11:14:32","287","625","4"
"13086128","31124","621","35","0.171428","0.685714","0.9714285714285714","118","2022-11-19 12:57:52","115","107","526"
"13095326","25182","620","255","0.435294","0.196078","1.5490196078431373","372","2022-09-29 22:15:43","16","61","65"
"13107804","35728","617","471","0.721868","0.040339","2.7112526539278132","34","2022-11-28 12:33:41","395","916","45"
"13112018","13714","617","61","0.704918","0.114754","0.9180327868852459","5","2022-11-26 09:44:02","40","58","18"
"13126651","12006","614","137","0.481751","0.175182","3.613138686131387","158","2022-11-17 06:50:17","72","282","53"
"13130697","51310","614","862","0.671693","0.066125","2.1809744779582365","766","2022-11-29 18:41:59","679","1507","1307"
"13131047","15887","614","619","0.751211","0.054927","2.405492730210016","310","2022-11-10 19:52:18","19","94","9"
"13138364","42322","612","527","0.616698","0.151802","1.5142314990512333","698","2022-10-11 17:31:50","101","244","494"
"13161155","21550","609","42","0.523809","0.261904","1.3333333333333333","16","","0","2","0"
"13175138","11135","609","39","0.692307","0.102564","0.9743589743589743","2","2022-11-09 21:51:49","17","24","5"
"13211263","13347","606","162","0.611111","0.080246","1.1481481481481481","176","2022-11-28 07:37:58","366","309","193"
"13250142","17351","602","138","0.681159","0.101449","2.572463768115942","246","2022-10-25 13:45:18","5","26","16"
"13268855","23778","600","213","0.502347","0.164319","5.436619718309859","1338","2022-11-28 11:01:38","199","805","1175"
"13279831","19660","599","652","0.31595","0.32822","0.8450920245398773","192","2022-11-27 09:25:23","79","49","26"
"13308991","10637","595","139","0.47482","0.208633","3","3","2022-11-23 05:08:04","96","193","1"
"13321647","80274","594","1339","0.228528","0.415235","0.7176997759522031","57","2022-11-29 05:15:36","1155","781","39"
"13333279","21493","593","443","0.841986","0.002257","1.2957110609480813","3","2022-11-19 01:50:00","147","182","1"
"13350652","11402","591","235","0.710638","0.051063","1.4127659574468086","0","2022-11-29 19:45:35","194","263","0"
"13363205","10372","589","7","0.142857","0.571428","3.142857142857143","9","2022-05-13 09:47:08","2","5","3"
"13382000","15129","587","210","0.733333","0.066666","8.157142857142857","365","2022-11-15 14:35:00","39","286","48"
"13431819","26150","580","8","0.375","0.25","4.25","0","2022-11-27 02:55:56","107","108","10"
"13434871","13032","580","171","0.514619","0.163742","4.269005847953216","76","2022-11-28 16:01:25","138","1074","73"
"13460602","53061","576","20","0.4","0.25","2.2","2","2022-11-29 16:43:24","986","795","397"
"13460933","35728","576","42","0.547619","0.142857","1.4047619047619047","9","","0","1","0"
"13464279","15317","575","322","0.683229","0.096273","1.0279503105590062","396","2022-11-29 09:41:12","86","60","9"
"13464420","37073","575","324","0.691358","0.07716","1.154320987654321","1","2022-11-29 11:22:32","241","100","2"
"13473525","10492","574","353","0.501416","0.135977","0.4702549575070821","9","2022-10-10 14:11:57","3","0","0"
"13513328","41662","569","405","0.491358","0.180246","1.6024691358024692","461","2022-11-29 09:13:14","224","340","144"
"13525512","12861","567","187","0.502673","0.213903","1.6470588235294117","91","2022-11-25 15:27:48","198","233","15"
"13552470","27776","563","457","0.356673","0.295404","0.7352297592997812","690","2022-11-07 00:23:49","93","145","88"
"13558035","12440","562","514","0.535019","0.138132","1.433852140077821","54","2022-11-26 08:11:32","45","56","1"
"13573444","15226","560","458","0.412663","0.255458","3.2707423580786026","217","2022-09-18 07:46:04","8","83","22"
"13580122","10539","559","231","0.580086","0.177489","1.9567099567099566","8","","0","0","0"
"13583510","10365","559","20","0.7","0.05","3.95","12","2022-11-25 20:40:28","148","820","3"
"13593736","18457","557","517","0.698259","0.079303","1.001934235976789","306","2022-11-29 08:43:28","300","395","242"
"13596037","13199","557","10","0.2","0.5","13","11","2022-08-23 13:19:05","5","39","5"
"13598222","19958","557","228","0.438596","0.219298","1.4517543859649122","6","2022-11-29 16:43:12","473","836","23"
"13680115","15204","544","201","0.432835","0.258706","1.6019900497512438","196","2022-10-28 08:46:21","1","7","0"
"13762301","13055","531","349","0.31232","0.361031","4.401146131805158","368","2022-11-26 23:41:56","139","1519","299"
"13782669","33507","528","199","0.552763","0.201005","0.8894472361809045","76","2022-08-05 09:01:08","6","11","2"
"13808319","12573","524","36","0.472222","0.111111","1.5555555555555556","2","2022-11-23 15:01:14","104","159","8"
"13809001","10343","524","103","0.174757","0.485436","2.2718446601941746","2","2022-11-29 08:35:16","186","280","1"
"13897065","11325","509","269","0.364312","0.27881","1.5650557620817844","43","2022-06-20 12:56:10","34","59","6"
"13899957","18017","509","261","0.425287","0.249042","3.992337164750958","118","2022-08-10 23:52:42","25","190","6"
"13942448","53601","502","231","0.497835","0.194805","3.207792207792208","31","2022-11-20 16:07:17","76","165","26"
"13944524","17156","502","208","0.230769","0.399038","1.0528846153846154","217","2022-11-27 19:17:23","217","279","623"
"13963086","12715","498","75","0.36","0.306666","4.066666666666666","8","2022-11-15 12:59:45","84","366","14"
"13997210","15339","492","343","0.276967","0.338192","1.8921282798833818","94","2022-11-29 09:44:13","253","356","163"
"14072420","13327","479","280","0.371428","0.242857","6.103571428571429","749","2022-11-26 10:46:04","259","1228","487"
"14072498","11602","479","108","0.592592","0.092592","3.2962962962962963","11","2022-11-18 19:44:08","20","68","10"
"14165730","42692","462","1583","0.681617","0.058117","1.153506001263424","2403","","0","2","0"
"14251221","32565","446","1234","0.43517","0.255267","0.8354943273905997","663","2022-10-30 00:27:17","55","83","38"
"14265469","14642","444","442","0.509049","0.133484","1.757918552036199","31","2022-09-18 08:32:22","257","674","18"
"14278448","13867","441","129","0.333333","0.209302","0.6356589147286822","7","2022-11-22 14:42:32","117","48","6"
"14289892","24322","440","988","0.485829","0.19838","1.7125506072874495","768","","0","0","0"
"14305076","14853","437","74","0.486486","0.189189","0.8513513513513513","6","2022-11-29 20:37:04","74","179","1"
"14311263","11434","436","175","0.56","0.131428","2.5142857142857142","241","2022-11-28 09:24:17","232","575","335"
"14314520","22078","435","697","0.09756","0.621233","1.727403156384505","379","2022-11-29 17:37:35","102","238","212"
"14349808","13188","429","241","0.39419","0.248962","2.020746887966805","99","2022-11-29 21:26:09","21","56","11"
"14351818","31736","428","352","0.602272","0.116477","4.338068181818182","761","2022-11-29 06:54:41","17","80","49"
"14389830","20923","422","412","0.453883","0.237864","0.8203883495145631","241","2022-11-07 04:48:36","213","182","238"
"14460824","25367","410","333","0.579579","0.111111","0.7507507507507507","112","2022-11-28 18:14:15","665","415","720"
"14475852","11835","407","133","0.43609","0.210526","4.203007518796992","240","2022-11-17 08:04:08","111","188","94"
"14487032","16392","406","140","0.135714","0.664285","0.7","7","2022-11-16 17:24:12","56","25","1"
"14574199","16808","391","291","0.704467","0.068728","3.2920962199312713","30","2022-11-25 06:15:51","196","596","137"
"14624409","16467","383","245","0.783673","0.020408","1.620408163265306","31","2022-11-23 15:23:06","172","202","15"
"14697693","15318","371","209","0.636363","0.100478","1.167464114832536","6","2022-11-29 09:48:21","118","38","1"
"14704799","15849","370","177","0.604519","0.090395","1.03954802259887","0","2022-11-26 02:20:29","266","198","0"
"14726230","10069","367","158","0.613924","0.082278","2.7974683544303796","0","2022-11-28 17:39:46","108","330","8"
"14732669","15635","365","203","0.763546","0.034482","1.8029556650246306","138","2022-11-27 01:24:15","200","393","345"
"14733292","19482","365","508","0.622047","0.125984","2.061023622047244","83","2022-08-20 13:56:44","25","90","4"
"14807111","17872","354","272","0.169117","0.452205","1.2941176470588236","276","2022-11-12 09:35:20","406","504","174"
"14868997","80847","343","1429","0.404478","0.203638","5.181245626312107","580","2022-11-20 15:08:18","855","4607","688"
"14991864","22410","322","795","0.699371","0.079245","4.079245283018868","192","2022-11-29 15:31:07","31","734","82"
"14994086","25816","322","37","0.351351","0.27027","1.5675675675675675","19","","0","0","4"
"15015675","19778","319","46","0.543478","0.173913","0.5","0","2022-11-29 19:25:26","276","215","18"
"15019380","15422","318","399","0.486215","0.175438","1.0601503759398496","2","2022-08-08 11:30:48","529","846","13"
"15049264","12645","313","315","0.368253","0.250793","1.7682539682539682","154","2022-11-03 06:56:00","23","42","9"
"15070697","23412","310","1044","0.316091","0.272988","1.496168582375479","430","","0","2","0"
"15207568","11476","289","116","0.672413","0.12931","1.4827586206896552","35","2022-11-28 15:10:53","80","147","34"
"15239951","121494","284","1852","0.451403","0.200863","1.2057235421166306","260","2022-08-01 13:06:55","1272","1622","167"
"15261315","38284","281","190","0.368421","0.263157","2.5157894736842104","463","2022-11-29 18:42:39","733","1113","1246"
"15273968","18504","279","195","0.31282","0.328205","1.471794871794872","15","2022-11-10 03:04:06","91","126","32"
"15288641","47685","277","39","0.230769","0.384615","0.20512820512820512","1","2022-11-29 18:38:41","538","625","1941"
"15293191","17044","277","87","0.517241","0.080459","0.8620689655172413","106","2022-11-29 22:52:39","548","256","216"
"15332650","32755","271","792","0.344696","0.27904","2.6994949494949494","166","2022-11-29 17:34:53","611","2161","403"
"15339544","67194","270","375","0.602666","0.106666","3.6533333333333333","169","2022-11-29 23:31:18","670","2157","276"
"15438033","14989","255","791","0.355246","0.276864","0.5398230088495575","84","","0","0","0"
"15497888","35851","247","1227","0.484922","0.186634","2.1426242868785654","2055","2022-10-27 02:13:14","26","239","1331"
"15602349","12464","233","32","0.34375","0.3125","2.6875","2","2022-11-22 13:14:57","80","35","1"
"15649230","23173","229","6","0.833333","0.166666","1.5","0","2022-11-29 22:50:16","234","534","22"
"15969299","11671","195","245","0.779591","0.085714","1.583673469387755","34","2022-10-07 05:42:13","43","45","18"
"15997509","11363","192","149","0.818791","0.026845","0.44966442953020136","10","2022-11-29 12:28:31","373","103","46"
"16002199","15459","192","528","0.568181","0.128787","2.7613636363636362","179","2022-10-11 05:09:37","40","121","19"
"16118686","11294","386","434","0.721198","0.055299","1.6175115207373272","93","2022-06-21 10:06:07","95","228","11"
"16343464","267603","154","1836","0.41013","0.257625","1.4172113289760349","515","2022-11-29 20:37:08","5147","7284","1074"
"16372109","11397","150","97","0.175257","0.494845","0.4329896907216495","57","2022-11-29 17:48:44","385","240","78"
"16462950","18340","137","74","0.702702","0.081081","1.2162162162162162","2","2022-11-29 19:28:23","364","824","39"
"16466946","10295","136","22","0.363636","0.272727","0.8636363636363636","0","2022-11-27 16:21:23","29","175","2"
"16496357","10979","132","79","0.468354","0.189873","1.379746835443038","80","2022-11-28 18:58:14","394","534","631"
"16572295","17690","121","651","0.615975","0.124423","1.685099846390169","564","2022-10-19 14:32:45","20","42","16"
"16578424","13513","120","115","0.504347","0.217391","3.5130434782608697","23","2022-11-29 12:48:51","299","772","284"
"16649550","14250","110","263","0.266159","0.319391","2.844106463878327","5","2022-11-24 10:12:11","106","1098","7"
"16729175","15163","99","461","0.464208","0.203904","0.8590021691973969","92","2022-11-25 07:49:28","154","107","26"
"16759116","10903","96","171","0.187134","0.578947","5.204678362573099","23","2022-11-04 18:22:22","1","0","0"